hour,mu0,ground_k,air_k,air_300m_k,column_mean_k,sensible_w_m2,latent_w_m2,sw_ground_w_m2,lw_down_w_m2,olr_w_m2,mixed_layer_m,rh_ground,dew_kg_m2,condensed_kg_m2
0.25,0.999998,300.433,298.426,297.936,239.911,149.675,344.924,645.428,413.699,225.174,12021.5,0.405123,0,0
0.75,0.999978,300.455,298.448,297.958,239.913,149.304,344.553,645.412,413.699,225.174,12021.5,0.40646,0,0
1.25,0.999939,300.478,298.471,297.981,239.916,149.274,344.326,645.38,413.699,225.174,12021.5,0.407791,0,0
1.75,0.99988,300.5,298.493,298.003,239.918,149.27,344.11,645.332,413.699,225.174,12021.5,0.409117,0,0
2.25,0.999801,300.528,298.516,298.026,239.92,149.68,344.053,645.269,414.682,225.133,12021.5,0.41044,0,0
2.75,0.999703,300.551,298.538,298.048,239.922,149.725,343.857,645.189,414.682,225.133,12021.5,0.411757,0,0
3.25,0.999585,300.573,298.561,298.071,239.924,149.73,343.644,645.094,414.682,225.133,12021.5,0.413068,0,0
3.75,0.999447,300.596,298.583,298.093,239.927,149.724,343.428,644.983,414.682,225.133,12021.5,0.414374,0,0
4.25,0.99929,300.623,298.605,298.115,239.929,150.101,343.372,644.855,415.653,225.119,12021.5,0.415675,0,0
4.75,0.999113,300.645,298.627,298.137,239.931,150.126,343.17,644.712,415.653,225.119,12021.5,0.416971,0,0
5.25,0.998917,300.667,298.649,298.159,239.933,150.107,342.951,644.553,415.653,225.119,12021.5,0.418261,0,0
5.75,0.998701,300.689,298.671,298.181,239.935,150.076,342.726,644.379,415.653,225.119,12021.5,0.419547,0,0
6.25,0.998465,300.716,298.691,298.201,239.966,150.423,342.66,644.188,416.612,225.105,12021.5,0.412084,0,0.939254
6.75,0.99821,300.712,298.713,298.222,239.977,148.686,345.917,643.981,416.612,225.105,12021.5,0.413403,0,0.298103
7.25,0.997935,300.732,298.734,298.244,239.979,148.431,345.572,643.759,416.612,225.105,12021.5,0.414722,0,0
7.75,0.997641,300.753,298.756,298.265,239.981,148.339,345.297,643.521,416.612,225.105,12021.5,0.416035,0,0
8.25,0.997327,300.774,298.777,298.286,239.983,148.309,345.04,643.266,416.713,225.292,12021.5,0.417343,0,0
8.75,0.996993,300.795,298.798,298.308,239.985,148.236,344.772,642.996,416.713,225.292,12021.5,0.418646,0,0
9.25,0.99664,300.815,298.819,298.329,239.987,148.157,344.502,642.711,416.713,225.292,12021.5,0.419945,0,0
9.75,0.996267,300.835,298.841,298.35,239.989,148.072,344.23,642.409,416.713,225.292,12021.5,0.421238,0,0
10.25,0.995874,300.86,298.862,298.371,239.991,148.361,344.114,642.091,417.655,225.27,12021.5,0.422527,0,0
10.75,0.995462,300.88,298.883,298.392,239.993,148.309,343.855,641.758,417.655,225.27,15273.4,0.42381,0,0
11.25,0.995031,300.9,298.904,298.413,239.994,148.215,343.578,641.409,417.655,225.27,15273.4,0.425089,0,0
11.75,0.994579,300.92,298.925,298.434,239.996,148.11,343.297,641.044,417.655,225.27,15273.4,0.426364,0,0
12.25,0.994109,300.945,298.945,298.454,240.013,148.369,343.169,640.663,418.584,225.249,15273.4,0.401631,0,0.473901
12.75,0.993619,300.892,298.965,298.474,240.07,142.88,353.412,640.266,418.584,225.249,9270.94,0.402948,0,1.80295
13.25,0.993109,300.908,298.984,298.493,240.077,142.177,352.797,639.854,418.584,225.249,9270.94,0.40435,0,0.188774
13.75,0.99258,300.925,299.003,298.513,240.078,141.957,352.384,639.425,418.584,225.249,9270.94,0.405747,0,0
14.25,0.992031,300.939,299.023,298.532,240.08,141.537,351.869,638.981,417.908,225.527,9270.94,0.407136,0,0
14.75,0.991463,300.957,299.042,298.551,240.081,141.355,351.475,638.522,417.908,225.527,9270.94,0.40852,0,0
15.25,0.990875,300.974,299.061,298.57,240.082,141.205,351.093,638.046,417.908,225.527,9270.94,0.409899,0,0
15.75,0.990268,300.992,299.08,298.589,240.084,141.058,350.714,637.555,417.908,225.527,9270.94,0.411272,0,0
16.25,0.989641,301.014,299.099,298.608,240.085,141.28,350.489,637.048,418.822,225.488,9270.94,0.412642,0,0
16.75,0.988995,301.031,299.118,298.627,240.086,141.173,350.125,636.525,418.822,225.488,12021.5,0.414006,0,0
17.25,0.988329,301.048,299.129,298.638,240.098,141.028,349.745,635.987,418.822,225.488,12021.5,0.398606,0,0.339836
17.75,0.987644,301.013,299.147,298.656,240.099,137.566,356.107,635.432,418.822,225.488,12021.5,0.400043,0,0
18.25,0.98694,301.03,299.165,298.674,240.101,137.213,355.578,634.862,419.411,225.267,12021.5,0.401472,0,0
18.75,0.986216,301.046,299.183,298.692,240.102,136.991,355.124,634.277,419.411,225.267,12021.5,0.402895,0,0
19.25,0.985473,301.062,299.202,298.71,240.103,136.79,354.679,633.675,419.411,225.267,12021.5,0.404314,0,0
19.75,0.984711,301.078,299.22,298.728,240.104,136.599,354.238,633.059,419.411,225.267,12021.5,0.405727,0,0.00335748
20.25,0.983929,301.098,299.237,298.746,240.106,136.766,353.95,632.426,420.297,225.223,12021.5,0.407136,0,0.00776273
20.75,0.983128,301.114,299.255,298.764,240.107,136.618,353.526,631.778,420.297,225.223,15273.4,0.408541,0,0.00467384
21.25,0.982307,301.13,299.272,298.78,240.127,136.434,353.086,631.114,420.297,225.223,15273.4,0.404711,0,0.618278
21.75,0.981467,301.129,299.289,298.798,240.128,135.174,354.768,630.434,420.297,225.223,15273.4,0.406128,0,0.00530236
22.25,0.980608,301.147,299.306,298.815,240.129,135.09,354.35,629.739,420.896,225.316,15273.4,0.407544,0,0.00625476
22.75,0.97973,301.162,299.324,298.832,240.13,134.89,353.888,629.028,420.896,225.316,15273.4,0.408955,0,0.00557368
23.25,0.978832,301.177,299.341,298.85,240.132,134.678,353.418,628.302,420.896,225.316,15273.4,0.410361,0,0.00602925
23.75,0.977916,301.191,299.358,298.867,240.133,134.461,352.947,627.56,420.896,225.316,15273.4,0.411762,0,0.00569453
24.25,0.97698,301.21,299.375,298.884,240.134,134.583,352.621,626.803,421.748,225.276,15273.4,0.41316,0,0.0059058
24.75,0.976024,301.225,299.392,298.9,240.135,134.398,352.162,626.03,421.748,225.276,15273.4,0.414552,0,0.0057415
25.25,0.97505,301.239,299.409,298.917,240.136,134.175,351.685,625.242,421.748,225.276,15273.4,0.41594,0,0.00583835
25.75,0.974056,301.253,299.425,298.934,240.137,133.942,351.204,624.438,421.748,225.276,15273.4,0.417323,0,0.00575404
26.25,0.973044,301.271,299.442,298.95,240.138,134.038,350.864,623.618,422.585,225.235,15273.4,0.418702,0,0.0057921
26.75,0.972012,301.285,299.458,298.967,240.139,133.831,350.392,622.783,422.585,225.235,15273.4,0.420077,0,0.00574909
27.25,0.970961,301.298,299.475,298.983,240.14,133.585,349.902,621.933,422.585,225.235,15273.4,0.421448,0,0.00576254
27.75,0.969891,301.311,299.491,298.999,240.141,133.33,349.408,621.067,422.585,225.235,15273.4,0.422813,0,0.00573704
28.25,0.968802,301.329,299.506,299.015,240.176,133.388,349.047,620.186,423.385,225.2,7026.68,0.415129,0,1.09078
28.75,0.967694,301.315,299.522,299.03,240.176,131.248,352.292,619.29,423.385,225.2,15273.4,0.416523,0,0.00572049
29.25,0.966567,301.327,299.538,299.046,240.177,130.766,351.663,618.378,423.385,225.2,15273.4,0.417924,0,0.0057146
29.75,0.965421,301.338,299.553,299.061,240.178,130.453,351.11,617.45,423.385,225.2,15273.4,0.419321,0,0.00570337
30.25,0.964255,301.35,299.568,299.076,240.179,130.175,350.56,616.508,423.408,225.215,15273.4,0.420712,0,0.00618508
30.75,0.963071,301.362,299.583,299.092,240.179,129.879,350.013,615.55,423.408,225.215,15273.4,0.4221,0,0.00583541
31.25,0.961869,301.374,299.598,299.107,240.18,129.582,349.464,614.576,423.408,225.215,15273.4,0.423483,0,0.00606126
31.75,0.960647,301.385,299.613,299.122,240.181,129.281,348.911,613.588,423.408,225.215,15273.4,0.424862,0,0.0058892
32.25,0.959406,301.4,299.628,299.136,240.182,129.293,348.493,612.584,424.195,225.167,15273.4,0.426238,0,0.00598656
32.75,0.958146,301.411,299.643,299.151,240.182,129.019,347.95,611.564,424.195,225.167,15273.4,0.42761,0,0.00590385
33.25,0.956868,301.422,299.658,299.166,240.183,128.711,347.391,610.53,424.195,225.167,15273.4,0.428977,0,0.00594578
33.75,0.955571,301.433,299.672,299.18,240.184,128.393,346.826,609.48,424.195,225.167,15273.4,0.430341,0,0.00590182
34.25,0.954255,301.448,299.686,299.195,240.184,128.378,346.391,608.416,424.965,225.119,15273.4,0.431701,0,0.00591144
34.75,0.95292,301.458,299.701,299.209,240.185,128.083,345.834,607.336,424.965,225.119,15273.4,0.433058,0,0.00589023
35.25,0.951567,301.468,299.715,299.223,240.186,127.753,345.259,606.241,424.965,225.119,15273.4,0.434411,0,0.0058905
35.75,0.950195,301.478,299.724,299.232,240.206,127.413,344.679,605.13,424.965,225.119,15273.4,0.405626,0,0.653697
36.25,0.948804,301.398,299.738,299.246,240.262,120.748,356.627,604.005,425.076,224.82,9270.94,0.407094,0,1.80219
36.75,0.947394,301.404,299.751,299.259,240.316,119.648,355.62,602.865,425.076,224.82,12021.5,0.40857,0,1.77286
37.25,0.945966,301.411,299.763,299.271,240.369,119.156,354.892,601.709,425.076,224.82,12021.5,0.410041,0,1.70999
37.75,0.94452,301.419,299.776,299.284,240.421,118.741,354.197,600.539,425.076,224.82,12021.5,0.411508,0,1.49304
38.25,0.943054,301.42,299.788,299.296,240.42,117.953,353.293,599.353,423.975,226.928,12021.5,0.412995,0,0.018663
38.75,0.941571,301.427,299.799,299.307,240.42,117.547,352.567,598.152,423.975,226.928,12021.5,0.414477,0,0
39.25,0.940068,301.434,299.811,299.318,240.419,117.183,351.86,596.937,423.975,226.928,12021.5,0.415954,0,0
39.75,0.938548,301.441,299.822,299.33,240.418,116.825,351.154,595.707,423.975,226.928,12021.5,0.417428,0,0
40.25,0.937009,301.452,299.829,299.337,240.431,116.786,350.586,594.461,424.766,226.874,12021.5,0.401169,0,0.438933
40.75,0.935451,301.404,299.839,299.347,240.43,112.74,357.261,593.201,424.766,226.874,12021.5,0.402713,0,0
41.25,0.933875,301.408,299.849,299.357,240.429,111.943,356.289,591.926,424.766,226.874,12021.5,0.404259,0,0
41.75,0.932281,301.413,299.859,299.367,240.428,111.509,355.488,590.636,424.766,226.874,12021.5,0.405802,0,0
42.25,0.930668,301.42,299.869,299.377,240.427,111.231,354.749,589.331,425.034,226.642,12021.5,0.407332,0,0
42.75,0.929037,301.425,299.879,299.387,240.425,110.856,353.984,588.011,425.034,226.642,12021.5,0.408858,0,0
43.25,0.927388,301.43,299.889,299.397,240.424,110.477,353.215,586.677,425.034,226.642,12021.5,0.410379,0,0
43.75,0.925721,301.435,299.899,299.407,240.423,110.097,352.446,585.328,425.034,226.642,12021.5,0.411895,0,0
44.25,0.924035,301.444,299.909,299.416,240.422,109.989,351.794,583.964,425.712,226.544,12021.5,0.413409,0,0
44.75,0.922331,301.449,299.918,299.426,240.421,109.638,351.034,582.585,425.712,226.544,12021.5,0.414919,0,0
45.25,0.92061,301.453,299.927,299.435,240.42,109.257,350.26,581.192,425.712,226.544,12021.5,0.416424,0,0
45.75,0.91887,301.458,299.937,299.444,240.419,108.877,349.485,579.805,425.712,226.544,12021.5,0.417925,0,0
46.25,0.917112,301.466,299.939,299.446,240.447,108.761,348.825,578.416,426.369,226.447,12021.5,0.412419,0,0.964777
46.75,0.915336,301.444,299.947,299.455,240.455,107.076,350.941,577.012,426.369,226.447,12021.5,0.413943,0,0.279163
47.25,0.913542,301.447,299.956,299.463,240.453,106.479,350.037,575.594,426.369,226.447,12021.5,0.415466,0,0
47.75,0.91173,301.45,299.964,299.472,240.452,106.051,349.213,574.161,426.369,226.447,12021.5,0.416985,0,0
48.25,0.9099,301.453,299.972,299.48,240.45,105.655,348.395,572.715,426.387,226.494,12021.5,0.418499,0,0
48.75,0.908052,301.456,299.981,299.488,240.449,105.246,347.578,571.254,426.387,226.494,12021.5,0.420009,0,0
49.25,0.906187,301.459,299.989,299.496,240.448,104.836,346.761,569.78,426.387,226.494,12021.5,0.421515,0,0
49.75,0.904303,301.462,299.996,299.504,240.446,104.424,345.94,568.291,426.387,226.494,12021.5,0.423017,0,0
50.25,0.902402,301.468,300.004,299.512,240.445,104.266,345.231,566.788,427.028,226.382,15273.4,0.424516,0,0
50.75,0.900483,301.471,300.012,299.519,240.443,103.877,344.419,565.271,427.028,226.382,15273.4,0.426012,0,0
51.25,0.898547,301.473,300.019,299.527,240.442,103.459,343.592,563.74,427.028,226.382,15273.4,0.427503,0,0
51.75,0.896592,301.475,300.027,299.534,240.44,103.033,342.76,562.195,427.028,226.382,15273.4,0.428991,0,0.00237536
52.25,0.89462,301.48,300.034,299.541,240.44,102.845,342.032,560.637,427.632,226.277,15273.4,0.430477,0,0.023124
52.75,0.892631,301.482,300.041,299.548,240.438,102.437,341.205,559.064,427.632,226.277,15273.4,0.431959,0,0.0040498
53.25,0.890624,301.483,300.048,299.555,240.437,102,340.364,557.478,427.632,226.277,15273.4,0.433437,0,0.0214934
53.75,0.8886,301.484,300.055,299.562,240.436,101.556,339.518,555.877,427.632,226.277,15273.4,0.434911,0,0.00547175
54.25,0.886558,301.488,300.061,299.569,240.435,101.333,338.767,554.263,428.197,226.193,15273.4,0.436384,0,0.0200598
54.75,0.884498,301.489,300.068,299.575,240.434,100.904,337.925,552.635,428.197,226.193,15273.4,0.437853,0,0.00667176
55.25,0.882422,301.49,300.067,299.574,240.461,100.448,337.068,550.994,428.197,226.193,15273.4,0.411884,0,0.958877
55.75,0.880328,301.402,300.072,299.579,240.513,94.2276,347.665,549.338,428.197,226.193,9270.94,0.413463,0,1.73653
56.25,0.878216,301.394,300.077,299.584,240.524,92.7695,346.218,547.669,427.451,226.559,9270.94,0.415038,0,0.440561
56.75,0.876088,301.392,300.082,299.589,240.522,92.1299,345.192,545.987,427.451,226.559,9270.94,0.416611,0,0
57.25,0.873942,301.39,300.086,299.594,240.52,91.5951,344.214,544.29,427.451,226.559,9270.94,0.41818,0,0
57.75,0.871779,301.388,300.091,299.598,240.517,91.0903,343.249,542.581,427.451,226.559,9270.94,0.419745,0,0
58.25,0.869599,301.387,300.095,299.603,240.515,90.6618,342.307,540.857,427.584,226.449,9270.94,0.421314,0,0
58.75,0.867401,301.385,300.099,299.607,240.513,90.1888,341.345,539.12,427.584,226.449,9270.94,0.422879,0,0
59.25,0.865187,301.383,300.103,299.61,240.511,89.7114,340.379,537.37,427.584,226.449,9270.94,0.424441,0,0
59.75,0.862956,301.38,300.107,299.614,240.508,89.2321,339.412,535.606,427.584,226.449,9270.94,0.425999,0,0
60.25,0.860708,301.381,300.11,299.618,240.506,88.9691,338.539,533.829,428.124,226.319,9270.94,0.427555,0,0
60.75,0.858443,301.378,300.114,299.621,240.504,88.5108,337.579,532.038,428.124,226.319,9270.94,0.429108,0,0
61.25,0.856161,301.375,300.117,299.624,240.501,88.0287,336.606,530.235,428.124,226.319,9270.94,0.430657,0,0
61.75,0.853862,301.372,300.12,299.627,240.499,87.5399,335.628,528.417,428.124,226.319,12021.5,0.432202,0,0
62.25,0.851546,301.372,300.123,299.63,240.497,87.2484,334.737,526.587,428.624,226.195,12021.5,0.433745,0,0
62.75,0.849214,301.368,300.126,299.633,240.494,86.7742,333.764,524.743,428.624,226.195,12021.5,0.435285,0,0
63.25,0.846865,301.364,300.129,299.636,240.492,86.2766,332.777,522.886,428.624,226.195,12021.5,0.436822,0,0
63.75,0.844499,301.36,300.131,299.638,240.49,85.7714,331.787,521.016,428.624,226.195,12021.5,0.438355,0,0.0145228
64.25,0.842117,301.359,300.133,299.641,240.487,85.453,330.877,519.133,429.099,226.307,12021.5,0.439887,0,0
64.75,0.839718,301.355,300.135,299.642,240.525,84.9605,329.889,517.237,429.099,226.307,7026.68,0.41967,0,1.30902
65.25,0.837303,301.282,300.136,299.643,240.522,79.7647,337.986,515.328,429.099,226.307,12021.5,0.421263,0,0.00146284
65.75,0.834871,301.274,300.137,299.644,240.52,78.7085,336.638,513.405,429.099,226.307,12021.5,0.42288,0,0.0165676
66.25,0.832423,301.265,300.138,299.645,240.518,77.952,335.438,511.47,428.711,226.071,12021.5,0.424485,0,0.0058549
66.75,0.829959,301.259,300.139,299.646,240.515,77.3619,334.337,509.522,428.711,226.071,12021.5,0.426086,0,0.0137747
67.25,0.827478,301.253,300.139,299.647,240.513,76.8072,333.253,507.561,428.711,226.071,12021.5,0.427684,0,0.00788028
67.75,0.824981,301.246,300.14,299.647,240.51,76.2622,332.172,505.587,428.711,226.071,12021.5,0.429279,0,0.0122226
68.25,0.822467,301.242,300.14,299.648,240.508,75.896,331.169,503.6,429.14,225.948,12021.5,0.430872,0,0.00897694
68.75,0.819938,301.235,300.14,299.648,240.505,75.3761,330.097,501.601,429.14,225.948,12021.5,0.432462,0,0.0113548
69.25,0.817392,301.228,300.141,299.648,240.502,74.8387,329.015,499.589,429.14,225.948,12021.5,0.434049,0,0.00957278
69.75,0.814831,301.221,300.14,299.648,240.5,74.2965,327.929,497.564,429.14,225.948,12021.5,0.435632,0,0.0108667
70.25,0.812253,301.216,300.14,299.648,240.497,73.9121,326.913,495.526,429.536,225.829,12021.5,0.437214,0,0.0098805
70.75,0.80966,301.209,300.14,299.647,240.495,73.3823,325.83,493.476,429.536,225.829,12021.5,0.438793,0,0.0105857
71.25,0.80705,301.201,300.139,299.647,240.492,72.8336,324.737,491.413,429.536,225.829,12021.5,0.440369,0,0.0100427
71.75,0.804425,301.193,300.139,299.646,240.489,72.2785,323.639,489.338,429.536,225.829,12021.5,0.441942,0,0.0104208
72.25,0.801784,301.187,300.138,299.645,240.487,71.8707,322.606,487.25,429.909,225.71,12021.5,0.443513,0,0.0101127
72.75,0.799127,301.178,300.137,299.644,240.484,71.3355,321.514,485.177,429.909,225.71,12021.5,0.445082,0,0.010318
73.25,0.796454,301.17,300.135,299.643,240.481,70.8049,320.424,483.147,429.909,225.71,12021.5,0.446648,0,0.0101462
73.75,0.793766,301.162,300.134,299.641,240.478,70.2707,319.33,481.105,429.909,225.71,12021.5,0.448211,0,0.0102522
74.25,0.791062,301.155,300.132,299.64,240.476,69.8747,318.297,479.051,430.257,225.59,12021.5,0.449772,0,0.0101469
74.75,0.788343,301.147,300.131,299.638,240.473,69.3494,317.205,476.986,430.257,225.59,12021.5,0.451331,0,0.0102042
75.25,0.785608,301.138,300.129,299.636,240.47,68.8066,316.103,474.908,430.257,225.59,12021.5,0.452887,0,0.0104004
75.75,0.782857,301.128,300.127,299.634,240.468,68.2574,314.997,472.819,430.257,225.59,12021.5,0.45444,0,0.037142
76.25,0.780092,301.121,300.125,299.632,240.465,67.834,313.946,470.719,430.576,225.48,12021.5,0.455993,0,0.0123825
76.75,0.777311,301.111,300.123,299.63,240.463,67.2915,312.84,468.606,430.576,225.48,12021.5,0.457542,0,0.0351409
77.25,0.774514,301.101,300.12,299.627,240.46,66.7323,311.724,466.482,430.576,225.48,12021.5,0.459089,0,0.0141229
77.75,0.771703,301.091,300.117,299.625,240.458,66.1668,310.604,464.347,430.576,225.48,12021.5,0.460634,0,0.0334104
78.25,0.768876,301.082,300.115,299.622,240.455,65.7157,309.533,462.2,430.865,225.379,12021.5,0.462178,0,0.0155716
78.75,0.766034,301.072,300.112,299.619,240.453,65.1556,308.413,460.041,430.865,225.379,12021.5,0.463719,0,0.0319103
79.25,0.763178,301.061,300.109,299.616,240.45,64.5799,307.283,457.871,430.865,225.379,12021.5,0.465258,0,0.016847
79.75,0.760306,301.05,300.105,299.613,240.448,63.9981,306.149,455.69,430.865,225.379,12021.5,0.466795,0,0.0306186
80.25,0.757419,301.04,300.102,299.609,240.447,63.5217,305.06,453.497,431.132,225.277,15273.4,0.468331,0,0.0734416
80.75,0.754517,301.029,300.108,299.615,240.445,62.9443,303.925,451.293,431.132,225.277,15273.4,0.470051,0,0.0295019
81.25,0.751601,301.025,300.111,299.618,240.446,62.1574,302.744,449.078,431.132,225.277,15273.4,0.47058,0,0.156704
81.75,0.74867,301.015,300.116,299.624,240.443,61.2513,302.075,446.852,431.132,225.277,15273.4,0.472299,0,0.0285442
82.25,0.745724,301.013,300.122,299.629,240.441,60.622,300.951,444.614,431.434,225.061,15273.4,0.474016,0,0.0203053
82.75,0.742763,301.008,300.12,299.628,240.504,59.9214,299.802,442.365,431.434,225.061,7026.68,0.437437,0,2.17962
83.25,0.739788,300.878,300.114,299.621,240.631,51.2185,314.415,440.106,431.434,225.061,7026.68,0.439087,0,4.24585
83.75,0.736798,300.859,300.107,299.615,240.626,49.7415,312.586,437.835,431.434,225.061,12021.5,0.440761,0,0.0388371
84.25,0.733794,300.829,300.1,299.608,240.622,48.1137,310.754,435.553,429.109,226.312,12021.5,0.442442,0,0
84.75,0.730775,300.813,300.093,299.6,240.617,47.3482,309.377,433.26,429.109,226.312,12021.5,0.44412,0,0.00109295
85.25,0.727742,300.797,300.085,299.593,240.613,46.7071,308.063,430.956,429.109,226.312,12021.5,0.445796,0,0.0113214
85.75,0.724695,300.781,300.078,299.585,240.609,46.0932,306.762,428.642,429.109,226.312,12021.5,0.44747,0,0.00528911
86.25,0.721633,300.766,300.07,299.577,240.604,45.5949,305.506,426.316,429.347,226.136,12021.5,0.449143,0,0.00883657
86.75,0.718558,300.75,300.062,299.569,240.6,45.0109,304.217,423.98,429.347,226.136,12021.5,0.450813,0,0.00674175
87.25,0.715468,300.734,300.054,299.561,240.595,44.4196,302.924,421.633,429.347,226.136,12021.5,0.45248,0,0.00796664
87.75,0.712364,300.717,300.045,299.553,240.591,43.8267,301.63,419.276,429.347,226.136,12021.5,0.454145,0,0.00723948
88.25,0.709246,300.702,300.037,299.544,240.586,43.3208,300.371,416.907,429.557,225.97,12021.5,0.455809,0,0.00766328
88.75,0.706114,300.685,300.028,299.536,240.582,42.7355,299.079,414.529,429.557,225.97,12021.5,0.457471,0,0.00740756
89.25,0.702968,300.668,300.019,299.527,240.577,42.1391,297.78,412.139,429.557,225.97,12021.5,0.45913,0,0.00755099
89.75,0.699809,300.651,300.01,299.518,240.573,41.5384,296.479,409.739,429.557,225.97,12021.5,0.460786,0,0.00746028
90.25,0.696636,300.634,300.001,299.509,240.568,41.0088,295.206,407.329,429.731,225.809,12021.5,0.462443,0,0.00751016
90.75,0.693449,300.617,299.992,299.5,240.564,40.4106,293.904,404.908,429.731,225.809,12021.5,0.464096,0,0.00747461
91.25,0.690248,300.599,299.982,299.49,240.559,39.8018,292.596,402.477,429.731,225.809,12021.5,0.465747,0,0.00748925
91.75,0.687034,300.581,299.973,299.481,240.555,39.1881,291.285,400.036,429.731,225.809,12021.5,0.467396,0,0.0328211
92.25,0.683806,300.563,299.971,299.478,240.553,38.6318,289.995,397.584,429.87,225.655,12021.5,0.468672,0,0.0793143
92.75,0.680565,300.549,299.968,299.476,240.548,37.7618,288.859,395.123,429.87,225.655,12021.5,0.470538,0,0.00747086
93.25,0.677311,300.537,299.966,299.474,240.543,37.0379,287.496,392.651,429.87,225.655,12021.5,0.472402,0,0.00747026
93.75,0.674043,300.524,299.961,299.469,240.545,36.3379,286.143,390.169,429.87,225.655,12021.5,0.47255,0,0.220854
94.25,0.670762,300.506,299.958,299.466,240.541,35.4244,285.506,387.677,430.062,225.567,12021.5,0.474416,0,0.00745979
94.75,0.667468,300.493,299.955,299.463,240.536,34.6867,284.121,385.175,430.062,225.567,12021.5,0.47628,0,0.00745752
95.25,0.664161,300.48,299.951,299.459,240.531,33.9891,282.755,382.662,430.062,225.567,12021.5,0.478141,0,0.00745364
95.75,0.66084,300.466,299.948,299.455,240.526,33.2965,281.39,380.14,430.062,225.567,12021.5,0.479998,0,0.00745081
96.25,0.657507,300.454,299.944,299.451,240.521,32.7207,280.071,377.609,430.33,225.415,12021.5,0.481855,0,0.00745008
96.75,0.654161,300.44,299.939,299.447,240.516,32.0452,278.707,375.067,430.33,225.415,12021.5,0.483708,0,0.00744563
97.25,0.650802,300.426,299.935,299.443,240.512,31.3582,277.335,372.516,430.33,225.415,12021.5,0.485558,0,0.00744347
97.75,0.64743,300.412,299.93,299.438,240.507,30.7131,275.984,370.07,430.33,225.415,12021.5,0.487405,0,0.0307078
98.25,0.644045,300.4,299.925,299.433,240.503,30.1848,274.682,367.652,430.561,225.27,12021.5,0.489252,0,0.0141817
98.75,0.640648,300.386,299.917,299.424,240.519,29.5722,273.342,365.225,430.561,225.27,12021.5,0.485397,0,0.688351
99.25,0.637238,300.351,299.911,299.418,240.578,27.8576,274.257,362.789,430.561,225.27,9270.94,0.48726,0,2.08453
99.75,0.633816,300.335,299.905,299.413,240.572,27.0678,272.798,360.343,430.561,225.27,9270.94,0.489125,0,0.0074363
100.25,0.630381,300.315,299.898,299.406,240.567,26.1819,271.264,357.889,429.913,225.688,9270.94,0.490993,0,0.00727417
100.75,0.626934,300.3,299.892,299.399,240.561,25.5155,269.859,355.426,429.913,225.688,9270.94,0.492858,0,0.00736666
101.25,0.623474,300.284,299.885,299.392,240.556,24.8804,268.469,352.955,429.913,225.688,9270.94,0.494719,0,0.00731145
101.75,0.620002,300.267,299.878,299.385,240.551,24.2502,267.081,350.474,429.913,225.688,9270.94,0.496577,0,0.00734204
102.25,0.616518,300.252,299.87,299.378,240.545,23.7021,265.724,347.985,430.095,225.522,9270.94,0.498436,0,0.0073287
102.75,0.613022,300.235,299.862,299.37,240.54,23.0845,264.337,345.487,430.095,225.522,9270.94,0.500291,0,0.00733518
103.25,0.609514,300.219,299.855,299.362,240.534,22.4587,262.944,342.981,430.095,225.522,9270.94,0.502143,0,0.00733027
103.75,0.605994,300.201,299.846,299.354,240.529,21.8304,261.548,340.466,430.095,225.522,9270.94,0.503992,0,0.00733206
104.25,0.602462,300.185,299.838,299.346,240.523,21.2675,260.177,337.942,430.247,225.358,9270.94,0.505841,0,0.00733555
104.75,0.598918,300.167,299.83,299.337,240.518,20.6449,258.778,335.41,430.247,225.358,9270.94,0.507686,0,0.00733265
105.25,0.595363,300.149,299.821,299.329,240.512,20.0142,257.374,332.87,430.247,225.358,9270.94,0.509529,0,0.00733354
105.75,0.591795,300.131,299.812,299.32,240.507,19.3804,255.967,330.321,430.247,225.358,9270.94,0.511369,0,0.00733234
106.25,0.588216,300.113,299.802,299.31,240.501,18.8001,254.577,327.764,430.369,225.193,9270.94,0.51321,0,0.00733774
106.75,0.584626,300.094,299.793,299.301,240.495,18.1698,253.165,325.199,430.369,225.193,9270.94,0.515048,0,0.0073341
107.25,0.581024,300.075,299.783,299.291,240.49,17.5325,251.748,322.626,430.369,225.193,9270.94,0.516882,0,0.00733577
107.75,0.577411,300.056,299.773,299.281,240.499,16.8923,250.327,320.044,430.369,225.193,9270.94,0.480302,0,0.494018
108.25,0.573786,299.906,299.762,299.27,240.502,8.48563,263.447,317.454,429.711,224.944,9270.94,0.482083,0,0.308631
108.75,0.57015,299.88,299.75,299.258,240.496,6.87887,261.226,314.856,429.711,224.944,9270.94,0.484064,0,0.00733851
109.25,0.566503,299.856,299.737,299.245,240.49,6.08635,259.515,312.25,429.711,224.944,9270.94,0.486041,0,0.00734184
109.75,0.562844,299.834,299.725,299.233,240.484,5.40753,257.873,309.637,429.711,224.944,9270.94,0.488015,0,0.0073399
110.25,0.559175,299.811,299.712,299.22,240.478,4.79814,256.21,307.015,429.654,224.722,9270.94,0.489993,0,0.00734572
110.75,0.555494,299.788,299.699,299.207,240.472,4.1893,254.59,304.386,429.654,224.722,9270.94,0.491968,0,0.0073425
111.25,0.551803,299.765,299.685,299.193,240.466,3.59898,252.971,301.748,429.654,224.722,9270.94,0.493938,0,0.00734456
111.75,0.548101,299.743,299.672,299.18,240.46,3.02039,251.349,299.103,429.654,224.722,9270.94,0.495904,0,0.00734367
112.25,0.544388,299.72,299.658,299.166,240.454,2.46548,249.714,296.45,429.663,224.545,9270.94,0.497869,0,0.00735011
112.75,0.540664,299.697,299.644,299.152,240.448,1.90943,248.07,293.79,429.663,224.545,9270.94,0.499829,0,0.00734685
113.25,0.53693,299.674,299.63,299.138,240.443,1.36483,246.408,291.122,429.663,224.545,9270.94,0.501785,0,0.0418533
113.75,0.533185,299.651,299.615,299.124,240.437,0.835648,244.721,288.446,429.663,224.545,9270.94,0.503736,0,0.00734845
114.25,0.52943,299.628,299.601,299.109,240.432,0.331957,242.977,285.763,429.637,224.38,9270.94,0.505685,0,0.0413143
114.75,0.525664,299.606,299.586,299.094,240.425,-0.129189,241.17,283.073,429.637,224.38,9270.94,0.507628,0,0.00735144
115.25,0.521888,299.586,299.568,299.076,240.441,-0.370921,238.95,280.375,429.637,224.38,9270.94,0.485833,0,0.734822
115.75,0.518102,299.599,299.553,299.062,240.469,-0.0014129,235.741,277.67,429.637,224.38,7026.68,0.487727,0,1.10215
116.25,0.514306,299.504,299.539,299.047,240.501,-0.350113,233.518,274.958,428.806,224.583,7026.68,0.48962,0,1.282
116.75,0.510499,299.585,299.524,299.033,240.502,-0.461224,230.56,272.238,428.806,224.583,7026.68,0.491494,0,0.25982
117.25,0.506683,299.612,299.51,299.018,240.496,0.155707,226.836,269.511,428.806,224.583,7026.68,0.493341,0,0.00732869
117.75,0.502856,299.54,299.495,299.004,240.489,-0.148769,225.642,266.777,428.806,224.583,7026.68,0.495188,0,0.00733612
118.25,0.49902,299.511,299.48,298.989,240.483,-0.825284,223.671,264.097,428.136,224.63,7026.68,0.497039,0,0.00769981
118.75,0.495173,299.583,299.465,298.974,240.476,0.000702446,218.894,261.589,428.136,224.63,7026.68,0.498845,0,0.00749488
119.25,0.491318,299.51,299.451,298.959,240.469,-0.115154,217.904,259.074,428.136,224.63,7026.68,0.500657,0,0.00761443
119.75,0.487452,299.481,299.435,298.944,240.463,-0.6378,216.453,256.553,428.136,224.63,7026.68,0.502465,0,0.00754902
120.25,0.483577,299.377,299.418,298.929,240.456,-0.564952,214.112,254.025,428.075,224.459,7026.68,0.518745,0,0.00759284
120.75,0.479692,299.341,299.405,298.914,240.449,-0.232154,210.352,251.492,428.075,224.459,7026.68,0.50602,0,0.00757073
121.25,0.475798,299.315,299.39,298.899,240.443,-0.575967,209.313,248.952,428.075,224.459,7026.68,0.507785,0,0.0288782
121.75,0.471895,299.475,299.375,298.883,240.437,-0.415791,206.073,246.406,428.075,224.459,7026.68,0.509526,0,0.0148565
122.25,0.467982,299.399,299.359,298.868,240.431,-0.515274,204.814,243.854,427.99,224.317,7026.68,0.537811,0,0.0254108
122.75,0.46406,299.334,299.34,298.853,240.425,-0.738792,202.787,241.296,427.99,224.317,7026.68,0.535307,0,0.0174434
123.25,0.460129,299.265,299.321,298.838,240.418,-0.88955,200.737,238.732,427.99,224.317,7026.68,0.53315,0,0.0234271
123.75,0.456189,299.212,299.305,298.822,240.412,-0.989111,198.36,236.163,427.99,224.317,7026.68,0.531535,0,0.0189098
124.25,0.45224,299.201,299.298,298.807,240.406,-0.314995,193.971,233.587,427.873,224.107,7026.68,0.523261,0,0.0222962
124.75,0.448282,299.173,299.282,298.791,240.4,-0.581976,193.045,231.006,427.873,224.107,7026.68,0.524971,0,0.0197371
125.25,0.444315,299.379,299.267,298.776,240.393,-0.359204,189.454,228.419,427.873,224.107,7026.68,0.521429,0,0.0216442
125.75,0.44034,299.344,299.251,298.76,240.387,-0.548919,188.504,225.826,427.873,224.107,7026.68,0.52309,0,0.020199
126.25,0.436356,299.261,299.229,298.744,240.381,-0.880317,187.01,223.227,427.757,224.016,7026.68,0.55707,0,0.0212589
126.75,0.432363,299.191,299.207,298.729,240.375,-1.05626,184.765,220.623,427.757,224.016,7026.68,0.555346,0,0.0507042
127.25,0.428362,299.121,299.186,298.719,240.369,-1.22223,182.692,218.014,427.757,224.016,7026.68,0.553495,0,0.0210424
127.75,0.424352,299.066,299.175,298.709,240.365,-1.42331,180.297,215.399,427.757,224.016,7026.68,0.551531,0,0.111076
128.25,0.420334,299.01,299.163,298.699,240.365,-1.44779,177.842,212.778,427.599,223.833,7026.68,0.548588,0,0.230963
128.75,0.416308,298.982,299.157,298.688,240.359,-1.37705,174.863,210.152,427.599,223.833,7026.68,0.546164,0,0.0206539
129.25,0.412274,298.968,299.152,298.678,240.353,-1.03725,171.7,207.521,427.599,223.833,7026.68,0.543539,0,0.0208329
129.75,0.408231,298.94,299.14,298.667,240.346,-1.43327,170.644,204.884,427.599,223.833,9270.94,0.545433,0,0.0206863
130.25,0.404181,299.317,299.145,298.654,240.34,-0.307658,163.779,202.243,427.454,223.699,9270.94,0.524242,0,0.0207711
130.75,0.400122,299.179,299.118,298.637,240.334,-1.01209,166.784,199.596,427.454,223.699,9270.94,0.572335,0,0.0350523
131.25,0.396056,299.13,299.095,298.627,240.328,-1.4924,164.687,196.944,427.454,223.699,9270.94,0.573938,0,0.0599919
131.75,0.391982,299.045,299.072,298.616,240.322,-1.87428,163.031,194.286,427.454,223.699,9270.94,0.572585,0,0.0206935
132.25,0.3879,298.964,299.051,298.605,240.316,-2.31641,160.947,191.624,427.178,223.575,9270.94,0.571469,0,0.045727
132.75,0.383811,298.894,299.032,298.593,240.314,-2.55738,158.649,188.957,427.178,223.575,9270.94,0.570204,0,0.155411
133.25,0.379714,298.845,299.014,298.582,240.331,-3.21094,157.689,186.285,427.178,223.575,5273.21,0.570793,0,0.784723
133.75,0.375609,298.82,299,298.571,240.327,-3.06873,153.872,183.608,427.178,223.575,7026.68,0.572201,0,0.107799
134.25,0.371497,299.092,299.033,298.56,240.32,-1.33575,143.677,180.926,426.752,223.543,9270.94,0.624383,0,0.0206301
134.75,0.367378,298.721,298.968,298.549,240.314,-3.32189,153.152,178.24,426.752,223.543,7026.68,0.572273,0,0.0206502
135.25,0.363252,298.959,298.994,298.537,240.308,-1.67247,140.26,175.549,426.752,223.543,9270.94,0.623171,0,0.0388759
135.75,0.359119,298.732,298.945,298.526,240.301,-3.16822,145.913,172.853,426.752,223.543,7026.68,0.580505,0,0.0384469
136.25,0.354978,298.884,298.964,298.514,240.295,-1.79685,136.187,170.152,426.617,223.399,9270.94,0.626226,0,0.0388466
136.75,0.350831,298.898,298.959,298.501,240.293,-1.75897,134.641,167.447,426.617,223.399,9270.94,0.640717,0,0.164662
137.25,0.346676,298.479,298.906,298.489,240.287,-3.51568,141.842,164.973,426.617,223.399,7026.68,0.557126,0,0.0388886
137.75,0.342515,298.664,298.903,298.478,240.281,-2.77514,133.315,162.553,426.617,223.399,9270.94,0.609007,0,0.0382819
138.25,0.338347,298.85,298.906,298.466,240.275,-1.97928,126.921,160.13,426.39,223.278,9270.94,0.647661,0,0.0388478
138.75,0.334173,298.773,298.891,298.454,240.268,-2.13158,127.006,157.702,426.39,223.278,9270.94,0.651192,0,0.0381747
139.25,0.329992,298.842,298.893,298.442,240.262,-1.6537,122.128,155.271,426.39,223.278,9270.94,0.668991,0,0.0388722
139.75,0.325804,298.905,298.899,298.431,240.256,-1.08862,118.359,152.836,426.39,223.278,9270.94,0.682824,0,0.038061
140.25,0.32161,298.583,298.892,298.42,240.251,-1.05173,122.699,150.397,426.424,223.248,9270.94,0.547645,0,0.0665841
140.75,0.31741,299.064,298.899,298.408,240.245,-1.09101,118.47,147.955,426.424,223.248,9270.94,0.543963,0,0.0379318
141.25,0.313203,299.019,298.885,298.397,240.239,-1.16902,117.956,145.508,426.424,223.248,9270.94,0.615529,0,0.0574099
141.75,0.30899,298.967,298.865,298.386,240.233,-1.29041,116.11,143.059,426.424,223.248,9270.94,0.616597,0,0.040791
142.25,0.304771,298.904,298.844,298.375,240.227,-1.77347,115.065,140.606,426.213,223.17,9270.94,0.617625,0,0.0626285
142.75,0.300547,298.84,298.821,298.364,240.221,-2.23544,113.992,138.149,426.213,223.17,9270.94,0.618643,0,0.037644
143.25,0.296316,298.775,298.799,298.352,240.216,-2.70804,112.908,135.689,426.213,223.17,9270.94,0.619665,0,0.0626516
143.75,0.29208,298.71,298.776,298.34,240.209,-3.1879,111.805,133.225,426.213,223.17,9270.94,0.620716,0,0.0374818
144.25,0.287837,298.825,298.784,298.328,240.204,-1.97587,101.337,130.759,425.93,223.003,9270.94,0.650462,0,0.0627222
144.75,0.283589,298.826,298.781,298.316,240.198,-1.73349,99.794,128.288,425.93,223.003,9270.94,0.662046,0,0.0373008
145.25,0.279336,298.579,298.721,298.304,240.192,-3.67002,109.246,125.815,425.93,223.003,9270.94,0.623772,0,0.0627611
145.75,0.275077,298.655,298.711,298.292,240.186,-2.98053,98.7532,123.339,425.93,223.003,9270.94,0.653289,0,0.0371037
146.25,0.270813,298.726,298.715,298.279,240.196,-2.06915,92.299,120.859,425.7,222.896,9270.94,0.673202,0,0.579891
146.75,0.266543,298.78,298.724,298.266,240.189,-1.46129,87.9111,118.376,425.7,222.896,9270.94,0.687076,0,0.0368818
147.25,0.262268,298.699,298.705,298.254,240.183,-2.02968,90.1978,115.89,425.7,222.896,9270.94,0.687518,0,0.0393826
147.75,0.257988,298.677,298.692,298.242,240.177,-2.16939,87.4982,113.401,425.7,222.896,9270.94,0.695138,0,0.0366402
148.25,0.253703,298.647,298.676,298.229,240.17,-2.29612,85.2616,110.91,425.377,222.89,9270.94,0.701095,0,0.0396388
148.75,0.249413,298.695,298.677,298.217,240.164,-1.74989,79.5009,108.454,425.377,222.89,9270.94,0.712841,0,0.0363507
149.25,0.245118,298.603,298.651,298.205,240.157,-2.36409,82.1747,106.241,425.377,222.89,9270.94,0.70941,0,0.0398627
149.75,0.240818,298.633,298.645,298.193,240.151,-2.01555,76.7681,104.025,425.377,222.89,9270.94,0.719534,0,0.037591
150.25,0.236513,298.522,298.612,298.18,240.145,-2.78099,79.6698,101.808,425.174,222.774,9270.94,0.714809,0,0.0441705
150.75,0.232204,298.538,298.598,298.168,240.138,-2.49581,74.4627,99.5874,425.174,222.774,9270.94,0.723999,0,0.0385282
151.25,0.22789,298.525,298.583,298.155,240.132,-2.3964,72.3693,97.3648,425.174,222.774,9270.94,0.72784,0,0.0438686
151.75,0.223572,298.49,298.564,298.142,240.125,-2.52818,71.1834,95.1399,425.174,222.774,9270.94,0.729899,0,0.0385067
152.25,0.219249,298.436,298.537,298.13,240.119,-2.76666,70.1653,92.9127,424.853,222.633,9270.94,0.73292,0,0.0440604
152.75,0.214922,298.442,298.522,298.117,240.113,-2.50177,66.1308,90.6833,424.853,222.633,9270.94,0.737533,0,0.0382047
153.25,0.210591,298.352,298.489,298.104,240.106,-3.06376,67.8033,88.4517,424.853,222.633,9270.94,0.740743,0,0.0444221
153.75,0.206256,298.352,298.47,298.091,240.1,-2.81431,63.44,86.218,424.853,222.633,9270.94,0.746051,0,0.0378045
154.25,0.201916,298.314,298.445,298.077,240.093,-2.86751,61.8725,83.9822,424.498,222.496,9270.94,0.75005,0,0.044845
154.75,0.197573,298.269,298.418,298.064,240.087,-3.006,60.5451,81.7444,424.498,222.496,9270.94,0.753735,0,0.0573171
155.25,0.193226,298.221,298.389,298.05,240.081,-3.1704,59.2527,79.5045,424.498,222.496,9270.94,0.75716,0,0.0548285
155.75,0.188875,298.168,298.358,298.037,240.075,-3.35271,57.9976,77.2628,424.498,222.496,9270.94,0.760308,0,0.0588352
156.25,0.18452,298.153,298.333,298.023,240.069,-3.08696,54.1966,75.0191,424.057,222.357,9270.94,0.761837,0,0.0528693
156.75,0.180162,298.101,298.303,298.009,240.063,-3.26673,53.4654,72.7735,424.057,222.357,9270.94,0.763815,0,0.0611554
157.25,0.1758,298.04,298.27,297.995,240.057,-3.47447,52.5385,70.5261,424.057,222.357,7026.68,0.766059,0,0.0499671
157.75,0.171434,297.976,298.235,297.98,240.051,-3.68927,51.524,68.2769,424.057,222.357,7026.68,0.768485,0,0.0646283
158.25,0.167066,297.902,298.196,297.963,240.058,-3.83576,50.3653,66.222,423.565,222.22,4016.82,0.771089,0,0.494638
158.75,0.162694,297.837,298.157,297.947,240.067,-4.01041,49.3032,64.2615,423.565,222.22,5273.21,0.773693,0,0.550502
159.25,0.158318,297.772,298.118,297.931,240.096,-4.18043,48.2602,62.2996,423.565,222.22,5273.21,0.776249,0,1.19503
159.75,0.15394,297.707,298.078,297.915,240.105,-4.35084,47.2327,60.3362,423.565,222.22,5273.21,0.778718,0,0.593981
160.25,0.149559,297.611,298.029,297.898,240.098,-4.55296,45.8742,58.3715,422.082,222.53,5273.21,0.781222,0,0.0242105
160.75,0.145174,297.534,297.982,297.881,240.09,-4.74256,44.7963,56.4055,422.082,222.53,5273.21,0.783538,0,0.0240735
161.25,0.140787,297.459,297.935,297.864,240.083,-4.92717,43.7952,54.4382,422.082,222.53,5273.21,0.785724,0,0.0242102
161.75,0.136397,297.385,297.887,297.846,240.075,-5.11305,42.8306,52.4696,422.082,222.53,5273.21,0.78779,0,0.0241354
162.25,0.132005,297.293,297.834,297.828,240.067,-5.19417,41.6908,50.4999,421.372,222.309,5273.21,0.789866,0,0.0242259
162.75,0.12761,297.211,297.782,297.809,240.06,-5.39069,40.7235,48.529,421.372,222.309,5273.21,0.79182,0,0.0241881
163.25,0.123212,297.13,297.729,297.789,240.052,-5.58638,39.8011,46.5569,421.372,222.309,5273.21,0.793713,0,0.0242438
163.75,0.118812,297.049,297.677,297.768,240.044,-5.78311,38.8973,44.5838,421.372,222.309,5273.21,0.795571,0,0.0242317
164.25,0.114409,296.949,297.618,297.746,240.036,-5.8969,37.7944,42.6097,420.592,222.084,5273.21,0.797512,0,0.0242739
164.75,0.110005,296.861,297.561,297.723,240.029,-6.10204,36.8546,40.6345,420.592,222.084,5273.21,0.799392,0,0.0242715
165.25,0.105598,296.775,297.504,297.7,240.021,-6.30307,35.9509,38.6583,420.592,222.084,5273.21,0.801253,0,0.0243008
165.75,0.101189,296.688,297.446,297.676,240.013,-6.50317,35.0614,36.6813,420.592,222.084,5273.21,0.803101,0,0.0243074
166.25,0.0967781,296.586,297.384,297.651,240.005,-6.59856,33.9915,34.8982,419.727,221.852,5273.21,0.805041,0,0.0243327
166.75,0.0923653,296.498,297.323,297.625,239.997,-6.76484,33.1188,33.1863,419.727,221.852,5273.21,0.806906,0,0.0243372
167.25,0.0879506,296.413,297.263,297.599,239.99,-6.92379,32.2944,31.4738,419.727,221.852,5273.21,0.808742,0,0.0243563
167.75,0.0835343,296.33,297.204,297.572,239.982,-7.08019,31.4893,29.7605,419.727,221.852,5273.21,0.810552,0,0.024365
168.25,0.0791163,296.226,297.139,297.545,239.987,-7.19521,30.4714,28.0466,418.802,221.622,490.937,0.812441,0,0.444061
168.75,0.0746968,296.137,297.076,297.516,239.979,-7.36104,29.6318,26.3321,418.802,221.622,490.937,0.814245,0,0.0356026
169.25,0.0702757,296.049,297.013,297.487,239.972,-7.52107,28.8371,24.6171,418.802,221.622,339.934,0.816004,0,0.0445388
169.75,0.0658533,295.963,296.951,297.458,239.964,-7.67994,28.0633,22.9015,418.802,221.622,339.934,0.81772,0,0.036654
170.25,0.0614296,295.852,296.882,297.427,239.957,-7.83588,27.0413,21.1854,417.652,221.437,339.934,0.819513,0,0.0633276
170.75,0.0570047,295.757,296.815,297.397,239.95,-8.00936,26.2266,19.4688,417.652,221.437,339.934,0.821198,0,0.048118
171.25,0.0525787,295.666,296.749,297.365,239.943,-8.17599,25.4655,17.7519,417.652,221.437,339.934,0.822828,0,0.0642652
171.75,0.0481517,295.576,296.683,297.334,239.936,-8.32973,24.7418,16.1129,417.652,221.437,339.934,0.824409,0,0.0466996
172.25,0.0437237,295.467,296.612,297.301,239.929,-8.44601,23.8142,14.5829,416.596,221.233,226.649,0.826063,0,0.066021
172.75,0.0392948,295.373,296.543,297.268,239.921,-8.59395,23.0849,13.0527,416.596,221.233,226.649,0.827616,0,0.0443283
173.25,0.0348652,295.283,296.476,297.234,239.914,-8.73433,22.4073,11.5221,416.596,221.233,226.649,0.829125,0,0.0688388
173.75,0.0304349,295.193,296.408,297.2,239.907,-8.8724,21.7511,9.99139,416.596,221.233,226.649,0.8306,0,0.0407576
174.25,0.026004,295.082,296.335,297.165,239.9,-9.01692,20.8689,8.46043,415.502,221.029,226.649,0.832162,0,0.0730325
174.75,0.0215725,294.986,296.265,297.129,239.892,-9.16903,20.174,6.9293,415.502,221.029,226.649,0.833638,0,0.0392466
175.25,0.0171407,294.894,296.195,297.093,239.885,-9.30239,19.5398,5.47299,415.502,221.029,226.649,0.835077,0,0.0711084
175.75,0.0127085,294.805,296.126,297.057,239.878,-9.42599,18.9349,4.0578,415.502,221.029,226.649,0.836488,0,0.0394521
176.25,0.00827608,294.693,296.052,297.019,239.871,-9.56593,18.1041,2.64253,414.373,220.823,226.649,0.837997,0,0.0726204
176.75,0.00384348,294.597,295.979,296.982,239.863,-9.70211,17.4597,1.22722,414.373,220.823,226.649,0.839421,0,0.0395987
177.25,0,294.509,295.909,296.943,239.856,-9.80533,16.897,0,414.373,220.823,226.649,0.840806,0,0.0701853
177.75,0,294.446,295.844,296.905,239.848,-9.74429,16.5816,0,414.373,220.823,226.649,0.842088,0,0.0395355
178.25,0,294.369,295.778,296.865,239.841,-9.72913,16.115,0,413.231,220.625,226.649,0.843424,0,0.0721473
178.75,0,294.313,295.717,296.826,239.833,-9.65283,15.8456,0,413.231,220.625,226.649,0.844665,0,0.0394172
179.25,0,294.263,295.66,296.786,239.826,-9.56179,15.6345,0,413.231,220.625,226.649,0.845868,0,0.0687939
179.75,0,294.217,295.605,296.746,239.819,-9.46408,15.4482,0,413.231,220.625,226.649,0.847041,0,0.0392735
180.25,0,294.155,295.549,296.706,239.812,-9.54818,15.1096,0,412.201,220.465,226.649,0.848215,0,0.0717023
180.75,0,294.11,295.496,296.667,239.804,-9.4666,14.9039,0,412.201,220.465,226.649,0.849326,0,0.0391024
181.25,0,294.068,295.446,296.627,239.797,-9.37469,14.7376,0,412.201,220.465,226.649,0.850416,0,0.0673628
181.75,0,294.029,295.397,296.587,239.79,-9.2786,14.5865,0,412.201,220.465,226.649,0.851486,0,0.0389225
182.25,0,293.976,295.347,296.547,239.793,-9.36257,14.2987,0,411.272,220.319,226.649,0.852559,0,0.40612
182.75,0,293.936,295.3,296.507,239.802,-9.28303,14.1236,0,411.272,220.319,226.649,0.85358,0,0.586163
183.25,0,293.9,295.255,296.468,239.799,-9.19481,13.9813,0,411.272,220.319,226.649,0.854583,0,0.176975
183.75,0,293.865,295.21,296.429,239.791,-9.10326,13.851,0,411.272,220.319,226.649,0.855571,0,0.0385257
184.25,0,293.812,295.164,296.39,239.783,-9.22029,13.5513,0,410.157,220.254,226.649,0.856587,0,0.0388738
184.75,0,293.774,295.12,296.351,239.776,-9.14784,13.3839,0,410.157,220.254,226.649,0.857543,0,0.0383538
185.25,0,293.741,295.078,296.313,239.768,-9.06544,13.2534,0,410.157,220.254,226.649,0.858482,0,0.0386053
185.75,0,293.709,295.037,296.274,239.761,-8.97928,13.135,0,410.157,220.254,226.649,0.859407,0,0.0603447
186.25,0,293.664,294.994,296.236,239.754,-9.04805,12.8978,0,409.35,220.11,226.649,0.860344,0,0.0480041
186.75,0,293.63,294.954,296.198,239.747,-8.97567,12.7562,0,409.35,220.11,226.649,0.861236,0,0.0603018
187.25,0,293.599,294.914,296.161,239.74,-8.89596,12.6419,0,409.35,220.11,226.649,0.862114,0,0.0474604
187.75,0,293.57,294.876,296.124,239.733,-8.81348,12.5369,0,409.35,220.11,226.649,0.862979,0,0.0602442
188.25,0,293.528,294.837,296.087,239.726,-8.88688,12.3193,0,408.576,219.984,226.649,0.863856,0,0.046905
188.75,0,293.497,294.799,296.05,239.719,-8.81831,12.1905,0,408.576,219.984,226.649,0.864691,0,0.0601558
189.25,0,293.468,294.762,296.014,239.712,-8.74275,12.087,0,408.576,219.984,226.649,0.865513,0,0.0464124
189.75,0,293.441,294.726,295.977,239.705,-8.66458,11.992,0,408.576,219.984,226.649,0.866325,0,0.0600546
190.25,0,293.402,294.689,295.942,239.698,-8.73466,11.7899,0,407.839,219.862,226.649,0.86715,0,0.0459052
190.75,0,293.373,294.654,295.906,239.691,-8.66955,11.6716,0,407.839,219.862,226.649,0.867936,0,0.0599231
191.25,0,293.346,294.619,295.871,239.684,-8.59779,11.5769,0,407.839,219.862,226.649,0.868711,0,0.0454622
191.75,0,293.32,294.585,295.836,239.677,-8.52355,11.49,0,407.839,219.862,226.649,0.869475,0,0.0597789
192.25,0,293.283,294.55,295.801,239.67,-8.5909,11.3009,0,407.134,219.744,226.649,0.870255,0,0.0450034
192.75,0,293.255,294.516,295.766,239.664,-8.52899,11.1913,0,407.134,219.744,226.649,0.870997,0,0.0596038
193.25,0,293.23,294.484,295.732,239.657,-8.4607,11.1042,0,407.134,219.744,226.649,0.871729,0,0.0446109
193.75,0,293.206,294.452,295.698,239.65,-8.39002,11.0243,0,407.134,219.744,226.649,0.872451,0,0.0594153
194.25,0,293.17,294.418,295.664,239.643,-8.45498,10.8463,0,406.456,219.627,226.649,0.87319,0,0.0442023
194.75,0,293.144,294.386,295.631,239.637,-8.396,10.7443,0,406.456,219.627,226.649,0.873893,0,0.0591952
195.25,0,293.12,294.355,295.598,239.63,-8.33088,10.6637,0,406.456,219.627,226.649,0.874586,0,0.0438618
195.75,0,293.097,294.324,295.565,239.623,-8.26344,10.59,0,406.456,219.627,226.649,0.875271,0,0.0589609
196.25,0,293.063,294.292,295.532,239.616,-8.3263,10.4218,0,405.803,219.514,226.649,0.875973,0,0.0435047
196.75,0,293.038,294.262,295.5,239.61,-8.27001,10.3265,0,405.803,219.514,226.649,0.87664,0,0.0586947
197.25,0,293.015,294.232,295.467,239.603,-8.20777,10.2516,0,405.803,219.514,226.649,0.877297,0,0.0432169
197.75,0,292.993,294.202,295.435,239.61,-8.14327,10.1833,0,405.803,219.514,226.649,0.877947,0,0.483383
198.25,0,292.958,294.171,295.403,239.603,-8.21979,10.0065,0,405.065,219.474,226.649,0.878624,0,0.0426934
198.75,0,292.933,294.141,295.372,239.596,-8.16749,9.91213,0,405.065,219.474,226.649,0.879262,0,0.0580896
199.25,0,292.91,294.113,295.34,239.59,-8.10851,9.84051,0,405.065,219.474,226.649,0.87989,0,0.0424677
199.75,0,292.889,294.084,295.309,239.583,-8.04697,9.77594,0,405.065,219.474,226.649,0.88051,0,0.0577574
200.25,0,292.857,294.054,295.278,239.576,-8.10668,9.61885,0,404.429,219.318,226.649,0.881153,0,0.0426628
200.75,0,292.833,294.026,295.248,239.57,-8.05528,9.53307,0,404.429,219.318,226.649,0.881761,0,0.0574039
201.25,0,292.812,293.998,295.217,239.563,-7.99805,9.46714,0,404.429,219.318,226.649,0.88236,0,0.0424739
201.75,0,292.791,293.971,295.187,239.557,-7.93857,9.40752,0,404.429,219.318,226.649,0.882951,0,0.0570363
202.25,0,292.76,293.942,295.157,239.55,-7.99629,9.2615,0,403.829,219.21,226.649,0.883561,0,0.0422662
202.75,0,292.737,293.914,295.127,239.544,-7.9467,9.18195,0,403.829,219.21,226.649,0.884139,0,0.0566392
203.25,0,292.717,293.887,295.097,239.537,-7.89159,9.12099,0,403.829,219.21,226.649,0.884708,0,0.0421253
203.75,0,292.697,293.861,295.067,239.531,-7.83435,9.06593,0,403.829,219.21,226.649,0.885269,0,0.0562315
204.25,0,292.667,293.833,295.038,239.525,-7.89125,8.92707,0,403.245,219.103,226.649,0.88585,0,0.0419618
204.75,0,292.645,293.807,295.009,239.519,-7.84365,8.85247,0,403.245,219.103,226.649,0.886399,0,0.0580788
205.25,0,292.625,293.781,294.98,239.513,-7.79067,8.79585,0,403.245,219.103,226.649,0.886939,0,0.0663644
205.75,0,292.605,293.755,294.951,239.507,-7.73562,8.74492,0,403.245,219.103,226.649,0.887472,0,0.0553553
206.25,0,292.576,293.728,294.922,239.501,-7.79229,8.61138,0,402.669,219.004,226.649,0.888026,0,0.0684358
206.75,0,292.555,293.702,294.894,239.495,-7.74669,8.54102,0,402.669,219.004,226.649,0.888548,0,0.054888
207.25,0,292.535,293.677,294.866,239.489,-7.69578,8.48827,0,402.669,219.004,226.649,0.889061,0,0.0656855
207.75,0,292.516,293.652,294.837,239.483,-7.64282,8.44108,0,402.669,219.004,226.649,0.889568,0,0.0545633
208.25,0,292.488,293.626,294.81,239.477,-7.69889,8.31257,0,402.102,218.913,226.649,0.890096,0,0.0679793
208.75,0,292.467,293.601,294.782,239.471,-7.65515,8.24613,0,402.102,218.913,226.649,0.890592,0,0.0539225
209.25,0,292.448,293.576,294.754,239.466,-7.60617,8.19697,0,402.102,218.913,226.649,0.891081,0,0.0653706
209.75,0,292.429,293.552,294.727,239.46,-7.55516,8.15322,0,402.102,218.913,226.649,0.891562,0,0.0535597
210.25,0,292.401,293.527,294.7,239.454,-7.6101,8.03,0,401.548,218.823,226.649,0.892066,0,0.0675965
210.75,0,292.381,293.502,294.673,239.448,-7.56803,7.96736,0,401.548,218.823,226.649,0.892539,0,0.052916
211.25,0,292.362,293.478,294.646,239.442,-7.52082,7.92154,0,401.548,218.823,226.649,0.893004,0,0.0650915
211.75,0,292.344,293.455,294.619,239.436,-7.4716,7.88095,0,401.548,218.823,226.649,0.893462,0,0.0525393
212.25,0,292.317,293.43,294.592,239.431,-7.52567,7.76255,0,401.005,218.734,226.649,0.893943,0,0.0672407
212.75,0,292.297,293.406,294.566,239.425,-7.48515,7.70334,0,401.005,218.734,226.649,0.894395,0,0.051884
213.25,0,292.279,293.383,294.539,239.42,-7.43957,7.66054,0,401.005,218.734,226.649,0.894838,0,0.0648667
213.75,0,292.261,293.36,294.513,239.414,-7.39201,7.62279,0,401.005,218.734,226.649,0.895276,0,0.0514803
214.25,0,292.234,293.335,294.487,239.408,-7.44523,7.50875,0,400.472,218.646,226.649,0.895737,0,0.0669374
214.75,0,292.215,293.312,294.461,239.402,-7.40614,7.45262,0,400.472,218.646,226.649,0.896169,0,0.0508413
215.25,0,292.197,293.289,294.436,239.408,-7.36206,7.41248,0,400.472,218.646,226.649,0.896594,0,0.436248
215.75,0,292.18,293.267,294.41,239.417,-7.31601,7.37725,0,400.472,218.646,226.649,0.897013,0,0.540467
216.25,0,292.148,293.242,294.384,239.411,-7.40607,7.22687,0,399.695,218.701,226.649,0.89748,0,0.0411356
216.75,0,292.128,293.218,294.359,239.405,-7.37196,7.16165,0,399.695,218.701,226.649,0.897905,0,0.0497628
217.25,0,292.109,293.195,294.333,239.399,-7.33073,7.11921,0,399.695,218.701,226.649,0.898321,0,0.0411807
217.75,0,292.092,293.173,294.308,239.393,-7.28666,7.08343,0,399.695,218.701,226.649,0.898731,0,0.0492327
218.25,0,292.065,293.149,294.283,239.387,-7.33087,6.97365,0,399.183,218.598,226.649,0.899168,0,0.0411706
218.75,0,292.046,293.126,294.258,239.381,-7.29389,6.92096,0,399.183,218.598,226.649,0.899576,0,0.0487107
219.25,0,292.028,293.104,294.233,239.375,-7.252,6.88396,0,399.183,218.598,226.649,0.899976,0,0.0411889
219.75,0,292.011,293.082,294.208,239.369,-7.20812,6.85185,0,399.183,218.598,226.649,0.900371,0,0.0482082
220.25,0,291.986,293.059,294.184,239.363,-7.25796,6.74852,0,398.682,218.499,226.649,0.90079,0,0.0411589
220.75,0,291.967,293.037,294.159,239.357,-7.2219,6.69924,0,398.682,218.499,226.649,0.901181,0,0.0477088
221.25,0,291.95,293.015,294.134,239.351,-7.18104,6.66486,0,398.682,218.499,226.649,0.901566,0,0.041161
221.75,0,291.933,292.993,294.11,239.345,-7.13826,6.63501,0,398.682,218.499,226.649,0.901946,0,0.0472275
222.25,0,291.908,292.971,294.086,239.339,-7.18754,6.53534,0,398.19,218.401,226.649,0.90235,0,0.0411153
222.75,0,291.89,292.949,294.062,239.334,-7.15243,6.48839,0,398.19,218.401,226.649,0.902728,0,0.0467492
223.25,0,291.873,292.928,294.038,239.328,-7.11263,6.45593,0,398.19,218.401,226.649,0.9031,0,0.0411019
223.75,0,291.857,292.907,294.013,239.322,-7.07092,6.42783,0,398.19,218.401,226.649,0.903467,0,0.0462892
224.25,0,291.832,292.885,293.99,239.316,-7.11952,6.33118,0,397.706,218.304,226.649,0.903859,0,0.04104
224.75,0,291.814,292.863,293.966,239.31,-7.08533,6.28617,0,397.706,218.304,226.649,0.904225,0,0.0458326
225.25,0,291.797,292.842,293.942,239.305,-7.04652,6.25533,0,397.706,218.304,226.649,0.904585,0,0.0410102
225.75,0,291.781,292.822,293.919,239.299,-7.00582,6.22874,0,397.706,218.304,226.649,0.904942,0,0.0641403
226.25,0,291.757,292.8,293.895,239.294,-7.05444,6.13405,0,397.225,218.213,226.649,0.905323,0,0.0467607
226.75,0,291.739,292.779,293.872,239.289,-7.0212,6.09055,0,397.225,218.213,226.649,0.905678,0,0.0648611
227.25,0,291.723,292.759,293.849,239.283,-6.98333,6.06107,0,397.225,218.213,226.649,0.906028,0,0.0453368
227.75,0,291.707,292.738,293.825,239.278,-6.9436,6.03577,0,397.225,218.213,226.649,0.906373,0,0.0658154
228.25,0,291.683,292.717,293.802,239.273,-6.99268,5.94223,0,396.743,218.131,226.649,0.906745,0,0.0436167
228.75,0,291.666,292.696,293.779,239.268,-6.96036,5.8999,0,396.743,218.131,226.649,0.907091,0,0.0670156
229.25,0,291.65,292.676,293.756,239.262,-6.92341,5.87157,0,396.743,218.131,226.649,0.907431,0,0.0416863
229.75,0,291.634,292.656,293.734,239.257,-6.88458,5.8474,0,396.743,218.131,226.649,0.907767,0,0.0685183
230.25,0,291.61,292.635,293.711,239.252,-6.93289,5.75599,0,396.268,218.05,226.649,0.90813,0,0.0405651
230.75,0,291.593,292.615,293.688,239.247,-6.90132,5.71503,0,396.268,218.05,226.649,0.908467,0,0.0678901
231.25,0,291.577,292.595,293.666,239.241,-6.86517,5.68787,0,396.268,218.05,226.649,0.908798,0,0.040487
231.75,0,291.562,292.576,293.643,239.236,-6.82716,5.66481,0,396.268,218.05,226.649,0.909125,0,0.0675302
232.25,0,291.539,292.555,293.621,239.231,-6.87482,5.57559,0,395.799,217.969,226.649,0.909479,0,0.0403383
232.75,0,291.522,292.535,293.599,239.226,-6.84396,5.53599,0,395.799,217.969,226.649,0.909807,0,0.0669109
233.25,0,291.506,292.515,293.576,239.22,-6.80855,5.50996,0,395.799,217.969,226.649,0.91013,0,0.0402438
233.75,0,291.491,292.496,293.554,239.23,-6.77131,5.48797,0,395.799,217.969,226.649,0.910449,0,0.519331
234.25,0,291.466,292.475,293.532,239.224,-6.83431,5.3845,0,395.231,217.969,226.649,0.910804,0,0.0398651
234.75,0,291.449,292.455,293.51,239.219,-6.80574,5.3414,0,395.231,217.969,226.649,0.911128,0,0.0663654
235.25,0,291.433,292.436,293.488,239.214,-6.77174,5.31456,0,395.231,217.969,226.649,0.911446,0,0.0397743
235.75,0,291.418,292.417,293.466,239.209,-6.73554,5.29247,0,395.231,217.969,226.649,0.91176,0,0.0656199
236.25,0,291.394,292.396,293.444,239.203,-6.78083,5.20412,0,394.763,217.885,226.649,0.912102,0,0.0396164
236.75,0,291.377,292.376,293.423,239.199,-6.75132,5.16582,0,394.763,217.885,226.649,0.912418,0,0.0654751
237.25,0,291.362,292.357,293.401,239.193,-6.71724,5.14117,0,394.763,217.885,226.649,0.912728,0,0.0395026
237.75,0,291.347,292.338,293.379,239.189,-6.68129,5.12062,0,394.763,217.885,226.649,0.913034,0,0.0647091
238.25,0,291.324,292.318,293.358,239.183,-6.72748,5.03624,0,394.308,217.805,226.649,0.913367,0,0.0393251
238.75,0,291.308,292.299,293.336,239.178,-6.69839,4.99982,0,394.308,217.805,226.649,0.913674,0,0.064632
239.25,0,291.293,292.28,293.315,239.173,-6.66486,4.97653,0,394.308,217.805,226.649,0.913976,0,0.039196
239.75,0,291.278,292.262,293.294,239.168,-6.62952,4.95717,0,394.308,217.805,226.649,0.914274,0,0.0638605
240.25,0,291.255,292.242,293.272,239.163,-6.67544,4.87494,0,393.859,217.726,226.649,0.914598,0,0.0390501
240.75,0,291.239,292.223,293.251,239.158,-6.64691,4.83983,0,393.859,217.726,226.649,0.914898,0,0.0638825
241.25,0,291.224,292.204,293.23,239.153,-6.61399,4.81762,0,393.859,217.726,226.649,0.915192,0,0.0391009
241.75,0,291.21,292.186,293.209,239.149,-6.57927,4.79925,0,393.859,217.726,226.649,0.915482,0,0.0656091
242.25,0,291.188,292.166,293.188,239.143,-6.62475,4.7189,0,393.415,217.651,226.649,0.915799,0,0.0408697
242.75,0,291.172,292.147,293.167,239.139,-6.59677,4.68497,0,393.415,217.651,226.649,0.916091,0,0.066146
243.25,0,291.157,292.129,293.146,239.134,-6.56445,4.66374,0,393.415,217.651,226.649,0.916378,0,0.0417325
243.75,0,291.143,292.111,293.125,239.129,-6.53036,4.6463,0,393.415,217.651,226.649,0.916661,0,0.0653876
244.25,0,291.12,292.092,293.105,239.124,-6.57542,4.56767,0,392.976,217.583,226.649,0.91697,0,0.0414849
244.75,0,291.105,292.073,293.084,239.12,-6.54798,4.53485,0,392.976,217.583,226.649,0.917255,0,0.0655035
245.25,0,291.09,292.055,293.064,239.115,-6.51625,4.51456,0,392.976,217.583,226.649,0.917534,0,0.0413021
245.75,0,291.076,292.037,293.043,239.11,-6.48275,4.49799,0,392.976,217.583,226.649,0.91781,0,0.0645645
246.25,0,291.054,292.018,293.022,239.105,-6.5274,4.42105,0,392.542,217.516,226.649,0.918112,0,0.0410664
246.75,0,291.038,292,293.002,239.101,-6.50048,4.38929,0,392.542,217.516,226.649,0.91839,0,0.0647557
247.25,0,291.024,291.982,292.982,239.096,-6.46931,4.36989,0,392.542,217.516,226.649,0.918662,0,0.0530771
247.75,0,291.01,291.964,292.961,239.092,-6.43639,4.35418,0,392.542,217.516,226.649,0.918931,0,0.068092
248.25,0,290.988,291.945,292.941,239.087,-6.48108,4.27841,0,392.11,217.453,226.649,0.919227,0,0.053912
248.75,0,290.973,291.927,292.921,239.083,-6.45472,4.24754,0,392.11,217.453,226.649,0.919498,0,0.0670467
249.25,0,290.958,291.909,292.901,239.078,-6.42412,4.22896,0,392.11,217.453,226.649,0.919763,0,0.0551361
249.75,0,290.945,291.892,292.881,239.074,-6.39178,4.21403,0,392.11,217.453,226.649,0.920026,0,0.0642986
250.25,0,290.923,291.873,292.861,239.07,-6.43645,4.13933,0,391.679,217.394,226.649,0.920314,0,0.0567213
250.75,0,290.908,291.855,292.841,239.065,-6.41063,4.1093,0,391.679,217.394,226.649,0.920579,0,0.0633425
251.25,0,290.893,291.838,292.821,239.061,-6.38057,4.09149,0,391.679,217.394,226.649,0.920838,0,0.057095
251.75,0,290.88,291.821,292.801,239.057,-6.34878,4.07731,0,391.679,217.394,226.649,0.921094,0,0.0622087
252.25,0,290.858,291.802,292.781,239.052,-6.39306,4.00399,0,391.252,217.336,226.649,0.921377,0,0.0560379
252.75,0,290.843,291.784,292.762,239.048,-6.36772,3.97486,0,391.252,217.336,226.649,0.921635,0,0.0626656
253.25,0,290.829,291.767,292.742,239.044,-6.33817,3.95782,0,391.252,217.336,226.649,0.921888,0,0.0565922
253.75,0,290.815,291.75,292.722,239.039,-6.3069,3.94438,0,391.252,217.336,226.649,0.922138,0,0.0640525
254.25,0,290.794,291.732,292.703,239.035,-6.35087,3.87242,0,390.828,217.279,226.649,0.922414,0,0.0646457
254.75,0,290.779,291.714,292.683,239.031,-6.32599,3.84417,0,390.828,217.279,226.649,0.922666,0,0.0694879
255.25,0,290.765,291.697,292.664,239.027,-6.29693,3.82787,0,390.828,217.279,226.649,0.922913,0,0.0656429
255.75,0,290.752,291.68,292.644,239.023,-6.26615,3.81513,0,390.828,217.279,226.649,0.923157,0,0.064608
256.25,0,290.731,291.662,292.625,239.019,-6.30993,3.74442,0,390.408,217.225,226.649,0.923427,0,0.0673656
256.75,0,290.716,291.644,292.606,239.015,-6.28552,3.71699,0,390.408,217.225,226.649,0.923673,0,0.0613506
257.25,0,290.702,291.627,292.586,239.011,-6.25696,3.70141,0,390.408,217.225,226.649,0.923914,0,0.0723162
257.75,0,290.688,291.611,292.567,239.007,-6.22668,3.68935,0,390.408,217.225,226.649,0.924152,0,0.0599708
258.25,0,290.667,291.593,292.548,239.003,-6.2701,3.61995,0,389.991,217.172,226.649,0.924416,0,0.0706792
258.75,0,290.653,291.575,292.529,238.999,-6.24613,3.59335,0,389.991,217.172,226.649,0.924657,0,0.0606179
259.25,0,290.639,291.559,292.51,238.995,-6.21803,3.57846,0,389.991,217.172,226.649,0.924892,0,0.0704254
259.75,0,290.626,291.542,292.491,238.991,-6.18823,3.56704,0,389.991,217.172,226.649,0.925124,0,0.0593089
260.25,0,290.605,291.524,292.472,238.988,-6.23129,3.49896,0,389.579,217.12,226.649,0.925383,0,0.0729515
260.75,0,290.59,291.507,292.453,238.983,-6.20774,3.47317,0,389.579,217.12,226.649,0.925618,0,0.0600016
261.25,0,290.576,291.49,292.434,238.979,-6.18009,3.45894,0,389.579,217.12,226.649,0.925847,0,0.0611285
261.75,0,290.563,291.474,292.415,238.976,-6.15075,3.44814,0,389.579,217.12,226.649,0.926074,0,0.074708
262.25,0,290.543,291.456,292.397,238.972,-6.19381,3.38099,0,389.168,217.069,226.649,0.926327,0,0.0524542
262.75,0,290.528,291.439,292.378,238.968,-6.17069,3.35587,0,389.168,217.069,226.649,0.926557,0,0.0746509
263.25,0,290.514,291.423,292.359,238.964,-6.14349,3.34222,0,389.168,217.069,226.649,0.926782,0,0.0539871
263.75,0,290.501,291.406,292.341,238.96,-6.11461,3.33198,0,389.168,217.069,226.649,0.927003,0,0.0734456
264.25,0,290.481,291.389,292.322,238.956,-6.15697,3.2663,0,388.763,217.017,226.649,0.927251,0,0.0519464
264.75,0,290.466,291.372,292.304,238.952,-6.1342,3.24197,0,388.763,217.017,226.649,0.927476,0,0.0740058
265.25,0,290.453,291.356,292.285,238.948,-6.10741,3.22893,0,388.763,217.017,226.649,0.927696,0,0.053406
265.75,0,290.44,291.34,292.267,238.945,-6.07894,3.21925,0,388.763,217.017,226.649,0.927912,0,0.0728486
266.25,0,290.42,291.322,292.249,238.941,-6.12107,3.1547,0,388.361,216.965,226.649,0.928156,0,0.0513243
266.75,0,290.405,291.306,292.23,238.937,-6.09868,3.13104,0,388.361,216.965,226.649,0.928376,0,0.0734053
267.25,0,290.392,291.289,292.212,238.933,-6.07228,3.11855,0,388.361,216.965,226.649,0.928591,0,0.0527515
267.75,0,290.379,291.273,292.194,238.929,-6.04423,3.10937,0,388.361,216.965,226.649,0.928803,0,0.0722174
268.25,0,290.359,291.256,292.175,238.925,-6.08607,3.04588,0,387.963,216.913,226.649,0.929041,0,0.050857
268.75,0,290.344,291.24,292.157,238.922,-6.06404,3.02284,0,387.963,216.913,226.649,0.929257,0,0.0726521
269.25,0,290.331,291.224,292.139,238.918,-6.03803,3.01086,0,387.963,216.913,226.649,0.929468,0,0.0522126
269.75,0,290.318,291.208,292.121,238.914,-6.01037,3.00214,0,387.963,216.913,226.649,0.929675,0,0.0716606
270.25,0,290.298,291.191,292.103,238.91,-6.05194,2.93965,0,387.567,216.862,226.649,0.92991,0,0.050207
270.75,0,290.284,291.174,292.085,238.907,-6.03025,2.91719,0,387.567,216.862,226.649,0.930121,0,0.0721128
271.25,0,290.271,291.158,292.067,238.903,-6.00461,2.90567,0,387.567,216.862,226.649,0.930328,0,0.0515309
271.75,0,290.258,291.143,292.049,238.899,-5.97733,2.89738,0,387.567,216.862,226.649,0.930532,0,0.0710419
272.25,0,290.239,291.126,292.032,238.895,-6.01861,2.83585,0,387.175,216.81,226.649,0.930762,0,0.0498002
272.75,0,290.224,291.109,292.014,238.892,-5.99726,2.81393,0,387.175,216.81,226.649,0.93097,0,0.0713265
273.25,0,290.211,291.093,291.996,238.888,-5.97197,2.80284,0,387.175,216.81,226.649,0.931173,0,0.0510578
273.75,0,290.199,291.078,291.978,238.884,-5.94506,2.79493,0,387.175,216.81,226.649,0.931373,0,0.0705074
274.25,0,290.179,291.061,291.961,238.88,-5.98607,2.73431,0,386.786,216.759,226.649,0.931599,0,0.049103
274.75,0,290.165,291.045,291.943,238.877,-5.96503,2.7129,0,386.786,216.759,226.649,0.931803,0,0.070866
275.25,0,290.152,291.029,291.925,238.873,-5.94009,2.70219,0,386.786,216.759,226.649,0.932003,0,0.0503197
275.75,0,290.139,291.014,291.908,238.87,-5.91353,2.69465,0,386.786,216.759,226.649,0.932199,0,0.069909
276.25,0,290.12,290.997,291.89,238.866,-5.95426,2.63489,0,386.4,216.709,226.649,0.932422,0,0.0487737
276.75,0,290.106,290.981,291.873,238.862,-5.93353,2.61395,0,386.4,216.709,226.649,0.932623,0,0.0700599
277.25,0,290.093,290.966,291.855,238.858,-5.90892,2.60361,0,386.4,216.709,226.649,0.932819,0,0.0498881
277.75,0,290.081,290.95,291.838,238.855,-5.88269,2.59639,0,386.4,216.709,226.649,0.933012,0,0.0693749
278.25,0,290.061,290.934,291.821,238.851,-5.92316,2.53746,0,386.017,216.658,226.649,0.933232,0,0.0480681
278.75,0,290.047,290.918,291.803,238.848,-5.90272,2.51695,0,386.017,216.658,226.649,0.93343,0,0.0696144
279.25,0,290.034,290.902,291.786,238.844,-5.87842,2.50694,0,386.017,216.658,226.649,0.933623,0,0.0491897
279.75,0,290.022,290.887,291.769,238.841,-5.85252,2.50001,0,386.017,216.658,226.649,0.933813,0,0.0687977
280.25,0,290.003,290.871,291.752,238.837,-5.89273,2.44188,0,385.637,216.608,226.649,0.93403,4.5608e-08,0.0477181
280.75,0,289.989,290.855,291.735,238.834,-5.87256,2.42178,0,385.637,216.608,226.649,0.934225,0,0.0688458
281.25,0,289.976,290.84,291.717,238.83,-5.84857,2.41207,0,385.637,216.608,226.649,0.934415,0,0.0487568
281.75,0,289.964,290.825,291.7,238.826,-5.82297,2.40542,0,385.637,216.608,226.649,0.934602,0,0.0682798
282.25,0,289.945,290.808,291.683,238.822,-5.86292,2.34804,0,385.26,216.557,226.649,0.934816,1.03418e-06,0.0470406
282.75,0,289.931,290.793,291.666,238.819,-5.84303,2.32833,0,385.26,216.557,226.649,0.935008,9.12425e-07,0.0684068
283.25,0,289.918,290.777,291.649,238.815,-5.81933,2.3189,0,385.26,216.557,226.649,0.935196,8.11346e-07,0.0480692
283.75,0,289.906,290.762,291.632,238.812,-5.79403,2.3125,0,385.26,216.557,226.649,0.935381,7.02608e-07,0.0677192
284.25,0,289.888,290.746,291.615,238.808,-5.83135,2.24848,0,384.885,216.507,226.649,0.935581,7.99057e-06,0.0466977
284.75,0,289.875,290.731,291.599,238.805,-5.81183,2.23173,0,384.885,216.507,226.649,0.935767,7.38791e-06,0.0676698
285.25,0,289.862,290.716,291.582,238.801,-5.78859,2.22345,0,384.885,216.507,226.649,0.93595,6.89781e-06,0.0476333
285.75,0,289.85,290.701,291.565,238.798,-5.76377,2.21793,0,384.885,216.507,226.649,0.936131,6.3786e-06,0.0672057
286.25,0,289.832,290.685,291.548,238.794,-5.80143,2.15361,0,384.514,216.458,226.649,0.936324,1.55119e-05,0.0460553
286.75,0,289.818,290.67,291.531,238.791,-5.784,2.14191,0,384.514,216.458,226.649,0.936512,1.17895e-05,0.0672142
287.25,0,289.806,290.655,291.515,238.787,-5.76106,2.13307,0,384.514,216.458,226.649,0.936693,1.13135e-05,0.046997
287.75,0,289.794,290.64,291.498,238.784,-5.73657,2.12763,0,384.514,216.458,226.649,0.936872,1.07962e-05,0.0666616
288.25,0,289.776,290.624,291.482,238.781,-5.77236,2.06139,0,384.145,216.409,226.649,0.937058,2.26856e-05,0.0456788
288.75,0,289.763,290.609,291.465,238.777,-5.75372,2.04687,0,384.145,216.409,226.649,0.937236,2.16828e-05,0.0665191
289.25,0,289.75,290.594,291.448,238.774,-5.73127,2.03977,0,384.145,216.409,226.649,0.937412,2.08767e-05,0.0465631
289.75,0,289.738,290.579,291.432,238.771,-5.70726,2.03521,0,384.145,216.409,226.649,0.937586,2.00277e-05,0.0661608
290.25,0,289.72,290.564,291.415,238.767,-5.74256,1.96926,0,383.78,216.36,226.649,0.937755,3.30477e-05,0.045063
290.75,0,289.707,290.549,291.399,238.764,-5.72535,1.95654,0,383.78,216.36,226.649,0.937926,3.16726e-05,0.0660867
291.25,0,289.695,290.534,291.383,238.76,-5.70354,1.95025,0,383.78,216.36,226.649,0.938098,3.06014e-05,0.0459164
291.75,0,289.683,290.52,291.366,238.757,-5.68,1.94628,0,383.78,216.36,226.649,0.938271,2.94839e-05,0.0589536
292.25,0,289.665,290.504,291.35,238.753,-5.71595,1.88181,0,383.412,216.311,226.649,0.938416,4.2183e-05,0.0478453
292.75,0,289.652,290.49,291.334,238.75,-5.70097,1.87066,0,383.412,216.311,226.649,0.938577,4.06863e-05,0.0693964
293.25,0,289.64,290.475,291.317,238.746,-5.68009,1.86512,0,383.412,216.311,226.649,0.938742,3.95639e-05,0.0454923
293.75,0,289.628,290.461,291.301,238.743,-5.65725,1.86173,0,383.412,216.311,226.649,0.938908,3.8409e-05,0.0536736
294.25,0,289.61,290.445,291.285,238.74,-5.69218,1.7948,0,383.045,216.263,226.649,0.939067,5.40102e-05,0.0526477
294.75,0,289.597,290.431,291.269,238.736,-5.6757,1.78321,0,383.045,216.263,226.649,0.939229,5.23909e-05,0.0527976
295.25,0,289.585,290.416,291.253,238.733,-5.65475,1.7778,0,383.045,216.263,226.649,0.939391,5.11545e-05,0.0682262
295.75,0,289.573,290.402,291.237,238.73,-5.63207,1.77464,0,383.045,216.263,226.649,0.939553,4.98908e-05,0.0487287
296.25,0,289.555,290.387,291.221,238.726,-5.66866,1.70927,0,382.679,216.216,226.649,0.939726,6.53127e-05,0.043993
296.75,0,289.542,290.372,291.205,238.723,-5.65113,1.69692,0,382.679,216.216,226.649,0.939892,6.35685e-05,0.0615378
297.25,0,289.53,290.357,291.189,238.719,-5.63179,1.69429,0,382.679,216.216,226.649,0.940063,6.00693e-05,0.0446354
297.75,0,289.518,290.343,291.173,238.717,-5.60871,1.69019,0,382.679,216.216,226.649,0.940228,5.88865e-05,0.0744908
298.25,0,289.501,290.328,291.157,238.713,-5.6444,1.62304,0,382.313,216.17,226.649,0.940393,7.66648e-05,0.0434349
298.75,0,289.488,290.313,291.141,238.71,-5.62759,1.61153,0,382.313,216.17,226.649,0.940555,7.48584e-05,0.0477229
299.25,0,289.476,290.299,291.125,238.706,-5.60681,1.60627,0,382.313,216.17,226.649,0.940717,7.34468e-05,0.05394
299.75,0,289.464,290.285,291.109,238.703,-5.58443,1.60333,0,382.313,216.17,226.649,0.940878,7.19734e-05,0.0494177
300.25,0,289.447,290.27,291.093,238.7,-5.61872,1.53754,0,381.955,216.12,226.649,0.941023,9.01321e-05,0.0540211
300.75,0,289.434,290.255,291.077,238.696,-5.60347,1.52797,0,381.955,216.12,226.649,0.941178,8.79942e-05,0.0477806
301.25,0,289.422,290.241,291.062,238.694,-5.58336,1.5236,0,381.955,216.12,226.649,0.941334,8.63635e-05,0.0765303
301.75,0,289.41,290.227,291.046,238.69,-5.56149,1.52126,0,381.955,216.12,226.649,0.941492,8.46746e-05,0.0464265
302.25,0,289.393,290.213,291.03,238.687,-5.59696,1.45684,0,381.595,216.076,226.649,0.941629,0.000102678,0.0430803
302.75,0,289.38,290.198,291.015,238.684,-5.58256,1.44772,0,381.595,216.076,226.649,0.941778,0.000100513,0.0486296
303.25,0,289.368,290.184,290.999,238.68,-5.56293,1.44364,0,381.595,216.076,339.934,0.941929,9.88967e-05,0.0540338
303.75,0,289.357,290.17,290.983,238.677,-5.54145,1.44157,0,381.595,216.076,339.934,0.942082,9.72558e-05,0.0470505
304.25,0,289.339,290.155,290.968,238.674,-5.57551,1.37756,0,381.242,216.026,339.934,0.942237,0.000116379,0.054355
304.75,0,289.327,290.141,290.952,238.671,-5.55941,1.36769,0,381.242,216.026,339.934,0.942391,0.000114168,0.0452297
305.25,0,289.315,290.127,290.937,238.668,-5.53944,1.36354,0,381.242,216.026,339.934,0.942544,0.000112442,0.0820253
305.75,0,289.303,290.113,290.921,238.665,-5.51789,1.3615,0,381.242,216.026,339.934,0.942698,0.000110656,0.0446298
306.25,0,289.286,290.098,290.906,238.661,-5.55527,1.29952,0,380.885,215.983,339.934,0.942868,0.000128795,0.042933
306.75,0,289.273,290.084,290.89,238.658,-5.53825,1.28834,0,380.885,215.983,339.934,0.943027,0.000126739,0.0442132
307.25,0,289.262,290.07,290.875,238.655,-5.51806,1.28373,0,380.885,215.983,339.934,0.943183,0.000125081,0.0523568
307.75,0,289.25,290.056,290.859,238.652,-5.49642,1.28142,0,380.885,215.983,339.934,0.943338,0.000123341,0.0467543
308.25,0,289.233,290.042,290.844,238.649,-5.53037,1.21739,0,380.536,215.933,339.934,0.943491,0.000144257,0.0523526
308.75,0,289.221,290.027,290.829,238.645,-5.51455,1.20806,0,380.536,215.933,339.934,0.943643,0.000141932,0.0454152
309.25,0,289.209,290.014,290.813,238.642,-5.49488,1.20421,0,380.536,215.933,339.934,0.943795,0.000140094,0.0539907
309.75,0,289.198,290,290.798,238.639,-5.47363,1.20241,0,380.536,215.933,339.934,0.943948,0.000138166,0.043859
310.25,0,289.181,289.985,290.783,238.636,-5.5082,1.14026,0,380.188,215.886,339.934,0.94408,0.000158456,0.0543799
310.75,0,289.168,289.971,290.768,238.632,-5.49415,1.13238,0,380.188,215.886,339.934,0.944224,0.000155956,0.0422855
311.25,0,289.156,289.958,290.752,238.631,-5.47521,1.12917,0,380.188,215.886,339.934,0.94437,0.000154039,0.0935844
311.75,0,289.145,289.944,290.737,238.627,-5.45451,1.12784,0,380.188,215.886,339.934,0.944518,0.000152053,0.0417596
312.25,0,289.128,289.93,290.722,238.624,-5.48793,1.06274,0,379.837,215.845,339.934,0.944652,0.000175118,0.0430123
312.75,0,289.116,289.916,290.707,238.621,-5.47374,1.05494,0,379.837,215.845,339.934,0.944794,0.000172503,0.041278
313.25,0,289.104,289.902,290.692,238.617,-5.45504,1.05196,0,379.837,215.845,339.934,0.944938,0.000170473,0.0436958
313.75,0,289.093,289.889,290.677,238.614,-5.43463,1.05088,0,379.837,215.845,339.934,0.945084,0.000168347,0.0482884
314.25,0,289.076,289.874,290.662,238.611,-5.46845,0.990809,0,379.497,215.796,339.934,0.945226,0.000189144,0.0471689
314.75,0,289.064,289.861,290.647,238.608,-5.45364,0.98268,0,379.497,215.796,339.934,0.945372,0.000186583,0.0482501
315.25,0,289.052,289.847,290.632,238.605,-5.43471,0.979554,0,379.497,215.796,339.934,0.945517,0.000184588,0.0473191
315.75,0,289.041,289.834,290.617,238.602,-5.41418,0.97838,0,379.497,215.796,339.934,0.945662,0.000182523,0.0482311
316.25,0,289.024,289.819,290.602,238.599,-5.44761,0.916437,0,379.156,215.749,339.934,0.945814,0.000205422,0.0461407
316.75,0,289.012,289.805,290.587,238.596,-5.43205,0.907894,0,379.156,215.749,339.934,0.945961,0.000202883,0.0483861
317.25,0,289.001,289.792,290.572,238.593,-5.41297,0.904694,0,379.156,215.749,339.934,0.946108,0.000200844,0.0459771
317.75,0,288.99,289.779,290.557,238.59,-5.39244,0.90352,0,379.156,215.749,339.934,0.946254,0.000198686,0.0487158
318.25,0,288.973,289.764,290.542,238.586,-5.42728,0.843959,0,378.816,215.703,339.934,0.946408,0.000220551,0.044426
318.75,0,288.961,289.75,290.527,238.584,-5.41166,0.83518,0,378.816,215.703,339.934,0.946556,0.000218095,0.0492735
319.25,0,288.949,289.737,290.512,238.58,-5.39267,0.83195,0,378.816,215.703,339.934,0.946703,0.000216084,0.0438402
319.75,0,288.938,289.724,290.498,238.577,-5.37224,0.830771,0,378.816,215.703,339.934,0.946849,0.000213943,0.0500217
320.25,0,288.922,289.71,290.483,238.574,-5.40482,0.768789,0,378.479,215.657,339.934,0.946989,0.000238275,0.0430208
320.75,0,288.91,289.696,290.468,238.571,-5.39013,0.761214,0,378.479,215.657,339.934,0.947131,0.000235636,0.0487051
321.25,0,288.898,289.683,290.453,238.568,-5.37159,0.758523,0,378.479,215.657,339.934,0.947275,0.000233507,0.0435331
321.75,0,288.887,289.669,290.439,238.567,-5.35149,0.757705,0,378.479,215.657,339.934,0.947418,0.000231238,0.114084
322.25,0,288.871,289.655,290.424,238.575,-5.38615,0.695464,0,378.132,215.621,339.934,0.947541,0.000255993,0.378161
322.75,0,288.859,289.642,290.409,238.585,-5.3732,0.688894,0,378.132,215.621,339.934,0.947674,0.000253144,0.468238
323.25,0,288.847,289.629,290.395,238.61,-5.35551,0.686721,0,378.132,215.621,339.934,0.947811,0.000250921,0.958428
323.75,0,288.836,289.616,290.38,238.606,-5.33606,0.686345,0,378.132,215.621,339.934,0.947949,0.000248577,0.01834
324.25,0,288.809,289.599,290.365,238.602,-5.45601,0.512031,0,377.178,215.909,339.934,0.948093,0.000323924,0.0180672
324.75,0,288.793,289.584,290.351,238.597,-5.45152,0.486887,0,377.178,215.909,339.934,0.948234,0.000322837,0.0181499
325.25,0,288.78,289.57,290.336,238.593,-5.43864,0.477849,0,377.178,215.909,339.934,0.94838,0.000321396,0.0180154
325.75,0,288.767,289.555,290.321,238.59,-5.4214,0.473311,0,377.178,215.909,339.934,0.948527,0.000319623,0.0180151
326.25,0,288.75,289.54,290.306,238.586,-5.43771,0.412401,0,376.867,215.828,339.934,0.948694,0.000343873,0.0179336
326.75,0,288.737,289.526,290.291,238.582,-5.42217,0.402333,0,376.867,215.828,339.934,0.948851,0.000341708,0.0179005
327.25,0,288.725,289.511,290.277,238.578,-5.40325,0.39807,0,376.867,215.828,339.934,0.949003,0.000339772,0.0178375
327.75,0,288.713,289.498,290.262,238.574,-5.38302,0.396382,0,376.867,215.828,339.934,0.949154,0.000337502,0.0177948
328.25,0,288.696,289.483,290.247,238.57,-5.41272,0.34107,0,376.559,215.751,339.934,0.9493,0.000361269,0.017744
328.75,0,288.684,289.469,290.232,238.566,-5.39752,0.334061,0,376.559,215.751,339.934,0.949445,0.000358621,0.017695
329.25,0,288.672,289.455,290.217,238.562,-5.37746,0.329836,0,376.559,215.751,339.934,0.949591,0.000357712,0.0176422
329.75,0,288.661,289.441,290.203,238.558,-5.35711,0.329434,0,376.559,215.751,339.934,0.949737,0.000355148,0.0175925
330.25,0,288.644,289.427,290.188,238.554,-5.38565,0.275537,0,376.258,215.677,339.934,0.949875,0.000379812,0.0175461
330.75,0,288.632,289.413,290.173,238.55,-5.37062,0.269725,0,376.258,215.677,339.934,0.950013,0.000377022,0.0174957
331.25,0,288.621,289.4,290.159,238.546,-5.35217,0.268276,0,376.258,215.677,339.934,0.950153,0.00037456,0.0174467
331.75,0,288.61,289.387,290.144,238.543,-5.33227,0.268494,0,376.258,215.677,339.934,0.950293,0.000371888,0.0173966
332.25,0,288.594,289.373,290.129,238.539,-5.36057,0.21589,0,375.96,215.605,339.934,0.950417,0.000396091,0.020015
332.75,0,288.581,289.359,290.115,238.535,-5.34651,0.211323,0,375.96,215.605,339.934,0.950549,0.000393043,0.0257784
333.25,0,288.57,289.346,290.1,238.532,-5.32852,0.210502,0,375.96,215.605,339.934,0.950683,0.000390451,0.0191901
333.75,0,288.559,289.333,290.085,238.528,-5.30902,0.211198,0,375.96,215.605,339.934,0.950819,0.000387684,0.031605
334.25,0,288.543,289.319,290.071,238.524,-5.33664,0.157145,0,375.66,215.538,339.934,0.950949,0.00041325,0.0171574
334.75,0,288.531,289.305,290.056,238.521,-5.32212,0.15231,0,375.66,215.538,339.934,0.95108,0.000410331,0.0237316
335.25,0,288.52,289.292,290.042,238.517,-5.30419,0.151589,0,375.66,215.538,339.934,0.951213,0.000407734,0.020961
335.75,0,288.509,289.279,290.027,238.514,-5.28484,0.152435,0,375.66,215.538,339.934,0.951347,0.000404917,0.023866
336.25,0,288.494,289.265,290.013,238.51,-5.3133,0.101196,0,375.365,215.47,339.934,0.951478,0.000429549,0.0205652
336.75,0,288.482,289.252,289.999,238.507,-5.29885,0.0964244,0,375.365,215.47,339.934,0.951611,0.000426624,0.0240488
337.25,0,288.471,289.239,289.984,238.503,-5.28097,0.0957179,0,375.365,215.47,339.934,0.951744,0.000424018,0.0201168
337.75,0,288.46,289.226,289.97,238.5,-5.26167,0.0965387,0,375.365,215.47,339.934,0.951878,0.000421223,0.0499268
338.25,0,288.445,289.213,289.956,238.497,-5.29116,0.0449278,0,375.066,215.407,339.934,0.952013,0.00044603,0.0167705
338.75,0,288.433,289.199,289.941,238.493,-5.28107,0.0546719,0,375.066,215.407,339.934,0.952164,0.000511108,0.016726
339.25,0,288.422,289.186,289.927,238.489,-5.26413,0.0493037,0,375.066,215.407,339.934,0.952302,0.00051015,0.0166779
339.75,0,288.411,289.174,289.913,238.486,-5.24603,0.0479478,0,375.066,215.407,339.934,0.952437,0.000507816,0.0247908
340.25,0,288.396,289.16,289.898,238.482,-5.27441,-0.00438341,0,374.777,215.339,339.934,0.95256,0.000534276,0.0186579
340.75,0,288.384,289.147,289.884,238.479,-5.26116,-0.00951336,0,374.777,215.339,339.934,0.952688,0.000530604,0.0252212
341.25,0,288.373,289.134,289.87,238.475,-5.24416,-0.0105462,0,374.777,215.339,339.934,0.952817,0.00052777,0.0179506
341.75,0,288.363,289.122,289.856,238.472,-5.2257,-0.0099073,0,374.777,215.339,339.934,0.952946,0.000524749,0.0257415
342.25,0,288.347,289.108,289.842,238.468,-5.25315,-0.0610437,0,374.488,215.274,339.934,0.953066,0.000550743,0.0171518
342.75,0,288.336,289.095,289.828,238.465,-5.23982,-0.0653419,0,374.488,215.274,339.934,0.95319,0.000546803,0.0263714
343.25,0,288.325,289.083,289.814,238.461,-5.2229,-0.065686,0,374.488,215.274,339.934,0.953317,0.000543732,0.0163097
343.75,0,288.314,289.07,289.8,238.458,-5.20452,-0.0645409,0,374.488,215.274,339.934,0.953445,0.000540529,0.0269602
344.25,0,288.299,289.057,289.786,238.455,-5.2307,-0.116403,0,374.2,215.21,339.934,0.95357,0.00056776,0.0162162
344.75,0,288.288,289.044,289.772,238.451,-5.21689,-0.120637,0,374.2,215.21,339.934,0.953697,0.000563788,0.0260427
345.25,0,288.277,289.031,289.758,238.448,-5.19964,-0.121002,0,374.2,215.21,339.934,0.953824,0.000560762,0.0161244
345.75,0,288.267,289.019,289.744,238.445,-5.18116,-0.119758,0,374.2,215.21,339.934,0.953951,0.000557551,0.0267444
346.25,0,288.251,289.005,289.73,238.441,-5.2086,-0.169327,0,373.915,215.146,339.934,0.954076,0.000583731,0.0160328
346.75,0,288.24,288.993,289.716,238.438,-5.19474,-0.173619,0,373.915,215.146,339.934,0.954201,0.000579871,0.0257092
347.25,0,288.229,288.98,289.702,238.434,-5.1777,-0.173785,0,373.915,215.146,339.934,0.954327,0.00057679,0.0160214
347.75,0,288.219,288.968,289.688,238.431,-5.15933,-0.172455,0,373.915,215.146,339.934,0.954454,0.000573559,0.0263749
348.25,0,288.204,288.955,289.674,238.428,-5.18665,-0.221457,0,373.631,215.083,339.934,0.954579,0.00059944,0.0266074
348.75,0,288.193,288.942,289.66,238.425,-5.17289,-0.225603,0,373.631,215.083,339.934,0.954706,0.000595497,0.0306068
349.25,0,288.182,288.93,289.647,238.422,-5.1558,-0.225824,0,373.631,215.083,339.934,0.954833,0.000592419,0.0256406
349.75,0,288.172,288.917,289.633,238.419,-5.13745,-0.224514,0,373.631,215.083,339.934,0.95496,0.000589187,0.0318922
350.25,0,288.157,288.904,289.619,238.416,-5.16653,-0.274746,0,373.339,215.029,339.934,0.955091,0.000615697,0.0248858
350.75,0,288.146,288.891,289.605,238.413,-5.15264,-0.279459,0,373.339,215.029,339.934,0.955219,0.000611849,0.031449
351.25,0,288.135,288.879,289.592,238.41,-5.13405,-0.281845,0,373.339,215.029,339.934,0.955339,0.000610288,0.0243615
351.75,0,288.125,288.867,289.578,238.407,-5.11621,-0.280015,0,373.339,215.029,339.934,0.955464,0.000606907,0.0324051
352.25,0,288.11,288.854,289.564,238.404,-5.14455,-0.330228,0,373.048,214.974,339.934,0.955591,0.000634408,0.0238514
352.75,0,288.099,288.841,289.551,238.401,-5.13089,-0.334653,0,373.048,214.974,339.934,0.955717,0.000630628,0.0318072
353.25,0,288.088,288.829,289.537,238.398,-5.11402,-0.334904,0,373.048,214.974,339.934,0.955843,0.000627629,0.0235029
353.75,0,288.078,288.817,289.524,238.395,-5.09591,-0.333557,0,373.048,214.974,339.934,0.955968,0.000624425,0.0325608
354.25,0,288.063,288.804,289.51,238.392,-5.12405,-0.383486,0,372.758,214.921,339.934,0.956095,0.000651749,0.0231847
354.75,0,288.052,288.791,289.496,238.389,-5.11044,-0.387898,0,372.758,214.921,339.934,0.95622,0.000648,0.0392732
355.25,0,288.042,288.779,289.483,238.386,-5.09366,-0.388137,0,372.758,214.921,339.934,0.956345,0.000645018,0.0254567
355.75,0,288.032,288.767,289.469,238.384,-5.07565,-0.386772,0,372.758,214.921,339.934,0.95647,0.000641827,0.0398532
356.25,0,288.017,288.754,289.456,238.381,-5.10439,-0.43731,0,372.465,214.871,339.934,0.956592,0.000669522,0.025175
356.75,0,288.006,288.742,289.442,238.378,-5.09127,-0.441493,0,372.465,214.871,339.934,0.956714,0.000665703,0.0390819
357.25,0,287.995,288.729,289.429,238.375,-5.07485,-0.44153,0,372.465,214.871,339.934,0.956836,0.000662679,0.0249999
357.75,0,287.985,288.717,289.416,238.372,-5.05712,-0.440004,0,372.465,214.871,339.934,0.956959,0.00065946,0.0395741
358.25,0,287.97,288.705,289.402,238.369,-5.08439,-0.491881,0,372.173,214.822,339.934,0.957078,0.000688558,0.024823
358.75,0,287.959,288.692,289.389,238.367,-5.07139,-0.495801,0,372.173,214.822,339.934,0.957198,0.000684798,0.0386872
359.25,0,287.949,288.68,289.375,238.364,-5.05509,-0.495682,0,372.173,214.822,339.934,0.957319,0.000681801,0.024737
359.75,0,287.939,288.668,289.362,238.361,-5.0375,-0.494019,0,372.173,214.822,339.934,0.957439,0.000678576,0.0391223
360.25,0,287.924,288.655,289.349,238.358,-5.06609,-0.544896,0,371.879,214.773,339.934,0.957556,0.000707472,0.0245409
360.75,0,287.913,288.643,289.335,238.356,-5.05346,-0.54875,0,371.879,214.773,339.934,0.957672,0.000703716,0.038338
361.25,0,287.903,288.631,289.322,238.353,-5.03752,-0.548452,0,371.879,214.773,339.934,0.957789,0.00070068,0.0244341
361.75,0,287.893,288.619,289.309,238.35,-5.02026,-0.546592,0,371.879,214.773,339.934,0.957907,0.000697409,0.0387163
362.25,0,287.878,288.607,289.295,238.347,-5.04871,-0.597018,0,371.586,214.725,339.934,0.958019,0.000726066,0.0243066
362.75,0,287.867,288.594,289.282,238.345,-5.0365,-0.600504,0,371.586,214.725,339.934,0.958133,0.000722217,0.0378619
363.25,0,287.857,288.582,289.269,238.342,-5.0208,-0.600021,0,371.586,214.725,339.934,0.958248,0.000719135,0.0242503
363.75,0,287.847,288.571,289.256,238.34,-5.00376,-0.598016,0,371.586,214.725,339.934,0.958364,0.000715829,0.0382165
364.25,0,287.832,288.558,289.243,238.337,-5.03202,-0.647928,0,371.294,214.677,339.934,0.958474,0.000744206,0.0241029
364.75,0,287.821,288.546,289.229,238.334,-5.01994,-0.651272,0,371.294,214.677,339.934,0.958586,0.000740337,0.0374368
365.25,0,287.811,288.534,289.216,238.331,-5.00439,-0.650677,0,371.294,214.677,339.934,0.9587,0.000737232,0.0240247
365.75,0,287.801,288.522,289.203,238.329,-4.9875,-0.648574,0,371.294,214.677,339.934,0.958815,0.000733905,0.0377633
366.25,0,287.786,288.509,289.19,238.326,-5.01465,-0.699453,0,371.004,214.63,339.934,0.958929,0.000763765,0.0239182
366.75,0,287.775,288.497,289.177,238.323,-5.00213,-0.703021,0,371.004,214.63,339.934,0.959043,0.000760124,0.0369309
367.25,0,287.765,288.485,289.164,238.321,-4.98649,-0.702433,0,371.004,214.63,339.934,0.959157,0.000757099,0.0238845
367.75,0,287.755,288.474,289.151,238.318,-4.96958,-0.700306,0,371.004,214.63,339.934,0.959271,0.000753803,0.0372245
368.25,0,287.74,288.461,289.138,238.315,-4.9975,-0.749618,0,370.715,214.583,339.934,0.959381,0.000782746,0.0237505
368.75,0,287.729,288.449,289.125,238.313,-4.98543,-0.752857,0,370.715,214.583,339.934,0.959492,0.000779044,0.0364977
369.25,0,287.719,288.437,289.112,238.31,-4.97001,-0.752149,0,370.715,214.583,339.934,0.959605,0.000775995,0.0236852
369.75,0,287.71,288.426,289.099,238.308,-4.95328,-0.749931,0,370.715,214.583,339.934,0.959718,0.000772681,0.0367529
370.25,0,287.695,288.413,289.086,238.305,-4.9811,-0.798696,0,370.428,214.536,339.934,0.959827,0.000801296,0.0248201
370.75,0,287.684,288.401,289.073,238.303,-4.96915,-0.801825,0,370.428,214.536,339.934,0.959939,0.00079755,0.0453795
371.25,0,287.674,288.389,289.06,238.3,-4.95378,-0.801099,0,370.428,214.536,339.934,0.960052,0.00079449,0.0255301
371.75,0,287.664,288.378,289.047,238.298,-4.93712,-0.798865,0,370.428,214.536,339.934,0.960165,0.000791169,0.0448938
372.25,0,287.649,288.365,289.034,238.295,-4.9664,-0.848653,0,370.134,214.494,339.934,0.960278,0.000820379,0.0260169
372.75,0,287.639,288.353,289.021,238.293,-4.95449,-0.852122,0,370.134,214.494,339.934,0.960393,0.000816649,0.0435743
373.25,0,287.628,288.341,289.008,238.29,-4.93782,-0.853288,0,370.134,214.494,339.934,0.960502,0.000814947,0.0264647
373.75,0,287.619,288.33,288.995,238.288,-4.92142,-0.850746,0,370.134,214.494,339.934,0.960615,0.000811523,0.0432928
374.25,0,287.604,288.317,288.982,238.286,-4.95025,-0.900491,0,369.84,214.452,339.934,0.960728,0.00084155,0.0267683
374.75,0,287.593,288.305,288.969,238.283,-4.93829,-0.903958,0,369.84,214.452,339.934,0.960842,0.000838047,0.0421465
375.25,0,287.583,288.294,288.956,238.281,-4.92297,-0.903377,0,369.84,214.452,339.934,0.960956,0.000835115,0.027067
375.75,0,287.573,288.282,288.944,238.279,-4.90637,-0.901225,0,369.84,214.452,339.934,0.96107,0.000831865,0.0419979
376.25,0,287.559,288.27,288.931,238.276,-4.93509,-0.950769,0,369.548,214.41,339.934,0.961184,0.000861751,0.0272116
376.75,0,287.548,288.258,288.918,238.274,-4.92315,-0.954254,0,369.548,214.41,339.934,0.961297,0.00085828,0.04105
377.25,0,287.538,288.246,288.905,238.271,-4.90788,-0.953688,0,369.548,214.41,339.934,0.961411,0.000855366,0.0273701
377.75,0,287.528,288.234,288.892,238.269,-4.89134,-0.951541,0,369.548,214.41,339.934,0.961525,0.00085213,0.0409895
378.25,0,287.514,288.222,288.88,238.267,-4.91993,-1.00075,0,369.256,214.368,339.934,0.961638,0.000881815,0.027443
378.75,0,287.503,288.21,288.867,238.264,-4.90805,-1.00418,0,369.256,214.368,339.934,0.961751,0.000878349,0.0401081
379.25,0,287.493,288.198,288.854,238.262,-4.89284,-1.00358,0,369.256,214.368,339.934,0.961864,0.000875434,0.0275451
379.75,0,287.483,288.187,288.841,238.26,-4.87637,-1.0014,0,369.256,214.368,339.934,0.961977,0.000872196,0.0401018
380.25,0,287.469,288.174,288.829,238.257,-4.90381,-1.05165,0,368.967,214.327,339.934,0.962086,0.000902812,0.0275292
380.75,0,287.458,288.163,288.816,238.255,-4.89212,-1.0547,0,368.967,214.327,339.934,0.962198,0.000899453,0.0393563
381.25,0,287.448,288.151,288.803,238.252,-4.87702,-1.05392,0,368.967,214.327,339.934,0.962309,0.000896597,0.027553
381.75,0,287.438,288.139,288.79,238.25,-4.86065,-1.0516,0,368.967,214.327,339.934,0.962421,0.000893387,0.0393761
382.25,0,287.424,288.127,288.778,238.248,-4.88874,-1.10023,0,368.678,214.285,339.934,0.962532,0.000923553,0.0275158
382.75,0,287.413,288.115,288.765,238.246,-4.87698,-1.10344,0,368.678,214.285,339.934,0.962643,0.000920294,0.0386576
383.25,0,287.403,288.104,288.752,238.243,-4.86194,-1.10266,0,368.678,214.285,339.934,0.962754,0.000917457,0.0275178
383.75,0,287.393,288.092,288.74,238.241,-4.84565,-1.10034,0,368.678,214.285,339.934,0.962865,0.000914254,0.0387014
384.25,0,287.379,288.08,288.727,238.239,-4.87366,-1.14859,0,368.391,214.244,339.934,0.962975,0.000944199,0.0274341
384.75,0,287.368,288.068,288.715,238.236,-4.86198,-1.15173,0,368.391,214.244,339.934,0.963086,0.000940935,0.038063
385.25,0,287.358,288.057,288.702,238.234,-4.84702,-1.1509,0,368.391,214.244,339.934,0.963196,0.000938089,0.0273949
385.75,0,287.349,288.045,288.689,238.232,-4.83082,-1.14853,0,368.391,214.244,339.934,0.963307,0.000934877,0.038115
386.25,0,287.334,288.033,288.677,238.229,-4.8587,-1.1964,0,368.106,214.203,339.934,0.963416,0.00096459,0.0273052
386.75,0,287.324,288.021,288.664,238.227,-4.8471,-1.19944,0,368.106,214.203,339.934,0.963524,0.00096131,0.0374909
387.25,0,287.314,288.01,288.652,238.225,-4.83236,-1.19842,0,368.106,214.203,339.934,0.963632,0.0009584,0.0272636
387.75,0,287.304,287.999,288.639,238.223,-4.81639,-1.19586,0,368.106,214.203,339.934,0.96374,0.00095512,0.0375427
388.25,0,287.29,287.986,288.627,238.22,-4.84336,-1.24439,0,367.822,214.162,339.934,0.963848,0.000985828,0.0271436
388.75,0,287.279,287.975,288.614,238.218,-4.83178,-1.24722,0,367.822,214.162,339.934,0.963954,0.000982738,0.0369891
389.25,0,287.269,287.963,288.602,238.216,-4.81711,-1.24604,0,367.822,214.162,339.934,0.964061,0.0009799,0.0270728
389.75,0,287.26,287.952,288.589,238.214,-4.80121,-1.24336,0,367.822,214.162,339.934,0.964167,0.000976661,0.0370335
390.25,0,287.246,287.94,288.577,238.211,-4.82875,-1.29042,0,367.54,214.121,339.934,0.964272,0.00100666,0.0269597
390.75,0,287.235,287.928,288.564,238.209,-4.81751,-1.293,0,367.54,214.121,339.934,0.964376,0.00100351,0.0364867
391.25,0,287.225,287.917,288.552,238.207,-4.80302,-1.29172,0,367.54,214.121,339.934,0.964481,0.00100064,0.0268911
391.75,0,287.216,287.906,288.539,238.205,-4.78728,-1.28895,0,367.54,214.121,339.934,0.964587,0.000997372,0.0365278
392.25,0,287.202,287.893,288.527,238.202,-4.81467,-1.33558,0,367.259,214.08,339.934,0.96469,0.0010271,0.0267587
392.75,0,287.191,287.882,288.514,238.2,-4.80353,-1.33805,0,367.259,214.08,339.934,0.964794,0.00102393,0.0360325
393.25,0,287.181,287.871,288.502,238.198,-4.78915,-1.33669,0,367.259,214.08,339.934,0.964898,0.00102104,0.0266712
393.75,0,287.172,287.859,288.49,238.196,-4.77351,-1.33386,0,367.259,214.08,339.934,0.965002,0.00101775,0.0360656
394.25,0,287.158,287.847,288.477,238.194,-4.80078,-1.38008,0,366.979,214.04,339.934,0.965105,0.00104723,0.026545
394.75,0,287.147,287.836,288.465,238.191,-4.78972,-1.38247,0,366.979,214.04,339.934,0.965208,0.00104404,0.035575
395.25,0,287.137,287.824,288.452,238.189,-4.77543,-1.38104,0,366.979,214.04,339.934,0.965311,0.00104113,0.0264636
395.75,0,287.128,287.813,288.44,238.187,-4.75931,-1.37903,0,366.979,214.04,339.934,0.965417,0.0010385,0.0355964
396.25,0,287.114,287.801,288.428,238.185,-4.78618,-1.42507,0,366.701,213.999,339.934,0.965519,0.00106853,0.0263206
396.75,0,287.103,287.79,288.415,238.183,-4.77503,-1.42742,0,366.701,213.999,339.934,0.965622,0.00106565,0.035157
397.25,0,287.094,287.778,288.403,238.18,-4.76072,-1.42596,0,366.701,213.999,339.934,0.965725,0.00106287,0.0262233
397.75,0,287.084,287.767,288.391,238.178,-4.7452,-1.42303,0,366.701,213.999,339.934,0.965828,0.00105965,0.0351655
398.25,0,287.07,287.755,288.379,238.176,-4.77215,-1.46862,0,366.424,213.959,339.934,0.96593,0.00108943,0.0260897
398.75,0,287.06,287.744,288.366,238.174,-4.76112,-1.4709,0,366.424,213.959,339.934,0.966032,0.00108653,0.0347319
399.25,0,287.05,287.733,288.354,238.172,-4.74738,-1.46839,0,366.424,213.959,339.934,0.966132,0.001099,0.0259973
399.75,0,287.041,287.722,288.342,238.17,-4.73221,-1.46548,0,366.424,213.959,339.934,0.966234,0.00109616,0.0347338
400.25,0,287.027,287.71,288.33,238.167,-4.75909,-1.51083,0,366.149,213.919,339.934,0.966335,0.00112634,0.0258538
400.75,0,287.016,287.698,288.317,238.165,-4.74775,-1.51383,0,366.149,213.919,339.934,0.966437,0.00112623,0.0343352
401.25,0,287.006,287.687,288.305,238.163,-4.73348,-1.51235,0,366.149,213.919,339.934,0.966539,0.00112419,0.0257502
401.75,0,286.997,287.676,288.293,238.161,-4.71807,-1.50937,0,366.149,213.919,339.934,0.966641,0.00112137,0.034325
402.25,0,286.983,287.664,288.281,238.159,-4.74466,-1.5544,0,365.875,213.879,339.934,0.966742,0.00115188,0.0256116
402.75,0,286.973,287.653,288.268,238.157,-4.73365,-1.55664,0,365.875,213.879,339.934,0.966843,0.00115133,0.0339368
403.25,0,286.963,287.642,288.256,238.155,-4.71953,-1.55507,0,365.875,213.879,339.934,0.966944,0.00114924,0.0255127
403.75,0,286.954,287.631,288.244,238.153,-4.70421,-1.55204,0,365.875,213.879,339.934,0.967046,0.0011464,0.0339148
404.25,0,286.94,287.619,288.232,238.15,-4.73071,-1.5967,0,365.602,213.839,339.934,0.967146,0.00117666,0.0253665
404.75,0,286.929,287.607,288.22,238.148,-4.71975,-1.59886,0,365.602,213.839,339.934,0.967246,0.00117607,0.0335621
405.25,0,286.92,287.596,288.208,238.146,-4.7057,-1.59723,0,365.602,213.839,339.934,0.967347,0.00117396,0.025259
405.75,0,286.911,287.585,288.196,238.144,-4.69045,-1.59416,0,365.602,213.839,339.934,0.967448,0.00117109,0.0335279
406.25,0,286.897,287.574,288.184,238.142,-4.71683,-1.63846,0,365.33,213.799,339.934,0.967547,0.00120111,0.0251189
406.75,0,286.886,287.562,288.171,238.14,-4.70593,-1.64055,0,365.33,213.799,339.934,0.967647,0.00120048,0.0331836
407.25,0,286.877,287.551,288.159,238.138,-4.69171,-1.6393,0,365.33,213.799,339.934,0.967748,0.0011987,0.0250154
407.75,0,286.868,287.54,288.147,238.136,-4.67643,-1.63619,0,365.33,213.799,339.934,0.967848,0.00119591,0.0331378
408.25,0,286.854,287.528,288.135,238.134,-4.70263,-1.68019,0,365.06,213.759,339.934,0.967947,0.00122618,0.0248689
408.75,0,286.843,287.517,288.123,238.132,-4.69172,-1.68222,0,365.06,213.759,339.934,0.968047,0.00122583,0.0328253
409.25,0,286.834,287.506,288.111,238.129,-4.67771,-1.68061,0,365.06,213.759,339.934,0.968147,0.00122426,0.0247589
409.75,0,286.825,287.495,288.099,238.127,-4.66258,-1.67743,0,365.06,213.759,339.934,0.968247,0.00122192,0.0327674
410.25,0,286.811,287.484,288.087,238.125,-4.68868,-1.72111,0,364.791,213.72,339.934,0.968346,0.00125373,0.0246178
410.75,0,286.801,287.472,288.075,238.123,-4.67783,-1.72309,0,364.791,213.72,339.934,0.968446,0.00125516,0.0324639
411.25,0,286.791,287.461,288.063,238.121,-4.66392,-1.72134,0,364.791,213.72,339.934,0.968546,0.00125387,0.0245116
411.75,0,286.782,287.45,288.051,238.119,-4.64884,-1.71816,0,364.791,213.72,339.934,0.968646,0.00125155,0.032395
412.25,0,286.768,287.439,288.039,238.117,-4.67483,-1.76155,0,364.524,213.68,339.934,0.968745,0.00128314,0.0243659
412.75,0,286.758,287.428,288.027,238.115,-4.66402,-1.76348,0,364.524,213.68,339.934,0.968844,0.00128454,0.0321196
413.25,0,286.749,287.417,288.015,238.113,-4.65017,-1.7617,0,364.524,213.68,339.934,0.968944,0.00128323,0.0242547
413.75,0,286.739,287.406,288.003,238.111,-4.63515,-1.75851,0,364.524,213.68,339.934,0.969044,0.00128089,0.0320388
414.25,0,286.726,287.394,287.991,238.109,-4.66103,-1.80157,0,364.257,213.641,339.934,0.969142,0.00131224,0.0241139
414.75,0,286.716,287.383,287.979,238.107,-4.65026,-1.80345,0,364.257,213.641,339.934,0.969241,0.0013136,0.0317731
415.25,0,286.706,287.372,287.968,238.105,-4.63647,-1.80164,0,364.257,213.641,339.934,0.96934,0.00131227,0.0240065
415.75,0,286.697,287.361,287.956,238.103,-4.62152,-1.79843,0,364.257,213.641,339.934,0.969439,0.00130992,0.0316811
416.25,0,286.683,287.35,287.944,238.101,-4.64729,-1.84115,0,363.992,213.602,339.934,0.969537,0.00134103,0.0238624
416.75,0,286.673,287.338,287.932,238.099,-4.63657,-1.84298,0,363.992,213.602,339.934,0.969635,0.00134234,0.0314412
417.25,0,286.664,287.328,287.92,238.097,-4.62285,-1.84114,0,363.992,213.602,339.934,0.969734,0.00134099,0.023751
417.75,0,286.655,287.317,287.908,238.095,-4.60797,-1.83789,0,363.992,213.602,339.934,0.969833,0.00133862,0.0313373
418.25,0,286.641,287.305,287.896,238.093,-4.63362,-1.8803,0,363.729,213.562,339.934,0.96993,0.00136948,0.0236115
418.75,0,286.631,287.294,287.884,238.091,-4.62296,-1.88206,0,363.729,213.562,339.934,0.970028,0.00137076,0.0311073
419.25,0,286.622,287.283,287.873,238.089,-4.6093,-1.88019,0,363.729,213.562,339.934,0.970126,0.00136938,0.0235037
419.75,0,286.613,287.273,287.861,238.087,-4.59449,-1.87692,0,363.729,213.562,339.934,0.970224,0.00136699,0.0309926
420.25,0,286.599,287.261,287.849,238.085,-4.62003,-1.91899,0,363.466,213.523,339.934,0.970321,0.00139762,0.0233618
420.75,0,286.589,287.25,287.837,238.083,-4.60943,-1.92071,0,363.466,213.523,339.934,0.970418,0.00139885,0.0307856
421.25,0,286.58,287.239,287.825,238.081,-4.59584,-1.9188,0,363.466,213.523,339.934,0.970516,0.00139745,0.023251
421.75,0,286.571,287.228,287.814,238.079,-4.5811,-1.9155,0,363.466,213.523,339.934,0.970614,0.00139504,0.0306598
422.25,0,286.557,287.217,287.802,238.077,-4.60653,-1.95726,0,363.205,213.485,339.934,0.97071,0.00142543,0.0231135
422.75,0,286.547,287.206,287.79,238.075,-4.59598,-1.95892,0,363.205,213.485,339.934,0.970807,0.00142663,0.0304625
423.25,0,286.538,287.195,287.778,238.073,-4.58245,-1.95697,0,363.205,213.485,339.934,0.970904,0.0014252,0.0230063
423.75,0,286.529,287.185,287.767,238.071,-4.56778,-1.95366,0,363.205,213.485,339.934,0.971001,0.00142277,0.0303257
424.25,0,286.515,287.173,287.755,238.069,-4.5931,-1.99509,0,362.945,213.446,339.934,0.971097,0.00145293,0.0228668
424.75,0,286.505,287.162,287.743,238.067,-4.58261,-1.9967,0,362.945,213.446,339.934,0.971193,0.00145409,0.0301505
425.25,0,286.496,287.151,287.732,238.065,-4.56915,-1.99472,0,362.945,213.446,339.934,0.97129,0.00145264,0.0227571
425.75,0,286.487,287.141,287.72,238.063,-4.55454,-1.99138,0,362.945,213.446,339.934,0.971386,0.00145019,0.0300026
426.25,0,286.473,287.129,287.708,238.061,-4.57976,-2.03251,0,362.686,213.407,339.934,0.971481,0.00148013,0.0226219
426.75,0,286.463,287.118,287.696,238.06,-4.56932,-2.03406,0,362.686,213.407,339.934,0.971577,0.00148124,0.0298367
427.25,0,286.454,287.108,287.685,238.057,-4.55592,-2.03205,0,362.686,213.407,339.934,0.971673,0.00147977,0.0225158
427.75,0,286.445,287.097,287.673,238.056,-4.54139,-2.02869,0,362.686,213.407,339.934,0.971769,0.00147731,0.0296784
428.25,0,286.432,287.086,287.662,238.054,-4.56649,-2.0695,0,362.428,213.369,339.934,0.971864,0.00150701,0.0223899
428.75,0,286.422,287.075,287.65,238.052,-4.5561,-2.071,0,362.428,213.369,339.934,0.971959,0.00150809,0.0295112
429.25,0,286.413,287.064,287.638,238.05,-4.54277,-2.06897,0,362.428,213.369,339.934,0.972055,0.0015066,0.0222925
429.75,0,286.404,287.054,287.627,238.048,-4.52831,-2.06559,0,362.428,213.369,339.934,0.972151,0.00150412,0.0293426
430.25,0,286.39,287.042,287.615,238.046,-4.55331,-2.10609,0,362.172,213.331,339.934,0.972245,0.0015336,0.0221802
430.75,0,286.381,287.031,287.603,238.044,-4.54297,-2.10754,0,362.172,213.331,339.934,0.97234,0.00153464,0.0291655
431.25,0,286.371,287.021,287.592,238.042,-4.5297,-2.10548,0,362.172,213.331,339.934,0.972435,0.00153313,0.0220955
431.75,0,286.362,287.01,287.58,238.04,-4.51531,-2.10208,0,362.172,213.331,339.934,0.97253,0.00153064,0.0289873
432.25,0,286.349,286.999,287.569,238.038,-4.5402,-2.14229,0,361.917,213.292,339.934,0.972624,0.0015599,0.021996
432.75,0,286.339,286.988,287.557,238.037,-4.52991,-2.14369,0,361.917,213.292,339.934,0.972718,0.0015609,0.0288009
433.25,0,286.33,286.978,287.546,238.035,-4.51671,-2.1416,0,361.917,213.292,339.934,0.972813,0.00155937,0.0219231
433.75,0,286.321,286.967,287.534,238.033,-4.50238,-2.13818,0,361.917,213.292,339.934,0.972907,0.00155687,0.0286139
434.25,0,286.308,286.956,287.523,238.031,-4.52717,-2.17808,0,361.663,213.254,339.934,0.973001,0.00158591,0.0218354
434.75,0,286.298,286.945,287.511,238.029,-4.51693,-2.17944,0,361.663,213.254,339.934,0.973095,0.00158688,0.0284194
435.25,0,286.289,286.934,287.5,238.027,-4.50379,-2.17732,0,361.663,213.254,339.934,0.973189,0.00158532,0.0217733
435.75,0,286.28,286.924,287.488,238.025,-4.48953,-2.17388,0,361.663,213.254,339.934,0.973283,0.00158281,0.0282247
436.25,0,286.267,286.913,287.477,238.023,-4.51421,-2.2135,0,361.41,213.216,339.934,0.973376,0.00161163,0.0216962
436.75,0,286.257,286.902,287.465,238.022,-4.50402,-2.2148,0,361.41,213.216,339.934,0.973469,0.00161257,0.0280231
437.25,0,286.248,286.892,287.454,238.02,-4.49095,-2.21267,0,361.41,213.216,339.934,0.973563,0.001611,0.0216437
437.75,0,286.239,286.881,287.442,238.018,-4.47675,-2.20921,0,361.41,213.216,339.934,0.973657,0.00160847,0.0278219
438.25,0,286.226,286.87,287.431,238.016,-4.50132,-2.24853,0,361.158,213.178,339.934,0.973749,0.00163708,0.0215761
438.75,0,286.216,286.859,287.419,238.014,-4.49119,-2.2498,0,361.158,213.178,339.934,0.973842,0.00163799,0.0276144
439.25,0,286.207,286.849,287.408,238.012,-4.47817,-2.24763,0,361.158,213.178,339.934,0.973935,0.0016364,0.0215319
439.75,0,286.198,286.838,287.396,238.011,-4.46404,-2.24417,0,361.158,213.178,339.934,0.974028,0.00163386,0.027408
440.25,0,286.185,286.827,287.385,238.009,-4.48851,-2.2832,0,360.908,213.141,339.934,0.974121,0.00166226,0.0214723
440.75,0,286.175,286.817,287.374,238.007,-4.47846,-2.28439,0,360.908,213.141,339.934,0.974213,0.00166311,0.0271962
441.25,0,286.166,286.806,287.362,238.005,-4.46555,-2.28215,0,360.908,213.141,339.934,0.974305,0.00166147,0.0214351
441.75,0,286.158,286.796,287.351,238.003,-4.45154,-2.27861,0,360.908,213.141,339.934,0.974397,0.00165888,0.0269862
442.25,0,286.145,286.785,287.34,238.001,-4.47595,-2.3173,0,360.659,213.103,339.934,0.974489,0.00168703,0.0213823
442.75,0,286.135,286.774,287.328,238,-4.46597,-2.31842,0,360.659,213.103,339.934,0.97458,0.00168782,0.0267714
443.25,0,286.126,286.764,287.317,237.998,-4.45314,-2.31614,0,360.659,213.103,339.934,0.974672,0.00168616,0.0213505
443.75,0,286.117,286.753,287.306,237.996,-4.43921,-2.31258,0,360.659,213.103,339.934,0.974764,0.00168355,0.026559
444.25,0,286.104,286.742,287.294,237.994,-4.4635,-2.35098,0,360.411,213.066,339.934,0.974854,0.00171148,0.0213029
444.75,0,286.094,286.732,287.283,237.992,-4.45358,-2.35205,0,360.411,213.066,339.934,0.974946,0.00171225,0.0263426
445.25,0,286.085,286.721,287.272,237.991,-4.44081,-2.34975,0,360.411,213.066,339.934,0.975037,0.00171056,0.0212751
445.75,0,286.077,286.711,287.26,237.989,-4.42694,-2.34617,0,360.411,213.066,339.934,0.975128,0.00170794,0.0261291
446.25,0,286.064,286.7,287.249,237.987,-4.45114,-2.38429,0,360.164,213.028,339.934,0.975219,0.00173567,0.0212312
446.75,0,286.054,286.689,287.238,237.985,-4.44126,-2.38532,0,360.164,213.028,339.934,0.975309,0.00173641,0.0259124
447.25,0,286.045,286.679,287.226,237.983,-4.42855,-2.38301,0,360.164,213.028,339.934,0.9754,0.00173471,0.0212059
447.75,0,286.036,286.669,287.215,237.982,-4.41475,-2.37941,0,360.164,213.028,339.934,0.975491,0.00173208,0.0256992
448.25,0,286.023,286.658,287.204,237.98,-4.43884,-2.41726,0,359.918,212.991,339.934,0.975581,0.00175961,0.0211645
448.75,0,286.014,286.647,287.193,237.978,-4.42901,-2.41825,0,359.918,212.991,339.934,0.975671,0.00176031,0.0254835
449.25,0,286.005,286.637,287.181,237.976,-4.41636,-2.41592,0,359.918,212.991,339.934,0.975762,0.0017586,0.0211405
449.75,0,285.996,286.627,287.17,237.975,-4.40262,-2.41231,0,359.918,212.991,339.934,0.975852,0.00175597,0.0252719
450.25,0,285.983,286.616,287.159,237.973,-4.42661,-2.44989,0,359.673,212.954,339.934,0.975942,0.0017833,0.0211001
450.75,0,285.974,286.605,287.148,237.971,-4.41683,-2.45084,0,359.673,212.954,339.934,0.976032,0.00178398,0.0250584
451.25,0,285.965,286.595,287.137,237.969,-4.40423,-2.4485,0,359.673,212.954,339.934,0.976122,0.00178225,0.0210763
451.75,0,285.956,286.585,287.125,237.968,-4.39055,-2.44488,0,359.673,212.954,339.934,0.976212,0.00177961,0.0248494
452.25,0,285.943,286.574,287.114,237.966,-4.41444,-2.48219,0,359.43,212.917,339.934,0.976301,0.00180675,0.0210359
452.75,0,285.934,286.563,287.103,237.964,-4.4047,-2.48311,0,359.43,212.917,339.934,0.976391,0.0018074,0.0246392
453.25,0,285.925,286.553,287.092,237.962,-4.39216,-2.48075,0,359.43,212.917,339.934,0.976481,0.00180567,0.021011
453.75,0,285.916,286.543,287.081,237.961,-4.37853,-2.47714,0,359.43,212.917,339.934,0.976571,0.00180302,0.024434
454.25,0,285.903,286.532,287.07,237.959,-4.40232,-2.51418,0,359.187,212.88,339.934,0.97666,0.00182997,0.0209696
454.75,0,285.894,286.522,287.058,237.957,-4.39263,-2.51507,0,359.187,212.88,339.934,0.976749,0.0018306,0.024228
455.25,0,285.885,286.511,287.047,237.956,-4.38014,-2.5127,0,359.187,212.88,339.934,0.976838,0.00182886,0.0209429
455.75,0,285.876,286.501,287.036,237.954,-4.36657,-2.50907,0,359.187,212.88,339.934,0.976928,0.0018262,0.0240274
456.25,0,285.864,286.491,287.025,237.952,-4.39026,-2.54586,0,358.946,212.843,339.934,0.977016,0.00185296,0.0208996
456.75,0,285.854,286.48,287.014,237.95,-4.38061,-2.54672,0,358.946,212.843,339.934,0.977105,0.00185357,0.0238264
457.25,0,285.845,286.47,287.003,237.949,-4.36817,-2.54433,0,358.946,212.843,339.934,0.977194,0.00185182,0.0208702
457.75,0,285.837,286.46,286.992,237.947,-4.35466,-2.5407,0,358.946,212.843,339.934,0.977283,0.00184916,0.023631
458.25,0,285.824,286.449,286.981,237.945,-4.37825,-2.57723,0,358.706,212.807,339.934,0.977372,0.00187573,0.0208243
458.75,0,285.814,286.439,286.97,237.944,-4.36864,-2.57806,0,358.706,212.807,339.934,0.97746,0.00187631,0.0234356
459.25,0,285.806,286.428,286.959,237.942,-4.35626,-2.57566,0,358.706,212.807,339.934,0.977549,0.00187455,0.0207916
459.75,0,285.797,286.418,286.948,237.94,-4.3428,-2.57203,0,358.706,212.807,339.934,0.977638,0.0018719,0.0232461
460.25,0,285.784,286.408,286.937,237.938,-4.3663,-2.60831,0,358.467,212.77,339.934,0.977726,0.00189828,0.0207426
460.75,0,285.775,286.397,286.926,237.937,-4.35673,-2.60911,0,358.467,212.77,339.934,0.977814,0.00189884,0.0230568
461.25,0,285.766,286.387,286.915,237.935,-4.3444,-2.6067,0,358.467,212.77,339.934,0.977903,0.00189708,0.0207062
461.75,0,285.758,286.377,286.904,237.933,-4.33099,-2.60307,0,358.467,212.77,339.934,0.977991,0.00189442,0.0228735
462.25,0,285.745,286.366,286.893,237.932,-4.3546,-2.63936,0,358.227,212.734,339.934,0.978079,0.00192081,0.0206517
462.75,0,285.736,286.356,286.882,237.93,-4.3451,-2.64016,0,358.227,212.734,339.934,0.978167,0.00192138,0.0226906
463.25,0,285.727,286.346,286.871,237.928,-4.33283,-2.63776,0,358.227,212.734,339.934,0.978255,0.00191961,0.0206112
463.75,0,285.718,286.336,286.86,237.927,-4.31949,-2.63414,0,358.227,212.734,339.934,0.978343,0.00191696,0.0225137
464.25,0,285.706,286.325,286.849,237.925,-4.34322,-2.67048,0,357.987,212.697,339.934,0.978431,0.00194339,0.0205509
464.75,0,285.696,286.315,286.838,237.923,-4.33378,-2.67131,0,357.987,212.697,339.934,0.978518,0.00194397,0.0223373
465.25,0,285.687,286.305,286.827,237.922,-4.32158,-2.66892,0,357.987,212.697,339.934,0.978606,0.00194222,0.0205062
465.75,0,285.679,286.295,286.816,237.92,-4.30829,-2.66531,0,357.987,212.697,339.934,0.978694,0.00193958,0.0221669
466.25,0,285.666,286.284,286.805,237.918,-4.33191,-2.70141,0,357.747,212.661,339.934,0.978782,0.00196583,0.0204422
466.75,0,285.657,286.274,286.794,237.917,-4.32257,-2.70216,0,357.747,212.661,339.934,0.978869,0.00196636,0.0219971
467.25,0,285.648,286.264,286.783,237.915,-4.31046,-2.69973,0,357.747,212.661,339.934,0.978957,0.00196458,0.0203934
467.75,0,285.64,286.254,286.772,237.914,-4.29726,-2.69608,0,357.747,212.661,339.934,0.979046,0.0019619,0.0218332
468.25,0,285.627,286.243,286.761,237.912,-4.3208,-2.73196,0,357.509,212.625,339.934,0.979133,0.00198799,0.0203256
468.75,0,285.618,286.233,286.75,237.91,-4.31148,-2.7327,0,357.509,212.625,339.934,0.979221,0.00198852,0.0216699
469.25,0,285.609,286.223,286.74,237.909,-4.2994,-2.73028,0,357.509,212.625,339.934,0.979308,0.00198674,0.0202726
469.75,0,285.601,286.213,286.729,237.907,-4.28624,-2.72664,0,357.509,212.625,339.934,0.979396,0.00198407,0.0215124
470.25,0,285.588,286.203,286.718,237.905,-4.30968,-2.76228,0,357.272,212.589,339.934,0.979484,0.00200999,0.0202012
470.75,0,285.579,286.192,286.707,237.904,-4.3004,-2.76301,0,357.272,212.589,339.934,0.979571,0.0020105,0.0213556
471.25,0,285.57,286.182,286.696,237.902,-4.28836,-2.76059,0,357.272,212.589,339.934,0.979659,0.00200872,0.0201441
471.75,0,285.562,286.172,286.685,237.901,-4.27525,-2.75695,0,357.272,212.589,339.934,0.979746,0.00200606,0.0212044
472.25,0,285.549,286.162,286.674,237.899,-4.2986,-2.79236,0,357.036,212.553,339.934,0.979833,0.00203181,0.0200692
472.75,0,285.54,286.152,286.664,237.897,-4.28934,-2.79307,0,357.036,212.553,339.934,0.979921,0.0020323,0.0210537
473.25,0,285.531,286.142,286.653,237.896,-4.27735,-2.79064,0,357.036,212.553,339.934,0.980008,0.00203051,0.0200083
473.75,0,285.523,286.132,286.642,237.894,-4.26429,-2.787,0,357.036,212.553,339.934,0.980095,0.00202785,0.0209085
474.25,0,285.51,286.121,286.631,237.892,-4.28754,-2.82219,0,356.8,212.518,339.934,0.980182,0.00205343,0.0199301
474.75,0,285.501,286.111,286.62,237.891,-4.27832,-2.82287,0,356.8,212.518,339.934,0.980269,0.00205391,0.0207638
475.25,0,285.492,286.101,286.61,237.889,-4.26637,-2.82043,0,356.8,212.518,339.934,0.980356,0.00205212,0.0198656
475.75,0,285.484,286.091,286.599,237.888,-4.25335,-2.8168,0,356.8,212.518,339.934,0.980444,0.00204946,0.0206244
476.25,0,285.472,286.081,286.588,237.886,-4.27651,-2.85175,0,356.566,212.482,339.934,0.98053,0.00207487,0.0197844
476.75,0,285.462,286.071,286.577,237.885,-4.26732,-2.85241,0,356.566,212.482,339.934,0.980617,0.00207534,0.0204853
477.25,0,285.454,286.061,286.567,237.883,-4.25542,-2.84997,0,356.566,212.482,339.934,0.980704,0.00207354,0.0197166
477.75,0,285.445,286.051,286.556,237.881,-4.24245,-2.84634,0,356.566,212.482,339.934,0.980791,0.00207088,0.0203513
478.25,0,285.433,286.04,286.545,237.88,-4.26551,-2.88106,0,356.333,212.446,339.934,0.980877,0.00209613,0.0196327
478.75,0,285.424,286.03,286.534,237.878,-4.25636,-2.8817,0,356.333,212.446,339.934,0.980963,0.00209657,0.0202175
479.25,0,285.415,286.02,286.524,237.877,-4.2445,-2.87925,0,356.333,212.446,339.934,0.98105,0.00209478,0.019562
479.75,0,285.407,286.011,286.513,237.875,-4.23158,-2.87562,0,356.333,212.446,339.934,0.981137,0.00209212,0.0200885
480.25,0,285.394,286,286.502,237.874,-4.25455,-2.91011,0,356.101,212.411,339.934,0.981223,0.00211719,0.0194757
480.75,0,285.385,285.99,286.491,237.872,-4.24543,-2.91073,0,356.101,212.411,339.934,0.981309,0.00211762,0.0199597
481.25,0,285.377,285.98,286.481,237.87,-4.23361,-2.90828,0,356.101,212.411,339.934,0.981395,0.00211582,0.0194023
481.75,0,285.368,285.971,286.47,237.869,-4.22074,-2.90465,0,356.101,212.411,339.934,0.981482,0.00211316,0.0198354
482.25,0,285.356,285.96,286.459,237.867,-4.24362,-2.93892,0,355.87,212.376,339.934,0.981568,0.00213808,0.0193139
482.75,0,285.347,285.95,286.449,237.866,-4.23453,-2.93951,0,355.87,212.376,339.934,0.981654,0.00213849,0.0197111
483.25,0,285.338,285.94,286.438,237.864,-4.22276,-2.93705,0,355.87,212.376,339.934,0.98174,0.00213668,0.0192383
483.75,0,285.33,285.93,286.427,237.863,-4.20993,-2.93343,0,355.87,212.376,339.934,0.981826,0.00213403,0.0195911
484.25,0,285.318,285.92,286.417,237.861,-4.23272,-2.96747,0,355.639,212.34,339.934,0.981912,0.00215877,0.0191482
484.75,0,285.309,285.91,286.406,237.86,-4.22367,-2.96804,0,355.639,212.34,339.934,0.981997,0.00215917,0.019471
485.25,0,285.3,285.9,286.396,237.858,-4.21193,-2.96558,0,355.639,212.34,339.934,0.982083,0.00215736,0.0190706
485.75,0,285.292,285.891,286.385,237.857,-4.19916,-2.96196,0,355.639,212.34,339.934,0.982169,0.00215471,0.019355
486.25,0,285.28,285.88,286.374,237.855,-4.22185,-2.99578,0,355.41,212.305,339.934,0.982255,0.00217929,0.0189791
486.75,0,285.27,285.87,286.364,237.853,-4.21284,-2.99633,0,355.41,212.305,339.934,0.98234,0.00217967,0.0192387
487.25,0,285.262,285.86,286.353,237.852,-4.2012,-2.9938,0,355.41,212.305,339.934,0.982426,0.00217782,0.0189
487.75,0,285.254,285.851,286.342,237.85,-4.18854,-2.99011,0,355.41,212.305,339.934,0.982511,0.00217512,0.0191265
488.25,0,285.241,285.84,286.332,237.849,-4.21119,-3.02366,0,355.182,212.27,339.934,0.982596,0.0021995,0.0188076
488.75,0,285.232,285.83,286.321,237.847,-4.20228,-3.02412,0,355.182,212.27,339.934,0.982681,0.00219981,0.0190139
489.25,0,285.224,285.821,286.311,237.846,-4.19071,-3.02157,0,355.182,212.27,339.934,0.982766,0.00219795,0.0187272
489.75,0,285.216,285.811,286.3,237.844,-4.1781,-3.01788,0,355.182,212.27,339.934,0.982851,0.00219524,0.018905
490.25,0,285.203,285.801,286.29,237.843,-4.20066,-3.0512,0,354.954,212.236,339.934,0.982936,0.00221946,0.018634
490.75,0,285.194,285.791,286.279,237.841,-4.19178,-3.05163,0,354.954,212.236,339.934,0.983021,0.00221975,0.0187955
491.25,0,285.186,285.781,286.269,237.84,-4.18026,-3.04908,0,354.954,212.236,339.934,0.983106,0.00221788,0.0185525
491.75,0,285.178,285.772,286.258,237.838,-4.16769,-3.04539,0,354.954,212.236,339.934,0.983191,0.00221518,0.0186896
492.25,0,285.166,285.761,286.248,237.837,-4.19016,-3.07849,0,354.728,212.201,339.934,0.983275,0.00223923,0.0184588
492.75,0,285.157,285.751,286.237,237.835,-4.18132,-3.0789,0,354.728,212.201,339.934,0.983359,0.00223951,0.0185831
493.25,0,285.148,285.742,286.227,237.834,-4.16984,-3.07635,0,354.728,212.201,339.934,0.983444,0.00223764,0.0183765
493.75,0,285.14,285.732,286.216,237.832,-4.15732,-3.07266,0,354.728,212.201,339.934,0.983529,0.00223494,0.0184798
494.25,0,285.128,285.722,286.206,237.831,-4.1797,-3.10554,0,354.503,212.166,339.934,0.983613,0.00225884,0.0182825
494.75,0,285.119,285.712,286.195,237.829,-4.17089,-3.10594,0,354.503,212.166,339.934,0.983697,0.0022591,0.0183759
495.25,0,285.11,285.702,286.185,237.828,-4.15945,-3.10338,0,354.503,212.166,339.934,0.983782,0.00225723,0.0181997
495.75,0,285.102,285.693,286.174,237.826,-4.14698,-3.0997,0,354.503,212.166,339.934,0.983866,0.00225453,0.0182751
496.25,0,285.09,285.683,286.164,237.825,-4.16926,-3.13237,0,354.279,212.132,339.934,0.98395,0.00227827,0.0181057
496.75,0,285.081,285.673,286.153,237.824,-4.16049,-3.13274,0,354.279,212.132,339.934,0.984034,0.00227852,0.0181736
497.25,0,285.073,285.663,286.143,237.822,-4.14909,-3.13019,0,354.279,212.132,339.934,0.984118,0.00227665,0.0180225
497.75,0,285.065,285.653,286.132,237.821,-4.13666,-3.12651,0,354.279,212.132,339.934,0.984202,0.00227395,0.0180751
498.25,0,285.053,285.643,286.122,237.819,-4.15886,-3.15897,0,354.055,212.097,339.934,0.984286,0.00229754,0.0179286
498.75,0,285.044,285.633,286.111,237.818,-4.15012,-3.15933,0,354.055,212.097,339.934,0.98437,0.00229778,0.0179758
499.25,0,285.035,285.624,286.101,237.816,-4.13876,-3.15677,0,354.055,212.097,339.934,0.984454,0.00229591,0.0178453
499.75,0,285.027,285.614,286.091,237.815,-4.12637,-3.1531,0,354.055,212.097,339.934,0.984538,0.00229321,0.0178792
500.25,0,285.015,285.604,286.08,237.813,-4.14848,-3.18535,0,353.833,212.063,339.934,0.984622,0.00231665,0.0177516
500.75,0,285.006,285.594,286.07,237.812,-4.13977,-3.18569,0,353.833,212.063,339.934,0.984705,0.00231688,0.0177819
501.25,0,284.998,285.585,286.059,237.81,-4.12845,-3.18313,0,353.833,212.063,339.934,0.984789,0.002315,0.0176683
501.75,0,284.99,285.575,286.049,237.809,-4.11611,-3.17946,0,353.833,212.063,339.934,0.984873,0.00231231,0.0176872
502.25,0,284.978,285.565,286.039,237.808,-4.13813,-3.21151,0,353.611,212.029,339.934,0.984956,0.0023356,0.0175751
502.75,0,284.969,285.555,286.028,237.806,-4.12945,-3.21183,0,353.611,212.029,339.934,0.98504,0.00233581,0.0175917
503.25,0,284.961,285.546,286.018,237.805,-4.11818,-3.20927,0,353.611,212.029,339.934,0.985123,0.00233393,0.017492
503.75,0,284.953,285.537,286.008,237.803,-4.10597,-3.20552,0,353.611,212.029,339.934,0.985207,0.00233119,0.0174988
504.25,0,284.941,285.526,285.997,237.802,-4.12796,-3.23731,0,353.391,211.995,339.934,0.98529,0.00235428,0.0173994
504.75,0,284.932,285.517,285.987,237.8,-4.11938,-3.23754,0,353.391,211.995,339.934,0.985374,0.00235443,0.017405
505.25,0,284.923,285.507,285.977,237.799,-4.10822,-3.23491,0,353.391,211.995,339.934,0.985457,0.0023525,0.0173165
505.75,0,284.915,285.498,285.966,237.798,-4.09604,-3.23119,0,353.391,211.995,339.934,0.985541,0.00234977,0.0173137
506.25,0,284.904,285.488,285.956,237.796,-4.11793,-3.26278,0,353.171,211.961,339.934,0.985624,0.00237273,0.0172246
506.75,0,284.895,285.478,285.946,237.795,-4.10938,-3.263,0,353.171,211.961,339.934,0.985708,0.00237287,0.0172215
507.25,0,284.886,285.468,285.935,237.793,-4.09825,-3.26038,0,353.171,211.961,339.934,0.985791,0.00237094,0.0171421
507.75,0,284.878,285.459,285.925,237.792,-4.08611,-3.25666,0,353.171,211.961,339.934,0.985874,0.00236822,0.0171316
508.25,0,284.867,285.449,285.915,237.791,-4.10792,-3.28806,0,352.952,211.927,339.934,0.985957,0.00239103,0.017051
508.75,0,284.858,285.439,285.905,237.789,-4.0994,-3.28827,0,352.952,211.927,339.934,0.986041,0.00239116,0.0170409
509.25,0,284.849,285.43,285.894,237.788,-4.08831,-3.28565,0,352.952,211.927,339.934,0.986124,0.00238924,0.0169689
509.75,0,284.841,285.42,285.884,237.786,-4.07621,-3.28194,0,352.952,211.927,339.934,0.986207,0.00238653,0.0169524
510.25,0,284.83,285.41,285.874,237.785,-4.09794,-3.31314,0,352.734,211.893,339.934,0.98629,0.00240919,0.0168786
510.75,0,284.821,285.401,285.864,237.784,-4.08944,-3.31334,0,352.734,211.893,339.934,0.986373,0.00240931,0.016863
511.25,0,284.813,285.391,285.853,237.782,-4.07839,-3.31072,0,352.734,211.893,339.934,0.986456,0.00240739,0.016797
511.75,0,284.805,285.382,285.843,237.781,-4.06633,-3.30702,0,352.734,211.893,339.934,0.986539,0.00240468,0.0167757
512.25,0,284.793,285.372,285.833,237.779,-4.08797,-3.33802,0,352.517,211.86,339.934,0.986622,0.0024272,0.0167075
512.75,0,284.784,285.362,285.823,237.778,-4.07951,-3.3382,0,352.517,211.86,339.934,0.986704,0.00242732,0.0166876
513.25,0,284.776,285.353,285.813,237.777,-4.06849,-3.33559,0,352.517,211.86,339.934,0.986787,0.0024254,0.0166266
513.75,0,284.768,285.344,285.802,237.775,-4.05647,-3.33189,0,352.517,211.86,339.934,0.98687,0.00242269,0.0166016
514.25,0,284.756,285.334,285.792,237.774,-4.07802,-3.3627,0,352.301,211.826,339.934,0.986953,0.00244507,0.016538
514.75,0,284.747,285.324,285.782,237.772,-4.06959,-3.36287,0,352.301,211.826,339.934,0.987035,0.00244517,0.0165147
515.25,0,284.739,285.315,285.772,237.771,-4.05861,-3.36026,0,352.301,211.826,339.934,0.987118,0.00244326,0.0164576
515.75,0,284.731,285.305,285.762,237.77,-4.04664,-3.35657,0,352.301,211.826,339.934,0.9872,0.00244056,0.0164298
516.25,0,284.72,285.296,285.751,237.768,-4.06812,-3.38717,0,352.086,211.793,339.934,0.987283,0.00246278,0.01637
516.75,0,284.711,285.286,285.741,237.767,-4.05981,-3.38723,0,352.086,211.793,339.934,0.987365,0.0024628,0.0163442
517.25,0,284.703,285.277,285.731,237.766,-4.04898,-3.38452,0,352.086,211.793,339.934,0.987447,0.00246081,0.0162905
517.75,0,284.695,285.267,285.721,237.764,-4.03716,-3.38073,0,352.086,211.793,339.934,0.98753,0.00245804,0.0162606
518.25,0,284.683,285.257,285.711,237.763,-4.05861,-3.41107,0,351.872,211.76,339.934,0.987612,0.00248008,0.016204
518.75,0,284.674,285.248,285.701,237.762,-4.05034,-3.41111,0,351.872,211.76,339.934,0.987694,0.00248008,0.0161761
519.25,0,284.666,285.239,285.691,237.76,-4.03955,-3.40839,0,351.872,211.76,339.934,0.987776,0.00247809,0.0161251
519.75,0,284.658,285.229,285.681,237.759,-4.02777,-3.40461,0,351.872,211.76,339.934,0.987858,0.00247532,0.0160936
520.25,0,284.647,285.22,285.67,237.758,-4.04913,-3.43476,0,351.659,211.726,339.934,0.987939,0.00249722,0.0160396
520.75,0,284.638,285.21,285.66,237.756,-4.0409,-3.43478,0,351.659,211.726,339.934,0.988021,0.00249721,0.0160102
521.25,0,284.63,285.201,285.65,237.755,-4.03015,-3.43207,0,351.659,211.726,339.934,0.988103,0.00249522,0.0159614
521.75,0,284.622,285.191,285.64,237.754,-4.01841,-3.42829,0,351.659,211.726,339.934,0.988185,0.00249246,0.0159286
522.25,0,284.611,285.182,285.63,237.752,-4.03969,-3.45825,0,351.447,211.693,339.934,0.988266,0.00251422,0.0158769
522.75,0,284.602,285.172,285.62,237.751,-4.03148,-3.45826,0,351.447,211.693,339.934,0.988348,0.0025142,0.0158463
523.25,0,284.594,285.163,285.61,237.75,-4.02076,-3.45555,0,351.447,211.693,339.934,0.98843,0.00251221,0.0157994
523.75,0,284.586,285.154,285.6,237.748,-4.00907,-3.45179,0,351.447,211.693,339.934,0.988511,0.00250946,0.0157657
524.25,0,284.574,285.144,285.59,237.747,-4.03026,-3.48156,0,351.235,211.66,339.934,0.988593,0.00253108,0.0157159
524.75,0,284.566,285.134,285.58,237.746,-4.02208,-3.48155,0,351.235,211.66,339.934,0.988674,0.00253106,0.0156843
525.25,0,284.558,285.125,285.57,237.744,-4.01141,-3.47885,0,351.235,211.66,339.934,0.988756,0.00252907,0.0156391
525.75,0,284.55,285.116,285.56,237.743,-3.99975,-3.47509,0,351.235,211.66,339.934,0.988837,0.00252632,0.0156047
526.25,0,284.538,285.106,285.55,237.742,-4.02086,-3.50468,0,351.025,211.628,339.934,0.988918,0.00254781,0.0155566
526.75,0,284.53,285.097,285.54,237.74,-4.01285,-3.50453,0,351.025,211.628,339.934,0.989,0.00254768,0.0155244
527.25,0,284.522,285.088,285.53,237.739,-4.00233,-3.50169,0,351.025,211.628,339.934,0.989081,0.0025456,0.0154806
527.75,0,284.514,285.078,285.52,237.738,-3.99084,-3.49782,0,351.025,211.628,339.934,0.989163,0.00254276,0.0154458
528.25,0,284.502,285.069,285.51,237.736,-4.01196,-3.52714,0,350.815,211.595,339.934,0.989244,0.00256405,0.0153993
528.75,0,284.494,285.059,285.5,237.735,-4.00397,-3.52699,0,350.815,211.595,339.934,0.989325,0.00256392,0.0153666
529.25,0,284.486,285.05,285.49,237.734,-3.99349,-3.52416,0,350.815,211.595,339.934,0.989406,0.00256185,0.015324
529.75,0,284.478,285.041,285.48,237.732,-3.98203,-3.52031,0,350.815,211.595,339.934,0.989488,0.00255903,0.0152889
530.25,0,284.467,285.031,285.47,237.731,-4.00307,-3.54944,0,350.606,211.562,339.934,0.989569,0.00258019,0.0152437
530.75,0,284.458,285.022,285.46,237.73,-3.9951,-3.54928,0,350.606,211.562,339.934,0.98965,0.00258005,0.0152106
531.25,0,284.45,285.013,285.45,237.729,-3.98465,-3.54647,0,350.606,211.562,339.934,0.989731,0.00257798,0.0151691
531.75,0.00176758,284.453,285.006,285.44,237.727,-3.90027,-3.44987,0.564383,350.606,211.562,339.934,0.989808,0.00250775,0.0150223
532.25,0.00620022,284.473,285.003,285.43,237.726,-3.73561,-3.23109,1.97972,350.403,211.534,339.934,0.989868,0.00234874,0.0147548
532.75,0.0106327,284.503,285.005,285.421,237.725,-3.51078,-2.95895,3.39501,350.403,211.534,339.934,0.989925,0.00215095,0.0145565
533.25,0.015065,284.538,285.009,285.411,237.724,-3.27277,-2.67188,4.81024,350.403,211.534,490.937,0.989979,0.00194232,0.0143168
533.75,0.0194971,284.577,285.017,285.402,237.723,-3.02806,-2.3763,6.22537,350.403,211.534,490.937,0.990031,0.00172749,0.0141103
534.25,0.0239287,284.622,285.028,285.393,237.722,-2.90505,-2.05456,7.74339,350.304,211.569,490.937,0.989976,0.00149364,0.0138151
534.75,0.0283599,284.67,285.042,285.384,237.721,-2.64306,-1.72326,9.27444,350.304,211.569,490.937,0.98995,0.00125283,0.0136483
535.25,0.0327905,284.721,285.058,285.376,237.72,-2.37638,-1.38935,10.8053,350.304,211.569,490.937,0.989935,0.00101011,0.0133966
535.75,0.0372204,284.775,285.075,285.369,237.719,-2.10732,-1.05335,12.3359,350.304,211.569,490.937,0.989928,0.000765858,0.0132296
536.25,0.0416497,284.834,285.097,285.362,237.718,-1.98816,-0.684057,13.8663,350.334,211.636,490.937,0.989809,0.000497377,0.012919
536.75,0.0460781,284.893,285.12,285.356,237.717,-1.7247,-0.332998,15.3964,350.334,211.636,490.937,0.98973,0.000242133,0.0128257
537.25,0.0505056,284.954,285.144,285.35,237.716,-1.43717,-0.011149,16.9476,350.334,211.636,490.937,0.989677,3.73307e-05,0.0125619
537.75,0.0549321,285.019,285.17,285.345,237.715,-1.0335,0.233982,18.6648,350.334,211.636,490.937,0.989633,0,0.0123444
538.25,0.0593575,285.096,285.201,285.342,237.715,-0.854248,0.567734,20.3816,350.471,211.725,490.937,0.989275,0,0.0120214
538.75,0.0637818,285.172,285.234,285.338,237.714,-0.526078,0.924012,22.0979,350.471,211.725,490.937,0.988918,0,0.0119524
539.25,0.0682048,285.247,285.27,285.336,237.714,-0.148386,1.25765,23.8137,350.471,211.725,490.937,0.988464,0,0.0116779
539.75,0.0726265,285.298,285.304,285.334,237.713,0.16072,2.1928,25.529,350.471,211.725,692.2,0.9879,0,0.0115772
540.25,0.0770467,285.36,285.347,285.333,237.713,0.726206,2.74335,27.2438,350.725,211.831,692.2,0.987457,0,0.0112275
540.75,0.0814655,285.411,285.387,285.334,237.712,1.29334,3.29453,28.9579,350.725,211.831,692.2,0.985807,0,0.011204
541.25,0.0858826,285.465,285.429,285.335,237.712,1.92446,3.67761,30.6715,350.725,211.831,692.2,0.985094,0,0.0109343
541.75,0.090298,285.52,285.473,285.338,237.712,2.52619,4.00601,32.3844,350.725,211.831,692.2,0.984232,0,0.0108816
542.25,0.0947117,285.575,285.517,285.342,237.711,3.19291,4.53304,34.0966,351.114,211.917,692.2,0.981583,0,0.0105594
542.75,0.0991235,285.626,285.558,285.348,237.711,3.75366,5.10735,35.8081,351.114,211.917,692.2,0.980716,0,0.0105502
543.25,0.103533,285.68,285.601,285.355,237.711,4.46346,5.49327,37.7326,351.114,211.917,692.2,0.97974,0,0.0102694
543.75,0.107941,285.736,285.647,285.364,237.711,5.16419,5.89842,39.7091,351.114,211.917,692.2,0.978665,0,0.0102166
544.25,0.112347,285.798,285.696,285.375,237.711,6.01478,6.36382,41.6848,351.562,212.003,692.2,0.977449,0,0.00988487
544.75,0.11675,285.851,285.739,285.392,237.711,6.64106,7.00499,43.6594,351.562,212.003,956.226,0.9743,0,0.00987431
545.25,0.121152,285.904,285.782,285.413,237.711,7.30644,7.62823,45.633,351.562,212.003,956.226,0.973233,0,0.00959467
545.75,0.12555,285.959,285.825,285.435,237.711,8.03652,8.06386,47.6056,351.562,212.003,956.226,0.972106,0,0.00954518
546.25,0.129947,286.018,285.872,285.46,237.711,8.94399,8.55689,49.577,352.059,212.095,956.226,0.970887,0,0.00921113
546.75,0.134341,286.076,285.92,285.486,237.711,9.64113,9.01869,51.5473,352.059,212.095,956.226,0.96962,0,0.00920654
547.25,0.138732,286.135,285.97,285.515,237.712,10.2952,9.48002,53.5164,352.059,212.095,956.226,0.968315,0,0.00892552
547.75,0.14312,286.185,286.01,285.553,237.712,10.868,10.2628,55.4843,352.059,212.095,956.226,0.964768,0,0.00888118
548.25,0.147506,286.242,286.053,285.594,237.712,11.7686,10.9279,57.4509,352.606,212.192,956.226,0.963624,0,0.00854543
548.75,0.151889,286.296,286.097,285.636,237.713,12.5214,11.395,59.4163,352.606,212.192,956.226,0.962435,0,0.00857176
549.25,0.156268,286.351,286.142,285.679,237.713,13.226,11.8599,61.3803,352.606,212.192,956.226,0.96121,0,0.00831466
549.75,0.160645,286.407,286.189,285.724,237.714,13.9072,12.3319,63.3429,352.606,212.192,1308.03,0.959953,0,0.00830073
550.25,0.165019,286.468,286.237,285.77,237.714,14.8077,12.8662,65.3041,353.164,212.291,1308.03,0.95864,0,0.00798955
550.75,0.169389,286.527,286.286,285.817,237.715,15.4829,13.361,67.2638,353.164,212.291,1308.03,0.957299,0,0.00802062
551.25,0.173756,286.575,286.326,285.857,237.716,16.0724,14.408,69.473,353.164,212.291,1308.03,0.952553,0,0.00775861
551.75,0.178119,286.628,286.367,285.897,237.716,16.8603,15.1068,71.7212,353.164,212.291,1308.03,0.951463,0,0.0077472
552.25,0.182479,286.687,286.409,285.939,237.717,17.9937,15.6659,73.9676,353.743,212.392,1308.03,0.950302,0,0.00743117
552.75,0.186836,286.743,286.453,285.983,237.718,18.8882,16.1878,76.2122,353.743,212.392,1308.03,0.949094,0,0.00746478
553.25,0.191189,286.8,286.498,286.028,237.719,19.7333,16.7098,78.4549,353.743,212.392,1308.03,0.947844,0,0.00720302
553.75,0.195538,286.858,286.544,286.074,237.72,20.5555,17.2392,80.6957,353.743,212.392,1308.03,0.946557,0,0.00719481
554.25,0.199883,286.921,286.593,286.122,237.721,21.6148,17.8405,82.9344,354.347,212.5,1308.03,0.945212,0,0.0068751
554.75,0.204224,286.981,286.642,286.171,237.722,22.4329,18.3972,85.1712,354.347,212.5,1308.03,0.943834,0,0.00691513
555.25,0.208561,287.034,286.69,286.22,237.723,23.1548,19.1097,87.4059,354.347,212.5,1308.03,0.93718,0,0.00665126
555.75,0.212894,287.085,286.73,286.259,237.724,23.5324,20.6045,89.6385,354.347,212.5,1308.03,0.936136,0,0.00664818
556.25,0.217223,287.143,286.77,286.3,237.725,24.6992,21.1791,91.8689,354.992,212.611,1759.97,0.935036,0,0.00632614
556.75,0.221548,287.197,286.812,286.342,237.727,25.6168,21.7093,94.0971,354.992,212.611,1759.97,0.933897,0,0.00637153
557.25,0.225868,287.252,286.855,286.385,237.728,26.4825,22.2378,96.3231,354.992,212.611,1759.97,0.932724,0,0.00610642
557.75,0.230184,287.307,286.899,286.429,237.729,27.3243,22.7739,98.5468,354.992,212.611,1759.97,0.931521,0,0.00610779
558.25,0.234496,287.368,286.945,286.474,237.731,28.4124,23.3831,100.768,355.614,212.722,1759.97,0.930271,0,0.0057845
558.75,0.238802,287.426,286.991,286.52,237.732,29.253,23.9453,102.987,355.614,212.722,1759.97,0.928993,0,0.00584448
559.25,0.243104,287.484,287.039,286.568,237.734,30.0485,24.5058,105.204,355.614,212.722,1759.97,0.92769,0,0.00560536
559.75,0.247402,287.542,287.087,286.616,237.735,30.8258,25.072,107.418,355.614,212.722,1759.97,0.926364,0,0.00563455
560.25,0.251694,287.607,287.137,286.665,237.737,31.9357,25.7298,109.742,356.31,212.842,1759.97,0.924997,0,0.00533564
560.75,0.255982,287.65,287.176,286.705,237.739,32.3378,27.5997,112.235,356.31,212.842,1759.97,0.91612,0,0.00541533
561.25,0.260264,287.703,287.215,286.744,237.74,33.0933,28.5836,114.725,356.31,212.842,1759.97,0.915127,0,0.00517237
561.75,0.264542,287.757,287.255,286.784,237.742,34.1209,29.1375,117.212,356.31,212.842,1759.97,0.914099,0,0.00520747
562.25,0.268814,287.816,287.296,286.825,237.744,35.411,29.7687,119.696,356.954,212.956,2361.86,0.913021,0,0.00490973
562.75,0.273081,287.871,287.338,286.867,237.746,36.4426,30.3527,122.178,356.954,212.956,2361.86,0.911908,0,0.00499131
563.25,0.277342,287.927,287.382,286.91,237.748,37.4258,30.9362,124.656,356.954,212.956,2361.86,0.910764,0,0.00474928
563.75,0.281598,287.984,287.426,286.954,237.749,38.3874,31.5279,127.13,356.954,212.956,2361.86,0.909591,0,0.00478637
564.25,0.285849,288.046,287.471,286.999,237.751,39.6211,32.1995,129.602,357.632,213.079,2361.86,0.908375,0,0.0044823
564.75,0.290094,288.105,287.517,287.045,237.754,40.5876,32.8181,132.071,357.632,213.079,2361.86,0.907131,0,0.00457193
565.25,0.294333,288.164,287.564,287.092,237.756,41.506,33.4369,134.536,357.632,213.079,2361.86,0.905862,0,0.00432578
565.75,0.298566,288.224,287.612,287.14,237.758,42.4058,34.062,136.997,357.632,213.079,2361.86,0.90457,0,0.00436911
566.25,0.302794,288.29,287.661,287.189,237.76,43.6111,34.7751,139.456,358.381,213.211,2361.86,0.903241,0,0.00405634
566.75,0.307015,288.324,287.7,287.228,237.762,43.5966,37.5002,141.91,358.381,213.211,2361.86,0.89073,0,0.00415604
567.25,0.311231,288.375,287.737,287.265,237.764,44.2529,38.5434,144.362,358.381,213.211,3113.18,0.889843,0,0.00390408
567.75,0.31544,288.427,287.775,287.303,237.767,45.2667,39.0965,146.809,358.381,213.211,3113.18,0.888929,0,0.00395513
568.25,0.319644,288.483,287.814,287.342,237.769,46.5593,39.732,149.254,359.046,213.328,3113.18,0.887978,0,0.00364658
568.75,0.323841,288.536,287.854,287.382,237.772,47.5897,40.3139,151.694,359.046,213.328,3113.18,0.887,0,0.00374586
569.25,0.328031,288.589,287.895,287.422,237.774,48.5731,40.8953,154.131,359.046,213.328,3113.18,0.885997,0,0.00349667
569.75,0.332215,288.643,287.936,287.464,237.777,49.5376,41.4825,156.564,359.046,213.328,3113.18,0.88497,0,0.00354832
570.25,0.336393,288.702,287.979,287.506,237.779,50.7812,42.1523,158.993,359.738,213.456,3113.18,0.883911,0,0.0032311
570.75,0.340564,288.758,288.022,287.549,237.782,51.754,42.7652,161.419,359.738,213.456,3113.18,0.882828,0,0.00335472
571.25,0.344728,288.814,288.066,287.593,237.784,52.68,43.377,163.84,359.738,213.456,3113.18,0.881725,0,0.00312693
571.75,0.348886,288.87,288.11,287.637,237.787,53.5885,43.9942,166.258,359.738,213.456,3113.18,0.880603,0,0.0032054
572.25,0.353037,288.933,288.155,287.682,237.79,54.8978,44.7228,168.886,360.489,213.591,3113.18,0.879448,0,0.00291396
572.75,0.35718,288.974,288.201,287.728,237.793,55.8374,45.7598,171.589,360.489,213.591,3113.18,0.863427,0,0.0130111
573.25,0.361317,289.023,288.244,287.771,237.796,55.1334,49.5309,174.287,360.489,213.591,3113.18,0.861783,0,0.00369836
573.75,0.365447,289.073,288.279,287.806,237.799,56.1182,50.2371,176.98,360.489,213.591,3113.18,0.86105,0,0.00290317
574.25,0.369569,289.129,288.315,287.842,237.802,57.5919,50.897,179.669,361.207,213.716,3113.18,0.86028,0,0.0026024
574.75,0.373685,289.18,288.352,287.878,237.805,58.7846,51.4991,182.353,361.207,213.716,3113.18,0.859484,0,0.00274846
575.25,0.377792,289.232,288.389,287.916,237.808,59.9291,52.1004,185.032,361.207,213.716,3113.18,0.858663,0,0.00250711
575.75,0.381893,289.285,288.427,287.954,237.811,61.0541,52.7078,187.706,361.207,213.716,3113.18,0.857818,0,0.00260366
576.25,0.385986,289.342,288.466,287.993,237.814,62.4544,53.3997,190.376,361.895,213.851,3113.18,0.856941,0,0.0022775
576.75,0.390071,289.396,288.506,288.032,237.817,63.5863,54.0329,193.04,361.895,213.851,3113.18,0.856041,0,0.0024481
577.25,0.394149,289.45,288.546,288.072,237.82,64.6714,54.6653,195.7,361.895,213.851,3113.18,0.855119,0,0.0021872
577.75,0.398219,289.504,288.587,288.113,237.823,65.7382,55.3034,198.354,361.895,213.851,3113.18,0.854176,0,0.00230323
578.25,0.402281,289.533,288.628,288.154,237.831,65.6084,59.0703,201.004,362.64,213.992,3113.18,0.835222,0,0.149112
578.75,0.406335,289.586,288.669,288.195,237.834,65.7199,60.8906,203.648,362.64,213.992,3113.18,0.834546,0,0.00214725
579.25,0.410381,289.641,288.711,288.237,237.838,66.7091,61.4671,206.287,362.64,213.992,3113.18,0.833849,0,0.00187005
579.75,0.41442,289.697,288.754,288.28,237.841,67.7293,62.0614,208.92,362.64,213.992,3113.18,0.83313,0,0.00200264
580.25,0.41845,289.758,288.798,288.324,237.845,69.0528,62.7465,211.549,363.348,214.143,3113.18,0.832373,0,0.00169001
580.75,0.422471,289.815,288.842,288.368,237.848,70.1041,63.3752,214.172,363.348,214.143,3113.18,0.831595,0,0.00184729
581.25,0.426485,289.873,288.887,288.413,237.852,71.1145,64.0043,216.79,363.348,214.143,3113.18,0.830797,0,0.00160719
581.75,0.43049,289.931,288.932,288.458,237.855,72.1107,64.6402,219.402,363.348,214.143,3113.18,0.829978,0,0.00170503
582.25,0.434487,289.982,288.978,288.504,237.86,72.7399,66.7992,222.008,364.192,214.295,3113.18,0.821888,0,0.0271372
582.75,0.438475,290.038,289.024,288.55,237.863,73.3885,67.9233,224.61,364.192,214.295,3113.18,0.819391,0,0.00964626
583.25,0.442454,290.088,289.059,288.584,237.867,74.333,68.8246,227.205,364.192,214.295,3113.18,0.818755,0,0.00129035
583.75,0.446425,290.137,289.094,288.619,237.871,75.4979,69.4096,229.795,364.192,214.295,3113.18,0.818185,0,0.00141093
584.25,0.450387,290.191,289.13,288.655,237.875,76.9506,70.0809,232.379,364.956,214.438,3113.18,0.817586,0,0.00111946
584.75,0.454341,290.242,289.166,288.691,237.878,78.096,70.6828,234.957,364.956,214.438,3113.18,0.816968,0,0.00126363
585.25,0.458285,290.292,289.203,288.728,237.882,79.1883,71.2811,237.53,364.956,214.438,3113.18,0.816331,0,0.00103836
585.75,0.46222,290.343,289.24,288.766,237.886,80.2599,71.8837,240.096,364.956,214.438,3113.18,0.815675,0,0.00112822
586.25,0.466146,290.399,289.279,288.804,237.89,81.6297,72.5775,242.657,365.699,214.582,3113.18,0.814995,0,0.000825636
586.75,0.470063,290.451,289.317,288.842,237.894,82.7103,73.2037,245.212,365.699,214.582,4016.82,0.814298,0,0.000981975
587.25,0.473971,290.503,289.356,288.881,237.898,83.7431,73.8273,247.76,365.699,214.582,4016.82,0.813583,0,0.000747966
587.75,0.47787,290.555,289.396,288.921,237.902,84.758,74.4555,250.303,365.699,214.582,4016.82,0.812852,0,0.00084787
588.25,0.481759,290.612,289.437,288.961,237.906,86.0939,75.1804,252.84,366.489,214.731,4016.82,0.812099,0,0.000587569
588.75,0.485638,290.666,289.477,289.002,237.91,87.1237,75.8332,255.37,366.489,214.731,4016.82,0.81133,0,0.000725562
589.25,0.489508,290.719,289.519,289.044,237.915,88.1051,76.4828,257.894,366.489,214.731,4016.82,0.810545,0,0.000565767
589.75,0.493369,290.773,289.561,289.085,237.919,89.0693,77.1371,260.412,366.489,214.731,4016.82,0.809746,0,0.000668287
590.25,0.49722,290.832,289.603,289.128,237.923,90.3752,77.8933,262.923,367.324,214.886,4016.82,0.808927,0,0.000457871
590.75,0.501061,290.888,289.646,289.171,237.927,91.3867,78.5799,265.494,367.324,214.886,4016.82,0.808094,0,0.000605599
591.25,0.504892,290.944,289.69,289.214,237.932,92.4272,79.2831,268.232,367.324,214.886,4016.82,0.807244,0,0.000438793
591.75,0.508713,291.001,289.734,289.258,237.936,93.46,79.994,270.962,367.324,214.886,4016.82,0.80638,0,0.000549143
592.25,0.512524,291.063,289.779,289.303,237.941,94.8551,80.8137,273.685,368.203,215.048,4016.82,0.805495,0,0.000329958
592.75,0.516325,291.121,289.824,289.348,237.945,95.9107,81.5524,276.401,368.203,215.048,4016.82,0.804595,0,0.000486848
593.25,0.520117,291.179,289.87,289.394,237.95,96.9151,82.2877,279.109,368.203,215.048,5273.21,0.803681,0,0.000312825
593.75,0.523897,291.238,289.916,289.44,237.954,97.9022,83.028,281.81,368.203,215.048,5273.21,0.802754,0,0.000430445
594.25,0.527668,291.302,289.963,289.487,237.959,99.2695,83.8825,284.504,369.13,215.216,5273.21,0.801809,0,0.000261506
594.75,0.531428,291.362,290.01,289.534,237.964,100.279,84.6503,287.191,369.13,215.216,5273.21,0.800849,0,0.000327941
595.25,0.535178,291.421,290.058,289.582,237.968,101.235,85.4139,289.87,369.13,215.216,5273.21,0.799878,0,0.000251017
595.75,0.538917,291.481,290.107,289.631,237.973,102.174,86.1822,292.541,369.13,215.216,5273.21,0.798895,0,0.0003039
596.25,0.542645,291.547,290.156,289.68,237.978,103.513,87.0702,295.205,370.103,215.391,5273.21,0.797895,0,0.00020803
596.75,0.546363,291.608,290.205,289.729,237.983,104.476,87.8661,297.862,370.103,215.391,5273.21,0.796884,0,0.000278284
597.25,0.550071,291.669,290.255,289.779,237.987,105.384,88.6572,300.51,370.103,215.391,5273.21,0.795862,0,0.00019831
597.75,0.553767,291.638,290.299,289.822,238.053,102.701,96.9887,303.151,370.103,215.391,3113.18,0.744343,0,1.9697
598.25,0.557453,291.691,290.347,289.87,238.064,99.7612,103.302,305.785,370.208,215.929,3113.18,0.743891,0,0.228958
598.75,0.561127,291.749,290.395,289.919,238.069,100.409,103.9,308.41,370.208,215.929,3113.18,0.743429,0,0
599.25,0.564791,291.808,290.444,289.967,238.073,101.228,104.551,311.027,370.208,215.929,3113.18,0.742955,0,0
599.75,0.568443,291.869,290.494,290.017,238.078,102.089,105.223,313.637,370.208,215.929,3113.18,0.742467,0,0
600.25,0.572084,291.934,290.543,290.067,238.082,103.275,105.993,316.238,370.93,216.114,3113.18,0.741968,0,0
600.75,0.575714,291.995,290.594,290.117,238.087,104.193,106.698,318.832,370.93,216.114,3113.18,0.741455,0,0
601.25,0.579333,292.056,290.644,290.167,238.092,105.077,107.404,321.417,370.93,216.114,3113.18,0.740929,0,0
601.75,0.58294,292.118,290.696,290.219,238.096,105.95,108.117,323.995,370.93,216.114,3113.18,0.74039,0,0
602.25,0.586536,292.187,290.747,290.27,238.101,107.27,108.965,326.564,372,216.29,3113.18,0.739834,0,0
602.75,0.590121,292.25,290.8,290.322,238.106,108.18,109.71,329.125,372,216.29,3113.18,0.739265,0,0
603.25,0.593693,292.313,290.852,290.375,238.111,109.034,110.45,331.677,372,216.29,3113.18,0.738685,0,0
603.75,0.597255,292.376,290.906,290.428,238.116,109.872,111.195,334.222,372,216.29,3113.18,0.738092,0,0
604.25,0.600804,292.447,290.959,290.482,238.121,111.17,112.08,336.758,373.113,216.473,3113.18,0.737484,0,0
604.75,0.604341,292.511,291.013,290.536,238.126,112.041,112.856,339.285,373.113,216.473,4016.82,0.736865,0,0
605.25,0.607867,292.575,291.068,290.59,238.131,112.853,113.625,341.804,373.113,216.473,5273.21,0.736234,0,0
605.75,0.611381,292.64,291.123,290.645,238.136,113.647,114.398,344.315,373.113,216.473,5273.21,0.735594,0,0
606.25,0.614883,292.712,291.178,290.7,238.141,114.918,115.318,346.816,374.268,216.66,5273.21,0.734939,0,0
606.75,0.618372,292.777,291.234,290.756,238.146,115.746,116.123,349.31,374.268,216.66,5273.21,0.734274,0,0
607.25,0.62185,292.843,291.291,290.812,238.151,116.513,116.92,351.794,374.268,216.66,5273.21,0.7336,0,0
607.75,0.625315,292.909,291.347,290.869,238.156,117.262,117.721,354.27,374.268,216.66,5273.21,0.732917,0,0
608.25,0.628768,292.982,291.405,290.926,238.161,118.505,118.675,356.737,375.464,216.852,7026.68,0.732221,0,0
608.75,0.632209,293.048,291.462,290.984,238.167,119.289,119.507,359.195,375.464,216.852,7026.68,0.731516,0,0
609.25,0.635637,293.115,291.52,291.042,238.172,120.01,120.331,361.645,375.464,216.852,7026.68,0.730804,0,0
609.75,0.639053,293.182,291.579,291.1,238.177,120.714,121.159,364.085,375.464,216.852,7026.68,0.730084,0,0
610.25,0.642456,293.256,291.637,291.159,238.182,121.928,122.144,366.516,376.7,217.048,7026.68,0.729352,0,0
610.75,0.645846,293.324,291.697,291.218,238.188,122.668,123.003,368.939,376.7,217.048,7026.68,0.728613,0,0
611.25,0.649224,293.392,291.756,291.277,238.193,123.345,123.853,371.352,376.7,217.048,7026.68,0.727867,0,0
611.75,0.652589,293.461,291.816,291.337,238.199,124.052,124.72,373.873,376.7,217.048,7026.68,0.727114,0,0
612.25,0.655941,293.537,291.877,291.398,238.204,125.308,125.758,376.42,377.977,217.248,7026.68,0.726351,0,0
612.75,0.659281,293.496,291.927,291.448,238.248,120.976,137.202,378.956,377.977,217.248,3113.18,0.671115,0,1.26791
613.25,0.662607,293.556,291.984,291.505,238.258,118.061,142.855,381.483,377.977,217.248,5273.21,0.67103,0,0.165653
613.75,0.665921,293.621,292.042,291.562,238.292,118.553,143.496,383.999,377.977,217.248,7026.68,0.670935,0,0.918573
614.25,0.669221,293.688,292.1,291.621,238.297,119.202,144.19,386.506,377.949,217.831,7026.68,0.670808,0,0
614.75,0.672508,293.756,292.159,291.679,238.302,119.895,144.918,389.003,377.949,217.831,7026.68,0.670669,0,0
615.25,0.675782,293.823,292.218,291.738,238.307,120.605,145.661,391.49,377.949,217.831,7026.68,0.670518,0,0
615.75,0.679043,293.892,292.278,291.798,238.312,121.318,146.415,393.966,377.949,217.831,7026.68,0.670355,0,0
616.25,0.68229,293.968,292.338,291.858,238.318,122.587,147.346,396.433,379.265,218.021,7026.68,0.670177,0,0
616.75,0.685524,294.037,292.398,291.918,238.323,123.359,148.14,398.889,379.265,218.021,7026.68,0.669988,0,0
617.25,0.688745,294.107,292.459,291.979,238.328,124.068,148.926,401.335,379.265,218.021,7026.68,0.669787,0,0
617.75,0.691952,294.176,292.52,292.04,238.333,124.761,149.717,403.771,379.265,218.021,7026.68,0.669574,0,0
618.25,0.695145,294.254,292.581,292.101,238.339,126.014,150.69,406.197,380.621,218.219,7026.68,0.669349,0,0
618.75,0.698325,294.324,292.643,292.163,238.344,126.751,151.517,408.612,380.621,218.219,7026.68,0.669111,0,0
619.25,0.701491,294.395,292.706,292.225,238.349,127.421,152.335,411.017,380.621,218.219,7026.68,0.668864,0,0
619.75,0.704643,294.366,292.753,292.272,238.377,121.749,165.758,413.411,380.621,218.219,3113.18,0.625279,0,0.733819
620.25,0.707781,294.436,292.813,292.333,238.382,121.902,166.728,415.795,381.61,218.467,7026.68,0.625534,0,0
620.75,0.710905,294.504,292.874,292.393,238.387,122.449,167.383,418.168,381.61,218.467,7026.68,0.625775,0,0
621.25,0.714016,294.573,292.935,292.454,238.393,123.06,168.066,420.53,381.61,218.467,9270.94,0.626003,0,0
621.75,0.717112,294.643,292.997,292.516,238.398,123.696,168.767,422.882,381.61,218.467,9270.94,0.626216,0,0
622.25,0.720195,294.719,293.058,292.577,238.403,124.824,169.631,425.223,382.762,218.579,9270.94,0.626418,0,0
622.75,0.723263,294.789,293.121,292.639,238.408,125.523,170.373,427.554,382.762,218.579,9270.94,0.626606,0,0
623.25,0.726317,294.793,293.18,292.699,238.422,125.24,173.43,429.874,382.762,218.579,9270.94,0.589993,0,0.28002
623.75,0.729357,294.849,293.24,292.759,238.444,120.738,182.928,432.182,382.762,218.579,9270.94,0.590611,0,0.528971
624.25,0.732382,294.921,293.301,292.819,238.462,121.451,183.559,434.48,383.743,218.812,7026.68,0.591197,0,0.438636
624.75,0.735393,294.936,293.349,292.867,238.482,119.952,188.67,436.767,383.743,218.812,7026.68,0.549381,0,0.481716
625.25,0.738389,294.945,293.392,292.91,238.487,116.09,197.609,439.043,383.743,218.812,9270.94,0.550276,0,0
625.75,0.741371,294.997,293.435,292.953,238.492,116.526,197.895,441.308,383.743,218.812,9270.94,0.551186,0,0
626.25,0.744339,295.054,293.478,292.996,238.497,117.569,198.381,443.562,384.312,219.014,9270.94,0.55207,0,0
626.75,0.747292,295.108,293.522,293.04,238.502,118.439,198.832,445.805,384.312,219.014,12021.5,0.552938,0,0
627.25,0.75023,295.163,293.566,293.084,238.507,119.301,199.289,448.037,384.312,219.014,12021.5,0.553792,0,0
627.75,0.753153,295.218,293.61,293.128,238.512,120.16,199.754,450.257,384.312,219.014,12021.5,0.554631,0,0
628.25,0.756062,295.28,293.655,293.173,238.517,121.499,200.388,452.467,385.477,219.162,12021.5,0.555454,0,0
628.75,0.758956,295.335,293.7,293.218,238.522,122.404,200.889,454.665,385.477,219.162,12021.5,0.556261,0,0
629.25,0.761834,295.391,293.746,293.263,238.527,123.252,201.381,456.851,385.477,219.162,12021.5,0.557055,0,0
629.75,0.764698,295.447,293.791,293.309,238.533,124.083,201.877,459.027,385.477,219.162,12021.5,0.557834,0,0
630.25,0.767547,295.509,293.837,293.355,238.538,125.398,202.544,461.19,386.671,219.316,12021.5,0.558597,0,0
630.75,0.770381,295.566,293.884,293.401,238.543,126.263,203.072,463.343,386.671,219.316,12021.5,0.559347,0,0
631.25,0.7732,295.622,293.923,293.44,238.556,127.068,203.589,465.484,386.671,219.316,12021.5,0.534784,0,0.239611
631.75,0.776003,295.617,293.968,293.486,238.566,123.897,212.086,467.613,386.671,219.316,12021.5,0.535723,0,0.181895
632.25,0.778791,295.676,294.015,293.532,238.597,124.565,212.497,469.731,387.641,219.412,7026.68,0.536659,0,0.841451
632.75,0.781564,295.732,294.061,293.578,238.637,125.296,212.944,471.837,387.641,219.412,9270.94,0.53758,0,1.12661
633.25,0.784322,295.788,294.098,293.616,238.643,126.036,213.402,473.932,387.641,219.412,9270.94,0.523636,0,0.045537
633.75,0.787064,295.804,294.144,293.662,238.648,124.551,218.571,476.014,387.641,219.412,9270.94,0.524657,0,0
634.25,0.78979,295.859,294.183,293.7,238.655,125.075,218.923,478.085,387.907,220.037,9270.94,0.524283,0,0.0562376
634.75,0.792502,295.906,294.229,293.746,238.66,125.734,219.758,480.145,387.907,220.037,9270.94,0.525301,0,0
635.25,0.795197,295.961,294.27,293.787,238.694,126.376,220.163,482.192,387.907,220.037,5273.21,0.497743,0,0.937134
635.75,0.797877,295.948,294.302,293.819,238.698,122.489,229.762,484.228,387.907,220.037,9270.94,0.498788,0,0
636.25,0.800541,295.992,294.335,293.852,238.703,123.022,229.956,486.268,388.129,220.202,9270.94,0.499846,0,0
636.75,0.80319,296.036,294.369,293.886,238.708,123.884,230.275,488.362,388.129,220.202,9270.94,0.500894,0,0
637.25,0.805823,296.081,294.402,293.919,238.713,124.78,230.612,490.443,388.129,220.202,9270.94,0.501929,0,0
637.75,0.80844,296.125,294.436,293.953,238.717,125.684,230.959,492.511,388.129,220.202,9270.94,0.502953,0,0
638.25,0.811041,296.176,294.47,293.987,238.722,127.029,231.469,494.568,389.209,220.311,9270.94,0.503965,0,0
638.75,0.813626,296.222,294.504,294.021,238.727,127.978,231.848,496.611,389.209,220.311,9270.94,0.504964,0,0
639.25,0.816195,296.267,294.539,294.055,238.732,128.875,232.216,498.642,389.209,220.311,9270.94,0.505953,0,0
639.75,0.818748,296.313,294.574,294.09,238.737,129.756,232.587,500.66,389.209,220.311,9270.94,0.50693,0,0
640.25,0.821285,296.364,294.609,294.125,238.742,131.076,233.121,502.666,390.309,220.425,9270.94,0.507895,0,0
640.75,0.823806,296.41,294.644,294.16,238.747,131.988,233.518,504.658,390.309,220.425,9270.94,0.508849,0,0
641.25,0.82631,296.456,294.679,294.196,238.752,132.844,233.904,506.638,390.309,220.425,9270.94,0.509792,0,0
641.75,0.828799,296.502,294.715,294.231,238.757,133.683,234.291,508.605,390.309,220.425,9270.94,0.510724,0,0
642.25,0.831271,296.554,294.751,294.267,238.762,134.963,234.842,510.559,391.416,220.543,12021.5,0.511645,0,0
642.75,0.833727,296.6,294.787,294.303,238.767,135.831,235.255,512.501,391.416,220.543,12021.5,0.512554,0,0
643.25,0.836166,296.646,294.824,294.34,238.772,136.642,235.655,514.429,391.416,220.543,12021.5,0.513454,0,0
643.75,0.838589,296.693,294.86,294.376,238.777,137.436,236.056,516.344,391.416,220.543,12021.5,0.514343,0,0
644.25,0.840996,296.745,294.892,294.408,238.799,138.667,236.62,518.247,392.515,220.666,12021.5,0.482807,0,0.557507
644.75,0.843386,296.714,294.928,294.444,238.826,134.04,247.793,520.136,392.515,220.666,12021.5,0.483905,0,0.698989
645.25,0.845759,296.757,294.963,294.479,238.861,134.167,247.891,522.012,392.515,220.666,9270.94,0.48501,0,0.975619
645.75,0.848116,296.801,294.999,294.515,238.909,134.825,248.178,523.875,392.515,220.666,9270.94,0.486104,0,1.38531
646.25,0.850456,296.842,295.035,294.551,238.913,135.256,248.389,525.725,391.819,221.552,9270.94,0.487185,0,0
646.75,0.852779,296.887,295.071,294.587,238.918,135.952,248.703,527.562,391.819,221.552,9270.94,0.488255,0,0
647.25,0.855086,296.932,295.107,294.623,238.922,136.678,249.035,529.385,391.819,221.552,9270.94,0.489315,0,0
647.75,0.857376,296.977,295.144,294.659,238.927,137.405,249.373,531.195,391.819,221.552,9270.94,0.490364,0,0
648.25,0.859649,297.029,295.173,294.688,238.94,138.6,249.885,532.992,392.965,221.658,9270.94,0.471617,0,0.254389
648.75,0.861905,297.023,295.209,294.724,238.944,136.119,256.876,534.776,392.965,221.658,9270.94,0.472785,0,0
649.25,0.864144,297.066,295.245,294.76,238.949,136.409,257.023,536.546,392.965,221.658,9270.94,0.473952,0,0
649.75,0.866367,297.111,295.281,294.796,238.953,137.049,257.3,538.302,392.965,221.658,9270.94,0.475107,0,0
650.25,0.868572,297.161,295.318,294.833,238.958,138.094,257.73,540.045,393.869,221.66,9270.94,0.47624,0,0
650.75,0.87076,297.206,295.354,294.87,238.963,138.814,258.059,541.775,393.869,221.66,9270.94,0.477363,0,0
651.25,0.872931,297.251,295.391,294.907,238.967,139.498,258.381,543.491,393.869,221.66,9270.94,0.478474,0,0
651.75,0.875085,297.297,295.421,294.936,238.982,140.173,258.706,545.194,393.869,221.66,9270.94,0.473941,0,0.316653
652.25,0.877222,297.328,295.458,294.973,238.986,140.436,261.057,546.883,394.831,221.822,9270.94,0.475067,0,0
652.75,0.879341,297.373,295.495,295.01,238.991,140.972,261.333,548.558,394.831,221.822,9270.94,0.476186,0,0
653.25,0.881443,297.419,295.533,295.048,238.996,141.599,261.648,550.22,394.831,221.822,9270.94,0.477294,0,0
653.75,0.883528,297.464,295.571,295.085,239,142.23,261.971,551.868,394.831,221.822,12021.5,0.478391,0,0
654.25,0.885595,297.515,295.608,295.123,239.005,143.25,262.436,553.503,395.778,221.871,12021.5,0.47948,0,0
654.75,0.887646,297.56,295.646,295.161,239.01,143.917,262.783,555.123,395.778,221.871,12021.5,0.480559,0,0
655.25,0.889678,297.606,295.677,295.192,239.014,144.539,263.12,556.73,395.778,221.871,12021.5,0.458373,0,0
655.75,0.891693,297.591,295.698,295.213,239.08,141.179,271.451,558.323,395.778,221.871,7026.68,0.441473,0,1.97162
656.25,0.893691,297.578,295.723,295.238,239.084,138.309,277.663,559.902,395.465,222.221,7026.68,0.44258,0,0
656.75,0.895671,297.61,295.748,295.262,239.088,138.592,277.689,561.467,395.465,222.221,7026.68,0.443688,0,0
657.25,0.897634,297.643,295.773,295.287,239.093,139.234,277.85,563.019,395.465,222.221,7026.68,0.444789,0,0
657.75,0.899578,297.676,295.798,295.312,239.097,139.924,278.032,564.556,395.465,222.221,7026.68,0.445882,0,0
658.25,0.901506,297.714,295.823,295.337,239.101,140.984,278.345,566.079,396.312,222.169,7026.68,0.44697,0,0
658.75,0.903415,297.748,295.848,295.362,239.106,141.731,278.555,567.589,396.312,222.169,7026.68,0.448051,0,0
659.25,0.905307,297.782,295.873,295.388,239.11,142.441,278.756,569.084,396.312,222.169,7026.68,0.449124,0,0
659.75,0.907181,297.816,295.899,295.413,239.115,143.14,278.958,570.565,396.312,222.169,7026.68,0.45019,0,0
660.25,0.909037,297.856,295.924,295.439,239.119,144.243,279.318,572.033,397.33,222.226,9270.94,0.451248,0,0
660.75,0.910875,297.89,295.95,295.464,239.124,144.975,279.542,573.486,397.33,222.226,9270.94,0.452299,0,0
661.25,0.912695,297.924,295.976,295.49,239.128,145.657,279.752,574.925,397.33,222.226,12021.5,0.453343,0,0
661.75,0.914498,297.958,296.002,295.516,239.133,146.324,279.961,576.349,397.33,222.226,12021.5,0.454379,0,0
662.25,0.916282,297.997,296.028,295.542,239.137,147.385,280.325,577.76,398.331,222.286,12021.5,0.455408,0,0
662.75,0.918049,298.032,296.054,295.568,239.142,148.079,280.554,579.156,398.331,222.286,12021.5,0.45643,0,0
663.25,0.919797,298.066,296.08,295.594,239.146,148.723,280.769,580.538,398.331,222.286,12021.5,0.457446,0,0
663.75,0.921527,298.1,296.107,295.62,239.151,149.364,280.986,581.935,398.331,222.286,12021.5,0.458454,0,0
664.25,0.923239,298.139,296.133,295.647,239.155,150.404,281.361,583.32,399.339,222.346,12021.5,0.459455,0,0
664.75,0.924934,298.174,296.16,295.673,239.16,151.074,281.598,584.691,399.339,222.346,12021.5,0.46045,0,0
665.25,0.926609,298.208,296.186,295.7,239.164,151.694,281.822,586.047,399.339,222.346,12021.5,0.461437,0,0
665.75,0.928267,298.242,296.213,295.727,239.169,152.299,282.044,587.388,399.339,222.346,12021.5,0.462418,0,0
666.25,0.929907,298.281,296.24,295.754,239.174,153.302,282.423,588.715,400.354,222.406,12021.5,0.463392,0,0.00313508
666.75,0.931528,298.316,296.268,295.782,239.179,153.933,282.663,590.026,400.354,222.406,12021.5,0.464308,0,0.0291482
667.25,0.933131,298.35,296.304,295.817,239.185,154.481,282.913,591.323,400.354,222.406,12021.5,0.464786,0,0.0422457
667.75,0.934715,298.39,296.343,295.857,239.191,154.745,283.367,592.606,400.354,222.406,12021.5,0.465046,0,0.0488773
668.25,0.936281,298.438,296.384,295.898,239.196,155.342,284.101,593.873,401.415,222.503,12021.5,0.466155,0,0
668.75,0.937829,298.483,296.412,295.925,239.203,155.703,284.406,595.125,401.415,222.503,12021.5,0.466151,0,0.0798313
669.25,0.939359,298.515,296.453,295.967,239.207,156.185,285.02,596.363,401.415,222.503,12021.5,0.46725,0,0
669.75,0.940869,298.561,296.49,296.003,239.215,156.411,285.281,597.585,401.415,222.503,12021.5,0.466736,0,0.0953994
670.25,0.942362,298.604,296.531,296.044,239.22,156.992,286.301,598.793,402.527,222.622,12021.5,0.467829,0,0
670.75,0.943836,298.65,296.572,296.086,239.227,157.301,286.599,599.985,402.527,222.622,12021.5,0.467073,0,0.103324
671.25,0.945291,298.691,296.614,296.127,239.232,157.279,287.57,601.163,402.527,222.622,12021.5,0.468156,0,0
671.75,0.946728,298.736,296.649,296.162,239.285,157.555,287.858,602.325,402.527,222.622,7026.68,0.429136,0,1.5724
672.25,0.948146,298.679,296.675,296.189,239.321,150.523,302.686,603.473,402.599,222.746,9270.94,0.430268,0,1.03178
672.75,0.949546,298.709,296.702,296.215,239.366,150.29,302.533,604.605,402.599,222.746,9270.94,0.431417,0,1.32034
673.25,0.950926,298.74,296.728,296.241,239.37,150.666,302.613,605.723,402.599,222.746,9270.94,0.432559,0,0
673.75,0.952289,298.772,296.754,296.267,239.374,151.108,302.722,606.825,402.599,222.746,9270.94,0.433695,0,0
674.25,0.953632,298.803,296.78,296.293,239.378,151.544,302.808,607.912,402.479,223.468,9270.94,0.434837,0,0
674.75,0.954957,298.835,296.806,296.319,239.381,152.014,302.919,608.984,402.479,223.468,9270.94,0.435972,0,0
675.25,0.956263,298.867,296.832,296.344,239.385,152.486,303.034,610.04,402.479,223.468,9270.94,0.437101,0,0
675.75,0.95755,298.898,296.858,296.37,239.389,152.953,303.151,611.082,402.479,223.468,9270.94,0.438223,0,0
676.25,0.958818,298.935,296.884,296.396,239.393,153.84,303.435,612.108,403.53,223.502,12021.5,0.439339,0,0
676.75,0.960068,298.967,296.91,296.422,239.397,154.344,303.573,613.119,403.53,223.502,12021.5,0.440448,0,0
677.25,0.961299,298.999,296.936,296.448,239.401,154.8,303.696,614.115,403.53,223.502,12021.5,0.44155,0,0
677.75,0.96251,299.031,296.962,296.475,239.405,155.242,303.817,615.096,403.53,223.502,12021.5,0.442647,0,0
678.25,0.963703,299.068,296.988,296.501,239.409,156.098,304.104,616.061,404.584,223.538,12021.5,0.443737,0,0
678.75,0.964877,299.099,297.015,296.527,239.413,156.57,304.244,617.011,404.584,223.538,12021.5,0.44482,0,0
679.25,0.966032,299.131,297.041,296.554,239.417,156.992,304.367,617.945,404.584,223.538,12021.5,0.445898,0,0
679.75,0.967168,299.162,297.068,296.58,239.421,157.4,304.488,618.864,404.584,223.538,12021.5,0.446969,0,0
680.25,0.968285,299.199,297.094,296.606,239.425,158.201,304.767,619.768,405.587,223.587,12021.5,0.448034,0,0
680.75,0.969383,299.23,297.121,296.633,239.429,158.634,304.904,620.657,405.587,223.587,12021.5,0.449093,0,0
681.25,0.970462,299.262,297.147,296.659,239.433,159.02,305.026,621.53,405.587,223.587,12021.5,0.450147,0,0
681.75,0.971522,299.293,297.172,296.684,239.479,159.39,305.145,622.387,405.587,223.587,7026.68,0.423089,0,1.35979
682.25,0.972563,299.253,297.198,296.71,239.483,154.446,315.736,623.229,405.723,223.719,12021.5,0.424261,0,0
682.75,0.973584,299.281,297.224,296.736,239.487,154.197,315.559,624.056,405.723,223.719,12021.5,0.425446,0,0
683.25,0.974587,299.311,297.25,296.762,239.491,154.433,315.572,624.867,405.723,223.719,12021.5,0.426625,0,0
683.75,0.97557,299.341,297.276,296.788,239.494,154.727,315.609,625.663,405.723,223.719,12021.5,0.427798,0,0
684.25,0.976535,299.374,297.302,296.814,239.498,155.322,315.75,626.443,406.382,223.633,12021.5,0.428967,0,0
684.75,0.97748,299.404,297.328,296.84,239.502,155.669,315.809,627.208,406.382,223.633,12021.5,0.430131,0,0
685.25,0.978405,299.434,297.354,296.866,239.506,155.99,315.861,627.957,406.382,223.633,12021.5,0.431288,0,0
685.75,0.979312,299.464,297.38,296.892,239.509,156.304,315.913,628.69,406.382,223.633,12021.5,0.432439,0,0
686.25,0.980199,299.499,297.406,296.918,239.513,157.04,316.135,629.408,407.443,223.658,12021.5,0.433585,0,0
686.75,0.981068,299.529,297.432,296.944,239.517,157.391,316.207,630.111,407.443,223.658,12021.5,0.434724,0,0
687.25,0.981916,299.559,297.458,296.97,239.521,157.694,316.262,630.798,407.443,223.658,12021.5,0.435858,0,0
687.75,0.982746,299.589,297.484,296.996,239.524,157.984,316.314,631.469,407.443,223.658,12021.5,0.436985,0,0
688.25,0.983556,299.624,297.511,297.022,239.528,158.68,316.532,632.124,408.473,223.69,12021.5,0.438107,0,0
688.75,0.984347,299.654,297.537,297.048,239.532,159,316.601,632.764,408.473,223.69,12021.5,0.439223,0,0
689.25,0.985119,299.683,297.563,297.074,239.536,159.272,316.653,633.389,408.473,223.69,12021.5,0.440333,0,0
689.75,0.985871,299.712,297.589,297.101,239.539,159.531,316.702,633.997,408.473,223.69,12021.5,0.441438,0,0
690.25,0.986604,299.747,297.615,297.127,239.543,160.183,316.912,634.59,409.476,223.728,12021.5,0.442537,0,0
690.75,0.987317,299.776,297.641,297.153,239.547,160.469,316.977,635.167,409.476,223.728,12021.5,0.443631,0,0.00206746
691.25,0.988011,299.806,297.668,297.179,239.551,160.708,317.025,635.729,409.476,223.728,12021.5,0.444719,0,0.00741821
691.75,0.988686,299.835,297.694,297.205,239.555,160.933,317.069,636.275,409.476,223.728,12021.5,0.445802,0,0.00312935
692.25,0.989341,299.869,297.72,297.231,239.559,161.55,317.273,636.805,410.473,223.769,12021.5,0.44688,0,0.00647977
692.75,0.989977,299.898,297.744,297.256,239.596,161.802,317.332,637.319,410.473,223.769,7026.68,0.415385,0,1.0683
693.25,0.990593,299.841,297.769,297.281,239.644,155.64,329.814,637.818,410.473,223.769,9270.94,0.416621,0,1.45438
693.75,0.99119,299.866,297.794,297.305,239.689,155.134,329.479,638.301,410.473,223.769,9270.94,0.417871,0,1.34877
694.25,0.991767,299.887,297.819,297.33,239.738,154.842,329.217,638.768,409.534,224.552,9270.94,0.419111,0,1.51195
694.75,0.992325,299.914,297.844,297.355,239.741,154.935,329.129,639.219,409.534,224.552,9270.94,0.420345,0,0
695.25,0.992863,299.941,297.869,297.38,239.744,155.085,329.066,639.655,409.534,224.552,9270.94,0.421573,0,0
695.75,0.993382,299.968,297.893,297.404,239.747,155.248,329.008,640.075,409.534,224.552,9270.94,0.422795,0,0
696.25,0.993882,299.998,297.918,297.429,239.75,155.671,329.054,640.479,410.163,225.026,9270.94,0.424017,0,0
696.75,0.994361,300.025,297.943,297.454,239.753,155.87,329.008,640.867,410.163,225.026,9270.94,0.425233,0,0
697.25,0.994822,300.052,297.967,297.478,239.756,156.04,328.953,641.24,410.163,225.026,12021.5,0.426443,0,0
697.75,0.995262,300.078,297.992,297.503,239.759,156.202,328.895,641.596,410.163,225.026,12021.5,0.427647,0,0
698.25,0.995684,300.11,298.016,297.527,239.762,156.763,329.002,641.937,411.172,225.038,12021.5,0.428847,0,0
698.75,0.996085,300.137,298.041,297.552,239.765,156.958,328.962,642.262,411.172,225.038,12021.5,0.43004,0,0
699.25,0.996467,300.163,298.065,297.576,239.767,157.108,328.905,642.571,411.172,225.038,12021.5,0.431228,0,0
699.75,0.99683,300.189,298.081,297.592,239.797,157.246,328.844,642.864,411.172,225.038,12021.5,0.410431,0,0.863439
700.25,0.997173,300.154,298.106,297.616,239.8,153.347,337.319,643.142,411.568,225.02,12021.5,0.411713,0,0
700.75,0.997496,300.178,298.13,297.64,239.802,152.942,336.991,643.404,411.568,225.02,12021.5,0.412996,0,0
701.25,0.9978,300.202,298.154,297.664,239.805,152.961,336.837,643.649,411.568,225.02,12021.5,0.414273,0,0
701.75,0.998084,300.227,298.178,297.688,239.808,153.028,336.704,643.879,411.568,225.02,12021.5,0.415545,0,0
702.25,0.998348,300.258,298.201,297.712,239.81,153.53,336.735,644.093,412.571,224.991,12021.5,0.416813,0,0
702.75,0.998593,300.283,298.225,297.736,239.813,153.663,336.63,644.291,412.571,224.991,12021.5,0.418076,0,0
703.25,0.998818,300.308,298.249,297.759,239.816,153.759,336.51,644.473,412.571,224.991,12021.5,0.419333,0,0
703.75,0.999024,300.333,298.273,297.783,239.818,153.847,336.387,644.64,412.571,224.991,12021.5,0.420584,0,0
704.25,0.99921,300.363,298.297,297.807,239.821,154.327,336.428,644.79,413.564,224.992,12021.5,0.42183,0,0
704.75,0.999376,300.388,298.32,297.831,239.824,154.448,336.322,644.925,413.564,224.992,12021.5,0.423071,0,0
705.25,0.999523,300.413,298.344,297.854,239.826,154.525,336.198,645.044,413.564,224.992,12021.5,0.424306,0,0
705.75,0.99965,300.437,298.368,297.878,239.829,154.59,336.071,645.146,413.564,224.992,12021.5,0.425536,0,0
706.25,0.999758,300.467,298.391,297.901,239.832,155.042,336.105,645.233,414.549,224.993,12021.5,0.426761,0,0
706.75,0.999845,300.491,298.415,297.925,239.834,155.136,335.992,645.304,414.549,224.993,12021.5,0.42798,0,0
707.25,0.999913,300.516,298.438,297.949,239.837,155.185,335.861,645.36,414.549,224.993,12021.5,0.429194,0,0
707.75,0.999962,300.54,298.462,297.972,239.84,155.222,335.726,645.399,414.549,224.993,15273.4,0.430403,0,0
708.25,0.999991,300.569,298.485,297.995,239.842,155.643,335.751,645.422,415.525,224.992,15273.4,0.431608,0,0
