hour,mu0,ground_k,air_k,air_300m_k,column_mean_k,sensible_w_m2,latent_w_m2,sw_ground_w_m2,lw_down_w_m2,olr_w_m2,mixed_layer_m,rh_ground,dew_kg_m2,condensed_kg_m2
0.25,0.999998,296.828,294.238,293.755,238.982,202.041,263.847,645.428,387.08,219.761,7026.68,0.476182,0,0.870004
0.75,0.999978,296.84,294.246,293.763,239.015,202.226,263.197,645.412,387.08,219.761,9270.94,0.478357,0,1.24293
1.25,0.999939,296.852,294.254,293.771,239.008,202.551,262.594,645.38,387.08,219.761,9270.94,0.480523,0,0
1.75,0.99988,296.864,294.261,293.778,239.002,202.88,261.995,645.332,387.08,219.761,9270.94,0.48268,0,0
2.25,0.999801,296.874,294.251,293.768,239.004,203.133,261.361,645.269,386.876,220.229,9270.94,0.469536,0,0.27653
2.75,0.999703,296.839,294.258,293.775,238.998,201.327,265.61,645.189,386.876,220.229,9270.94,0.471766,0,0
3.25,0.999585,296.848,294.265,293.782,238.991,201.246,264.84,645.094,386.876,220.229,9270.94,0.47399,0,0
3.75,0.999447,296.858,294.272,293.789,238.986,201.488,264.175,644.983,386.876,220.229,9270.94,0.476205,0,0
4.25,0.99929,296.869,294.259,293.776,238.992,201.826,263.546,644.855,387.027,220.035,9270.94,0.474092,0,0.394551
4.75,0.999113,296.855,294.266,293.783,238.986,201.891,264.179,644.712,387.027,220.035,9270.94,0.476296,0,0
5.25,0.998917,296.865,294.273,293.79,238.981,201.943,263.465,644.553,387.027,220.035,9270.94,0.478493,0,0
5.75,0.998701,296.875,294.281,293.797,238.975,202.172,262.809,644.379,387.027,220.035,9270.94,0.480681,0,0
6.25,0.998465,296.887,294.288,293.804,238.97,202.593,262.219,644.188,387.441,219.958,9270.94,0.482861,0,0
6.75,0.99821,296.897,294.279,293.796,238.981,202.866,261.581,643.981,387.441,219.958,9270.94,0.478937,0,0.52054
7.25,0.997935,296.882,294.286,293.803,238.983,202.477,262.825,643.759,387.441,219.958,9270.94,0.481126,0,0.228157
7.75,0.997641,296.891,294.293,293.81,238.977,202.502,262.103,643.521,387.441,219.958,9270.94,0.483307,0,0
8.25,0.997327,296.9,294.3,293.817,238.972,202.695,261.434,643.266,387.424,219.967,9270.94,0.485482,0,0
8.75,0.996993,296.909,294.299,293.816,238.973,202.909,260.774,642.996,387.424,219.967,9270.94,0.466405,0,0.196272
9.25,0.99664,296.868,294.305,293.822,238.968,199.757,266.985,642.711,387.424,219.967,9270.94,0.468675,0,0.0180145
9.75,0.996267,296.875,294.311,293.828,238.965,199.548,266.137,642.409,387.424,219.967,9270.94,0.470943,0,0.0318532
10.25,0.995874,296.883,294.299,293.816,238.969,199.714,265.414,642.091,387.477,219.737,9270.94,0.470126,0,0.31276
10.75,0.995462,296.871,294.305,293.822,238.995,199.82,265.588,641.758,387.477,219.737,7026.68,0.472373,0,1.00536
11.25,0.995031,296.879,294.311,293.828,238.989,199.821,264.823,641.409,387.477,219.737,7026.68,0.474612,0,0
11.75,0.994579,296.887,294.314,293.831,238.987,199.972,264.11,641.044,387.477,219.737,9270.94,0.463128,0,0.11147
12.25,0.994109,296.86,294.319,293.836,238.981,197.705,267.776,640.663,386.94,219.916,9270.94,0.465416,0,0
12.75,0.993619,296.867,294.308,293.824,238.982,197.584,266.945,640.266,386.94,219.916,9270.94,0.465976,0,0.185436
13.25,0.993109,296.857,294.313,293.83,238.976,197.841,266.646,639.854,386.94,219.916,12021.5,0.468252,0,0
13.75,0.99258,296.864,294.319,293.836,238.971,197.831,265.859,639.425,386.94,219.916,12021.5,0.470521,0,0
14.25,0.992031,296.874,294.303,293.82,238.975,198.203,265.192,638.981,387.519,219.767,12021.5,0.469915,0,0.29912
14.75,0.991463,296.858,294.309,293.826,238.97,198.41,265.263,638.522,387.519,219.767,12021.5,0.472173,0,0.00918536
15.25,0.990875,296.865,294.314,293.831,238.965,198.347,264.466,638.046,387.519,219.767,12021.5,0.474424,0,0.0104219
15.75,0.990268,296.872,294.32,293.837,238.961,198.445,263.723,637.555,387.519,219.767,12021.5,0.476666,0,0.0091798
16.25,0.989641,296.881,294.307,293.824,238.969,198.752,263.05,637.048,387.98,219.681,12021.5,0.474449,0,0.414728
16.75,0.988995,296.864,294.313,293.83,238.992,198.597,263.657,636.525,387.98,219.681,7026.68,0.47669,0,0.913114
17.25,0.988329,296.87,294.318,293.835,239.025,198.5,262.853,635.987,387.98,219.681,9270.94,0.478924,0,1.26405
17.75,0.987644,296.877,294.323,293.84,239.018,198.569,262.104,635.432,387.98,219.681,9270.94,0.481149,0,0
18.25,0.98694,296.879,294.327,293.844,239.018,198.368,261.26,634.862,387.271,220.275,9270.94,0.468034,0,0.238523
18.75,0.986216,296.852,294.331,293.848,239.011,195.879,265.501,634.277,387.271,220.275,9270.94,0.470321,0,0
19.25,0.985473,296.856,294.335,293.852,239.004,195.694,264.622,633.675,387.271,220.275,9270.94,0.472618,0,0
19.75,0.984711,296.861,294.334,293.851,239.008,195.743,263.821,633.059,387.271,220.275,9270.94,0.471117,0,0.319346
20.25,0.983929,296.853,294.338,293.855,239.001,195.275,264.216,632.426,387.164,220.136,9270.94,0.473406,0,0
20.75,0.983128,296.857,294.342,293.859,238.995,195.235,263.389,631.778,387.164,220.136,9270.94,0.475688,0,0
21.25,0.982307,296.862,294.346,293.862,238.989,195.289,262.595,631.114,387.164,220.136,9270.94,0.47796,0,0
21.75,0.981467,296.866,294.34,293.857,238.996,195.351,261.806,630.434,387.164,220.136,9270.94,0.475246,0,0.426772
22.25,0.980608,296.855,294.344,293.86,238.996,194.969,262.632,629.739,387.532,220.051,9270.94,0.477523,0,0.209994
22.75,0.97973,296.859,294.347,293.864,238.99,194.886,261.79,629.028,387.532,220.051,9270.94,0.479793,0,0
23.25,0.978832,296.863,294.351,293.868,238.984,194.914,260.987,628.302,387.532,220.051,9270.94,0.482054,0,0
23.75,0.977916,296.867,294.352,293.869,238.983,194.95,260.189,627.56,387.532,220.051,9270.94,0.463784,0,0.128807
24.25,0.97698,296.824,294.355,293.872,238.978,191.514,266.042,626.803,387.323,219.822,9270.94,0.466122,0,0.0417345
24.75,0.976024,296.826,294.346,293.863,238.979,191.152,265.07,626.03,387.323,219.822,9270.94,0.466433,0,0.213331
25.25,0.97505,296.816,294.349,293.866,238.975,191.063,264.793,625.242,387.323,219.822,9270.94,0.468767,0,0.0354522
25.75,0.974056,296.818,294.351,293.868,238.97,190.939,263.904,624.438,387.323,219.822,9270.94,0.471093,0,0.0182721
26.25,0.973044,296.823,294.337,293.854,238.975,191.14,263.112,623.618,387.814,219.702,9270.94,0.470328,0,0.329804
26.75,0.972012,296.806,294.34,293.857,239,191.058,263.172,622.783,387.814,219.702,7026.68,0.472647,0,1.0007
27.25,0.970961,296.808,294.343,293.859,238.994,190.883,262.27,621.933,387.814,219.702,7026.68,0.474958,0,0
27.75,0.969891,296.81,294.339,293.856,238.991,190.846,261.415,621.067,387.814,219.702,9270.94,0.463422,0,0.119428
28.25,0.968802,296.776,294.341,293.858,238.985,188.381,264.952,620.186,387.179,219.869,9270.94,0.46578,0,0
28.75,0.967694,296.776,294.33,293.846,238.985,188.038,263.969,619.29,387.179,219.869,9270.94,0.466256,0,0.19303
29.25,0.966567,296.763,294.332,293.849,238.979,187.984,263.6,618.378,387.179,219.869,9270.94,0.468603,0,0
29.75,0.965421,296.764,294.334,293.851,238.973,187.797,262.675,617.45,387.179,219.869,12021.5,0.470942,0,0
30.25,0.964255,296.768,294.318,293.835,238.977,187.95,261.855,616.508,387.692,219.703,12021.5,0.47025,0,0.308925
30.75,0.963071,296.749,294.32,293.837,238.972,187.836,261.859,615.55,387.692,219.703,12021.5,0.472581,0,0.0101356
31.25,0.961869,296.75,294.322,293.839,238.967,187.604,260.925,614.576,387.692,219.703,12021.5,0.474905,0,0.0112353
31.75,0.960647,296.751,294.324,293.841,238.962,187.512,260.038,613.588,387.692,219.703,12021.5,0.477219,0,0.0100523
32.25,0.959406,296.754,294.313,293.83,238.97,187.6,259.211,612.584,388.084,219.605,12021.5,0.474876,0,0.426769
32.75,0.958146,296.735,294.314,293.831,238.993,187.089,259.771,611.564,388.084,219.605,7026.68,0.477193,0,0.915637
33.25,0.956868,296.735,294.316,293.833,239.025,186.833,258.83,610.53,388.084,219.605,9270.94,0.479501,0,1.26501
33.75,0.955571,296.735,294.317,293.834,239.017,186.717,257.937,609.48,388.084,219.605,9270.94,0.481802,0,0
34.25,0.954255,296.731,294.318,293.835,239.01,186.301,256.938,608.416,387.308,220.184,9270.94,0.484105,0,0
34.75,0.95292,296.731,294.299,293.816,239.013,186.171,256.034,607.336,387.308,220.184,9270.94,0.471018,0,0.315931
35.25,0.951567,296.682,294.3,293.817,239.005,183.99,260.016,606.241,387.308,220.184,9270.94,0.473373,0,0
35.75,0.950195,296.68,294.3,293.817,238.998,183.457,258.954,605.13,387.308,220.184,9270.94,0.475722,0,0
36.25,0.948804,296.678,294.301,293.818,238.991,183.261,258.002,604.005,387.285,219.961,9270.94,0.478058,0,0
36.75,0.947394,296.677,294.295,293.812,238.998,183.107,257.073,602.865,387.285,219.961,9270.94,0.475356,0,0.428301
37.25,0.945966,296.661,294.296,293.813,238.991,182.271,257.747,601.709,387.285,219.961,9270.94,0.477696,0,0
37.75,0.94452,296.659,294.296,293.813,238.985,181.999,256.773,600.539,387.285,219.961,9270.94,0.480029,0,0
38.25,0.943054,296.659,294.296,293.813,238.978,181.966,255.876,599.353,387.587,219.859,9270.94,0.482355,0,0
38.75,0.941571,296.657,294.296,293.813,238.972,181.829,254.949,598.152,387.587,219.859,9270.94,0.484672,0,0
39.25,0.940068,296.655,294.295,293.812,238.984,181.681,254.021,596.937,387.587,219.859,9270.94,0.480233,0,0.55443
39.75,0.938548,296.639,294.295,293.812,238.984,180.416,255.283,595.707,387.587,219.859,9270.94,0.48256,0,0.234435
40.25,0.937009,296.635,294.294,293.811,238.978,180.086,254.277,594.461,387.456,219.847,9270.94,0.484889,0,0
40.75,0.935451,296.632,294.294,293.811,238.972,179.898,253.323,593.201,387.456,219.847,9270.94,0.487209,0,0
41.25,0.933875,296.63,294.293,293.81,238.966,179.724,252.377,591.926,387.456,219.847,9270.94,0.48952,0,0
41.75,0.932281,296.627,294.273,293.79,238.97,179.548,251.432,590.636,387.456,219.847,9270.94,0.470299,0,0.317696
42.25,0.930668,296.562,294.272,293.789,238.965,176.144,257.333,589.331,387.245,219.629,9270.94,0.47268,0,0.0316507
42.75,0.929037,296.557,294.271,293.788,238.96,175.41,256.173,588.011,387.245,219.629,9270.94,0.475057,0,0.0219672
43.25,0.927388,296.553,294.27,293.787,238.955,175.115,255.159,586.677,387.245,219.629,9270.94,0.477426,0,0.0286314
43.75,0.925721,296.549,294.259,293.776,238.964,174.873,254.165,585.328,387.245,219.629,9270.94,0.475031,0,0.441043
44.25,0.924035,296.529,294.258,293.775,238.987,174.175,254.688,583.964,387.465,219.552,7026.68,0.477404,0,0.946781
44.75,0.922331,296.524,294.256,293.773,239.018,173.814,253.648,582.585,387.465,219.552,7026.68,0.47977,0,1.21745
45.25,0.92061,296.52,294.255,293.772,239.01,173.567,252.648,581.192,387.465,219.552,9270.94,0.482127,0,0
45.75,0.91887,296.515,294.248,293.765,239.01,173.34,251.658,579.805,387.465,219.552,9270.94,0.469151,0,0.26646
46.25,0.917112,296.469,294.246,293.763,239.002,170.245,255.459,578.416,386.424,219.994,9270.94,0.471566,0,0
46.75,0.915336,296.463,294.243,293.76,238.995,169.67,254.317,577.012,386.424,219.994,9270.94,0.473977,0,0
47.25,0.913542,296.457,294.24,293.757,238.988,169.39,253.275,575.594,386.424,219.994,9270.94,0.476379,0,0
47.75,0.91173,296.451,294.223,293.74,238.993,169.144,252.247,574.161,386.424,219.994,9270.94,0.474466,0,0.403197
48.25,0.9099,296.426,294.22,293.737,238.986,168.643,252.557,572.715,386.646,219.854,9270.94,0.476865,0,0
48.75,0.908052,296.42,294.217,293.734,238.979,168.23,251.475,571.254,386.646,219.854,9270.94,0.479257,0,0
49.25,0.906187,296.414,294.214,293.731,238.972,167.955,250.441,569.78,386.646,219.854,9270.94,0.481638,0,0
49.75,0.904303,296.408,294.211,293.728,238.965,167.695,249.415,568.291,386.646,219.854,9270.94,0.484011,0,0
50.25,0.902402,296.405,294.207,293.725,238.976,167.707,248.472,566.788,387.269,219.633,9270.94,0.479884,0,0.54189
50.75,0.900483,296.384,294.204,293.721,238.975,166.406,249.557,565.271,387.269,219.633,9270.94,0.48226,0,0.193795
51.25,0.898547,296.377,294.2,293.717,238.968,166.031,248.482,563.74,387.269,219.633,9270.94,0.484643,0,0
51.75,0.896592,296.37,294.196,293.714,238.962,165.749,247.441,562.195,387.269,219.633,9270.94,0.487017,0,0
52.25,0.89462,296.362,294.193,293.71,238.956,165.408,246.377,560.637,387.098,219.594,9270.94,0.489383,0,0.00133964
52.75,0.892631,296.355,294.189,293.706,238.951,165.122,245.339,559.064,387.098,219.594,9270.94,0.491741,0,0.0480495
53.25,0.890624,296.348,294.169,293.686,238.956,164.837,244.304,557.478,387.098,219.594,9270.94,0.472307,0,0.355392
53.75,0.8886,296.281,294.164,293.681,238.951,161.324,250.195,555.877,387.098,219.594,9270.94,0.474743,0,0.0393042
54.25,0.886558,296.269,294.16,293.677,238.946,160.373,248.898,554.263,386.757,219.382,9270.94,0.477167,0,0.0144628
54.75,0.884498,296.26,294.155,293.672,238.941,159.958,247.789,552.635,386.757,219.382,9270.94,0.479581,0,0.0332735
55.25,0.882422,296.252,294.15,293.668,238.936,159.607,246.703,550.994,386.757,219.382,9270.94,0.481986,0,0.0172053
55.75,0.880328,296.243,294.135,293.652,238.947,159.271,245.627,549.338,386.757,219.382,9270.94,0.478703,0,0.538433
56.25,0.878216,296.215,294.131,293.648,238.969,158.283,246.328,547.669,386.817,219.347,7026.68,0.481111,0,0.905737
56.75,0.876088,296.205,294.126,293.643,238.962,157.773,245.19,545.987,386.817,219.347,7026.68,0.483513,0,0.0141948
57.25,0.873942,296.196,294.121,293.638,238.956,157.404,244.102,544.29,386.817,219.347,7026.68,0.485904,0,0.0115754
57.75,0.871779,296.187,294.116,293.633,238.95,157.049,243.022,542.581,386.817,219.347,9270.94,0.488287,0,0.0128459
58.25,0.869599,296.178,294.108,293.625,238.956,156.723,241.942,540.857,386.847,219.417,9270.94,0.474065,0,0.401024
58.75,0.867401,296.131,294.102,293.619,238.95,153.685,246.175,539.12,386.847,219.417,9270.94,0.476512,0,0.0119501
59.25,0.865187,296.119,294.096,293.613,238.944,153.017,244.953,537.37,386.847,219.417,9270.94,0.478957,0,0.0112199
59.75,0.862956,296.108,294.09,293.607,238.938,152.61,243.82,535.606,386.847,219.417,9270.94,0.481392,0,0.0112532
60.25,0.860708,296.097,294.084,293.601,238.932,152.17,242.677,533.829,386.691,219.235,9270.94,0.483813,0,0.0107574
60.75,0.858443,296.086,294.077,293.595,238.927,151.786,241.563,532.038,386.691,219.235,9270.94,0.486224,0,0.0186608
61.25,0.856161,296.076,294.058,293.576,238.94,151.409,240.456,530.235,386.691,219.235,9270.94,0.482025,0,0.6019
61.75,0.853862,296.041,294.052,293.569,238.959,150.257,241.391,528.417,386.691,219.235,7026.68,0.484441,0,0.8239
62.25,0.851546,296.026,294.046,293.563,238.992,149.444,240.131,526.587,386.175,219.435,7026.68,0.486854,0,1.29549
62.75,0.849214,296.014,294.039,293.556,238.984,148.987,238.995,524.743,386.175,219.435,7026.68,0.489257,0,0
63.25,0.846865,296.003,294.032,293.55,238.976,148.567,237.875,522.886,386.175,219.435,7026.68,0.491651,0,0
63.75,0.844499,295.991,294.026,293.543,238.968,148.153,236.76,521.016,386.175,219.435,9270.94,0.494036,0,0
64.25,0.842117,295.979,294.019,293.536,238.961,147.736,235.637,519.133,386.142,219.586,9270.94,0.496423,0,0
64.75,0.839718,295.967,294.012,293.529,238.953,147.323,234.52,517.237,386.142,219.586,9270.94,0.4988,0,0
65.25,0.837303,295.955,293.987,293.505,238.965,146.905,233.406,515.328,386.142,219.586,9270.94,0.483318,0,0.62158
65.75,0.834871,295.891,293.98,293.497,238.958,143.964,237.887,513.405,386.142,219.586,9270.94,0.48575,0,0
66.25,0.832423,295.874,293.972,293.49,238.95,142.892,236.527,511.47,385.694,219.436,9270.94,0.488173,0,0
66.75,0.829959,295.86,293.964,293.482,238.943,142.345,235.349,509.522,385.694,219.436,9270.94,0.490586,0,0
67.25,0.827478,295.847,293.957,293.474,238.936,141.858,234.195,507.561,385.694,219.436,9270.94,0.492989,0,0
67.75,0.824981,295.834,293.949,293.467,238.93,141.385,233.049,505.587,385.694,219.436,9270.94,0.495384,0,0
68.25,0.822467,295.823,293.941,293.459,238.923,141.132,231.971,503.6,386.187,219.215,9270.94,0.497773,0,0
68.75,0.819938,295.809,293.933,293.451,238.917,140.689,230.839,501.601,386.187,219.215,9270.94,0.500153,0,0
69.25,0.817392,295.796,293.925,293.443,238.912,140.223,229.703,499.589,386.187,219.215,9270.94,0.502524,0,0.020281
69.75,0.814831,295.782,293.913,293.431,238.934,139.749,228.57,497.564,386.187,219.215,5273.21,0.494229,0,0.894671
70.25,0.812253,295.74,293.905,293.423,238.931,137.483,230.748,495.526,385.861,219.244,9270.94,0.496626,0,0.14236
70.75,0.80966,295.725,293.896,293.414,238.924,136.755,229.514,493.476,385.861,219.244,9270.94,0.499017,0,0
71.25,0.80705,295.71,293.888,293.405,238.918,136.219,228.347,491.413,385.861,219.244,9270.94,0.5014,0,0
71.75,0.804425,295.695,293.879,293.397,238.913,135.702,227.19,489.338,385.861,219.244,9270.94,0.503773,0,0.031885
72.25,0.801784,295.681,293.87,293.388,238.907,135.263,226.048,487.25,385.998,219.049,9270.94,0.506144,0,0.0203884
72.75,0.799127,295.666,293.862,293.379,238.902,134.768,224.901,485.177,385.998,219.049,9270.94,0.508505,0,0.0285201
73.25,0.796454,295.651,293.853,293.37,238.897,134.289,223.763,483.147,385.998,219.049,9270.94,0.510857,0,0.020993
73.75,0.793766,295.637,293.844,293.361,238.892,133.806,222.628,481.105,385.998,219.049,9270.94,0.513199,0,0.0259828
74.25,0.791062,295.623,293.822,293.34,238.911,133.404,221.519,479.051,386.189,218.9,9270.94,0.489723,0,0.796822
74.75,0.788343,295.542,293.812,293.33,238.929,129.013,228.461,476.986,386.189,218.9,7026.68,0.492161,0,0.76125
75.25,0.785608,295.524,293.802,293.32,238.922,127.954,227.087,474.908,386.189,218.9,7026.68,0.494597,0,0.00393611
75.75,0.782857,295.507,293.792,293.31,238.915,127.354,225.869,472.819,386.189,218.9,7026.68,0.497023,0,0.0161862
76.25,0.780092,295.485,293.782,293.3,238.909,126.395,224.53,470.719,385.187,218.975,7026.68,0.499433,0,0.00746761
76.75,0.777311,295.468,293.772,293.29,238.903,125.809,223.329,468.606,385.187,218.975,7026.68,0.501834,0,0.0129237
77.25,0.774514,295.452,293.762,293.28,238.897,125.269,222.148,466.482,385.187,218.975,7026.68,0.504224,0,0.0088177
77.75,0.771703,295.435,293.752,293.269,238.891,124.734,220.973,464.347,385.187,218.975,9270.94,0.506605,0,0.0111756
78.25,0.768876,295.42,293.741,293.259,238.885,124.372,219.85,462.2,385.576,218.778,9270.94,0.508982,0,0.00919282
78.75,0.766034,295.403,293.731,293.249,238.88,123.857,218.687,460.041,385.576,218.778,9270.94,0.511349,0,0.0101371
79.25,0.763178,295.386,293.708,293.226,238.901,123.32,217.521,457.871,385.576,218.778,9270.94,0.493308,0,0.868788
79.75,0.760306,295.316,293.697,293.215,238.916,119.77,222.678,455.69,385.576,218.778,7026.68,0.495739,0,0.697756
80.25,0.757419,295.29,293.686,293.204,238.95,118.301,221.165,453.497,384.488,218.919,7026.68,0.498164,0,1.33735
80.75,0.754517,295.271,293.675,293.193,238.941,117.602,219.917,451.293,384.488,218.919,7026.68,0.500578,0,0
81.25,0.751601,295.253,293.664,293.182,238.933,116.993,218.703,449.078,384.488,218.919,7026.68,0.502983,0,0
81.75,0.74867,295.234,293.653,293.171,238.925,116.402,217.499,446.852,384.488,218.919,7026.68,0.505379,0,0
82.25,0.745724,295.215,293.641,293.159,238.917,115.755,216.269,444.614,384.305,219.062,7026.68,0.507777,0,0
82.75,0.742763,295.196,293.63,293.148,238.91,115.169,215.067,442.365,384.305,219.062,7026.68,0.510166,0,0
83.25,0.739788,295.177,293.618,293.136,238.902,114.586,213.87,440.106,384.305,219.062,7026.68,0.512544,0,0
83.75,0.736798,295.158,293.606,293.124,238.895,114,212.678,437.835,384.305,219.062,9270.94,0.514913,0,0
84.25,0.733794,295.14,293.594,293.113,238.888,113.526,211.519,435.553,384.566,218.844,9270.94,0.517277,0,0
84.75,0.730775,295.121,293.583,293.101,238.883,112.945,210.335,433.26,384.566,218.844,9270.94,0.519631,0,0.037528
85.25,0.727742,295.102,293.585,293.104,238.878,112.346,209.149,430.956,384.566,218.844,9270.94,0.521025,0,0.0611258
85.75,0.724695,295.092,293.579,293.097,238.904,111.24,208.317,428.642,384.566,218.844,5273.21,0.500612,0,1.03334
86.25,0.721633,295.023,293.566,293.084,238.896,106.638,214.127,426.316,383.838,218.859,9270.94,0.503041,0,0
86.75,0.718558,295.001,293.552,293.071,238.89,105.625,212.755,423.98,383.838,218.859,9270.94,0.50547,0,0.0288461
87.25,0.715468,294.98,293.539,293.057,238.884,104.948,211.499,421.633,383.838,218.859,9270.94,0.507889,0,0.0231672
87.75,0.712364,294.958,293.526,293.044,238.878,104.305,210.26,419.276,383.838,218.859,9270.94,0.510298,0,0.0266389
88.25,0.709246,294.938,293.512,293.031,238.872,103.737,209.033,416.907,383.944,218.612,9270.94,0.512704,0,0.0227873
88.75,0.706114,294.916,293.499,293.017,238.866,103.113,207.805,414.529,383.944,218.612,9270.94,0.515101,0,0.0248415
89.25,0.702968,294.895,293.485,293.004,238.861,102.481,206.58,412.139,383.944,218.612,9270.94,0.517487,0,0.0227616
89.75,0.699809,294.873,293.472,292.99,238.856,101.844,205.359,409.739,383.944,218.612,9270.94,0.519849,0,0.0634661
90.25,0.696636,294.853,293.474,292.992,238.853,101.257,204.159,407.329,384.074,218.453,9270.94,0.5212,0,0.0842543
90.75,0.693449,294.841,293.485,293.003,238.85,100.087,203.315,404.908,384.074,218.453,9270.94,0.522037,0,0.0977355
91.25,0.690248,294.834,293.494,293.013,238.845,98.7093,202.701,402.477,384.074,218.453,9270.94,0.524099,0,0.0206524
91.75,0.687034,294.831,293.484,293.002,238.844,97.6188,201.696,400.036,384.074,218.453,9270.94,0.524833,0,0.144889
92.25,0.683806,294.81,293.493,293.011,238.839,96.9296,201.08,397.584,384.287,218.379,9270.94,0.526957,0,0.0197325
92.75,0.680565,294.805,293.481,292.999,238.865,95.7499,200.031,395.123,384.287,218.379,5273.21,0.499235,0,1.0125
93.25,0.677311,294.719,293.463,292.982,238.878,90.4634,208.106,392.651,384.287,218.379,7026.68,0.501746,0,0.645042
93.75,0.674043,294.692,293.446,292.964,238.87,89.3503,206.629,390.169,384.287,218.379,7026.68,0.504258,0,0
94.25,0.670762,294.66,293.429,292.947,238.863,88.1821,205.136,387.677,383.146,218.466,7026.68,0.506751,0,0
94.75,0.667468,294.634,293.412,292.93,238.857,87.4566,203.809,385.175,383.146,218.466,7026.68,0.509233,0,0.00818243
95.25,0.664161,294.609,293.395,292.913,238.85,86.7879,202.507,382.662,383.146,218.466,7026.68,0.511703,0,0.0108023
95.75,0.66084,294.583,293.378,292.897,238.844,86.1245,201.214,380.14,383.146,218.466,7026.68,0.514162,0,0.00866327
96.25,0.657507,294.559,293.361,292.88,238.838,85.5638,199.953,377.609,383.37,218.251,7026.68,0.516616,0,0.00974559
96.75,0.654161,294.534,293.344,292.863,238.833,84.908,198.672,375.067,383.37,218.251,7026.68,0.519059,0,0.0343729
97.25,0.650802,294.508,293.337,292.856,238.829,84.2359,197.393,372.516,383.37,218.251,7026.68,0.520833,0,0.0642448
97.75,0.64743,294.489,293.341,292.86,238.826,83.2664,196.365,370.07,383.37,218.251,7026.68,0.52186,0,0.0805791
98.25,0.644045,294.479,293.346,292.864,238.821,82.073,195.646,367.652,383.538,218.104,9270.94,0.524087,0,0.0132898
98.75,0.640648,294.471,293.333,292.852,238.82,81.0699,194.567,365.225,383.538,218.104,9270.94,0.524897,0,0.168676
99.25,0.637238,294.447,293.337,292.856,238.819,80.2765,193.882,362.789,383.538,218.104,9270.94,0.52713,0,0.142628
99.75,0.633816,294.438,293.332,292.85,238.815,79.189,192.768,360.343,383.538,218.104,9270.94,0.515902,0,0.0389404
100.25,0.630381,294.392,293.312,292.831,238.81,76.3076,195.74,357.889,383.504,217.963,9270.94,0.518384,0,0.0360472
100.75,0.626934,294.365,293.299,292.817,238.808,75.591,194.404,355.426,383.504,217.963,9270.94,0.520501,0,0.113881
101.25,0.623474,294.341,293.299,292.817,238.806,74.7979,193.24,352.955,383.504,217.963,9270.94,0.521715,0,0.109868
101.75,0.620002,294.326,293.3,292.819,238.82,73.582,192.404,350.474,383.504,217.963,9270.94,0.524008,0,0.618049
102.25,0.616518,294.313,293.281,292.8,238.815,72.4833,191.227,347.985,383.234,218.022,9270.94,0.517633,0,0.0250616
102.75,0.613022,294.267,293.261,292.78,238.811,70.6363,192.663,345.487,383.234,218.022,9270.94,0.520101,0,0.0703533
103.25,0.609514,294.239,293.257,292.776,238.808,69.8954,191.325,342.981,383.234,218.022,9270.94,0.521514,0,0.0891676
103.75,0.605994,294.221,293.257,292.776,238.803,68.728,190.392,340.466,383.234,218.022,9270.94,0.52385,0,0.026065
104.25,0.602462,294.208,293.241,292.76,238.802,67.7652,189.233,337.942,383.333,217.843,9270.94,0.524832,0,0.143466
104.75,0.598918,294.181,293.24,292.759,238.797,66.9798,188.453,335.41,383.333,217.843,9270.94,0.527164,0,0.0244312
105.25,0.595363,294.167,293.239,292.758,238.792,65.9188,187.264,332.87,383.333,217.843,9270.94,0.529493,0,0.0224123
105.75,0.591795,294.154,293.222,292.741,238.793,64.9787,186.114,330.321,383.333,217.843,9270.94,0.529255,0,0.216342
106.25,0.588216,294.122,293.22,292.739,238.804,63.9981,185.69,327.764,383.286,217.783,9270.94,0.531589,0,0.505516
106.75,0.584626,294.108,293.218,292.737,238.824,62.9294,184.486,325.199,383.286,217.783,7026.68,0.533919,0,0.863253
107.25,0.581024,294.093,293.214,292.732,238.821,61.9945,183.327,322.626,383.286,217.783,7026.68,0.52515,0,0.129871
107.75,0.577411,294.052,293.21,292.729,238.815,59.3949,185.499,320.044,383.286,217.783,7026.68,0.5275,0,0.00544975
108.25,0.573786,294.032,293.206,292.725,238.808,58.0511,184.146,317.454,382.713,217.954,7026.68,0.529898,0,0.00531645
108.75,0.57015,294.015,293.19,292.709,238.808,57.0947,182.932,314.856,382.713,217.954,7026.68,0.529567,0,0.203011
109.25,0.566503,293.984,293.185,292.704,238.802,56.0285,182.522,312.25,382.713,217.954,7026.68,0.531966,0,0.00509561
109.75,0.562844,293.966,293.18,292.698,238.796,55.0053,181.277,309.637,382.713,217.954,7026.68,0.534363,0,0.00499244
110.25,0.559175,293.949,293.174,292.693,238.79,54.1217,180.071,307.015,382.749,217.82,7026.68,0.53676,0,0.00489243
110.75,0.555494,293.931,293.165,292.684,238.793,53.2351,178.869,304.386,382.749,217.82,7026.68,0.534752,0,0.287367
111.25,0.551803,293.901,293.158,292.677,238.788,51.7438,178.971,301.748,382.749,217.82,7026.68,0.537155,0,0.0216297
111.75,0.548101,293.882,293.151,292.67,238.783,50.7632,177.72,299.103,382.749,217.82,7026.68,0.539562,0,0.0349493
112.25,0.544388,293.862,293.144,292.663,238.778,49.8159,176.474,296.45,382.591,217.711,9270.94,0.54197,0,0.0220486
112.75,0.540664,293.843,293.129,292.648,238.778,48.9303,175.253,293.79,382.591,217.711,9270.94,0.52794,0,0.201719
113.25,0.53693,293.78,293.12,292.639,238.789,45.6939,178.885,291.122,382.591,217.711,9270.94,0.530417,0,0.528258
113.75,0.533185,293.758,293.111,292.63,238.783,44.4664,177.485,288.446,382.591,217.711,9270.94,0.532906,0,0.00422298
114.25,0.52943,293.735,293.102,292.621,238.777,43.4248,176.156,285.763,382.299,217.648,9270.94,0.535388,0,0.00407512
114.75,0.525664,293.713,293.075,292.594,238.776,42.5205,174.878,283.073,382.299,217.648,9270.94,0.527341,0,0.163055
115.25,0.521888,293.654,293.065,292.584,238.771,40.4236,176.676,280.375,382.299,217.648,9270.94,0.529862,0,0.0223089
115.75,0.518102,293.631,293.054,292.573,238.765,39.2389,175.259,277.67,382.299,217.648,9270.94,0.532382,0,0.0175803
116.25,0.514306,293.607,293.043,292.562,238.76,38.3176,173.947,274.958,382.287,217.46,9270.94,0.534896,0,0.020467
116.75,0.510499,293.584,293.024,292.543,238.763,37.4313,172.65,272.238,382.287,217.46,9270.94,0.533705,0,0.279643
117.25,0.506683,293.546,293.012,292.531,238.772,36.1848,172.429,269.511,382.287,217.46,9270.94,0.536222,0,0.458285
117.75,0.502856,293.522,293,292.519,238.792,35.1965,171.073,266.777,382.287,217.46,7026.68,0.538735,0,0.876883
118.25,0.49902,293.492,292.988,292.507,238.785,33.9814,169.646,264.097,381.406,217.707,7026.68,0.541255,0,0.0034955
118.75,0.495173,293.469,292.975,292.494,238.779,33.1793,168.347,261.589,381.406,217.707,7026.68,0.543767,0,0.00343684
119.25,0.491318,293.446,292.962,292.481,238.772,32.4218,167.089,259.074,381.406,217.707,7026.68,0.546271,0,0.00336642
119.75,0.487452,293.422,292.94,292.459,238.775,31.6734,165.836,256.553,381.406,217.707,7026.68,0.53632,0,0.305878
120.25,0.483577,293.363,292.927,292.446,238.768,29.2119,168.152,254.025,381.288,217.547,7026.68,0.538866,0,0.00325572
120.75,0.479692,293.337,292.912,292.432,238.762,28.1584,166.759,251.492,381.288,217.547,7026.68,0.541414,0,0.00318792
121.25,0.475798,293.312,292.898,292.417,238.756,27.3588,165.46,248.952,381.288,217.547,7026.68,0.543954,0,0.0031339
121.75,0.471895,293.287,292.884,292.403,238.75,26.5939,164.176,246.406,381.288,217.547,7026.68,0.546487,0,0.00307332
122.25,0.467982,293.261,292.869,292.388,238.744,25.8532,162.887,243.854,381.273,217.347,7026.68,0.549021,0,0.0030461
122.75,0.46406,293.236,292.853,292.373,238.738,25.1092,161.609,241.296,381.273,217.347,7026.68,0.551547,0,0.0103279
123.25,0.460129,293.21,292.838,292.357,238.734,24.3675,160.335,238.732,381.273,217.347,7026.68,0.554065,0,0.0390765
123.75,0.456189,293.184,292.823,292.342,238.728,23.6258,159.063,236.163,381.273,217.347,7026.68,0.556575,0,0.0108672
124.25,0.45224,293.158,292.8,292.319,238.739,22.8672,157.778,233.587,381.209,217.193,7026.68,0.550618,0,0.532221
124.75,0.448282,293.106,292.784,292.303,238.733,21.0281,158.906,231.006,381.209,217.193,7026.68,0.553156,0,0.00277825
125.25,0.444315,293.078,292.767,292.287,238.729,20.0722,157.533,228.419,381.209,217.193,7026.68,0.555693,0,0.0351831
125.75,0.44034,293.05,292.75,292.27,238.723,19.2883,156.227,225.826,381.209,217.193,7026.68,0.558223,0,0.014004
126.25,0.436356,293.019,292.733,292.253,238.719,18.3404,154.852,223.227,380.73,217.114,7026.68,0.560748,0,0.0314594
126.75,0.432363,292.991,292.716,292.236,238.714,17.5588,153.548,220.623,380.73,217.114,7026.68,0.563265,0,0.0241596
127.25,0.428362,292.963,292.699,292.218,238.71,16.8014,152.256,218.014,380.73,217.114,7026.68,0.565774,0,0.05103
127.75,0.424352,292.935,292.683,292.203,238.707,15.9894,151.003,215.399,380.73,217.114,7026.68,0.568147,0,0.0610462
128.25,0.420334,292.916,292.672,292.192,238.718,14.6757,150.014,212.778,380.595,216.989,7026.68,0.54937,0,0.546351
128.75,0.416308,292.832,292.653,292.173,238.723,11.3426,154.338,210.152,380.595,216.989,7026.68,0.551965,0,0.350975
129.25,0.412274,292.8,292.633,292.153,238.718,10.1695,152.804,207.521,380.595,216.989,7026.68,0.554566,0,0.0170933
129.75,0.408231,292.768,292.614,292.133,238.712,9.35911,151.42,204.884,380.595,216.989,7026.68,0.557158,0,0.0139198
130.25,0.404181,292.733,292.594,292.113,238.707,8.38154,149.951,202.243,380.031,216.942,7026.68,0.559738,0,0.0157483
130.75,0.400122,292.702,292.574,292.094,238.701,7.6,148.58,199.596,380.031,216.942,7026.68,0.562309,0,0.0137812
131.25,0.396056,292.671,292.554,292.073,238.696,6.85246,147.222,196.944,380.031,216.942,7026.68,0.564872,0,0.01475
131.75,0.391982,292.639,292.533,292.053,238.692,6.11275,145.867,194.286,380.031,216.942,7026.68,0.567425,0,0.03678
132.25,0.3879,292.613,292.524,292.044,238.689,4.98583,144.667,191.624,379.872,216.783,7026.68,0.569169,0,0.08517
132.75,0.383811,292.597,292.524,292.044,238.685,3.81775,143.411,188.957,379.872,216.783,7026.68,0.571495,0,0.0302945
133.25,0.379714,292.563,292.496,292.016,238.699,3.0666,142.381,186.285,379.872,216.783,4016.82,0.555948,0,0.638447
133.75,0.375609,292.488,292.474,291.994,238.702,0.442109,145.153,183.608,379.872,216.783,5273.21,0.558655,0,0.296619
134.25,0.371497,292.46,292.452,291.972,238.697,0.0392717,141.711,180.926,379.265,216.801,5273.21,0.572304,0,0.012537
134.75,0.367378,292.428,292.429,291.95,238.691,-0.147331,139.5,178.24,379.265,216.801,7026.68,0.574961,0,0.0121579
135.25,0.363252,292.45,292.408,291.928,238.686,-0.0171045,136.349,175.549,379.265,216.801,7026.68,0.566241,0,0.0179624
135.75,0.359119,292.377,292.387,291.91,238.681,-0.282552,134.672,172.853,379.265,216.801,7026.68,0.579742,0,0.044787
136.25,0.354978,292.365,292.381,291.904,238.678,-0.221805,131.03,170.152,379.064,216.647,7026.68,0.580864,0,0.0612705
136.75,0.350831,292.412,292.381,291.902,238.674,-0.0663749,127.685,167.447,379.064,216.647,7026.68,0.612226,0,0.0441552
137.25,0.346676,292.381,292.359,291.885,238.672,-0.340888,126.553,164.973,379.064,216.647,7026.68,0.613482,0,0.10877
137.75,0.342515,292.391,292.358,291.883,238.667,-0.264045,123.42,162.553,379.064,216.647,7026.68,0.623914,0,0.0401602
138.25,0.338347,292.323,292.354,291.88,238.663,0.0281019,120.391,160.13,378.998,216.599,7026.68,0.587987,0,0.0246505
138.75,0.334173,292.288,292.333,291.861,238.663,-0.588555,120.026,157.702,378.998,216.599,7026.68,0.588359,0,0.173581
139.25,0.329992,292.299,292.317,291.858,238.662,-0.547334,117.198,155.271,378.998,216.599,7026.68,0.618997,0,0.134506
139.75,0.325804,292.264,292.318,291.855,238.658,-0.503537,114.412,152.836,378.998,216.599,7026.68,0.602001,0,0.033994
140.25,0.32161,292.302,292.29,291.839,238.656,-0.605732,112.926,150.397,378.809,216.51,7026.68,0.637641,0,0.0897713
140.75,0.31741,292.249,292.273,291.835,238.652,-0.86846,111.122,147.955,378.809,216.51,7026.68,0.631686,0,0.0351765
141.25,0.313203,292.185,292.261,291.826,238.652,-0.954097,108.836,145.508,378.809,216.51,7026.68,0.614684,0,0.146828
141.75,0.30899,292.172,292.274,291.823,238.657,-0.719973,105.411,143.059,378.809,216.51,7026.68,0.5971,0,0.339302
142.25,0.304771,292.411,292.299,291.819,238.653,-0.231178,101.062,140.606,378.51,216.488,7026.68,0.577763,0,0.0244415
142.75,0.300547,292.344,292.266,291.799,238.651,-0.69702,102.184,138.149,378.51,216.488,7026.68,0.68361,0,0.0853279
143.25,0.296316,292.275,292.234,291.796,238.646,-0.930104,100.167,135.689,378.51,216.488,7026.68,0.679796,0,0.0239234
143.75,0.29208,292.178,292.19,291.784,238.645,-1.2569,98.7016,133.225,378.51,216.488,7026.68,0.66831,0,0.111957
144.25,0.287837,292.133,292.173,291.78,238.641,-1.54204,96.0367,130.759,378.311,216.426,7026.68,0.667489,0,0.0232194
144.75,0.283589,292.226,292.208,291.775,238.637,-1.1484,91.1018,128.288,378.311,216.426,7026.68,0.704708,0,0.024817
145.25,0.279336,292.013,292.123,291.759,238.637,-1.92341,93.8224,125.815,378.311,216.426,7026.68,0.651091,0,0.146598
145.75,0.275077,292.224,292.193,291.754,238.642,-0.862127,84.6436,123.339,378.311,216.426,7026.68,0.724837,0,0.321371
146.25,0.270813,291.974,292.111,291.75,238.65,-1.96927,88.9327,120.859,378.08,216.476,5273.21,0.65558,0,0.438369
146.75,0.266543,292.107,292.188,291.745,238.646,-0.85452,79.3161,118.376,378.08,216.476,5273.21,0.691704,0,0.0401714
147.25,0.262268,291.906,292.135,291.739,238.644,-1.58617,83.9366,115.89,378.08,216.476,5273.21,0.60601,0,0.0957789
147.75,0.257988,291.999,292.148,291.734,238.639,-1.67201,79.8496,113.401,378.08,216.476,7026.68,0.671349,0,0.00728964
148.25,0.253703,292.112,292.141,291.729,238.634,-1.41775,74.2558,110.91,377.691,216.389,7026.68,0.747215,0,0.0071847
148.75,0.249413,292.105,292.119,291.715,238.632,-1.39007,72.4083,108.454,377.691,216.389,7026.68,0.749013,0,0.0854037
149.25,0.245118,292.208,292.167,291.709,238.628,-0.551112,66.9425,106.241,377.691,216.389,7026.68,0.788981,0,0.00692944
149.75,0.240818,291.949,292.094,291.704,238.623,-1.47645,71.2964,104.025,377.691,216.389,7026.68,0.705511,0,0.00679196
150.25,0.236513,292.186,292.154,291.686,238.622,-0.557875,62.8189,101.808,377.585,216.297,7026.68,0.793755,0,0.122149
150.75,0.232204,292.197,292.131,291.681,238.621,-0.714628,67.5057,99.5874,377.585,216.297,7026.68,0.761325,0,0.110396
151.25,0.22789,292.171,292.115,291.674,238.617,-0.942017,64.6853,97.3648,377.585,216.297,7026.68,0.771765,0,0.00647925
151.75,0.223572,291.955,291.991,291.655,238.615,-2.57275,71.5548,95.1399,377.585,216.297,7026.68,0.740917,0,0.0758214
152.25,0.219249,292.147,292.075,291.649,238.611,-0.65075,55.0373,92.9127,377.176,216.237,7026.68,0.792851,0,0.0148487
152.75,0.214922,292.14,292.083,291.634,238.609,-0.722954,55.1237,90.6833,377.176,216.237,7026.68,0.803032,0,0.0981629
153.25,0.210591,291.87,291.938,291.628,238.606,-2.96229,65.9277,88.4517,377.176,216.237,7026.68,0.758706,0,0.0205397
153.75,0.206256,291.878,291.978,291.613,238.605,-1.43677,48.576,86.218,377.176,216.237,7026.68,0.771776,0,0.116853
154.25,0.201916,291.985,292.021,291.607,238.611,-0.600707,46.1529,83.9822,376.972,216.178,7026.68,0.80827,0,0.335104
154.75,0.197573,292.084,292.031,291.598,238.62,-0.633351,46.3999,81.7444,376.972,216.178,5273.21,0.833148,0,0.421758
155.25,0.193226,292.126,292.054,291.576,238.615,-0.198093,41.7634,79.5045,376.972,216.178,5273.21,0.788609,0,0.00884993
155.75,0.188875,291.541,291.734,291.555,238.612,-5.02719,68.4716,77.2628,376.972,216.178,5273.21,0.742729,0,0.0596546
156.25,0.18452,291.774,291.809,291.548,238.607,-1.16254,41.9758,75.0191,375.941,216.117,5273.21,0.788719,0,0.00830795
156.75,0.180162,291.906,291.868,291.537,238.604,-0.598668,35.2071,72.7735,375.941,216.117,5273.21,0.81387,0,0.0550344
157.25,0.1758,291.809,291.823,291.53,238.6,-1.50254,39.7586,70.5261,375.941,216.117,5273.21,0.836471,0,0.0083121
157.75,0.171434,291.839,291.83,291.517,238.597,-1.00839,34.2777,68.2769,375.941,216.117,7026.68,0.855114,0,0.052318
158.25,0.167066,291.873,291.851,291.51,238.593,-0.782125,30.7682,66.222,375.94,216.2,7026.68,0.868099,0,0.00822262
158.75,0.162694,291.704,291.764,291.496,238.59,-2.22879,37.4637,64.2615,375.94,216.2,7026.68,0.857228,0,0.0520788
159.25,0.158318,291.766,291.779,291.49,238.586,-1.34066,29.2322,62.2996,375.94,216.2,7026.68,0.88051,0,0.0081904
159.75,0.15394,291.814,291.804,291.476,238.584,-0.799373,25.0699,60.3362,375.94,216.2,7026.68,0.893021,0,0.0514935
160.25,0.149559,291.833,291.819,291.469,238.585,-0.67185,22.6649,58.3715,375.768,216.138,7026.68,0.900747,0,0.157473
160.75,0.145174,291.682,291.739,291.453,238.581,-1.93576,28.3994,56.4055,375.768,216.138,7026.68,0.889797,0,0.0312739
161.25,0.140787,291.708,291.736,291.432,238.578,-1.38635,22.2772,54.4382,375.768,216.138,7026.68,0.906091,0,0.0130762
161.75,0.136397,291.72,291.737,291.411,238.574,-1.08749,19.3019,52.4696,375.768,216.138,7026.68,0.914262,0,0.0277968
162.25,0.132005,291.7,291.723,291.391,238.571,-1.1214,17.5915,50.4999,375.335,216.052,7026.68,0.919113,0,0.0149489
162.75,0.12761,291.67,291.701,291.37,238.568,-1.23691,16.486,48.529,375.335,216.052,7026.68,0.922365,0,0.0251616
163.25,0.123212,291.628,291.671,291.35,238.565,-1.40289,15.6326,46.5569,375.335,216.052,7026.68,0.92491,0,0.036696
163.75,0.118812,291.576,291.632,291.33,238.562,-1.58946,14.892,44.5838,375.335,216.052,7026.68,0.927106,0,0.0273937
164.25,0.114409,291.568,291.614,291.31,238.56,-1.29447,11.2168,42.6097,374.915,215.947,7026.68,0.924599,0,0.0624132
164.75,0.110005,291.439,291.534,291.303,238.558,-2.17206,14.7302,40.6345,374.915,215.947,7026.68,0.923482,0,0.0491736
165.25,0.105598,291.404,291.497,291.295,238.556,-1.76006,11.177,38.6583,374.915,215.947,7026.68,0.921092,0,0.0560147
165.75,0.101189,291.326,291.44,291.287,238.553,-2.05253,11.2104,36.6813,374.915,215.947,7026.68,0.918562,0,0.0475032
166.25,0.0967781,291.222,291.366,291.278,238.551,-2.32915,11.1884,34.8982,374.245,215.814,5273.21,0.917216,0,0.0522303
166.75,0.0923653,291.123,291.292,291.268,238.549,-2.50568,11.1231,33.1863,374.245,215.814,5273.21,0.916599,0,0.0453653
167.25,0.0879506,291.024,291.215,291.258,238.547,-2.67491,10.9501,31.4738,374.245,215.814,5273.21,0.916614,0,0.0498757
167.75,0.0835343,290.924,291.136,291.248,238.545,-2.83047,10.6909,29.7605,374.245,215.814,5273.21,0.917084,0,0.0443755
168.25,0.0791163,290.804,291.045,291.236,238.559,-3.02316,10.2133,28.0466,373.337,215.609,4016.82,0.918091,0,0.596902
168.75,0.0746968,290.695,290.957,291.216,238.564,-3.13795,9.83039,26.3321,373.337,215.609,4016.82,0.919152,0,0.276912
169.25,0.0702757,290.587,290.869,291.196,238.559,-3.26266,9.43951,24.6171,373.337,215.609,4016.82,0.920374,0,0.00760009
169.75,0.0658533,290.48,290.78,291.176,238.555,-3.38445,9.0318,22.9015,373.337,215.609,4016.82,0.921702,0,0.00755393
170.25,0.0614296,290.337,290.673,291.157,238.551,-3.68645,8.34965,21.1854,371.654,215.513,4016.82,0.923454,0,0.00746306
170.75,0.0570047,290.216,290.572,291.137,238.547,-3.7684,7.88811,19.4688,371.654,215.513,138.521,0.924916,0,0.00747274
171.25,0.0525787,290.098,290.473,291.118,238.543,-3.87715,7.46153,17.7519,371.654,215.513,138.521,0.926398,0,0.0074183
171.75,0.0481517,289.982,290.374,291.098,238.539,-3.97461,7.04999,16.1129,371.654,215.513,138.521,0.927868,0,0.00740214
172.25,0.0437237,289.845,290.264,291.079,238.535,-4.1581,6.48161,14.5829,370.525,215.214,75.5618,0.929547,0,0.00747363
172.75,0.0392948,289.724,290.16,291.06,238.531,-4.21983,6.07458,13.0527,370.525,215.214,75.5618,0.930991,0,0.00736935
173.25,0.0348652,289.606,290.057,291.041,238.528,-4.30051,5.69765,11.5221,370.525,215.214,75.5618,0.932417,0,0.0173085
173.75,0.0304349,289.489,289.955,291.022,238.524,-4.38255,5.3287,9.99139,370.525,215.214,75.5618,0.933821,0,0.0207289
174.25,0.026004,289.347,289.84,291.002,238.521,-4.59899,4.78874,8.46043,369.335,214.93,75.5618,0.935436,0,0.0174266
174.75,0.0215725,289.221,289.731,290.983,238.518,-4.66129,4.40909,6.9293,369.335,214.93,75.5618,0.936791,0,0.0196851
175.25,0.0171407,289.099,289.624,290.964,238.515,-4.73145,4.07156,5.47299,369.335,214.93,75.5618,0.938107,0,0.0232503
175.75,0.0127085,288.98,289.517,290.948,238.512,-4.79781,3.74972,4.0578,369.335,214.93,75.5618,0.93939,0,0.0298511
176.25,0.00827608,288.835,289.399,290.933,238.509,-5.01552,3.25343,2.64253,368.075,214.652,75.5618,0.940902,0,0.0309503
176.75,0.00384348,288.707,289.286,290.919,238.506,-5.06215,2.92081,1.22722,368.075,214.652,75.5618,0.942136,0,0.033125
177.25,0,288.586,289.177,290.904,238.504,-5.10361,2.6466,0,368.075,214.652,75.5618,0.943308,6.83094e-07,0.0324376
177.75,0,288.492,289.082,290.889,238.501,-4.98102,2.5543,0,368.075,214.652,75.5618,0.944184,0,0.0327886
178.25,0,288.386,288.983,290.872,238.499,-5.05782,2.30385,0,366.79,214.393,75.5618,0.945214,1.44467e-05,0.031822
178.75,0,288.301,288.896,290.855,238.496,-4.94761,2.23399,0,366.79,214.393,75.5618,0.946015,1.00278e-05,0.0319061
179.25,0,288.224,288.815,290.839,238.494,-4.85845,2.18546,0,366.79,214.393,75.5618,0.946796,7.35486e-06,0.0310174
179.75,0,288.153,288.739,290.822,238.491,-4.77389,2.14622,0,366.79,214.393,75.5618,0.947581,1.46352e-06,0.0309407
180.25,0,288.07,288.659,290.803,238.489,-4.88108,1.92853,0,365.685,214.206,75.5618,0.948342,3.46705e-05,0.030273
180.75,0,288,288.586,290.785,238.487,-4.79552,1.89214,0,365.685,214.206,75.5618,0.949017,2.60502e-05,0.0300958
181.25,0,287.936,288.517,290.767,238.485,-4.72098,1.85567,0,365.685,214.206,75.5618,0.949675,2.31808e-05,0.0294607
181.75,0,287.877,288.452,290.748,238.482,-4.6483,1.82181,0,365.685,214.206,75.5618,0.950324,2.1073e-05,0.0291787
182.25,0,287.804,288.384,290.729,238.48,-4.74587,1.63559,0,364.715,214.052,75.5618,0.950844,5.74e-05,0.0283733
182.75,0,287.744,288.32,290.709,238.478,-4.68053,1.61556,0,364.715,214.052,75.5618,0.95141,4.9729e-05,0.0278895
183.25,0,287.688,288.26,290.69,238.476,-4.61664,1.58928,0,364.715,214.052,75.5618,0.951976,4.60374e-05,0.0273196
183.75,0,287.636,288.203,290.67,238.474,-4.55369,1.56306,0,364.715,214.052,75.5618,0.952537,4.34545e-05,0.026968
184.25,0,287.571,288.14,290.649,238.488,-4.64277,1.40071,0,363.842,213.915,75.5618,0.953073,7.87835e-05,0.522464
184.75,0,287.517,288.083,290.629,238.493,-4.57776,1.3808,0,363.842,213.915,75.5618,0.953589,7.16623e-05,0.292716
185.25,0,287.467,288.029,290.608,238.49,-4.51964,1.35851,0,363.842,213.915,75.5618,0.954096,6.81198e-05,0.00471253
185.75,0,287.419,287.977,290.587,238.486,-4.46304,1.33686,0,363.842,213.915,75.5618,0.954598,6.55286e-05,0.00457053
186.25,0,287.35,287.915,290.565,238.483,-4.63046,1.08697,0,362.448,213.895,75.5618,0.955057,0.000138088,0.00434659
186.75,0,287.296,287.859,290.544,238.48,-4.56805,1.08235,0,362.448,213.895,75.5618,0.955518,0.000123036,0.00430484
187.25,0,287.247,287.807,290.522,238.477,-4.5142,1.06578,0,362.448,213.895,75.5618,0.955976,0.000117531,0.00413788
187.75,0,287.201,287.757,290.5,238.474,-4.46166,1.04916,0,362.448,213.895,75.5618,0.95643,0.000113726,0.00406304
188.25,0,287.144,287.703,290.477,238.471,-4.53043,0.905944,0,361.687,213.74,75.5618,0.956799,0.000157722,0.00401372
188.75,0,287.097,287.653,290.454,238.468,-4.47997,0.904209,0,361.687,213.74,75.5618,0.957206,0.000146112,0.00387764
189.25,0,287.053,287.606,290.431,238.465,-4.43153,0.891888,0,361.687,213.74,75.5618,0.957623,0.000141377,0.00379356
189.75,0,287.011,287.56,290.408,238.462,-4.3832,0.878836,0,361.687,213.74,75.5618,0.958043,0.00013778,0.00368009
190.25,0,286.959,287.509,290.385,238.46,-4.45156,0.751779,0,360.994,213.607,75.5618,0.958461,0.000180079,0.00365491
190.75,0,286.916,287.463,290.361,238.457,-4.39777,0.744568,0,360.994,213.607,75.5618,0.95885,0.000171096,0.00351126
191.25,0,286.875,287.419,290.338,238.455,-4.35196,0.73369,0,360.994,213.607,75.5618,0.95924,0.000166563,0.00344879
191.75,0,286.836,287.376,290.314,238.452,-4.3067,0.722268,0,360.994,213.607,75.5618,0.95963,0.0001632,0.00931851
192.25,0,286.788,287.33,290.29,238.45,-4.3733,0.604737,0,360.341,213.486,75.5618,0.959966,0.000205102,0.0111458
192.75,0,286.747,287.286,290.266,238.448,-4.3269,0.602908,0,360.341,213.486,75.5618,0.960321,0.000195601,0.00921273
193.25,0,286.709,287.245,290.242,238.446,-4.28449,0.594222,0,360.341,213.486,75.5618,0.960674,0.000191126,0.0103533
193.75,0,286.673,287.205,290.218,238.444,-4.24284,0.585165,0,360.341,213.486,75.5618,0.961027,0.000187754,0.0089953
194.25,0,286.627,287.161,290.193,238.442,-4.30659,0.474371,0,359.717,213.379,75.5618,0.961353,0.000229773,0.00972686
194.75,0,286.589,287.12,290.168,238.44,-4.26182,0.47323,0,359.717,213.379,75.5618,0.961684,0.000220385,0.0137155
195.25,0,286.553,287.081,290.144,238.438,-4.2221,0.466234,0,359.717,213.379,75.5618,0.962019,0.000215849,0.0177009
195.75,0,286.519,287.043,290.119,238.437,-4.18276,0.458516,0,359.717,213.379,75.5618,0.962354,0.000212457,0.0183817
196.25,0,286.475,287.001,290.094,238.435,-4.24505,0.35219,0,359.112,213.283,75.5618,0.962687,0.000255011,0.0180347
196.75,0,286.439,286.963,290.069,238.434,-4.20204,0.352504,0,359.112,213.283,75.5618,0.96299,0.00024454,0.0186721
197.25,0,286.405,286.926,290.044,238.432,-4.16513,0.347137,0,359.112,213.283,75.5618,0.963299,0.000239975,0.0161128
197.75,0,286.372,286.89,290.019,238.431,-4.12675,0.339043,0,359.112,213.283,75.5618,0.963616,0.000237981,0.0193098
198.25,0,286.331,286.85,289.994,238.429,-4.18768,0.238483,0,358.528,213.193,75.5618,0.963879,0.000280065,0.00969166
198.75,0,286.296,286.813,289.969,238.428,-4.14883,0.241268,0,358.528,213.193,75.5618,0.964167,0.000270427,0.0229755
199.25,0,286.264,286.778,289.944,238.426,-4.11331,0.236962,0,358.528,213.193,75.5618,0.964456,0.000265875,0.00740177
199.75,0,286.233,286.744,289.919,238.425,-4.07842,0.23216,0,358.528,213.193,75.5618,0.964744,0.000262362,0.0251616
200.25,0,286.193,286.706,289.893,238.423,-4.13573,0.136431,0,357.97,213.108,75.5618,0.965033,0.000304709,0.0070608
200.75,0,286.16,286.67,289.868,238.422,-4.09575,0.137608,0,357.97,213.108,75.5618,0.96531,0.000295586,0.0242716
201.25,0,286.129,286.637,289.843,238.421,-4.06169,0.134111,0,357.97,213.108,75.5618,0.965588,0.000291036,0.00671435
201.75,0,286.099,286.604,289.817,238.42,-4.02811,0.130016,0,357.97,213.108,75.5618,0.965866,0.000287531,0.0236191
202.25,0,286.061,286.567,289.792,238.418,-4.08287,0.0380547,0,357.435,213.027,75.5618,0.966137,0.000330067,0.00641629
202.75,0,286.029,286.533,289.767,238.417,-4.04482,0.0402894,0,357.435,213.027,75.5618,0.966397,0.000320924,0.0230595
203.25,0,285.999,286.501,289.741,238.416,-4.01243,0.0378432,0,357.435,213.027,75.5618,0.966656,0.000316371,0.00610719
203.75,0,285.971,286.47,289.716,238.415,-3.98066,0.0349559,0,357.435,213.027,75.5618,0.966914,0.0003128,0.0225112
204.25,0,285.934,286.435,289.69,238.413,-4.03345,-0.0523682,0,356.92,212.95,75.5618,0.96715,0.000354645,0.00584405
204.75,0,285.904,286.402,289.665,238.412,-3.99832,-0.0480569,0,356.92,212.95,75.5618,0.967394,0.000345192,0.0196173
205.25,0,285.875,286.371,289.639,238.411,-3.96741,-0.0495539,0,356.92,212.95,75.5618,0.967638,0.000340665,0.00556478
205.75,0,285.848,286.341,289.614,238.41,-3.93699,-0.0516076,0,356.92,212.95,75.5618,0.967882,0.000337124,0.0232398
206.25,0,285.812,286.307,289.589,238.409,-3.98726,-0.135125,0,356.424,212.876,75.5618,0.968108,0.000378289,0.00532832
206.75,0,285.783,286.276,289.563,238.407,-3.95895,-0.11841,0,356.424,212.876,75.5618,0.968362,0.00041659,0.00952136
207.25,0,285.756,286.246,289.538,238.407,-3.93,-0.123113,0,356.424,212.876,75.5618,0.968596,0.000412793,0.0238705
207.75,0,285.729,286.217,289.512,238.405,-3.90141,-0.125431,0,356.424,212.876,75.5618,0.96883,0.000408886,0.00495043
208.25,0,285.695,286.184,289.487,238.404,-3.94969,-0.205597,0,355.95,212.804,75.5618,0.969048,0.000450013,0.00761577
208.75,0,285.667,286.154,289.461,238.403,-3.91694,-0.200938,0,355.95,212.804,75.5618,0.96927,0.000439318,0.0214273
209.25,0,285.64,286.125,289.436,238.402,-3.88842,-0.201405,0,355.95,212.804,75.5618,0.969491,0.000434108,0.00463857
209.75,0,285.615,286.097,289.411,238.401,-3.86035,-0.20235,0,355.95,212.804,75.5618,0.969713,0.000429956,0.00830827
210.25,0,285.582,286.065,289.385,238.4,-3.90721,-0.2779,0,355.491,212.735,75.5618,0.96992,0.000469964,0.0194575
210.75,0,285.554,286.036,289.36,238.399,-3.87553,-0.272595,0,355.491,212.735,75.5618,0.970131,0.000459379,0.00432343
211.25,0,285.529,286.008,289.335,238.398,-3.84791,-0.272357,0,355.491,212.735,75.5618,0.970342,0.00045412,0.00872518
211.75,0,285.504,285.981,289.309,238.397,-3.82076,-0.272638,0,355.491,212.735,75.5618,0.970553,0.000449903,0.0178258
212.25,0,285.472,285.951,289.284,238.396,-3.86635,-0.347164,0,355.04,212.67,75.5618,0.970756,0.000490073,0.0040616
212.75,0,285.445,285.922,289.259,238.395,-3.83526,-0.341503,0,355.04,212.67,75.5618,0.97096,0.000479489,0.0088424
213.25,0,285.42,285.895,289.234,238.394,-3.8085,-0.340711,0,355.04,212.67,75.5618,0.971164,0.000474236,0.0165783
213.75,0,285.397,285.869,289.208,238.393,-3.78218,-0.340479,0,355.04,212.67,75.5618,0.971367,0.000470022,0.00377104
214.25,0,285.366,285.839,289.183,238.392,-3.82622,-0.409703,0,354.61,212.605,75.5618,0.971565,0.000508045,0.00874592
214.75,0,285.34,285.812,289.158,238.391,-3.796,-0.404112,0,354.61,212.605,75.5618,0.97176,0.00049785,0.00702122
215.25,0,285.316,285.786,289.133,238.39,-3.77007,-0.40295,0,354.61,212.605,75.5618,0.971956,0.000492654,0.0176389
215.75,0,285.293,285.76,289.108,238.389,-3.74459,-0.402305,0,354.61,212.605,75.5618,0.972151,0.000488442,0.00344847
216.25,0,285.263,285.731,289.083,238.388,-3.78685,-0.470849,0,354.189,212.544,75.5618,0.972338,0.000526796,0.0062571
216.75,0,285.238,285.705,289.058,238.387,-3.75756,-0.464714,0,354.189,212.544,75.5618,0.972525,0.000516635,0.00821153
217.25,0,285.214,285.679,289.033,238.386,-3.7324,-0.463151,0,354.189,212.544,75.5618,0.972712,0.000511549,0.00613409
217.75,0,285.192,285.654,289.009,238.386,-3.70768,-0.462109,0,354.189,212.544,75.5618,0.972899,0.000507424,0.0192706
218.25,0,285.162,285.626,288.984,238.385,-3.74998,-0.52761,0,353.776,212.485,75.5618,0.973079,0.000544814,0.00311184
218.75,0,285.138,285.601,288.959,238.384,-3.72164,-0.521196,0,353.776,212.485,75.5618,0.973257,0.000534735,0.00302049
219.25,0,285.115,285.576,288.934,238.383,-3.69738,-0.519138,0,353.776,212.485,75.5618,0.973435,0.000529562,0.00987781
219.75,0,285.094,285.552,288.91,238.382,-3.67357,-0.517577,0,353.776,212.485,75.5618,0.973613,0.000525323,0.00344936
220.25,0,285.065,285.524,288.885,238.381,-3.71237,-0.579948,0,353.385,212.425,75.5618,0.973785,0.000561199,0.00898343
220.75,0,285.042,285.499,288.86,238.38,-3.68497,-0.573293,0,353.385,212.425,75.5618,0.973956,0.000551401,0.0037425
221.25,0,285.019,285.475,288.836,238.38,-3.66139,-0.570955,0,353.385,212.425,75.5618,0.974127,0.0005464,0.0231631
221.75,0,284.998,285.452,288.811,238.379,-3.63824,-0.569113,0,353.385,212.425,75.5618,0.974298,0.000542287,0.00264676
222.25,0,284.97,285.425,288.787,238.378,-3.67865,-0.630427,0,352.992,212.37,75.5618,0.974463,0.000578506,0.00261719
222.75,0,284.947,285.401,288.763,238.377,-3.65196,-0.623471,0,352.992,212.37,75.5618,0.974628,0.000568681,0.00359129
223.25,0,284.926,285.377,288.738,238.376,-3.62904,-0.620851,0,352.992,212.37,75.5618,0.974792,0.000563652,0.00762858
223.75,0,284.905,285.354,288.714,238.375,-3.60654,-0.618724,0,352.992,212.37,75.5618,0.974957,0.000559505,0.00376396
224.25,0,284.878,285.329,288.69,238.374,-3.6442,-0.67617,0,352.62,212.313,75.5618,0.975116,0.000593405,0.00702224
224.75,0,284.856,285.305,288.666,238.373,-3.61831,-0.669247,0,352.62,212.313,75.5618,0.975275,0.000583898,0.00387524
225.25,0,284.835,285.282,288.641,238.373,-3.59601,-0.666423,0,352.62,212.313,75.5618,0.975433,0.000578926,0.00646872
225.75,0,284.815,285.26,288.617,238.372,-3.57412,-0.66407,0,352.62,212.313,75.5618,0.975592,0.000574793,0.00392583
226.25,0,284.788,285.235,288.593,238.371,-3.61039,-0.721404,0,352.254,212.259,75.5618,0.975746,0.000609804,0.00601347
226.75,0,284.766,285.211,288.569,238.37,-3.585,-0.714274,0,352.254,212.259,75.5618,0.9759,0.000600397,0.00393851
227.25,0,284.746,285.189,288.546,238.369,-3.56331,-0.711165,0,352.254,212.259,75.5618,0.976054,0.000595489,0.00558682
227.75,0,284.726,285.167,288.522,238.369,-3.54201,-0.708554,0,352.254,212.259,75.5618,0.976208,0.000591407,0.00391242
228.25,0,284.7,285.143,288.498,238.368,-3.57844,-0.762802,0,351.897,212.207,75.5618,0.976358,0.000624426,0.00523919
228.75,0,284.679,285.12,288.474,238.367,-3.55373,-0.75568,0,351.897,212.207,75.5618,0.976507,0.000615189,0.00386619
229.25,0,284.659,285.098,288.451,238.366,-3.53257,-0.752443,0,351.897,212.207,75.5618,0.976656,0.000610323,0.0049016
229.75,0,284.64,285.077,288.427,238.365,-3.51181,-0.749663,0,351.897,212.207,75.5618,0.976805,0.000606247,0.00379432
230.25,0,284.615,285.053,288.403,238.365,-3.54649,-0.803409,0,351.549,212.156,75.5618,0.976949,0.000639481,0.00462872
230.75,0,284.594,285.031,288.38,238.364,-3.52232,-0.796116,0,351.549,212.156,75.5618,0.977094,0.000630422,0.00371278
231.25,0,284.574,285.009,288.356,238.363,-3.50164,-0.792724,0,351.549,212.156,75.5618,0.977237,0.00062571,0.00435428
231.75,0,284.556,284.989,288.333,238.362,-3.48135,-0.789786,0,351.549,212.156,75.5618,0.977381,0.000621758,0.00361544
232.25,0,284.531,284.965,288.31,238.362,-3.51594,-0.841048,0,351.208,212.105,75.5618,0.977522,0.000653877,0.0041359
232.75,0,284.511,284.944,288.286,238.361,-3.49235,-0.833795,0,351.208,212.105,75.5618,0.977661,0.00064499,0.00351624
233.25,0,284.491,284.923,288.263,238.36,-3.47217,-0.830279,0,351.208,212.105,75.5618,0.9778,0.000640303,0.00390699
233.75,0,284.473,284.902,288.24,238.359,-3.45237,-0.827199,0,351.208,212.105,75.5618,0.97794,0.000636352,0.00340662
234.25,0,284.449,284.879,288.217,238.359,-3.48626,-0.876966,0,350.874,212.056,75.5618,0.978076,0.000667565,0.00372797
234.75,0,284.429,284.858,288.194,238.358,-3.46321,-0.869678,0,350.874,212.056,75.5618,0.978211,0.000658798,0.00329973
235.25,0,284.41,284.838,288.171,238.357,-3.44288,-0.866843,0,350.874,212.056,75.5618,0.978346,0.000654731,0.00353206
235.75,0,284.392,284.818,288.148,238.356,-3.42348,-0.863559,0,350.874,212.056,75.5618,0.97848,0.000650861,0.00318564
236.25,0,284.369,284.796,288.125,238.356,-3.45651,-0.912114,0,350.547,212.009,75.5618,0.978612,0.000682097,0.00338225
236.75,0,284.349,284.775,288.102,238.355,-3.43391,-0.904778,0,350.547,212.009,75.5618,0.978744,0.000673568,0.00307746
237.25,0,284.331,284.755,288.08,238.354,-3.4146,-0.901037,0,350.547,212.009,75.5618,0.978874,0.00066906,0.00321203
237.75,0,284.313,284.735,288.057,238.354,-3.39572,-0.897662,0,350.547,212.009,75.5618,0.979005,0.000665199,0.00296502
238.25,0,284.29,284.713,288.034,238.353,-3.42829,-0.94475,0,350.227,211.962,75.5618,0.979133,0.000695506,0.00308488
238.75,0,284.271,284.693,288.012,238.352,-3.40634,-0.937116,0,350.227,211.962,75.5618,0.97926,0.000696982,0.00285994
239.25,0,284.253,284.673,287.989,238.351,-3.38754,-0.933312,0,350.227,211.962,75.5618,0.979386,0.000693253,0.00293443
239.75,0,284.236,284.654,287.967,238.351,-3.36909,-0.929871,0,350.227,211.962,75.5618,0.979513,0.000689958,0.00275164
240.25,0,284.213,284.633,287.944,238.35,-3.40081,-0.976016,0,349.913,211.916,75.5618,0.979637,0.000720948,0.00282473
240.75,0,284.195,284.613,287.922,238.349,-3.37917,-0.968624,0,349.913,211.916,75.5618,0.979761,0.00071418,0.00265123
241.25,0,284.177,284.594,287.9,238.349,-3.3607,-0.964668,0,349.913,211.916,75.5618,0.979884,0.000710388,0.00268974
241.75,0,284.16,284.575,287.878,238.348,-3.34261,-0.961106,0,349.913,211.916,75.5618,0.980007,0.000707049,0.00254869
242.25,0,284.138,284.554,287.855,238.347,-3.37377,-1.00606,0,349.605,211.871,75.5618,0.980128,0.000737245,0.00259435
242.75,0,284.119,284.534,287.833,238.347,-3.35254,-0.998652,0,349.605,211.871,75.5618,0.980248,0.000730521,0.00245448
243.25,0,284.102,284.515,287.811,238.346,-3.33445,-0.994615,0,349.605,211.871,75.5618,0.980368,0.000726712,0.00247216
243.75,0,284.086,284.497,287.789,238.345,-3.3164,-0.991414,0,349.605,211.871,75.5618,0.980488,0.000723689,0.00235818
244.25,0,284.064,284.476,287.767,238.345,-3.34689,-1.03532,0,349.303,211.827,75.5618,0.980606,0.000753663,0.00238828
244.75,0,284.046,284.457,287.746,238.344,-3.32602,-1.02792,0,349.303,211.827,75.5618,0.980723,0.000747141,0.00227055
245.25,0,284.029,284.439,287.724,238.343,-3.30817,-1.02395,0,349.303,211.827,75.5618,0.98084,0.000744001,0.00227673
245.75,0,284.012,284.421,287.702,238.343,-3.29074,-1.02024,0,349.303,211.827,75.5618,0.980956,0.000741294,0.00218122
246.25,0,283.991,284.4,287.68,238.342,-3.32071,-1.06319,0,349.006,211.783,75.5618,0.981071,0.000772487,0.00220314
246.75,0,283.973,284.382,287.659,238.341,-3.30021,-1.05582,0,349.006,211.783,75.5618,0.981185,0.000767116,0.00210027
247.25,0,283.957,284.363,287.637,238.341,-3.28277,-1.05168,0,349.006,211.783,75.5618,0.981299,0.000764099,0.00210088
247.75,0,283.941,284.346,287.616,238.34,-3.2657,-1.04792,0,349.006,211.783,75.5618,0.981412,0.000761353,0.00201773
248.25,0,283.92,284.326,287.594,238.339,-3.29518,-1.08986,0,348.714,211.741,75.5618,0.981524,0.000791815,0.002036
248.75,0,283.902,284.307,287.573,238.339,-3.27507,-1.08251,0,348.714,211.741,75.5618,0.981636,0.000786456,0.00194335
249.25,0,283.886,284.289,287.551,238.338,-3.25796,-1.07832,0,348.714,211.741,75.5618,0.981747,0.000783404,0.00194179
249.75,0,283.87,284.272,287.53,238.337,-3.24121,-1.0745,0,348.714,211.741,75.5618,0.981857,0.000780619,0.00186726
250.25,0,283.85,284.252,287.509,238.337,-3.27024,-1.1155,0,348.427,211.699,75.5618,0.981967,0.000810386,0.00188454
250.75,0,283.832,284.234,287.488,238.336,-3.25048,-1.10816,0,348.427,211.699,75.5618,0.982075,0.000805041,0.00179912
251.25,0,283.816,284.217,287.467,238.335,-3.23369,-1.10393,0,348.427,211.699,75.5618,0.982184,0.00080196,0.00179746
251.75,0,283.801,284.2,287.445,238.335,-3.21726,-1.10007,0,348.427,211.699,75.5618,0.982292,0.000799141,0.00172914
252.25,0,283.781,284.18,287.425,238.334,-3.24584,-1.14015,0,348.144,211.658,75.5618,0.982398,0.000828249,0.00174697
252.75,0,283.764,284.163,287.404,238.333,-3.22643,-1.13284,0,348.144,211.658,75.5618,0.982505,0.000822921,0.00166686
253.25,0,283.748,284.145,287.383,238.333,-3.20994,-1.12858,0,348.144,211.658,75.5618,0.98261,0.000819815,0.00166624
253.75,0,283.733,284.129,287.362,238.332,-3.19381,-1.12467,0,348.144,211.658,75.5618,0.982716,0.000816966,0.00160256
254.25,0,283.713,284.11,287.341,238.332,-3.22197,-1.1639,0,347.866,211.617,75.5618,0.98282,0.000845448,0.0016218
254.75,0,283.696,284.092,287.32,238.331,-3.20289,-1.15661,0,347.866,211.617,75.5618,0.982924,0.000840139,0.00154574
255.25,0,283.681,284.075,287.3,238.33,-3.1867,-1.15232,0,347.866,211.617,75.5618,0.983027,0.000837011,0.00154678
255.75,0,283.666,284.059,287.279,238.33,-3.1709,-1.14832,0,347.866,211.617,75.5618,0.98313,0.000834097,0.00148675
256.25,0,283.646,284.04,287.259,238.329,-3.1987,-1.1867,0,347.593,211.577,75.5618,0.983232,0.000861956,0.00150782
256.75,0,283.63,284.023,287.238,238.328,-3.17999,-1.17938,0,347.593,211.577,75.5618,0.983334,0.000856631,0.00143501
257.25,0,283.615,284.006,287.218,238.328,-3.16412,-1.17503,0,347.593,211.577,75.5618,0.983435,0.000853453,0.00143803
257.75,0,283.6,283.99,287.197,238.327,-3.1486,-1.17101,0,347.593,211.577,75.5618,0.983536,0.000850524,0.00138092
258.25,0,283.581,283.971,287.177,238.327,-3.17601,-1.2086,0,347.323,211.538,75.5618,0.983636,0.000877815,0.00140396
258.75,0,283.565,283.954,287.157,238.326,-3.1576,-1.20132,0,347.323,211.538,75.5618,0.983735,0.000872516,0.0013338
259.25,0,283.55,283.938,287.136,238.325,-3.142,-1.19695,0,347.323,211.538,75.5618,0.983834,0.000869326,0.00133885
259.75,0,283.535,283.922,287.116,238.325,-3.12674,-1.19291,0,347.323,211.538,75.5618,0.983932,0.00086638,0.00128418
260.25,0,283.516,283.904,287.096,238.324,-3.15378,-1.22976,0,347.057,211.499,75.5618,0.984031,0.00089313,0.00130921
260.75,0,283.5,283.887,287.076,238.323,-3.13566,-1.22252,0,347.057,211.499,75.5618,0.984128,0.000887856,0.00124131
261.25,0,283.485,283.871,287.056,238.323,-3.12032,-1.21813,0,347.057,211.499,75.5618,0.984224,0.000884657,0.00124835
261.75,0,283.471,283.855,287.036,238.322,-3.10531,-1.21407,0,347.057,211.499,75.5618,0.984321,0.000881698,0.00119577
262.25,0,283.452,283.838,287.016,238.322,-3.132,-1.25021,0,346.795,211.461,75.5618,0.984417,0.00090793,0.00122271
262.75,0,283.437,283.821,286.996,238.321,-3.11416,-1.243,0,346.795,211.461,75.5618,0.984512,0.000902683,0.00115678
263.25,0,283.422,283.805,286.976,238.32,-3.09906,-1.23861,0,346.795,211.461,75.5618,0.984607,0.000899478,0.00116574
263.75,0,283.408,283.79,286.957,238.32,-3.08429,-1.23453,0,346.795,211.461,75.5618,0.984701,0.000896509,0.00111499
264.25,0,283.39,283.772,286.937,238.319,-3.11064,-1.26999,0,346.537,211.424,75.5618,0.984796,0.000922245,0.00114373
264.75,0,283.374,283.756,286.917,238.319,-3.09307,-1.26282,0,346.537,211.424,75.5618,0.984889,0.000917027,0.00107955
265.25,0,283.36,283.74,286.898,238.318,-3.07821,-1.25842,0,346.537,211.424,75.5618,0.984982,0.000913818,0.0010903
265.75,0,283.346,283.725,286.878,238.317,-3.06367,-1.25434,0,346.537,211.424,75.5618,0.985074,0.00091084,0.00104119
266.25,0,283.328,283.708,286.859,238.317,-3.0897,-1.28915,0,346.282,211.387,75.5618,0.985167,0.000936103,0.00107158
266.75,0,283.313,283.692,286.839,238.316,-3.07239,-1.28202,0,346.282,211.387,75.5618,0.985258,0.000930913,0.00100899
267.25,0,283.299,283.676,286.82,238.316,-3.05775,-1.27761,0,346.282,211.387,75.5618,0.985349,0.000927702,0.00102138
267.75,0,283.285,283.661,286.801,238.315,-3.04344,-1.27352,0,346.282,211.387,75.5618,0.98544,0.00092472,0.000973757
268.25,0,283.267,283.644,286.781,238.314,-3.06915,-1.30771,0,346.031,211.35,75.5618,0.98553,0.000949527,0.00100566
268.75,0,283.252,283.628,286.762,238.314,-3.05209,-1.30062,0,346.031,211.35,75.5618,0.98562,0.000944368,0.000944516
269.25,0,283.238,283.613,286.743,238.313,-3.03768,-1.29621,0,346.031,211.35,75.5618,0.985709,0.000941157,0.000958419
269.75,0,283.225,283.598,286.724,238.313,-3.02359,-1.29212,0,346.031,211.35,75.5618,0.985798,0.000938171,0.000912143
270.25,0,283.207,283.581,286.705,238.312,-3.04899,-1.3257,0,345.783,211.314,75.5618,0.985887,0.000962543,0.00094542
270.75,0,283.192,283.566,286.686,238.311,-3.03217,-1.31866,0,345.783,211.314,75.5618,0.985975,0.000957415,0.000885602
271.25,0,283.179,283.551,286.667,238.311,-3.01797,-1.31426,0,345.783,211.314,75.5618,0.986063,0.000954206,0.000900878
271.75,0,283.165,283.536,286.648,238.31,-3.00409,-1.31016,0,345.783,211.314,75.5618,0.98615,0.000951218,0.000855841
272.25,0,283.148,283.52,286.629,238.31,-3.02919,-1.34317,0,345.538,211.278,75.5618,0.986238,0.000975171,0.000890349
272.75,0,283.133,283.504,286.61,238.309,-3.01261,-1.33617,0,345.538,211.278,75.5618,0.986324,0.000970075,0.000831762
273.25,0,283.12,283.49,286.591,238.308,-2.99862,-1.33177,0,345.538,211.278,75.5618,0.98641,0.000966869,0.000848281
273.75,0,283.107,283.475,286.572,238.308,-2.98493,-1.32767,0,345.538,211.278,75.5618,0.986496,0.000963882,0.000804385
274.25,0,283.089,283.459,286.554,238.307,-3.00976,-1.36013,0,345.296,211.243,75.5618,0.986581,0.000987432,0.000839996
274.75,0,283.075,283.444,286.535,238.307,-2.9934,-1.35317,0,345.296,211.243,75.5618,0.986666,0.000982368,0.000782552
275.25,0,283.062,283.429,286.516,238.306,-2.97963,-1.34876,0,345.296,211.243,75.5618,0.986751,0.000979151,0.000800211
275.75,0,283.049,283.415,286.498,238.306,-2.9662,-1.3446,0,345.296,211.243,75.5618,0.986835,0.000976125,0.000757414
276.25,0,283.032,283.399,286.479,238.305,-2.99079,-1.37648,0,345.057,211.208,75.5618,0.986919,0.000999255,0.00079404
276.75,0,283.018,283.384,286.461,238.304,-2.97471,-1.36951,0,345.057,211.208,75.5618,0.987003,0.000994181,0.000737706
277.25,0,283.005,283.369,286.442,238.304,-2.96116,-1.36507,0,345.057,211.208,75.5618,0.987086,0.000990946,0.0007564
277.75,0,282.992,283.355,286.424,238.303,-2.94792,-1.36092,0,345.057,211.208,75.5618,0.987168,0.000987922,0.00071458
278.25,0,282.975,283.339,286.406,238.303,-2.97225,-1.39229,0,344.821,211.174,75.5618,0.987251,0.00101068,0.000752076
278.75,0,282.961,283.325,286.388,238.302,-2.95637,-1.38537,0,344.821,211.174,75.5618,0.987333,0.00100564,0.000696738
279.25,0,282.948,283.31,286.369,238.302,-2.94301,-1.38094,0,344.821,211.174,75.5618,0.987415,0.00100241,0.000716336
279.75,0,282.935,283.297,286.351,238.301,-2.92995,-1.3768,0,344.821,211.174,75.5618,0.987496,0.000999395,0.000675424
280.25,0,282.919,283.281,286.333,238.3,-2.95405,-1.40767,0,344.587,211.14,75.5618,0.987578,0.00102179,0.00071369
280.75,0,282.905,283.266,286.315,238.3,-2.93839,-1.40079,0,344.587,211.14,75.5618,0.987658,0.00101679,0.000659283
281.25,0,282.892,283.252,286.297,238.299,-2.9252,-1.39638,0,344.587,211.14,75.5618,0.987738,0.00101357,0.000679692
281.75,0,282.88,283.239,286.279,238.299,-2.91231,-1.39225,0,344.587,211.14,75.5618,0.987818,0.00101056,0.000639625
282.25,0,282.863,283.223,286.261,238.298,-2.93622,-1.42264,0,344.356,211.107,75.5618,0.987899,0.00103261,0.000678567
282.75,0,282.85,283.209,286.243,238.297,-2.92075,-1.41581,0,344.356,211.107,75.5618,0.987978,0.00102764,0.000625034
283.25,0,282.837,283.195,286.225,238.297,-2.90773,-1.41141,0,344.356,211.107,75.5618,0.988057,0.00102443,0.000646168
283.75,0,282.825,283.181,286.207,238.296,-2.89502,-1.40729,0,344.356,211.107,75.5618,0.988135,0.00102143,0.000606889
284.25,0,282.809,283.166,286.189,238.296,-2.91869,-1.43724,0,344.128,211.073,75.5618,0.988214,0.00104315,0.000646423
284.75,0,282.795,283.152,286.172,238.295,-2.90342,-1.43045,0,344.128,211.073,75.5618,0.988292,0.00103821,0.000593712
285.25,0,282.783,283.138,286.154,238.295,-2.89058,-1.42606,0,344.128,211.073,75.5618,0.98837,0.00103501,0.000615491
285.75,0,282.77,283.125,286.136,238.294,-2.87803,-1.42195,0,344.128,211.073,75.5618,0.988447,0.00103202,0.000576947
286.25,0,282.754,283.109,286.119,238.293,-2.90148,-1.45146,0,343.902,211.041,75.5618,0.988525,0.00105342,0.000616999
286.75,0,282.741,283.095,286.101,238.293,-2.8864,-1.44472,0,343.902,211.041,75.5618,0.988601,0.00104852,0.00056506
287.25,0,282.729,283.082,286.084,238.292,-2.87373,-1.44035,0,343.902,211.041,75.5618,0.988678,0.00104533,0.000587413
287.75,0,282.717,283.069,286.066,238.292,-2.86135,-1.43625,0,343.902,211.041,75.5618,0.988754,0.00104235,0.000549556
288.25,0,282.701,283.054,286.049,238.291,-2.88456,-1.46533,0,343.679,211.008,75.5618,0.98883,0.00106344,0.000590055
288.75,0,282.688,283.04,286.031,238.291,-2.86967,-1.45864,0,343.679,211.008,75.5618,0.988906,0.00105857,0.000538846
289.25,0,282.676,283.026,286.014,238.29,-2.85716,-1.45428,0,343.679,211.008,75.5618,0.988981,0.00105539,0.000561706
289.75,0,282.664,283.013,285.997,238.29,-2.84493,-1.4502,0,343.679,211.008,75.5618,0.989056,0.00105242,0.000524494
290.25,0,282.648,282.999,285.979,238.289,-2.86791,-1.47886,0,343.458,210.976,75.5618,0.989131,0.00107321,0.000565376
290.75,0,282.635,282.985,285.962,238.288,-2.85319,-1.47221,0,343.458,210.976,75.5618,0.989206,0.00106837,0.000514856
291.25,0,282.623,282.972,285.945,238.288,-2.84084,-1.46788,0,343.458,210.976,75.5618,0.989279,0.00106521,0.000538165
291.75,0,282.611,282.959,285.928,238.287,-2.82876,-1.46381,0,343.458,210.976,75.5618,0.989353,0.00106224,0.000501556
292.25,0,282.596,282.944,285.911,238.287,-2.85155,-1.49209,0,343.239,210.944,75.5618,0.989427,0.00108276,0.000542766
292.75,0,282.583,282.931,285.894,238.286,-2.83701,-1.48549,0,343.239,210.944,75.5618,0.989501,0.00107795,0.000492896
293.25,0,282.571,282.918,285.877,238.286,-2.82481,-1.48117,0,343.239,210.944,75.5618,0.989573,0.0010748,0.000516601
293.75,0,282.559,282.905,285.86,238.285,-2.81294,-1.47706,0,343.239,210.944,75.5618,0.989646,0.00107181,0.000480596
294.25,0,282.544,282.89,285.843,238.285,-2.83557,-1.50491,0,343.022,210.913,75.5618,0.989719,0.00109201,0.000522117
294.75,0,282.531,282.877,285.826,238.284,-2.82127,-1.49829,0,343.022,210.913,75.5618,0.989791,0.00108719,0.000472905
295.25,0,282.519,282.864,285.809,238.283,-2.80928,-1.49393,0,343.022,210.913,75.5618,0.989863,0.00108401,0.000497
295.75,0,282.508,282.852,285.792,238.283,-2.79757,-1.48983,0,343.022,210.913,75.5618,0.989934,0.00108103,0.000461533
296.25,0,282.493,282.837,285.775,238.282,-2.81999,-1.5173,0,342.807,210.881,75.5618,0.990006,0.00110095,0.00050328
296.75,0,282.48,282.824,285.759,238.282,-2.80585,-1.51073,0,342.807,210.881,75.5618,0.990078,0.00109616,0.000454653
297.25,0,282.469,282.811,285.742,238.281,-2.79401,-1.50639,0,342.807,210.881,75.5618,0.990148,0.001093,0.000479049
297.75,0,282.457,282.799,285.725,238.281,-2.78243,-1.5023,0,342.807,210.881,75.5618,0.990219,0.00109003,0.000444082
298.25,0,282.442,282.785,285.709,238.28,-2.80465,-1.52941,0,342.595,210.851,75.5618,0.99029,0.00110968,0.000486014
298.75,0,282.43,282.771,285.692,238.28,-2.79067,-1.52288,0,342.595,210.851,75.5618,0.99036,0.00110494,0.000437942
299.25,0,282.418,282.759,285.676,238.279,-2.77896,-1.51857,0,342.595,210.851,75.5618,0.990429,0.00110179,0.000462598
299.75,0,282.407,282.747,285.659,238.278,-2.76752,-1.5145,0,342.595,210.851,75.5618,0.990499,0.00109883,0.000428105
300.25,0,282.392,282.733,285.643,238.278,-2.78954,-1.54125,0,342.385,210.82,75.5618,0.990569,0.00111822,0.000470181
300.75,0,282.38,282.72,285.626,238.277,-2.77571,-1.53477,0,342.385,210.82,75.5618,0.990638,0.00111351,0.000422639
301.25,0,282.369,282.707,285.61,238.277,-2.76413,-1.53048,0,342.385,210.82,75.5618,0.990707,0.00111038,0.000447518
301.75,0,282.358,282.695,285.593,238.276,-2.75282,-1.52643,0,342.385,210.82,75.5618,0.990775,0.00110743,0.000413471
302.25,0,282.343,282.681,285.577,238.276,-2.77465,-1.55283,0,342.177,210.79,75.5618,0.990845,0.00112658,0.000455658
302.75,0,282.331,282.668,285.561,238.275,-2.76096,-1.5464,0,342.177,210.79,75.5618,0.990913,0.0011219,0.00040862
303.25,0,282.319,282.656,285.545,238.275,-2.74952,-1.54213,0,342.177,210.79,75.5618,0.990981,0.00111879,0.000433688
303.75,0,282.308,282.644,285.528,238.274,-2.73834,-1.5381,0,342.177,210.79,75.5618,0.991048,0.00111585,0.000400065
304.25,0,282.294,282.63,285.512,238.274,-2.76001,-1.5642,0,341.97,210.76,75.5618,0.991116,0.00113478,0.000442335
304.75,0,282.282,282.617,285.496,238.273,-2.74647,-1.55782,0,341.97,210.76,75.5618,0.991184,0.00113013,0.000395775
305.25,0,282.271,282.605,285.48,238.272,-2.73515,-1.55357,0,341.97,210.76,75.5618,0.991251,0.00112704,0.000421006
305.75,0,282.26,282.593,285.464,238.272,-2.72409,-1.54956,0,341.97,210.76,75.5618,0.991317,0.00112412,0.000387781
306.25,0,282.245,282.58,285.448,238.271,-2.74561,-1.57535,0,341.765,210.73,75.5618,0.991385,0.00114282,0.000430108
306.75,0,282.233,282.567,285.432,238.271,-2.7322,-1.56901,0,341.765,210.73,75.5618,0.991451,0.0011382,0.000384002
307.25,0,282.222,282.555,285.416,238.27,-2.72101,-1.56478,0,341.765,210.73,75.5618,0.991517,0.00113512,0.000409369
307.75,0,282.212,282.543,285.4,238.27,-2.71008,-1.56079,0,341.765,210.73,75.5618,0.991583,0.00113222,0.000376521
308.25,0,282.197,282.53,285.384,238.269,-2.73142,-1.58627,0,341.562,210.7,75.5618,0.991649,0.00115068,0.000418877
308.75,0,282.186,282.517,285.368,238.269,-2.71816,-1.57997,0,341.562,210.7,75.5618,0.991715,0.0011461,0.000373208
309.25,0,282.174,282.505,285.353,238.268,-2.70709,-1.57576,0,341.562,210.7,75.5618,0.99178,0.00114304,0.000398685
309.75,0,282.164,282.494,285.337,238.268,-2.69634,-1.57174,0,341.562,210.7,75.5618,0.991844,0.00114011,0.000366236
310.25,0,282.15,282.48,285.321,238.267,-2.71756,-1.59684,0,341.361,210.671,75.5618,0.99191,0.00115831,0.000408635
310.75,0,282.138,282.468,285.305,238.266,-2.70451,-1.59052,0,341.361,210.671,75.5618,0.991975,0.00115371,0.000363439
311.25,0,282.127,282.456,285.29,238.266,-2.69363,-1.58626,0,341.361,210.671,75.5618,0.992039,0.00115061,0.000389054
311.75,0,282.117,282.445,285.274,238.265,-2.68301,-1.58224,0,341.361,210.671,75.5618,0.992103,0.00114768,0.000356959
312.25,0,282.103,282.431,285.258,238.265,-2.70406,-1.60705,0,341.162,210.642,75.5618,0.992168,0.00116566,0.000399339
312.75,0,282.091,282.419,285.243,238.264,-2.69114,-1.60077,0,341.162,210.642,75.5618,0.992231,0.00116109,0.000354547
313.25,0,282.08,282.407,285.227,238.264,-2.68038,-1.59654,0,341.162,210.642,75.5618,0.992295,0.00115801,0.000380226
313.75,0,282.07,282.396,285.212,238.263,-2.66987,-1.59254,0,341.162,210.642,75.5618,0.992358,0.0011551,0.000348458
314.25,0,282.056,282.383,285.196,238.263,-2.69075,-1.61704,0,340.965,210.614,75.5618,0.992422,0.00117286,0.000390798
314.75,0,282.045,282.371,285.181,238.262,-2.67796,-1.61081,0,340.965,210.614,75.5618,0.992485,0.00116833,0.000346395
315.25,0,282.034,282.359,285.166,238.262,-2.66731,-1.60661,0,340.965,210.614,75.5618,0.992548,0.00116526,0.000372119
315.75,0,282.024,282.348,285.15,238.261,-2.65691,-1.60263,0,340.965,210.614,75.5618,0.99261,0.00116237,0.000340663
316.25,0,282.01,282.335,285.135,238.261,-2.67762,-1.62685,0,340.769,210.585,75.5618,0.992673,0.00117992,0.000382947
316.75,0,281.999,282.323,285.12,238.26,-2.66496,-1.62067,0,340.769,210.585,75.5618,0.992736,0.00117542,0.000338919
317.25,0,281.988,282.312,285.104,238.26,-2.65441,-1.61648,0,340.769,210.585,75.5618,0.992797,0.00117238,0.000364671
317.75,0,281.978,282.3,285.089,238.259,-2.64412,-1.61253,0,340.769,210.585,75.5618,0.992859,0.0011695,0.000333515
318.25,0,281.964,282.287,285.074,238.258,-2.66467,-1.63647,0,340.575,210.557,75.5618,0.992922,0.00118685,0.000375727
318.75,0,281.953,282.276,285.059,238.258,-2.65213,-1.63033,0,340.575,210.557,75.5618,0.992983,0.00118239,0.000332061
319.25,0,281.942,282.264,285.044,238.257,-2.64169,-1.62617,0,340.575,210.557,75.5618,0.993044,0.00117936,0.000357826
319.75,0,281.932,282.253,285.028,238.257,-2.6315,-1.62224,0,340.575,210.557,75.5618,0.993105,0.0011765,0.000326957
320.25,0,281.919,282.24,285.013,238.256,-2.65189,-1.64591,0,340.383,210.529,75.5618,0.993167,0.00119365,0.000369084
320.75,0,281.908,282.229,284.998,238.256,-2.63946,-1.63982,0,340.383,210.529,75.5618,0.993228,0.00118922,0.000325767
321.25,0,281.897,282.217,284.983,238.255,-2.62913,-1.63569,0,340.383,210.529,75.5618,0.993288,0.00118621,0.000351532
321.75,0,281.887,282.206,284.968,238.255,-2.61904,-1.63178,0,340.383,210.529,75.5618,0.993348,0.00118336,0.000320938
322.25,0,281.874,282.194,284.954,238.254,-2.63933,-1.65523,0,340.192,210.501,75.5618,0.99341,0.00120036,0.000362978
322.75,0,281.863,282.182,284.939,238.254,-2.62701,-1.64918,0,340.192,210.501,75.5618,0.99347,0.00119596,0.000319991
323.25,0,281.853,282.171,284.924,238.253,-2.61682,-1.64503,0,340.192,210.501,75.5618,0.993529,0.00119294,0.000345782
323.75,0,281.843,282.16,284.909,238.253,-2.60692,-1.64106,0,340.192,210.501,75.5618,0.993589,0.00119005,0.000315507
324.25,0,281.829,282.148,284.894,238.252,-2.62714,-1.6642,0,340.002,210.473,75.5618,0.993649,0.00120682,0.000357497
324.75,0,281.818,282.136,284.879,238.252,-2.61501,-1.65811,0,340.002,210.473,75.5618,0.993709,0.00120239,0.00031489
325.25,0,281.808,282.125,284.865,238.251,-2.60496,-1.65394,0,340.002,210.473,75.5618,0.993768,0.00119935,0.000340692
325.75,0,281.798,282.114,284.85,238.251,-2.59515,-1.65,0,340.002,210.473,75.5618,0.993827,0.00119648,0.000310665
326.25,0,281.785,282.102,284.835,238.25,-2.61522,-1.67289,0,339.814,210.446,75.5618,0.993887,0.00121307,0.000352542
326.75,0,281.774,282.09,284.82,238.249,-2.60321,-1.66684,0,339.814,210.446,75.5618,0.993946,0.00120867,0.000310246
327.25,0,281.764,282.079,284.806,238.249,-2.59325,-1.6627,0,339.814,210.446,75.5618,0.994004,0.00120565,0.000336017
327.75,0,281.755,282.069,284.791,238.248,-2.58353,-1.65877,0,339.814,210.446,75.5618,0.994062,0.0012028,0.000306232
328.25,0,281.741,282.056,284.777,238.248,-2.60345,-1.68141,0,339.628,210.419,75.5618,0.994121,0.0012192,0.000347984
328.75,0,281.731,282.045,284.762,238.247,-2.59155,-1.67541,0,339.628,210.419,75.5618,0.99418,0.00121483,0.000305992
329.25,0,281.721,282.034,284.748,238.247,-2.58168,-1.67129,0,339.628,210.419,75.5618,0.994237,0.00121184,0.000331721
329.75,0,281.711,282.024,284.733,238.246,-2.57206,-1.66739,0,339.628,210.419,75.5618,0.994295,0.001209,0.00030217
330.25,0,281.698,282.011,284.719,238.246,-2.59183,-1.68979,0,339.443,210.392,75.5618,0.994353,0.00122523,0.000343789
330.75,0,281.688,282,284.704,238.245,-2.58004,-1.68383,0,339.443,210.392,75.5618,0.994411,0.00122089,0.000302093
331.25,0,281.678,281.989,284.69,238.245,-2.57026,-1.67974,0,339.443,210.392,75.5618,0.994468,0.00121792,0.000327772
331.75,0,281.668,281.979,284.676,238.244,-2.56073,-1.67586,0,339.443,210.392,75.5618,0.994525,0.00121509,0.000298447
332.25,0,281.655,281.967,284.661,238.244,-2.58036,-1.69802,0,339.259,210.365,75.5618,0.994583,0.00123115,0.000339924
332.75,0,281.645,281.956,284.647,238.243,-2.56867,-1.6921,0,339.259,210.365,75.5618,0.99464,0.00122684,0.000298517
333.25,0,281.635,281.945,284.633,238.243,-2.55899,-1.68804,0,339.259,210.365,75.5618,0.994696,0.00122389,0.000324138
333.75,0,281.625,281.935,284.618,238.242,-2.54954,-1.68419,0,339.259,210.365,75.5618,0.994752,0.00122108,0.000295033
334.25,0,281.613,281.923,284.604,238.242,-2.56904,-1.70611,0,339.077,210.339,75.5618,0.99481,0.00123696,0.000336369
334.75,0,281.602,281.912,284.59,238.241,-2.55756,-1.70013,0,339.077,210.339,75.5618,0.994866,0.00123261,0.00029532
335.25,0,281.592,281.901,284.576,238.241,-2.54807,-1.69599,0,339.077,210.339,75.5618,0.994922,0.0012296,0.000320951
335.75,0,281.583,281.891,284.562,238.24,-2.53881,-1.69205,0,339.077,210.339,75.5618,0.994978,0.00122674,0.000292133
336.25,0,281.57,281.879,284.548,238.24,-2.55825,-1.71368,0,338.896,210.312,75.5618,0.995035,0.0012424,0.000333368
336.75,0,281.56,281.868,284.534,238.239,-2.54686,-1.70774,0,338.896,210.312,75.5618,0.99509,0.00123809,0.000292593
337.25,0,281.55,281.857,284.52,238.239,-2.53745,-1.70362,0,338.896,210.312,75.5618,0.995146,0.00123509,0.000318152
337.75,0,281.541,281.847,284.505,238.238,-2.52828,-1.69972,0,338.896,210.312,75.5618,0.995201,0.00123225,0.000289541
338.25,0,281.528,281.835,284.492,238.238,-2.54758,-1.72112,0,338.717,210.286,75.5618,0.995257,0.00124775,0.000330616
338.75,0,281.518,281.825,284.478,238.237,-2.53629,-1.71522,0,338.717,210.286,75.5618,0.995312,0.00124346,0.000290109
339.25,0,281.508,281.814,284.464,238.237,-2.52696,-1.71114,0,338.717,210.286,75.5618,0.995367,0.00124049,0.000315591
339.75,0,281.499,281.804,284.45,238.236,-2.51787,-1.70725,0,338.717,210.286,75.5618,0.995421,0.00123767,0.00028718
340.25,0,281.487,281.792,284.436,238.236,-2.53704,-1.72844,0,338.539,210.26,75.5618,0.995477,0.00125301,0.000328092
340.75,0,281.477,281.782,284.422,238.235,-2.52584,-1.72259,0,338.539,210.26,75.5618,0.995532,0.00124876,0.000287847
341.25,0,281.467,281.771,284.408,238.234,-2.5166,-1.71853,0,338.539,210.26,75.5618,0.995586,0.0012458,0.000313246
341.75,0,281.458,281.761,284.394,238.234,-2.50758,-1.71467,0,338.539,210.26,75.5618,0.99564,0.001243,0.00028503
342.25,0,281.446,281.75,284.381,238.233,-2.52666,-1.73568,0,338.362,210.235,75.5618,0.995695,0.00125821,0.000325785
342.75,0,281.435,281.739,284.367,238.233,-2.51555,-1.72987,0,338.362,210.235,75.5618,0.995749,0.00125399,0.000285788
343.25,0,281.426,281.729,284.353,238.232,-2.50641,-1.72581,0,338.362,210.235,75.5618,0.995803,0.00125104,0.000311123
343.75,0,281.417,281.719,284.339,238.232,-2.4976,-1.72185,0,338.362,210.235,75.5618,0.995856,0.00124816,0.000283185
344.25,0,281.405,281.707,284.326,238.231,-2.51668,-1.74258,0,338.186,210.209,75.5618,0.995911,0.00126317,0.000323856
344.75,0,281.395,281.697,284.312,238.231,-2.50578,-1.73668,0,338.186,210.209,75.5618,0.995965,0.00125888,0.000284193
345.25,0,281.385,281.686,284.299,238.23,-2.49682,-1.73254,0,338.186,210.209,75.5618,0.996018,0.00125587,0.000309522
345.75,0,281.376,281.676,284.285,238.23,-2.48809,-1.72861,0,338.186,210.209,75.5618,0.996071,0.00125301,0.000281761
346.25,0,281.364,281.665,284.272,238.229,-2.50703,-1.74913,0,338.012,210.184,75.5618,0.996125,0.00126787,0.000322267
346.75,0,281.354,281.655,284.258,238.229,-2.49623,-1.74327,0,338.012,210.184,75.5618,0.996178,0.00126361,0.000282841
347.25,0,281.345,281.644,284.244,238.228,-2.48734,-1.73917,0,338.012,210.184,75.5618,0.996231,0.00126063,0.000308081
347.75,0,281.336,281.635,284.231,238.228,-2.47868,-1.73526,0,338.012,210.184,75.5618,0.996283,0.00125778,0.000280495
348.25,0,281.324,281.623,284.218,238.227,-2.4975,-1.75558,0,337.839,210.158,75.5618,0.996337,0.0012725,0.000320829
348.75,0,281.314,281.613,284.204,238.227,-2.48677,-1.74977,0,337.839,210.158,75.5618,0.99639,0.00126828,0.000281639
349.25,0,281.305,281.603,284.191,238.226,-2.47796,-1.74569,0,337.839,210.158,75.5618,0.996442,0.00126531,0.000306785
349.75,0,281.296,281.593,284.177,238.226,-2.46937,-1.74181,0,337.839,210.158,75.5618,0.996493,0.00126248,0.000279372
350.25,0,281.284,281.582,284.164,238.225,-2.48806,-1.76194,0,337.667,210.133,75.5618,0.996547,0.00127706,0.000319531
350.75,0,281.274,281.572,284.151,238.225,-2.47755,-1.75604,0,337.667,210.133,75.5618,0.996599,0.00127277,0.000280666
351.25,0,281.265,281.562,284.137,238.224,-2.46897,-1.75182,0,337.667,210.133,75.5618,0.996651,0.00126971,0.000305832
351.75,0,281.256,281.552,284.124,238.224,-2.46061,-1.7478,0,337.667,210.133,75.5618,0.996702,0.00126678,0.000278705
352.25,0,281.244,281.541,284.111,238.223,-2.47931,-1.76762,0,337.496,210.108,75.5618,0.996755,0.00128113,0.000318779
352.75,0,281.234,281.531,284.098,238.223,-2.46892,-1.76172,0,337.496,210.108,75.5618,0.996807,0.00127685,0.000280168
353.25,0,281.225,281.521,284.085,238.222,-2.46041,-1.75753,0,337.496,210.108,75.5618,0.996858,0.0012738,0.000305232
353.75,0,281.216,281.511,284.071,238.222,-2.45211,-1.75354,0,337.496,210.108,75.5618,0.996909,0.0012709,0.00027827
354.25,0,281.205,281.5,284.058,238.221,-2.47069,-1.77317,0,337.327,210.084,75.5618,0.996961,0.00128511,0.000318163
354.75,0,281.195,281.49,284.045,238.221,-2.46038,-1.76732,0,337.327,210.084,138.521,0.997012,0.00128086,0.000279776
355.25,0,281.186,281.48,284.032,238.22,-2.45193,-1.76316,0,337.327,210.084,138.521,0.997063,0.00127784,0.000304735
355.75,0,281.177,281.471,284.019,238.22,-2.44371,-1.7592,0,337.327,210.084,138.521,0.997113,0.00127495,0.000277935
356.25,0,281.166,281.46,284.006,238.219,-2.46231,-1.77857,0,337.158,210.059,138.521,0.997165,0.00128898,0.000317735
356.75,0,281.156,281.45,283.993,238.219,-2.45228,-1.77255,0,337.158,210.059,138.521,0.997216,0.0012846,0.000279712
357.25,0,281.147,281.44,283.98,238.218,-2.44411,-1.76821,0,337.158,210.059,138.521,0.997266,0.00128145,0.000304722
357.75,0,281.138,281.43,283.967,238.218,-2.43615,-1.76407,0,337.158,210.059,138.521,0.997316,0.00127844,0.000278223
358.25,0,281.127,281.419,283.954,238.217,-2.4547,-1.78322,0,336.991,210.035,138.521,0.997368,0.0012923,0.00031789
358.75,0,281.117,281.409,283.941,238.217,-2.44474,-1.77724,0,336.991,210.035,138.521,0.997418,0.00128796,0.000280075
359.25,0,281.108,281.4,283.928,238.216,-2.43663,-1.77293,0,336.991,210.035,138.521,0.997468,0.00128483,0.00030498
359.75,0,281.1,281.39,283.915,238.216,-2.42873,-1.76882,0,336.991,210.035,138.521,0.997517,0.00128184,0.000278632
360.25,0,281.088,281.38,283.903,238.215,-2.44716,-1.78779,0,336.824,210.01,138.521,0.997569,0.00129557,0.000318119
360.75,0,281.079,281.37,283.89,238.215,-2.43749,-1.78164,0,336.824,210.01,138.521,0.997618,0.0012911,0.00028067
361.25,0,281.07,281.36,283.877,238.214,-2.42971,-1.7771,0,336.824,210.01,138.521,0.997668,0.0012878,0.000305661
361.75,0,281.062,281.351,283.864,238.214,-2.42213,-1.77275,0,336.824,210.01,138.521,0.997717,0.00128464,0.000279653
362.25,0,281.05,281.34,283.852,238.213,-2.44066,-1.79134,0,336.659,209.986,138.521,0.997768,0.0012981,0.000319109
362.75,0,281.041,281.33,283.839,238.213,-2.43112,-1.78518,0,336.659,209.986,138.521,0.997817,0.00129362,0.000281903
363.25,0,281.032,281.321,283.826,238.212,-2.42339,-1.78067,0,336.659,209.986,138.521,0.997866,0.00129034,0.000306783
363.75,0,281.023,281.311,283.813,238.212,-2.41592,-1.7763,0,336.659,209.986,138.521,0.997915,0.00128717,0.000280959
364.25,0,281.012,281.301,283.801,238.211,-2.4346,-1.79445,0,336.495,209.962,138.521,0.997965,0.00130031,0.000320428
364.75,0,281.003,281.291,283.788,238.211,-2.42548,-1.78798,0,336.495,209.962,138.521,0.998014,0.00129561,0.000283679
365.25,0,280.994,281.282,283.776,238.21,-2.41815,-1.78316,0,336.495,209.962,138.521,0.998063,0.00129211,0.000308695
365.75,0,280.986,281.272,283.763,238.21,-2.41103,-1.77854,0,336.495,209.962,138.521,0.998111,0.00128875,0.000283221
366.25,0,280.974,281.262,283.751,238.209,-2.42959,-1.79653,0,336.332,209.939,138.521,0.998161,0.00130177,0.000322503
366.75,0,280.965,281.252,283.738,238.209,-2.42088,-1.78976,0,336.332,209.939,138.521,0.998209,0.00129686,0.000286202
367.25,0,280.956,281.243,283.725,238.209,-2.41405,-1.78453,0,336.332,209.939,138.521,0.998258,0.00129305,0.000311426
367.75,0,280.948,281.234,283.713,238.208,-2.40742,-1.7795,0,336.332,209.939,138.521,0.998305,0.0012894,0.000286412
368.25,0,280.937,281.223,283.701,238.208,-2.42622,-1.79698,0,336.17,209.915,138.521,0.998355,0.00130205,0.000325762
368.75,0,280.928,281.213,283.688,238.207,-2.41808,-1.78975,0,336.17,209.915,138.521,0.998403,0.0012968,0.000290023
369.25,0,280.919,281.204,283.676,238.207,-2.41188,-1.78398,0,336.17,209.915,138.521,0.998451,0.00129261,0.00031555
369.75,0,280.911,281.195,283.663,238.206,-2.40587,-1.7784,0,336.17,209.915,138.521,0.998498,0.00128856,0.000291088
370.25,0,280.9,281.185,283.651,238.206,-2.42502,-1.79528,0,336.009,209.891,138.521,0.998547,0.00130077,0.000330581
370.75,0,280.891,281.175,283.639,238.205,-2.41719,-1.78784,0,336.009,209.891,138.521,0.998595,0.00129538,0.000295217
371.25,0,280.882,281.166,283.626,238.205,-2.41143,-1.78172,0,336.009,209.891,138.521,0.998643,0.00129093,0.000320907
371.75,0,280.874,281.157,283.614,238.204,-2.40585,-1.77579,0,336.009,209.891,138.521,0.99869,0.00128663,0.000296857
372.25,0,280.863,281.146,283.602,238.204,-2.42518,-1.79221,0,335.85,209.868,138.521,0.998738,0.00129851,0.000336384
372.75,0,280.854,281.137,283.589,238.203,-2.41774,-1.7845,0,335.85,209.868,138.521,0.998786,0.00129291,0.000301444
373.25,0,280.845,281.128,283.577,238.203,-2.41201,-1.77843,0,335.85,209.868,138.521,0.998833,0.0012885,0.000327003
373.75,0,280.837,281.119,283.565,238.202,-2.40654,-1.77248,0,335.85,209.868,138.521,0.99888,0.00128418,0.000303127
374.25,0,280.826,281.108,283.553,238.202,-2.42598,-1.78853,0,335.691,209.845,138.521,0.998928,0.0012958,0.000342627
374.75,0,280.817,281.099,283.541,238.201,-2.41888,-1.78058,0,335.691,209.845,138.521,0.998975,0.00129003,0.00030808
375.25,0,280.809,281.09,283.529,238.201,-2.41348,-1.77426,0,335.691,209.845,138.521,0.999022,0.00128544,0.000333722
375.75,0,280.801,281.081,283.516,238.2,-2.40825,-1.76815,0,335.691,209.845,138.521,0.999068,0.001281,0.000310121
376.25,0,280.79,281.071,283.504,238.2,-2.42757,-1.78406,0,335.533,209.822,138.521,0.999116,0.00129252,0.000349424
376.75,0,280.781,281.061,283.492,238.199,-2.42051,-1.77618,0,335.533,209.822,138.521,0.999163,0.0012868,0.000315045
377.25,0,280.773,281.052,283.48,238.199,-2.41513,-1.76992,0,335.533,209.822,138.521,0.999201,0.00128225,0.000429145
377.75,0,280.764,281.044,283.468,238.198,-2.40988,-1.76391,0,335.533,209.822,138.521,0.999234,0.00127789,0.000342498
378.25,0,280.754,281.034,283.456,238.198,-2.42891,-1.77948,0,335.378,209.799,138.521,0.999262,0.00128916,0.000443283
378.75,0,280.745,281.025,283.444,238.197,-2.42193,-1.77169,0,335.378,209.799,138.521,0.999286,0.00128351,0.000365508
379.25,0,280.737,281.016,283.432,238.197,-2.41656,-1.76552,0,335.378,209.799,138.521,0.999294,0.00127902,0.000442957
379.75,0,280.729,281.007,283.42,238.196,-2.41119,-1.75971,0,335.378,209.799,138.521,0.999303,0.00127481,0.000382491
380.25,0,280.718,280.998,283.408,238.196,-2.4292,-1.77476,0,335.227,209.776,138.521,0.999305,0.0012857,0.000460724
380.75,0,280.709,280.989,283.396,238.195,-2.42197,-1.76732,0,335.227,209.776,138.521,0.999311,0.0012803,0.000396713
381.25,0,280.701,280.98,283.385,238.195,-2.4164,-1.76137,0,335.227,209.776,138.521,0.99931,0.00127597,0.000451202
381.75,0,280.693,280.972,283.373,238.195,-2.41092,-1.75566,0,335.227,209.776,138.521,0.999313,0.00127183,0.000405945
382.25,0,280.682,280.962,283.361,238.194,-2.42841,-1.77027,0,335.078,209.754,138.521,0.999314,0.00128241,0.000469401
382.75,0,280.674,280.953,283.349,238.194,-2.42115,-1.76285,0,335.078,209.754,138.521,0.999317,0.00127702,0.000538082
383.25,0,280.665,280.945,283.337,238.193,-2.41552,-1.75692,0,335.078,209.754,138.521,0.999317,0.00127271,0.000525109
383.75,0,280.658,280.936,283.326,238.193,-2.41003,-1.75121,0,335.078,209.754,138.521,0.999319,0.00126856,0.000544027
384.25,0,280.647,280.927,283.314,238.192,-2.42714,-1.76552,0,334.932,209.731,138.521,0.99932,0.00127892,0.000550239
384.75,0,280.639,280.918,283.302,238.192,-2.41995,-1.75817,0,334.932,209.731,138.521,0.999322,0.00127359,0.000552747
385.25,0,280.63,280.909,283.291,238.191,-2.41435,-1.7523,0,334.932,209.731,138.521,0.999322,0.00126933,0.000547546
385.75,0,280.623,280.901,283.279,238.191,-2.40889,-1.74663,0,334.932,209.731,138.521,0.999323,0.00126521,0.000557953
386.25,0,280.612,280.892,283.268,238.19,-2.42583,-1.76079,0,334.787,209.709,138.521,0.999325,0.00127546,0.000572316
386.75,0,280.604,280.883,283.256,238.19,-2.41869,-1.75351,0,334.787,209.709,138.521,0.999326,0.00127017,0.000566177
387.25,0,280.596,280.875,283.245,238.189,-2.41311,-1.74769,0,334.787,209.709,138.521,0.999327,0.00126594,0.000569222
387.75,0,280.588,280.866,283.233,238.189,-2.40769,-1.74206,0,334.787,209.709,138.521,0.999327,0.00126186,0.000571129
388.25,0,280.578,280.857,283.222,238.188,-2.42451,-1.7561,0,334.643,209.687,138.521,0.999329,0.00127201,0.000593088
388.75,0,280.569,280.848,283.211,238.188,-2.41741,-1.74886,0,334.643,209.687,138.521,0.99933,0.00126676,0.000579206
389.25,0,280.561,280.84,283.199,238.187,-2.41185,-1.74308,0,334.643,209.687,138.521,0.999331,0.00126257,0.000589449
389.75,0,280.553,280.832,283.188,238.187,-2.40644,-1.73748,0,334.643,209.687,138.521,0.999332,0.0012585,0.000584106
390.25,0,280.543,280.822,283.177,238.187,-2.42315,-1.7514,0,334.5,209.665,138.521,0.999334,0.00126857,0.000612406
390.75,0,280.535,280.814,283.166,238.186,-2.41608,-1.7442,0,334.5,209.665,138.521,0.999335,0.00126335,0.000592152
391.25,0,280.527,280.805,283.155,238.186,-2.41054,-1.73846,0,334.5,209.665,138.521,0.999336,0.00125918,0.000608215
391.75,0,280.519,280.797,283.143,238.185,-2.40515,-1.7329,0,334.5,209.665,138.521,0.999336,0.00125514,0.000597061
392.25,0,280.509,280.788,283.132,238.185,-2.42175,-1.7467,0,334.358,209.643,138.521,0.999338,0.00126513,0.000630331
392.75,0,280.501,280.78,283.121,238.184,-2.4147,-1.73955,0,334.358,209.643,138.521,0.999339,0.00125994,0.000605103
393.25,0,280.493,280.771,283.11,238.184,-2.40918,-1.73384,0,334.358,209.643,138.521,0.99934,0.0012558,0.00062564
393.75,0,280.485,280.763,283.099,238.183,-2.40381,-1.72831,0,334.358,209.643,138.521,0.99934,0.00125178,0.000610026
394.25,0,280.475,280.754,283.088,238.183,-2.4203,-1.74199,0,334.216,209.622,138.521,0.999342,0.00126168,0.000647007
394.75,0,280.467,280.745,283.077,238.182,-2.41328,-1.73489,0,334.216,209.622,138.521,0.999343,0.00125653,0.000618053
395.25,0,280.459,280.737,283.066,238.182,-2.40778,-1.72922,0,334.216,209.622,138.521,0.999344,0.00125241,0.000641889
395.75,0,280.451,280.729,283.055,238.181,-2.40243,-1.72372,0,334.216,209.622,138.521,0.999345,0.00124842,0.000622968
396.25,0,280.441,280.72,283.044,238.181,-2.41882,-1.73729,0,334.076,209.6,138.521,0.999347,0.00125824,0.000662603
396.75,0,280.433,280.712,283.034,238.181,-2.41183,-1.73023,0,334.076,209.6,138.521,0.999348,0.00125311,0.000630958
397.25,0,280.425,280.704,283.023,238.18,-2.40635,-1.72459,0,334.076,209.6,138.521,0.999348,0.00124902,0.000657131
397.75,0,280.418,280.696,283.013,238.18,-2.40101,-1.71913,0,334.076,209.6,138.521,0.999349,0.00124505,0.000877323
398.25,0,280.408,280.686,283.003,238.179,-2.4172,-1.73251,0,333.937,209.579,138.521,0.999351,0.00125474,0.000741305
398.75,0,280.4,280.678,282.994,238.179,-2.41026,-1.72551,0,333.937,209.579,138.521,0.999352,0.00124966,0.000884154
399.25,0,280.392,280.67,282.983,238.178,-2.40481,-1.71992,0,333.937,209.579,138.521,0.999353,0.0012456,0.000741621
399.75,0,280.385,280.662,282.974,238.178,-2.3995,-1.7145,0,333.937,209.579,138.521,0.999353,0.00124167,0.000887716
400.25,0,280.375,280.653,282.964,238.177,-2.41545,-1.72766,0,333.8,209.558,138.521,0.999355,0.00125119,0.000768305
400.75,0,280.366,280.645,282.954,238.177,-2.40857,-1.72075,0,333.8,209.558,138.521,0.999356,0.00124617,0.000893875
401.25,0,280.359,280.637,282.944,238.176,-2.40317,-1.71521,0,333.8,209.558,138.521,0.999357,0.00124216,0.000768588
401.75,0,280.351,280.629,282.935,238.176,-2.39791,-1.70985,0,333.8,209.558,138.521,0.999357,0.00123826,0.000896929
402.25,0,280.342,280.62,282.925,238.176,-2.41376,-1.72291,0,333.664,209.537,138.521,0.999359,0.00124771,0.000794781
402.75,0,280.334,280.612,282.916,238.175,-2.40694,-1.71606,0,333.664,209.537,138.521,0.999359,0.00124274,0.000902677
403.25,0,280.326,280.604,282.906,238.175,-2.40157,-1.71059,0,333.664,209.537,138.521,0.99936,0.00123877,0.000794895
403.75,0,280.319,280.596,282.897,238.174,-2.39635,-1.70527,0,333.664,209.537,138.521,0.999361,0.00123491,0.00090543
404.25,0,280.309,280.587,282.887,238.174,-2.41212,-1.71823,0,333.529,209.516,138.521,0.999363,0.00124429,0.000820512
404.75,0,280.301,280.579,282.878,238.173,-2.40534,-1.71144,0,333.529,209.516,138.521,0.999363,0.00123936,0.000910958
405.25,0,280.293,280.571,282.868,238.173,-2.40001,-1.70601,0,333.529,209.516,138.521,0.999364,0.00123542,0.00082033
405.75,0,280.286,280.563,282.859,238.172,-2.39483,-1.70074,0,333.529,209.516,138.521,0.999364,0.00123159,0.000913576
406.25,0,280.276,280.554,282.849,238.172,-2.4105,-1.71361,0,333.394,209.495,138.521,0.999366,0.0012409,0.000845286
406.75,0,280.268,280.546,282.84,238.172,-2.40376,-1.70687,0,333.394,209.495,138.521,0.999367,0.00123601,0.000919025
407.25,0,280.261,280.538,282.83,238.171,-2.39846,-1.70149,0,333.394,209.495,138.521,0.999368,0.00123211,0.000844715
407.75,0,280.254,280.531,282.821,238.171,-2.39332,-1.69626,0,333.394,209.495,138.521,0.999368,0.00122831,0.00092163
408.25,0,280.244,280.522,282.811,238.17,-2.4089,-1.70903,0,333.261,209.474,138.521,0.99937,0.00123755,0.000868955
408.75,0,280.236,280.514,282.802,238.17,-2.4022,-1.70235,0,333.261,209.474,138.521,0.999371,0.0012327,0.000927102
409.25,0,280.229,280.506,282.793,238.169,-2.39693,-1.69701,0,333.261,209.474,138.521,0.999372,0.00122882,0.000867937
409.75,0,280.222,280.498,282.784,238.169,-2.39181,-1.69182,0,333.261,209.474,138.521,0.999372,0.00122506,0.000929777
410.25,0,280.212,280.49,282.774,238.168,-2.40731,-1.70449,0,333.128,209.454,138.521,0.999374,0.00123423,0.000891436
410.75,0,280.204,280.482,282.765,238.168,-2.40064,-1.69786,0,333.128,209.454,138.521,0.999375,0.00122941,0.00093534
411.25,0,280.197,280.474,282.756,238.168,-2.3954,-1.69255,0,333.128,209.454,138.521,0.999376,0.00122556,0.000889941
411.75,0,280.19,280.466,282.747,238.167,-2.39031,-1.6874,0,333.128,209.454,138.521,0.999376,0.00122183,0.00093814
412.25,0,280.18,280.458,282.738,238.167,-2.40572,-1.69998,0,332.996,209.433,138.521,0.999378,0.00123093,0.000912698
412.75,0,280.172,280.45,282.729,238.166,-2.39908,-1.6934,0,332.996,209.433,138.521,0.999378,0.00122615,0.000943833
413.25,0,280.165,280.442,282.719,238.166,-2.39387,-1.68813,0,332.996,209.433,138.521,0.999379,0.00122233,0.00091072
413.75,0,280.158,280.434,282.71,238.165,-2.3888,-1.68302,0,332.996,209.433,138.521,0.99938,0.00121862,0.000946788
414.25,0,280.148,280.426,282.701,238.165,-2.40413,-1.6955,0,332.865,209.413,138.521,0.999382,0.00122765,0.000932753
414.75,0,280.141,280.418,282.692,238.164,-2.39753,-1.68896,0,332.865,209.413,138.521,0.999382,0.0012229,0.000952631
415.25,0,280.133,280.41,282.683,238.164,-2.39234,-1.68373,0,332.865,209.413,138.521,0.999383,0.00121911,0.000930304
415.75,0,280.126,280.403,282.674,238.164,-2.3873,-1.67866,0,332.865,209.413,138.521,0.999383,0.00121542,0.00095575
416.25,0,280.117,280.394,282.665,238.163,-2.40253,-1.69105,0,332.734,209.393,138.521,0.999385,0.00122439,0.000951643
416.75,0,280.109,280.386,282.656,238.163,-2.39596,-1.68455,0,332.734,209.393,138.521,0.999386,0.00121967,0.000961745
417.25,0,280.102,280.378,282.647,238.162,-2.3908,-1.67936,0,332.734,209.393,138.521,0.999387,0.00121591,0.000948747
417.75,0,280.095,280.371,282.638,238.162,-2.38578,-1.67432,0,332.734,209.393,138.521,0.999387,0.00121225,0.000965027
418.25,0,280.086,280.363,282.629,238.161,-2.40094,-1.68662,0,332.605,209.373,138.521,0.999389,0.00122115,0.00096943
418.75,0,280.078,280.355,282.62,238.161,-2.3944,-1.68017,0,332.605,209.373,138.521,0.99939,0.00121647,0.000971166
419.25,0,280.071,280.347,282.611,238.161,-2.38926,-1.67501,0,332.605,209.373,138.521,0.999391,0.00121272,0.000966118
419.75,0,280.064,280.34,282.605,238.16,-2.38426,-1.67,0,332.605,209.373,138.521,0.999391,0.00120909,0.00128752
420.25,0,280.055,280.331,282.597,238.16,-2.39926,-1.68215,0,332.476,209.353,138.521,0.999393,0.00121788,0.00111847
420.75,0,280.047,280.323,282.591,238.159,-2.39276,-1.67575,0,332.476,209.353,138.521,0.999394,0.00121324,0.00129521
421.25,0,280.04,280.316,282.584,238.159,-2.38765,-1.67064,0,332.476,209.353,138.521,0.999394,0.00120952,0.00111709
421.75,0,280.033,280.309,282.577,238.158,-2.38268,-1.66567,0,332.476,209.353,138.521,0.999395,0.00120592,0.00129996
422.25,0,280.024,280.3,282.57,238.158,-2.39745,-1.67761,0,332.35,209.333,138.521,0.999396,0.00121456,0.00113954
422.75,0,280.016,280.292,282.563,238.158,-2.39101,-1.67129,0,332.35,209.333,138.521,0.999397,0.00120997,0.00130701
423.25,0,280.009,280.285,282.556,238.157,-2.38594,-1.66622,0,332.35,209.333,138.521,0.999398,0.00120629,0.0011384
423.75,0,280.002,280.278,282.549,238.157,-2.381,-1.66129,0,332.35,209.333,138.521,0.999398,0.00120272,0.00131121
424.25,0,279.993,280.269,282.542,238.156,-2.3957,-1.67316,0,332.224,209.313,138.521,0.9994,0.0012113,0.00116075
424.75,0,279.986,280.262,282.535,238.156,-2.3893,-1.66688,0,332.224,209.313,138.521,0.9994,0.00120675,0.00131776
425.25,0,279.978,280.254,282.528,238.155,-2.38426,-1.66186,0,332.224,209.313,138.521,0.999401,0.0012031,0.00115979
425.75,0,279.972,280.247,282.521,238.155,-2.37936,-1.65698,0,332.224,209.313,138.521,0.999402,0.00119956,0.0013215
426.25,0,279.963,280.239,282.514,238.155,-2.39398,-1.66876,0,332.098,209.294,138.521,0.999403,0.00120808,0.00118201
426.75,0,279.955,280.231,282.508,238.154,-2.38763,-1.66254,0,332.098,209.294,138.521,0.999404,0.00120357,0.00132763
427.25,0,279.948,280.224,282.5,238.154,-2.38263,-1.65756,0,332.098,209.294,138.521,0.999405,0.00119996,0.00118117
427.75,0,279.941,280.217,282.494,238.153,-2.37776,-1.65272,0,332.098,209.294,138.521,0.999405,0.00119645,0.00133101
428.25,0,279.932,280.208,282.486,238.153,-2.39231,-1.66443,0,331.974,209.274,138.521,0.999407,0.00120491,0.00120321
428.75,0,279.925,280.201,282.48,238.152,-2.38599,-1.65825,0,331.974,209.274,138.521,0.999407,0.00120043,0.00133681
429.25,0,279.918,280.193,282.472,238.152,-2.38102,-1.65332,0,331.974,209.274,138.521,0.999408,0.00119685,0.00120242
429.75,0,279.911,280.186,282.466,238.152,-2.37619,-1.64852,0,331.974,209.274,138.521,0.999408,0.00119337,0.00133989
430.25,0,279.902,280.178,282.458,238.151,-2.39066,-1.66014,0,331.85,209.255,138.521,0.99941,0.00120178,0.00122423
430.75,0,279.895,280.171,282.452,238.151,-2.38438,-1.65402,0,331.85,209.255,138.521,0.999411,0.00119734,0.00134543
431.25,0,279.888,280.163,282.444,238.15,-2.37944,-1.64912,0,331.85,209.255,138.521,0.999412,0.00119378,0.00122343
431.75,0,279.881,280.156,282.438,238.15,-2.37464,-1.64436,0,331.85,209.255,138.521,0.999412,0.00119033,0.00134829
432.25,0,279.872,280.148,282.43,238.15,-2.38904,-1.65591,0,331.727,209.236,138.521,0.999414,0.00119868,0.00124498
432.75,0,279.865,280.141,282.424,238.149,-2.3828,-1.64983,0,331.727,209.236,138.521,0.999414,0.00119427,0.00135363
433.25,0,279.858,280.133,282.417,238.149,-2.37789,-1.64497,0,331.727,209.236,138.521,0.999415,0.00119075,0.00124411
433.75,0,279.852,280.126,282.41,238.148,-2.37312,-1.64026,0,331.727,209.236,138.521,0.999415,0.00118732,0.00135634
434.25,0,279.843,280.118,282.403,238.148,-2.38744,-1.65172,0,331.605,209.217,138.521,0.999417,0.00119562,0.00126534
434.75,0,279.835,280.111,282.396,238.147,-2.38124,-1.64569,0,331.605,209.217,138.521,0.999418,0.00119124,0.00136154
435.25,0,279.829,280.104,282.389,238.147,-2.37636,-1.64087,0,331.605,209.217,138.521,0.999419,0.00118774,0.00126437
435.75,0,279.822,280.097,282.382,238.147,-2.37162,-1.63619,0,331.605,209.217,138.521,0.999419,0.00118435,0.00136414
436.25,0,279.813,280.088,282.375,238.146,-2.38587,-1.64758,0,331.483,209.198,138.521,0.999421,0.00119258,0.00128526
436.75,0,279.806,280.081,282.369,238.146,-2.3797,-1.64159,0,331.483,209.198,138.521,0.999421,0.00118824,0.00136926
437.25,0,279.799,280.074,282.361,238.145,-2.37485,-1.63681,0,331.483,209.198,138.521,0.999422,0.00118477,0.00128414
437.75,0,279.793,280.067,282.355,238.145,-2.37013,-1.63216,0,331.483,209.198,138.521,0.999422,0.0011814,0.00137181
438.25,0,279.784,280.059,282.348,238.145,-2.38432,-1.64347,0,331.362,209.179,138.521,0.999424,0.00118958,0.00130465
438.75,0,279.777,280.052,282.341,238.144,-2.37818,-1.63753,0,331.362,209.179,138.521,0.999425,0.00118527,0.00137688
439.25,0,279.77,280.045,282.334,238.144,-2.37336,-1.63278,0,331.362,209.179,138.521,0.999426,0.00118183,0.00130335
439.75,0,279.763,280.038,282.327,238.143,-2.36866,-1.62817,0,331.362,209.179,138.521,0.999426,0.00117848,0.00137942
440.25,0,279.755,280.03,282.32,238.143,-2.38278,-1.63941,0,331.242,209.16,138.521,0.999428,0.00118661,0.00132347
440.75,0,279.748,280.022,282.313,238.142,-2.37667,-1.63351,0,331.242,209.16,138.521,0.999428,0.00118233,0.00138448
441.25,0,279.741,280.015,282.306,238.142,-2.37188,-1.62879,0,331.242,209.16,138.521,0.999429,0.00117891,0.00132197
441.75,0,279.734,280.008,282.3,238.142,-2.36721,-1.62421,0,331.242,209.16,138.521,0.999429,0.00117559,0.00138703
442.25,0,279.726,280,282.293,238.141,-2.38125,-1.63538,0,331.122,209.141,138.521,0.999431,0.00118366,0.00134168
442.75,0,279.719,279.993,282.286,238.141,-2.37518,-1.62952,0,331.122,209.141,138.521,0.999432,0.00117941,0.00139212
443.25,0,279.712,279.986,282.279,238.14,-2.37041,-1.62484,0,331.122,209.141,138.521,0.999432,0.00117601,0.00133996
443.75,0,279.706,279.979,282.272,238.14,-2.36577,-1.62029,0,331.122,209.141,138.521,0.999433,0.00117272,0.00139472
444.25,0,279.697,279.972,282.265,238.14,-2.37974,-1.63138,0,331.003,209.123,138.521,0.999434,0.00118073,0.00135925
444.75,0,279.69,279.964,282.259,238.139,-2.3737,-1.62556,0,331.003,209.123,138.521,0.999435,0.00117652,0.00139985
445.25,0,279.683,279.957,282.251,238.139,-2.36895,-1.62091,0,331.003,209.123,138.521,0.999436,0.00117314,0.0013573
445.75,0,279.677,279.951,282.245,238.138,-2.36433,-1.6164,0,331.003,209.123,138.521,0.999436,0.00116987,0.00140251
446.25,0,279.668,279.943,282.238,238.138,-2.37824,-1.62741,0,330.884,209.104,138.521,0.999438,0.00117783,0.00137617
446.75,0,279.661,279.935,282.231,238.138,-2.37222,-1.62163,0,330.884,209.104,138.521,0.999439,0.00117364,0.0014077
447.25,0,279.655,279.929,282.224,238.137,-2.3675,-1.61702,0,330.884,209.104,138.521,0.999439,0.00117029,0.00145524
447.75,0,279.648,279.922,282.218,238.137,-2.3629,-1.61253,0,330.884,209.104,138.521,0.99944,0.00116704,0.00206819
448.25,0,279.64,279.914,282.211,238.136,-2.37666,-1.62341,0,330.767,209.086,138.521,0.999441,0.00117491,0.00146897
448.75,0,279.633,279.907,282.204,238.136,-2.37069,-1.61768,0,330.767,209.086,138.521,0.999442,0.00117075,0.00207789
449.25,0,279.626,279.9,282.197,238.136,-2.36599,-1.6131,0,330.767,209.086,138.521,0.999443,0.00116743,0.00146422
449.75,0,279.62,279.893,282.19,238.135,-2.36142,-1.60865,0,330.767,209.086,138.521,0.999443,0.0011642,0.00208464
450.25,0,279.612,279.886,282.183,238.135,-2.37503,-1.6194,0,330.651,209.068,138.521,0.999445,0.00117197,0.00148003
450.75,0,279.605,279.878,282.177,238.134,-2.3691,-1.61372,0,330.651,209.068,138.521,0.999445,0.00116786,0.0020931
451.25,0,279.598,279.872,282.17,238.134,-2.36444,-1.60918,0,330.651,209.068,138.521,0.999446,0.00116456,0.00147632
451.75,0,279.592,279.865,282.163,238.134,-2.3599,-1.60477,0,330.651,209.068,138.521,0.999446,0.00116136,0.00209867
452.25,0,279.583,279.857,282.156,238.133,-2.37345,-1.61544,0,330.535,209.05,138.521,0.999448,0.00116908,0.00149291
452.75,0,279.577,279.85,282.15,238.133,-2.36755,-1.60981,0,330.535,209.05,138.521,0.999449,0.001165,0.00210596
453.25,0,279.57,279.843,282.143,238.132,-2.36292,-1.6053,0,330.535,209.05,138.521,0.999449,0.00116173,0.00149021
453.75,0,279.564,279.837,282.136,238.132,-2.35841,-1.60093,0,330.535,209.05,138.521,0.99945,0.00115855,0.00211038
454.25,0,279.555,279.829,282.129,238.132,-2.37189,-1.61153,0,330.42,209.032,138.521,0.999451,0.00116622,0.00150758
454.75,0,279.549,279.822,282.123,238.131,-2.36603,-1.60594,0,330.42,209.032,138.521,0.999452,0.00116217,0.00211654
455.25,0,279.542,279.815,282.116,238.131,-2.36142,-1.60148,0,330.42,209.032,138.521,0.999453,0.00115893,0.00150586
455.75,0,279.536,279.809,282.11,238.13,-2.35694,-1.59713,0,330.42,209.032,138.521,0.999453,0.00115578,0.00211986
456.25,0,279.528,279.801,282.103,238.13,-2.37035,-1.60767,0,330.306,209.014,138.521,0.999454,0.0011634,0.00152399
456.75,0,279.521,279.794,282.096,238.13,-2.36453,-1.60212,0,330.306,209.014,138.521,0.999455,0.00115938,0.00212494
457.25,0,279.514,279.787,282.089,238.129,-2.35995,-1.59769,0,330.306,209.014,138.521,0.999456,0.00115616,0.00152319
457.75,0,279.508,279.781,282.083,238.129,-2.3555,-1.59338,0,330.306,209.014,138.521,0.999456,0.00115304,0.00212722
458.25,0,279.5,279.773,282.076,238.129,-2.36885,-1.60385,0,330.193,208.996,138.521,0.999458,0.0011606,0.00154202
458.75,0,279.493,279.766,282.069,238.128,-2.36305,-1.59835,0,330.193,208.996,138.521,0.999458,0.00115661,0.00213128
459.25,0,279.487,279.76,282.062,238.128,-2.3585,-1.59394,0,330.193,208.996,138.521,0.999459,0.00115342,0.00154209
459.75,0,279.481,279.753,282.056,238.127,-2.35408,-1.58967,0,330.193,208.996,138.521,0.999459,0.00115032,0.00213257
460.25,0,279.473,279.746,282.049,238.127,-2.36736,-1.60007,0,330.08,208.978,138.521,0.999461,0.00115784,0.00156156
460.75,0,279.466,279.739,282.043,238.127,-2.3616,-1.59461,0,330.08,208.978,138.521,0.999462,0.00115388,0.00213569
461.25,0,279.46,279.732,282.036,238.126,-2.35708,-1.59024,0,330.08,208.978,138.521,0.999462,0.00115071,0.00156243
461.75,0,279.453,279.726,282.03,238.126,-2.35268,-1.586,0,330.08,208.978,138.521,0.999463,0.00114764,0.0021361
462.25,0,279.445,279.718,282.023,238.125,-2.3659,-1.59633,0,329.967,208.96,138.521,0.999464,0.00115511,0.00158247
462.75,0,279.439,279.711,282.016,238.125,-2.36017,-1.59091,0,329.967,208.96,138.521,0.999465,0.00115117,0.00213836
463.25,0,279.432,279.705,282.009,238.125,-2.35568,-1.58657,0,329.967,208.96,138.521,0.999466,0.00114803,0.00158404
463.75,0,279.426,279.698,282.003,238.124,-2.3513,-1.58236,0,329.967,208.96,138.521,0.999466,0.00114498,0.00213796
464.25,0,279.418,279.691,281.996,238.124,-2.36446,-1.59264,0,329.855,208.943,138.521,0.999467,0.0011524,0.00160457
464.75,0,279.412,279.684,281.99,238.124,-2.35877,-1.58725,0,329.855,208.943,138.521,0.999468,0.0011485,0.00213945
465.25,0,279.405,279.678,281.983,238.123,-2.3543,-1.58295,0,329.855,208.943,138.521,0.999469,0.00114538,0.00160675
465.75,0,279.399,279.671,281.977,238.123,-2.34995,-1.57877,0,329.855,208.943,138.521,0.999469,0.00114235,0.00213834
466.25,0,279.391,279.664,281.97,238.122,-2.36305,-1.58897,0,329.744,208.926,138.521,0.999471,0.00114973,0.00162768
466.75,0,279.385,279.657,281.964,238.122,-2.35738,-1.58363,0,329.744,208.926,138.521,0.999471,0.00114585,0.00213918
467.25,0,279.378,279.651,281.957,238.122,-2.35294,-1.57936,0,329.744,208.926,138.521,0.999472,0.00114275,0.00163038
467.75,0,279.372,279.644,281.95,238.121,-2.34861,-1.57521,0,329.744,208.926,138.521,0.999472,0.00113974,0.00213746
468.25,0,279.364,279.637,281.944,238.121,-2.36165,-1.58535,0,329.633,208.908,138.521,0.999474,0.00114707,0.00165161
468.75,0,279.358,279.63,281.937,238.12,-2.35601,-1.58004,0,329.633,208.908,138.521,0.999475,0.00114323,0.00213774
469.25,0,279.352,279.624,281.93,238.12,-2.35159,-1.5758,0,329.633,208.908,138.521,0.999475,0.00114015,0.00165473
469.75,0,279.346,279.617,281.924,238.12,-2.34729,-1.57168,0,329.633,208.908,138.521,0.999476,0.00113716,0.00213552
470.25,0,279.338,279.61,281.917,238.119,-2.36027,-1.58176,0,329.523,208.891,138.521,0.999477,0.00114445,0.00167616
470.75,0,279.331,279.603,281.911,238.119,-2.35466,-1.57649,0,329.523,208.891,138.521,0.999478,0.00114063,0.00213534
471.25,0,279.325,279.597,281.904,238.119,-2.35027,-1.57228,0,329.523,208.891,138.521,0.999479,0.00113757,0.0016796
471.75,0,279.319,279.591,281.898,238.118,-2.34599,-1.56819,0,329.523,208.891,138.521,0.999479,0.00113461,0.00213273
472.25,0,279.311,279.583,281.891,238.118,-2.35891,-1.5782,0,329.414,208.874,138.521,0.99948,0.00114185,0.00170114
472.75,0,279.305,279.577,281.885,238.117,-2.35333,-1.57297,0,329.414,208.874,138.521,0.999481,0.00113805,0.00213219
473.25,0,279.298,279.57,281.878,238.117,-2.34896,-1.56879,0,329.414,208.874,138.521,0.999482,0.00113502,0.00170479
473.75,0,279.293,279.564,281.872,238.117,-2.3447,-1.56472,0,329.414,208.874,138.521,0.999482,0.00113208,0.00212929
474.25,0,279.285,279.557,281.865,238.116,-2.35756,-1.57468,0,329.305,208.857,138.521,0.999484,0.00113927,0.00172635
474.75,0,279.278,279.55,281.859,238.116,-2.35201,-1.56948,0,329.305,208.857,138.521,0.999484,0.0011355,0.00212851
475.25,0,279.272,279.544,281.852,238.116,-2.34766,-1.56533,0,329.305,208.857,138.521,0.999485,0.00113249,0.00173012
475.75,0,279.266,279.537,281.846,238.115,-2.34343,-1.56129,0,329.305,208.857,138.521,0.999485,0.00112957,0.00212541
476.25,0,279.258,279.53,281.839,238.115,-2.35623,-1.57119,0,329.196,208.84,138.521,0.999487,0.00113672,0.0017516
476.75,0,279.252,279.524,281.833,238.114,-2.35071,-1.56602,0,329.196,208.84,138.521,0.999488,0.00113298,0.00212447
477.25,0,279.246,279.517,281.827,238.114,-2.34639,-1.5619,0,329.196,208.84,138.521,0.999488,0.00112998,0.0017554
477.75,0,279.24,279.511,281.82,238.114,-2.34217,-1.55789,0,329.196,208.84,138.521,0.999489,0.00112708,0.00212128
478.25,0,279.232,279.504,281.814,238.113,-2.35492,-1.56773,0,329.088,208.823,138.521,0.99949,0.00113419,0.00177673
478.75,0,279.226,279.497,281.808,238.113,-2.34942,-1.5626,0,329.088,208.823,138.521,0.999491,0.00113047,0.00212027
479.25,0,279.22,279.491,281.801,238.113,-2.34512,-1.5585,0,329.088,208.823,138.521,0.999492,0.0011275,0.00178046
479.75,0,279.214,279.485,281.795,238.112,-2.34093,-1.55452,0,329.088,208.823,138.521,0.999492,0.00112462,0.00211706
480.25,0,279.206,279.478,281.788,238.112,-2.35362,-1.5643,0,328.981,208.806,138.521,0.999493,0.00113168,0.00180155
480.75,0,279.2,279.471,281.782,238.111,-2.34815,-1.5592,0,328.981,208.806,138.521,0.999494,0.00112799,0.00281086
481.25,0,279.194,279.465,281.775,238.111,-2.34387,-1.55513,0,328.981,208.806,138.521,0.999495,0.00112504,0.00212662
481.75,0,279.188,279.459,281.769,238.111,-2.3397,-1.55118,0,328.981,208.806,138.521,0.999495,0.00112217,0.00281164
482.25,0,279.18,279.452,281.762,238.11,-2.35225,-1.56084,0,328.875,208.789,138.521,0.999497,0.00112915,0.00214277
482.75,0,279.174,279.445,281.756,238.11,-2.34682,-1.55578,0,328.875,208.789,138.521,0.999497,0.00112549,0.00281417
483.25,0,279.168,279.439,281.75,238.11,-2.34257,-1.55174,0,328.875,208.789,138.521,0.999498,0.00112256,0.0021436
483.75,0,279.162,279.433,281.744,238.109,-2.33842,-1.54782,0,328.875,208.789,138.521,0.999498,0.00111972,0.00281435
484.25,0,279.155,279.426,281.737,238.109,-2.3509,-1.55741,0,328.769,208.773,138.521,0.9995,0.00112665,0.0021605
484.75,0,279.148,279.42,281.731,238.109,-2.34551,-1.5524,0,328.769,208.773,138.521,0.9995,0.00112301,0.00281628
485.25,0,279.143,279.413,281.724,238.108,-2.34128,-1.54839,0,328.769,208.773,138.521,0.999501,0.00112011,0.00216185
485.75,0,279.137,279.407,281.718,238.108,-2.33716,-1.5445,0,328.769,208.773,138.521,0.999501,0.00111729,0.00281591
486.25,0,279.129,279.4,281.712,238.108,-2.34958,-1.55403,0,328.664,208.756,138.521,0.999503,0.00112417,0.00219213
486.75,0,279.123,279.394,281.706,238.107,-2.34422,-1.54905,0,328.664,208.756,138.521,0.999503,0.00112056,0.00285864
487.25,0,279.117,279.388,281.699,238.107,-2.34001,-1.54507,0,328.664,208.756,138.521,0.999504,0.00111768,0.0021972
487.75,0,279.111,279.382,281.693,238.106,-2.33592,-1.54121,0,328.664,208.756,138.521,0.999504,0.00111488,0.00285274
488.25,0,279.104,279.375,281.687,238.106,-2.34829,-1.55069,0,328.559,208.74,138.521,0.999506,0.00112173,0.00222482
488.75,0,279.098,279.368,281.68,238.106,-2.34296,-1.54574,0,328.559,208.74,138.521,0.999507,0.00111815,0.00285088
489.25,0,279.092,279.362,281.674,238.105,-2.33878,-1.5418,0,328.559,208.74,138.521,0.999507,0.00111529,0.00222688
489.75,0,279.086,279.356,281.668,238.105,-2.33471,-1.53796,0,328.559,208.74,138.521,0.999508,0.00111251,0.00284729
490.25,0,279.079,279.349,281.661,238.105,-2.34703,-1.54739,0,328.455,208.724,138.521,0.999509,0.00111932,0.00225224
490.75,0,279.072,279.343,281.655,238.104,-2.34172,-1.54247,0,328.455,208.724,138.521,0.99951,0.00111576,0.00284694
491.25,0,279.066,279.337,281.649,238.104,-2.33756,-1.53856,0,328.455,208.724,138.521,0.99951,0.00111292,0.00225288
491.75,0,279.061,279.331,281.643,238.104,-2.33352,-1.53475,0,328.455,208.724,138.521,0.999511,0.00111016,0.00284431
492.25,0,279.053,279.324,281.637,238.103,-2.34578,-1.54412,0,328.351,208.707,138.521,0.999512,0.00111693,0.00227711
492.75,0,279.047,279.318,281.631,238.103,-2.3405,-1.53924,0,328.351,208.707,138.521,0.999513,0.00111339,0.00284455
493.25,0,279.041,279.312,281.624,238.103,-2.33637,-1.53535,0,328.351,208.707,138.521,0.999513,0.00111057,0.00227713
493.75,0,279.036,279.306,281.618,238.102,-2.33235,-1.53157,0,328.351,208.707,138.521,0.999514,0.00110783,0.00284225
494.25,0,279.028,279.299,281.612,238.102,-2.34456,-1.54088,0,328.248,208.691,138.521,0.999515,0.00111456,0.0023008
494.75,0,279.022,279.293,281.606,238.102,-2.33931,-1.53604,0,328.248,208.691,138.521,0.999516,0.00111105,0.00284261
495.25,0,279.016,279.287,281.599,238.101,-2.3352,-1.53217,0,328.248,208.691,138.521,0.999517,0.00110825,0.00230058
495.75,0,279.011,279.281,281.593,238.101,-2.33119,-1.52842,0,328.248,208.691,138.521,0.999517,0.00110553,0.00284033
496.25,0,279.003,279.274,281.587,238.101,-2.34335,-1.53768,0,328.146,208.675,138.521,0.999518,0.00111222,0.00232395
496.75,0,278.997,279.268,281.581,238.1,-2.33813,-1.53286,0,328.146,208.675,138.521,0.999519,0.00110873,0.00284062
497.25,0,278.992,279.262,281.575,238.1,-2.33404,-1.52903,0,328.146,208.675,138.521,0.99952,0.00110595,0.00232366
497.75,0,278.986,279.256,281.569,238.1,-2.33006,-1.5253,0,328.146,208.675,138.521,0.99952,0.00110325,0.00283823
498.25,0,278.979,279.249,281.563,238.099,-2.34216,-1.5345,0,328.044,208.659,138.521,0.999521,0.0011099,0.00234685
498.75,0,278.973,279.243,281.557,238.099,-2.33696,-1.52972,0,328.044,208.659,138.521,0.999522,0.00110643,0.00283837
499.25,0,278.967,279.237,281.55,238.098,-2.3329,-1.52592,0,328.044,208.659,138.521,0.999523,0.00110367,0.00234657
499.75,0,278.961,279.231,281.544,238.098,-2.32894,-1.52222,0,328.044,208.659,138.521,0.999523,0.00110099,0.00283583
500.25,0,278.954,279.224,281.538,238.098,-2.34099,-1.53136,0,327.942,208.643,138.521,0.999525,0.0011076,0.00236961
500.75,0,278.948,279.218,281.532,238.097,-2.33582,-1.52661,0,327.942,208.643,138.521,0.999525,0.00110416,0.00283581
501.25,0,278.942,279.212,281.526,238.097,-2.33178,-1.52283,0,327.942,208.643,138.521,0.999526,0.00110142,0.00236936
501.75,0,278.937,279.206,281.52,238.097,-2.32784,-1.51916,0,327.942,208.643,138.521,0.999526,0.00109876,0.00283312
502.25,0,278.93,279.2,281.514,238.096,-2.33984,-1.52825,0,327.841,208.627,138.521,0.999528,0.00110533,0.00239227
502.75,0,278.924,279.193,281.508,238.096,-2.33469,-1.52353,0,327.841,208.627,138.521,0.999528,0.00110191,0.00283295
503.25,0,278.918,279.188,281.502,238.096,-2.33067,-1.51978,0,327.841,208.627,138.521,0.999529,0.00109918,0.00239203
503.75,0,278.913,279.182,281.496,238.095,-2.32676,-1.51613,0,327.841,208.627,138.521,0.999529,0.00109654,0.00283013
504.25,0,278.905,279.175,281.49,238.095,-2.3387,-1.52517,0,327.74,208.612,138.521,0.999531,0.00110307,0.00241479
504.75,0,278.899,279.169,281.484,238.095,-2.33358,-1.52048,0,327.74,208.612,138.521,0.999531,0.00109968,0.00282983
505.25,0,278.894,279.163,281.478,238.094,-2.32958,-1.51675,0,327.74,208.612,138.521,0.999532,0.00109697,0.00241454
505.75,0,278.888,279.157,281.472,238.094,-2.32569,-1.51313,0,327.74,208.612,138.521,0.999532,0.00109435,0.00282692
506.25,0,278.881,279.151,281.465,238.094,-2.33758,-1.52211,0,327.64,208.596,138.521,0.999534,0.00110084,0.00243713
506.75,0,278.875,279.145,281.46,238.093,-2.33249,-1.51746,0,327.64,208.596,138.521,0.999535,0.00109747,0.00282654
507.25,0,278.869,279.139,281.453,238.093,-2.32851,-1.51375,0,327.64,208.596,138.521,0.999535,0.00109478,0.00243684
507.75,0,278.864,279.133,281.448,238.093,-2.32464,-1.51015,0,327.64,208.596,138.521,0.999536,0.00109217,0.00282356
508.25,0,278.857,279.126,281.441,238.092,-2.33647,-1.51909,0,327.541,208.58,138.521,0.999537,0.00109863,0.00245924
508.75,0,278.851,279.12,281.436,238.092,-2.33141,-1.51446,0,327.541,208.58,138.521,0.999538,0.00109528,0.00282313
509.25,0,278.845,279.115,281.43,238.092,-2.32745,-1.51078,0,327.541,208.58,138.521,0.999538,0.00109261,0.00245889
509.75,0,278.84,279.109,281.424,238.091,-2.3236,-1.50721,0,327.541,208.58,138.521,0.999539,0.00109002,0.00282014
510.25,0,278.833,279.102,281.418,238.091,-2.33538,-1.51609,0,327.441,208.565,138.521,0.99954,0.00109643,0.00248105
510.75,0,278.827,279.096,281.412,238.091,-2.33034,-1.51149,0,327.441,208.565,138.521,0.999541,0.00109311,0.0028197
511.25,0,278.821,279.091,281.406,238.09,-2.3264,-1.50784,0,327.441,208.565,138.521,0.999541,0.00109045,0.00248061
511.75,0,278.816,279.085,281.4,238.09,-2.32257,-1.50429,0,327.441,208.565,138.521,0.999542,0.00108788,0.00281672
512.25,0,278.809,279.078,281.394,238.09,-2.33431,-1.51312,0,327.343,208.549,138.521,0.999543,0.00109426,0.00250252
512.75,0,278.803,279.072,281.388,238.089,-2.32929,-1.50855,0,327.343,208.549,138.521,0.999544,0.00109095,0.0028163
513.25,0,278.798,279.067,281.382,238.089,-2.32537,-1.50492,0,327.343,208.549,138.521,0.999544,0.00108832,0.00250195
513.75,0,278.792,279.061,281.376,238.089,-2.32156,-1.50139,0,327.343,208.549,138.521,0.999545,0.00108576,0.00281337
514.25,0,278.785,279.054,281.37,238.088,-2.33324,-1.51017,0,327.245,208.534,138.521,0.999546,0.00109211,0.00252358
514.75,0,278.779,279.048,281.364,238.088,-2.32825,-1.50564,0,327.245,208.534,138.521,0.999547,0.00108882,0.00281302
515.25,0,278.774,279.043,281.358,238.088,-2.32435,-1.50202,0,327.245,208.534,138.521,0.999548,0.0010862,0.00252285
515.75,0,278.769,279.037,281.353,238.087,-2.32056,-1.49852,0,327.245,208.534,138.521,0.999548,0.00108366,0.00281018
516.25,0,278.762,279.031,281.347,238.087,-2.3322,-1.50725,0,327.147,208.519,138.521,0.999549,0.00108997,0.00291665
516.75,0,278.756,279.025,281.341,238.087,-2.32723,-1.50274,0,327.147,208.519,138.521,0.99955,0.00108671,0.0037965
517.25,0,278.75,279.019,281.335,238.086,-2.32335,-1.49916,0,327.147,208.519,138.521,0.999551,0.00108411,0.00291404
517.75,0,278.745,279.013,281.329,238.086,-2.31957,-1.49567,0,327.147,208.519,138.521,0.999551,0.00108158,0.00379541
518.25,0,278.738,279.007,281.323,238.086,-2.33118,-1.50437,0,327.049,208.504,138.521,0.999552,0.00108787,0.00293098
518.75,0,278.732,279.001,281.317,238.085,-2.32623,-1.49989,0,327.049,208.504,138.521,0.999553,0.00108462,0.00379629
519.25,0,278.727,278.995,281.311,238.085,-2.32238,-1.49633,0,327.049,208.504,138.521,0.999554,0.00108204,0.00292911
519.75,0,278.722,278.99,281.306,238.085,-2.31862,-1.49287,0,327.049,208.504,138.521,0.999554,0.00107953,0.00379447
520.25,0,278.715,278.983,281.3,238.084,-2.33018,-1.50151,0,326.953,208.489,138.521,0.999555,0.00108578,0.00294663
520.75,0,278.709,278.978,281.294,238.084,-2.32526,-1.49707,0,326.953,208.489,138.521,0.999556,0.00108256,0.00379465
521.25,0,278.703,278.972,281.288,238.084,-2.32142,-1.49353,0,326.953,208.489,138.521,0.999557,0.00107999,0.00294542
521.75,0,278.698,278.966,281.282,238.084,-2.31769,-1.4901,0,326.953,208.489,138.521,0.999557,0.00107751,0.00379217
522.25,0,278.691,278.96,281.277,238.083,-2.32919,-1.49869,0,326.856,208.474,138.521,0.999558,0.00108371,0.00296345
522.75,0,278.686,278.954,281.271,238.083,-2.3243,-1.49427,0,326.856,208.474,138.521,0.999559,0.00108051,0.00379173
523.25,0,278.68,278.949,281.265,238.083,-2.32048,-1.49076,0,326.856,208.474,138.521,0.99956,0.00107797,0.00296282
523.75,0,278.675,278.943,281.259,238.082,-2.31677,-1.48735,0,326.856,208.474,138.521,0.99956,0.0010755,0.00378865
524.25,0,278.668,278.937,281.253,238.082,-2.32823,-1.49588,0,326.76,208.459,138.521,0.999561,0.00108166,0.0029813
524.75,0,278.662,278.931,281.248,238.082,-2.32336,-1.4915,0,326.76,208.459,138.521,0.999562,0.00107848,0.00378763
525.25,0,278.657,278.925,281.242,238.081,-2.31956,-1.48801,0,326.76,208.459,138.521,0.999563,0.00107596,0.00298122
525.75,0,278.652,278.92,281.236,238.081,-2.31587,-1.48462,0,326.76,208.459,138.521,0.999563,0.0010735,0.00378402
526.25,0,278.645,278.914,281.23,238.081,-2.32728,-1.49311,0,326.665,208.444,138.521,0.999564,0.00107963,0.0030001
526.75,0,278.639,278.908,281.225,238.08,-2.32243,-1.48875,0,326.665,208.444,138.521,0.999565,0.00107647,0.00378248
527.25,0,278.634,278.902,281.219,238.08,-2.31866,-1.48528,0,326.665,208.444,138.521,0.999566,0.00107396,0.00300051
527.75,0,278.629,278.897,281.213,238.08,-2.31498,-1.48192,0,326.665,208.444,138.521,0.999566,0.00107152,0.00377838
528.25,0,278.622,278.89,281.207,238.08,-2.32634,-1.49035,0,326.57,208.429,138.521,0.999567,0.00107762,0.00301973
528.75,0,278.616,278.885,281.202,238.079,-2.32152,-1.48603,0,326.57,208.429,138.521,0.999568,0.00107448,0.00377637
529.25,0,278.611,278.879,281.196,238.079,-2.31776,-1.48258,0,326.57,208.429,138.521,0.999569,0.00107199,0.00302058
529.75,0,278.606,278.874,281.19,238.079,-2.31411,-1.47924,0,326.57,208.429,138.521,0.999569,0.00106957,0.00377184
530.25,0,278.599,278.868,281.185,238.078,-2.32541,-1.48763,0,326.475,208.415,138.521,0.99957,0.00107562,0.0030401
530.75,0,278.594,278.862,281.179,238.078,-2.32062,-1.48333,0,326.475,208.415,138.521,0.999571,0.00107251,0.00376941
531.25,0,278.588,278.856,281.173,238.078,-2.31688,-1.47991,0,326.475,208.415,138.521,0.999572,0.00107003,0.00304133
531.75,0.00176758,278.595,278.857,281.168,238.077,-2.22946,-1.41186,0.564383,326.475,208.415,138.521,0.999565,0.00102083,0.00370334
532.25,0.00620022,278.622,278.869,281.162,238.077,-2.03882,-1.26501,1.97972,326.389,208.405,138.521,0.999543,0.000914661,0.00291597
532.75,0.0106327,278.661,278.889,281.156,238.077,-1.84558,-1.11394,3.39501,326.389,208.405,138.521,0.999515,0.000805449,0.00360768
533.25,0.015065,278.707,278.916,281.151,238.077,-1.65773,-0.96412,4.81024,326.389,208.405,138.521,0.999485,0.000697144,0.00285231
533.75,0.0194971,278.76,278.948,281.145,238.077,-1.47646,-0.811576,6.22537,326.389,208.405,138.521,0.999453,0.000586865,0.00354027
534.25,0.0239287,278.822,278.988,281.14,238.077,-1.31785,-0.636031,7.74339,326.47,208.473,138.521,0.99938,0.000460331,0.00257249
534.75,0.0283599,278.889,279.032,281.135,238.077,-1.12628,-0.48301,9.27444,326.47,208.473,138.521,0.999328,0.000353207,0.00344881
535.25,0.0327905,278.959,279.079,281.129,238.077,-0.923691,-0.340706,10.8053,326.47,208.473,138.521,0.999286,0.000257081,0.00255079
535.75,0.0372204,279.034,279.131,281.124,238.077,-0.713374,-0.208361,12.3359,326.47,208.473,138.521,0.999248,0.000171114,0.00335948
536.25,0.0416497,279.118,279.19,281.119,238.077,-0.509893,-0.0565328,13.8663,326.723,208.59,138.521,0.99909,7.75377e-05,0.00215787
536.75,0.0460781,279.203,279.252,281.114,238.077,-0.306817,0.0629338,15.3964,326.723,208.59,138.521,0.998862,1.775e-05,0.00321977
537.25,0.0505056,279.29,279.317,281.109,238.077,-0.128367,0.201962,16.9476,326.723,208.59,138.521,0.998489,0,0.0021553
537.75,0.0549321,279.379,279.384,281.105,238.077,0.099332,0.407628,18.6648,326.723,208.59,226.649,0.997821,0,0.00314854
538.25,0.0593575,279.472,279.464,281.1,238.077,0.574121,0.6743,20.3816,327.122,208.741,226.649,0.996733,0,0.00181279
538.75,0.0637818,279.566,279.547,281.097,238.078,0.847217,0.90686,22.0979,327.122,208.741,226.649,0.995672,0,0.00303089
539.25,0.0682048,279.649,279.621,281.092,238.078,1.29987,1.14236,23.8137,327.122,208.741,226.649,0.994588,0,0.00184266
539.75,0.0726265,279.736,279.701,281.088,238.078,1.73313,1.39219,25.529,327.122,208.741,226.649,0.993296,0,0.00296054
540.25,0.0770467,279.832,279.789,281.084,238.079,2.28941,1.69954,27.2438,327.707,208.9,226.649,0.9918,0,0.00150281
540.75,0.0814655,279.928,279.88,281.082,238.079,2.56719,1.97774,28.9579,327.707,208.9,226.649,0.990405,0,0.00280535
541.25,0.0858826,280.013,279.952,281.078,238.079,3.07816,2.14713,30.6715,327.707,208.9,226.649,0.99026,0,0.00155023
541.75,0.090298,280.093,280.025,281.075,238.08,3.73996,2.41601,32.3844,327.707,208.9,226.649,0.988769,0,0.00270617
542.25,0.0947117,280.183,280.104,281.071,238.08,4.48021,2.78685,34.0966,328.379,209.06,339.934,0.987097,0,0.00122946
542.75,0.0991235,280.27,280.186,281.07,238.081,4.8728,3.12352,35.8081,328.379,209.06,339.934,0.985429,0,0.00262643
543.25,0.103533,280.362,280.273,281.067,238.081,5.29002,3.46984,37.7326,328.379,209.06,339.934,0.983752,0,0.00125982
543.75,0.107941,280.457,280.362,281.066,238.082,5.70549,3.82181,39.7091,328.379,209.06,339.934,0.982067,0,0.00255097
544.25,0.112347,280.563,280.457,281.064,238.083,6.43509,4.23002,41.6848,329.143,209.227,339.934,0.980288,0,0.000961348
544.75,0.11675,280.652,280.529,281.064,238.083,7.28565,4.26489,43.6594,329.143,209.227,339.934,0.98163,0,0.00237533
545.25,0.121152,280.735,280.603,281.063,238.084,8.12589,4.61866,45.633,329.143,209.227,339.934,0.979853,0,0.000984248
545.75,0.12555,280.821,280.68,281.063,238.085,8.73583,5.03196,47.6056,329.143,209.227,339.934,0.978011,0,0.00225399
546.25,0.129947,280.915,280.762,281.064,238.085,9.609,5.50702,49.577,329.92,209.395,339.934,0.976058,0,0.000715779
546.75,0.134341,281.007,280.847,281.067,238.086,10.1245,5.94144,51.5473,329.92,209.395,490.937,0.974091,0,0.00218288
547.25,0.138732,281.101,280.935,281.069,238.087,10.574,6.36959,53.5164,329.92,209.395,490.937,0.972137,0,0.000743686
547.75,0.14312,281.197,281.025,281.073,238.088,10.9983,6.79632,55.4843,329.92,209.395,490.937,0.970203,0,0.002116
548.25,0.147506,281.302,281.118,281.077,238.089,11.7994,7.28787,57.4509,330.802,209.57,490.937,0.96823,0,0.000487739
548.75,0.151889,281.391,281.188,281.101,238.09,12.8105,7.16943,59.4163,330.802,209.57,490.937,0.970716,0,0.00194787
549.25,0.156268,281.473,281.26,281.126,238.09,13.6749,7.57717,61.3803,330.802,209.57,490.937,0.968883,0,0.000505142
549.75,0.160645,281.556,281.335,281.153,238.091,14.3208,8.03407,63.3429,330.802,209.57,490.937,0.967005,0,0.00177904
550.25,0.165019,281.648,281.413,281.183,238.092,15.272,8.55796,65.3041,331.65,209.741,490.937,0.965046,0,0.00028377
550.75,0.169389,281.736,281.494,281.214,238.093,15.8452,9.03358,67.2638,331.65,209.741,692.2,0.963068,0,0.0017232
551.25,0.173756,281.827,281.577,281.246,238.094,16.4546,9.5244,69.473,331.65,209.741,692.2,0.961065,0,0.000304892
551.75,0.178119,281.921,281.662,281.28,238.095,17.062,10.0254,71.7212,331.65,209.741,692.2,0.959038,0,0.0016684
552.25,0.182479,282.024,281.751,281.316,238.097,18.0611,10.6043,73.9676,332.576,209.916,692.2,0.956952,0,0.00011145
552.75,0.186836,282.12,281.828,281.369,238.098,18.9561,10.7491,76.2122,332.576,209.916,692.2,0.959573,0,0.0014988
553.25,0.191189,282.202,281.898,281.438,238.099,20.1504,10.955,78.4549,332.576,209.916,692.2,0.957716,0,0.000121277
553.75,0.195538,282.285,281.97,281.51,238.1,20.9901,11.4807,80.6957,332.576,209.916,692.2,0.9558,0,0.00133707
554.25,0.199883,282.377,282.045,281.585,238.101,22.1498,12.0821,82.9344,333.494,210.092,692.2,0.953797,0,2.16921e-06
554.75,0.204224,282.464,282.123,281.662,238.102,22.9021,12.63,85.1712,333.494,210.092,692.2,0.951756,0,0.00112185
555.25,0.208561,282.552,282.202,281.741,238.104,23.573,13.1752,87.4059,333.494,210.092,956.226,0.949694,0,5.92837e-05
555.75,0.212894,282.642,282.283,281.821,238.105,24.2104,13.7245,89.6385,333.494,210.092,956.226,0.947615,0,0.00108685
556.25,0.217223,282.74,282.367,281.904,238.106,25.2557,14.3567,91.8689,334.464,210.268,956.226,0.945493,0,0
556.75,0.221548,282.834,282.453,281.989,238.107,25.8958,14.9319,94.0971,334.464,210.268,956.226,0.943359,0,0.000786584
557.25,0.225868,282.923,282.522,282.058,238.109,26.9667,14.8967,96.3231,334.464,210.268,956.226,0.946274,0,0.000133372
557.75,0.230184,283.001,282.587,282.124,238.11,28.0986,15.2788,98.5468,334.464,210.268,956.226,0.944486,0,0.000668745
558.25,0.234496,283.087,282.656,282.192,238.112,29.3815,15.9084,100.768,335.44,210.446,956.226,0.942621,0,0
558.75,0.238802,283.167,282.725,282.261,238.113,30.218,16.4744,102.987,335.44,210.446,956.226,0.940718,0,0.000454907
559.25,0.243104,283.248,282.797,282.333,238.114,30.9632,17.0359,105.204,335.44,210.446,1308.03,0.938789,0,6.60827e-05
559.75,0.247402,283.331,282.87,282.405,238.116,31.6707,17.6011,107.418,335.44,210.446,1308.03,0.936838,0,0.000419963
560.25,0.251694,283.422,282.945,282.48,238.117,32.821,18.2596,109.742,336.387,210.613,1308.03,0.93484,0,0
560.75,0.255982,283.509,283.022,282.557,238.119,33.6594,18.8765,112.235,336.387,210.613,1308.03,0.932811,0,0.000262684
561.25,0.260264,283.598,283.1,282.635,238.121,34.4378,19.495,114.725,336.387,210.613,1308.03,0.930757,0,5.17685e-05
561.75,0.264542,283.684,283.167,282.702,238.122,35.5016,19.7379,117.212,336.387,210.613,1308.03,0.932402,0,0.000251802
562.25,0.268814,283.766,283.228,282.763,238.124,37.238,20.212,119.696,337.402,210.792,1308.03,0.930701,0,0
562.75,0.273081,283.842,283.291,282.826,238.125,38.3157,20.8174,122.178,337.402,210.792,1308.03,0.928953,0,0
563.25,0.277342,283.919,283.355,282.89,238.127,39.2778,21.4159,124.656,337.402,210.792,1759.97,0.927167,0,4.17235e-05
563.75,0.281598,283.997,283.421,282.956,238.129,40.1926,22.0187,127.13,337.402,210.792,1759.97,0.925347,0,0.000288606
564.25,0.285849,284.082,283.489,283.023,238.131,41.481,22.7076,129.602,338.325,210.956,1759.97,0.923477,0,0
564.75,0.290094,284.162,283.558,283.092,238.132,42.3857,23.3384,132.071,338.325,210.956,1759.97,0.921578,0,4.88488e-05
565.25,0.294333,284.244,283.628,283.163,238.134,43.2207,23.9682,134.536,338.325,210.956,1759.97,0.919655,0,9.54517e-05
565.75,0.298566,284.326,283.7,283.234,238.136,44.0282,24.6038,136.997,338.325,210.956,1759.97,0.917713,0,3.917e-05
566.25,0.302794,284.411,283.763,283.297,238.138,45.4046,25.216,139.456,339.346,211.128,1759.97,0.917175,0,0
566.75,0.307015,284.481,283.819,283.353,238.14,46.6627,25.7389,141.91,339.346,211.128,1759.97,0.915641,0,0
567.25,0.311231,284.551,283.876,283.41,238.141,47.7115,26.3334,144.362,339.346,211.128,1759.97,0.914072,0,0
567.75,0.31544,284.622,283.933,283.467,238.143,48.6967,26.9281,146.809,339.346,211.128,1759.97,0.912472,0,0
568.25,0.319644,284.699,283.993,283.527,238.145,50.0422,27.6076,149.254,340.253,211.287,1759.97,0.910827,0,0
568.75,0.323841,284.771,284.053,283.587,238.147,51.0108,28.2265,151.694,340.253,211.287,1759.97,0.909155,0,0
569.25,0.328031,284.845,284.115,283.649,238.149,51.9103,28.8433,154.131,340.253,211.287,1759.97,0.907458,0,0
569.75,0.332215,284.918,284.177,283.711,238.151,52.7824,29.4653,156.564,340.253,211.287,1759.97,0.905741,0,0
570.25,0.336393,284.999,284.241,283.775,238.153,54.0578,30.1786,158.993,341.214,211.448,1759.97,0.903989,0,0
570.75,0.340564,285.075,284.306,283.84,238.155,54.9435,30.8278,161.419,341.214,211.448,2361.86,0.902217,0,0
571.25,0.344728,285.148,284.372,283.905,238.158,55.5681,31.8674,163.84,341.214,211.448,2361.86,0.898222,0,0.0228412
571.75,0.348886,285.22,284.436,283.969,238.16,56.2455,32.728,166.258,341.214,211.448,2361.86,0.893759,0,0.00364998
572.25,0.353037,285.292,284.486,284.019,238.163,57.6408,33.7799,168.886,342.224,211.617,2361.86,0.892456,0,0
572.75,0.35718,285.359,284.538,284.071,238.165,58.889,34.4009,171.589,342.224,211.617,2361.86,0.891118,0,0
573.25,0.361317,285.426,284.59,284.123,238.167,60.0425,35.0158,174.287,342.224,211.617,2361.86,0.88975,0,0
573.75,0.365447,285.494,284.644,284.177,238.169,61.1582,35.6351,176.98,342.224,211.617,2361.86,0.888352,0,0
574.25,0.369569,285.568,284.698,284.231,238.171,62.6338,36.3417,179.669,343.109,211.77,3113.18,0.886915,0,0
574.75,0.373685,285.637,284.754,284.287,238.174,63.7486,36.9872,182.353,343.109,211.77,3113.18,0.88545,0,0
575.25,0.377792,285.707,284.811,284.343,238.176,64.7999,37.6315,185.032,343.109,211.77,3113.18,0.883962,0,0
575.75,0.381893,285.777,284.868,284.401,238.178,65.8263,38.2819,187.706,343.109,211.77,3113.18,0.88245,0,0
576.25,0.385986,285.854,284.927,284.459,238.181,67.2542,39.0269,190.376,344.068,211.93,3113.18,0.880905,0,0
576.75,0.390071,285.927,284.986,284.519,238.183,68.2965,39.7054,193.04,344.068,211.93,3113.18,0.879338,0,0
577.25,0.394149,285.999,285.047,284.579,238.186,69.2761,40.3822,195.7,344.068,211.93,3113.18,0.877752,0,0
577.75,0.398219,286.072,285.108,284.64,238.188,70.2334,41.0649,198.354,344.068,211.93,3113.18,0.876148,0,0
578.25,0.402281,286.153,285.17,284.702,238.19,71.6264,41.849,201.004,345.098,212.097,3113.18,0.874516,0,0
578.75,0.406335,286.228,285.233,284.765,238.193,72.6076,42.5605,203.648,345.098,212.097,3113.18,0.872866,0,0
579.25,0.410381,286.289,285.296,284.827,238.195,73.3795,43.6524,206.287,345.098,212.097,3113.18,0.859946,0,0.00123875
579.75,0.41442,286.351,285.344,284.876,238.198,73.4309,46.1837,208.92,345.098,212.097,3113.18,0.858796,0,0
580.25,0.41845,286.42,285.394,284.926,238.2,74.9444,46.8849,211.549,346.105,212.253,3113.18,0.857614,0,0
580.75,0.422471,286.484,285.445,284.976,238.203,76.0784,47.5188,214.172,346.105,212.253,3113.18,0.85641,0,0
581.25,0.426485,286.549,285.496,285.027,238.206,77.1465,48.1495,216.79,346.105,212.253,3113.18,0.855186,0,0
581.75,0.43049,286.613,285.548,285.079,238.208,78.1896,48.7847,219.402,346.105,212.253,3113.18,0.853942,0,0
582.25,0.434487,286.685,285.6,285.132,238.211,79.6248,49.5145,222.008,347.046,212.408,3113.18,0.852672,0,0
582.75,0.438475,286.751,285.654,285.185,238.214,80.6831,50.1748,224.61,347.046,212.408,3113.18,0.851382,0,0
583.25,0.442454,286.796,285.708,285.239,238.22,81.0341,52.2349,227.205,347.046,212.408,3113.18,0.834444,0,0.134173
583.75,0.446425,286.86,285.761,285.292,238.223,80.8607,54.6361,229.795,347.046,212.408,3113.18,0.833364,0,0
584.25,0.450387,286.931,285.816,285.347,238.226,82.1356,55.3275,232.379,347.894,212.577,3113.18,0.832253,0,0
584.75,0.454341,286.999,285.871,285.402,238.229,83.1228,55.9684,234.957,347.894,212.577,3113.18,0.831124,0,0
585.25,0.458285,287.067,285.927,285.458,238.231,84.0709,56.6108,237.53,347.894,212.577,3113.18,0.829978,0,0
585.75,0.46222,287.135,285.984,285.514,238.234,85.0064,57.2598,240.096,347.894,212.577,3113.18,0.828817,0,0
586.25,0.466146,287.2,286.041,285.571,238.238,86.2643,58.3365,242.657,348.946,212.739,3113.18,0.820125,0,0.0263656
586.75,0.470063,287.268,286.098,285.629,238.241,86.5111,60.2372,245.212,348.946,212.739,3113.18,0.817547,0,0.00533852
587.25,0.473971,287.327,286.145,285.676,238.243,87.3087,61.2359,247.76,348.946,212.739,3113.18,0.816337,0,0.000134602
587.75,0.47787,287.385,286.19,285.72,238.246,88.4394,61.8461,250.303,348.946,212.739,3113.18,0.815488,0,0
588.25,0.481759,287.449,286.235,285.765,238.249,89.9413,62.5304,252.84,349.882,212.894,3113.18,0.814615,0,0
588.75,0.485638,287.507,286.28,285.81,238.252,91.0574,63.1406,255.37,349.882,212.894,3113.18,0.813723,0,0
589.25,0.489508,287.566,286.326,285.856,238.255,92.1095,63.7458,257.894,349.882,212.894,3113.18,0.812816,0,0
589.75,0.493369,287.625,286.373,285.903,238.258,93.1378,64.3545,260.412,349.882,212.894,3113.18,0.811893,0,0
590.25,0.49722,287.69,286.42,285.95,238.261,94.5387,65.056,262.923,350.78,213.043,3113.18,0.81095,0,0
590.75,0.501061,287.751,286.468,285.998,238.264,95.6119,65.693,265.494,350.78,213.043,3113.18,0.80999,0,0
591.25,0.504892,287.813,286.516,286.046,238.267,96.709,66.3439,268.232,350.78,213.043,3113.18,0.809015,0,0
591.75,0.508713,287.875,286.565,286.095,238.27,97.7961,67.0016,270.962,350.78,213.043,3113.18,0.808023,0,0
592.25,0.512524,287.943,286.615,286.144,238.273,99.2668,67.756,273.685,351.694,213.198,3113.18,0.807011,0,0
592.75,0.516325,288.006,286.665,286.194,238.276,100.376,68.4387,276.401,351.694,213.198,3113.18,0.805983,0,0
593.25,0.520117,288.07,286.716,286.245,238.279,101.431,69.1187,279.109,351.694,213.198,3113.18,0.80494,0,0
593.75,0.523897,288.133,286.767,286.296,238.282,102.466,69.8035,281.81,351.694,213.198,3113.18,0.803884,0,0
594.25,0.527668,288.203,286.819,286.348,238.286,103.904,70.5897,284.504,352.655,213.36,3113.18,0.802808,0,0
594.75,0.531428,288.268,286.871,286.4,238.289,104.963,71.2996,287.191,352.655,213.36,3113.18,0.801719,0,0
595.25,0.535178,288.333,286.924,286.453,238.292,105.965,72.0061,289.87,352.655,213.36,3113.18,0.800618,0,0
595.75,0.538917,288.399,286.978,286.507,238.295,106.948,72.7171,292.541,352.655,213.36,3113.18,0.799504,0,0
596.25,0.542645,288.47,287.032,286.561,238.299,108.354,73.5346,295.205,353.662,213.526,3113.18,0.798374,0,0
596.75,0.546363,288.537,287.086,286.615,238.302,109.363,74.2712,297.862,353.662,213.526,3113.18,0.797231,0,0
597.25,0.550071,288.603,287.141,286.67,238.305,110.315,75.0038,300.51,353.662,213.526,3113.18,0.796078,0,0
597.75,0.553767,288.67,287.197,286.726,238.309,111.247,75.7408,303.151,353.662,213.526,3113.18,0.794915,0,0
598.25,0.557453,288.744,287.253,286.782,238.312,112.622,76.5891,305.785,354.712,213.696,3113.18,0.793737,0,0
598.75,0.561127,288.811,287.31,286.838,238.315,113.584,77.3519,308.41,354.712,213.696,3113.18,0.792548,0,0
599.25,0.564791,288.879,287.367,286.895,238.319,114.486,78.1102,311.027,354.712,213.696,3113.18,0.791351,0,0
599.75,0.568443,288.948,287.425,286.953,238.322,115.37,78.8726,313.637,354.712,213.696,3113.18,0.790145,0,0
600.25,0.572084,289.023,287.483,287.011,238.326,116.707,79.7499,316.238,355.79,213.873,3113.18,0.788926,0,0
600.75,0.575714,289.092,287.541,287.07,238.329,117.621,80.5383,318.832,355.79,213.873,3113.18,0.787698,0,0
601.25,0.579333,289.161,287.601,287.129,238.333,118.475,81.3218,321.417,355.79,213.873,3113.18,0.786463,0,0
601.75,0.58294,289.231,287.66,287.188,238.336,119.311,82.1093,323.995,355.79,213.873,3113.18,0.785222,0,0
602.25,0.586536,289.307,287.72,287.248,238.34,120.618,83.0165,326.564,356.909,214.053,3113.18,0.783968,0,0
602.75,0.590121,289.378,287.781,287.308,238.343,121.487,83.8303,329.125,356.909,214.053,3113.18,0.782708,0,0
603.25,0.593693,289.449,287.842,287.369,238.347,122.294,84.6385,331.677,356.909,214.053,3113.18,0.781442,0,0
603.75,0.597255,289.52,287.903,287.431,238.35,123.082,85.4504,334.222,356.909,214.053,3113.18,0.780171,0,0
604.25,0.600804,289.598,287.965,287.493,238.354,124.361,86.3873,336.758,358.069,214.237,3113.18,0.778889,0,0
604.75,0.604341,289.669,288.028,287.555,238.358,125.184,87.2258,339.285,358.069,214.237,3113.18,0.777603,0,0
605.25,0.607867,289.741,288.09,287.618,238.361,125.945,88.0582,341.804,358.069,214.237,3113.18,0.776312,0,0
605.75,0.611381,289.813,288.154,287.681,238.365,126.687,88.8941,344.315,358.069,214.237,3113.18,0.775017,0,0
606.25,0.614883,289.893,288.217,287.744,238.369,127.937,89.8601,346.816,359.269,214.425,3113.18,0.773714,0,0
606.75,0.618372,289.966,288.281,287.808,238.373,128.716,90.7228,349.31,359.269,214.425,3113.18,0.772406,0,0
607.25,0.62185,290.039,288.346,287.873,238.376,129.431,91.5788,351.794,359.269,214.425,3113.18,0.771096,0,0
607.75,0.625315,290.112,288.411,287.937,238.38,130.128,92.4382,354.27,359.269,214.425,3113.18,0.769783,0,0
608.25,0.628768,290.193,288.476,288.003,238.384,131.349,93.4327,356.737,360.509,214.617,3113.18,0.768464,0,0
608.75,0.632209,290.267,288.542,288.068,238.388,132.085,94.3191,359.195,360.509,214.617,3113.18,0.767141,0,0
609.25,0.635637,290.341,288.608,288.134,238.391,132.756,95.1981,361.645,360.509,214.617,3113.18,0.765817,0,0
609.75,0.639053,290.415,288.674,288.201,238.395,133.409,96.0802,364.085,360.509,214.617,3113.18,0.764492,0,0
610.25,0.642456,290.497,288.741,288.267,238.399,134.601,97.1028,366.516,361.787,214.812,3113.18,0.763161,0,0
610.75,0.645846,290.572,288.809,288.335,238.403,135.294,98.0122,368.939,361.787,214.812,3113.18,0.761828,0,0
611.25,0.649224,290.648,288.876,288.402,238.407,135.921,98.9136,371.352,361.787,214.812,3113.18,0.760495,0,0
611.75,0.652589,290.724,288.944,288.47,238.411,136.581,99.8302,373.873,361.787,214.812,3113.18,0.759161,0,0
612.25,0.655941,290.808,289.013,288.538,238.415,137.817,100.898,376.42,363.103,215.01,3113.18,0.757822,0,0
612.75,0.659281,290.885,289.082,288.607,238.419,138.542,101.849,378.956,363.103,215.01,3113.18,0.756481,0,0
613.25,0.662607,290.962,289.151,288.676,238.422,139.2,102.792,381.483,363.103,215.01,3113.18,0.755139,0,0
613.75,0.665921,291.039,289.22,288.746,238.426,139.839,103.738,383.999,363.103,215.01,3113.18,0.753798,0,0
614.25,0.669221,291.124,289.29,288.816,238.43,141.049,104.837,386.506,364.457,215.213,4016.82,0.752451,0,0
614.75,0.672508,291.202,289.361,288.886,238.434,141.731,105.812,389.003,364.457,215.213,4016.82,0.751104,0,0
615.25,0.675782,291.28,289.432,288.956,238.438,142.344,106.779,391.49,364.457,215.213,4016.82,0.749758,0,0
615.75,0.679043,291.359,289.503,289.027,238.442,142.938,107.748,393.966,364.457,215.213,4016.82,0.748413,0,0
616.25,0.68229,291.445,289.574,289.099,238.446,144.119,108.875,396.433,365.85,215.419,4016.82,0.747065,0,0
616.75,0.685524,291.524,289.646,289.17,238.451,144.757,109.874,398.889,365.85,215.419,4016.82,0.745717,0,0
617.25,0.688745,291.603,289.718,289.242,238.455,145.325,110.863,401.335,365.85,215.419,4016.82,0.74437,0,0
617.75,0.691952,291.682,289.79,289.315,238.459,145.874,111.854,403.771,365.85,215.419,4016.82,0.743026,0,0
618.25,0.695145,291.769,289.863,289.388,238.463,147.025,113.009,406.197,367.28,215.627,4016.82,0.74168,0,0
618.75,0.698325,291.849,289.937,289.461,238.467,147.62,114.03,408.612,367.28,215.627,5273.21,0.740335,0,0
619.25,0.701491,291.929,290.01,289.534,238.471,148.143,115.041,411.017,367.28,215.627,5273.21,0.738993,0,0
619.75,0.704643,292.009,290.084,289.608,238.475,148.647,116.054,413.411,367.28,215.627,5273.21,0.737654,0,0
620.25,0.707781,292.097,290.158,289.682,238.479,149.769,117.236,415.795,368.746,215.839,5273.21,0.736314,0,0
620.75,0.710905,292.178,290.232,289.756,238.483,150.321,118.279,418.168,368.746,215.839,5273.21,0.734977,0,0
621.25,0.714016,292.19,290.299,289.823,238.531,148.762,123.812,420.53,368.746,215.839,3113.18,0.695066,0,1.42209
621.75,0.717112,292.262,290.372,289.895,238.544,145.694,130.378,422.882,368.746,215.839,3113.18,0.69426,0,0.338465
622.25,0.720195,292.343,290.445,289.968,238.546,146.177,131.294,425.223,369.283,216.346,3113.18,0.693437,0,0
622.75,0.723263,292.422,290.518,290.041,238.548,146.608,132.21,427.554,369.283,216.346,3113.18,0.692614,0,0
623.25,0.726317,292.501,290.591,290.114,238.55,147.053,133.137,429.874,369.283,216.346,3113.18,0.691789,0,0
623.75,0.729357,292.58,290.665,290.188,238.552,147.504,134.073,432.182,369.283,216.346,4016.82,0.690964,0,0
624.25,0.732382,292.668,290.739,290.262,238.554,148.588,135.185,434.48,370.753,216.516,5273.21,0.690137,0,0
624.75,0.735393,292.748,290.814,290.336,238.557,149.109,136.156,436.767,370.753,216.516,5273.21,0.689308,0,0
625.25,0.738389,292.828,290.888,290.411,238.559,149.562,137.117,439.043,370.753,216.516,5273.21,0.688479,0,0
625.75,0.741371,292.909,290.963,290.485,238.562,150,138.081,441.308,370.753,216.516,5273.21,0.687648,0,0
626.25,0.744339,292.997,291.038,290.56,238.564,151.073,139.226,443.562,372.262,216.696,5273.21,0.686816,0,0
626.75,0.747292,293.078,291.114,290.636,238.567,151.564,140.222,445.805,372.262,216.696,5273.21,0.685983,0,0
627.25,0.75023,293.159,291.189,290.711,238.57,151.983,141.205,448.037,372.262,216.696,7026.68,0.68515,0,0
627.75,0.753153,293.24,291.265,290.787,238.573,152.383,142.191,450.257,372.262,216.696,7026.68,0.684316,0,0
628.25,0.756062,293.24,291.323,290.845,238.603,147.876,154.585,452.467,373.81,216.884,3113.18,0.642174,0,0.898328
628.75,0.758956,293.315,291.396,290.918,238.617,147.567,155.608,454.665,373.81,216.884,5273.21,0.641897,0,0.39583
629.25,0.761834,293.393,291.47,290.992,238.618,147.836,156.429,456.851,373.81,216.884,5273.21,0.641616,0,0
629.75,0.764698,293.472,291.544,291.065,238.62,148.195,157.282,459.027,373.81,216.884,5273.21,0.641329,0,0
630.25,0.767547,293.555,291.619,291.14,238.621,148.906,158.24,461.19,374.575,217.211,7026.68,0.64102,0,0
630.75,0.770381,293.635,291.693,291.215,238.623,149.322,159.135,463.343,374.575,217.211,7026.68,0.640705,0,0
631.25,0.7732,293.715,291.768,291.289,238.625,149.708,160.029,465.484,374.575,217.211,7026.68,0.640385,0,0
631.75,0.776003,293.733,291.837,291.358,238.642,148.506,164.501,467.613,374.575,217.211,3113.18,0.606692,0,0.497534
632.25,0.778791,293.812,291.911,291.432,238.643,145.859,171.386,469.731,375.953,217.386,7026.68,0.606789,0,0
632.75,0.781564,293.89,291.985,291.505,238.644,146.081,172.141,471.837,375.953,217.386,7026.68,0.606878,0,0
633.25,0.784322,293.968,292.058,291.579,238.646,146.416,172.935,473.932,375.953,217.386,7026.68,0.606959,0,0
633.75,0.787064,294.008,292.127,291.647,238.655,145.911,175.771,476.014,375.953,217.386,9270.94,0.586541,0,0.257749
634.25,0.78979,294.089,292.2,291.72,238.662,144.591,180.586,478.085,377.407,217.506,9270.94,0.586862,0,0.182452
634.75,0.792502,294.167,292.273,291.793,238.679,144.887,181.322,480.145,377.407,217.506,9270.94,0.574996,0,0.527578
635.25,0.795197,294.22,292.346,291.866,238.68,143.416,185.64,482.192,377.407,217.506,9270.94,0.575427,0,0
635.75,0.797877,294.262,292.399,291.919,238.698,141.969,189.824,484.228,377.407,217.506,9270.94,0.553057,0,0.551729
636.25,0.800541,294.293,292.437,291.957,238.702,141.75,193.41,486.268,378.205,217.829,9270.94,0.554241,0,0.137989
636.75,0.80319,294.342,292.474,291.994,238.729,142.626,193.669,488.362,378.205,217.829,7026.68,0.555432,0,0.884984
637.25,0.805823,294.391,292.511,292.031,238.728,143.628,193.969,490.443,378.205,217.829,7026.68,0.556615,0,0
637.75,0.80844,294.44,292.549,292.069,238.727,144.633,194.273,492.511,378.205,217.829,7026.68,0.55779,0,0
638.25,0.811041,294.491,292.586,292.106,238.726,145.789,194.624,494.568,378.572,218.134,7026.68,0.558966,0,0
638.75,0.813626,294.541,292.623,292.143,238.726,146.801,194.931,496.611,378.572,218.134,7026.68,0.560135,0,0
639.25,0.816195,294.589,292.649,292.169,238.738,147.787,195.234,498.642,378.572,218.134,7026.68,0.543482,0,0.409391
639.75,0.818748,294.594,292.686,292.205,238.737,146.284,200.797,500.66,378.572,218.134,7026.68,0.544778,0,0
640.25,0.821285,294.644,292.723,292.242,238.736,147.114,201.013,502.666,379.17,218.188,7026.68,0.546071,0,0
640.75,0.823806,294.691,292.759,292.279,238.736,148.033,201.259,504.658,379.17,218.188,7026.68,0.547355,0,0
641.25,0.82631,294.739,292.796,292.316,238.735,148.962,201.511,506.638,379.17,218.188,9270.94,0.548631,0,0
641.75,0.828799,294.787,292.812,292.331,238.741,149.894,201.766,508.605,379.17,218.188,9270.94,0.530807,0,0.210424
642.25,0.831271,294.784,292.849,292.368,238.755,148.678,207.781,510.559,379.954,218.202,9270.94,0.532207,0,0.467445
642.75,0.833727,294.83,292.881,292.4,238.756,149.153,207.861,512.501,379.954,218.202,9270.94,0.52227,0,0.0732908
643.25,0.836166,294.851,292.917,292.436,238.755,148.319,211.456,514.429,379.954,218.202,9270.94,0.523742,0,0
643.75,0.838589,294.897,292.932,292.451,238.757,148.983,211.564,516.344,379.954,218.202,9270.94,0.523789,0,0.0989649
644.25,0.840996,294.926,292.968,292.487,238.756,150.326,212.136,518.247,380.431,218.314,9270.94,0.525261,0,0
644.75,0.843386,294.972,292.992,292.511,238.759,151.048,212.272,520.136,380.431,218.314,9270.94,0.524677,0,0.114233
645.25,0.845759,295.005,293.028,292.547,238.758,151.88,213.016,522.012,380.431,218.314,9270.94,0.526144,0,0
645.75,0.848116,295.051,293.057,292.576,238.761,152.622,213.161,523.875,380.431,218.314,9270.94,0.525208,0,0.123835
646.25,0.850456,295.092,293.093,292.612,238.775,153.678,214.16,525.725,381.376,218.37,9270.94,0.526674,0,0.481091
646.75,0.852779,295.138,293.11,292.629,238.795,154.485,214.326,527.562,381.376,218.37,7026.68,0.518116,0,0.680497
647.25,0.855086,295.149,293.122,292.641,238.794,154.236,217.474,529.385,381.376,218.37,7026.68,0.51971,0,0.0344847
647.75,0.857376,295.176,293.146,292.664,238.794,155.343,217.406,531.195,381.376,218.37,9270.94,0.52062,0,0.0496727
648.25,0.859649,295.209,293.175,292.693,238.794,156.183,217.628,532.992,381.387,218.653,9270.94,0.521139,0,0.0585132
648.75,0.861905,295.247,293.207,292.725,238.794,156.879,218.012,534.776,381.387,218.653,9270.94,0.521438,0,0.0637863
649.25,0.864144,295.287,293.241,292.759,238.794,157.501,218.491,536.546,381.387,218.653,9270.94,0.521613,0,0.0670365
649.75,0.866367,295.328,293.261,292.78,238.821,158.086,219.024,538.302,381.387,218.653,5273.21,0.496219,0,0.905154
650.25,0.868572,295.305,293.269,292.788,238.833,154.803,227.331,540.045,381.098,218.825,7026.68,0.498166,0,0.488478
650.75,0.87076,295.327,293.278,292.796,238.83,155.707,227.015,541.775,381.098,218.825,7026.68,0.500114,0,0
651.25,0.872931,295.349,293.286,292.805,238.827,156.91,226.801,543.491,381.098,218.825,7026.68,0.502049,0,0
651.75,0.875085,295.372,293.295,292.813,238.824,158.132,226.598,545.194,381.098,218.825,7026.68,0.50397,0,0
652.25,0.877222,295.398,293.303,292.822,238.822,159.54,226.458,546.883,381.538,218.862,7026.68,0.505883,0,0
652.75,0.879341,295.421,293.312,292.831,238.819,160.772,226.269,548.558,381.538,218.862,9270.94,0.507783,0,0
653.25,0.881443,295.444,293.321,292.84,238.817,161.975,226.079,550.22,381.538,218.862,9270.94,0.50967,0,0
653.75,0.883528,295.467,293.331,292.849,238.815,163.162,225.89,551.868,381.538,218.862,9270.94,0.511544,0,0
654.25,0.885595,295.495,293.34,292.859,238.813,164.665,225.814,553.503,382.338,218.799,9270.94,0.513407,0,0
654.75,0.887646,295.518,293.35,292.869,238.811,165.866,225.642,555.123,382.338,218.799,9270.94,0.515257,0,0
655.25,0.889678,295.542,293.36,292.879,238.81,167.022,225.462,556.73,382.338,218.799,9270.94,0.517095,0,0.0112069
655.75,0.891693,295.565,293.356,292.874,238.836,168.16,225.284,558.323,382.338,218.799,5273.21,0.495393,0,0.913728
656.25,0.893691,295.527,293.366,292.884,238.854,165.684,232.27,559.902,381.929,218.914,7026.68,0.497321,0,0.678219
656.75,0.895671,295.548,293.376,292.894,238.888,166.249,231.883,561.467,381.929,218.914,7026.68,0.499243,0,1.20902
657.25,0.897634,295.571,293.386,292.905,238.884,167.248,231.636,563.019,381.929,218.914,7026.68,0.501154,0,0
657.75,0.899578,295.593,293.397,292.915,238.879,168.294,231.409,564.556,381.929,218.914,7026.68,0.503054,0,0
658.25,0.901506,295.615,293.407,292.925,238.875,169.318,231.169,566.079,381.82,219.332,7026.68,0.504955,0,0
658.75,0.903415,295.638,293.417,292.935,238.871,170.379,230.947,567.589,381.82,219.332,7026.68,0.506844,0,0
659.25,0.905307,295.661,293.427,292.946,238.867,171.438,230.73,569.084,381.82,219.332,9270.94,0.508722,0,0
659.75,0.907181,295.683,293.438,292.956,238.863,172.49,230.517,570.565,381.82,219.332,9270.94,0.510589,0,0
660.25,0.909037,295.711,293.449,292.967,238.86,173.882,230.421,572.033,382.661,219.239,9270.94,0.512446,0,0
660.75,0.910875,295.734,293.459,292.978,238.857,174.959,230.225,573.486,382.661,219.239,9270.94,0.514292,0,0
661.25,0.912695,295.757,293.46,292.978,238.881,175.993,230.021,574.925,382.661,219.239,5273.21,0.494432,0,0.873349
661.75,0.914498,295.727,293.47,292.989,238.877,173.786,236.515,576.349,382.661,219.239,9270.94,0.496375,0,0
662.25,0.916282,295.745,293.481,292.999,238.873,174.109,236.055,577.76,382.133,219.273,9270.94,0.498305,0,0
662.75,0.918049,295.767,293.492,293.01,238.869,174.999,235.778,579.156,382.133,219.273,9270.94,0.500223,0,0
663.25,0.919797,295.789,293.503,293.021,238.866,175.949,235.524,580.538,382.133,219.273,9270.94,0.502131,0,0.00609793
663.75,0.921527,295.811,293.514,293.032,238.864,176.924,235.282,581.935,382.133,219.273,9270.94,0.504028,0,0.0290207
664.25,0.923239,295.838,293.525,293.043,238.861,178.25,235.159,583.32,382.973,219.193,9270.94,0.505917,0,0.0100791
664.75,0.924934,295.861,293.536,293.054,238.859,179.266,234.939,584.691,382.973,219.193,9270.94,0.507795,0,0.0241747
665.25,0.926609,295.883,293.547,293.066,238.856,180.243,234.711,586.047,382.973,219.193,9270.94,0.509662,0,0.0123457
665.75,0.928267,295.906,293.559,293.077,238.854,181.208,234.484,587.388,382.973,219.193,9270.94,0.511518,0,0.0208688
666.25,0.929907,295.933,293.57,293.088,238.852,182.51,234.374,588.715,383.816,219.139,9270.94,0.513366,0,0.0133823
666.75,0.931528,295.956,293.565,293.083,238.873,183.497,234.162,590.026,383.816,219.139,9270.94,0.488116,0,0.741453
667.25,0.933131,295.909,293.576,293.094,238.893,180.494,242.33,591.323,383.816,219.139,7026.68,0.490093,0,0.762901
667.75,0.934715,295.929,293.586,293.104,238.889,180.826,241.859,592.606,383.816,219.139,7026.68,0.492067,0,0
668.25,0.936281,295.945,293.598,293.116,238.885,181.273,241.435,593.873,382.951,219.344,7026.68,0.494019,0,0
668.75,0.937829,295.967,293.609,293.127,238.882,182.096,241.134,595.125,382.951,219.344,7026.68,0.495961,0,0
669.25,0.939359,295.988,293.62,293.138,238.878,182.969,240.854,596.363,382.951,219.344,9270.94,0.497892,0,0
669.75,0.940869,296.01,293.632,293.15,238.875,183.849,240.58,597.585,382.951,219.344,9270.94,0.499814,0,0
670.25,0.942362,296.036,293.643,293.161,238.872,185.091,240.428,598.793,383.824,219.248,9270.94,0.501728,0,0
670.75,0.943836,296.058,293.643,293.161,238.888,186.011,240.173,599.985,383.824,219.248,9270.94,0.484196,0,0.629167
671.25,0.945291,296.031,293.655,293.173,238.885,184.027,245.956,601.163,383.824,219.248,9270.94,0.486197,0,0
671.75,0.946728,296.051,293.666,293.184,238.881,184.472,245.514,602.325,383.824,219.248,9270.94,0.488193,0,0
672.25,0.948146,296.071,293.677,293.195,238.878,185.225,245.181,603.473,383.761,219.229,9270.94,0.49017,0,0
672.75,0.949546,296.092,293.688,293.206,238.875,186.041,244.871,604.605,383.761,219.229,9270.94,0.492137,0,0
673.25,0.950926,296.114,293.7,293.218,238.872,186.869,244.568,605.723,383.761,219.229,9270.94,0.494094,0,0
673.75,0.952289,296.135,293.712,293.229,238.87,187.697,244.27,606.825,383.761,219.229,9270.94,0.496041,0,0
674.25,0.953632,296.161,293.723,293.241,238.868,188.886,244.094,607.912,384.64,219.139,9270.94,0.497981,0,0.0211637
674.75,0.954957,296.182,293.734,293.252,238.889,189.749,243.812,608.984,384.64,219.139,9270.94,0.489472,0,0.780802
675.25,0.956263,296.181,293.746,293.263,238.909,188.887,246.821,610.04,384.64,219.139,7026.68,0.491441,0,0.758396
675.75,0.95755,296.201,293.757,293.275,238.943,189.513,246.445,611.082,384.64,219.139,7026.68,0.493415,0,1.20618
676.25,0.958818,296.217,293.768,293.286,238.937,189.95,246.011,612.108,383.834,219.82,7026.68,0.495386,0,0
676.75,0.960068,296.237,293.779,293.297,238.932,190.702,245.676,613.119,383.834,219.82,7026.68,0.497347,0,0
677.25,0.961299,296.258,293.79,293.308,238.927,191.482,245.353,614.115,383.834,219.82,9270.94,0.499298,0,0
677.75,0.96251,296.278,293.802,293.319,238.923,192.26,245.033,615.096,383.834,219.82,9270.94,0.50124,0,0
678.25,0.963703,296.303,293.809,293.326,238.938,193.404,244.836,616.061,384.727,219.695,9270.94,0.483478,0,0.618075
678.75,0.964877,296.279,293.819,293.337,238.933,191.105,250.758,617.011,384.727,219.695,9270.94,0.485514,0,0
679.25,0.966032,296.297,293.83,293.347,238.928,191.504,250.277,617.945,384.727,219.695,9270.94,0.487547,0,0
679.75,0.967168,296.316,293.84,293.358,238.923,192.205,249.894,618.864,384.727,219.695,9270.94,0.48957,0,0
680.25,0.968285,296.335,293.851,293.369,238.919,192.901,249.52,619.768,384.661,219.649,9270.94,0.491575,0,0
680.75,0.969383,296.354,293.862,293.379,238.915,193.628,249.16,620.657,384.661,219.649,9270.94,0.49357,0,0
681.25,0.970462,296.374,293.873,293.39,238.911,194.357,248.805,621.53,384.661,219.649,9270.94,0.495555,0,0
681.75,0.971522,296.393,293.884,293.401,238.907,195.081,248.451,622.387,384.661,219.649,9270.94,0.497531,0,0
682.25,0.972563,296.417,293.882,293.4,238.928,196.171,248.22,623.229,385.555,219.537,9270.94,0.489541,0,0.774446
682.75,0.973584,296.406,293.893,293.41,238.925,195.605,250.98,624.056,385.555,219.537,9270.94,0.491551,0,0.0625092
683.25,0.974587,296.424,293.904,293.421,238.921,196.049,250.526,624.867,385.555,219.537,9270.94,0.493554,0,0
683.75,0.97557,296.443,293.914,293.432,238.918,196.7,250.14,625.663,385.555,219.537,9270.94,0.495548,0,0.0345512
684.25,0.976535,296.46,293.925,293.443,238.915,197.307,249.746,626.443,385.41,219.609,9270.94,0.497532,0,0.0131781
684.75,0.97748,296.479,293.936,293.454,238.912,197.971,249.371,627.208,385.41,219.609,9270.94,0.499506,0,0.0292121
685.25,0.978405,296.498,293.947,293.465,238.909,198.637,249.001,627.957,385.41,219.609,9270.94,0.501471,0,0.0155369
685.75,0.979312,296.516,293.94,293.457,238.922,199.297,248.631,628.69,385.41,219.609,9270.94,0.478741,0,0.528992
686.25,0.980199,296.468,293.95,293.468,238.945,196.235,256.024,629.408,385.184,219.554,7026.68,0.480807,0,0.882816
686.75,0.981068,296.484,293.961,293.479,238.941,196.292,255.423,630.111,385.184,219.554,7026.68,0.48287,0,0
687.25,0.981916,296.502,293.972,293.489,238.936,196.824,254.976,630.798,385.184,219.554,7026.68,0.484925,0,0
687.75,0.982746,296.519,293.982,293.5,238.932,197.411,254.548,631.469,385.184,219.554,9270.94,0.48697,0,0
688.25,0.983556,296.539,293.991,293.508,238.938,198.189,254.171,632.124,385.563,219.666,9270.94,0.472613,0,0.34924
688.75,0.984347,296.521,294.001,293.518,238.934,196.161,259.002,632.764,385.563,219.666,9270.94,0.474735,0,0
689.25,0.985119,296.537,294.01,293.528,238.93,196.483,258.448,633.389,385.563,219.666,9270.94,0.476858,0,0
689.75,0.985871,296.553,294.02,293.537,238.926,197.051,257.975,633.997,385.563,219.666,9270.94,0.478972,0,0
690.25,0.986604,296.571,294.03,293.547,238.922,197.736,257.547,634.59,385.79,219.544,9270.94,0.481068,0,0
690.75,0.987317,296.588,294.022,293.539,238.933,198.341,257.098,635.167,385.79,219.544,9270.94,0.477499,0,0.474816
691.25,0.988011,296.579,294.032,293.549,238.929,198.436,258.356,635.729,385.79,219.544,9270.94,0.479599,0,0
691.75,0.988686,296.595,294.042,293.559,238.925,198.792,257.828,636.275,385.79,219.544,9270.94,0.481692,0,0
692.25,0.989341,296.614,294.052,293.569,238.921,199.486,257.414,636.805,386.177,219.531,9270.94,0.483775,0,0
692.75,0.989977,296.63,294.062,293.579,238.918,200.059,256.961,637.319,386.177,219.531,9270.94,0.485849,0,0
693.25,0.990593,296.647,294.072,293.589,238.915,200.619,256.507,637.818,386.177,219.531,12021.5,0.487914,0,0.028882
693.75,0.99119,296.663,294.07,293.587,238.931,201.174,256.053,638.301,386.177,219.531,12021.5,0.482441,0,0.618319
694.25,0.991767,296.656,294.08,293.597,238.954,200.883,257.991,638.768,386.454,219.587,7026.68,0.484523,0,0.853303
694.75,0.992325,296.671,294.09,293.607,238.988,201.213,257.459,639.219,386.454,219.587,9270.94,0.486597,0,1.25365
695.25,0.992863,296.687,294.1,293.617,238.981,201.708,256.982,639.655,386.454,219.587,9270.94,0.488663,0,0
695.75,0.993382,296.703,294.11,293.627,238.976,202.218,256.512,640.075,386.454,219.587,9270.94,0.49072,0,0
696.25,0.993882,296.718,294.11,293.628,238.983,202.674,256.017,640.479,386.294,220.071,9270.94,0.475346,0,0.422477
696.75,0.994361,296.69,294.119,293.636,238.977,200.522,261.105,640.867,386.294,220.071,9270.94,0.477493,0,0
697.25,0.994822,296.703,294.128,293.645,238.972,200.661,260.468,641.24,386.294,220.071,9270.94,0.479636,0,0
697.75,0.995262,296.717,294.137,293.654,238.966,201.105,259.932,641.596,386.294,220.071,9270.94,0.481769,0,0
698.25,0.995684,296.732,294.146,293.663,238.961,201.609,259.421,641.937,386.366,219.937,9270.94,0.483886,0,0
698.75,0.996085,296.747,294.151,293.669,238.972,202.092,258.909,642.262,386.366,219.937,9270.94,0.479265,0,0.524394
699.25,0.996467,296.745,294.16,293.677,238.97,201.539,260.553,642.571,386.366,219.937,9270.94,0.481399,0,0.107632
699.75,0.99683,296.758,294.169,293.686,238.965,201.875,259.982,642.864,386.366,219.937,9270.94,0.483526,0,0
700.25,0.997173,296.773,294.178,293.695,238.961,202.37,259.465,643.142,386.474,219.924,9270.94,0.485645,0,0.0114257
700.75,0.997496,296.787,294.186,293.703,238.957,202.835,258.94,643.404,386.474,219.924,9270.94,0.487755,0,0.0377233
701.25,0.9978,296.801,294.194,293.711,238.96,203.294,258.416,643.649,386.474,219.924,9270.94,0.467795,0,0.24542
701.75,0.998084,296.768,294.202,293.719,238.956,200.1,265.034,643.879,386.474,219.924,9270.94,0.469995,0,0.0322308
702.25,0.998348,296.78,294.209,293.727,238.952,200.183,264.338,644.093,386.539,219.738,9270.94,0.472196,0,0.0180402
702.75,0.998593,296.793,294.21,293.727,238.958,200.565,263.745,644.291,386.539,219.738,9270.94,0.47069,0,0.333825
703.25,0.998818,296.792,294.218,293.735,238.984,200.539,264.32,644.473,386.539,219.738,7026.68,0.472889,0,0.988308
703.75,0.999024,296.805,294.226,293.743,238.978,200.845,263.703,644.64,386.539,219.738,7026.68,0.475079,0,0
704.25,0.99921,296.817,294.234,293.751,238.973,201.24,263.114,644.79,386.513,219.988,9270.94,0.477265,0,0
704.75,0.999376,296.829,294.218,293.735,238.973,201.655,262.532,644.925,386.513,219.988,9270.94,0.465621,0,0.174881
705.25,0.999523,296.795,294.226,293.743,238.968,200.338,266.286,645.044,386.513,219.988,9270.94,0.467853,0,0
705.75,0.99965,296.806,294.233,293.75,238.963,200.33,265.548,645.146,386.513,219.988,9270.94,0.470079,0,0
706.25,0.999758,296.819,294.218,293.735,238.967,200.761,264.957,645.233,386.773,219.782,9270.94,0.469548,0,0.276226
706.75,0.999845,296.807,294.226,293.743,238.962,201.234,265.094,645.304,386.773,219.782,9270.94,0.471752,0,0
707.25,0.999913,296.819,294.234,293.751,238.957,201.383,264.425,645.36,386.773,219.782,9270.94,0.473949,0,0
707.75,0.999962,296.83,294.242,293.759,238.952,201.704,263.813,645.399,386.773,219.782,12021.5,0.476136,0,0
708.25,0.999991,296.845,294.23,293.747,238.96,202.261,263.281,645.422,387.292,219.694,12021.5,0.474,0,0.391361
