hour,mu0,ground_k,air_k,air_300m_k,column_mean_k,sensible_w_m2,latent_w_m2,sw_ground_w_m2,lw_down_w_m2,olr_w_m2,mixed_layer_m,rh_ground,dew_kg_m2,condensed_kg_m2
0.25,0.499999,292.281,291.512,291.034,238.601,53.5039,125.461,264.736,374.916,216.53,5273.21,0.655758,0,0
0.75,0.499989,292.308,291.538,291.059,238.599,53.6669,125.349,264.729,374.916,216.53,5273.21,0.656828,0,0
1.25,0.499969,292.334,291.563,291.084,238.598,53.7272,125.211,264.717,374.916,216.53,5273.21,0.657888,0,0
1.75,0.49994,292.359,291.588,291.109,238.596,53.7517,125.064,264.697,374.916,216.53,5273.21,0.658938,0,0
2.25,0.499901,292.388,291.613,291.135,238.595,54.0286,124.992,264.672,375.534,216.528,5273.21,0.659983,0,0
2.75,0.499851,292.414,291.638,291.16,238.594,54.0635,124.851,264.64,375.534,216.528,5273.21,0.661018,0,0
3.25,0.499792,292.439,291.664,291.185,238.592,54.063,124.702,264.601,375.534,216.528,7026.68,0.662044,0,0
3.75,0.499724,292.409,291.688,291.209,238.614,53.6976,125.593,264.556,375.534,216.528,3113.18,0.627306,0,0.741843
4.25,0.499645,292.414,291.711,291.232,238.612,48.8667,134.251,264.505,375.886,216.613,7026.68,0.628655,0,0
4.75,0.499557,292.435,291.734,291.255,238.61,48.4294,133.858,264.448,375.886,216.613,7026.68,0.629999,0,0
5.25,0.499459,292.457,291.757,291.278,238.608,48.3343,133.575,264.383,375.886,216.613,7026.68,0.631332,0,0
5.75,0.499351,292.48,291.78,291.301,238.607,48.2992,133.313,264.313,375.886,216.613,7026.68,0.632653,0,0
6.25,0.499233,292.506,291.803,291.324,238.605,48.5251,133.128,264.236,376.432,216.58,7026.68,0.63397,0,0
6.75,0.499105,292.529,291.825,291.346,238.604,48.5535,132.889,264.153,376.432,216.58,7026.68,0.635274,0,0.00575665
7.25,0.498968,292.552,291.848,291.369,238.603,48.5604,132.645,264.063,376.432,216.58,7026.68,0.636568,0,0.0121788
7.75,0.49882,292.575,291.871,291.392,238.602,48.5641,132.404,263.967,376.432,216.58,7026.68,0.63785,0,0.00644387
8.25,0.498663,292.54,291.883,291.404,238.619,45.4786,139.006,263.865,377.014,216.585,3113.18,0.614032,0,0.615269
8.75,0.498496,292.559,291.904,291.425,238.642,44.9153,138.798,263.756,377.014,216.585,5273.21,0.615544,0,0.801855
9.25,0.49832,292.579,291.925,291.446,238.658,44.8379,138.451,263.641,377.014,216.585,5273.21,0.617045,0,0.606156
9.75,0.498133,292.6,291.946,291.467,238.655,44.8231,138.127,263.519,377.014,216.585,5273.21,0.618533,0,0
10.25,0.497937,292.618,291.967,291.488,238.651,44.5897,137.731,263.391,376.433,216.956,5273.21,0.620013,0,0
10.75,0.497731,292.639,291.987,291.508,238.648,44.571,137.408,263.257,376.433,216.956,5273.21,0.621482,0,0
11.25,0.497515,292.659,292.008,291.529,238.645,44.5808,137.098,263.116,376.433,216.956,7026.68,0.622938,0,0
11.75,0.49729,292.614,292.013,291.534,238.655,41.3315,143.653,262.969,376.433,216.956,7026.68,0.598997,0,0.409234
12.25,0.497054,292.633,292.032,291.553,238.653,40.8564,143.407,262.815,376.816,216.928,7026.68,0.600664,0,0.041373
12.75,0.496809,292.652,292.051,291.572,238.65,40.7909,143.001,262.656,376.816,216.928,7026.68,0.602319,0,0
13.25,0.496554,292.671,292.071,291.591,238.648,40.7818,142.617,262.489,376.816,216.928,7026.68,0.603961,0,0.0247782
13.75,0.49629,292.691,292.09,291.61,238.645,40.7948,142.243,262.317,376.816,216.928,7026.68,0.605588,0,0.00754122
14.25,0.496015,292.671,292.1,291.621,238.652,38.8197,146.437,262.138,377.276,216.899,7026.68,0.590517,0,0.329328
14.75,0.495731,292.687,292.118,291.639,238.655,38.4643,146.106,261.953,377.276,216.899,7026.68,0.592282,0,0.199576
15.25,0.495437,292.705,292.136,291.657,238.652,38.4385,145.67,261.761,377.276,216.899,7026.68,0.594032,0,0
15.75,0.495134,292.724,292.154,291.675,238.649,38.4584,145.254,261.563,377.276,216.899,7026.68,0.595768,0,0
16.25,0.49482,292.743,292.172,291.692,238.647,38.531,144.857,261.359,377.36,216.919,7026.68,0.59749,0,0
16.75,0.494497,292.723,292.176,291.696,238.652,37.0837,147.843,261.148,377.36,216.919,7026.68,0.586588,0,0.259556
17.25,0.494165,292.739,292.193,291.713,238.649,36.7634,147.456,260.931,377.36,216.919,7026.68,0.588399,0,0.00242857
17.75,0.493822,292.757,292.21,291.731,238.647,36.7414,146.999,260.707,377.36,216.919,7026.68,0.590196,0,0.0186054
18.25,0.49347,292.776,292.227,291.748,238.644,36.9073,146.608,260.478,377.702,216.88,7026.68,0.591975,0,0.0046322
18.75,0.493108,292.794,292.245,291.765,238.642,36.9589,146.187,260.242,377.702,216.88,7026.68,0.59374,0,0.0158898
19.25,0.492737,292.758,292.244,291.764,238.644,34.8077,150.676,259.999,377.702,216.88,7026.68,0.577315,0,0.150713
19.75,0.492355,292.773,292.26,291.78,238.649,34.3356,150.242,259.751,377.702,216.88,7026.68,0.579219,0,0.237684
20.25,0.491964,292.765,292.271,291.791,238.663,33.0667,152.51,259.496,377.987,216.872,7026.68,0.570923,0,0.524797
20.75,0.491564,292.78,292.286,291.807,238.659,32.8488,152.065,259.235,377.987,216.872,7026.68,0.572886,0,0
21.25,0.491154,292.782,292.289,291.81,238.659,32.8635,151.978,258.967,377.987,216.872,7026.68,0.573026,0,0.0914566
21.75,0.490734,292.797,292.305,291.825,238.657,32.7803,151.509,258.693,377.987,216.872,7026.68,0.574973,0,0.0195577
22.25,0.490304,292.782,292.314,291.834,238.654,31.2342,154.271,258.413,378.039,216.919,9270.94,0.564763,0,0.0126473
22.75,0.489865,292.78,292.306,291.827,238.652,31.4777,153.681,258.127,378.039,216.919,9270.94,0.567,0,0.0339999
23.25,0.489416,292.782,292.304,291.824,238.668,31.6099,153.165,257.834,378.039,216.919,4016.82,0.557915,0,0.623422
23.75,0.488958,292.754,292.296,291.817,238.67,30.5184,155.535,257.535,378.039,216.919,9270.94,0.560165,0,0.158676
24.25,0.48849,292.749,292.289,291.809,238.666,30.5673,154.73,257.23,377.786,216.964,9270.94,0.562422,0,0
24.75,0.488012,292.746,292.282,291.802,238.663,30.8731,154.025,256.918,377.786,216.964,9270.94,0.564664,0,0
25.25,0.487525,292.744,292.274,291.795,238.66,31.2048,153.336,256.6,377.786,216.964,9270.94,0.566891,0,0.0139816
25.75,0.487028,292.746,292.274,291.795,238.658,31.3171,152.794,256.276,377.786,216.964,9270.94,0.568614,0,0.0482684
26.25,0.486522,292.755,292.285,291.805,238.657,31.1768,152.511,255.946,377.921,216.887,9270.94,0.569572,0,0.0712466
26.75,0.486006,292.769,292.299,291.82,238.654,31.0996,152.021,255.61,377.921,216.887,9270.94,0.571564,0,0.0133375
27.25,0.48548,292.765,292.294,291.814,238.654,31.3534,151.745,255.267,377.921,216.887,9270.94,0.572307,0,0.103656
27.75,0.484945,292.779,292.308,291.829,238.652,31.1979,151.23,254.918,377.921,216.887,9270.94,0.574278,0,0.0173303
28.25,0.484401,292.787,292.319,291.839,238.653,31.0401,151.332,254.563,378.208,216.871,9270.94,0.573834,0,0.123925
28.75,0.483847,292.801,292.333,291.853,238.652,30.9758,150.863,254.201,378.208,216.871,9270.94,0.5758,0,0.0580233
29.25,0.483283,292.778,292.333,291.853,238.65,29.5724,153.55,253.834,378.208,216.871,9270.94,0.565744,0,0.0204667
29.75,0.48271,292.774,292.325,291.845,238.649,29.7307,152.912,253.46,378.208,216.871,9270.94,0.568001,0,0.0688647
30.25,0.482128,292.78,292.326,291.847,238.666,29.7079,152.523,253.08,378.434,216.81,4016.82,0.558293,0,0.649785
30.75,0.481536,292.749,292.318,291.838,238.671,28.6275,154.932,252.694,378.434,216.81,9270.94,0.560577,0,0.265669
31.25,0.480934,292.744,292.309,291.829,238.695,28.7334,154.132,252.302,378.434,216.81,7026.68,0.562862,0,0.917293
31.75,0.480323,292.74,292.301,291.821,238.691,29.0175,153.401,251.903,378.434,216.81,7026.68,0.565132,0,0
32.25,0.479703,292.73,292.292,291.812,238.687,28.9557,152.554,251.499,377.563,217.136,7026.68,0.567392,0,0.0204675
32.75,0.479073,292.732,292.294,291.814,238.683,28.8835,152.026,251.088,377.563,217.136,7026.68,0.568922,0,0.0397771
33.25,0.478434,292.739,292.305,291.825,238.681,28.6357,151.666,250.671,377.563,217.136,7026.68,0.569768,0,0.0505875
33.75,0.477785,292.751,292.318,291.838,238.677,28.4868,151.211,250.248,377.563,217.136,7026.68,0.571794,0,0
34.25,0.477127,292.749,292.313,291.833,238.675,28.7784,150.963,249.819,377.822,217.065,7026.68,0.572484,0,0.0849552
34.75,0.47646,292.76,292.326,291.846,238.671,28.6144,150.42,249.384,377.822,217.065,7026.68,0.574494,0,0
35.25,0.475783,292.766,292.336,291.856,238.671,28.2942,150.431,248.942,377.822,217.065,7026.68,0.574001,0,0.104456
35.75,0.475097,292.777,292.349,291.869,238.669,28.1684,149.964,248.495,377.822,217.065,7026.68,0.576004,0,0.0784892
36.25,0.474402,292.754,292.346,291.866,238.666,26.9328,152.503,248.041,378.026,217.033,7026.68,0.566468,0,0.00933117
36.75,0.473697,292.751,292.341,291.861,238.664,26.9224,151.923,247.582,378.026,217.033,7026.68,0.568432,0,0.0341176
37.25,0.472983,292.756,292.345,291.865,238.68,26.7086,151.536,247.116,378.026,217.033,4016.82,0.558714,0,0.637726
37.75,0.47226,292.724,292.335,291.855,238.675,25.5869,153.874,246.644,378.026,217.033,7026.68,0.561021,0,0
38.25,0.471527,292.716,292.325,291.845,238.671,25.5719,153.003,246.166,377.75,217.014,7026.68,0.56334,0,0
38.75,0.470785,292.709,292.315,291.835,238.668,25.8148,152.236,245.683,377.75,217.014,7026.68,0.565644,0,0
39.25,0.470034,292.703,292.305,291.825,238.665,26.0824,151.485,245.193,377.75,217.014,7026.68,0.567933,0,0.0274277
39.75,0.469274,292.706,292.309,291.829,238.662,25.9208,151.011,244.697,377.75,217.014,7026.68,0.569249,0,0.0440742
40.25,0.468504,292.716,292.321,291.841,238.659,25.7941,150.452,244.195,377.861,216.929,7026.68,0.571315,0,0
40.75,0.467725,292.709,292.311,291.831,238.659,26.0343,150.073,243.687,377.861,216.929,7026.68,0.572252,0,0.107104
41.25,0.466938,292.718,292.323,291.843,238.656,25.8107,149.484,243.173,377.861,216.929,7026.68,0.574297,0,0.00396873
41.75,0.46614,292.721,292.331,291.851,238.656,25.4665,149.47,242.653,377.861,216.929,7026.68,0.573925,0,0.124692
42.25,0.465334,292.733,292.342,291.862,238.653,25.4203,148.959,242.127,378.081,216.904,7026.68,0.575966,0,0.00599088
42.75,0.464519,292.702,292.337,291.857,238.667,23.6908,152.102,241.595,378.081,216.904,7026.68,0.553155,0,0.568865
43.25,0.463694,292.667,292.325,291.845,238.673,22.2538,154.417,241.058,378.081,216.904,7026.68,0.555529,0,0.300012
43.75,0.46286,292.658,292.314,291.834,238.669,22.2815,153.535,240.514,378.081,216.904,7026.68,0.55791,0,0
44.25,0.462018,292.648,292.303,291.823,238.665,22.3684,152.681,239.964,377.754,216.916,7026.68,0.560265,0,0
44.75,0.461166,292.641,292.292,291.812,238.661,22.5878,151.888,239.409,377.754,216.916,7026.68,0.562605,0,0
45.25,0.460305,292.633,292.281,291.801,238.657,22.8255,151.109,238.847,377.754,216.916,7026.68,0.56493,0,0
45.75,0.459435,292.626,292.27,291.791,238.654,23.0623,150.337,238.28,377.754,216.916,7026.68,0.56724,0,0.0183254
46.25,0.458556,292.625,292.269,291.789,238.652,23.0369,149.759,237.706,377.818,216.815,7026.68,0.568897,0,0.0391734
46.75,0.457668,292.629,292.277,291.798,238.65,22.7545,149.319,237.127,377.818,216.815,7026.68,0.569815,0,0.0508348
47.25,0.456771,292.638,292.287,291.808,238.648,22.5521,148.816,236.542,377.818,216.815,7026.68,0.571917,0,0.0231483
47.75,0.455865,292.631,292.276,291.796,238.663,22.6424,148.482,235.951,377.818,216.815,7026.68,0.554942,0,0.585731
48.25,0.45495,292.579,292.264,291.785,238.668,20.4588,152.638,235.355,377.758,216.848,5273.21,0.557292,0,0.292793
48.75,0.454026,292.57,292.253,291.773,238.664,20.3246,151.71,234.752,377.758,216.848,7026.68,0.55965,0,0
49.25,0.453093,292.561,292.242,291.762,238.66,20.4847,150.897,234.144,377.758,216.848,7026.68,0.561993,0,0
49.75,0.452152,292.553,292.231,291.751,238.656,20.6759,150.102,233.53,377.758,216.848,7026.68,0.564321,0,0
50.25,0.451201,292.543,292.22,291.74,238.653,20.8121,149.287,232.91,377.587,216.786,7026.68,0.566642,0,0.0103189
50.75,0.450242,292.538,292.214,291.734,238.65,20.8419,148.601,232.284,377.587,216.786,7026.68,0.568586,0,0.0346582
51.25,0.449273,292.541,292.22,291.74,238.648,20.5235,148.17,231.652,377.587,216.786,7026.68,0.569667,0,0.0482839
51.75,0.448296,292.548,292.229,291.749,238.645,20.3366,147.555,231.015,377.587,216.786,7026.68,0.571797,0,0.0225041
52.25,0.44731,292.541,292.221,291.742,238.645,20.4807,147.211,230.372,377.758,216.724,7026.68,0.572567,0,0.105523
52.75,0.446316,292.547,292.23,291.75,238.645,20.2519,146.581,229.723,377.758,216.724,7026.68,0.574683,0,0.0990925
53.25,0.445312,292.555,292.239,291.759,238.642,20.1341,145.919,229.069,377.758,216.724,9270.94,0.576785,0,0.0202767
53.75,0.4443,292.522,292.227,291.748,238.641,18.947,148.185,228.409,377.758,216.724,9270.94,0.567762,0,0.044226
54.25,0.443279,292.52,292.227,291.748,238.64,18.6146,147.684,227.743,377.896,216.654,9270.94,0.569231,0,0.0825708
54.75,0.442249,292.526,292.235,291.756,238.638,18.3928,147.033,227.071,377.896,216.654,9270.94,0.571388,0,0.0293844
55.25,0.441211,292.516,292.224,291.745,238.638,18.5325,146.596,226.394,377.896,216.654,9270.94,0.572364,0,0.119612
55.75,0.440164,292.521,292.232,291.752,238.646,18.2767,145.938,225.711,377.896,216.654,9270.94,0.574502,0,0.333546
56.25,0.439108,292.498,292.225,291.746,238.656,17.3645,147.284,225.023,377.824,216.72,5273.21,0.568768,0,0.456894
56.75,0.438044,292.499,292.231,291.751,238.68,16.8885,146.842,224.328,377.824,216.72,7026.68,0.569804,0,0.887592
57.25,0.436971,292.504,292.238,291.758,238.675,16.6837,146.23,223.629,377.824,216.72,7026.68,0.571981,0,0
57.75,0.435889,292.496,292.23,291.75,238.673,16.7195,145.852,222.923,377.824,216.72,7026.68,0.572719,0,0.0867215
58.25,0.434799,292.497,292.236,291.757,238.668,16.2815,145.108,222.212,377.302,216.947,7026.68,0.574887,0,0
58.75,0.433701,292.502,292.243,291.763,238.664,16.1402,144.4,221.496,377.302,216.947,7026.68,0.577042,0,0
59.25,0.432594,292.488,292.232,291.752,238.664,16.1029,144.315,220.774,377.302,216.947,7026.68,0.576697,0,0.13671
59.75,0.431478,292.492,292.238,291.758,238.661,15.833,143.65,220.046,377.302,216.947,7026.68,0.578844,0,0.0529434
60.25,0.430354,292.497,292.244,291.764,238.657,15.7693,142.972,219.313,377.433,216.877,7026.68,0.580981,0,0
60.75,0.429221,292.463,292.236,291.756,238.656,14.308,145.532,218.574,377.433,216.877,7026.68,0.570701,0,0.0746741
61.25,0.42808,292.465,292.241,291.761,238.652,13.8258,144.863,217.83,377.433,216.877,7026.68,0.572914,0,0.0176064
61.75,0.426931,292.458,292.237,291.757,238.652,13.6479,144.55,217.08,377.433,216.877,7026.68,0.573291,0,0.10694
62.25,0.425773,292.462,292.242,291.762,238.657,13.5071,143.899,216.325,377.615,216.782,7026.68,0.575489,0,0.313564
62.75,0.424607,292.441,292.238,291.758,238.655,12.5106,145.275,215.565,377.615,216.782,7026.68,0.569546,0,0.0469643
63.25,0.423432,292.443,292.242,291.763,238.651,12.1576,144.596,214.799,377.615,216.782,7026.68,0.571783,0,0
63.75,0.42225,292.431,292.231,291.751,238.65,12.2153,144.147,214.027,377.615,216.782,7026.68,0.572682,0,0.0926624
64.25,0.421059,292.432,292.235,291.756,238.647,11.8999,143.407,213.25,377.425,216.76,7026.68,0.574904,0,0.0179057
64.75,0.419859,292.434,292.239,291.76,238.643,11.7739,142.667,212.468,377.425,216.76,7026.68,0.577113,0,0.00769325
65.25,0.418651,292.419,292.227,291.747,238.644,11.7134,142.549,211.681,377.425,216.76,7026.68,0.576804,0,0.153744
65.75,0.417436,292.421,292.231,291.751,238.641,11.4467,141.847,210.888,377.425,216.76,7026.68,0.579005,0,0.00848538
66.25,0.416212,292.424,292.235,291.755,238.638,11.3742,141.13,210.089,377.533,216.691,7026.68,0.581196,0,0.0142217
66.75,0.414979,292.385,292.229,291.75,238.636,9.45158,144.344,209.286,377.533,216.691,7026.68,0.568173,0,0.0385388
67.25,0.413739,292.379,292.221,291.741,238.652,8.92864,143.814,208.477,377.533,216.691,4016.82,0.557721,0,0.629823
67.75,0.41249,292.333,292.204,291.725,238.656,7.673,146.166,207.662,377.533,216.691,7026.68,0.56019,0,0.265328
68.25,0.411234,292.316,292.188,291.708,238.651,7.42882,145.112,206.843,377.131,216.722,7026.68,0.562647,0,0
68.75,0.409969,292.301,292.172,291.692,238.647,7.52117,144.218,206.018,377.131,216.722,7026.68,0.56509,0,0
69.25,0.408696,292.287,292.156,291.676,238.644,7.65339,143.35,205.188,377.131,216.722,7026.68,0.567517,0,0.0206079
69.75,0.407415,292.28,292.15,291.67,238.641,7.48409,142.668,204.352,377.131,216.722,7026.68,0.569205,0,0.0416413
70.25,0.406127,292.279,292.152,291.672,238.637,7.2436,141.913,203.512,377.105,216.616,7026.68,0.571503,0,0
70.75,0.40483,292.265,292.138,291.659,238.636,7.30094,141.4,202.666,377.105,216.616,7026.68,0.572554,0,0.0833319
71.25,0.403525,292.264,292.14,291.661,238.633,7.0447,140.645,201.815,377.105,216.616,7026.68,0.574835,0,0.00591668
71.75,0.402212,292.264,292.142,291.662,238.63,6.91487,139.866,200.959,377.105,216.616,7026.68,0.577101,0,0.0233967
72.25,0.400892,292.249,292.13,291.65,238.631,6.83825,139.729,200.098,377.229,216.549,7026.68,0.576817,0,0.144241
72.75,0.399563,292.248,292.131,291.652,238.629,6.582,138.99,199.231,377.229,216.549,7026.68,0.579081,0,0.064695
73.25,0.398227,292.248,292.132,291.653,238.626,6.4578,138.215,198.36,377.229,216.549,7026.68,0.581331,0,0.00914668
73.75,0.396883,292.209,292.121,291.642,238.626,4.98027,140.642,197.483,377.229,216.549,7026.68,0.57089,0,0.0966103
74.25,0.395531,292.207,292.122,291.642,238.623,4.50356,139.877,196.601,377.249,216.468,7026.68,0.573209,0,0.0226604
74.75,0.394171,292.197,292.117,291.638,238.623,4.22352,139.504,195.714,377.249,216.468,7026.68,0.573543,0,0.126901
75.25,0.392804,292.195,292.118,291.638,238.63,4.01003,138.753,194.823,377.249,216.468,7026.68,0.57585,0,0.317759
75.75,0.391429,292.172,292.114,291.634,238.641,2.94197,139.975,193.926,377.249,216.468,5273.21,0.569825,0,0.467228
76.25,0.390046,292.167,292.113,291.634,238.636,2.48001,139.134,193.024,376.888,216.582,7026.68,0.572171,0,2.17758e-11
76.75,0.388655,292.153,292.102,291.623,238.635,2.38757,138.644,192.117,376.888,216.582,7026.68,0.572979,0,0.0923625
77.25,0.387257,292.15,292.102,291.622,238.631,2.16553,137.855,191.205,376.888,216.582,7026.68,0.575311,0,0.00296711
77.75,0.385851,292.148,292.101,291.621,238.628,2.05465,137.039,190.288,376.888,216.582,7026.68,0.577629,0,0.00386533
78.25,0.384438,292.133,292.091,291.611,238.628,1.86937,136.898,189.366,376.988,216.502,7026.68,0.577171,0,0.143045
78.75,0.383017,292.13,292.09,291.61,238.626,1.65014,136.12,188.44,376.988,216.502,7026.68,0.579487,0,0.0313869
79.25,0.381589,292.127,292.088,291.609,238.622,1.54509,135.308,187.508,376.988,216.502,7026.68,0.581788,0,0.00678365
79.75,0.380153,292.125,292.087,291.608,238.62,1.45433,134.506,186.571,376.988,216.502,7026.68,0.58408,0,0.02847
80.25,0.378709,292.087,292.074,291.595,238.619,0.128492,136.642,185.63,377.013,216.44,7026.68,0.573499,0,0.100488
80.75,0.377259,292.083,292.072,291.593,238.625,-0.238966,135.694,184.684,377.013,216.44,7026.68,0.575958,0,0.316339
81.25,0.3758,292.079,292.07,291.591,238.634,-0.31407,134.746,183.733,377.013,216.44,5273.21,0.578413,0,0.40271
81.75,0.374335,292.06,292.058,291.579,238.632,-0.160802,133.856,182.777,377.013,216.44,5273.21,0.576673,0,0.0800287
82.25,0.372862,292.075,292.056,291.577,238.628,-0.367289,132.725,181.816,376.635,216.498,7026.68,0.574947,0,0.002793
82.75,0.371381,292.073,292.054,291.575,238.625,-0.240527,131.477,180.851,376.635,216.498,7026.68,0.577086,0,0.00280013
83.25,0.369894,292.04,292.04,291.561,238.625,-0.0852171,130.786,179.881,376.635,216.498,7026.68,0.581024,0,0.134717
83.75,0.368399,292.033,292.037,291.558,238.621,-0.07808,129.669,178.906,376.635,216.498,7026.68,0.583621,0,0.00267234
84.25,0.366897,292.034,292.035,291.556,238.618,0.00350068,128.466,177.926,376.671,216.427,7026.68,0.585475,0,0.00259786
84.75,0.365388,292.072,292.033,291.554,238.614,0.0314838,127.378,176.941,376.671,216.427,7026.68,0.583407,0,0.00255766
85.25,0.363871,292.056,292.028,291.548,238.617,-0.323493,127.516,175.952,376.671,216.427,7026.68,0.581679,0,0.192986
85.75,0.362347,292.012,292.024,291.546,238.614,-0.332731,126.488,174.959,376.671,216.427,7026.68,0.588394,0,0.0448051
86.25,0.360817,292.016,292.022,291.543,238.611,-0.117131,124.841,173.96,376.669,216.374,7026.68,0.590077,0,0.00238477
86.75,0.359279,292.012,292.02,291.541,238.608,-0.15321,124.123,172.957,376.669,216.374,7026.68,0.59222,0,0.0279399
87.25,0.357734,292.037,292.011,291.532,238.61,-0.12923,123.453,171.95,376.669,216.374,7026.68,0.59251,0,0.1583
87.75,0.356182,292.031,292.008,291.53,238.616,-0.298509,122.747,170.937,376.669,216.374,7026.68,0.594616,0,0.302563
88.25,0.354623,292.025,292.005,291.527,238.625,-0.462154,121.926,169.921,376.559,216.396,5273.21,0.596838,0,0.428843
88.75,0.353057,291.996,292.001,291.525,238.622,-0.39096,120.836,168.899,376.559,216.396,5273.21,0.595471,0,0.00214125
89.25,0.351484,292.012,291.986,291.509,238.621,-0.474783,120.431,167.874,376.559,216.396,5273.21,0.595866,0,0.122783
89.75,0.349904,291.96,291.981,291.506,238.617,-0.313958,119.174,166.85,376.559,216.396,7026.68,0.590669,0,0.00204582
90.25,0.348318,291.94,291.978,291.504,238.614,-0.33828,117.912,165.927,376.31,216.393,7026.68,0.589075,0,0.00204745
90.75,0.346724,291.946,291.978,291.501,238.61,-0.214175,116.507,165.001,376.31,216.393,7026.68,0.586742,0,0.00197545
91.25,0.345124,291.927,291.969,291.492,238.612,-0.42601,116.726,164.07,376.31,216.393,7026.68,0.585108,0,0.181868
91.75,0.343517,292.03,291.969,291.49,238.609,-0.271665,114.966,163.136,376.31,216.393,7026.68,0.582866,0,0.0259831
92.25,0.341903,292.024,291.966,291.487,238.606,-0.286408,114.422,162.197,376.296,216.374,7026.68,0.585148,0,0.0081109
92.75,0.340283,291.993,291.961,291.484,238.603,-0.310816,113.695,161.255,376.296,216.374,7026.68,0.609028,0,0.0237427
93.25,0.338655,291.985,291.957,291.482,238.6,-0.358129,112.83,160.309,376.296,216.374,7026.68,0.611741,0,0.00882098
93.75,0.337022,291.878,291.942,291.47,238.602,-0.457076,112.898,159.359,376.296,216.374,7026.68,0.585796,0,0.157881
94.25,0.335381,291.884,291.942,291.467,238.607,-0.415721,111.282,158.405,376.317,216.245,7026.68,0.583669,0,0.287661
94.75,0.333734,291.877,291.939,291.464,238.617,-0.49772,110.719,157.447,376.317,216.245,5273.21,0.585734,0,0.433953
95.25,0.33208,291.873,291.936,291.461,238.613,-0.590649,109.928,156.485,376.317,216.245,5273.21,0.587789,0,0.00167457
95.75,0.33042,291.942,291.922,291.451,238.613,-0.703386,109.725,155.52,376.317,216.245,5273.21,0.605416,0,0.118167
96.25,0.328754,291.905,291.916,291.448,238.609,-0.798424,108.585,154.551,375.904,216.382,5273.21,0.604143,0,0.00158742
96.75,0.32708,291.875,291.91,291.446,238.606,-0.764423,107.434,153.578,375.904,216.382,7026.68,0.602844,0,0.00157326
97.25,0.325401,291.866,291.906,291.442,238.602,-0.954212,106.825,152.601,375.904,216.382,7026.68,0.604712,0,0.00153287
97.75,0.323715,291.829,291.896,291.433,238.604,-0.985923,106.202,151.621,375.904,216.382,7026.68,0.599837,0,0.171323
98.25,0.322023,291.807,291.894,291.43,238.601,-0.81603,104.704,150.637,375.874,216.283,7026.68,0.598175,0,0.0300374
98.75,0.320324,291.799,291.889,291.427,238.598,-0.960579,104.14,149.649,375.874,216.283,7026.68,0.600019,0,0.00280856
99.25,0.318619,291.79,291.885,291.423,238.595,-1.11488,103.531,148.658,375.874,216.283,7026.68,0.60191,0,0.0269621
99.75,0.316908,291.787,291.882,291.42,238.592,-1.21242,102.7,147.663,375.874,216.283,7026.68,0.606196,0,0.00436162
100.25,0.31519,292.008,291.89,291.411,238.593,-0.164602,98.8415,146.664,375.906,216.194,7026.68,0.5763,0,0.149411
100.75,0.313467,291.785,291.881,291.408,238.599,-0.564684,100.886,145.662,375.906,216.194,7026.68,0.582615,0,0.283757
101.25,0.311737,291.984,291.883,291.404,238.596,-0.368265,98.1572,144.656,375.906,216.194,7026.68,0.579978,0,0.0197618
101.75,0.310001,291.974,291.88,291.401,238.593,-0.313241,97.803,143.647,375.906,216.194,7026.68,0.581856,0,0.00823811
102.25,0.308259,291.901,291.862,291.394,238.593,-0.80149,98.7156,142.634,375.776,216.29,7026.68,0.61718,0,0.115279
102.75,0.306511,291.883,291.856,291.391,238.59,-1.03931,97.7158,141.617,375.776,216.29,7026.68,0.6189,0,0.0091701
103.25,0.304757,291.844,291.847,291.387,238.587,-1.10741,96.8314,140.597,375.776,216.29,7026.68,0.618149,0,0.0154672
103.75,0.302997,291.828,291.842,291.384,238.584,-1.34534,96.2344,139.574,375.776,216.29,7026.68,0.61981,0,0.00969377
104.25,0.301231,291.778,291.821,291.369,238.586,-1.33962,95.7088,138.547,375.762,216.166,7026.68,0.616415,0,0.164397
104.75,0.299459,291.774,291.818,291.365,238.591,-1.42207,94.4125,137.517,375.762,216.166,7026.68,0.621495,0,0.269022
105.25,0.297681,291.773,291.814,291.361,238.601,-1.38468,93.1649,136.483,375.762,216.166,5273.21,0.626437,0,0.438832
105.75,0.295898,291.772,291.811,291.357,238.598,-1.32741,91.9658,135.446,375.762,216.166,5273.21,0.631254,0,0.00113121
106.25,0.294108,291.765,291.806,291.353,238.594,-1.36863,90.6992,134.405,375.251,216.277,5273.21,0.636066,0,0.00111749
106.75,0.292313,291.64,291.783,291.347,238.595,-2.13701,93.0081,133.361,375.251,216.277,5273.21,0.610711,0,0.141974
107.25,0.290512,291.724,291.791,291.341,238.591,-1.52504,88.2607,132.314,375.251,216.277,5273.21,0.644266,0,0.00108152
107.75,0.288705,291.766,291.792,291.336,238.588,-1.35152,87.1809,131.263,375.251,216.277,7026.68,0.655424,0,0.00106277
108.25,0.286893,291.75,291.786,291.331,238.584,-1.36288,86.7274,130.209,375.248,216.21,7026.68,0.654888,0,0.00106082
108.75,0.285075,291.792,291.789,291.327,238.581,-1.16734,84.6785,129.152,375.248,216.21,7026.68,0.667855,0,0.00103368
109.25,0.283251,291.55,291.753,291.321,238.584,-2.0641,88.9192,128.092,375.248,216.21,7026.68,0.608817,0,0.192858
109.75,0.281422,291.617,291.754,291.316,238.582,-1.91484,85.0333,127.028,375.248,216.21,7026.68,0.641906,0,0.040056
110.25,0.279587,291.722,291.758,291.31,238.578,-1.37789,81.7628,125.961,375.077,216.104,7026.68,0.672898,0,0.000995496
110.75,0.277747,291.848,291.776,291.304,238.576,-0.507265,77.9174,124.891,375.077,216.104,7026.68,0.678565,0,0.0152478
111.25,0.275902,291.674,291.748,291.299,238.573,-1.34523,82.4241,123.818,375.077,216.104,7026.68,0.666014,0,0.011952
111.75,0.27405,291.727,291.75,291.294,238.572,-1.16221,78.7229,122.742,375.077,216.104,7026.68,0.68578,0,0.0529109
112.25,0.272194,291.719,291.746,291.289,238.569,-1.16336,78.3118,121.662,375.161,216.091,7026.68,0.687866,0,0.0181056
112.75,0.270332,291.437,291.717,291.28,238.572,-2.0661,83.0106,120.579,375.161,216.091,7026.68,0.595665,0,0.17725
113.25,0.268465,291.484,291.71,291.274,238.577,-2.21415,79.9527,119.494,375.161,216.091,7026.68,0.627905,0,0.279138
113.75,0.266593,291.532,291.705,291.268,238.575,-1.79454,76.9245,118.405,375.161,216.091,7026.68,0.655674,0,0.0135469
114.25,0.264715,291.581,291.698,291.262,238.572,-1.58181,74.8036,117.313,374.816,216.041,7026.68,0.680818,0,0.00861096
114.75,0.262832,291.645,291.698,291.256,238.569,-1.20531,72.4624,116.218,374.816,216.041,7026.68,0.702111,0,0.0122915
115.25,0.260944,291.715,291.705,291.245,238.568,-0.717873,70.0209,115.12,374.816,216.041,7026.68,0.719953,0,0.075269
115.75,0.259051,291.625,291.687,291.24,238.566,-1.32868,72.4787,114.02,374.816,216.041,7026.68,0.705267,0,0.011299
116.25,0.257153,291.633,291.683,291.234,238.563,-1.32844,70.358,112.916,374.81,216.033,7026.68,0.714673,0,0.00881869
116.75,0.25525,291.659,291.682,291.225,238.563,-1.18136,68.7801,111.809,374.81,216.033,7026.68,0.724643,0,0.0842612
117.25,0.253341,291.666,291.68,291.219,238.56,-0.94791,67.2787,110.699,374.81,216.033,7026.68,0.731153,0,0.00872858
117.75,0.251428,291.512,291.657,291.214,238.558,-1.58334,69.7046,109.587,374.81,216.033,7026.68,0.69608,0,0.0117645
118.25,0.24951,291.569,291.653,291.207,238.558,-1.47961,66.6938,108.504,374.743,215.948,7026.68,0.722961,0,0.0925155
118.75,0.247587,291.656,291.657,291.201,238.555,-0.96102,63.8207,107.513,374.743,215.948,7026.68,0.745979,0,0.0125948
119.25,0.245659,291.627,291.649,291.194,238.554,-0.997771,64.1459,106.52,374.743,215.948,7026.68,0.743238,0,0.0267364
119.75,0.243726,291.659,291.649,291.186,238.554,-0.822977,62.2371,105.524,374.743,215.948,7026.68,0.754331,0,0.08821
120.25,0.241788,291.545,291.629,291.18,238.552,-1.35192,64.0506,104.526,374.654,216.013,7026.68,0.732794,0,0.0244392
120.75,0.239846,291.566,291.627,291.174,238.55,-1.24857,61.5426,103.525,374.654,216.013,7026.68,0.74625,0,0.013557
121.25,0.237899,291.61,291.628,291.168,238.55,-1.08989,59.9881,102.522,374.654,216.013,7026.68,0.760062,0,0.0872789
121.75,0.235947,291.538,291.613,291.162,238.548,-1.26925,60.6088,101.516,374.654,216.013,7026.68,0.747235,0,0.0137579
122.25,0.233991,291.566,291.609,291.155,238.546,-1.22907,58.7113,100.508,374.542,215.939,7026.68,0.761511,0,0.0208598
122.75,0.23203,291.598,291.609,291.148,238.546,-0.880145,56.7126,99.4978,374.542,215.939,7026.68,0.773143,0,0.0762895
123.25,0.230064,291.538,291.594,291.141,238.553,-1.22158,57.769,98.4851,374.542,215.939,7026.68,0.762699,0,0.317843
123.75,0.228094,291.557,291.591,291.134,238.562,-1.01566,55.4627,97.47,374.542,215.939,5273.21,0.774762,0,0.396469
124.25,0.22612,291.538,291.581,291.127,238.559,-1.135,54.7427,96.4527,374.003,216.095,5273.21,0.772111,0,0.000663891
124.75,0.224141,291.41,291.534,291.112,238.562,-2.6316,66.9817,95.4331,374.003,216.095,5273.21,0.650687,0,0.212091
125.25,0.222158,291.429,291.517,291.105,238.559,-2.5899,60.7242,94.4112,374.003,216.095,5273.21,0.679082,0,0.000655683
125.75,0.22017,291.469,291.511,291.097,238.556,-1.99463,56.3333,93.387,374.003,216.095,5273.21,0.698729,0,0.000659396
126.25,0.218178,291.5,291.512,291.09,238.553,-1.57801,53.286,92.3607,373.69,215.989,7026.68,0.713664,0,0.000661878
126.75,0.216181,291.458,291.499,291.083,238.55,-1.83055,54.4071,91.3321,373.69,215.989,7026.68,0.717031,0,0.00064932
127.25,0.214181,291.509,291.503,291.077,238.547,-1.33023,49.9933,90.3013,373.69,215.989,7026.68,0.733492,0,0.000648171
127.75,0.212176,291.482,291.494,291.07,238.544,-1.43595,50.6954,89.2684,373.69,215.989,7026.68,0.736542,0,0.000638864
128.25,0.210167,291.483,291.49,291.063,238.541,-1.38887,49.1085,88.2333,373.682,215.941,7026.68,0.744734,0,0.000653575
128.75,0.208154,291.486,291.486,291.056,238.544,-1.28255,47.67,87.1961,373.682,215.941,7026.68,0.752176,0,0.171968
129.25,0.206137,291.488,291.483,291.049,238.542,-1.1876,46.3628,86.1568,373.682,215.941,7026.68,0.758965,0,0.0327006
129.75,0.204116,291.489,291.479,291.042,238.539,-1.11235,45.1579,85.1153,373.682,215.941,7026.68,0.76519,0,0.00062464
130.25,0.20209,291.485,291.475,291.035,238.537,-1.09038,44.0121,84.0719,373.509,215.925,7026.68,0.770931,0,0.0102531
130.75,0.200061,291.481,291.471,291.029,238.535,-1.0624,42.9533,83.0263,373.509,215.925,7026.68,0.776244,0,0.0104324
131.25,0.198028,291.398,291.449,291.022,238.533,-1.69711,45.7336,81.9788,373.509,215.925,7026.68,0.763141,0,0.00986629
131.75,0.195991,291.399,291.439,291.015,238.532,-1.66704,43.1259,80.9293,373.509,215.925,7026.68,0.775305,0,0.0454977
132.25,0.19395,291.4,291.431,291.007,238.529,-1.49228,41.2309,79.8777,373.321,215.832,7026.68,0.784019,0,0.00957187
132.75,0.191905,291.4,291.423,291,238.529,-1.36683,39.8501,78.8242,373.321,215.832,7026.68,0.790647,0,0.0512863
133.25,0.189857,291.396,291.416,290.992,238.527,-1.29608,38.7434,77.7688,373.321,215.832,7026.68,0.796002,0,0.017214
133.75,0.187805,291.388,291.408,290.984,238.526,-1.26998,37.7945,76.7114,373.321,215.832,7026.68,0.800543,0,0.0517135
134.25,0.185749,291.374,291.398,290.976,238.524,-1.30805,36.924,75.6522,373.168,215.811,7026.68,0.804526,0,0.0160812
134.75,0.183689,291.359,291.389,290.969,238.523,-1.34765,36.1355,74.591,373.168,215.811,7026.68,0.808108,0,0.051949
135.25,0.181626,291.342,291.378,290.961,238.522,-1.4009,35.4003,73.528,373.168,215.811,7026.68,0.811388,0,0.0151924
135.75,0.179559,291.323,291.366,290.953,238.521,-1.46731,34.7038,72.4632,373.168,215.811,7026.68,0.814429,0,0.0519999
136.25,0.177489,291.335,291.36,290.944,238.519,-1.25531,32.24,71.3965,372.984,215.767,7026.68,0.821791,0,0.0143604
136.75,0.175415,291.286,291.343,290.936,238.518,-1.54952,33.441,70.328,372.984,215.767,7026.68,0.819839,0,0.0471914
137.25,0.173338,291.292,291.334,290.928,238.516,-1.4112,31.0767,69.2578,372.984,215.767,7026.68,0.826736,0,0.013676
137.75,0.171258,291.286,291.325,290.92,238.516,-1.34551,30.025,68.1858,372.984,215.767,7026.68,0.830271,0,0.0541188
138.25,0.169174,291.267,291.314,290.911,238.514,-1.40519,29.3611,67.1673,372.788,215.736,7026.68,0.832672,0,0.012999
138.75,0.167086,291.246,291.301,290.903,238.513,-1.47437,28.8569,66.2313,372.788,215.736,7026.68,0.834627,0,0.0461788
139.25,0.164996,291.223,291.287,290.894,238.512,-1.55887,28.405,65.2939,372.788,215.736,7026.68,0.836383,0,0.0124324
139.75,0.162902,291.198,291.272,290.885,238.511,-1.65412,27.9735,64.3549,372.788,215.736,7026.68,0.838027,0,0.0451264
140.25,0.160805,291.167,291.253,290.876,238.509,-1.77157,27.5122,63.4146,372.559,215.682,7026.68,0.83966,0,0.0118655
140.75,0.158705,291.137,291.235,290.867,238.508,-1.87891,27.0838,62.4728,372.559,215.682,7026.68,0.841214,0,0.043417
141.25,0.156602,291.106,291.215,290.858,238.516,-1.98618,26.6688,61.5297,372.559,215.682,7026.68,0.842713,0,0.320661
141.75,0.154495,291.074,291.195,290.849,238.514,-2.09611,26.2608,60.5851,372.559,215.682,7026.68,0.844169,0,0.00514654
142.25,0.152386,291.055,291.176,290.838,238.512,-2.049,24.6279,59.6392,372.046,215.664,7026.68,0.846007,0,0.00511304
142.75,0.150273,291.026,291.156,290.827,238.509,-2.11305,24.2336,58.692,372.046,215.664,7026.68,0.847035,0,0.00495506
143.25,0.148158,290.993,291.135,290.816,238.507,-2.21737,23.922,57.7434,372.046,215.664,7026.68,0.848019,0,0.00672739
143.75,0.14604,290.957,291.112,290.804,238.505,-2.3326,23.6037,56.7935,372.046,215.664,7026.68,0.849007,0,0.0159748
144.25,0.143919,290.915,291.087,290.792,238.504,-2.46976,23.2302,55.8423,371.764,215.568,7026.68,0.850051,0,0.0207006
144.75,0.141795,290.875,291.061,290.78,238.502,-2.59407,22.8878,54.8899,371.764,215.568,7026.68,0.851051,0,0.0192827
145.25,0.139668,290.835,291.035,290.768,238.5,-2.717,22.5544,53.9362,371.764,215.568,7026.68,0.852024,0,0.0187533
145.75,0.137538,290.794,291.008,290.755,238.499,-2.84113,22.225,52.9813,371.764,215.568,7026.68,0.852972,0,0.0185443
146.25,0.135406,290.765,290.983,290.743,238.497,-2.74899,20.7719,52.0252,371.395,215.464,7026.68,0.853038,0,0.0185879
146.75,0.133271,290.724,290.957,290.73,238.496,-2.85949,20.604,51.0679,371.395,215.464,5273.21,0.853432,0,0.0186338
147.25,0.131134,290.68,290.929,290.716,238.494,-2.97832,20.3665,50.1094,371.395,215.464,5273.21,0.853971,0,0.0187433
147.75,0.128994,290.636,290.901,290.703,238.493,-3.09966,20.1013,49.1497,371.395,215.464,5273.21,0.854579,0,0.0188192
148.25,0.126851,290.581,290.869,290.689,238.491,-3.21673,19.7503,48.1889,371.007,215.366,5273.21,0.855276,0,0.018952
148.75,0.124706,290.532,290.838,290.675,238.49,-3.34545,19.4449,47.227,371.007,215.366,5273.21,0.855973,0,0.0190156
149.25,0.122559,290.483,290.806,290.661,238.488,-3.4713,19.1465,46.264,371.007,215.366,5273.21,0.856686,0,0.0174986
149.75,0.120409,290.434,290.774,290.646,238.487,-3.59616,18.8485,45.2999,371.007,215.366,5273.21,0.857412,0,0.0251951
150.25,0.118257,290.374,290.738,290.631,238.486,-3.69031,18.4605,44.3348,370.562,215.25,5273.21,0.858222,0,0.0245981
150.75,0.116102,290.32,290.703,290.616,238.484,-3.81953,18.1357,43.3686,370.562,215.25,5273.21,0.859009,0,0.0220575
151.25,0.113945,290.267,290.668,290.6,238.483,-3.94511,17.824,42.4014,370.562,215.25,5273.21,0.859798,0,0.0227743
151.75,0.111786,290.215,290.633,290.584,238.482,-4.06919,17.5155,41.4332,370.562,215.25,5273.21,0.86059,0,0.0213259
152.25,0.109625,290.151,290.594,290.568,238.48,-4.16818,17.1129,40.464,370.069,215.13,5273.21,0.861464,0,0.0225405
152.75,0.107461,290.094,290.556,290.551,238.479,-4.29736,16.7797,39.4938,370.069,215.13,5273.21,0.862306,0,0.0221397
153.25,0.105296,290.039,290.518,290.533,238.478,-4.42227,16.4621,38.5227,370.069,215.13,5273.21,0.863143,0,0.0226218
153.75,0.103128,289.983,290.48,290.516,238.477,-4.54545,16.1494,37.5507,370.069,215.13,5273.21,0.863981,0,0.0220735
154.25,0.100958,289.916,290.439,290.498,238.475,-4.6492,15.7389,36.5778,369.537,215.006,5273.21,0.864898,0,0.0226463
154.75,0.0987865,289.858,290.398,290.479,238.474,-4.76689,15.4126,35.6773,369.537,215.006,5273.21,0.865772,0,0.0224345
155.25,0.0966129,289.802,290.358,290.46,238.473,-4.8696,15.1148,34.8341,369.537,215.006,5273.21,0.866633,0,0.0225356
155.75,0.0944374,289.748,290.319,290.441,238.472,-4.96876,14.8265,33.9902,369.537,215.006,5273.21,0.867488,0,0.022183
156.25,0.09226,289.682,290.276,290.421,238.47,-5.06091,14.4411,33.1455,368.975,214.881,5273.21,0.868417,0,0.0224053
156.75,0.0900808,289.624,290.234,290.401,238.469,-5.16562,14.1319,32.3001,368.975,214.881,5273.21,0.869302,0,0.0220453
157.25,0.0878998,289.568,290.193,290.381,238.468,-5.2649,13.8416,31.4541,368.975,214.881,4016.82,0.870178,0,0.0221767
157.75,0.0857172,289.513,290.152,290.36,238.467,-5.36186,13.558,30.6073,368.975,214.881,4016.82,0.871047,0,0.0218566
158.25,0.0835328,289.445,290.108,290.339,238.465,-5.46342,13.1764,29.7599,368.389,214.757,4016.82,0.871986,0,0.0209659
158.75,0.0813468,289.385,290.065,290.317,238.464,-5.56783,12.8707,28.9119,368.389,214.757,956.226,0.872881,0,0.0227842
159.25,0.0791592,289.328,290.022,290.295,238.463,-5.66674,12.5842,28.0633,368.389,214.757,692.2,0.873764,0,0.0209736
159.75,0.07697,289.271,289.979,290.273,238.462,-5.76342,12.3044,27.214,368.389,214.757,692.2,0.87464,0,0.0201216
160.25,0.0747794,289.201,289.934,290.25,238.46,-5.86941,11.925,26.3642,367.782,214.63,692.2,0.875588,0,0.0198881
160.75,0.0725872,289.14,289.889,290.227,238.459,-5.97412,11.6224,25.5138,367.782,214.63,490.937,0.876489,0,0.0195728
161.25,0.0703937,289.081,289.844,290.204,238.458,-6.07312,11.3395,24.6628,367.782,214.63,490.937,0.877378,0,0.0194974
161.75,0.0681987,289.023,289.8,290.18,238.457,-6.16981,11.0637,23.8113,367.782,214.63,490.937,0.878257,0,0.0192824
162.25,0.0660024,288.951,289.753,290.156,238.455,-6.27926,10.6869,22.9593,367.155,214.499,490.937,0.87921,0,0.0192935
162.75,0.0638048,288.888,289.706,290.132,238.454,-6.38442,10.3881,22.1068,367.155,214.499,490.937,0.880114,0,0.0190829
163.25,0.061606,288.828,289.661,290.107,238.453,-6.48367,10.1095,21.2538,367.155,214.499,490.937,0.881003,0,0.0190362
163.75,0.0594059,288.767,289.615,290.082,238.451,-6.58053,9.83798,20.4003,367.155,214.499,339.934,0.881884,0,0.0188576
164.25,0.0572047,288.693,289.566,290.057,238.45,-6.69419,9.46412,19.5464,366.507,214.365,339.934,0.882839,0,0.0188734
164.75,0.0550024,288.629,289.518,290.031,238.449,-6.79999,9.16942,18.6921,366.507,214.365,339.934,0.883744,0,0.0186836
165.25,0.052799,288.567,289.47,290.005,238.447,-6.89964,8.89537,17.8373,366.507,214.365,339.934,0.884633,0,0.0186379
165.75,0.0505945,288.505,289.423,289.979,238.446,-6.99679,8.6287,16.9821,366.507,214.365,339.934,0.885513,0,0.0184792
166.25,0.048389,288.43,289.372,289.952,238.445,-7.10399,8.26729,16.1949,365.837,214.228,339.934,0.886465,0,0.0184945
166.75,0.0461826,288.367,289.323,289.925,238.444,-7.19463,7.9923,15.4325,365.837,214.228,339.934,0.88736,0,0.0183161
167.25,0.0439753,288.305,289.275,289.898,238.442,-7.27777,7.74043,14.6699,365.837,214.228,339.934,0.888238,0,0.0182629
167.75,0.0417671,288.245,289.227,289.87,238.441,-7.35774,7.49705,13.9069,365.837,214.228,339.934,0.889104,0,0.0181075
168.25,0.0395582,288.17,289.176,289.842,238.44,-7.46965,7.15163,13.1436,365.152,214.093,339.934,0.890044,0,0.0169638
168.75,0.0373484,288.106,289.126,289.814,238.438,-7.55914,6.88603,12.3801,365.152,214.093,339.934,0.890929,0,0.0186945
169.25,0.0351379,288.044,289.077,289.785,238.437,-7.64177,6.6418,11.6164,365.152,214.093,339.934,0.891798,0,0.0152479
169.75,0.0329267,287.983,289.028,289.757,238.436,-7.72155,6.40529,10.8523,365.152,214.093,226.649,0.892656,0,0.0197106
170.25,0.0307148,287.907,288.976,289.728,238.434,-7.83794,6.0665,10.0881,364.455,213.956,226.649,0.89359,0,0.00852078
170.75,0.0285024,287.842,288.925,289.698,238.433,-7.92791,5.80699,9.32368,364.455,213.956,226.649,0.894468,0,0.0241495
171.25,0.0262894,287.779,288.875,289.669,238.431,-8.01094,5.5687,8.55904,364.455,213.956,226.649,0.895332,0,0.00688336
171.75,0.0240758,287.716,288.825,289.639,238.43,-8.09109,5.33799,7.79423,364.455,213.956,226.649,0.896184,0,0.0265716
172.25,0.0218618,287.639,288.772,289.609,238.429,-8.21072,5.0047,7.02926,363.746,213.817,226.649,0.897115,0,0.006794
172.75,0.0196474,287.573,288.72,289.578,238.428,-8.29991,4.75185,6.27338,363.746,213.817,226.649,0.897989,0,0.0248256
173.25,0.0174326,287.51,288.669,289.548,238.426,-8.37415,4.52688,5.56619,363.746,213.817,226.649,0.898844,0,0.00662181
173.75,0.0152174,287.448,288.618,289.517,238.425,-8.44443,4.31149,4.8589,363.746,213.817,226.649,0.899686,0,0.024155
174.25,0.013002,287.371,288.565,289.485,238.423,-8.55884,3.99499,4.15151,363.027,213.676,226.649,0.900605,0,0.00653665
174.75,0.0107863,287.306,288.512,289.454,238.422,-8.6392,3.75753,3.44403,363.027,213.676,226.649,0.901467,0,0.0238178
175.25,0.00857035,287.242,288.461,289.422,238.421,-8.71212,3.54154,2.73649,363.027,213.676,226.649,0.902313,0,0.00637394
175.75,0.00635425,287.182,288.41,289.391,238.419,-8.77905,3.32444,2.0289,363.027,213.676,226.649,0.903134,8.82191e-06,0.023511
176.25,0.00413804,287.108,288.356,289.358,238.418,-8.88581,2.97784,1.32127,362.3,213.537,226.649,0.903968,5.2135e-05,0.00629998
176.75,0.00192174,287.044,288.303,289.326,238.417,-8.95594,2.7292,0.613608,362.3,213.537,226.649,0.904742,8.52722e-05,0.0232792
177.25,0,286.983,288.252,289.293,238.415,-9.00572,2.51347,0,362.3,213.537,226.649,0.90548,0.000120051,0.00612952
177.75,0,286.936,288.203,289.261,238.414,-8.97465,2.41422,0,362.3,213.537,226.649,0.906186,0.000125736,0.0228603
178.25,0,286.88,288.155,289.228,238.412,-8.99481,2.20923,0,361.575,213.408,226.649,0.90685,0.000170276,0.00588162
178.75,0,286.836,288.109,289.195,238.411,-8.96027,2.12832,0,361.575,213.408,226.649,0.907506,0.000174487,0.0223458
179.25,0,286.796,288.064,289.161,238.41,-8.91191,2.06331,0,361.575,213.408,226.649,0.908151,0.000180555,0.00557236
179.75,0,286.758,288.022,289.128,238.409,-8.8588,2.0105,0,361.575,213.408,226.649,0.90879,0.000184351,0.0192194
180.25,0,286.711,287.978,289.095,238.407,-8.91388,1.85753,0,360.912,213.309,226.649,0.909403,0.000224375,0.00534025
180.75,0,286.673,287.937,289.062,238.406,-8.86981,1.79534,0,360.912,213.309,226.649,0.910002,0.000229225,0.0237738
181.25,0,286.638,287.897,289.029,238.405,-8.81868,1.74909,0,360.912,213.309,226.649,0.910591,0.000232386,0.00506354
181.75,0,286.604,287.858,288.996,238.403,-8.76422,1.70875,0,360.912,213.309,226.649,0.911172,0.000234989,0.00849641
182.25,0,286.562,287.818,288.963,238.402,-8.81656,1.57327,0,360.303,213.222,226.649,0.911709,0.000276131,0.0249883
182.75,0,286.527,287.78,288.93,238.401,-8.77488,1.52666,0,360.303,213.222,226.649,0.91225,0.000277817,0.00468178
183.25,0,286.495,287.743,288.898,238.4,-8.72522,1.48943,0,360.303,213.222,226.649,0.91279,0.000280113,0.00619241
183.75,0,286.465,287.707,288.865,238.399,-8.67261,1.45681,0,360.303,213.222,226.649,0.91333,0.000281826,0.0222604
184.25,0,286.425,287.67,288.833,238.397,-8.72407,1.33346,0,359.722,213.144,226.649,0.913847,0.000321861,0.00442314
184.75,0,286.394,287.634,288.801,238.396,-8.68236,1.29238,0,359.722,213.144,226.649,0.914364,0.000322986,0.00711474
185.25,0,286.364,287.6,288.769,238.395,-8.63372,1.25996,0,359.722,213.144,226.649,0.91488,0.000324742,0.0201888
185.75,0,286.336,287.566,288.737,238.394,-8.58221,1.2313,0,359.722,213.144,226.649,0.915394,0.000326155,0.00406178
186.25,0,286.299,287.531,288.706,238.393,-8.6299,1.12046,0,359.184,213.068,226.649,0.915876,0.000363589,0.00770106
186.75,0,286.269,287.497,288.674,238.392,-8.5885,1.08234,0,359.184,213.068,226.649,0.916363,0.000365873,0.0185373
187.25,0,286.241,287.464,288.643,238.39,-8.54129,1.05402,0,359.184,213.068,226.649,0.916846,0.000367367,0.00382751
187.75,0,286.215,287.432,288.612,238.389,-8.49177,1.02912,0,359.184,213.068,226.649,0.917328,0.000368518,0.00779744
188.25,0,286.18,287.4,288.581,238.388,-8.53723,0.924968,0,358.67,212.997,226.649,0.917778,0.000406317,0.0174108
188.75,0,286.152,287.368,288.551,238.387,-8.49877,0.893098,0,358.67,212.997,226.649,0.918234,0.00040664,0.00354438
189.25,0,286.126,287.337,288.52,238.386,-8.45409,0.868337,0,358.67,212.997,226.649,0.918693,0.000407415,0.00768008
189.75,0,286.1,287.306,288.49,238.385,-8.40679,0.846442,0,358.67,212.997,226.649,0.919154,0.000407882,0.00758667
190.25,0,286.067,287.275,288.46,238.384,-8.44938,0.745985,0,358.176,212.93,226.649,0.919594,0.000447081,0.0179227
190.75,0,286.041,287.244,288.43,238.383,-8.4115,0.716587,0,358.176,212.93,226.649,0.920036,0.000447275,0.00323282
191.25,0,286.016,287.215,288.401,238.382,-8.36771,0.693636,0,358.176,212.93,226.649,0.920479,0.000448121,0.00571459
191.75,0,285.992,287.186,288.371,238.381,-8.32156,0.673422,0,358.176,212.93,226.649,0.920922,0.000448695,0.00833372
192.25,0,285.96,287.156,288.342,238.38,-8.36265,0.578145,0,357.701,212.866,226.649,0.921344,0.000486833,0.00569901
192.75,0,285.935,287.126,288.313,238.379,-8.32575,0.55078,0,357.701,212.866,226.649,0.921769,0.000487237,0.0200429
193.25,0,285.911,287.098,288.284,238.378,-8.28326,0.529599,0,357.701,212.866,226.649,0.922194,0.000488185,0.0029139
193.75,0,285.888,287.07,288.256,238.377,-8.23864,0.511126,0,357.701,212.866,226.649,0.922616,0.000488773,0.00281713
194.25,0,285.858,287.041,288.227,238.376,-8.27932,0.422836,0,357.245,212.804,226.649,0.923014,0.000524585,0.00902968
194.75,0,285.833,287.013,288.199,238.375,-8.24437,0.398008,0,357.245,212.804,226.649,0.923416,0.000524565,0.00393754
195.25,0,285.811,286.986,288.171,238.374,-8.20263,0.376979,0,357.245,212.804,226.649,0.923822,0.000526689,0.00824161
195.75,0,285.789,286.959,288.143,238.373,-8.15939,0.360183,0,357.245,212.804,226.649,0.924227,0.000527283,0.00410332
196.25,0,285.76,286.932,288.115,238.372,-8.19747,0.276027,0,356.808,212.744,226.649,0.92461,0.0005633,0.00760047
196.75,0,285.736,286.905,288.088,238.371,-8.16333,0.252878,0,356.808,212.744,226.649,0.924997,0.000563491,0.00421076
197.25,0,285.714,286.879,288.06,238.37,-8.12394,0.235284,0,356.808,212.744,226.649,0.925387,0.000564092,0.0271869
197.75,0,285.693,286.853,288.033,238.369,-8.08258,0.220106,0,356.808,212.744,226.649,0.925778,0.000564271,0.00236215
198.25,0,285.665,286.826,288.006,238.368,-8.12031,0.136488,0,356.375,212.689,226.649,0.926152,0.000601131,0.00236065
198.75,0,285.643,286.8,287.979,238.367,-8.08713,0.114557,0,356.375,212.689,226.649,0.92653,0.000601402,0.00226295
199.25,0,285.621,286.775,287.953,238.366,-8.04877,0.0979343,0,356.375,212.689,226.649,0.926909,0.000602127,0.00531236
199.75,0,285.601,286.75,287.926,238.365,-8.00835,0.0835249,0,356.375,212.689,226.649,0.927288,0.000602527,0.00525
200.25,0,285.574,286.724,287.9,238.364,-8.04367,0.00709123,0,355.97,212.632,226.649,0.927653,0.000636713,0.00511462
200.75,0,285.553,286.699,287.874,238.363,-8.0119,0.00177494,0,355.97,212.632,226.649,0.928013,0.000736219,0.0050308
201.25,0,285.532,286.675,287.848,238.362,-7.9781,-0.0172765,0,355.97,212.632,226.649,0.928376,0.000737972,0.00488992
201.75,0,285.512,286.651,287.822,238.362,-7.94083,-0.0328577,0,355.97,212.632,226.649,0.92874,0.000738354,0.00480916
202.25,0,285.486,286.626,287.796,238.361,-7.97686,-0.108481,0,355.575,212.577,226.649,0.92909,0.000773511,0.0047109
202.75,0,285.465,286.601,287.77,238.36,-7.94638,-0.128886,0,355.575,212.577,226.649,0.929443,0.00077217,0.00460532
203.25,0,285.445,286.577,287.745,238.359,-7.91085,-0.144055,0,355.575,212.577,226.649,0.929797,0.000771879,0.00449607
203.75,0,285.426,286.554,287.72,238.358,-7.87325,-0.157042,0,355.575,212.577,226.649,0.930151,0.000771345,0.00440432
204.25,0,285.4,286.53,287.695,238.357,-7.90562,-0.23104,0,355.19,212.525,226.649,0.93049,0.000807207,0.00433345
204.75,0,285.38,286.506,287.67,238.356,-7.87512,-0.249676,0,355.19,212.525,226.649,0.930833,0.000805847,0.00421924
205.25,0,285.361,286.483,287.645,238.355,-7.83994,-0.263488,0,355.19,212.525,226.649,0.931176,0.000805567,0.00413447
205.75,0,285.342,286.46,287.62,238.354,-7.80292,-0.275321,0,355.19,212.525,226.649,0.93152,0.00080506,0.00403693
206.25,0,285.318,286.437,287.596,238.354,-7.83544,-0.344609,0,354.816,212.473,226.649,0.931851,0.000838777,0.0039885
206.75,0,285.298,286.414,287.571,238.353,-7.80555,-0.362214,0,354.816,212.473,226.649,0.932183,0.000837303,0.00387016
207.25,0,285.279,286.392,287.547,238.352,-7.77115,-0.37509,0,354.816,212.473,226.649,0.932517,0.000836842,0.00380437
207.75,0,285.261,286.369,287.523,238.351,-7.73499,-0.386065,0,354.816,212.473,226.649,0.932851,0.000836168,0.0037046
208.25,0,285.237,286.347,287.499,238.35,-7.76564,-0.454345,0,354.453,212.423,226.649,0.933171,0.000870114,0.00367265
208.75,0,285.218,286.324,287.475,238.349,-7.73634,-0.470831,0,354.453,212.423,226.649,0.933493,0.000868832,0.00355294
209.25,0,285.2,286.303,287.451,238.348,-7.70276,-0.482771,0,354.453,212.423,226.649,0.933817,0.000868472,0.00350241
209.75,0,285.183,286.281,287.427,238.348,-7.66752,-0.49285,0,354.453,212.423,226.649,0.93414,0.00086786,0.00340279
210.25,0,285.159,286.259,287.404,238.347,-7.6983,-0.557192,0,354.099,212.375,226.649,0.934449,0.00090049,0.00338569
210.75,0,285.141,286.237,287.381,238.346,-7.66997,-0.572664,0,354.099,212.375,226.649,0.934762,0.00089903,0.00326666
211.25,0,285.123,286.216,287.357,238.345,-7.63735,-0.583778,0,354.099,212.375,226.649,0.935075,0.000898502,0.00322839
211.75,0,285.106,286.195,287.334,238.344,-7.60305,-0.593145,0,354.099,212.375,226.649,0.935389,0.00089775,0.00313001
212.25,0,285.083,286.173,287.311,238.343,-7.63304,-0.655263,0,353.753,212.328,226.649,0.935689,0.000929299,0.0031242
212.75,0,285.065,286.152,287.288,238.343,-7.60541,-0.669927,0,353.753,212.328,226.649,0.935993,0.000927737,0.00300659
213.25,0,285.048,286.132,287.266,238.342,-7.57359,-0.680368,0,353.753,212.328,226.649,0.936298,0.000927086,0.00297846
213.75,0,285.032,286.111,287.243,238.341,-7.53918,-0.690632,0,353.753,212.328,226.649,0.936604,0.000927559,0.00288097
214.25,0,285.01,286.09,287.221,238.34,-7.56805,-0.750977,0,353.416,212.281,226.649,0.936897,0.000959367,0.00288441
214.75,0,284.992,286.07,287.198,238.339,-7.5409,-0.764946,0,353.416,212.281,226.649,0.937193,0.000958103,0.00276873
215.25,0,284.975,286.05,287.176,238.339,-7.50972,-0.774813,0,353.416,212.281,226.649,0.93749,0.000957663,0.00274913
215.75,0,284.959,286.03,287.154,238.338,-7.47694,-0.783046,0,353.416,212.281,226.649,0.937787,0.000956979,0.00265511
216.25,0,284.937,286.009,287.132,238.337,-7.50532,-0.841531,0,353.087,212.236,226.649,0.938073,0.00098787,0.00266662
216.75,0,284.92,285.989,287.11,238.336,-7.479,-0.854714,0,353.087,212.236,226.649,0.938362,0.000986425,0.00255323
217.25,0,284.904,285.969,287.088,238.336,-7.44867,-0.863939,0,353.087,212.236,226.649,0.938652,0.000985792,0.00254098
217.75,0,284.888,285.95,287.066,238.335,-7.41675,-0.871597,0,353.087,212.236,226.649,0.938942,0.000984935,0.00244951
218.25,0,284.867,285.93,287.045,238.334,-7.44369,-0.92966,0,352.765,212.192,226.649,0.939222,0.00101588,0.0024672
218.75,0,284.85,285.91,287.023,238.333,-7.41778,-0.942247,0,352.765,212.192,226.649,0.939504,0.00101474,0.00235619
219.25,0,284.834,285.891,287.002,238.332,-7.38798,-0.951009,0,352.765,212.192,226.649,0.939787,0.00101435,0.00235034
219.75,0,284.819,285.872,286.98,238.332,-7.35667,-0.958242,0,352.765,212.192,226.649,0.94007,0.00101371,0.00226146
220.25,0,284.798,285.852,286.959,238.331,-7.38385,-1.01338,0,352.451,212.149,226.649,0.940344,0.00104387,0.00228589
220.75,0,284.782,285.833,286.938,238.33,-7.35853,-1.02552,0,352.451,212.149,226.649,0.940619,0.00104271,0.00217733
221.25,0,284.766,285.814,286.917,238.329,-7.3294,-1.03386,0,352.451,212.149,226.649,0.940896,0.00104224,0.00217714
221.75,0,284.751,285.796,286.896,238.329,-7.29878,-1.0407,0,352.451,212.149,226.649,0.941173,0.00104152,0.00209082
222.25,0,284.731,285.776,286.875,238.328,-7.32542,-1.09431,0,352.142,212.106,226.649,0.94144,0.00107088,0.00212064
222.75,0,284.715,285.758,286.855,238.327,-7.30065,-1.10594,0,352.142,212.106,226.649,0.941709,0.00106965,0.00201448
223.25,0,284.7,285.739,286.834,238.326,-7.27216,-1.11386,0,352.142,212.106,226.649,0.941979,0.0010691,0.00201929
223.75,0,284.685,285.721,286.813,238.326,-7.24219,-1.12031,0,352.142,212.106,226.649,0.94225,0.0010683,0.00193543
224.25,0,284.665,285.702,286.793,238.325,-7.26747,-1.17382,0,351.84,212.065,226.649,0.94251,0.00109822,0.00196938
224.75,0,284.649,285.684,286.773,238.324,-7.24311,-1.18488,0,351.84,212.065,226.649,0.942773,0.00109729,0.00186548
225.25,0,284.634,285.666,286.753,238.323,-7.21512,-1.19238,0,351.84,212.065,226.649,0.943037,0.00109697,0.00187471
225.75,0,284.62,285.648,286.732,238.323,-7.18571,-1.19845,0,351.84,212.065,226.649,0.943301,0.00109638,0.00179316
226.25,0,284.601,285.63,286.712,238.322,-7.21115,-1.24941,0,351.543,212.024,226.649,0.943556,0.00112528,0.0018319
226.75,0,284.585,285.612,286.692,238.321,-7.18741,-1.26004,0,351.543,212.024,226.649,0.943813,0.00112428,0.0017303
227.25,0,284.571,285.594,286.673,238.321,-7.16014,-1.26709,0,351.543,212.024,226.649,0.94407,0.00112383,0.00174365
227.75,0,284.557,285.576,286.653,238.32,-7.13146,-1.27273,0,351.543,212.024,226.649,0.944328,0.0011231,0.00166442
228.25,0,284.537,285.558,286.633,238.319,-7.15661,-1.32223,0,351.253,211.984,226.649,0.944577,0.00115117,0.00170717
228.75,0,284.522,285.541,286.613,238.318,-7.13345,-1.33235,0,351.253,211.984,226.649,0.944828,0.00115007,0.00160767
229.25,0,284.508,285.523,286.594,238.318,-7.10676,-1.33902,0,351.253,211.984,226.649,0.94508,0.00114953,0.00162457
229.75,0,284.494,285.506,286.574,238.317,-7.07868,-1.34432,0,351.253,211.984,226.649,0.945332,0.00114872,0.00154738
230.25,0,284.475,285.489,286.555,238.316,-7.10253,-1.39392,0,350.967,211.944,226.649,0.945576,0.00117749,0.00159261
230.75,0,284.461,285.471,286.536,238.316,-7.07965,-1.40363,0,350.967,211.944,226.649,0.945821,0.00117672,0.00149499
231.25,0,284.447,285.454,286.517,238.315,-7.05338,-1.40996,0,350.967,211.944,226.649,0.946068,0.00117644,0.00151503
231.75,0,284.433,285.438,286.497,238.314,-7.02576,-1.41497,0,350.967,211.944,226.649,0.946315,0.00117585,0.00143971
232.25,0,284.415,285.42,286.479,238.313,-7.04989,-1.46223,0,350.687,211.906,226.649,0.946553,0.00120355,0.00148871
232.75,0,284.4,285.403,286.46,238.313,-7.02755,-1.4716,0,350.687,211.906,226.649,0.946794,0.00120276,0.00139289
233.25,0,284.386,285.386,286.441,238.312,-7.00183,-1.47765,0,350.687,211.906,226.649,0.947035,0.00120241,0.00141579
233.75,0,284.373,285.37,286.422,238.311,-6.97476,-1.48239,0,350.687,211.906,226.649,0.947277,0.00120177,0.00134226
234.25,0,284.355,285.353,286.403,238.311,-6.99851,-1.52854,0,350.411,211.868,226.649,0.947511,0.00122884,0.00139393
234.75,0,284.341,285.336,286.385,238.31,-6.97662,-1.53756,0,350.411,211.868,226.649,0.947746,0.00122799,0.00129982
235.25,0,284.327,285.32,286.366,238.309,-6.95139,-1.54332,0,350.411,211.868,226.649,0.947983,0.00122757,0.00132528
235.75,0,284.314,285.304,286.347,238.309,-6.92484,-1.54779,0,350.411,211.868,226.649,0.94822,0.00122686,0.00125341
236.25,0,284.296,285.287,286.329,238.308,-6.94759,-1.59395,0,350.14,211.83,226.649,0.948449,0.00125437,0.00130681
236.75,0,284.282,285.27,286.311,238.307,-6.92596,-1.60261,0,350.14,211.83,226.649,0.94868,0.00125388,0.00121425
237.25,0,284.269,285.254,286.293,238.306,-6.9011,-1.60808,0,350.14,211.83,226.649,0.948912,0.00125372,0.00124197
237.75,0,284.256,285.238,286.274,238.306,-6.87496,-1.6123,0,350.14,211.83,226.649,0.949144,0.00125323,0.00117162
238.25,0,284.239,285.222,286.256,238.305,-6.89786,-1.65651,0,349.873,211.793,226.649,0.949368,0.00127998,0.00122772
238.75,0,284.225,285.206,286.238,238.304,-6.87674,-1.66487,0,349.873,211.793,226.649,0.949595,0.00127944,0.00113667
239.25,0,284.212,285.19,286.22,238.304,-6.85245,-1.67002,0,349.873,211.793,226.649,0.949823,0.00127916,0.00116649
239.75,0,284.199,285.174,286.202,238.303,-6.82688,-1.67395,0,349.873,211.793,226.649,0.950051,0.00127856,0.0010976
240.25,0,284.182,285.158,286.184,238.302,-6.84955,-1.71712,0,349.611,211.757,226.649,0.950271,0.00130467,0.00115563
240.75,0,284.168,285.142,286.167,238.302,-6.82888,-1.72513,0,349.611,211.757,226.649,0.950494,0.00130403,0.00106601
241.25,0,284.156,285.127,286.149,238.301,-6.80502,-1.73006,0,349.611,211.757,226.649,0.950717,0.00130369,0.00109767
241.75,0,284.143,285.111,286.131,238.3,-6.77989,-1.73377,0,349.611,211.757,226.649,0.950941,0.00130304,0.00103013
242.25,0,284.126,285.095,286.114,238.3,-6.80161,-1.77706,0,349.353,211.721,226.649,0.951157,0.00132955,0.0010893
242.75,0,284.113,285.08,286.096,238.299,-6.78118,-1.78475,0,349.353,211.721,226.649,0.951376,0.00132928,0.00100098
243.25,0,284.1,285.065,286.079,238.298,-6.75764,-1.78944,0,349.353,211.721,226.649,0.951595,0.00132922,0.00103426
243.75,0,284.088,285.049,286.061,238.298,-6.73288,-1.79294,0,349.353,211.721,226.649,0.951815,0.00132881,0.000967951
244.25,0,284.071,285.034,286.044,238.297,-6.7548,-1.83444,0,349.098,211.686,226.649,0.952027,0.00135465,0.00102909
244.75,0,284.058,285.018,286.027,238.296,-6.73523,-1.84079,0,349.098,211.686,226.649,0.952242,0.00137544,0.000942531
245.25,0,284.046,285.003,286.01,238.296,-6.71226,-1.84555,0,349.098,211.686,226.649,0.952457,0.00137661,0.000977267
245.75,0,284.034,284.988,285.993,238.295,-6.68801,-1.84904,0,349.098,211.686,226.649,0.952673,0.00137714,0.00091211
246.25,0,284.017,284.973,285.976,238.294,-6.70966,-1.88986,0,348.847,211.651,226.649,0.952882,0.0014035,0.000974525
246.75,0,284.004,284.958,285.959,238.294,-6.68958,-1.89797,0,348.847,211.651,226.649,0.953093,0.0014063,0.0008882
247.25,0,283.992,284.943,285.942,238.293,-6.66676,-1.90228,0,348.847,211.651,226.649,0.953304,0.00140749,0.000924234
247.75,0,283.98,284.928,285.925,238.292,-6.64277,-1.90545,0,348.847,211.651,226.649,0.953516,0.00140811,0.000860161
248.25,0,283.964,284.913,285.908,238.292,-6.66398,-1.94545,0,348.6,211.616,226.649,0.953721,0.0014345,0.000923701
248.75,0,283.951,284.898,285.891,238.291,-6.64455,-1.95253,0,348.6,211.616,226.649,0.953928,0.00143675,0.000838844
249.25,0,283.939,284.884,285.875,238.29,-6.62212,-1.95667,0,348.6,211.616,226.649,0.954136,0.00143788,0.000876058
249.75,0,283.928,284.869,285.858,238.29,-6.59852,-1.95967,0,348.6,211.616,226.649,0.954344,0.00143841,0.000813012
250.25,0,283.912,284.854,285.842,238.289,-6.61948,-1.9989,0,348.356,211.582,226.649,0.954546,0.0014643,0.000877558
250.75,0,283.899,284.84,285.825,238.288,-6.60038,-2.00573,0,348.356,211.582,226.649,0.954749,0.00146643,0.000793763
251.25,0,283.887,284.825,285.809,238.288,-6.57832,-2.00968,0,348.356,211.582,226.649,0.954953,0.00146746,0.000832015
251.75,0,283.876,284.811,285.792,238.287,-6.55509,-2.01249,0,348.356,211.582,226.649,0.955158,0.00146791,0.00076994
252.25,0,283.86,284.796,285.776,238.286,-6.57555,-2.05146,0,348.115,211.549,226.649,0.955356,0.00149397,0.000835125
252.75,0,283.848,284.782,285.76,238.286,-6.55668,-2.05803,0,348.115,211.549,226.649,0.955556,0.00149638,0.000752313
253.25,0,283.836,284.768,285.743,238.285,-6.53487,-2.06187,0,348.115,211.549,226.649,0.955757,0.00149796,0.000791425
253.75,0,283.824,284.754,285.727,238.285,-6.51195,-2.06451,0,348.115,211.549,226.649,0.955958,0.00149986,0.000730238
254.25,0,283.809,284.739,285.711,238.284,-6.5323,-2.10235,0,347.878,211.516,226.649,0.956153,0.00152733,0.000796374
254.75,0,283.797,284.725,285.695,238.283,-6.51374,-2.10877,0,347.878,211.516,226.649,0.95635,0.00153197,0.000714499
255.25,0,283.785,284.711,285.679,238.283,-6.4923,-2.11236,0,347.878,211.516,226.649,0.956547,0.00153457,0.000754455
255.75,0,283.774,284.697,285.663,238.282,-6.46974,-2.11486,0,347.878,211.516,226.649,0.956745,0.00153637,0.000694128
256.25,0,283.759,284.683,285.647,238.281,-6.48986,-2.15201,0,347.644,211.483,226.649,0.956937,0.00156334,0.000760913
256.75,0,283.747,284.669,285.631,238.281,-6.47162,-2.1582,0,347.644,211.483,226.649,0.95713,0.00156782,0.000679968
257.25,0,283.735,284.655,285.616,238.28,-6.45056,-2.16159,0,347.644,211.483,226.649,0.957325,0.00157027,0.000720681
257.75,0,283.724,284.641,285.6,238.279,-6.42839,-2.16389,0,347.644,211.483,226.649,0.957519,0.00157192,0.000661213
258.25,0,283.709,284.627,285.584,238.279,-6.44831,-2.20035,0,347.412,211.451,226.649,0.957708,0.00159839,0.000728583
258.75,0,283.697,284.613,285.569,238.278,-6.43038,-2.20632,0,347.412,211.451,226.649,0.957898,0.0016027,0.000648529
259.25,0,283.686,284.6,285.553,238.278,-6.40965,-2.20954,0,347.412,211.451,226.649,0.958089,0.00160503,0.000689863
259.75,0,283.675,284.586,285.537,238.277,-6.38782,-2.21169,0,347.412,211.451,226.649,0.958281,0.00160658,0.000631161
260.25,0,283.66,284.572,285.522,238.276,-6.40751,-2.24752,0,347.184,211.419,226.649,0.958466,0.00163259,0.000698998
260.75,0,283.649,284.559,285.507,238.276,-6.38986,-2.2533,0,347.184,211.419,226.649,0.958654,0.00163676,0.000619769
261.25,0,283.638,284.545,285.491,238.275,-6.36944,-2.25638,0,347.184,211.419,226.649,0.958842,0.00163898,0.000661644
261.75,0,283.627,284.532,285.476,238.274,-6.34793,-2.2584,0,347.184,211.419,226.649,0.95903,0.00164043,0.000603667
262.25,0,283.612,284.518,285.461,238.274,-6.3674,-2.29362,0,346.958,211.388,226.649,0.959213,0.001666,0.00067189
262.75,0,283.601,284.505,285.445,238.273,-6.35001,-2.29922,0,346.958,211.388,226.649,0.959398,0.00167005,0.000593451
263.25,0,283.59,284.491,285.43,238.273,-6.3299,-2.30215,0,346.958,211.388,226.649,0.959583,0.00167216,0.000635794
263.75,0,283.579,284.478,285.415,238.272,-6.3087,-2.30404,0,346.958,211.388,226.649,0.959768,0.00167352,0.000578504
264.25,0,283.564,284.465,285.4,238.271,-6.32795,-2.33868,0,346.735,211.356,226.649,0.959949,0.00169866,0.000647042
264.75,0,283.553,284.451,285.385,238.271,-6.31083,-2.34411,0,346.735,211.356,226.649,0.96013,0.00170258,0.000569358
265.25,0,283.542,284.438,285.37,238.27,-6.29101,-2.34691,0,346.735,211.356,226.649,0.960313,0.0017046,0.000612103
265.75,0,283.532,284.426,285.355,238.269,-6.27011,-2.34868,0,346.735,211.356,226.649,0.960495,0.00170587,0.000555465
266.25,0,283.517,284.412,285.34,238.269,-6.28916,-2.38276,0,346.515,211.325,226.649,0.960673,0.0017306,0.000624253
266.75,0,283.506,284.399,285.325,238.268,-6.2723,-2.38802,0,346.515,211.325,226.649,0.960852,0.00173441,0.000547295
267.25,0,283.495,284.386,285.31,238.268,-6.25275,-2.39069,0,346.515,211.325,226.649,0.961032,0.00173633,0.000590379
267.75,0,283.485,284.373,285.296,238.267,-6.23216,-2.39235,0,346.515,211.325,226.649,0.961212,0.00173752,0.000534364
268.25,0,283.471,284.36,285.281,238.266,-6.251,-2.42589,0,346.297,211.295,226.649,0.961387,0.00176185,0.000603341
268.75,0,283.46,284.347,285.266,238.266,-6.23438,-2.43099,0,346.297,211.295,226.649,0.961563,0.00176554,0.00052708
269.25,0,283.449,284.334,285.252,238.265,-6.21512,-2.43354,0,346.297,211.295,226.649,0.96174,0.00176738,0.000570451
269.75,0,283.439,284.322,285.237,238.264,-6.1948,-2.4351,0,346.297,211.295,226.649,0.961918,0.00176849,0.000515028
270.25,0,283.425,284.309,285.222,238.264,-6.21346,-2.4681,0,346.082,211.265,226.649,0.96209,0.00179244,0.000584141
270.75,0,283.414,284.296,285.208,238.263,-6.19708,-2.47306,0,346.082,211.265,226.649,0.962264,0.00179603,0.000508552
271.25,0,283.404,284.283,285.194,238.263,-6.17808,-2.4755,0,346.082,211.265,226.649,0.962439,0.00179778,0.000552158
271.75,0,283.393,284.271,285.179,238.262,-6.15804,-2.47695,0,346.082,211.265,226.649,0.962614,0.00179881,0.000497302
272.25,0,283.38,284.258,285.165,238.261,-6.17651,-2.50945,0,345.869,211.235,226.649,0.962784,0.0018224,0.000566502
272.75,0,283.369,284.245,285.15,238.261,-6.16036,-2.51427,0,345.869,211.235,226.649,0.962955,0.00182587,0.000491561
273.25,0,283.358,284.233,285.136,238.26,-6.14162,-2.51659,0,345.869,211.235,226.649,0.963127,0.00182754,0.000535358
273.75,0,283.348,284.221,285.122,238.26,-6.12186,-2.51794,0,345.869,211.235,226.649,0.9633,0.00182851,0.000481044
274.25,0,283.335,284.208,285.108,238.259,-6.14014,-2.54995,0,345.658,211.205,226.649,0.963467,0.00185174,0.000550287
274.75,0,283.324,284.195,285.094,238.258,-6.12422,-2.55463,0,345.658,211.205,226.649,0.963637,0.00185512,0.000475972
275.25,0,283.314,284.183,285.079,238.258,-6.10573,-2.55685,0,345.658,211.205,226.649,0.963806,0.00185671,0.000519919
275.75,0,283.304,284.171,285.065,238.257,-6.08623,-2.55811,0,345.658,211.205,226.649,0.963976,0.00185761,0.000466124
276.25,0,283.29,284.158,285.051,238.257,-6.10434,-2.58965,0,345.45,211.176,226.649,0.964142,0.00188049,0.000535371
276.75,0,283.28,284.146,285.037,238.256,-6.08864,-2.5942,0,345.45,211.176,226.649,0.964309,0.00188377,0.000461662
277.25,0,283.27,284.134,285.023,238.255,-6.07039,-2.59631,0,345.45,211.176,226.649,0.964476,0.00188529,0.000505721
277.75,0,283.26,284.122,285.009,238.255,-6.05114,-2.59748,0,345.45,211.176,226.649,0.964644,0.00188612,0.000452425
278.25,0,283.247,284.109,284.996,238.254,-6.06908,-2.62856,0,345.244,211.147,226.649,0.964807,0.00190867,0.000521639
278.75,0,283.236,284.097,284.982,238.254,-6.05359,-2.63299,0,345.244,211.147,226.649,0.964972,0.00191187,0.000448518
279.25,0,283.226,284.085,284.968,238.253,-6.03559,-2.63501,0,345.244,211.147,226.649,0.965137,0.00191332,0.000492655
279.75,0,283.216,284.073,284.954,238.252,-6.01659,-2.63609,0,345.244,211.147,226.649,0.965303,0.00191409,0.00043984
280.25,0,283.203,284.061,284.94,238.252,-6.03438,-2.66671,0,345.039,211.118,226.649,0.965464,0.0019363,0.000508998
280.75,0,283.193,284.049,284.927,238.251,-6.01915,-2.67096,0,345.039,211.118,226.649,0.965626,0.00193937,0.000436477
281.25,0,283.183,284.037,284.913,238.251,-6.00142,-2.67284,0,345.039,211.118,226.649,0.965789,0.00194071,0.000480693
281.75,0,283.173,284.025,284.899,238.25,-5.98271,-2.67379,0,345.039,211.118,226.649,0.965953,0.00194139,0.000428372
282.25,0,283.16,284.013,284.886,238.249,-6.00035,-2.70397,0,344.837,211.09,226.649,0.966112,0.00196328,0.000497445
282.75,0,283.15,284.001,284.872,238.249,-5.98532,-2.70811,0,344.837,211.09,226.649,0.966272,0.00196627,0.000425478
283.25,0,283.14,283.989,284.859,238.248,-5.96782,-2.7099,0,344.837,211.09,226.649,0.966433,0.00196755,0.000469714
283.75,0,283.131,283.977,284.845,238.248,-5.94934,-2.71078,0,344.837,211.09,226.649,0.966595,0.00196817,0.000417841
284.25,0,283.118,283.965,284.832,238.247,-5.96683,-2.74054,0,344.637,211.061,226.649,0.966752,0.00198976,0.000486791
284.75,0,283.107,283.953,284.819,238.246,-5.95199,-2.74457,0,344.637,211.061,226.649,0.96691,0.00199266,0.000415364
285.25,0,283.098,283.942,284.805,238.246,-5.93471,-2.74628,0,344.637,211.061,226.649,0.967069,0.00199389,0.000459595
285.75,0,283.088,283.93,284.792,238.245,-5.91646,-2.74709,0,344.637,211.061,226.649,0.967228,0.00199445,0.000408154
286.25,0,283.076,283.918,284.779,238.245,-5.93379,-2.77644,0,344.439,211.034,226.649,0.967384,0.00201575,0.000476958
286.75,0,283.066,283.907,284.765,238.244,-5.91914,-2.78037,0,344.439,211.034,226.649,0.96754,0.00201858,0.000406057
287.25,0,283.056,283.895,284.752,238.244,-5.90207,-2.78199,0,344.439,211.034,226.649,0.967697,0.00201974,0.000450261
287.75,0,283.047,283.884,284.739,238.243,-5.88404,-2.78273,0,344.439,211.034,226.649,0.967854,0.00202026,0.000399238
288.25,0,283.034,283.872,284.726,238.242,-5.90123,-2.81169,0,344.243,211.006,226.649,0.968008,0.00204126,0.000467875
288.75,0,283.024,283.86,284.713,238.242,-5.88677,-2.81551,0,344.243,211.006,226.649,0.968162,0.00204402,0.000397486
289.25,0,283.015,283.849,284.7,238.241,-5.8699,-2.81707,0,344.243,211.006,226.649,0.968317,0.00204513,0.000441642
289.75,0,283.005,283.838,284.687,238.241,-5.85209,-2.81773,0,344.243,211.006,226.649,0.968473,0.0020456,0.000391025
290.25,0,282.993,283.826,284.674,238.24,-5.86913,-2.84632,0,344.049,210.978,226.649,0.968624,0.00206633,0.000459476
290.75,0,282.983,283.815,284.661,238.239,-5.85485,-2.85004,0,344.049,210.978,226.649,0.968777,0.00206901,0.000389588
291.25,0,282.974,283.803,284.648,238.239,-5.83819,-2.85152,0,344.049,210.978,226.649,0.96893,0.00207006,0.000433677
291.75,0,282.964,283.792,284.635,238.238,-5.82059,-2.85212,0,344.049,210.978,226.649,0.969083,0.00207048,0.000383455
292.25,0,282.952,283.781,284.622,238.238,-5.83748,-2.88033,0,343.856,210.951,226.649,0.969233,0.00209094,0.000451701
292.75,0,282.942,283.769,284.609,238.237,-5.82338,-2.88396,0,343.856,210.951,226.649,0.969384,0.00209356,0.000382303
293.25,0,282.933,283.758,284.596,238.237,-5.80692,-2.88537,0,343.856,210.951,226.649,0.969535,0.00209456,0.000426308
293.75,0,282.924,283.747,284.583,238.236,-5.78952,-2.88591,0,343.856,210.951,226.649,0.969687,0.00209494,0.00037647
294.25,0,282.912,283.736,284.571,238.235,-5.80628,-2.91376,0,343.665,210.924,226.649,0.969835,0.00211514,0.000444496
294.75,0,282.902,283.724,284.558,238.235,-5.79234,-2.9173,0,343.665,210.924,226.649,0.969984,0.00211768,0.000375577
295.25,0,282.893,283.713,284.545,238.234,-5.77607,-2.91864,0,343.665,210.924,339.934,0.970133,0.00211864,0.000419484
295.75,0,282.884,283.703,284.533,238.234,-5.75888,-2.91912,0,343.665,210.924,339.934,0.970283,0.00211897,0.000370019
296.25,0,282.872,283.691,284.52,238.233,-5.7755,-2.94662,0,343.476,210.897,339.934,0.970429,0.00213891,0.000437811
296.75,0,282.862,283.68,284.507,238.233,-5.76173,-2.95007,0,343.476,210.897,339.934,0.970577,0.0021414,0.000369362
297.25,0,282.853,283.669,284.495,238.232,-5.74565,-2.95135,0,343.476,210.897,339.934,0.970724,0.00214231,0.000413157
297.75,0,282.844,283.658,284.482,238.231,-5.72865,-2.95178,0,343.476,210.897,339.934,0.970873,0.0021426,0.000364056
298.25,0,282.832,283.647,284.47,238.231,-5.74514,-2.97893,0,343.289,210.871,339.934,0.971017,0.00216229,0.000431603
298.75,0,282.822,283.636,284.457,238.23,-5.73154,-2.9823,0,343.289,210.871,339.934,0.971163,0.00216471,0.000363614
299.25,0,282.813,283.625,284.445,238.23,-5.71564,-2.98351,0,343.289,210.871,339.934,0.971309,0.00216558,0.000407284
299.75,0,282.805,283.615,284.433,238.229,-5.69883,-2.98388,0,343.289,210.871,339.934,0.971455,0.00216583,0.000358539
300.25,0,282.793,283.603,284.42,238.229,-5.71519,-3.01071,0,343.103,210.844,339.934,0.971598,0.00218528,0.000425828
300.75,0,282.783,283.592,284.408,238.228,-5.70175,-3.01399,0,343.103,210.844,339.934,0.971742,0.00218764,0.000358291
301.25,0,282.774,283.582,284.396,238.227,-5.68604,-3.01515,0,343.103,210.844,339.934,0.971887,0.00218846,0.000401827
301.75,0,282.766,283.571,284.383,238.227,-5.66946,-3.01541,0,343.103,210.844,339.934,0.972032,0.00218864,0.000353472
302.25,0,282.754,283.56,284.371,238.226,-5.68575,-3.04188,0,342.919,210.818,339.934,0.972173,0.00220783,0.000420524
302.75,0,282.744,283.549,284.359,238.226,-5.67252,-3.04503,0,342.919,210.818,339.934,0.972315,0.00221009,0.000353473
303.25,0,282.736,283.539,284.347,238.225,-5.65703,-3.04606,0,342.919,210.818,339.934,0.972458,0.00221083,0.000396908
303.75,0,282.727,283.528,284.334,238.225,-5.64065,-3.04628,0,342.919,210.818,339.934,0.972601,0.00221096,0.000348893
304.25,0,282.715,283.517,284.322,238.224,-5.65691,-3.07243,0,342.737,210.792,339.934,0.972741,0.00222993,0.000415669
304.75,0,282.706,283.507,284.31,238.224,-5.64384,-3.0755,0,342.737,210.792,339.934,0.972882,0.00223213,0.000349053
305.25,0,282.697,283.496,284.298,238.223,-5.62853,-3.07648,0,342.737,210.792,339.934,0.973023,0.00223283,0.000392333
305.75,0,282.689,283.486,284.286,238.222,-5.61232,-3.07665,0,342.737,210.792,339.934,0.973165,0.00223293,0.00034465
306.25,0,282.677,283.475,284.274,238.222,-5.62846,-3.10251,0,342.556,210.767,339.934,0.973303,0.00225168,0.000411144
306.75,0,282.668,283.464,284.262,238.221,-5.61556,-3.10551,0,342.556,210.767,339.934,0.973442,0.00225383,0.000344953
307.25,0,282.659,283.454,284.25,238.221,-5.60042,-3.10643,0,342.556,210.767,339.934,0.973582,0.00225449,0.000388073
307.75,0,282.651,283.444,284.238,238.22,-5.58439,-3.10655,0,342.556,210.767,339.934,0.973722,0.00225456,0.000340713
308.25,0,282.639,283.433,284.226,238.22,-5.60044,-3.13214,0,342.376,210.741,339.934,0.973858,0.00227311,0.000406921
308.75,0,282.63,283.422,284.214,238.219,-5.5877,-3.13506,0,342.376,210.741,339.934,0.973996,0.00227521,0.000341148
309.25,0,282.621,283.412,284.202,238.219,-5.57274,-3.13594,0,342.376,210.741,339.934,0.974134,0.00227582,0.0003841
309.75,0,282.613,283.402,284.191,238.218,-5.55689,-3.13601,0,342.376,210.741,339.934,0.974272,0.00227586,0.000337058
310.25,0,282.601,283.391,284.179,238.217,-5.57281,-3.1613,0,342.197,210.716,339.934,0.974407,0.00229419,0.000402971
310.75,0,282.592,283.381,284.167,238.217,-5.56022,-3.16416,0,342.197,210.716,339.934,0.974543,0.00229624,0.000337611
311.25,0,282.584,283.37,284.155,238.216,-5.54542,-3.16498,0,342.197,210.716,339.934,0.97468,0.00229683,0.000380389
311.75,0,282.576,283.36,284.143,238.216,-5.52974,-3.16502,0,342.197,210.716,339.934,0.974817,0.00229683,0.000333658
312.25,0,282.564,283.35,284.132,238.215,-5.54559,-3.19007,0,342.02,210.691,339.934,0.97495,0.00231499,0.000399277
312.75,0,282.555,283.34,284.12,238.215,-5.53317,-3.19286,0,342.02,210.691,339.934,0.975085,0.002317,0.000334319
313.25,0,282.547,283.329,284.108,238.214,-5.51854,-3.19364,0,342.02,210.691,339.934,0.97522,0.00231755,0.000376922
313.75,0,282.539,283.319,284.097,238.214,-5.50304,-3.19363,0,342.02,210.691,339.934,0.975355,0.00231752,0.000330494
314.25,0,282.527,283.309,284.085,238.213,-5.51878,-3.21841,0,341.845,210.666,339.934,0.975487,0.00233548,0.000395813
314.75,0,282.518,283.299,284.074,238.212,-5.5065,-3.22113,0,341.845,210.666,339.934,0.97562,0.00233744,0.000331253
315.25,0,282.51,283.289,284.062,238.212,-5.49204,-3.22187,0,341.845,210.666,339.934,0.975754,0.00233795,0.000373673
315.75,0,282.502,283.279,284.051,238.211,-5.47671,-3.22182,0,341.845,210.666,339.934,0.975888,0.0023379,0.000327544
316.25,0,282.491,283.268,284.039,238.211,-5.49233,-3.24631,0,341.67,210.641,339.934,0.976019,0.00235566,0.000392555
316.75,0,282.482,283.258,284.028,238.21,-5.48019,-3.24898,0,341.67,210.641,339.934,0.97615,0.00235757,0.00032839
317.25,0,282.473,283.248,284.016,238.21,-5.46588,-3.24966,0,341.67,210.641,339.934,0.976282,0.00235805,0.000370622
317.75,0,282.465,283.238,284.005,238.209,-5.45071,-3.24958,0,341.67,210.641,339.934,0.976415,0.00235797,0.000324789
318.25,0,282.454,283.228,283.993,238.209,-5.46627,-3.27385,0,341.497,210.616,339.934,0.976544,0.00237556,0.000389494
318.75,0,282.445,283.218,283.982,238.208,-5.45427,-3.27646,0,341.497,210.616,339.934,0.976674,0.00237743,0.000325716
319.25,0,282.437,283.208,283.971,238.208,-5.44012,-3.27711,0,341.497,210.616,339.934,0.976805,0.00237788,0.000367758
319.75,0,282.429,283.198,283.959,238.207,-5.42511,-3.27698,0,341.497,210.616,339.934,0.976936,0.00237778,0.000322214
320.25,0,282.418,283.188,283.948,238.207,-5.44063,-3.30098,0,341.325,210.592,339.934,0.977064,0.00239517,0.000386643
320.75,0,282.409,283.178,283.937,238.206,-5.42884,-3.30347,0,341.325,210.592,339.934,0.977193,0.00239696,0.000323288
321.25,0,282.401,283.169,283.926,238.205,-5.41491,-3.30401,0,341.325,210.592,339.934,0.977322,0.00239733,0.000365183
321.75,0,282.393,283.159,283.914,238.205,-5.40012,-3.30379,0,341.325,210.592,339.934,0.977452,0.00239715,0.000319968
322.25,0,282.382,283.149,283.903,238.204,-5.41554,-3.32753,0,341.154,210.568,339.934,0.977579,0.00241436,0.000384084
322.75,0,282.374,283.139,283.892,238.204,-5.40387,-3.32997,0,341.154,210.568,339.934,0.977706,0.0024161,0.000321105
323.25,0,282.366,283.129,283.881,238.203,-5.39009,-3.33047,0,341.154,210.568,339.934,0.977834,0.00241645,0.000362804
323.75,0,282.358,283.12,283.87,238.203,-5.37546,-3.33021,0,341.154,210.568,339.934,0.977963,0.00241624,0.000317869
324.25,0,282.347,283.11,283.859,238.202,-5.39077,-3.3537,0,340.985,210.544,339.934,0.978088,0.00243327,0.000381667
324.75,0,282.338,283.1,283.848,238.202,-5.37923,-3.35608,0,340.985,210.544,339.934,0.978214,0.00243497,0.000319063
325.25,0,282.33,283.09,283.836,238.201,-5.36559,-3.35654,0,340.985,210.544,339.934,0.978341,0.00243529,0.000360561
325.75,0,282.322,283.081,283.825,238.201,-5.35111,-3.35625,0,340.985,210.544,339.934,0.978468,0.00243506,0.000315905
326.25,0,282.312,283.071,283.814,238.2,-5.36633,-3.37951,0,340.817,210.52,339.934,0.978592,0.00245192,0.000379384
326.75,0,282.303,283.061,283.803,238.2,-5.35492,-3.38184,0,340.817,210.52,339.934,0.978717,0.00245358,0.00031715
327.25,0,282.295,283.051,283.793,238.199,-5.34142,-3.38226,0,340.817,210.52,339.934,0.978843,0.00245387,0.000358446
327.75,0,282.287,283.042,283.782,238.198,-5.32708,-3.38195,0,340.817,210.52,339.934,0.978968,0.00245363,0.000314063
328.25,0,282.277,283.032,283.771,238.198,-5.34228,-3.40504,0,340.649,210.496,339.934,0.979091,0.00247036,0.000377234
328.75,0,282.268,283.022,283.76,238.197,-5.331,-3.40733,0,340.649,210.496,339.934,0.979215,0.002472,0.000315357
329.25,0,282.26,283.013,283.749,238.197,-5.31764,-3.40772,0,340.649,210.496,339.934,0.979339,0.00247227,0.000356454
329.75,0,282.253,283.004,283.738,238.196,-5.30345,-3.40738,0,340.649,210.496,339.934,0.979464,0.002472,0.000312337
330.25,0,282.242,282.994,283.727,238.196,-5.31854,-3.43024,0,340.483,210.472,339.934,0.979585,0.00248857,0.000375194
330.75,0,282.234,282.984,283.716,238.195,-5.30738,-3.43248,0,340.483,210.472,339.934,0.979708,0.00249017,0.000313673
331.25,0,282.226,282.975,283.706,238.195,-5.29416,-3.43284,0,340.483,210.472,339.934,0.979831,0.00249041,0.000354569
331.75,0,282.218,282.966,283.695,238.194,-5.2801,-3.43247,0,340.483,210.472,339.934,0.979954,0.00249013,0.000310715
332.25,0,282.207,282.956,283.684,238.194,-5.2951,-3.45509,0,340.318,210.449,339.934,0.980075,0.00250652,0.000373253
332.75,0,282.199,282.946,283.673,238.193,-5.28406,-3.45728,0,340.318,210.449,339.934,0.980196,0.00250808,0.000312088
333.25,0,282.191,282.937,283.663,238.193,-5.27097,-3.45761,0,340.318,210.449,339.934,0.980318,0.0025083,0.000352778
333.75,0,282.184,282.928,283.652,238.192,-5.25705,-3.45721,0,340.318,210.449,339.934,0.98044,0.002508,0.000309186
334.25,0,282.173,282.918,283.641,238.192,-5.27195,-3.47961,0,340.154,210.426,339.934,0.980559,0.00252423,0.000371402
334.75,0,282.165,282.909,283.631,238.191,-5.26102,-3.48174,0,340.154,210.426,339.934,0.98068,0.00252575,0.000310592
335.25,0,282.157,282.9,283.62,238.191,-5.24806,-3.48204,0,340.154,210.426,339.934,0.9808,0.00252595,0.000351073
335.75,0,282.15,282.89,283.61,238.19,-5.23433,-3.48156,0,340.154,210.426,339.934,0.980921,0.00252559,0.00030778
336.25,0,282.139,282.881,283.599,238.19,-5.24918,-3.50368,0,339.991,210.402,339.934,0.981039,0.00254162,0.00036971
336.75,0,282.131,282.872,283.589,238.189,-5.23845,-3.5057,0,339.991,210.402,339.934,0.981158,0.00254306,0.000309309
337.25,0,282.123,282.862,283.578,238.188,-5.22569,-3.50589,0,339.991,210.402,339.934,0.981278,0.00254317,0.000349638
337.75,0,282.116,282.853,283.568,238.188,-5.21211,-3.50536,0,339.991,210.402,339.934,0.981397,0.00254277,0.000306623
338.25,0,282.106,282.844,283.557,238.187,-5.22698,-3.52736,0,339.829,210.379,339.934,0.981515,0.00255872,0.000368247
338.75,0,282.097,282.835,283.547,238.187,-5.21637,-3.52935,0,339.829,210.379,339.934,0.981633,0.00256013,0.000308179
339.25,0,282.09,282.825,283.536,238.186,-5.20373,-3.52951,0,339.829,210.379,339.934,0.981751,0.00256024,0.000348308
339.75,0,282.082,282.816,283.526,238.186,-5.19029,-3.52897,0,339.829,210.379,339.934,0.98187,0.00255982,0.000305539
340.25,0,282.072,282.807,283.515,238.185,-5.20505,-3.55076,0,339.668,210.357,339.934,0.981986,0.00257561,0.000366853
340.75,0,282.064,282.798,283.505,238.185,-5.19454,-3.55271,0,339.668,210.357,339.934,0.982103,0.002577,0.000307119
341.25,0,282.056,282.789,283.495,238.184,-5.18203,-3.55285,0,339.668,210.357,339.934,0.98222,0.00257708,0.000347044
341.75,0,282.049,282.78,283.484,238.184,-5.16871,-3.55228,0,339.668,210.357,339.934,0.982337,0.00257665,0.00030452
342.25,0,282.039,282.77,283.474,238.183,-5.18338,-3.57386,0,339.509,210.334,339.934,0.982453,0.00259229,0.000365518
342.75,0,282.031,282.761,283.464,238.183,-5.17297,-3.57576,0,339.509,210.334,339.934,0.982568,0.00259365,0.000306119
343.25,0,282.023,282.752,283.454,238.182,-5.16058,-3.57588,0,339.509,210.334,339.934,0.982685,0.00259371,0.000345836
343.75,0,282.016,282.744,283.443,238.182,-5.14739,-3.57529,0,339.509,210.334,339.934,0.982801,0.00259327,0.000303559
344.25,0,282.006,282.734,283.433,238.181,-5.16196,-3.59666,0,339.35,210.311,339.934,0.982915,0.00260875,0.000364236
344.75,0,281.998,282.725,283.423,238.181,-5.15166,-3.59852,0,339.35,210.311,339.934,0.98303,0.00261008,0.000305173
345.25,0,281.99,282.716,283.413,238.18,-5.13938,-3.59861,0,339.35,210.311,339.934,0.983145,0.00261013,0.00034468
345.75,0,281.983,282.707,283.403,238.18,-5.12631,-3.598,0,339.35,210.311,339.934,0.98326,0.00260967,0.000302649
346.25,0,281.973,282.698,283.392,238.179,-5.14079,-3.61917,0,339.192,210.289,339.934,0.983374,0.002625,0.000363005
346.75,0,281.965,282.689,283.382,238.179,-5.13059,-3.62099,0,339.192,210.289,339.934,0.983487,0.0026263,0.000304276
347.25,0,281.958,282.68,283.372,238.178,-5.11843,-3.62105,0,339.192,210.289,339.934,0.983601,0.00262633,0.000343572
347.75,0,281.951,282.672,283.362,238.178,-5.10547,-3.62042,0,339.192,210.289,339.934,0.983716,0.00262585,0.000301785
348.25,0,281.941,282.663,283.352,238.177,-5.11993,-3.64146,0,339.035,210.267,339.934,0.983828,0.00264109,0.000361833
348.75,0,281.933,282.654,283.342,238.177,-5.10991,-3.64318,0,339.035,210.267,339.934,0.983941,0.00264232,0.000303475
349.25,0,281.925,282.645,283.332,238.176,-5.09795,-3.64313,0,339.035,210.267,339.934,0.984054,0.00264226,0.000342634
349.75,0,281.918,282.636,283.322,238.176,-5.08521,-3.64239,0,339.035,210.267,339.934,0.984167,0.00264171,0.00030115
350.25,0,281.908,282.627,283.312,238.175,-5.0997,-3.66322,0,338.879,210.244,339.934,0.984278,0.0026568,0.000360946
350.75,0,281.9,282.618,283.302,238.175,-5.08981,-3.6649,0,338.879,210.244,339.934,0.98439,0.00265799,0.000302917
351.25,0,281.893,282.61,283.292,238.174,-5.07796,-3.66483,0,338.879,210.244,339.934,0.984502,0.00265792,0.000341878
351.75,0,281.886,282.601,283.282,238.174,-5.06533,-3.66407,0,338.879,210.244,339.934,0.984615,0.00265736,0.000300622
352.25,0,281.876,282.592,283.272,238.173,-5.0798,-3.68479,0,338.723,210.222,339.934,0.984725,0.00267236,0.000360131
352.75,0,281.868,282.583,283.262,238.173,-5.07001,-3.68644,0,338.723,210.222,339.934,0.984836,0.00267354,0.000302402
353.25,0,281.861,282.574,283.252,238.172,-5.05827,-3.68635,0,338.723,210.222,339.934,0.984947,0.00267346,0.000341171
353.75,0,281.854,282.566,283.243,238.172,-5.04575,-3.68559,0,338.723,210.222,339.934,0.985059,0.00267288,0.000300136
354.25,0,281.844,282.557,283.233,238.171,-5.06017,-3.70616,0,338.568,210.2,339.934,0.985168,0.00268778,0.000359355
354.75,0,281.836,282.548,283.223,238.171,-5.05047,-3.70778,0,338.568,210.2,339.934,0.985278,0.00268894,0.000301925
355.25,0,281.829,282.54,283.213,238.17,-5.03884,-3.70767,0,338.568,210.2,339.934,0.985388,0.00268884,0.000340501
355.75,0,281.822,282.531,283.203,238.17,-5.02643,-3.7069,0,338.568,210.2,339.934,0.985499,0.00268826,0.000299685
356.25,0,281.812,282.522,283.194,238.169,-5.04078,-3.7273,0,338.414,210.179,339.934,0.985607,0.00270304,0.000358609
356.75,0,281.805,282.513,283.184,238.169,-5.03117,-3.7289,0,338.414,210.179,339.934,0.985716,0.00270418,0.00030148
357.25,0,281.797,282.505,283.174,238.168,-5.01964,-3.72878,0,338.414,210.179,339.934,0.985826,0.00270407,0.000339861
357.75,0,281.79,282.497,283.164,238.168,-5.00734,-3.72798,0,338.414,210.179,339.934,0.985935,0.00270348,0.000299264
358.25,0,281.781,282.488,283.155,238.167,-5.02171,-3.74831,0,338.26,210.157,339.934,0.986043,0.0027182,0.000357909
358.75,0,281.773,282.479,283.145,238.167,-5.01221,-3.74989,0,338.26,210.157,339.934,0.986151,0.00271932,0.000301072
359.25,0,281.766,282.471,283.135,238.166,-5.0009,-3.74964,0,338.26,210.157,339.934,0.98626,0.00271912,0.000339351
359.75,0,281.759,282.462,283.126,238.166,-4.98882,-3.74872,0,338.26,210.157,339.934,0.986368,0.00271844,0.000299052
360.25,0,281.749,282.453,283.116,238.165,-5.00318,-3.76879,0,338.108,210.135,339.934,0.986475,0.00273297,0.000357465
360.75,0,281.742,282.445,283.107,238.165,-4.99388,-3.77022,0,338.108,210.135,339.934,0.986583,0.00273399,0.000301004
361.25,0,281.735,282.436,283.097,238.164,-4.98267,-3.76996,0,338.108,210.135,339.934,0.98669,0.00273378,0.000339088
361.75,0,281.728,282.428,283.087,238.164,-4.97069,-3.76902,0,338.108,210.135,339.934,0.986798,0.00273309,0.000299004
362.25,0,281.718,282.419,283.078,238.163,-4.98496,-3.78893,0,337.956,210.114,339.934,0.986904,0.0027475,0.000357115
362.75,0,281.711,282.411,283.068,238.163,-4.97574,-3.79033,0,337.956,210.114,339.934,0.987011,0.00274849,0.000300954
363.25,0,281.704,282.402,283.059,238.162,-4.96463,-3.79005,0,337.956,210.114,339.934,0.987117,0.00274827,0.000338837
363.75,0,281.697,282.394,283.049,238.162,-4.95275,-3.7891,0,337.956,210.114,339.934,0.987224,0.00274757,0.000298971
364.25,0,281.687,282.385,283.04,238.161,-4.96694,-3.80883,0,337.805,210.093,339.934,0.987329,0.00276185,0.000356776
364.75,0,281.68,282.377,283.03,238.161,-4.9578,-3.8102,0,337.805,210.093,339.934,0.987435,0.00276283,0.000300919
365.25,0,281.673,282.369,283.021,238.16,-4.94678,-3.80991,0,337.805,210.093,339.934,0.987541,0.0027626,0.000338597
365.75,0,281.666,282.361,283.011,238.16,-4.93499,-3.80895,0,337.805,210.093,339.934,0.987647,0.00276189,0.000298951
366.25,0,281.656,282.352,283.002,238.159,-4.9491,-3.82851,0,337.655,210.071,339.934,0.987752,0.00277605,0.000356449
366.75,0,281.649,282.343,282.993,238.159,-4.94004,-3.82985,0,337.655,210.071,339.934,0.987856,0.002777,0.000300895
367.25,0,281.642,282.335,282.983,238.158,-4.9292,-3.82945,0,337.655,210.071,339.934,0.987962,0.00277669,0.000338433
367.75,0,281.635,282.327,282.974,238.158,-4.91766,-3.82833,0,337.655,210.071,339.934,0.988067,0.00277586,0.000299114
368.25,0,281.626,282.318,282.964,238.157,-4.93179,-3.84762,0,337.506,210.05,339.934,0.98817,0.00278983,0.00035638
368.75,0,281.618,282.31,282.955,238.157,-4.92296,-3.84879,0,337.506,210.05,339.934,0.988274,0.00279066,0.000301233
369.25,0,281.611,282.302,282.946,238.156,-4.91227,-3.84832,0,337.506,210.05,339.934,0.988379,0.00279029,0.000338607
369.75,0,281.605,282.294,282.936,238.156,-4.90082,-3.84719,0,337.506,210.05,339.934,0.988483,0.00278946,0.000299506
370.25,0,281.595,282.285,282.927,238.155,-4.91487,-3.86632,0,337.358,210.029,339.934,0.988586,0.00280331,0.000356465
370.75,0,281.588,282.277,282.918,238.155,-4.90611,-3.86746,0,337.358,210.029,339.934,0.988689,0.00280412,0.000301618
371.25,0,281.581,282.269,282.909,238.154,-4.89551,-3.86697,0,337.358,210.029,339.934,0.988793,0.00280374,0.000338786
371.75,0,281.574,282.261,282.899,238.154,-4.88415,-3.86584,0,337.358,210.029,339.934,0.988896,0.0028029,0.000299901
372.25,0,281.565,282.252,282.89,238.154,-4.89812,-3.8848,0,337.211,210.008,339.934,0.988998,0.00281663,0.000356555
372.75,0,281.558,282.244,282.881,238.153,-4.88944,-3.88592,0,337.211,210.008,339.934,0.989101,0.00281742,0.000302005
373.25,0,281.551,282.236,282.872,238.153,-4.87891,-3.88542,0,337.211,210.008,339.934,0.989204,0.00281704,0.000338968
373.75,0,281.544,282.228,282.863,238.152,-4.86778,-3.88414,0,337.211,210.008,339.934,0.989307,0.0028161,0.000300399
374.25,0,281.535,282.22,282.853,238.152,-4.88181,-3.90281,0,337.065,209.988,339.934,0.989408,0.00282961,0.000356844
374.75,0,281.528,282.211,282.844,238.151,-4.87339,-3.90372,0,337.065,209.988,339.934,0.989509,0.00283025,0.000302728
375.25,0,281.521,282.203,282.835,238.151,-4.86314,-3.90301,0,337.065,209.988,339.934,0.989611,0.00282972,0.000339623
375.75,0,281.514,282.195,282.826,238.15,-4.85215,-3.90168,0,337.065,209.988,339.934,0.989713,0.00282874,0.000301305
376.25,0,281.505,282.187,282.817,238.15,-4.8661,-3.92019,0,336.92,209.967,339.934,0.989814,0.00284214,0.000357447
376.75,0,281.498,282.179,282.808,238.149,-4.85774,-3.92108,0,336.92,209.967,339.934,0.989915,0.00284276,0.000303623
377.25,0,281.491,282.171,282.799,238.149,-4.84757,-3.92037,0,336.92,209.967,339.934,0.990016,0.00284223,0.000340314
377.75,0,281.485,282.163,282.79,238.148,-4.83666,-3.91902,0,336.92,209.967,339.934,0.990117,0.00284124,0.000302207
378.25,0,281.475,282.155,282.781,238.148,-4.85054,-3.93738,0,336.775,209.947,339.934,0.990217,0.00285453,0.000358047
378.75,0,281.468,282.147,282.772,238.147,-4.84236,-3.93814,0,336.775,209.947,339.934,0.990317,0.00285506,0.000304592
379.25,0,281.461,282.139,282.763,238.147,-4.83252,-3.93717,0,336.775,209.947,339.934,0.990418,0.00285434,0.000341256
379.75,0,281.455,282.131,282.754,238.146,-4.82194,-3.93558,0,336.775,209.947,339.934,0.990518,0.00285317,0.000303535
380.25,0,281.446,282.123,282.745,238.146,-4.8359,-3.95363,0,336.632,209.926,339.934,0.990617,0.00286623,0.000359197
380.75,0,281.439,282.115,282.736,238.145,-4.82792,-3.95423,0,336.632,209.926,339.934,0.990717,0.00286664,0.000306127
381.25,0,281.432,282.107,282.727,238.145,-4.81815,-3.95326,0,336.632,209.926,339.934,0.990817,0.00286592,0.000342586
381.75,0,281.426,282.099,282.718,238.144,-4.80765,-3.95166,0,336.632,209.926,339.934,0.990916,0.00286475,0.000305071
382.25,0,281.416,282.091,282.709,238.144,-4.82154,-3.96956,0,336.489,209.906,339.934,0.991015,0.0028777,0.000360435
382.75,0,281.409,282.083,282.7,238.144,-4.8138,-3.96997,0,336.489,209.906,339.934,0.991114,0.00287798,0.000307777
383.25,0,281.403,282.075,282.691,238.143,-4.80442,-3.96867,0,336.489,209.906,339.934,0.991212,0.00287702,0.000344263
383.75,0,281.396,282.067,282.682,238.143,-4.79431,-3.96676,0,336.489,209.906,339.934,0.991312,0.00287562,0.000307182
384.25,0,281.387,282.059,282.673,238.142,-4.80834,-3.9843,0,336.347,209.886,339.934,0.991409,0.00288831,0.000362406
384.75,0,281.38,282.051,282.664,238.142,-4.80081,-3.98455,0,336.347,209.886,339.934,0.991507,0.00288848,0.000310129
385.25,0,281.374,282.043,282.656,238.141,-4.79149,-3.98326,0,336.347,209.886,339.934,0.991606,0.00288752,0.000346412
385.75,0,281.367,282.035,282.647,238.141,-4.78171,-3.9811,0,336.347,209.886,339.934,0.991704,0.00288594,0.000309713
386.25,0,281.358,282.027,282.638,238.14,-4.79594,-3.99821,0,336.207,209.866,339.934,0.991801,0.00289832,0.000364846
386.75,0,281.351,282.019,282.629,238.14,-4.78888,-3.99804,0,336.207,209.866,339.934,0.991898,0.00289818,0.000313143
387.25,0,281.345,282.012,282.62,238.139,-4.78004,-3.99634,0,336.207,209.866,339.934,0.991996,0.00289693,0.000349519
387.75,0,281.338,282.004,282.612,238.139,-4.77049,-3.99402,0,336.207,209.866,339.934,0.992094,0.00289523,0.000313134
388.25,0,281.329,281.996,282.603,238.138,-4.78497,-4.01067,0,336.066,209.846,339.934,0.99219,0.00290728,0.000368208
388.75,0,281.322,281.988,282.594,238.138,-4.77849,-4.00996,0,336.066,209.846,339.934,0.992287,0.00290675,0.000317165
389.25,0,281.316,281.98,282.585,238.137,-4.77025,-4.00773,0,336.066,209.846,339.934,0.992383,0.00290511,0.000353724
389.75,0,281.31,281.973,282.577,238.137,-4.76144,-4.00475,0,336.066,209.846,339.934,0.99248,0.00290293,0.000318021
390.25,0,281.301,281.965,282.568,238.137,-4.77636,-4.02074,0,335.927,209.826,339.934,0.992576,0.0029145,0.00037318
390.75,0,281.294,281.957,282.559,238.136,-4.77063,-4.01933,0,335.927,209.826,339.934,0.992672,0.00291346,0.000322909
391.25,0,281.287,281.949,282.551,238.136,-4.76332,-4.01623,0,335.927,209.826,339.934,0.992768,0.0029112,0.000359897
391.75,0,281.281,281.942,282.542,238.135,-4.75604,-4.01179,0,335.927,209.826,339.934,0.992865,0.00290796,0.000325453
392.25,0,281.272,281.934,282.533,238.135,-4.77151,-4.02703,0,335.789,209.807,339.934,0.99296,0.00291899,0.000380771
392.75,0,281.265,281.926,282.525,238.134,-4.76757,-4.02387,0,335.789,209.807,339.934,0.993055,0.00291668,0.00033203
393.25,0,281.259,281.919,282.516,238.134,-4.76223,-4.01886,0,335.789,209.807,339.934,0.993151,0.00291303,0.000370202
393.75,0,281.253,281.911,282.507,238.133,-4.75653,-4.01292,0,335.789,209.807,339.934,0.993246,0.00290871,0.00033704
394.25,0,281.244,281.903,282.499,238.133,-4.77331,-4.02664,0,335.651,209.787,339.934,0.993341,0.00291863,0.000393078
394.75,0,281.237,281.895,282.49,238.132,-4.77058,-4.02232,0,335.651,209.787,339.934,0.993435,0.00291548,0.000345447
395.25,0,281.231,281.888,282.482,238.132,-4.76623,-4.01639,0,335.651,209.787,339.934,0.99353,0.00291116,0.000384089
395.75,0,281.224,281.88,282.473,238.131,-4.76172,-4.00932,0,335.651,209.787,339.934,0.993625,0.00290602,0.000351937
396.25,0,281.216,281.872,282.465,238.131,-4.77885,-4.0225,0,335.514,209.767,339.934,0.993719,0.00291556,0.000407988
396.75,0,281.209,281.865,282.456,238.131,-4.77676,-4.01758,0,335.514,209.767,339.934,0.993813,0.00291197,0.000361053
397.25,0,281.202,281.857,282.448,238.13,-4.77302,-4.01111,0,335.514,209.767,339.934,0.993907,0.00290726,0.000399889
397.75,0,281.196,281.85,282.439,238.13,-4.769,-4.00362,0,335.514,209.767,339.934,0.994002,0.00290181,0.000368242
398.25,0,281.188,281.842,282.431,238.129,-4.78635,-4.01637,0,335.378,209.748,339.934,0.994095,0.00291104,0.000424224
398.75,0,281.181,281.834,282.422,238.129,-4.78475,-4.01101,0,335.378,209.748,339.934,0.994188,0.00290713,0.000377863
399.25,0,281.174,281.827,282.414,238.128,-4.78143,-4.00417,0,335.378,209.748,339.934,0.994282,0.00290216,0.000416777
399.75,0,281.168,281.82,282.405,238.128,-4.77743,-3.99674,0,335.378,209.748,339.934,0.994376,0.00289675,0.000385279
400.25,0,281.16,281.812,282.397,238.127,-4.79488,-4.0092,0,335.243,209.729,339.934,0.994468,0.00290576,0.000441103
400.75,0,281.153,281.804,282.388,238.127,-4.79363,-4.00352,0,335.243,209.729,339.934,0.994561,0.00290163,0.000395224
401.25,0,281.147,281.797,282.38,238.126,-4.79068,-3.99638,0,335.243,209.729,339.934,0.994654,0.00289644,0.000434166
401.75,0,281.141,281.789,282.372,238.126,-4.78704,-3.98865,0,335.243,209.729,339.934,0.994747,0.00289082,0.000403075
402.25,0,281.132,281.782,282.363,238.126,-4.80442,-4.00098,0,335.108,209.71,339.934,0.994839,0.00289974,0.000458621
402.75,0,281.125,281.774,282.355,238.125,-4.80316,-3.99536,0,335.108,209.71,339.934,0.994932,0.00289564,0.00041296
403.25,0,281.119,281.767,282.346,238.125,-4.80022,-3.98827,0,335.108,209.71,339.934,0.995024,0.00289049,0.000451668
403.75,0,281.113,281.76,282.338,238.124,-4.79679,-3.9804,0,335.108,209.71,339.934,0.995117,0.00288477,0.000420871
404.25,0,281.104,281.752,282.33,238.124,-4.81424,-3.99247,0,334.975,209.691,339.934,0.995208,0.00289349,0.000476244
404.75,0,281.098,281.744,282.321,238.123,-4.81324,-3.98663,0,334.975,209.691,339.934,0.9953,0.00288924,0.000430994
405.25,0,281.092,281.737,282.313,238.123,-4.81056,-3.97934,0,334.975,209.691,339.934,0.995391,0.00288394,0.000469664
405.75,0,281.085,281.73,282.305,238.122,-4.8072,-3.97147,0,334.975,209.691,339.934,0.995483,0.00287822,0.000439054
406.25,0,281.077,281.722,282.297,238.122,-4.82454,-3.98345,0,334.842,209.672,339.934,0.995574,0.00288688,0.000497678
406.75,0,281.07,281.715,282.289,238.122,-4.82353,-3.97767,0,334.842,209.672,339.934,0.995659,0.00288267,0.000618498
407.25,0,281.064,281.708,282.281,238.121,-4.82074,-3.97054,0,334.842,209.672,339.934,0.995727,0.00287749,0.000628921
407.75,0,281.058,281.701,282.274,238.121,-4.81694,-3.96319,0,334.842,209.672,339.934,0.995778,0.00287215,0.000672587
408.25,0,281.05,281.693,282.267,238.12,-4.83287,-3.97521,0,334.712,209.653,339.934,0.995815,0.00288084,0.000696065
408.75,0,281.043,281.686,282.259,238.12,-4.83083,-3.97043,0,334.712,209.653,339.934,0.995843,0.00287736,0.000701941
409.25,0,281.037,281.68,282.252,238.119,-4.82696,-3.96441,0,334.712,209.653,339.934,0.995864,0.00287298,0.000718886
409.75,0,281.031,281.673,282.244,238.119,-4.82234,-3.95792,0,334.712,209.653,339.934,0.995879,0.00286826,0.000723116
410.25,0,281.023,281.666,282.237,238.119,-4.83652,-3.9691,0,334.588,209.634,339.934,0.995891,0.00287634,0.00076665
410.75,0,281.016,281.659,282.23,238.118,-4.83392,-3.9647,0,334.588,209.634,339.934,0.9959,0.00287314,0.000814473
411.25,0,281.01,281.653,282.224,238.118,-4.82965,-3.95901,0,334.588,209.634,339.934,0.995907,0.00286899,0.000881062
411.75,0,281.004,281.646,282.217,238.117,-4.82469,-3.9528,0,334.588,209.634,339.934,0.995912,0.00286448,0.000843267
412.25,0,280.996,281.639,282.211,238.117,-4.83819,-3.9636,0,334.466,209.616,339.934,0.995916,0.00287228,0.000923372
412.75,0,280.989,281.633,282.204,238.116,-4.83537,-3.95932,0,334.466,209.616,339.934,0.99592,0.00286917,0.000872081
413.25,0,280.983,281.626,282.198,238.116,-4.83097,-3.95373,0,334.466,209.616,339.934,0.995923,0.0028651,0.000931063
413.75,0,280.977,281.62,282.191,238.115,-4.82592,-3.94763,0,334.466,209.616,339.934,0.995925,0.00286066,0.000895642
414.25,0,280.969,281.613,282.185,238.115,-4.83916,-3.95824,0,334.345,209.597,339.934,0.995927,0.00286833,0.000969293
414.75,0,280.963,281.606,282.178,238.115,-4.83628,-3.95401,0,334.345,209.597,339.934,0.995929,0.00286525,0.000920616
415.25,0,280.957,281.6,282.172,238.114,-4.83184,-3.94847,0,334.345,209.597,339.934,0.995931,0.00286122,0.000974059
415.75,0,280.951,281.593,282.165,238.114,-4.82677,-3.94241,0,334.345,209.597,339.934,0.995932,0.00285681,0.000941089
416.25,0,280.943,281.586,282.159,238.113,-4.83988,-3.95292,0,334.224,209.579,339.934,0.995934,0.00286441,0.00100967
416.75,0,280.936,281.58,282.152,238.113,-4.83699,-3.94872,0,334.224,209.579,339.934,0.995936,0.00286134,0.000963499
417.25,0,280.93,281.573,282.146,238.113,-4.83255,-3.9432,0,334.224,209.579,339.934,0.995937,0.00285733,0.00101272
417.75,0,280.925,281.567,282.139,238.112,-4.82749,-3.93718,0,334.224,209.579,339.934,0.995938,0.00285295,0.000981818
418.25,0,280.916,281.56,282.133,238.112,-4.84051,-3.94761,0,334.105,209.561,339.934,0.99594,0.00286049,0.00104659
418.75,0,280.91,281.553,282.126,238.111,-4.83761,-3.94342,0,334.105,209.561,339.934,0.995941,0.00285744,0.00100237
419.25,0,280.904,281.547,282.12,238.111,-4.83318,-3.93794,0,334.105,209.561,339.934,0.995942,0.00285345,0.0010485
419.75,0,280.898,281.541,282.114,238.11,-4.82813,-3.93194,0,334.105,209.561,339.934,0.995943,0.00284909,0.00110792
420.25,0,280.89,281.534,282.107,238.11,-4.84106,-3.94229,0,333.986,209.543,339.934,0.995945,0.00285657,0.00125725
420.75,0,280.884,281.527,282.101,238.11,-4.83817,-3.93812,0,333.986,209.543,339.934,0.995946,0.00285353,0.00113957
421.25,0,280.878,281.521,282.094,238.109,-4.83375,-3.93267,0,333.986,209.543,339.934,0.995947,0.00284956,0.00126166
421.75,0,280.872,281.515,282.088,238.109,-4.82871,-3.9267,0,333.986,209.543,339.934,0.995948,0.00284523,0.00116639
422.25,0,280.864,281.508,282.082,238.108,-4.84153,-3.93694,0,333.868,209.525,339.934,0.99595,0.00285263,0.00129559
422.75,0,280.858,281.501,282.075,238.108,-4.83863,-3.93279,0,333.868,209.525,339.934,0.995951,0.0028496,0.00119458
423.25,0,280.852,281.495,282.069,238.108,-4.83423,-3.92737,0,333.868,209.525,339.934,0.995952,0.00284566,0.00129899
423.75,0,280.846,281.489,282.063,238.107,-4.82921,-3.92144,0,333.868,209.525,339.934,0.995953,0.00284135,0.00121852
424.25,0,280.838,281.482,282.056,238.107,-4.84196,-3.93161,0,333.751,209.507,339.934,0.995954,0.0028487,0.00133157
424.75,0,280.832,281.476,282.05,238.106,-4.83908,-3.9275,0,333.751,209.507,339.934,0.995955,0.0028457,0.00124419
425.25,0,280.826,281.469,282.044,238.106,-4.83469,-3.92211,0,333.751,209.507,339.934,0.995956,0.00284178,0.00133409
425.75,0,280.82,281.463,282.037,238.105,-4.8297,-3.91622,0,333.751,209.507,339.934,0.995958,0.0028375,0.0012659
426.25,0,280.813,281.456,282.031,238.105,-4.84238,-3.92632,0,333.635,209.49,339.934,0.995959,0.0028448,0.00136555
426.75,0,280.806,281.45,282.025,238.105,-4.83951,-3.92223,0,333.635,209.49,339.934,0.99596,0.00284182,0.00128953
427.25,0,280.8,281.444,282.019,238.104,-4.83515,-3.91687,0,333.635,209.49,339.934,0.995961,0.00283792,0.00136741
427.75,0,280.795,281.437,282.012,238.104,-4.83018,-3.91102,0,333.635,209.49,339.934,0.995962,0.00283367,0.00130939
428.25,0,280.787,281.431,282.006,238.103,-4.84279,-3.92106,0,333.519,209.472,339.934,0.995963,0.00284092,0.001398
428.75,0,280.781,281.424,282,238.103,-4.83994,-3.91699,0,333.519,209.472,339.934,0.995964,0.00283795,0.0013313
429.25,0,280.775,281.418,281.993,238.103,-4.8356,-3.91167,0,333.519,209.472,339.934,0.995965,0.00283408,0.00139936
429.75,0,280.769,281.412,281.987,238.102,-4.83065,-3.90585,0,333.519,209.472,339.934,0.995966,0.00282985,0.00134961
430.25,0,280.761,281.405,281.981,238.102,-4.8432,-3.91582,0,333.403,209.455,339.934,0.995968,0.00283706,0.00142924
430.75,0,280.755,281.399,281.975,238.101,-4.84036,-3.91178,0,333.403,209.455,339.934,0.995969,0.00283411,0.00137008
431.25,0,280.749,281.393,281.969,238.101,-4.83603,-3.90649,0,333.403,209.455,339.934,0.99597,0.00283027,0.00143023
431.75,0,280.744,281.386,281.962,238.101,-4.83111,-3.90071,0,333.403,209.455,339.934,0.995971,0.00282606,0.00138707
432.25,0,280.736,281.38,281.956,238.1,-4.8436,-3.91061,0,333.289,209.437,339.934,0.995972,0.00283322,0.0014595
432.75,0,280.73,281.374,281.95,238.1,-4.84076,-3.90659,0,333.289,209.437,339.934,0.995973,0.00283029,0.00144654
433.25,0,280.724,281.367,281.944,238.099,-4.83646,-3.90133,0,333.289,209.437,339.934,0.995974,0.00282647,0.00181901
433.75,0,280.718,281.361,281.937,238.099,-4.83156,-3.89558,0,333.289,209.437,339.934,0.995975,0.00282229,0.00147996
434.25,0,280.711,281.355,281.931,238.099,-4.84397,-3.90541,0,333.175,209.42,339.934,0.995976,0.00282939,0.00184312
434.75,0,280.705,281.348,281.925,238.098,-4.84114,-3.90141,0,333.175,209.42,339.934,0.995978,0.00282648,0.00151463
435.25,0,280.699,281.342,281.919,238.098,-4.83686,-3.89619,0,333.175,209.42,339.934,0.995979,0.00282268,0.00184111
435.75,0,280.693,281.336,281.913,238.098,-4.83198,-3.89048,0,333.175,209.42,339.934,0.99598,0.00281852,0.00154524
436.25,0,280.686,281.33,281.907,238.097,-4.84431,-3.90023,0,333.061,209.403,339.934,0.995981,0.00282557,0.00186546
436.75,0,280.68,281.323,281.9,238.097,-4.8415,-3.89626,0,333.061,209.403,339.934,0.995982,0.00282268,0.00157735
437.25,0,280.674,281.317,281.894,238.096,-4.83724,-3.89107,0,333.061,209.403,339.934,0.995983,0.0028189,0.00186342
437.75,0,280.668,281.311,281.888,238.096,-4.83238,-3.8854,0,333.061,209.403,339.934,0.995984,0.00281478,0.00160567
438.25,0,280.661,281.305,281.882,238.096,-4.84466,-3.89509,0,332.948,209.386,339.934,0.995985,0.00282179,0.00188741
438.75,0,280.655,281.298,281.876,238.095,-4.84186,-3.89115,0,332.948,209.386,339.934,0.995986,0.00281891,0.00163567
439.25,0,280.649,281.292,281.87,238.095,-4.83762,-3.88599,0,332.948,209.386,339.934,0.995987,0.00281516,0.00188531
439.75,0,280.643,281.286,281.864,238.094,-4.83279,-3.88036,0,332.948,209.386,339.934,0.995988,0.00281106,0.00166201
440.25,0,280.636,281.28,281.858,238.094,-4.84501,-3.88999,0,332.836,209.369,339.934,0.995989,0.00281803,0.00190899
440.75,0,280.63,281.274,281.852,238.094,-4.84223,-3.88607,0,332.836,209.369,339.934,0.99599,0.00281517,0.00169012
441.25,0,280.624,281.268,281.846,238.093,-4.83802,-3.88095,0,332.836,209.369,339.934,0.995991,0.00281145,0.00190689
441.75,0,280.619,281.262,281.839,238.093,-4.83321,-3.87535,0,332.836,209.369,339.934,0.995992,0.00280738,0.00171467
442.25,0,280.611,281.255,281.834,238.093,-4.84538,-3.88493,0,332.725,209.352,339.934,0.995993,0.0028143,0.00193036
442.75,0,280.605,281.249,281.827,238.092,-4.84261,-3.88104,0,332.725,209.352,339.934,0.995994,0.00281146,0.00174103
443.25,0,280.6,281.243,281.821,238.092,-4.83842,-3.87595,0,332.725,209.352,339.934,0.995995,0.00280776,0.00192835
443.75,0,280.594,281.237,281.815,238.091,-4.83363,-3.87039,0,332.725,209.352,339.934,0.995996,0.00280372,0.00176392
444.25,0,280.587,281.231,281.809,238.091,-4.84576,-3.87989,0,332.614,209.335,339.934,0.995997,0.00281059,0.00195172
444.75,0,280.581,281.225,281.803,238.091,-4.84301,-3.87603,0,332.614,209.335,339.934,0.995998,0.00280777,0.00178867
445.25,0,280.575,281.219,281.797,238.09,-4.83883,-3.87098,0,332.614,209.335,339.934,0.995999,0.0028041,0.00194988
445.75,0,280.57,281.213,281.791,238.09,-4.83407,-3.86545,0,332.614,209.335,339.934,0.996,0.00280008,0.00181
446.25,0,280.562,281.206,281.785,238.089,-4.84614,-3.8749,0,332.503,209.319,339.934,0.996001,0.0028069,0.00197321
446.75,0,280.556,281.2,281.779,238.089,-4.84341,-3.87106,0,332.503,209.319,339.934,0.996002,0.00280411,0.00183324
447.25,0,280.551,281.194,281.773,238.089,-4.83925,-3.86604,0,332.503,209.319,339.934,0.996003,0.00280045,0.00197158
447.75,0,280.545,281.188,281.767,238.088,-4.83452,-3.86054,0,332.503,209.319,339.934,0.996004,0.00279646,0.00185314
448.25,0,280.538,281.182,281.761,238.088,-4.84653,-3.86993,0,332.393,209.302,339.934,0.996005,0.00280325,0.00199492
448.75,0,280.532,281.176,281.755,238.088,-4.84381,-3.86612,0,332.393,209.302,339.934,0.996006,0.00280047,0.00214888
449.25,0,280.526,281.17,281.749,238.087,-4.83968,-3.86113,0,332.393,209.302,339.934,0.996007,0.00279684,0.00238493
449.75,0,280.521,281.164,281.743,238.087,-4.83497,-3.85567,0,332.393,209.302,339.934,0.996008,0.00279287,0.0021738
450.25,0,280.513,281.158,281.738,238.087,-4.84693,-3.86501,0,332.283,209.286,339.934,0.996009,0.00279962,0.0024099
450.75,0,280.508,281.152,281.732,238.086,-4.84423,-3.86122,0,332.283,209.286,339.934,0.99601,0.00279686,0.00220062
451.25,0,280.502,281.146,281.726,238.086,-4.84012,-3.85627,0,332.283,209.286,339.934,0.996011,0.00279326,0.00241321
451.75,0,280.497,281.14,281.72,238.085,-4.83543,-3.85084,0,332.283,209.286,339.934,0.996012,0.00278931,0.00222428
452.25,0,280.489,281.134,281.714,238.085,-4.84734,-3.86014,0,332.175,209.27,339.934,0.996013,0.00279603,0.00243793
452.75,0,280.484,281.128,281.708,238.085,-4.84466,-3.85637,0,332.175,209.27,339.934,0.996014,0.00279329,0.00224984
453.25,0,280.478,281.122,281.702,238.084,-4.84057,-3.85145,0,332.175,209.27,339.934,0.996015,0.00278971,0.00244098
453.75,0,280.473,281.116,281.696,238.084,-4.83591,-3.84606,0,332.175,209.27,339.934,0.996016,0.00278579,0.00227233
454.25,0,280.465,281.11,281.69,238.084,-4.84777,-3.8553,0,332.066,209.253,339.934,0.996017,0.00279247,0.00246524
454.75,0,280.46,281.104,281.684,238.083,-4.8451,-3.85156,0,332.066,209.253,339.934,0.996018,0.00278974,0.00229675
455.25,0,280.454,281.098,281.679,238.083,-4.84103,-3.84667,0,332.066,209.253,339.934,0.996019,0.00278619,0.00246805
455.75,0,280.449,281.092,281.673,238.083,-4.8364,-3.84132,0,332.066,209.253,339.934,0.99602,0.0027823,0.00231816
456.25,0,280.442,281.086,281.667,238.082,-4.84821,-3.85051,0,331.958,209.237,339.934,0.996021,0.00278893,0.00249187
456.75,0,280.436,281.08,281.661,238.082,-4.84555,-3.84679,0,331.958,209.237,339.934,0.996022,0.00278623,0.00234152
457.25,0,280.43,281.074,281.655,238.082,-4.84151,-3.84194,0,331.958,209.237,339.934,0.996023,0.00278269,0.00249449
457.75,0,280.425,281.068,281.649,238.081,-4.8369,-3.83662,0,331.958,209.237,339.934,0.996024,0.00277883,0.00236191
458.25,0,280.418,281.062,281.643,238.081,-4.84866,-3.84575,0,331.851,209.221,339.934,0.996025,0.00278543,0.00251792
458.75,0,280.412,281.056,281.638,238.08,-4.84602,-3.84206,0,331.851,209.221,339.934,0.996026,0.00278274,0.00238427
459.25,0,280.407,281.051,281.632,238.08,-4.842,-3.83724,0,331.851,209.221,339.934,0.996027,0.00277923,0.00252037
459.75,0,280.401,281.045,281.626,238.08,-4.83741,-3.83195,0,331.851,209.221,339.934,0.996028,0.00277539,0.00240371
460.25,0,280.394,281.039,281.62,238.079,-4.84912,-3.84103,0,331.744,209.205,339.934,0.996029,0.00278195,0.00254345
460.75,0,280.388,281.033,281.614,238.079,-4.8465,-3.83737,0,331.744,209.205,339.934,0.99603,0.00277928,0.00242514
461.25,0,280.383,281.027,281.609,238.079,-4.84249,-3.83257,0,331.744,209.205,339.934,0.996031,0.0027758,0.00254576
461.75,0,280.378,281.021,281.603,238.078,-4.83793,-3.82733,0,331.744,209.205,339.934,0.996032,0.00277198,0.00244369
462.25,0,280.371,281.015,281.597,238.078,-4.84959,-3.83635,0,331.637,209.19,339.934,0.996033,0.0027785,0.00256852
462.75,0,280.365,281.009,281.591,238.078,-4.84699,-3.83271,0,331.637,209.19,339.934,0.996034,0.00277585,0.00246423
463.25,0,280.36,281.004,281.586,238.077,-4.843,-3.82795,0,331.637,209.19,339.934,0.996035,0.00277239,0.00257073
463.75,0,280.354,280.998,281.58,238.077,-4.83847,-3.82273,0,331.637,209.19,339.934,0.996036,0.0027686,0.00248194
464.25,0,280.347,280.992,281.574,238.077,-4.85008,-3.83171,0,331.531,209.174,339.934,0.996037,0.00277508,0.00259321
464.75,0,280.342,280.986,281.568,238.076,-4.84748,-3.82809,0,331.531,209.174,339.934,0.996038,0.00277245,0.00250165
465.25,0,280.336,280.98,281.563,238.076,-4.84352,-3.82336,0,331.531,209.174,339.934,0.996039,0.00276901,0.00259533
465.75,0,280.331,280.975,281.557,238.076,-4.83901,-3.81818,0,331.531,209.174,339.934,0.99604,0.00276524,0.00251857
466.25,0,280.324,280.969,281.551,238.075,-4.85057,-3.8271,0,331.426,209.158,339.934,0.996041,0.00277168,0.00261754
466.75,0,280.318,280.963,281.546,238.075,-4.84799,-3.82351,0,331.426,209.158,339.934,0.996042,0.00276907,0.00292525
467.25,0,280.313,280.957,281.54,238.075,-4.84405,-3.81881,0,331.426,209.158,339.934,0.996043,0.00276565,0.00333201
467.75,0,280.308,280.951,281.534,238.074,-4.83956,-3.81366,0,331.426,209.158,339.934,0.996044,0.0027619,0.00294762
468.25,0,280.301,280.945,281.528,238.074,-4.85113,-3.82258,0,331.321,209.143,339.934,0.996045,0.00276835,0.00335041
468.75,0,280.295,280.94,281.523,238.074,-4.84858,-3.81902,0,331.321,209.143,339.934,0.996046,0.00276576,0.00297198
469.25,0,280.29,280.934,281.517,238.073,-4.84466,-3.81435,0,331.321,209.143,339.934,0.996047,0.00276237,0.0033536
469.75,0,280.285,280.928,281.511,238.073,-4.8402,-3.80924,0,331.321,209.143,339.934,0.996048,0.00275865,0.00299381
470.25,0,280.278,280.922,281.506,238.073,-4.85175,-3.81813,0,331.216,209.127,339.934,0.996049,0.00276507,0.00337167
470.75,0,280.272,280.917,281.5,238.072,-4.84922,-3.8146,0,331.216,209.127,339.934,0.99605,0.0027625,0.0030176
471.25,0,280.267,280.911,281.494,238.072,-4.84532,-3.80997,0,331.216,209.127,339.934,0.996051,0.00275913,0.0033745
471.75,0,280.262,280.905,281.489,238.072,-4.84088,-3.80488,0,331.216,209.127,339.934,0.996052,0.00275544,0.0030389
472.25,0,280.255,280.9,281.483,238.071,-4.85239,-3.81373,0,331.111,209.112,339.934,0.996053,0.00276183,0.00339204
472.75,0,280.249,280.894,281.478,238.071,-4.84987,-3.81022,0,331.111,209.112,339.934,0.996054,0.00275927,0.00306216
473.25,0,280.244,280.888,281.472,238.071,-4.846,-3.80562,0,331.111,209.112,339.934,0.996055,0.00275592,0.00339453
473.75,0,280.239,280.883,281.466,238.07,-4.84159,-3.80057,0,331.111,209.112,339.934,0.996055,0.00275225,0.00308296
474.25,0,280.232,280.877,281.461,238.07,-4.85305,-3.80937,0,331.007,209.097,339.934,0.996057,0.00275861,0.00341157
474.75,0,280.226,280.871,281.455,238.07,-4.85054,-3.80588,0,331.007,209.097,339.934,0.996058,0.00275607,0.00502934
475.25,0,280.221,280.865,281.45,238.07,-4.84669,-3.80131,0,331.007,209.097,339.934,0.996058,0.00275275,0.00483203
475.75,0,280.216,280.86,281.444,238.069,-4.8423,-3.79629,0,331.007,209.097,339.934,0.996059,0.0027491,0.00505607
476.25,0,280.209,280.854,281.438,238.069,-4.85411,-3.80538,0,330.901,209.082,339.934,0.996061,0.00275567,0.00485302
476.75,0,280.203,280.848,281.433,238.069,-4.85169,-3.80197,0,330.901,209.082,339.934,0.996061,0.00275318,0.00508352
477.25,0,280.198,280.843,281.427,238.069,-4.84789,-3.79744,0,330.901,209.082,339.934,0.996062,0.00274989,0.00487178
477.75,0,280.193,280.837,281.422,238.068,-4.84353,-3.79247,0,330.901,209.082,339.934,0.996063,0.00274628,0.0051081
478.25,0,280.186,280.831,281.416,238.068,-4.85541,-3.80159,0,330.795,209.068,339.934,0.996065,0.00275286,0.00489192
478.75,0,280.181,280.826,281.411,238.068,-4.85302,-3.79821,0,330.795,209.068,339.934,0.996066,0.00275041,0.00513346
479.25,0,280.175,280.82,281.405,238.067,-4.84925,-3.79373,0,330.795,209.068,339.934,0.996067,0.00274714,0.00491012
479.75,0,280.17,280.815,281.4,238.067,-4.84493,-3.78879,0,330.795,209.068,339.934,0.996067,0.00274355,0.0051561
480.25,0,280.163,280.809,281.394,238.067,-4.85676,-3.79785,0,330.689,209.053,339.934,0.996069,0.0027501,0.00492954
480.75,0,280.158,280.803,281.389,238.067,-4.85439,-3.7945,0,330.689,209.053,339.934,0.99607,0.00274766,0.00517961
481.25,0,280.153,280.798,281.383,238.066,-4.85065,-3.79005,0,330.689,209.053,339.934,0.996071,0.00274442,0.00494711
481.75,0,280.148,280.792,281.378,238.066,-4.84635,-3.78514,0,330.689,209.053,339.934,0.996072,0.00274086,0.00520049
482.25,0,280.141,280.786,281.372,238.066,-4.85815,-3.79416,0,330.583,209.039,339.934,0.996073,0.00274737,0.00496576
482.75,0,280.135,280.781,281.367,238.066,-4.85579,-3.79083,0,330.583,209.039,339.934,0.996074,0.00274495,0.00522228
483.25,0,280.13,280.775,281.361,238.065,-4.85207,-3.7864,0,330.583,209.039,339.934,0.996075,0.00274173,0.00498271
483.75,0,280.125,280.77,281.356,238.065,-4.84779,-3.78152,0,330.583,209.039,339.934,0.996076,0.00273818,0.00589813
484.25,0,280.118,280.764,281.35,238.065,-4.85958,-3.79053,0,330.478,209.025,339.934,0.996077,0.00274469,0.0057401
484.75,0,280.113,280.758,281.345,238.065,-4.85725,-3.78723,0,330.478,209.025,339.934,0.996078,0.00274229,0.00590099
485.25,0,280.108,280.753,281.339,238.064,-4.85355,-3.78283,0,330.478,209.025,339.934,0.996079,0.00273909,0.00573806
485.75,0,280.103,280.747,281.334,238.064,-4.8493,-3.77798,0,330.478,209.025,339.934,0.99608,0.00273556,0.00590198
486.25,0,280.096,280.742,281.328,238.064,-4.86117,-3.78705,0,330.372,209.011,339.934,0.996081,0.00274211,0.00572779
486.75,0,280.09,280.736,281.323,238.064,-4.85887,-3.78379,0,330.372,209.011,339.934,0.996082,0.00273974,0.00590434
487.25,0,280.085,280.731,281.317,238.064,-4.8552,-3.77942,0,330.372,209.011,339.934,0.996083,0.00273656,0.00572644
487.75,0,280.08,280.725,281.312,238.063,-4.85098,-3.77461,0,330.372,209.011,339.934,0.996084,0.00273306,0.00590494
488.25,0,280.073,280.72,281.306,238.063,-4.86279,-3.78361,0,330.267,208.997,339.934,0.996086,0.00273957,0.00571695
488.75,0,280.068,280.714,281.301,238.063,-4.86051,-3.78037,0,330.267,208.997,339.934,0.996087,0.0027372,0.00590698
489.25,0,280.063,280.708,281.296,238.063,-4.85686,-3.77603,0,330.267,208.997,339.934,0.996088,0.00273405,0.00571616
489.75,0,280.058,280.703,281.29,238.062,-4.85265,-3.77124,0,330.267,208.997,339.934,0.996089,0.00273057,0.0059073
490.25,0,280.051,280.697,281.285,238.062,-4.86441,-3.78019,0,330.162,208.983,339.934,0.99609,0.00273703,0.0057073
490.75,0,280.046,280.692,281.279,238.062,-4.86214,-3.77696,0,330.162,208.983,339.934,0.996091,0.00273469,0.00590905
491.25,0,280.041,280.686,281.274,238.062,-4.85851,-3.77265,0,330.162,208.983,339.934,0.996092,0.00273155,0.005707
491.75,0,280.036,280.681,281.269,238.061,-4.85433,-3.76789,0,330.162,208.983,339.934,0.996093,0.00272809,0.00590911
492.25,0,280.029,280.675,281.263,238.061,-4.86603,-3.77678,0,330.058,208.969,339.934,0.996094,0.00273451,0.00569871
492.75,0,280.023,280.67,281.258,238.061,-4.86377,-3.77358,0,330.058,208.969,339.934,0.996095,0.00273218,0.0059106
493.25,0,280.018,280.664,281.253,238.061,-4.86016,-3.76929,0,330.058,208.969,339.934,0.996096,0.00272906,0.00569887
493.75,0,280.013,280.659,281.247,238.061,-4.85599,-3.76456,0,330.058,208.969,339.934,0.996097,0.00272562,0.00591041
494.25,0,280.007,280.653,281.242,238.06,-4.86764,-3.77339,0,329.955,208.955,339.934,0.996098,0.002732,0.00569112
494.75,0,280.001,280.648,281.237,238.06,-4.86539,-3.7702,0,329.955,208.955,339.934,0.996099,0.00272968,0.00591164
495.25,0,279.996,280.643,281.231,238.06,-4.8618,-3.76594,0,329.955,208.955,339.934,0.9961,0.00272658,0.0056917
495.75,0,279.991,280.637,281.226,238.06,-4.85765,-3.76124,0,329.955,208.955,339.934,0.996101,0.00272317,0.00591121
496.25,0,279.985,280.632,281.22,238.059,-4.86924,-3.77001,0,329.852,208.942,339.934,0.996103,0.0027295,0.00568447
496.75,0,279.979,280.626,281.215,238.059,-4.867,-3.76685,0,329.852,208.942,339.934,0.996104,0.0027272,0.00591218
497.25,0,279.974,280.621,281.21,238.059,-4.86343,-3.76261,0,329.852,208.942,339.934,0.996105,0.00272411,0.00568546
497.75,0,279.969,280.615,281.205,238.059,-4.8593,-3.75793,0,329.852,208.942,339.934,0.996106,0.00272072,0.00591151
498.25,0,279.963,280.61,281.199,238.059,-4.87083,-3.76665,0,329.749,208.928,339.934,0.996107,0.00272702,0.00567872
498.75,0,279.957,280.604,281.194,238.058,-4.86861,-3.7635,0,329.749,208.928,339.934,0.996108,0.00272472,0.00591223
499.25,0,279.952,280.599,281.189,238.058,-4.86505,-3.75929,0,329.749,208.928,339.934,0.996109,0.00272166,0.00568011
499.75,0,279.948,280.594,281.183,238.058,-4.86094,-3.75464,0,329.749,208.928,339.934,0.99611,0.00271828,0.00591133
500.25,0,279.941,280.588,281.178,238.058,-4.87242,-3.7633,0,329.647,208.914,339.934,0.996111,0.00272454,0.00567383
500.75,0,279.936,280.583,281.173,238.057,-4.8702,-3.76017,0,329.647,208.914,339.934,0.996112,0.00272226,0.0059118
501.25,0,279.931,280.577,281.167,238.057,-4.86666,-3.75598,0,329.647,208.914,339.934,0.996113,0.00271921,0.00567559
501.75,0,279.926,280.572,281.162,238.057,-4.86257,-3.75136,0,329.647,208.914,339.934,0.996114,0.00271585,0.00591067
502.25,0,279.919,280.567,281.157,238.057,-4.87399,-3.75997,0,329.546,208.901,339.934,0.996115,0.00272207,0.00566976
502.75,0,279.914,280.561,281.152,238.056,-4.87179,-3.75685,0,329.546,208.901,339.934,0.996116,0.0027198,0.0059109
503.25,0,279.909,280.556,281.146,238.056,-4.86826,-3.75268,0,329.546,208.901,339.934,0.996118,0.00271677,0.00567188
503.75,0,279.904,280.551,281.141,238.056,-4.86419,-3.74809,0,329.546,208.901,339.934,0.996118,0.00271343,0.00590955
504.25,0,279.897,280.545,281.136,238.056,-4.87556,-3.75664,0,329.445,208.887,339.934,0.99612,0.00271961,0.00566647
504.75,0,279.892,280.54,281.131,238.056,-4.87336,-3.75355,0,329.445,208.887,339.934,0.996121,0.00271735,0.00590954
505.25,0,279.887,280.535,281.126,238.055,-4.86985,-3.7494,0,329.445,208.887,339.934,0.996122,0.00271434,0.00566891
505.75,0,279.883,280.529,281.12,238.055,-4.86581,-3.74484,0,329.445,208.887,339.934,0.996123,0.00271103,0.00590798
506.25,0,279.876,280.524,281.115,238.055,-4.87711,-3.75333,0,329.344,208.874,339.934,0.996124,0.00271716,0.00566391
506.75,0,279.871,280.518,281.11,238.055,-4.87493,-3.75026,0,329.344,208.874,339.934,0.996125,0.00271492,0.00590776
507.25,0,279.866,280.513,281.105,238.054,-4.87144,-3.74614,0,329.344,208.874,339.934,0.996126,0.00271193,0.00566666
507.75,0,279.861,280.508,281.099,238.054,-4.86741,-3.7416,0,329.344,208.874,339.934,0.996127,0.00270863,0.00590601
508.25,0,279.854,280.503,281.094,238.054,-4.87866,-3.75004,0,329.245,208.861,339.934,0.996128,0.00271472,0.00566203
508.75,0,279.849,280.497,281.089,238.054,-4.87649,-3.74698,0,329.245,208.861,339.934,0.996129,0.00271249,0.00590558
509.25,0,279.844,280.492,281.084,238.054,-4.87301,-3.74288,0,329.245,208.861,339.934,0.99613,0.00270952,0.00566506
509.75,0,279.84,280.487,281.079,238.053,-4.869,-3.73837,0,329.245,208.861,339.934,0.996131,0.00270624,0.00590365
510.25,0,279.833,280.481,281.074,238.053,-4.8802,-3.74676,0,329.145,208.847,339.934,0.996132,0.0027123,0.00566077
510.75,0,279.828,280.476,281.068,238.053,-4.87803,-3.74371,0,329.145,208.847,339.934,0.996133,0.00271008,0.00590304
511.25,0,279.823,280.471,281.063,238.053,-4.87457,-3.73964,0,329.145,208.847,339.934,0.996134,0.00270712,0.00566406
511.75,0,279.818,280.466,281.058,238.052,-4.87059,-3.73516,0,329.145,208.847,339.934,0.996135,0.00270386,0.00590094
512.25,0,279.812,280.46,281.053,238.052,-4.88173,-3.74349,0,329.046,208.834,339.934,0.996137,0.00270988,0.00566009
512.75,0,279.807,280.455,281.048,238.052,-4.87957,-3.74046,0,329.046,208.834,339.934,0.996138,0.00270767,0.00590016
513.25,0,279.802,280.45,281.043,238.052,-4.87613,-3.73642,0,329.046,208.834,339.934,0.996139,0.00270473,0.00566361
513.75,0,279.797,280.445,281.038,238.052,-4.87216,-3.73195,0,329.046,208.834,339.934,0.99614,0.00270149,0.00589792
514.25,0,279.791,280.439,281.032,238.051,-4.88325,-3.74024,0,328.948,208.821,339.934,0.996141,0.00270747,0.00565994
514.75,0,279.785,280.434,281.027,238.051,-4.8811,-3.73723,0,328.948,208.821,339.934,0.996142,0.00270528,0.00589699
515.25,0,279.781,280.429,281.022,238.051,-4.87768,-3.7332,0,328.948,208.821,339.934,0.996143,0.00270235,0.00566366
515.75,0,279.776,280.424,281.017,238.051,-4.87373,-3.72877,0,328.948,208.821,339.934,0.996144,0.00269913,0.00589462
516.25,0,279.769,280.418,281.012,238.05,-4.88476,-3.737,0,328.85,208.808,339.934,0.996145,0.00270507,0.00566025
516.75,0,279.764,280.413,281.007,238.05,-4.88263,-3.734,0,328.85,208.808,339.934,0.996146,0.00270289,0.00589356
517.25,0,279.76,280.408,281.002,238.05,-4.87922,-3.73,0,328.85,208.808,339.934,0.996147,0.00269999,0.00566415
517.75,0,279.755,280.403,280.997,238.05,-4.87529,-3.72559,0,328.85,208.808,339.934,0.996148,0.00269678,0.00589109
518.25,0,279.748,280.398,280.992,238.05,-4.88626,-3.73377,0,328.753,208.795,339.934,0.996149,0.00270269,0.00566097
518.75,0,279.743,280.392,280.987,238.049,-4.88414,-3.73079,0,328.753,208.795,339.934,0.99615,0.00270052,0.00588992
519.25,0,279.739,280.387,280.981,238.049,-4.88075,-3.72682,0,328.753,208.795,339.934,0.996151,0.00269763,0.00566503
519.75,0,279.734,280.382,280.976,238.049,-4.87683,-3.72243,0,328.753,208.795,339.934,0.996152,0.00269444,0.00588737
520.25,0,279.728,280.377,280.971,238.049,-4.88776,-3.73056,0,328.656,208.782,339.934,0.996153,0.00270031,0.00566206
520.75,0,279.722,280.372,280.966,238.049,-4.88564,-3.7276,0,328.656,208.782,339.934,0.996154,0.00269816,0.00588611
521.25,0,279.718,280.367,280.961,238.048,-4.88227,-3.72364,0,328.656,208.782,339.934,0.996155,0.00269528,0.00566624
521.75,0,279.713,280.361,280.956,238.048,-4.87837,-3.71928,0,328.656,208.782,339.934,0.996156,0.00269211,0.00588349
522.25,0,279.707,280.356,280.951,238.048,-4.88924,-3.72736,0,328.559,208.769,339.934,0.996158,0.00269795,0.00566346
522.75,0,279.702,280.351,280.946,238.048,-4.88714,-3.72442,0,328.559,208.769,339.934,0.996159,0.0026958,0.00588216
523.25,0,279.697,280.346,280.941,238.047,-4.88378,-3.72048,0,328.559,208.769,339.934,0.99616,0.00269294,0.00566775
523.75,0,279.692,280.341,280.936,238.047,-4.8799,-3.71615,0,328.559,208.769,339.934,0.996161,0.00268979,0.00587949
524.25,0,279.686,280.336,280.931,238.047,-4.89072,-3.72417,0,328.463,208.756,339.934,0.996162,0.00269559,0.00566513
524.75,0,279.681,280.33,280.926,238.047,-4.88863,-3.72125,0,328.463,208.756,339.934,0.996163,0.00269346,0.00587811
525.25,0,279.676,280.325,280.921,238.047,-4.88528,-3.71734,0,328.463,208.756,339.934,0.996164,0.00269062,0.00566949
525.75,0,279.672,280.32,280.916,238.046,-4.88143,-3.71303,0,328.463,208.756,339.934,0.996165,0.00268749,0.00587541
526.25,0,279.665,280.315,280.911,238.046,-4.89219,-3.721,0,328.368,208.743,339.934,0.996166,0.00269324,0.00566701
526.75,0,279.66,280.31,280.906,238.046,-4.89011,-3.71809,0,328.368,208.743,339.934,0.996167,0.00269112,0.00587399
527.25,0,279.656,280.305,280.901,238.046,-4.88678,-3.7142,0,328.368,208.743,339.934,0.996168,0.0026883,0.00567144
527.75,0,279.651,280.3,280.896,238.046,-4.88294,-3.70992,0,328.368,208.743,339.934,0.996169,0.00268519,0.00587128
528.25,0,279.645,280.295,280.891,238.045,-4.89365,-3.71784,0,328.273,208.73,339.934,0.99617,0.00269091,0.00566907
528.75,0,279.64,280.29,280.886,238.045,-4.89158,-3.71495,0,328.273,208.73,339.934,0.996171,0.0026888,0.00586985
529.25,0,279.635,280.285,280.881,238.045,-4.88827,-3.71108,0,328.273,208.73,339.934,0.996172,0.00268599,0.00567354
529.75,0,279.631,280.28,280.876,238.045,-4.88445,-3.70682,0,328.273,208.73,339.934,0.996173,0.0026829,0.00586714
530.25,0,279.624,280.275,280.871,238.044,-4.89511,-3.7147,0,328.179,208.717,339.934,0.996174,0.00268858,0.00567127
530.75,0,279.619,280.269,280.866,238.044,-4.89304,-3.71182,0,328.179,208.717,339.934,0.996175,0.00268649,0.0058657
531.25,0,279.615,280.264,280.862,238.044,-4.88975,-3.70798,0,328.179,208.717,339.934,0.996176,0.00268369,0.00567576
531.75,0.000883788,279.616,280.261,280.857,238.044,-4.84377,-3.67023,0.282192,328.179,208.717,339.934,0.996174,0.00265637,0.0058216
532.25,0.00310011,279.626,280.259,280.852,238.044,-4.74303,-3.5911,0.989858,328.087,208.707,339.934,0.996162,0.00259911,0.00557248
532.75,0.00531637,279.642,280.26,280.847,238.043,-4.61524,-3.48888,1.69751,328.087,208.707,339.934,0.996146,0.00252515,0.00574399
533.25,0.00753252,279.66,280.262,280.842,238.043,-4.47975,-3.38069,2.40512,328.087,208.707,339.934,0.996128,0.00244687,0.00551898
533.75,0.00974853,279.681,280.266,280.837,238.043,-4.33997,-3.26916,3.11269,328.087,208.707,339.934,0.996107,0.00236618,0.00568668
534.25,0.0119643,279.703,280.272,280.833,238.043,-4.22382,-3.19167,3.82019,328.044,208.733,339.934,0.996036,0.00231013,0.00532607
534.75,0.0141799,279.727,280.279,280.829,238.043,-4.08077,-3.07731,4.52762,328.044,208.733,339.934,0.995981,0.00222739,0.00558795
535.25,0.0163952,279.752,280.286,280.824,238.043,-3.93662,-2.96148,5.23496,328.044,208.733,339.934,0.995935,0.0021436,0.00528751
535.75,0.0186102,279.779,280.295,280.821,238.043,-3.7917,-2.84477,5.9422,328.044,208.733,339.934,0.995894,0.00205916,0.00552909
536.25,0.0208248,279.808,280.305,280.817,238.043,-3.67286,-2.74886,6.67095,328.058,208.774,339.934,0.995805,0.00198978,0.00507177
536.75,0.023039,279.838,280.317,280.814,238.043,-3.5219,-2.61803,7.436,328.058,208.774,339.934,0.995737,0.00189512,0.00542821
537.25,0.0252528,279.87,280.329,280.81,238.043,-3.37209,-2.48469,8.20089,328.058,208.774,339.934,0.995682,0.00179864,0.00505054
537.75,0.027466,279.902,280.342,280.808,238.043,-3.22263,-2.35017,8.96561,328.058,208.774,339.934,0.995634,0.00170131,0.00536913
538.25,0.0296788,279.937,280.357,280.805,238.043,-3.1282,-2.20635,9.73014,328.118,208.828,339.934,0.995538,0.00159724,0.00483912
538.75,0.0318909,279.972,280.372,280.803,238.043,-2.98126,-2.06546,10.4945,328.118,208.828,339.934,0.995466,0.00149528,0.0052874
539.25,0.0341024,280.008,280.388,280.801,238.043,-2.83482,-1.92612,11.2586,328.118,208.828,339.934,0.995409,0.00139444,0.0048301
539.75,0.0363132,280.043,280.404,280.8,238.043,-2.68871,-1.78733,12.0225,328.118,208.828,490.937,0.995361,0.001294,0.00522618
540.25,0.0385234,280.083,280.423,280.798,238.043,-2.59891,-1.62916,12.7861,328.22,208.891,490.937,0.995264,0.00117952,0.00462532
540.75,0.0407327,280.122,280.441,280.798,238.043,-2.4534,-1.48563,13.5495,328.22,208.891,490.937,0.99519,0.00107564,0.00514321
541.25,0.0429413,280.16,280.46,280.797,238.044,-2.30885,-1.34469,14.3126,328.22,208.891,490.937,0.995129,0.000973625,0.00463041
541.75,0.045149,280.199,280.48,280.798,238.044,-2.16501,-1.20469,15.0754,328.22,208.891,490.937,0.995075,0.000872282,0.00508607
542.25,0.0473559,280.243,280.501,280.798,238.044,-2.07484,-1.03814,15.8379,328.36,208.962,490.937,0.994969,0.000751712,0.00442811
542.75,0.0495618,280.284,280.523,280.799,238.044,-1.93119,-0.892856,16.6001,328.36,208.962,490.937,0.994885,0.000646537,0.00501073
543.25,0.0517667,280.327,280.545,280.8,238.044,-1.77798,-0.740314,17.4368,328.36,208.962,490.937,0.994812,0.000536095,0.00442897
543.75,0.0539706,280.37,280.568,280.801,238.045,-1.62156,-0.583897,18.2918,328.36,208.962,490.937,0.994744,0.000422841,0.0049441
544.25,0.0561735,280.42,280.593,280.803,238.045,-1.51673,-0.394758,19.1464,328.536,209.04,490.937,0.994631,0.000286014,0.00421139
544.75,0.0583752,280.467,280.618,280.806,238.045,-1.35301,-0.239596,20.0005,328.536,209.04,490.937,0.994541,0.000175366,0.00485432
545.25,0.0605758,280.514,280.644,280.808,238.045,-1.18395,-0.0949777,20.8542,328.536,209.04,490.937,0.994464,7.46752e-05,0.00419844
545.75,0.0627752,280.561,280.67,280.812,238.046,-0.999522,0.0312481,21.7074,328.536,209.04,490.937,0.994398,3.50367e-06,0.00474861
546.25,0.0649734,280.614,280.698,280.815,238.046,-0.800652,0.153449,22.5601,328.751,209.128,490.937,0.994253,0,0.00388663
546.75,0.0671703,280.664,280.727,280.819,238.046,-0.608424,0.294136,23.4124,328.751,209.128,490.937,0.994061,0,0.00459683
547.25,0.0693659,280.715,280.757,280.823,238.046,-0.41003,0.395124,24.2641,328.751,209.128,490.937,0.993751,0,0.00388514
547.75,0.0715601,280.765,280.787,280.828,238.047,-0.227573,0.532273,25.1153,328.751,209.128,490.937,0.993442,0,0.00451607
548.25,0.0737529,280.813,280.82,280.833,238.047,-0.0529324,0.859616,25.966,329.012,209.222,692.2,0.992791,0,0.00363977
548.75,0.0759443,280.855,280.852,280.839,238.047,0.189079,1.20295,26.8161,329.012,209.222,692.2,0.992699,0,0.00441882
549.25,0.0781342,280.895,280.885,280.845,238.048,0.479431,1.3647,27.6656,329.012,209.222,692.2,0.991716,0,0.00364693
549.75,0.0803225,280.933,280.917,280.852,238.048,0.759766,1.60775,28.5146,329.012,209.222,692.2,0.991433,0,0.00434326
550.25,0.0825093,280.976,280.952,280.859,238.048,1.18678,1.76702,29.3629,329.318,209.302,692.2,0.990961,0,0.00346657
550.75,0.0846944,281.016,280.987,280.867,238.049,1.48158,1.90839,30.2106,329.318,209.302,692.2,0.990434,0,0.00424591
551.25,0.0868779,281.057,281.023,280.876,238.049,1.74872,2.0512,31.0576,329.318,209.302,692.2,0.989874,0,0.00348172
551.75,0.0890596,281.097,281.058,280.885,238.05,2.00091,2.21069,31.904,329.318,209.302,692.2,0.988232,0,0.00416885
552.25,0.0912397,281.137,281.091,280.895,238.05,2.37312,2.53293,32.7497,329.671,209.38,692.2,0.987705,0,0.00330569
552.75,0.0934179,281.175,281.124,280.906,238.05,2.6923,2.69339,33.5947,329.671,209.38,692.2,0.987147,0,0.00408838
553.25,0.0955943,281.214,281.158,280.918,238.051,2.97884,2.8488,34.439,329.671,209.38,692.2,0.986568,0,0.00331109
553.75,0.0977688,281.252,281.193,280.931,238.051,3.25281,3.00457,35.2825,329.671,209.38,692.2,0.98597,0,0.00400064
554.25,0.0999414,281.295,281.229,280.944,238.052,3.66927,3.19047,36.1253,330.029,209.455,692.2,0.985313,0,0.00310798
554.75,0.102112,281.336,281.265,280.958,238.052,3.99206,3.36749,37.0952,330.029,209.455,692.2,0.984626,0,0.00389227
555.25,0.104281,281.378,281.303,280.972,238.053,4.29759,3.54475,38.0676,330.029,209.455,692.2,0.983917,0,0.0030912
555.75,0.106447,281.418,281.34,280.993,238.053,4.55867,3.80896,39.0392,330.029,209.455,956.226,0.981322,0,0.00470415
556.25,0.108612,281.46,281.374,281.012,238.054,4.94491,4.21618,40.0098,330.432,209.535,956.226,0.980622,0,0.00294728
556.75,0.110774,281.499,281.407,281.032,238.054,5.33856,4.40833,40.9794,330.432,209.535,956.226,0.980038,0,0.00368299
557.25,0.112934,281.539,281.442,281.053,238.055,5.69651,4.58441,41.9481,330.432,209.535,956.226,0.979425,0,0.0029206
557.75,0.115092,281.578,281.476,281.076,238.055,6.03674,4.76204,42.9158,330.432,209.535,956.226,0.978787,0,0.00360649
558.25,0.117248,281.622,281.512,281.099,238.056,6.53416,4.97448,43.8825,330.824,209.614,956.226,0.978099,0,0.00276572
558.75,0.119401,281.663,281.549,281.123,238.056,6.87144,5.16418,44.8481,330.824,209.614,956.226,0.977391,0,0.00346366
559.25,0.121552,281.705,281.586,281.148,238.057,7.18085,5.35252,45.8127,330.824,209.614,956.226,0.976668,0,0.00278602
559.75,0.123701,281.745,281.624,281.196,238.058,7.47623,5.56044,46.7762,330.824,209.614,956.226,0.974269,0,0.00629253
560.25,0.125847,281.791,281.664,281.219,238.058,7.80757,6.01485,47.7386,331.261,209.696,956.226,0.973626,0,0.00252624
560.75,0.127991,281.832,281.7,281.248,238.059,8.07907,6.28378,48.6999,331.261,209.696,956.226,0.971444,0,0.003495
561.25,0.130132,281.87,281.733,281.28,238.06,8.37433,6.61246,49.6601,331.261,209.696,956.226,0.970913,0,0.00268916
561.75,0.132271,281.909,281.766,281.312,238.06,8.74846,6.78981,50.6191,331.261,209.696,956.226,0.97035,0,0.00312878
562.25,0.134407,281.951,281.801,281.345,238.061,9.29282,7.00302,51.577,331.694,209.778,956.226,0.969744,0,0.00247731
562.75,0.13654,281.991,281.835,281.378,238.061,9.65636,7.19203,52.5337,331.694,209.778,956.226,0.969115,0,0.00300517
563.25,0.138671,282.031,281.871,281.413,238.062,9.98781,7.37811,53.4892,331.694,209.778,956.226,0.968469,0,0.0024485
563.75,0.140799,282.071,281.906,281.447,238.063,10.3084,7.56578,54.4434,331.694,209.778,1308.03,0.967809,0,0.00295266
564.25,0.142924,282.115,281.943,281.482,238.063,10.8147,7.79157,55.3964,332.133,209.859,1308.03,0.967115,0,0.00231315
564.75,0.145047,282.156,281.98,281.518,238.064,11.1441,7.99127,56.3482,332.133,209.859,1308.03,0.966407,0,0.00288617
565.25,0.147166,282.195,282.017,281.557,238.065,11.3632,8.37327,57.2987,332.133,209.859,1308.03,0.963444,0,0.00946249
565.75,0.149283,282.237,282.056,281.595,238.066,11.5089,8.73624,58.2479,332.133,209.859,1308.03,0.962804,0,0.00261951
566.25,0.151397,282.282,282.095,281.633,238.066,11.9705,9.0219,59.1958,332.612,209.944,1308.03,0.959841,0,0.00360513
566.75,0.153508,282.321,282.129,281.667,238.067,12.1162,9.55835,60.1423,332.612,209.944,1308.03,0.958743,0,0.00296732
567.25,0.155615,282.358,282.161,281.698,238.068,12.492,9.78281,61.0875,332.612,209.944,1308.03,0.958287,0,0.00219239
567.75,0.15772,282.395,282.193,281.73,238.069,12.8756,9.9558,62.0313,332.612,209.944,1308.03,0.957804,0,0.00265485
568.25,0.159822,282.436,282.225,281.763,238.069,13.4392,10.1679,62.9737,333.064,210.025,1308.03,0.957285,0,0.00202875
568.75,0.16192,282.474,282.259,281.796,238.07,13.8163,10.3526,63.9147,333.064,210.025,1308.03,0.956742,0,0.00255724
569.25,0.164016,282.512,282.292,281.829,238.071,14.1589,10.5356,64.8543,333.064,210.025,1308.03,0.956181,0,0.001991
569.75,0.166108,282.551,282.326,281.863,238.072,14.4902,10.7196,65.7925,333.064,210.025,1308.03,0.955603,0,0.00246014
570.25,0.168196,282.593,282.361,281.898,238.072,15.0134,10.9443,66.7292,333.516,210.105,1308.03,0.954997,0,0.00185897
570.75,0.170282,282.633,282.396,281.933,238.073,15.3633,11.1428,67.6832,333.516,210.105,1308.03,0.954374,0,0.00236873
571.25,0.172364,282.674,282.432,281.968,238.074,15.7372,11.3488,68.756,333.516,210.105,1308.03,0.953732,0,0.00176401
571.75,0.174443,282.711,282.468,282.004,238.075,16.0265,11.7501,69.8271,333.516,210.105,1308.03,0.949995,0,0.0177156
572.25,0.176518,282.757,282.505,282.042,238.076,16.3758,12.3139,70.8963,334.004,210.19,1308.03,0.949369,0,0.00146931
572.75,0.17859,282.8,282.544,282.08,238.077,16.7378,12.5243,71.9638,334.004,210.19,1308.03,0.94873,0,0.00196369
573.25,0.180659,282.844,282.582,282.119,238.078,17.0847,12.7344,73.0295,334.004,210.19,1759.97,0.948079,0,0.00147938
573.75,0.182723,282.883,282.621,282.157,238.079,17.2712,13.2802,74.0934,334.004,210.19,1759.97,0.944163,0,0.00605128
574.25,0.184785,282.927,282.657,282.193,238.08,17.6508,13.8518,75.1554,334.53,210.278,1759.97,0.942257,0,0.0030732
574.75,0.186842,282.965,282.688,282.224,238.08,18.0737,14.1662,76.2156,334.53,210.278,1759.97,0.941842,0,0.00215142
575.25,0.188896,283.002,282.72,282.255,238.081,18.536,14.3585,77.2738,334.53,210.278,1759.97,0.941399,0,0.00142625
575.75,0.190946,283.04,282.751,282.287,238.082,18.9718,14.5509,78.3302,334.53,210.278,1759.97,0.940932,0,0.00206194
576.25,0.192993,283.082,282.784,282.32,238.083,19.6006,14.7869,79.3846,335.004,210.361,1759.97,0.940431,0,0.00128309
576.75,0.195036,283.121,282.817,282.353,238.084,20.0366,14.9929,80.437,335.004,210.361,1759.97,0.939908,0,0.00196688
577.25,0.197074,283.16,282.851,282.386,238.085,20.4378,15.1968,81.4875,335.004,210.361,1759.97,0.939365,0,0.00128414
577.75,0.199109,283.199,282.885,282.42,238.086,20.8265,15.4035,82.536,335.004,210.361,1759.97,0.938805,0,0.00184737
578.25,0.20114,283.242,282.919,282.455,238.087,21.4246,15.6543,83.5825,335.495,210.445,1759.97,0.938217,0,0.00117393
578.75,0.203168,283.282,282.954,282.49,238.088,21.8262,15.8737,84.6269,335.495,210.445,1759.97,0.937612,0,0.00170109
579.25,0.205191,283.318,282.99,282.525,238.089,22.1594,16.1932,85.6693,335.495,210.445,1759.97,0.932664,0,0.0326954
579.75,0.20721,283.358,283.026,282.562,238.09,22.129,17.0445,86.7096,335.495,210.445,1759.97,0.932107,0,0.00133658
580.25,0.209225,283.403,283.063,282.599,238.091,22.6676,17.2913,87.7478,336.016,210.533,1759.97,0.931526,0,0.000991886
580.75,0.211236,283.445,283.101,282.636,238.092,23.0315,17.5096,88.7839,336.016,210.533,1759.97,0.930934,0,0.00122683
581.25,0.213242,283.488,283.138,282.674,238.093,23.3701,17.7261,89.8178,336.016,210.533,1759.97,0.930331,0,0.00103069
581.75,0.215245,283.53,283.176,282.712,238.094,23.703,17.9446,90.8496,336.016,210.533,1759.97,0.929719,0,0.00120306
582.25,0.217243,283.57,283.214,282.749,238.095,23.9983,18.7988,91.8792,336.576,210.624,1759.97,0.924353,0,0.0106051
582.75,0.219237,283.611,283.253,282.788,238.097,24.1584,19.2742,92.9066,336.576,210.624,2361.86,0.922204,0,0.00427879
583.25,0.221227,283.651,283.288,282.823,238.098,24.3265,19.7939,93.9318,336.576,210.624,2361.86,0.921036,0,0.00224713
583.75,0.223213,283.687,283.317,282.852,238.099,24.7447,20.0573,94.9548,336.576,210.624,2361.86,0.920685,0,0.00144221
584.25,0.225194,283.727,283.348,282.883,238.1,25.4288,20.2939,95.9755,337.109,210.709,2361.86,0.920307,0,0.000918111
584.75,0.22717,283.764,283.379,282.914,238.101,25.8856,20.494,96.9939,337.109,210.709,2361.86,0.919908,0,0.0012901
585.25,0.229142,283.8,283.41,282.945,238.102,26.301,20.6903,98.01,337.109,210.709,2361.86,0.919491,0,0.000930375
585.75,0.23111,283.837,283.441,282.976,238.103,26.7016,20.8885,99.0238,337.109,210.709,2361.86,0.919058,0,0.00123973
586.25,0.233073,283.878,283.474,283.008,238.104,27.3128,21.1326,100.035,337.609,210.791,2361.86,0.918602,0,0.000881762
586.75,0.235032,283.916,283.506,283.041,238.105,27.7246,21.3429,101.044,337.609,210.791,2361.86,0.918129,0,0.0011328
587.25,0.236986,283.954,283.539,283.073,238.106,28.1027,21.5507,102.051,337.609,210.791,2361.86,0.917642,0,0.000886758
587.75,0.238935,283.992,283.572,283.106,238.107,28.4699,21.7603,103.055,337.609,210.791,2361.86,0.917142,0,0.00108397
588.25,0.240879,284.034,283.605,283.14,238.108,29.0634,22.018,104.057,338.135,210.875,2361.86,0.916622,0,0.000844335
588.75,0.242819,284.064,283.639,283.173,238.111,29.0782,22.9929,105.057,338.135,210.875,2361.86,0.91014,0,0.0636246
589.25,0.244754,284.103,283.674,283.208,238.112,29.1629,23.503,106.054,338.135,210.875,2361.86,0.909685,0,0.000841103
589.75,0.246684,284.142,283.709,283.243,238.113,29.481,23.7045,107.048,338.135,210.875,2361.86,0.90922,0,0.000974827
590.25,0.24861,284.186,283.744,283.278,238.114,30.0417,23.958,108.04,338.665,210.966,2361.86,0.908734,0,0.000754678
590.75,0.25053,284.226,283.78,283.314,238.116,30.4146,24.1792,109.065,338.665,210.966,2361.86,0.908235,0,0.000952575
591.25,0.252446,284.267,283.816,283.35,238.117,30.8006,24.4064,110.179,338.665,210.966,2361.86,0.907724,0,0.000754144
591.75,0.254357,284.309,283.852,283.386,238.118,31.1848,24.637,111.29,338.665,210.966,2361.86,0.907201,0,0.000931497
592.25,0.256262,284.355,283.889,283.423,238.119,31.8246,24.9218,112.398,339.249,211.056,3113.18,0.906658,0,0.00071814
592.75,0.258163,284.387,283.925,283.459,238.121,31.7951,26.0667,113.503,339.249,211.056,3113.18,0.899123,0,0.0224889
593.25,0.260058,284.429,283.962,283.496,238.122,31.8833,26.6372,114.605,339.249,211.056,3113.18,0.898781,0,0.000719142
593.75,0.261949,284.468,284,283.533,238.123,32.2349,26.8731,115.705,339.249,211.056,3113.18,0.895656,0,0.00844694
594.25,0.263834,284.512,284.037,283.571,238.125,32.6008,27.6167,116.801,339.83,211.147,3113.18,0.894342,0,0.00327619
594.75,0.265714,284.55,284.068,283.602,238.126,32.9196,28.0542,117.894,339.83,211.147,3113.18,0.893578,0,0.00191619
595.25,0.267589,284.586,284.097,283.631,238.127,33.4225,28.2857,118.984,339.83,211.147,3113.18,0.893282,0,0.000668943
595.75,0.269458,284.621,284.127,283.66,238.128,33.9035,28.4915,120.071,339.83,211.147,3113.18,0.89297,0,0.000854178
596.25,0.271323,284.661,284.156,283.69,238.129,34.6072,28.7473,121.155,340.375,211.232,3113.18,0.892635,0,0.000626738
596.75,0.273182,284.697,284.186,283.72,238.131,35.0898,28.964,122.236,340.375,211.232,3113.18,0.892283,0,0.00083376
597.25,0.275035,284.733,284.217,283.75,238.132,35.5339,29.1776,123.314,340.375,211.232,3113.18,0.891917,0,0.000629084
597.75,0.276884,284.77,284.248,283.781,238.133,35.9649,29.3927,124.389,340.375,211.232,3113.18,0.891536,0,0.000814375
598.25,0.278726,284.81,284.279,283.812,238.134,36.6239,29.6585,125.461,340.912,211.315,3113.18,0.891137,0,0.000584457
598.75,0.280564,284.838,284.31,283.843,238.139,37.0168,30.0433,126.529,340.912,211.315,3113.18,0.882553,0,0.112174
599.25,0.282395,284.872,284.342,283.875,238.14,36.6445,31.618,127.594,340.912,211.315,3113.18,0.882234,0,0.000562107
599.75,0.284222,284.91,284.374,283.908,238.142,36.9661,31.8102,128.656,340.912,211.315,3113.18,0.881904,0,0.000239242
600.25,0.286042,284.951,284.407,283.94,238.143,37.5632,32.0626,129.715,341.415,211.412,3113.18,0.881552,0,0.000557652
600.75,0.287857,284.989,284.44,283.973,238.144,37.9722,32.2828,130.77,341.415,211.412,3113.18,0.881187,0,0.000252949
601.25,0.289667,285.027,284.473,284.006,238.145,38.3548,32.5006,131.822,341.415,211.412,3113.18,0.88081,0,0.000538473
601.75,0.29147,285.066,284.507,284.04,238.147,38.7305,32.7207,132.871,341.415,211.412,3113.18,0.880423,0,0.000264619
602.25,0.293268,285.109,284.541,284.074,238.148,39.3637,32.9967,133.917,342.007,211.5,3113.18,0.88002,0,0.000470843
602.75,0.29506,285.148,284.575,284.108,238.149,39.7649,33.2301,134.959,342.007,211.5,3113.18,0.879605,0,0.000271646
603.25,0.296847,285.187,284.61,284.142,238.151,40.131,33.4601,135.997,342.007,211.5,3113.18,0.87918,0,0.000456473
603.75,0.298627,285.226,284.644,284.177,238.152,40.4879,33.6915,137.033,342.007,211.5,3113.18,0.878746,0,0.000277247
604.25,0.300402,285.27,284.679,284.212,238.153,41.1113,33.9807,138.065,342.622,211.59,3113.18,0.878298,0,0.000392733
604.75,0.302171,285.299,284.714,284.247,238.159,41.3464,34.597,139.093,342.622,211.59,3113.18,0.868326,0,0.145952
605.25,0.303934,285.336,284.749,284.282,238.161,40.8376,36.2543,140.118,342.622,211.59,3113.18,0.868025,0,0
605.75,0.30569,285.375,284.785,284.317,238.162,41.1148,36.4521,141.14,342.622,211.59,3113.18,0.867715,0,0
606.25,0.307441,285.419,284.82,284.353,238.163,41.6748,36.7121,142.158,343.156,211.696,3113.18,0.867384,0,0
606.75,0.309186,285.459,284.856,284.389,238.165,42.0354,36.9363,143.173,343.156,211.696,3113.18,0.867042,0,0
607.25,0.310925,285.484,284.887,284.419,238.166,41.8873,38.2462,144.184,343.156,211.696,3113.18,0.857923,0,0
607.75,0.312658,285.516,284.914,284.447,238.167,41.9052,39.0531,145.191,343.156,211.696,3113.18,0.857724,0,0
608.25,0.314384,285.554,284.942,284.475,238.169,42.57,39.2989,146.195,343.741,211.775,3113.18,0.85751,0,0
608.75,0.316104,285.588,284.971,284.503,238.17,43.0131,39.5036,147.196,343.741,211.775,3113.18,0.857284,0,0
609.25,0.317818,285.621,284.999,284.531,238.171,43.4218,39.7048,148.192,343.741,211.775,3113.18,0.857047,0,0
609.75,0.319526,285.656,285.028,284.56,238.173,43.8196,39.9077,149.185,343.741,211.775,3113.18,0.856799,0,0
610.25,0.321228,285.693,285.057,284.589,238.174,44.4572,40.1641,150.175,344.3,211.855,3113.18,0.856538,0,0
610.75,0.322923,285.728,285.087,284.619,238.176,44.8745,40.3782,151.161,344.3,211.855,3113.18,0.856266,0,0
611.25,0.324612,285.747,285.116,284.648,238.183,45.0903,41.0251,152.143,344.3,211.855,3113.18,0.842893,0,0.189089
611.75,0.326295,285.777,285.146,284.677,238.184,44.2184,43.3249,153.121,344.3,211.855,3113.18,0.842776,0,0
612.25,0.327971,285.814,285.175,284.707,238.186,44.6692,43.5243,154.096,344.726,211.957,3113.18,0.84264,0,0
612.75,0.32964,285.849,285.206,284.737,238.187,45.0331,43.7094,155.067,344.726,211.957,3113.18,0.842494,0,0
613.25,0.331304,285.884,285.236,284.768,238.188,45.3872,43.8963,156.034,344.726,211.957,3113.18,0.842338,0,0
613.75,0.33296,285.919,285.266,284.798,238.19,45.7404,44.0856,156.997,344.726,211.957,3113.18,0.842171,0,0
614.25,0.334611,285.959,285.297,284.829,238.191,46.3573,44.3338,157.957,345.327,212.039,3113.18,0.841992,0,0
614.75,0.336254,285.994,285.328,284.86,238.193,46.7408,44.5367,158.912,345.327,212.039,3113.18,0.841803,0,0
615.25,0.337891,286.03,285.359,284.891,238.194,47.0904,44.7358,159.864,345.327,212.039,3113.18,0.841604,0,0
615.75,0.339521,286.066,285.391,284.922,238.196,47.4313,44.9362,160.812,345.327,212.039,3113.18,0.841396,0,0
616.25,0.341145,286.106,285.423,284.954,238.197,48.0403,45.1972,161.757,345.947,212.124,3113.18,0.841176,0,0
616.75,0.342762,286.142,285.454,284.986,238.199,48.4074,45.4101,162.697,345.947,212.124,3113.18,0.840947,0,0
617.25,0.344372,286.179,285.486,285.018,238.2,48.7389,45.6187,163.633,345.947,212.124,3113.18,0.840709,0,0
617.75,0.345976,286.215,285.519,285.05,238.202,49.0611,45.8282,164.566,345.947,212.124,3113.18,0.840463,0,0
618.25,0.347572,286.256,285.551,285.082,238.203,49.6594,46.0994,165.494,346.584,212.21,3113.18,0.840206,0,0
618.75,0.349162,286.277,285.584,285.115,238.207,49.7397,46.9606,166.418,346.584,212.21,3113.18,0.828251,0,0.0860406
619.25,0.350745,286.312,285.616,285.147,238.209,49.0379,48.8516,167.392,346.584,212.21,3113.18,0.82817,0,0
619.75,0.352321,286.349,285.648,285.18,238.21,49.3285,49.0278,168.42,346.584,212.21,3113.18,0.828079,0,0
620.25,0.353891,286.39,285.681,285.212,238.212,49.9171,49.2716,169.443,347.133,212.302,3113.18,0.827969,0,0
620.75,0.355453,286.427,285.714,285.245,238.213,50.3033,49.4774,170.462,347.133,212.302,3113.18,0.827848,0,0
621.25,0.357008,286.465,285.748,285.279,238.215,50.6635,49.6812,171.476,347.133,212.302,3113.18,0.827716,0,0
621.75,0.358556,286.504,285.781,285.312,238.216,51.0178,49.8872,172.486,347.133,212.302,3113.18,0.827574,0,0
622.25,0.360097,286.537,285.814,285.345,238.219,51.2492,51.0007,173.491,347.805,212.391,3113.18,0.82184,0,0.0386776
622.75,0.361631,286.575,285.848,285.379,238.221,51.3947,51.4906,174.492,347.805,212.391,3113.18,0.821768,0,0
623.25,0.363158,286.614,285.882,285.413,238.222,51.7303,51.6846,175.488,347.805,212.391,3113.18,0.821686,0,0
623.75,0.364678,286.648,285.916,285.447,238.224,51.8465,52.3249,176.479,347.805,212.391,3113.18,0.819022,0,0.0172952
624.25,0.366191,286.689,285.95,285.481,238.226,52.3117,52.787,177.465,348.421,212.483,3113.18,0.817786,0,0.007946
624.75,0.367696,286.724,285.981,285.511,238.228,52.5476,53.257,178.447,348.421,212.483,3113.18,0.816731,0,0.0067038
625.25,0.369195,286.756,286.007,285.537,238.229,52.9845,53.5029,179.425,348.421,212.483,3113.18,0.816675,0,0
625.75,0.370686,286.788,286.033,285.563,238.231,53.4257,53.6958,180.397,348.421,212.483,3113.18,0.816608,0,0
626.25,0.372169,286.823,286.059,285.59,238.233,54.1141,53.9467,181.365,349.028,212.567,3113.18,0.816529,0,0
626.75,0.373646,286.855,286.086,285.616,238.234,54.5581,54.1479,182.328,349.028,212.567,3113.18,0.816441,0,0
627.25,0.375115,286.887,286.113,285.643,238.236,54.9623,54.3437,183.286,349.028,212.567,3113.18,0.816342,0,0
627.75,0.376577,286.92,286.14,285.67,238.237,55.3535,54.5399,184.239,349.028,212.567,3113.18,0.816235,0,0
628.25,0.378031,286.955,286.167,285.697,238.239,55.9963,54.7952,185.188,349.621,212.646,3113.18,0.816118,0,0
628.75,0.379478,286.988,286.195,285.725,238.241,56.4056,55.0023,186.131,349.621,212.646,3113.18,0.815991,0,0
629.25,0.380917,287.02,286.222,285.753,238.242,56.7788,55.2047,187.07,349.621,212.646,3113.18,0.815856,0,0
629.75,0.382349,287.053,286.25,285.78,238.244,57.1409,55.4076,188.004,349.621,212.646,3113.18,0.815712,0,0
630.25,0.383774,287.09,286.278,285.809,238.245,57.7607,55.6709,188.933,350.224,212.726,3113.18,0.815559,0,0
630.75,0.38519,287.122,286.307,285.837,238.247,58.1438,55.8851,189.857,350.224,212.726,3113.18,0.815398,0,0
631.25,0.3866,287.155,286.335,285.865,238.249,58.4912,56.0944,190.776,350.224,212.726,3113.18,0.815229,0,0
631.75,0.388002,287.188,286.364,285.894,238.25,58.8282,56.3043,191.69,350.224,212.726,3113.18,0.815053,0,0
632.25,0.389396,287.225,286.393,285.923,238.252,59.4091,56.5717,192.6,350.796,212.809,3113.18,0.814867,0,0
632.75,0.390782,287.259,286.422,285.952,238.254,59.7659,56.7924,193.504,350.796,212.809,3113.18,0.814674,0,0
633.25,0.392161,287.292,286.451,285.981,238.256,60.0889,57.0085,194.403,350.796,212.809,3113.18,0.814474,0,0
633.75,0.393532,287.325,286.481,286.01,238.257,60.4022,57.2251,195.297,350.796,212.809,3113.18,0.814267,0,0
634.25,0.394895,287.363,286.51,286.04,238.259,60.9666,57.5007,196.187,351.383,212.894,3113.18,0.814052,0,0
634.75,0.396251,287.397,286.54,286.07,238.261,61.3012,57.7282,197.071,351.383,212.894,3113.18,0.81383,0,0
635.25,0.397599,287.43,286.57,286.1,238.262,61.6019,57.9507,197.95,351.383,212.894,3113.18,0.813602,0,0
635.75,0.398939,287.464,286.6,286.13,238.264,61.8928,58.1737,198.824,351.383,212.894,3113.18,0.813368,0,0
636.25,0.400271,287.502,286.631,286.16,238.266,62.4417,58.4572,199.692,351.984,212.979,3113.18,0.813126,0,0
636.75,0.401595,287.536,286.661,286.191,238.268,62.7552,58.691,200.556,351.984,212.979,3113.18,0.812878,0,0
637.25,0.402911,287.57,286.692,286.221,238.269,63.0343,58.9197,201.415,351.984,212.979,3113.18,0.812625,0,0
637.75,0.40422,287.605,286.723,286.252,238.271,63.304,59.1486,202.268,351.984,212.979,3113.18,0.812366,0,0
638.25,0.40552,287.643,286.754,286.283,238.273,63.8379,59.4396,203.116,352.599,213.066,3113.18,0.812101,0,0
638.75,0.406813,287.677,286.785,286.314,238.275,64.131,59.6793,203.959,352.599,213.066,3113.18,0.81183,0,0
639.25,0.408097,287.712,286.816,286.345,238.276,64.3895,59.9136,204.797,352.599,213.066,3113.18,0.811554,0,0
639.75,0.409374,287.747,286.847,286.377,238.278,64.6384,60.1481,205.63,352.599,213.066,3113.18,0.811273,0,0
640.25,0.410642,287.785,286.879,286.408,238.28,65.1578,60.446,206.457,353.228,213.154,3113.18,0.810986,0,0
640.75,0.411903,287.82,286.911,286.44,238.282,65.4313,60.6912,207.279,353.228,213.154,3113.18,0.810694,0,0
641.25,0.413155,287.855,286.943,286.472,238.284,65.6696,60.9308,208.096,353.228,213.154,3113.18,0.810398,0,0
641.75,0.414399,287.89,286.975,286.504,238.285,65.8986,61.1704,208.907,353.228,213.154,3113.18,0.810098,0,0
642.25,0.415635,287.929,287.007,286.536,238.287,66.3991,61.4738,209.713,353.86,213.244,3113.18,0.809792,0,0
642.75,0.416863,287.964,287.039,286.568,238.289,66.6528,61.724,210.514,353.86,213.244,3113.18,0.809481,0,0
643.25,0.418083,287.999,287.071,286.6,238.291,66.8714,61.9683,211.31,353.86,213.244,3113.18,0.809167,0,0
643.75,0.419295,288.035,287.104,286.633,238.293,67.0808,62.2125,212.1,353.86,213.244,3113.18,0.80885,0,0
644.25,0.420498,288.074,287.137,286.665,238.295,67.5656,62.5216,212.885,354.5,213.335,3113.18,0.808527,0,0
644.75,0.421693,288.11,287.17,286.698,238.296,67.8003,62.7763,213.664,354.5,213.335,3113.18,0.808201,0,0
645.25,0.42288,288.145,287.202,286.731,238.298,67.9998,63.0249,214.438,354.5,213.335,3113.18,0.807871,0,0
645.75,0.424058,288.181,287.236,286.764,238.3,68.1901,63.2734,215.207,354.5,213.335,3113.18,0.807539,0,0
646.25,0.425228,288.22,287.269,286.797,238.302,68.661,63.588,215.97,355.151,213.426,3113.18,0.807202,0,0
646.75,0.42639,288.256,287.302,286.83,238.304,68.8775,63.8468,216.727,355.151,213.426,3113.18,0.806861,0,0
647.25,0.427543,288.292,287.335,286.864,238.306,69.0583,64.0994,217.48,355.151,213.426,3113.18,0.806518,0,0
647.75,0.428688,288.327,287.369,286.897,238.308,69.2301,64.3515,218.226,355.151,213.426,3113.18,0.806173,0,0
648.25,0.429825,288.367,287.403,286.931,238.309,69.6872,64.6712,218.968,355.814,213.519,3113.18,0.805824,0,0
648.75,0.430953,288.403,287.436,286.965,238.311,69.8859,64.9337,219.703,355.814,213.519,3113.18,0.805472,0,0
649.25,0.432072,288.439,287.47,286.998,238.313,70.0486,65.1897,220.434,355.814,213.519,3113.18,0.805117,0,0
649.75,0.433183,288.475,287.504,287.032,238.315,70.2023,65.4452,221.158,355.814,213.519,3113.18,0.804761,0,0
650.25,0.434286,288.515,287.538,287.066,238.317,70.6459,65.7695,221.877,356.487,213.612,3113.18,0.804401,0,0
650.75,0.43538,288.551,287.572,287.1,238.319,70.8271,66.0352,222.591,356.487,213.612,3113.18,0.80404,0,0
651.25,0.436465,288.588,287.607,287.135,238.321,70.9721,66.2942,223.299,356.487,213.612,3113.18,0.803676,0,0
651.75,0.437542,288.624,287.641,287.169,238.323,71.108,66.5526,224.001,356.487,213.612,3113.18,0.803311,0,0
652.25,0.438611,288.664,287.675,287.203,238.325,71.5383,66.8809,224.698,357.169,213.706,3113.18,0.802943,0,0
652.75,0.43967,288.7,287.71,287.238,238.326,71.7025,67.1495,225.389,357.169,213.706,3113.18,0.802573,0,0
653.25,0.440722,288.737,287.745,287.272,238.328,71.8301,67.411,226.075,357.169,213.706,3113.18,0.802202,0,0
653.75,0.441764,288.773,287.779,287.307,238.33,71.9488,67.6718,226.755,357.169,213.706,3113.18,0.801829,0,0
654.25,0.442798,288.813,287.814,287.342,238.332,72.3659,68.0038,227.429,357.862,213.8,3113.18,0.801455,0,0
654.75,0.443823,288.85,287.849,287.377,238.334,72.5134,68.2746,228.097,357.862,213.8,3113.18,0.801079,0,0
655.25,0.444839,288.886,287.884,287.411,238.336,72.6241,68.5383,228.76,357.862,213.8,3113.18,0.800702,0,0
655.75,0.445847,288.923,287.919,287.446,238.338,72.7258,68.801,229.417,357.862,213.8,3113.18,0.800324,0,0
656.25,0.446845,288.963,287.954,287.481,238.34,73.1299,69.1362,230.069,358.563,213.895,3113.18,0.799945,0,0
656.75,0.447836,289,287.989,287.517,238.342,73.261,69.4089,230.715,358.563,213.895,3113.18,0.799564,0,0
657.25,0.448817,289.036,288.025,287.552,238.344,73.3551,69.6742,231.355,358.563,213.895,3113.18,0.799183,0,0
657.75,0.449789,289.073,288.06,287.587,238.346,73.4403,69.9385,231.989,358.563,213.895,3113.18,0.798802,0,0
658.25,0.450753,289.114,288.095,287.622,238.348,73.8315,70.2763,232.617,359.272,213.99,3113.18,0.798419,0,0
658.75,0.451708,289.15,288.131,287.658,238.35,73.9467,70.5506,233.24,359.272,213.99,3113.18,0.798036,0,0
659.25,0.452653,289.187,288.166,287.693,238.351,74.0245,70.817,233.857,359.272,213.99,3113.18,0.797652,0,0
659.75,0.45359,289.223,288.202,287.729,238.353,74.0936,71.0824,234.468,359.272,213.99,3113.18,0.797269,0,0
660.25,0.454518,289.264,288.238,287.765,238.355,74.472,71.4225,235.073,359.99,214.086,3113.18,0.796885,0,0
660.75,0.455437,289.301,288.273,287.8,238.357,74.5715,71.6977,235.673,359.99,214.086,3113.18,0.7965,0,0
661.25,0.456348,289.338,288.309,287.836,238.359,74.6335,71.965,236.266,359.99,214.086,3113.18,0.796115,0,0
661.75,0.457249,289.374,288.345,287.872,238.361,74.6867,72.231,236.854,359.99,214.086,3113.18,0.795731,0,0
662.25,0.458141,289.415,288.381,287.907,238.363,75.0525,72.5728,237.436,360.714,214.181,3113.18,0.795347,0,0
662.75,0.459024,289.452,288.417,287.943,238.365,75.1366,72.8486,238.012,360.714,214.181,3113.18,0.794962,0,0
663.25,0.459898,289.489,288.453,287.979,238.367,75.1831,73.1162,238.582,360.714,214.181,3113.18,0.794578,0,0
663.75,0.460764,289.525,288.489,288.015,238.369,75.2208,73.3824,239.146,360.714,214.181,3113.18,0.794194,0,0
664.25,0.46162,289.566,288.525,288.051,238.371,75.5741,73.7256,239.705,361.446,214.277,3113.18,0.793811,0,0
664.75,0.462467,289.603,288.561,288.087,238.373,75.6432,74.0015,240.257,361.446,214.277,3113.18,0.793427,0,0
665.25,0.463305,289.64,288.597,288.123,238.375,75.6745,74.269,240.804,361.446,214.277,3113.18,0.793045,0,0
665.75,0.464134,289.676,288.633,288.16,238.377,75.6971,74.535,241.344,361.446,214.277,3113.18,0.792664,0,0
666.25,0.464953,289.717,288.67,288.196,238.379,76.038,74.879,241.879,362.184,214.373,3113.18,0.792283,0,0
666.75,0.465764,289.754,288.706,288.232,238.381,76.0924,75.1546,242.408,362.184,214.373,3113.18,0.791902,0,0
667.25,0.466565,289.79,288.742,288.268,238.383,76.1088,75.4216,242.93,362.184,214.373,3113.18,0.791522,0,0
667.75,0.467358,289.827,288.778,288.304,238.385,76.1166,75.687,243.447,362.184,214.373,3113.18,0.791144,0,0
668.25,0.468141,289.868,288.815,288.341,238.387,76.4452,76.0313,243.958,362.929,214.469,3113.18,0.790767,0,0
668.75,0.468915,289.904,288.851,288.377,238.389,76.4852,76.3062,244.462,362.929,214.469,3113.18,0.79039,0,0
669.25,0.469679,289.941,288.888,288.413,238.39,76.4872,76.5723,244.961,362.929,214.469,3113.18,0.790015,0,0
669.75,0.470435,289.977,288.924,288.45,238.392,76.4805,76.8366,245.454,362.929,214.469,3113.18,0.789641,0,0
670.25,0.471181,290.018,288.961,288.486,238.394,76.7969,77.1808,245.941,363.678,214.565,3113.18,0.789268,0,0
670.75,0.471918,290.055,288.997,288.523,238.396,76.8228,77.4546,246.421,363.678,214.565,3113.18,0.788896,0,0
671.25,0.472646,290.091,289.034,288.559,238.398,76.8105,77.7192,246.896,363.678,214.565,3113.18,0.788526,0,0
671.75,0.473364,290.128,289.07,288.596,238.4,76.7897,77.9821,247.364,363.678,214.565,3113.18,0.788158,0,0
672.25,0.474073,290.168,289.107,288.632,238.402,77.094,78.3257,247.827,364.433,214.66,3113.18,0.787791,0,0
672.75,0.474773,290.205,289.143,288.669,238.404,77.1061,78.5979,248.283,364.433,214.66,3113.18,0.787425,0,0
673.25,0.475463,290.241,289.18,288.705,238.406,77.08,78.8608,248.734,364.433,214.66,3113.18,0.787061,0,0
673.75,0.476144,290.277,289.216,288.741,238.408,77.0453,79.1217,249.178,364.433,214.66,3113.18,0.786699,0,0
674.25,0.476816,290.318,289.253,288.778,238.41,77.3377,79.4644,249.616,365.192,214.755,4016.82,0.786339,0,0
674.75,0.477478,290.354,289.289,288.815,238.412,77.3363,79.7346,250.048,365.192,214.755,4016.82,0.785981,0,0
675.25,0.478131,290.391,289.326,288.851,238.414,77.2966,79.9953,250.474,365.192,214.755,4016.82,0.785624,0,0
675.75,0.478775,290.427,289.363,288.888,238.416,77.2485,80.2538,250.894,365.192,214.755,4016.82,0.78527,0,0
676.25,0.479409,290.467,289.399,288.924,238.418,77.5289,80.595,251.307,365.954,214.851,4016.82,0.784917,0,0
676.75,0.480034,290.503,289.436,288.961,238.42,77.5144,80.8628,251.715,365.954,214.851,4016.82,0.784566,0,0
677.25,0.480649,290.539,289.472,288.997,238.422,77.4614,81.1209,252.116,365.954,214.851,4016.82,0.784218,0,0
677.75,0.481255,290.575,289.509,289.034,238.424,77.4001,81.3768,252.511,365.954,214.851,4016.82,0.783872,0,0
678.25,0.481852,290.616,289.545,289.07,238.426,77.6688,81.716,252.9,366.721,214.945,4016.82,0.783528,0,0
678.75,0.482439,290.652,289.582,289.107,238.427,77.6413,81.981,253.283,366.721,214.945,4016.82,0.783186,0,0
679.25,0.483016,290.688,289.619,289.143,238.429,77.5754,82.2361,253.66,366.721,214.945,4016.82,0.782846,0,0
679.75,0.483584,290.723,289.655,289.18,238.431,77.5012,82.4888,254.03,366.721,214.945,4016.82,0.782509,0,0
680.25,0.484143,290.763,289.692,289.216,238.433,77.7582,82.8257,254.394,367.49,215.039,4016.82,0.782175,0,0
680.75,0.484692,290.799,289.728,289.253,238.435,77.7181,83.0874,254.752,367.49,215.039,4016.82,0.781842,0,0
681.25,0.485231,290.835,289.765,289.289,238.437,77.6396,83.3391,255.104,367.49,215.039,4016.82,0.781513,0,0
681.75,0.485761,290.87,289.801,289.325,238.439,77.5529,83.5883,255.45,367.49,215.039,4016.82,0.781186,0,0
682.25,0.486281,290.91,289.838,289.362,238.441,77.7983,83.9224,255.789,368.262,215.133,4016.82,0.780861,0,0
682.75,0.486792,290.946,289.874,289.398,238.443,77.7459,84.1804,256.122,368.262,215.133,4016.82,0.780539,0,0
683.25,0.487294,290.981,289.911,289.435,238.445,77.6551,84.4283,256.449,368.262,215.133,5273.21,0.78022,0,0
683.75,0.487785,291.016,289.947,289.471,238.447,77.5561,84.6735,256.77,368.262,215.133,5273.21,0.779903,0,0
684.25,0.488267,291.056,289.983,289.507,238.449,77.79,85.0044,257.084,369.036,215.226,5273.21,0.77959,0,0
684.75,0.48874,291.092,290.02,289.544,238.45,77.7255,85.2584,257.393,369.036,215.226,5273.21,0.779279,0,0
685.25,0.489203,291.127,290.056,289.58,238.452,77.6227,85.502,257.695,369.036,215.226,5273.21,0.778971,0,0
685.75,0.489656,291.162,290.092,289.616,238.454,77.5117,85.743,257.99,369.036,215.226,5273.21,0.778666,0,0
686.25,0.4901,291.201,290.128,289.652,238.456,77.7342,86.0701,258.28,369.812,215.319,5273.21,0.778364,0,0
686.75,0.490534,291.236,290.165,289.688,238.458,77.658,86.3197,258.563,369.812,215.319,5273.21,0.778064,0,0
687.25,0.490958,291.271,290.201,289.725,238.46,77.5435,86.5587,258.839,369.812,215.319,5273.21,0.777768,0,0
687.75,0.491373,291.239,290.236,289.76,238.517,76.9733,88.0924,259.11,369.812,215.319,3113.18,0.729382,0,1.79606
688.25,0.491778,291.247,290.27,289.793,238.523,70.5757,99.4187,259.374,369.799,215.723,3113.18,0.729602,0,0.22596
688.75,0.492173,291.277,290.303,289.826,238.523,69.9137,99.3652,259.632,369.799,215.723,3113.18,0.729829,0,0
689.25,0.492559,291.308,290.336,289.859,238.522,69.697,99.4308,259.884,369.799,215.723,3113.18,0.730056,0,0
689.75,0.492935,291.339,290.369,289.893,238.522,69.5595,99.5176,260.129,369.799,215.723,3113.18,0.730282,0,0
690.25,0.493302,291.374,290.402,289.925,238.521,69.6508,99.6582,260.368,370.232,215.771,3113.18,0.730517,0,0
690.75,0.493658,291.406,290.435,289.958,238.521,69.5858,99.7609,260.601,370.232,215.771,3113.18,0.730749,0,0
691.25,0.494006,291.438,290.468,289.991,238.52,69.5077,99.8604,260.827,370.232,215.771,3113.18,0.730979,0,0
691.75,0.494343,291.47,290.5,290.024,238.52,69.4298,99.9603,261.047,370.232,215.771,3113.18,0.731207,0,0
692.25,0.49467,291.506,290.533,290.056,238.52,69.6615,100.143,261.261,370.941,215.814,4016.82,0.731437,0,0
692.75,0.494988,291.538,290.566,290.089,238.52,69.6243,100.254,261.468,370.941,215.814,4016.82,0.731663,0,0
693.25,0.495296,291.57,290.599,290.122,238.52,69.5536,100.357,261.669,370.941,215.814,4016.82,0.731888,0,0
693.75,0.495595,291.601,290.631,290.154,238.52,69.4765,100.458,261.864,370.941,215.814,4016.82,0.73211,0,0
694.25,0.495884,291.637,290.664,290.187,238.52,69.707,100.642,262.052,371.655,215.863,5273.21,0.732333,0,0
694.75,0.496162,291.669,290.696,290.219,238.52,69.6644,100.753,262.234,371.655,215.863,5273.21,0.732553,0,0
695.25,0.496432,291.701,290.729,290.252,238.521,69.5865,100.855,262.409,371.655,215.863,5273.21,0.732772,0,0
695.75,0.496691,291.732,290.761,290.284,238.521,69.501,100.955,262.579,371.655,215.863,5273.21,0.732988,0,0
696.25,0.496941,291.768,290.794,290.316,238.522,69.7239,101.139,262.741,372.374,215.917,5273.21,0.733205,0,0.00338859
696.75,0.497181,291.799,290.826,290.349,238.522,69.6714,101.248,262.898,372.374,215.917,5273.21,0.73342,0,0.00553971
697.25,0.497411,291.831,290.859,290.381,238.523,69.583,101.347,263.048,372.374,215.917,5273.21,0.733633,0,0.00358622
697.75,0.497631,291.862,290.891,290.413,238.523,69.4867,101.445,263.192,372.374,215.917,5273.21,0.733845,0,0.00500194
698.25,0.497842,291.897,290.923,290.446,238.524,69.6968,101.626,263.329,373.09,215.978,5273.21,0.734057,0,0.00363679
698.75,0.498043,291.928,290.955,290.478,238.525,69.6327,101.733,263.46,373.09,215.978,5273.21,0.734268,0,0.00457855
699.25,0.498234,291.893,290.987,290.509,238.567,69.2403,102.765,263.585,373.09,215.978,3113.18,0.683484,0,1.36023
699.75,0.498415,291.887,291.016,290.538,238.575,62.1238,115.552,263.703,373.09,215.978,3113.18,0.684236,0,0.312055
700.25,0.498586,291.91,291.045,290.567,238.574,61.2992,115.268,263.815,372.915,216.254,3113.18,0.684973,0,0
700.75,0.498748,291.937,291.074,290.596,238.573,61.0765,115.169,263.92,372.915,216.254,3113.18,0.685705,0,0
701.25,0.4989,291.965,291.102,290.625,238.571,60.9533,115.099,264.019,372.915,216.254,4016.82,0.686431,0,0
701.75,0.499042,291.993,291.131,290.653,238.57,60.8651,115.04,264.112,372.915,216.254,5273.21,0.687151,0,0
702.25,0.499174,292.025,291.16,290.682,238.569,61.0818,115.066,264.198,373.574,216.265,5273.21,0.687871,0,0
702.75,0.499297,292.053,291.188,290.71,238.568,61.057,115.026,264.278,373.574,216.265,5273.21,0.688584,0,0
703.25,0.499409,292.081,291.217,290.739,238.567,61.0061,114.979,264.351,373.574,216.265,5273.21,0.68929,0,0
703.75,0.499512,292.109,291.246,290.768,238.566,60.952,114.933,264.418,373.574,216.265,5273.21,0.68999,0,0
704.25,0.499605,292.141,291.274,290.796,238.566,61.1848,114.97,264.479,374.239,216.288,5273.21,0.690688,0,0
704.75,0.499688,292.169,291.303,290.824,238.565,61.1662,114.936,264.533,374.239,216.288,5273.21,0.691379,0,0
705.25,0.499761,292.196,291.331,290.853,238.565,61.1153,114.893,264.581,374.239,216.288,5273.21,0.692064,0,0
705.75,0.499825,292.224,291.359,290.881,238.564,61.0575,114.85,264.623,374.239,216.288,7026.68,0.692743,0,0
706.25,0.499879,292.256,291.388,290.91,238.564,61.286,114.889,264.658,374.91,216.318,7026.68,0.693419,0,0
706.75,0.499923,292.2,291.412,290.934,238.595,58.6979,120.407,264.686,374.91,216.318,3113.18,0.651424,0,1.02064
707.25,0.499957,292.217,291.438,290.959,238.607,54.6197,126.286,264.708,374.91,216.318,5273.21,0.652533,0,0.455141
707.75,0.499981,292.24,291.463,290.984,238.605,54.3226,126.03,264.724,374.91,216.318,5273.21,0.653637,0,0
708.25,0.499995,292.264,291.488,291.01,238.603,54.1578,125.812,264.734,374.77,216.532,5273.21,0.654717,0,0
