hour,mu0,ground_k,air_k,air_300m_k,column_mean_k,sensible_w_m2,latent_w_m2,sw_ground_w_m2,lw_down_w_m2,olr_w_m2,mixed_layer_m,rh_ground,dew_kg_m2,condensed_kg_m2
0.25,0.173648,282.514,282.369,281.906,238.027,8.74256,16.662,69.4173,331.4,209.948,3113.18,0.917334,0,0.000862046
0.75,0.173644,282.527,282.379,281.915,238.027,9.06073,16.618,69.4156,331.4,209.948,3113.18,0.917961,0,0.000875498
1.25,0.173638,282.539,282.389,281.926,238.028,9.23277,16.5503,69.4121,331.4,209.948,3113.18,0.91857,0,0.000860779
1.75,0.173627,282.551,282.399,281.936,238.028,9.343,16.4751,69.4068,331.4,209.948,3113.18,0.919162,0,0.000869669
2.25,0.173614,282.564,282.409,281.946,238.028,9.51162,16.4116,69.3997,331.591,209.967,3113.18,0.919742,0,0.000859658
2.75,0.173597,282.575,282.42,281.956,238.029,9.58917,16.3338,69.391,331.591,209.967,3113.18,0.920307,0,0.000864912
3.25,0.173576,282.586,282.43,281.966,238.029,9.64451,16.254,69.3804,331.591,209.967,3113.18,0.920854,0,0.000955531
3.75,0.173552,282.589,282.442,281.979,238.029,9.44684,16.6438,69.3681,331.591,209.967,3113.18,0.913861,0,0.0053079
4.25,0.173525,282.6,282.452,281.988,238.03,9.09618,17.3016,69.3541,331.777,209.987,3113.18,0.914657,0,0.00085943
4.75,0.173494,282.601,282.461,281.997,238.035,8.76324,17.9278,69.3382,331.777,209.987,3113.18,0.909537,0,0.17984
5.25,0.17346,282.611,282.471,282.007,238.036,8.60139,18.0115,69.3207,331.777,209.987,3113.18,0.910319,0,0
5.75,0.173423,282.621,282.48,282.017,238.036,8.62414,17.8871,69.3013,331.777,209.987,3113.18,0.911085,0,0
6.25,0.173382,282.633,282.49,282.026,238.036,8.711,17.7798,69.2802,331.9,210.027,3113.18,0.911829,0,0
6.75,0.173337,282.643,282.5,282.036,238.036,8.75389,17.6661,69.2574,331.9,210.027,3113.18,0.912557,0,0
7.25,0.17329,282.653,282.51,282.046,238.037,8.7898,17.5535,69.2328,331.9,210.027,3113.18,0.91327,0,0
7.75,0.173238,282.663,282.52,282.056,238.037,8.82264,17.4442,69.2065,331.9,210.027,3113.18,0.913969,0,0
8.25,0.173184,282.675,282.529,282.066,238.037,8.9407,17.3523,69.1784,332.093,210.049,3113.18,0.914653,0,0
8.75,0.173126,282.685,282.539,282.075,238.037,8.98284,17.2488,69.1485,332.093,210.049,3113.18,0.915322,0,0
9.25,0.173065,282.696,282.549,282.085,238.038,9.01171,17.1456,69.1169,332.093,210.049,3113.18,0.915978,0,0
9.75,0.173,282.706,282.559,282.095,238.038,9.03711,17.0431,69.0835,332.093,210.049,3113.18,0.916622,0,0
10.25,0.172932,282.717,282.568,282.105,238.038,9.14609,16.9587,69.0484,332.285,210.071,3113.18,0.917251,0,0
10.75,0.17286,282.727,282.578,282.114,238.038,9.17865,16.8634,69.0115,332.285,210.071,3113.18,0.917869,0,0
11.25,0.172785,282.737,282.588,282.124,238.039,9.19878,16.7664,68.9729,332.285,210.071,3113.18,0.918474,0,0
11.75,0.172707,282.747,282.598,282.134,238.039,9.21506,16.6707,68.9326,332.285,210.071,3113.18,0.919067,0,0
12.25,0.172625,282.759,282.607,282.144,238.039,9.31468,16.5927,68.8905,332.477,210.093,3113.18,0.919649,0,0
12.75,0.17254,282.769,282.617,282.153,238.039,9.33893,16.5025,68.8466,332.477,210.093,3113.18,0.920219,0,0
13.25,0.172452,282.76,282.626,282.162,238.041,8.5411,18.0493,68.801,332.477,210.093,3113.18,0.908029,0,0.0498142
13.75,0.17236,282.768,282.635,282.171,238.041,8.12363,18.3787,68.7536,332.477,210.093,3113.18,0.908816,0,0
14.25,0.172264,282.778,282.644,282.18,238.041,8.17157,18.2556,68.7045,332.626,210.109,3113.18,0.909586,0,0
14.75,0.172166,282.788,282.653,282.189,238.042,8.18672,18.1295,68.6537,332.626,210.109,3113.18,0.910343,0,0
15.25,0.172064,282.797,282.662,282.198,238.042,8.2005,18.0068,68.6011,332.626,210.109,3113.18,0.911088,0,0
15.75,0.171958,282.806,282.671,282.207,238.042,8.21646,17.8849,68.5468,332.626,210.109,3113.18,0.911821,0,0
16.25,0.171849,282.817,282.68,282.216,238.042,8.31446,17.7824,68.4907,332.81,210.128,3113.18,0.912542,0,0
16.75,0.171737,282.826,282.689,282.225,238.042,8.34268,17.6672,68.4329,332.81,210.128,3113.18,0.91325,0,0
17.25,0.171622,282.835,282.698,282.234,238.043,8.35963,17.5517,68.3734,332.81,210.128,3113.18,0.913947,0,0
17.75,0.171503,282.844,282.707,282.243,238.043,8.37296,17.4389,68.3121,332.81,210.128,3113.18,0.914632,0,0
18.25,0.17138,282.855,282.716,282.252,238.043,8.46664,17.3421,68.2491,332.991,210.148,3113.18,0.915306,0,0
18.75,0.171255,282.864,282.725,282.261,238.043,8.4894,17.2337,68.1843,332.991,210.148,3113.18,0.915968,0,0
19.25,0.171126,282.873,282.733,282.269,238.044,8.49952,17.126,68.1178,332.991,210.148,3113.18,0.91662,0,0
19.75,0.170993,282.881,282.742,282.278,238.044,8.50706,17.0181,68.0496,332.991,210.148,3113.18,0.917261,0,0
20.25,0.170857,282.892,282.751,282.287,238.044,8.59321,16.9271,67.9797,333.171,210.167,3113.18,0.917892,0,0
20.75,0.170718,282.901,282.76,282.296,238.044,8.60891,16.8244,67.908,333.171,210.167,3113.18,0.918512,0,0
21.25,0.170576,282.909,282.769,282.304,238.044,8.61273,16.721,67.8346,333.171,210.167,3113.18,0.919122,0,0
21.75,0.17043,282.898,282.776,282.312,238.049,7.82704,18.2327,67.7595,333.171,210.167,3113.18,0.906066,0,0.153018
22.25,0.170281,282.906,282.784,282.32,238.049,7.3348,18.7375,67.6826,333.265,210.195,3113.18,0.906975,0,0
22.75,0.170128,282.914,282.792,282.328,238.05,7.31511,18.5771,67.604,333.265,210.195,3113.18,0.907867,0,0
23.25,0.169972,282.922,282.8,282.336,238.05,7.3212,18.4245,67.5255,333.265,210.195,3113.18,0.908744,0,0
23.75,0.169813,282.93,282.807,282.343,238.05,7.33832,18.2784,67.4542,333.265,210.195,3113.18,0.909604,0,0
24.25,0.169651,282.939,282.815,282.351,238.05,7.43534,18.1494,67.3813,333.434,210.211,3113.18,0.910447,0,0
24.75,0.169485,282.947,282.823,282.359,238.05,7.46861,18.0111,67.3069,333.434,210.211,3113.18,0.911273,0,0
25.25,0.169316,282.955,282.831,282.366,238.05,7.49117,17.8747,67.231,333.434,210.211,3113.18,0.912084,0,0
25.75,0.169143,282.963,282.838,282.374,238.051,7.51174,17.7393,67.1536,333.434,210.211,3113.18,0.912879,0,0
26.25,0.168967,282.972,282.846,282.382,238.051,7.60503,17.621,67.0748,333.6,210.228,3113.18,0.913658,0,0
26.75,0.168788,282.98,282.854,282.389,238.051,7.63259,17.4937,66.9944,333.6,210.228,3113.18,0.914422,0,0
27.25,0.168606,282.988,282.861,282.397,238.051,7.64946,17.3657,66.9126,333.6,210.228,3113.18,0.915172,0,0
27.75,0.16842,282.996,282.869,282.405,238.051,7.66301,17.2394,66.8293,333.6,210.228,3113.18,0.915907,0,0
28.25,0.168231,283.005,282.877,282.412,238.051,7.74822,17.1295,66.7445,333.766,210.244,3113.18,0.916629,0,0
28.75,0.168038,283.013,282.884,282.42,238.052,7.76859,17.0095,66.6582,333.766,210.244,3113.18,0.917337,0,0
29.25,0.167843,283.005,282.892,282.427,238.053,7.50814,17.5358,66.5704,333.766,210.244,3113.18,0.90546,0,0.0425069
29.75,0.167644,283.009,282.899,282.434,238.053,6.60466,18.833,66.4812,333.766,210.244,3113.18,0.906376,0,0
30.25,0.167441,283.017,282.906,282.441,238.053,6.60172,18.6715,66.3905,333.889,210.254,3113.18,0.907275,0,0
30.75,0.167236,283.024,282.912,282.448,238.054,6.60547,18.5167,66.2983,333.889,210.254,3113.18,0.90816,0,0
31.25,0.167027,283.031,282.919,282.455,238.054,6.61584,18.364,66.2046,333.889,210.254,3113.18,0.90903,0,0
31.75,0.166815,283.038,282.926,282.462,238.054,6.62862,18.2159,66.1094,333.889,210.254,3113.18,0.909887,0,0
32.25,0.166599,283.046,282.933,282.469,238.054,6.71293,18.0828,66.0128,334.045,210.269,3113.18,0.910729,0,0
32.75,0.16638,283.053,282.94,282.475,238.054,6.73811,17.9405,65.9148,334.045,210.269,3113.18,0.911557,0,0
33.25,0.166158,283.06,282.947,282.482,238.054,6.75289,17.8001,65.8152,334.045,210.269,3113.18,0.912372,0,0
33.75,0.165933,283.067,282.953,282.489,238.054,6.76589,17.6601,65.7142,334.045,210.269,3113.18,0.913173,0,0
34.25,0.165705,283.075,282.96,282.496,238.054,6.84565,17.5356,65.6117,334.198,210.283,3113.18,0.913962,0,0
34.75,0.165473,283.082,282.967,282.502,238.055,6.86494,17.403,65.5078,334.198,210.283,3113.18,0.914737,0,0
35.25,0.165238,283.089,282.973,282.509,238.055,6.87462,17.2692,65.4024,334.198,210.283,3113.18,0.915499,0,0
35.75,0.165,283.095,282.98,282.516,238.055,6.88126,17.1368,65.2956,334.198,210.283,3113.18,0.91625,0,0
36.25,0.164758,283.103,282.987,282.522,238.055,6.9527,17.0208,65.1873,334.349,210.297,3113.18,0.916988,0,0
36.75,0.164513,283.11,282.993,282.529,238.055,6.96571,16.894,65.0775,334.349,210.297,3113.18,0.917715,0,0
37.25,0.164265,283.117,283,282.536,238.055,6.96843,16.7671,64.9663,334.349,210.297,3113.18,0.91843,0,0
37.75,0.164014,283.123,283.007,282.542,238.055,6.96808,16.6414,64.8537,334.349,210.297,3113.18,0.919135,0,0
38.25,0.16376,283.131,283.013,282.549,238.056,7.03226,16.5304,64.7396,334.498,210.311,3113.18,0.919828,0,0
38.75,0.163502,283.118,283.019,282.554,238.061,6.37245,17.8141,64.624,334.498,210.311,3113.18,0.906824,0,0.162543
39.25,0.163241,283.122,283.025,282.56,238.061,5.70873,18.5296,64.5071,334.498,210.311,3113.18,0.907812,0,0
39.75,0.162977,283.127,283.03,282.565,238.061,5.67282,18.3458,64.3886,334.498,210.311,3113.18,0.908784,0,0
40.25,0.16271,283.133,283.036,282.571,238.061,5.69427,18.1767,64.2688,334.548,210.332,3113.18,0.909733,0,0
40.75,0.162439,283.139,283.041,282.577,238.061,5.70393,18.0111,64.1475,334.548,210.332,3113.18,0.910665,0,0
41.25,0.162166,283.145,283.047,282.582,238.061,5.71491,17.8473,64.0248,334.548,210.332,3113.18,0.911579,0,0
41.75,0.161889,283.15,283.052,282.588,238.061,5.72556,17.6878,63.9006,334.548,210.332,3113.18,0.912478,0,0
42.25,0.161609,283.157,283.058,282.593,238.061,5.79753,17.5422,63.7751,334.684,210.343,3113.18,0.91336,0,0
42.75,0.161326,283.163,283.063,282.599,238.061,5.81685,17.3889,63.6481,334.684,210.343,3113.18,0.914226,0,0
43.25,0.161039,283.168,283.069,282.604,238.061,5.82641,17.2376,63.5197,334.684,210.343,3113.18,0.915077,0,0
43.75,0.16075,283.174,283.074,282.609,238.062,5.83359,17.0875,63.3898,334.684,210.343,3113.18,0.915913,0,0
44.25,0.160457,283.18,283.08,282.615,238.062,5.89877,16.9515,63.2586,334.818,210.355,3113.18,0.916734,0,0
44.75,0.160161,283.186,283.085,282.62,238.062,5.91135,16.8076,63.1259,334.818,210.355,3113.18,0.91754,0,0
45.25,0.159862,283.191,283.09,282.626,238.062,5.91368,16.6655,62.9918,334.818,210.355,3113.18,0.918333,0,0
45.75,0.15956,283.197,283.096,282.631,238.062,5.9136,16.5239,62.8563,334.818,210.355,3113.18,0.919112,0,0
46.25,0.159255,283.203,283.101,282.636,238.062,5.9702,16.396,62.7194,334.95,210.365,3113.18,0.919878,0,0
46.75,0.158946,283.208,283.106,282.642,238.062,5.97503,16.2602,62.5812,334.95,210.365,3113.18,0.920631,0,0
47.25,0.158635,283.214,283.113,282.648,238.062,5.96456,16.1264,62.4415,334.95,210.365,3113.18,0.92136,0,0.000653371
47.75,0.15832,283.221,283.12,282.655,238.062,5.91088,16.0025,62.3004,334.95,210.365,3113.18,0.922034,0,0.00152238
48.25,0.158002,283.229,283.128,282.663,238.062,5.91664,15.9066,62.1579,335.088,210.377,3113.18,0.92268,0,0.0017567
48.75,0.157682,283.235,283.135,282.67,238.063,5.86476,15.8206,62.014,335.088,210.377,3113.18,0.923054,0,0.00293215
49.25,0.157358,283.22,283.14,282.675,238.064,5.07151,17.2923,61.8687,335.088,210.377,3113.18,0.909803,0,0.057777
49.75,0.157031,283.223,283.144,282.679,238.065,4.4957,17.8452,61.7221,335.088,210.377,3113.18,0.910754,0,0
50.25,0.1567,283.228,283.148,282.683,238.065,4.49272,17.6714,61.574,335.176,210.383,3113.18,0.911687,0,0
50.75,0.156367,283.232,283.152,282.687,238.065,4.48623,17.503,61.4246,335.176,210.383,3113.18,0.912606,0,0
51.25,0.156031,283.236,283.156,282.692,238.065,4.4848,17.3359,61.2738,335.176,210.383,3113.18,0.913512,0,0
51.75,0.155692,283.24,283.161,282.696,238.065,4.48466,17.1735,61.1216,335.176,210.383,3113.18,0.914404,0,0
52.25,0.155349,283.245,283.165,282.7,238.065,4.53747,17.0224,60.9681,335.291,210.391,3113.18,0.915284,0,0
52.75,0.155004,283.249,283.169,282.704,238.065,4.54581,16.866,60.8132,335.291,210.391,3113.18,0.916151,0,0
53.25,0.154655,283.253,283.173,282.708,238.065,4.54726,16.7094,60.6569,335.291,210.391,3113.18,0.917004,0,0
53.75,0.154304,283.257,283.177,282.712,238.065,4.54668,16.5541,60.4993,335.291,210.391,3113.18,0.917845,0,0
54.25,0.153949,283.262,283.181,282.716,238.065,4.59328,16.4126,60.3403,335.402,210.398,3113.18,0.918674,0,0
54.75,0.153592,283.266,283.185,282.72,238.065,4.59722,16.2626,60.1799,335.402,210.398,3113.18,0.919491,0,0
55.25,0.153231,283.27,283.188,282.724,238.065,4.59288,16.1137,60.0182,335.402,210.398,3113.18,0.920296,0,0
55.75,0.152867,283.273,283.192,282.727,238.065,4.58559,15.9668,59.8551,335.402,210.398,3113.18,0.921089,0,8.40473e-06
56.25,0.152501,283.279,283.198,282.733,238.065,4.61165,15.8256,59.6907,335.511,210.405,3113.18,0.921953,0,0.001199
56.75,0.152131,283.284,283.203,282.738,238.065,4.58336,15.6843,59.525,335.511,210.405,3113.18,0.922619,0,0.002151
57.25,0.151758,283.289,283.208,282.744,238.065,4.57837,15.4842,59.3579,335.511,210.405,3113.18,0.923908,0,0
57.75,0.151383,283.293,283.214,282.749,238.065,4.51849,15.4257,59.1895,335.511,210.405,3113.18,0.923753,0,0.00516864
58.25,0.151004,283.299,283.219,282.754,238.065,4.53589,15.2757,59.0197,335.633,210.414,3113.18,0.925009,0,0
58.75,0.150623,283.305,283.224,282.759,238.065,4.55964,15.0539,58.8486,335.633,210.414,3113.18,0.926224,0,0
59.25,0.150238,283.31,283.23,282.765,238.065,4.5771,14.838,58.6762,335.633,210.414,3113.18,0.927401,0,0
59.75,0.149851,283.312,283.235,282.77,238.066,4.47225,14.8864,58.5024,335.633,210.414,3113.18,0.925742,0,0.0109967
60.25,0.14946,283.317,283.24,282.775,238.066,4.36075,14.9274,58.3274,335.744,210.423,3113.18,0.926733,0,0
60.75,0.149067,283.322,283.245,282.78,238.066,4.34938,14.746,58.151,335.744,210.423,3113.18,0.927707,0,0
61.25,0.148671,283.327,283.25,282.785,238.066,4.3397,14.5665,57.9733,335.744,210.423,3113.18,0.928661,0,0
61.75,0.148272,283.332,283.255,282.79,238.066,4.33002,14.3902,57.7943,335.744,210.423,3113.18,0.929598,0,0
62.25,0.147869,283.338,283.26,282.795,238.066,4.37348,14.2277,57.614,335.864,210.432,3113.18,0.930518,0,0
62.75,0.147464,283.342,283.265,282.8,238.066,4.37018,14.059,57.4324,335.864,210.432,3113.18,0.93142,0,0
63.25,0.147057,283.332,283.269,282.804,238.066,3.7267,15.1741,57.2495,335.864,210.432,3113.18,0.923027,0,0.00241448
63.75,0.146646,283.336,283.272,282.807,238.066,3.45775,15.2196,57.0652,335.864,210.432,3113.18,0.924399,0,0
64.25,0.146232,283.338,283.275,282.81,238.071,3.46818,15.0713,56.8797,335.959,210.432,3113.18,0.924265,0,0.172056
64.75,0.145816,283.341,283.279,282.814,238.071,3.38405,15.0048,56.693,335.959,210.432,3113.18,0.925467,0,0
65.25,0.145396,283.345,283.282,282.817,238.071,3.39068,14.786,56.5049,335.959,210.432,3113.18,0.926635,0,0
65.75,0.144974,283.348,283.285,282.82,238.071,3.40188,14.574,56.3155,335.959,210.432,3113.18,0.927773,0,0
66.25,0.144549,283.352,283.289,282.824,238.071,3.42081,14.3696,56.1249,335.98,210.46,3113.18,0.928878,0,0
66.75,0.144121,283.346,283.292,282.827,238.071,3.27452,14.5462,55.933,335.98,210.46,3113.18,0.922728,0,0.003216
67.25,0.14369,283.347,283.294,282.829,238.071,2.77413,15.1417,55.7398,335.98,210.46,3113.18,0.924155,0,0
67.75,0.143256,283.35,283.296,282.831,238.071,2.76861,14.8782,55.5454,335.98,210.46,3113.18,0.925539,0,0
68.25,0.14282,283.353,283.299,282.834,238.071,2.82901,14.6363,55.3497,336.058,210.459,3113.18,0.926881,0,0
68.75,0.142381,283.356,283.301,282.836,238.071,2.86229,14.3972,55.1527,336.058,210.459,3113.18,0.92818,0,0
69.25,0.141939,283.356,283.303,282.838,238.071,2.88535,14.183,54.9545,336.058,210.459,3113.18,0.926275,0,0.0139306
69.75,0.141494,283.356,283.306,282.841,238.071,2.61824,14.4871,54.755,336.058,210.459,3113.18,0.927388,0,0
70.25,0.141046,283.359,283.308,282.843,238.071,2.61702,14.2805,54.5543,336.129,210.462,3113.18,0.928479,0,0
70.75,0.140596,283.362,283.311,282.846,238.071,2.61728,14.0806,54.3523,336.129,210.462,3113.18,0.929549,0,0
71.25,0.140143,283.364,283.313,282.848,238.071,2.61663,13.8843,54.1491,336.129,210.462,3113.18,0.930597,0,0
71.75,0.139687,283.366,283.315,282.85,238.071,2.61543,13.6913,53.9447,336.129,210.462,3113.18,0.931625,0,0
72.25,0.139228,283.369,283.318,282.853,238.071,2.64973,13.5081,53.7391,336.209,210.465,3113.18,0.932633,0,0
72.75,0.138767,283.371,283.32,282.855,238.071,2.65117,13.3232,53.5322,336.209,210.465,3113.18,0.933622,0,0
73.25,0.138303,283.373,283.322,282.857,238.071,2.64698,13.1388,53.3241,336.209,210.465,3113.18,0.934591,0,0
73.75,0.137836,283.375,283.324,282.859,238.071,2.63912,12.9589,53.1147,336.209,210.465,3113.18,0.935541,0,0
74.25,0.137366,283.378,283.326,282.861,238.071,2.66381,12.7872,52.9042,336.284,210.468,3113.18,0.936475,0,0
74.75,0.136894,283.379,283.328,282.863,238.071,2.657,12.614,52.6924,336.284,210.468,3113.18,0.93739,0,0
75.25,0.136419,283.381,283.33,282.865,238.071,2.64461,12.4411,52.4795,336.284,210.468,3113.18,0.938289,0,0
75.75,0.135942,283.383,283.332,282.867,238.071,2.62948,12.2706,52.2653,336.284,210.468,3113.18,0.93917,0,0
76.25,0.135462,283.385,283.333,282.868,238.071,2.64376,12.1091,52.0499,336.354,210.47,3113.18,0.940037,0,0
76.75,0.134979,283.386,283.335,282.87,238.071,2.62941,11.9446,51.8334,336.354,210.47,3113.18,0.940887,0,0
77.25,0.134493,283.387,283.337,282.872,238.071,2.609,11.7817,51.6156,336.354,210.47,3113.18,0.941722,0,0
77.75,0.134005,283.374,283.338,282.873,238.072,2.20422,12.4627,51.3967,336.354,210.47,3113.18,0.932728,0,0.0411167
78.25,0.133514,283.374,283.339,282.874,238.072,1.64653,13.054,51.1766,336.389,210.468,3113.18,0.933802,0,0
78.75,0.13302,283.374,283.339,282.874,238.072,1.59622,12.8449,50.9553,336.389,210.468,3113.18,0.934858,0,0
79.25,0.132524,283.374,283.34,282.875,238.071,1.57565,12.6439,50.7329,336.389,210.468,3113.18,0.935894,0,0
79.75,0.132026,283.375,283.341,282.876,238.071,1.5617,12.4495,50.5092,336.389,210.468,3113.18,0.936909,0,0
80.25,0.131524,283.376,283.341,282.876,238.071,1.57433,12.2645,50.2845,336.443,210.466,3113.18,0.937908,0,0
80.75,0.131021,283.376,283.342,282.877,238.071,1.56641,12.0786,50.0585,336.443,210.466,3113.18,0.938888,0,0
81.25,0.130514,283.376,283.342,282.877,238.071,1.55552,11.8933,49.8314,336.443,210.466,3113.18,0.939848,0,0
81.75,0.130005,283.376,283.343,282.878,238.071,1.54165,11.7132,49.6032,336.443,210.466,3113.18,0.94079,0,0
82.25,0.129494,283.377,283.343,282.878,238.071,1.54809,11.5395,49.3738,336.491,210.465,3113.18,0.941716,0,0
82.75,0.128979,283.377,283.343,282.878,238.071,1.53494,11.3636,49.1432,336.491,210.465,3113.18,0.942613,0,0.000334642
83.25,0.128463,283.377,283.344,282.879,238.071,1.53212,11.1443,48.9115,336.491,210.465,3113.18,0.943462,0,0.00177025
83.75,0.127944,283.379,283.345,282.88,238.071,1.50207,10.97,48.6787,336.491,210.465,3113.18,0.94495,0,0
84.25,0.127422,283.38,283.346,282.881,238.07,1.54533,10.7075,48.4448,336.539,210.464,3113.18,0.946369,0,0
84.75,0.126898,283.382,283.347,282.882,238.07,1.57078,10.4539,48.2097,336.539,210.464,3113.18,0.947722,0,0
85.25,0.126371,283.381,283.348,282.883,238.071,1.58555,10.2232,47.9736,336.539,210.464,3113.18,0.946483,0,0.00884894
85.75,0.125842,283.38,283.349,282.884,238.07,1.35967,10.4224,47.7363,336.539,210.464,3113.18,0.947604,0,0
86.25,0.12531,283.381,283.35,282.885,238.07,1.3415,10.211,47.4979,336.583,210.464,3113.18,0.9487,0,0
86.75,0.124776,283.381,283.351,282.886,238.07,1.32917,10.0062,47.2584,336.583,210.464,3113.18,0.949769,0,0
87.25,0.12424,283.382,283.351,282.886,238.07,1.316,9.80607,47.0178,336.583,210.464,3113.18,0.950811,0,0
87.75,0.123701,283.382,283.352,282.887,238.07,1.30159,9.61042,46.7761,336.583,210.464,3113.18,0.951827,0,0
88.25,0.123159,283.383,283.352,282.887,238.07,1.30677,9.42117,46.5333,336.627,210.462,3113.18,0.952821,0,0
88.75,0.122615,283.383,283.353,282.888,238.07,1.29304,9.23268,46.2894,336.627,210.462,3113.18,0.95379,0,0
89.25,0.122069,283.383,283.353,282.888,238.07,1.27448,9.04766,46.0445,336.627,210.462,3113.18,0.954735,0,0
89.75,0.121521,283.382,283.353,282.888,238.069,1.25321,8.86639,45.7985,336.627,210.462,3113.18,0.955657,0,0
90.25,0.12097,283.382,283.353,282.888,238.069,1.2464,8.69185,45.5514,336.663,210.46,3113.18,0.956559,0,0
90.75,0.120416,283.382,283.353,282.888,238.069,1.22342,8.51807,45.3032,336.663,210.46,3113.18,0.95744,0,0
91.25,0.11986,283.376,283.353,282.888,238.071,1.18579,8.38874,45.054,336.663,210.46,3113.18,0.951259,0,0.0588101
91.75,0.119302,283.371,283.352,282.887,238.071,0.594229,9.25469,44.8037,336.663,210.46,3113.18,0.952333,0,0.0169823
92.25,0.118742,283.369,283.352,282.887,238.071,0.502361,9.03235,44.5524,336.66,210.462,3113.18,0.95419,0,0
92.75,0.118179,283.369,283.351,282.886,238.071,0.531949,8.70638,44.3,336.66,210.462,3113.18,0.955913,0,0.000829046
93.25,0.117614,283.367,283.35,282.885,238.071,0.55394,8.4528,44.0466,336.66,210.462,3113.18,0.955347,0,0.00109789
93.75,0.117046,283.366,283.349,282.884,238.071,0.427981,8.45281,43.7921,336.66,210.462,3113.18,0.956317,0,0.000893115
94.25,0.116477,283.364,283.348,282.883,238.071,0.405917,8.2697,43.5366,336.678,210.457,3113.18,0.95723,0,0.00106081
94.75,0.115905,283.362,283.347,282.882,238.071,0.378273,8.09678,43.2801,336.678,210.457,3113.18,0.958104,0,0.000910789
95.25,0.11533,283.36,283.346,282.881,238.07,0.348245,7.9238,43.0226,336.678,210.457,3113.18,0.958972,0,0.00104169
95.75,0.114754,283.358,283.344,282.879,238.07,0.318354,7.75242,42.764,336.678,210.457,3113.18,0.959944,0,0.00172928
96.25,0.114175,283.357,283.343,282.878,238.07,0.296002,7.56915,42.5045,336.686,210.452,3113.18,0.961531,0,0.00103393
96.75,0.113594,283.356,283.341,282.876,238.07,0.320339,7.29157,42.2439,336.686,210.452,3113.18,0.962999,0,0.000936072
97.25,0.113011,283.355,283.34,282.875,238.07,0.341504,7.03394,41.9823,336.686,210.452,3113.18,0.964359,0,0.00102162
97.75,0.112425,283.354,283.338,282.874,238.07,0.353862,6.79283,41.7198,336.686,210.452,3113.18,0.965623,0,0.000945169
98.25,0.111837,283.352,283.337,282.872,238.07,0.361018,6.56653,41.4562,336.692,210.447,3113.18,0.966805,0,0.00101894
98.75,0.111247,283.35,283.335,282.871,238.069,0.357722,6.35265,41.1917,336.692,210.447,3113.18,0.96791,0,0.000953218
99.25,0.110655,283.349,283.334,282.869,238.069,0.346684,6.15023,40.9262,336.692,210.447,3113.18,0.968947,0,0.00101101
99.75,0.110061,283.347,283.332,282.867,238.069,0.328994,5.95805,40.6597,336.692,210.447,3113.18,0.969923,0,0.000959696
100.25,0.109464,283.344,283.33,282.865,238.069,0.306678,5.77466,40.3922,336.692,210.442,3113.18,0.970848,0,0.00101188
100.75,0.108866,283.342,283.328,282.866,238.069,0.278604,5.59935,40.1238,336.692,210.442,3113.18,0.971751,0,0.00886585
101.25,0.108265,283.337,283.327,282.864,238.069,0.222887,5.45658,39.8544,336.692,210.442,3113.18,0.969638,0,0.00100682
101.75,0.107662,283.334,283.325,282.862,238.069,-0.0191512,5.64736,39.5841,336.692,210.442,3113.18,0.971362,0,0.000970908
102.25,0.107057,283.332,283.323,282.86,238.069,-0.0166469,5.35495,39.3128,336.686,210.434,3113.18,0.972866,0,0.00100944
102.75,0.10645,283.33,283.321,282.858,238.069,-0.00638604,5.10017,39.0405,336.686,210.434,3113.18,0.974187,0,0.000975975
103.25,0.105841,283.328,283.319,282.856,238.068,-0.00657011,4.87092,38.7674,336.686,210.434,3113.18,0.975365,0,0.00100636
103.75,0.10523,283.326,283.317,282.853,238.068,-0.0173657,4.6618,38.4933,336.686,210.434,3113.18,0.976425,0,0.000980341
104.25,0.104616,283.323,283.314,282.851,238.068,-0.0411064,4.46671,38.2182,336.673,210.428,3113.18,0.977396,0,0.00101115
104.75,0.104001,283.32,283.311,282.848,238.068,-0.0649505,4.2796,37.9423,336.673,210.428,3113.18,0.978298,0,0.000985003
105.25,0.103384,283.317,283.309,282.845,238.068,-0.0723853,4.05859,37.6654,336.673,210.428,3113.18,0.979276,0,0.0010094
105.75,0.102764,283.314,283.306,282.843,238.068,-0.0791713,3.84359,37.3876,336.673,210.428,3113.18,0.979994,0,0.000989145
106.25,0.102143,283.311,283.303,282.84,238.067,-0.0828604,3.60398,37.1089,336.652,210.42,3113.18,0.980962,0,0.00101549
106.75,0.101519,283.308,283.3,282.837,238.067,-0.0948654,3.40659,36.8294,336.652,210.42,3113.18,0.981542,0,0.000993742
107.25,0.100894,283.305,283.297,282.834,238.067,-0.103067,3.19197,36.5489,336.652,210.42,3113.18,0.982459,0,0.00103425
107.75,0.100266,283.303,283.295,282.849,238.068,-0.104484,2.95916,36.2675,336.652,210.42,3113.18,0.983306,0,0.020786
108.25,0.0996369,283.298,283.293,282.845,238.067,-0.110574,2.7081,36.0072,336.624,210.415,3113.18,0.983318,0,0.00101809
108.75,0.0990055,283.3,283.291,282.842,238.067,-0.118613,2.49303,35.7623,336.624,210.415,3113.18,0.984675,0,0.00100204
109.25,0.0983721,283.287,283.288,282.838,238.067,-0.170147,2.51078,35.5166,336.624,210.415,3113.18,0.981429,0,0.00101818
109.75,0.0977369,283.288,283.287,282.835,238.067,-0.137138,2.13336,35.2702,336.624,210.415,3113.18,0.980814,0,0.0010059
110.25,0.0970997,283.291,283.284,282.832,238.067,-0.15866,2.0919,35.023,336.602,210.405,3113.18,0.983236,0,0.00102582
110.75,0.0964606,283.283,283.28,282.829,238.067,-0.195665,2.04232,34.775,336.602,210.405,3113.18,0.983332,0,0.0010104
111.25,0.0958196,283.275,283.276,282.825,238.066,-0.246165,1.99756,34.5264,336.602,210.405,3113.18,0.983452,0,0.0010264
111.75,0.0951767,283.267,283.272,282.822,238.066,-0.285614,1.87522,34.277,336.602,210.405,3113.18,0.984263,0,0.00101463
112.25,0.094532,283.258,283.268,282.819,238.066,-0.327271,1.76547,34.0269,336.563,210.393,3113.18,0.98492,0,0.00103503
112.75,0.0938854,283.25,283.263,282.815,238.066,-0.368026,1.67279,33.776,336.563,210.393,3113.18,0.985454,0,0.00101955
113.25,0.0932369,283.241,283.258,282.812,238.066,-0.409825,1.59073,33.5245,336.563,210.393,3113.18,0.985905,0,0.00103597
113.75,0.0925867,283.232,283.252,282.808,238.066,-0.453276,1.51567,33.2722,336.563,210.393,3113.18,0.986295,0,0.00102417
114.25,0.0919346,283.221,283.246,282.805,238.065,-0.502395,1.43847,33.0193,336.508,210.374,3113.18,0.986662,0,0.00104622
114.75,0.0912807,283.212,283.24,282.801,238.065,-0.536373,1.29815,32.7656,336.508,210.374,3113.18,0.987524,0,0.00102961
115.25,0.090625,283.202,283.234,282.797,238.065,-0.568379,1.19179,32.5112,336.508,210.374,3113.18,0.988143,0,0.00104736
115.75,0.0899675,283.192,283.227,282.793,238.065,-0.603555,1.1062,32.2562,336.508,210.374,3113.18,0.988616,0,0.0010347
116.25,0.0893083,283.18,283.219,282.789,238.065,-0.648358,1.024,32.0004,336.438,210.353,3113.18,0.989024,0,0.00105817
116.75,0.0886473,283.169,283.212,282.785,238.064,-0.690352,0.953916,31.744,336.438,210.353,3113.18,0.989369,0,0.00104059
117.25,0.0879845,283.157,283.204,282.781,238.064,-0.732057,0.889923,31.4869,336.438,210.353,3113.18,0.989674,0,0.0010595
117.75,0.08732,283.146,283.196,282.777,238.064,-0.762342,0.768593,31.2291,336.438,210.353,3113.18,0.990196,0,0.00104609
118.25,0.0866539,283.132,283.187,282.773,238.064,-0.803525,0.68411,30.9707,336.35,210.328,3113.18,0.990551,0,0.00107114
118.75,0.085986,283.119,283.178,282.768,238.064,-0.842608,0.621784,30.7116,336.35,210.328,3113.18,0.990824,0,0.00105243
119.25,0.0853164,283.106,283.169,282.764,238.063,-0.882289,0.566695,30.4519,336.35,210.328,3113.18,0.991064,0,0.00107261
119.75,0.0846451,283.092,283.159,282.759,238.063,-0.923103,0.514078,30.1915,336.35,210.328,3113.18,0.99129,0,0.00105832
120.25,0.0839722,283.076,283.149,282.754,238.063,-0.974545,0.450306,29.9304,336.247,210.3,3113.18,0.991523,0,0.00108876
120.75,0.0832977,283.062,283.139,282.749,238.063,-1.02238,0.396458,29.6687,336.247,210.3,3113.18,0.991713,0,0.00107845
121.25,0.0826215,283.047,283.129,282.744,238.062,-1.07259,0.348527,29.4064,336.247,210.3,3113.18,0.991886,0,0.00111066
121.75,0.0819436,283.033,283.118,282.739,238.062,-1.12555,0.304062,29.1434,336.247,210.3,3113.18,0.992051,0,0.0011071
122.25,0.0812642,283.016,283.107,282.734,238.062,-1.19645,0.233906,28.8799,336.132,210.27,3113.18,0.992234,1.17876e-06,0.00115639
122.75,0.0805832,283.001,283.096,282.728,238.062,-1.24894,0.189714,28.6157,336.132,210.27,3113.18,0.992386,7.26785e-06,0.00115145
123.25,0.0799005,282.986,283.085,282.723,238.062,-1.28955,0.134053,28.3509,336.132,210.27,3113.18,0.992537,2.59699e-05,0.00117116
123.75,0.0792164,282.97,283.074,282.717,238.061,-1.33268,0.0835689,28.0854,336.132,210.27,3113.18,0.992681,4.32202e-05,0.00116426
124.25,0.0785306,282.952,283.062,282.712,238.061,-1.38692,0.0154506,27.8194,336.004,210.237,3113.18,0.992846,7.06112e-05,0.00119276
124.75,0.0778433,282.935,283.05,282.708,238.061,-1.44661,-0.0109548,27.5528,336.004,210.237,3113.18,0.993046,9.7423e-05,0.00169855
125.25,0.0771545,282.919,283.037,282.703,238.061,-1.48678,-0.0727148,27.2856,336.004,210.237,3113.18,0.993207,0.000122829,0.00165118
125.75,0.0764642,282.902,283.025,282.699,238.06,-1.52631,-0.131012,27.0178,336.004,210.237,3113.18,0.993351,0.000149174,0.00265963
126.25,0.0757724,282.883,283.012,282.694,238.06,-1.57435,-0.211926,26.7494,335.867,210.203,3113.18,0.993506,0.000190618,0.00219444
126.75,0.075079,282.865,283,282.691,238.06,-1.6153,-0.273312,26.4804,335.867,210.203,3113.18,0.993637,0.000220916,0.00281942
127.25,0.0743842,282.848,282.987,282.686,238.06,-1.65442,-0.331388,26.2109,335.867,210.203,3113.18,0.993753,0.000252116,0.00227456
127.75,0.073688,282.831,282.975,282.682,238.06,-1.69402,-0.387521,25.9408,335.867,210.203,3113.18,0.993854,0.000286327,0.00283153
128.25,0.0729903,282.811,282.961,282.677,238.059,-1.74384,-0.449813,25.6701,335.724,210.167,3113.18,0.993992,0.000327172,0.00238848
128.75,0.0722911,282.792,282.948,282.673,238.059,-1.7805,-0.507598,25.3989,335.724,210.167,3113.18,0.994096,0.000368398,0.00284888
129.25,0.0715906,282.774,282.935,282.668,238.059,-1.8179,-0.561705,25.1272,335.724,210.167,3113.18,0.994183,0.000407662,0.00244671
129.75,0.0708886,282.755,282.923,282.663,238.059,-1.85584,-0.614244,24.8548,335.724,210.167,3113.18,0.994257,0.000445786,0.00286377
130.25,0.0701852,282.734,282.909,282.658,238.059,-1.89305,-0.691656,24.582,335.575,210.129,3113.18,0.994333,0.000501959,0.00254376
130.75,0.0694805,282.714,282.896,282.653,238.058,-1.93485,-0.746674,24.3086,335.575,210.129,3113.18,0.994398,0.000541879,0.00288323
131.25,0.0687744,282.695,282.882,282.648,238.058,-1.97548,-0.798944,24.0347,335.575,210.129,3113.18,0.994453,0.000579803,0.00259033
131.75,0.0680669,282.676,282.869,282.643,238.058,-2.01589,-0.849916,23.7602,335.575,210.129,3113.18,0.994502,0.000616784,0.00290031
132.25,0.0673581,282.654,282.855,282.637,238.058,-2.05395,-0.92698,23.4853,335.42,210.09,3113.18,0.99456,0.000672698,0.00292909
132.75,0.066648,282.634,282.841,282.632,238.057,-2.09744,-0.980972,23.2098,335.42,210.09,3113.18,0.994607,0.000711868,0.00349839
133.25,0.0659366,282.614,282.827,282.626,238.057,-2.13946,-1.03225,22.9338,335.42,210.09,3113.18,0.994648,0.000749068,0.00298184
133.75,0.0652239,282.594,282.813,282.62,238.057,-2.18106,-1.0823,22.6573,335.42,210.09,3113.18,0.994685,0.000785373,0.00349453
134.25,0.0645099,282.571,282.799,282.614,238.057,-2.22079,-1.1594,22.3803,335.258,210.049,3113.18,0.994733,0.000841305,0.00308465
134.75,0.0637946,282.55,282.784,282.608,238.057,-2.26539,-1.2127,22.1028,335.258,210.049,3113.18,0.994772,0.000879963,0.00349786
135.25,0.0630781,282.53,282.77,282.602,238.056,-2.30832,-1.26326,21.8249,335.258,210.049,2361.86,0.994806,0.000916641,0.00312772
135.75,0.0623603,282.51,282.756,282.596,238.056,-2.35068,-1.31262,21.5464,335.258,210.049,2361.86,0.994837,0.000952438,0.00350046
136.25,0.0616413,282.486,282.74,282.59,238.056,-2.39179,-1.39015,21.2675,335.088,210.007,2361.86,0.994879,0.00100868,0.00322325
136.75,0.0609211,282.464,282.725,282.583,238.056,-2.43706,-1.44307,20.9881,335.088,210.007,2361.86,0.994915,0.00104706,0.00350975
137.25,0.0601997,282.443,282.71,282.577,238.055,-2.48048,-1.4932,20.7083,335.088,210.007,2361.86,0.994941,0.00108341,0.00327815
137.75,0.0594771,282.422,282.695,282.57,238.055,-2.52349,-1.54189,20.428,335.088,210.007,2361.86,0.994964,0.00111871,0.00352324
138.25,0.0587534,282.397,282.679,282.563,238.055,-2.56607,-1.61972,20.1472,334.91,209.964,2361.86,0.994996,0.00117516,0.00337109
138.75,0.0580285,282.375,282.664,282.556,238.055,-2.61229,-1.67187,19.866,334.91,209.964,2361.86,0.99502,0.00121298,0.00354058
139.25,0.0573024,282.353,282.648,282.55,238.054,-2.65659,-1.72113,19.5843,334.91,209.964,2361.86,0.995039,0.00124869,0.00340171
139.75,0.0565753,282.332,282.633,282.542,238.054,-2.70024,-1.76905,19.3022,334.91,209.964,2361.86,0.995055,0.00128344,0.0035544
140.25,0.055847,282.306,282.616,282.535,238.054,-2.74447,-1.84676,19.0197,334.726,209.919,1759.97,0.995084,0.00133979,0.00349122
140.75,0.0551176,282.283,282.6,282.528,238.054,-2.79134,-1.89838,18.7368,334.726,209.919,1759.97,0.995105,0.00137721,0.00357469
141.25,0.0543871,282.261,282.584,282.521,238.053,-2.8361,-1.94708,18.4534,334.726,209.919,1759.97,0.995122,0.00141252,0.00351804
141.75,0.0536556,282.239,282.568,282.513,238.053,-2.88012,-1.99448,18.1696,334.726,209.919,1759.97,0.995137,0.00144687,0.00359176
142.25,0.052923,282.212,282.551,282.506,238.053,-2.92558,-2.07273,17.8854,334.533,209.873,1759.97,0.995166,0.00150361,0.0040051
142.75,0.0521894,282.189,282.534,282.498,238.053,-2.97279,-2.12407,17.6008,334.533,209.873,1759.97,0.995187,0.00154082,0.00369366
143.25,0.0514547,282.166,282.518,282.49,238.052,-3.01776,-2.17244,17.3158,334.533,209.873,1759.97,0.995204,0.00157587,0.00399668
143.75,0.0507191,282.143,282.501,282.482,238.052,-3.06195,-2.21946,17.0304,334.533,209.873,1759.97,0.995219,0.00160995,0.00373165
144.25,0.0499824,282.116,282.484,282.474,238.052,-3.10877,-2.298,16.7454,334.333,209.826,1759.97,0.995248,0.00166689,0.00406529
144.75,0.0492448,282.093,282.467,282.466,238.052,-3.15167,-2.34441,16.4905,334.333,209.826,1759.97,0.995269,0.00170052,0.00377308
145.25,0.0485062,282.07,282.45,282.458,238.051,-3.19157,-2.38714,16.2353,334.333,209.826,1759.97,0.995287,0.00173148,0.00406166
145.75,0.0477666,282.048,282.433,282.449,238.051,-3.2303,-2.42821,15.9798,334.333,209.826,1759.97,0.995302,0.00176124,0.00380788
146.25,0.0470261,282.021,282.415,282.441,238.051,-3.27447,-2.50105,15.724,334.126,209.779,1308.03,0.99533,0.00181403,0.00413201
146.75,0.0462847,281.997,282.398,282.432,238.051,-3.31643,-2.54592,15.4678,334.126,209.779,1308.03,0.995351,0.00184654,0.00384703
147.25,0.0455424,281.974,282.38,282.424,238.05,-3.35584,-2.58765,15.2113,334.126,209.779,1308.03,0.995368,0.00187677,0.0041314
147.75,0.0447991,281.952,282.363,282.415,238.05,-3.3943,-2.62796,14.9545,334.126,209.779,1308.03,0.995383,0.00190596,0.00388002
148.25,0.044055,281.925,282.345,282.406,238.05,-3.44052,-2.70005,14.6974,333.915,209.731,1308.03,0.99541,0.00195821,0.00420266
148.75,0.04331,281.901,282.327,282.397,238.049,-3.48268,-2.74421,14.44,333.915,209.731,1308.03,0.995431,0.0019902,0.00391815
149.25,0.0425642,281.877,282.31,282.388,238.049,-3.52225,-2.78528,14.1823,333.915,209.731,1308.03,0.995448,0.00201994,0.00420417
149.75,0.0418176,281.854,282.292,282.379,238.049,-3.56086,-2.82496,13.9243,333.915,209.731,1308.03,0.995463,0.00204868,0.00401483
150.25,0.0410701,281.827,282.274,282.37,238.049,-3.60823,-2.89692,13.666,333.699,209.683,956.226,0.99549,0.00210082,0.0044023
150.75,0.0403218,281.802,282.255,282.36,238.048,-3.65073,-2.94051,13.4075,333.699,209.683,956.226,0.995512,0.00213238,0.00415641
151.25,0.0395727,281.779,282.237,282.351,238.048,-3.69058,-2.98097,13.1487,333.699,209.683,956.226,0.995529,0.00216168,0.00447897
151.75,0.0388228,281.755,282.22,282.342,238.048,-3.72944,-3.02005,12.8896,333.699,209.683,956.226,0.995545,0.00218997,0.00437887
152.25,0.0380722,281.727,282.201,282.332,238.048,-3.77869,-3.09121,12.6302,333.477,209.634,956.226,0.995573,0.00224153,0.00471041
152.75,0.0373209,281.703,282.182,282.322,238.047,-3.82147,-3.13435,12.3706,333.477,209.634,956.226,0.995595,0.00227276,0.00453547
153.25,0.0365687,281.679,282.164,282.313,238.047,-3.8617,-3.17415,12.1108,333.477,209.634,956.226,0.995613,0.00230157,0.00478586
153.75,0.0358159,281.655,282.145,282.303,238.047,-3.90088,-3.21257,11.8506,333.477,209.634,956.226,0.99563,0.00232938,0.00455104
154.25,0.0350624,281.626,282.126,282.293,238.046,-3.95256,-3.28242,11.5903,333.25,209.585,692.2,0.995659,0.00237998,0.00488983
154.75,0.0343082,281.601,282.107,282.283,238.046,-3.99613,-3.32461,11.3297,333.25,209.585,692.2,0.995682,0.00241051,0.00459596
155.25,0.0335533,281.577,282.088,282.273,238.046,-4.03683,-3.36366,11.0689,333.25,209.585,692.2,0.9957,0.00243877,0.00490879
155.75,0.0327977,281.552,282.07,282.263,238.046,-4.07642,-3.40133,10.8078,333.25,209.585,692.2,0.995718,0.00246603,0.00479026
156.25,0.0320416,281.523,282.05,282.253,238.045,-4.13215,-3.46821,10.5465,333.018,209.535,692.2,0.995747,0.00251447,0.00506909
156.75,0.0312847,281.498,282.031,282.242,238.045,-4.17691,-3.50903,10.285,333.018,209.535,692.2,0.995771,0.002544,0.00480923
157.25,0.0305273,281.473,282.012,282.232,238.045,-4.21886,-3.54654,10.0233,333.018,209.535,692.2,0.99579,0.00257114,0.00510421
157.75,0.0297693,281.448,281.993,282.221,238.044,-4.2596,-3.58271,9.76141,333.018,209.535,692.2,0.995808,0.00259731,0.00484309
158.25,0.0290106,281.419,281.972,282.211,238.044,-4.32404,-3.64192,9.49929,332.78,209.485,692.2,0.995839,0.00264017,0.00520913
158.75,0.0282514,281.393,281.953,282.2,238.044,-4.37081,-3.68053,9.23698,332.78,209.485,692.2,0.995863,0.0026681,0.00490207
159.25,0.0274917,281.367,281.933,282.19,238.043,-4.41432,-3.71616,8.97447,332.78,209.485,692.2,0.995883,0.00269387,0.00522691
159.75,0.0267314,281.342,281.914,282.179,238.043,-4.45656,-3.75045,8.71178,332.78,209.485,692.2,0.995902,0.00271867,0.00494801
160.25,0.0259706,281.312,281.893,282.168,238.043,-4.52632,-3.80534,8.44891,332.537,209.434,490.937,0.995933,0.0027584,0.00532974
160.75,0.0252093,281.286,281.873,282.157,238.042,-4.57397,-3.84285,8.18586,332.537,209.434,490.937,0.995958,0.00278552,0.0051491
161.25,0.0244475,281.26,281.853,282.146,238.042,-4.61837,-3.87723,7.92263,332.537,209.434,490.937,0.995979,0.00281038,0.00542043
161.75,0.0236852,281.235,281.833,282.135,238.042,-4.66135,-3.91038,7.65925,332.537,209.434,490.937,0.995999,0.00283434,0.00517733
162.25,0.0229224,281.204,281.812,282.123,238.042,-4.7336,-3.96375,7.3957,332.289,209.382,490.937,0.996031,0.00287296,0.00554398
162.75,0.0221592,281.177,281.792,282.112,238.041,-4.78185,-4.00041,7.13199,332.289,209.382,490.937,0.996057,0.00289945,0.00523907
163.25,0.0213955,281.151,281.772,282.101,238.041,-4.82658,-4.03408,6.86814,332.289,209.382,490.937,0.996078,0.0029238,0.00556671
163.75,0.0206315,281.126,281.751,282.089,238.041,-4.86985,-4.06651,6.60414,332.289,209.382,490.937,0.996099,0.00294724,0.00528599
164.25,0.019867,281.095,281.73,282.078,238.04,-4.94344,-4.11843,6.34349,332.035,209.329,490.937,0.996131,0.00298479,0.00567798
164.75,0.0191021,281.068,281.709,282.066,238.04,-4.9887,-4.15181,6.09927,332.035,209.329,490.937,0.996158,0.00300891,0.00537545
165.25,0.0183369,281.042,281.689,282.054,238.04,-5.03013,-4.18166,5.85493,332.035,209.329,490.937,0.99618,0.00303048,0.00569481
165.75,0.0175713,281.016,281.668,282.043,238.039,-5.06985,-4.21011,5.61047,332.035,209.329,490.937,0.9962,0.00305103,0.00541814
166.25,0.0168053,280.986,281.647,282.031,238.039,-5.14194,-4.25895,5.36591,331.777,209.276,490.937,0.996232,0.00308634,0.00581105
166.75,0.0160391,280.959,281.626,282.019,238.039,-5.18667,-4.29109,5.12124,331.777,209.276,490.937,0.996258,0.00310955,0.00548177
167.25,0.0152725,280.933,281.605,282.007,238.038,-5.22769,-4.32017,4.87647,331.777,209.276,490.937,0.996281,0.00313056,0.00581996
167.75,0.0145056,280.907,281.585,281.995,238.038,-5.26713,-4.34798,4.6316,331.777,209.276,490.937,0.996301,0.00315064,0.0055265
168.25,0.0137384,280.876,281.563,281.983,238.038,-5.33988,-4.3967,4.38664,331.517,209.223,490.937,0.996333,0.00318587,0.00596746
168.75,0.012971,280.849,281.542,281.97,238.037,-5.38468,-4.42818,4.1416,331.517,209.223,490.937,0.996359,0.00320859,0.00572522
169.25,0.0122033,280.822,281.521,281.958,238.037,-5.42574,-4.45662,3.89647,331.517,209.223,490.937,0.996382,0.00322913,0.00600145
169.75,0.0114353,280.796,281.5,281.946,238.036,-5.46522,-4.4838,3.65127,331.517,209.223,339.934,0.996403,0.00324875,0.00575329
170.25,0.0106671,280.765,281.478,281.933,238.036,-5.53881,-4.53213,3.406,331.252,209.169,339.934,0.996435,0.00328369,0.00613295
170.75,0.00989877,280.737,281.456,281.921,238.036,-5.58363,-4.56315,3.16066,331.252,209.169,339.934,0.996462,0.00330608,0.00581145
171.25,0.0091302,280.711,281.435,281.908,238.035,-5.62465,-4.59113,2.91525,331.252,209.169,339.934,0.996485,0.00332628,0.00614569
171.75,0.00836145,280.685,281.414,281.896,238.035,-5.66409,-4.61784,2.66979,331.252,209.169,339.934,0.996506,0.00334555,0.00585427
172.25,0.00759254,280.653,281.392,281.883,238.035,-5.73819,-4.66612,2.42428,330.984,209.115,339.934,0.99654,0.00338044,0.00626508
172.75,0.00682347,280.625,281.37,281.87,238.034,-5.78315,-4.69658,2.17872,330.984,209.115,339.934,0.996567,0.00340243,0.0059205
173.25,0.00605428,280.598,281.348,281.857,238.034,-5.82426,-4.724,1.93312,330.984,209.115,339.934,0.99659,0.00342221,0.00627104
173.75,0.00528496,280.572,281.327,281.844,238.034,-5.86375,-4.75014,1.68748,330.984,209.115,339.934,0.996611,0.00344106,0.00596956
174.25,0.00451554,280.54,281.304,281.832,238.033,-5.93874,-4.79796,1.4418,330.712,209.06,339.934,0.996636,0.00347561,0.00639486
174.75,0.00374603,280.512,281.282,281.818,238.033,-5.98355,-4.82816,1.1961,330.712,209.06,339.934,0.996655,0.00349741,0.00604171
175.25,0.00297645,280.484,281.261,281.805,238.033,-6.02444,-4.85531,0.950374,330.712,209.06,339.934,0.996667,0.00351699,0.00639825
175.75,0.00220681,280.458,281.239,281.792,238.032,-6.06363,-4.88122,0.70463,330.712,209.06,339.934,0.99668,0.00353568,0.00608972
176.25,0.00143713,280.425,281.216,281.779,238.032,-6.13875,-4.9289,0.458871,330.437,209.004,339.934,0.996703,0.00357012,0.00651237
176.75,0.000667413,280.397,281.194,281.766,238.031,-6.18351,-4.95869,0.213104,330.437,209.004,339.934,0.99672,0.00359161,0.00616012
177.25,0,280.37,281.172,281.752,238.031,-6.21942,-4.9814,0,330.437,209.004,339.934,0.996732,0.00360796,0.00650754
177.75,0,280.348,281.151,281.739,238.031,-6.221,-4.97616,0,330.437,209.004,339.934,0.996741,0.00360409,0.00615536
178.25,0,280.322,281.13,281.726,238.03,-6.25438,-4.99151,0,330.161,208.951,339.934,0.996756,0.00361514,0.00653747
178.75,0,280.302,281.11,281.712,238.03,-6.25347,-4.98419,0,330.161,208.951,339.934,0.996765,0.00360976,0.00615688
179.25,0,280.282,281.091,281.699,238.03,-6.24711,-4.97276,0,330.161,208.951,339.934,0.996771,0.00360141,0.00647171
179.75,0,280.264,281.072,281.685,238.029,-6.23811,-4.95945,0,330.161,208.951,339.934,0.996775,0.00359172,0.00619187
180.25,0,280.241,281.052,281.671,238.029,-6.26735,-4.97879,0,329.901,208.909,339.934,0.996778,0.00360566,0.00654833
180.75,0,280.223,281.034,281.658,238.029,-6.26215,-4.9688,0,329.901,208.909,339.934,0.99678,0.00359836,0.00618176
181.25,0,280.205,281.016,281.644,238.028,-6.25304,-4.95579,0,329.901,208.909,339.934,0.996783,0.00358887,0.00648022
181.75,0,280.189,280.998,281.631,238.028,-6.24221,-4.94146,0,329.901,208.909,339.934,0.996784,0.00357844,0.0061662
182.25,0,280.168,280.98,281.617,238.028,-6.26854,-4.95961,0,329.656,208.871,339.934,0.996786,0.00359153,0.00646273
182.75,0,280.151,280.963,281.604,238.027,-6.26203,-4.94894,0,329.656,208.871,339.934,0.996787,0.00358374,0.00615222
183.25,0,280.135,280.946,281.59,238.027,-6.25207,-4.93561,0,329.656,208.871,339.934,0.996789,0.00357403,0.00640428
183.75,0,280.119,280.929,281.577,238.027,-6.24069,-4.92117,0,329.656,208.871,339.934,0.99679,0.00356352,0.00613623
184.25,0,280.099,280.912,281.564,238.026,-6.26518,-4.93828,0,329.421,208.835,339.934,0.996791,0.00357586,0.00638692
184.75,0,280.083,280.895,281.55,238.026,-6.25814,-4.92747,0,329.421,208.835,339.934,0.996791,0.00356797,0.00612186
185.25,0,280.068,280.879,281.537,238.026,-6.2479,-4.91422,0,329.421,208.835,339.934,0.996793,0.00355832,0.00633601
185.75,0,280.053,280.863,281.524,238.025,-6.23637,-4.89994,0,329.421,208.835,339.934,0.996793,0.00354794,0.00610669
186.25,0,280.034,280.847,281.511,238.025,-6.25952,-4.91621,0,329.196,208.802,339.934,0.996795,0.00355966,0.00631984
186.75,0,280.019,280.831,281.498,238.025,-6.25226,-4.90547,0,329.196,208.802,339.934,0.996794,0.00355183,0.006093
187.25,0,280.004,280.816,281.484,238.024,-6.24196,-4.89243,0,329.196,208.802,339.934,0.996796,0.00354234,0.00627519
187.75,0,279.99,280.801,281.471,238.024,-6.23047,-4.87843,0,329.196,208.802,339.934,0.996796,0.00353216,0.00607904
188.25,0,279.972,280.785,281.459,238.024,-6.25257,-4.89399,0,328.978,208.77,339.934,0.996798,0.00354338,0.00626057
188.75,0,279.958,280.77,281.446,238.024,-6.24524,-4.88342,0,328.978,208.77,339.934,0.996797,0.00353567,0.00606639
189.25,0,279.944,280.755,281.433,238.023,-6.23499,-4.87065,0,328.978,208.77,339.934,0.996799,0.00352638,0.00622127
189.75,0,279.93,280.74,281.42,238.023,-6.22362,-4.85696,0,328.978,208.77,339.934,0.996799,0.00351642,0.00605373
190.25,0,279.913,280.725,281.407,238.023,-6.24484,-4.87193,0,328.767,208.739,339.934,0.9968,0.00352721,0.0062083
190.75,0,279.899,280.711,281.395,238.022,-6.23753,-4.86156,0,328.767,208.739,339.934,0.9968,0.00351965,0.00604223
191.25,0,279.886,280.696,281.382,238.022,-6.22739,-4.84908,0,328.767,208.739,339.934,0.996801,0.00351058,0.00617368
191.75,0,279.873,280.682,281.37,238.022,-6.21618,-4.83572,0,328.767,208.739,339.934,0.996801,0.00350086,0.00603083
192.25,0,279.856,280.668,281.357,238.022,-6.23666,-4.85016,0,328.563,208.709,339.934,0.996803,0.00351127,0.00616233
192.75,0,279.842,280.653,281.345,238.021,-6.2294,-4.84002,0,328.563,208.709,339.934,0.996802,0.00350388,0.00602045
193.25,0,279.829,280.64,281.333,238.021,-6.21941,-4.82784,0,328.563,208.709,339.934,0.996803,0.00349502,0.00613183
193.75,0,279.817,280.626,281.32,238.021,-6.20838,-4.81481,0,328.563,208.709,339.934,0.996803,0.00348555,0.00601025
194.25,0,279.801,280.612,281.308,238.02,-6.22822,-4.82878,0,328.364,208.681,339.934,0.996805,0.00349561,0.00612202
194.75,0,279.788,280.598,281.296,238.02,-6.22103,-4.81886,0,328.364,208.681,339.934,0.996804,0.00348839,0.00600094
195.25,0,279.775,280.585,281.284,238.02,-6.21121,-4.80698,0,328.364,208.681,339.934,0.996805,0.00347975,0.00609516
195.75,0,279.763,280.572,281.272,238.02,-6.20037,-4.79428,0,328.364,208.681,339.934,0.996805,0.00347051,0.00599185
196.25,0,279.748,280.558,281.26,238.019,-6.21963,-4.80782,0,328.17,208.653,339.934,0.996807,0.00348027,0.00608676
196.75,0,279.735,280.545,281.248,238.019,-6.21254,-4.79814,0,328.17,208.653,339.934,0.996806,0.00347322,0.00598355
197.25,0,279.723,280.532,281.236,238.019,-6.20288,-4.78655,0,328.17,208.653,339.934,0.996807,0.00346479,0.00606312
197.75,0,279.711,280.519,281.225,238.019,-6.19224,-4.77415,0,328.17,208.653,339.934,0.996807,0.00345578,0.00597549
198.25,0,279.696,280.505,281.213,238.018,-6.21099,-4.78732,0,327.981,208.626,339.934,0.996808,0.00346527,0.00605601
198.75,0,279.683,280.493,281.201,238.018,-6.20401,-4.77786,0,327.981,208.626,339.934,0.996808,0.00345838,0.00596812
199.25,0,279.672,280.48,281.19,238.018,-6.19452,-4.76654,0,327.981,208.626,339.934,0.996809,0.00345015,0.00603522
199.75,0,279.66,280.467,281.178,238.018,-6.18407,-4.75445,0,327.981,208.626,339.934,0.996809,0.00344136,0.005961
200.25,0,279.646,280.454,281.167,238.017,-6.20235,-4.76726,0,327.797,208.6,339.934,0.99681,0.00345059,0.00602925
200.75,0,279.634,280.442,281.155,238.017,-6.19548,-4.75802,0,327.797,208.6,339.934,0.996809,0.00344386,0.00595449
201.25,0,279.622,280.43,281.144,238.017,-6.18616,-4.74697,0,327.797,208.6,339.934,0.996811,0.00343583,0.006011
201.75,0,279.611,280.417,281.132,238.017,-6.17591,-4.73517,0,327.797,208.6,339.934,0.99681,0.00342725,0.00594823
202.25,0,279.597,280.405,281.121,238.016,-6.19377,-4.74766,0,327.616,208.574,339.934,0.996812,0.00343625,0.00600604
202.75,0,279.585,280.393,281.11,238.016,-6.18701,-4.73863,0,327.616,208.574,339.934,0.996811,0.00342968,0.00594253
203.25,0,279.574,280.381,281.099,238.016,-6.17786,-4.72784,0,327.616,208.574,339.934,0.996812,0.00342183,0.00599003
203.75,0,279.563,280.369,281.088,238.016,-6.16779,-4.71631,0,327.616,208.574,339.934,0.996812,0.00341345,0.00593706
204.25,0,279.549,280.356,281.077,238.015,-6.18525,-4.7285,0,327.44,208.549,339.934,0.996813,0.00342224,0.00598596
204.75,0,279.538,280.345,281.066,238.015,-6.17861,-4.71968,0,327.44,208.549,339.934,0.996813,0.00341581,0.00593208
205.25,0,279.527,280.333,281.055,238.015,-6.16962,-4.70914,0,327.44,208.549,339.934,0.996814,0.00340815,0.00597193
205.75,0,279.516,280.321,281.044,238.015,-6.15975,-4.69787,0,327.44,208.549,339.934,0.996814,0.00339996,0.00592734
206.25,0,279.503,280.309,281.033,238.015,-6.17684,-4.70978,0,327.267,208.524,339.934,0.996815,0.00340854,0.00596863
206.75,0,279.492,280.298,281.022,238.014,-6.1703,-4.70116,0,327.267,208.524,339.934,0.996814,0.00340227,0.00592303
207.25,0,279.481,280.286,281.011,238.014,-6.16148,-4.69085,0,327.267,208.524,339.934,0.996816,0.00339477,0.00595638
207.75,0,279.471,280.275,281.001,238.014,-6.15179,-4.67984,0,327.267,208.524,339.934,0.996815,0.00338677,0.00591894
208.25,0,279.457,280.263,280.99,238.014,-6.16853,-4.69149,0,327.098,208.5,339.934,0.996817,0.00339516,0.00595375
208.75,0,279.446,280.252,280.979,238.013,-6.16211,-4.68306,0,327.098,208.5,339.934,0.996816,0.00338903,0.00591525
209.25,0,279.436,280.241,280.969,238.013,-6.15345,-4.67298,0,327.098,208.5,339.934,0.996817,0.0033817,0.00594307
209.75,0,279.426,280.23,280.958,238.013,-6.14393,-4.66221,0,327.098,208.5,339.934,0.996817,0.00337387,0.00591177
210.25,0,279.413,280.218,280.948,238.013,-6.16035,-4.67361,0,326.932,208.477,339.934,0.996818,0.00338209,0.005941
210.75,0,279.402,280.207,280.937,238.012,-6.15404,-4.66536,0,326.932,208.477,339.934,0.996818,0.00337608,0.00590862
211.25,0,279.392,280.196,280.927,238.012,-6.14554,-4.6555,0,326.932,208.477,339.934,0.996819,0.00336892,0.00593173
211.75,0,279.383,280.185,280.917,238.012,-6.13618,-4.64496,0,326.932,208.477,339.934,0.996819,0.00336126,0.00590569
212.25,0,279.37,280.174,280.906,238.012,-6.1523,-4.65613,0,326.769,208.454,339.934,0.99682,0.0033693,0.00593015
212.75,0,279.359,280.163,280.896,238.012,-6.1461,-4.64806,0,326.769,208.454,339.934,0.996819,0.00336343,0.00590574
213.25,0,279.349,280.152,280.886,238.011,-6.13775,-4.63841,0,326.769,208.454,339.934,0.99682,0.00335641,0.00596231
213.75,0,279.34,280.142,280.876,238.011,-6.12856,-4.62809,0,326.769,208.454,339.934,0.99682,0.00334892,0.00590696
214.25,0,279.327,280.131,280.866,238.011,-6.14439,-4.63904,0,326.609,208.432,339.934,0.996821,0.00335681,0.00596197
214.75,0,279.317,280.12,280.856,238.011,-6.1383,-4.63114,0,326.609,208.432,339.934,0.996821,0.00335106,0.005908
215.25,0,279.308,280.11,280.845,238.01,-6.13009,-4.62169,0,326.609,208.432,339.934,0.996822,0.00334419,0.00595024
215.75,0,279.298,280.099,280.836,238.01,-6.12106,-4.61159,0,326.609,208.432,339.934,0.996822,0.00333685,0.0059083
216.25,0,279.286,280.088,280.826,238.01,-6.13663,-4.62233,0,326.452,208.409,339.934,0.996823,0.00334459,0.00595128
216.75,0,279.276,280.078,280.816,238.01,-6.13064,-4.61459,0,326.452,208.409,339.934,0.996822,0.00333896,0.00590868
217.25,0,279.266,280.068,280.806,238.01,-6.12257,-4.60534,0,326.452,208.409,339.934,0.996823,0.00333223,0.00594141
217.75,0,279.257,280.058,280.796,238.009,-6.1137,-4.59545,0,326.452,208.409,339.934,0.996823,0.00332505,0.00590855
218.25,0,279.245,280.047,280.786,238.009,-6.12901,-4.60599,0,326.298,208.388,339.934,0.996824,0.00333264,0.00594333
218.75,0,279.235,280.037,280.776,238.009,-6.12312,-4.59841,0,326.298,208.388,339.934,0.996824,0.00332713,0.00590865
219.25,0,279.226,280.027,280.767,238.009,-6.11519,-4.58934,0,326.298,208.388,339.934,0.996825,0.00332053,0.00593487
219.75,0,279.217,280.017,280.757,238.008,-6.10646,-4.57964,0,326.298,208.388,339.934,0.996825,0.00331349,0.00590838
220.25,0,279.205,280.006,280.747,238.008,-6.12153,-4.58999,0,326.146,208.366,339.934,0.996826,0.00332095,0.00593735
220.75,0,279.196,279.996,280.738,238.008,-6.11574,-4.58257,0,326.146,208.366,339.934,0.996825,0.00331555,0.0059084
221.25,0,279.187,279.986,280.728,238.008,-6.10795,-4.57367,0,326.146,208.366,339.934,0.996826,0.00330908,0.00593
221.75,0,279.178,279.977,280.719,238.008,-6.09936,-4.56417,0,326.146,208.366,339.934,0.996826,0.00330218,0.00590814
222.25,0,279.166,279.966,280.709,238.007,-6.1142,-4.57434,0,325.997,208.345,339.934,0.996827,0.00330951,0.00593283
222.75,0,279.157,279.956,280.7,238.007,-6.10851,-4.56706,0,325.997,208.345,339.934,0.996827,0.00330421,0.00590821
223.25,0,279.148,279.947,280.69,238.007,-6.10084,-4.55834,0,325.997,208.345,339.934,0.996828,0.00329787,0.00592637
223.75,0,279.139,279.937,280.681,238.007,-6.0924,-4.54902,0,325.997,208.345,339.934,0.996828,0.0032911,0.00590803
224.25,0,279.128,279.927,280.672,238.006,-6.10701,-4.55901,0,325.85,208.325,339.934,0.996829,0.0032983,0.00592943
224.75,0,279.118,279.917,280.662,238.006,-6.10141,-4.55188,0,325.85,208.325,339.934,0.996829,0.00329311,0.0059082
225.25,0,279.11,279.908,280.653,238.006,-6.09386,-4.54332,0,325.85,208.325,339.934,0.99683,0.00328689,0.00592374
225.75,0,279.101,279.898,280.644,238.006,-6.08556,-4.53418,0,325.85,208.325,339.934,0.996829,0.00328025,0.00590816
226.25,0,279.09,279.889,280.635,238.006,-6.09996,-4.54401,0,325.705,208.304,339.934,0.99683,0.00328733,0.00592694
226.75,0,279.081,279.879,280.626,238.005,-6.09445,-4.53701,0,325.705,208.304,339.934,0.99683,0.00328224,0.00590846
227.25,0,279.072,279.87,280.617,238.005,-6.08703,-4.52861,0,325.705,208.304,339.934,0.996831,0.00327614,0.00592189
227.75,0,279.064,279.86,280.607,238.005,-6.07885,-4.51964,0,325.705,208.304,339.934,0.996831,0.00326962,0.00590856
228.25,0,279.053,279.851,280.598,238.005,-6.09304,-4.52931,0,325.563,208.285,339.934,0.996832,0.00327659,0.00592517
228.75,0,279.044,279.841,280.589,238.005,-6.08763,-4.52244,0,325.563,208.285,339.934,0.996832,0.00327159,0.005909
229.25,0,279.035,279.832,280.58,238.004,-6.08032,-4.5142,0,325.563,208.285,339.934,0.996833,0.0032656,0.00592069
229.75,0,279.027,279.823,280.571,238.004,-6.07227,-4.50539,0,325.563,208.285,339.934,0.996833,0.00325921,0.00590925
230.25,0,279.016,279.814,280.563,238.004,-6.08627,-4.5149,0,325.423,208.265,339.934,0.996834,0.00326606,0.00592401
230.75,0,279.007,279.804,280.554,238.004,-6.08094,-4.50816,0,325.423,208.265,339.934,0.996833,0.00326115,0.00590982
231.25,0,278.999,279.795,280.545,238.004,-6.07375,-4.50007,0,325.423,208.265,339.934,0.996834,0.00325528,0.00592004
231.75,0,278.991,279.786,280.536,238.003,-6.06583,-4.49142,0,325.423,208.265,339.934,0.996834,0.00324899,0.00591021
232.25,0,278.98,279.777,280.527,238.003,-6.07963,-4.50079,0,325.284,208.245,339.934,0.996835,0.00325574,0.00592337
232.75,0,278.972,279.768,280.518,238.003,-6.07438,-4.49417,0,325.284,208.245,339.934,0.996835,0.00325093,0.00591091
233.25,0,278.964,279.759,280.51,238.003,-6.0673,-4.48622,0,325.284,208.245,339.934,0.996836,0.00324515,0.00591985
233.75,0,278.956,279.75,280.501,238.002,-6.0595,-4.47773,0,325.284,208.245,339.934,0.996836,0.00323898,0.00591932
234.25,0,278.945,279.741,280.492,238.002,-6.07312,-4.48695,0,325.148,208.226,339.934,0.996837,0.00324563,0.00594726
234.75,0,278.937,279.732,280.484,238.002,-6.06796,-4.48045,0,325.148,208.226,339.934,0.996837,0.0032409,0.00592202
235.25,0,278.929,279.723,280.475,238.002,-6.06099,-4.47264,0,325.148,208.226,339.934,0.996837,0.00323523,0.00594122
235.75,0,278.921,279.715,280.467,238.002,-6.0533,-4.4643,0,325.148,208.226,339.934,0.996837,0.00322917,0.00592381
236.25,0,278.91,279.706,280.458,238.001,-6.06676,-4.47339,0,325.014,208.207,339.934,0.996838,0.00323571,0.00594658
236.75,0,278.902,279.697,280.45,238.001,-6.06167,-4.467,0,325.014,208.207,339.934,0.996838,0.00323107,0.00592595
237.25,0,278.894,279.688,280.441,238.001,-6.0548,-4.45933,0,325.014,208.207,339.934,0.996839,0.0032255,0.00594139
237.75,0,278.886,279.68,280.433,238.001,-6.04723,-4.45113,0,325.014,208.207,339.934,0.996839,0.00321954,0.00592738
238.25,0,278.876,279.671,280.424,238.001,-6.06052,-4.46008,0,324.881,208.189,339.934,0.99684,0.00322599,0.00594702
238.75,0,278.868,279.662,280.416,238,-6.05551,-4.45381,0,324.881,208.189,339.934,0.99684,0.00322143,0.00592927
239.25,0,278.86,279.653,280.407,238,-6.04875,-4.44627,0,324.881,208.189,339.934,0.996841,0.00321595,0.0059424
239.75,0,278.852,279.645,280.399,238,-6.04129,-4.43821,0,324.881,208.189,339.934,0.996841,0.00321009,0.00593053
240.25,0,278.842,279.636,280.391,238,-6.0544,-4.44704,0,324.75,208.171,339.934,0.996842,0.00321646,0.00594811
240.75,0,278.834,279.628,280.383,238,-6.04947,-4.44087,0,324.75,208.171,339.934,0.996841,0.00321197,0.00593231
241.25,0,278.827,279.619,280.374,237.999,-6.04281,-4.43346,0,324.75,208.171,339.934,0.996842,0.00320658,0.00594389
241.75,0,278.819,279.611,280.366,237.999,-6.03546,-4.42553,0,324.75,208.171,339.934,0.996842,0.00320083,0.00593351
242.25,0,278.809,279.602,280.358,237.999,-6.04841,-4.43423,0,324.621,208.152,339.934,0.996843,0.0032071,0.00594958
242.75,0,278.801,279.594,280.35,237.999,-6.04356,-4.42817,0,324.621,208.152,339.934,0.996843,0.00320269,0.00593525
243.25,0,278.794,279.586,280.342,237.999,-6.03699,-4.42088,0,324.621,208.152,339.934,0.996844,0.00319739,0.0059457
243.75,0,278.786,279.578,280.333,237.998,-6.02974,-4.41308,0,324.621,208.152,339.934,0.996844,0.00319173,0.00593644
244.25,0,278.777,279.569,280.325,237.998,-6.04255,-4.42167,0,324.494,208.135,339.934,0.996845,0.00319791,0.00595133
244.75,0,278.769,279.561,280.317,237.998,-6.03776,-4.41571,0,324.494,208.135,339.934,0.996845,0.00319358,0.00593816
245.25,0,278.761,279.553,280.309,237.998,-6.03129,-4.40853,0,324.494,208.135,339.934,0.996845,0.00318837,0.00594772
245.75,0,278.754,279.545,280.301,237.998,-6.02414,-4.40086,0,324.494,208.135,339.934,0.996846,0.0031828,0.00593936
246.25,0,278.744,279.536,280.293,237.997,-6.0368,-4.40933,0,324.368,208.117,339.934,0.996846,0.0031889,0.00595326
246.75,0,278.737,279.528,280.285,237.997,-6.03208,-4.40347,0,324.368,208.117,339.934,0.996846,0.00318464,0.00594109
247.25,0,278.729,279.52,280.277,237.997,-6.0257,-4.39641,0,324.368,208.117,339.934,0.996847,0.00317951,0.00594989
247.75,0,278.722,279.512,280.27,237.997,-6.01865,-4.38886,0,324.368,208.117,339.934,0.996847,0.00317403,0.00594231
248.25,0,278.713,279.504,280.262,237.997,-6.03116,-4.39722,0,324.244,208.099,339.934,0.996848,0.00318005,0.00595533
248.75,0,278.705,279.496,280.254,237.996,-6.02652,-4.39146,0,324.244,208.099,339.934,0.996848,0.00317586,0.00594404
249.25,0,278.698,279.488,280.246,237.996,-6.02022,-4.38451,0,324.244,208.099,339.934,0.996849,0.00317081,0.00595218
249.75,0,278.691,279.48,280.238,237.996,-6.01327,-4.37708,0,324.244,208.099,339.934,0.996849,0.00316541,0.00594528
250.25,0,278.681,279.472,280.23,237.996,-6.02564,-4.38533,0,324.122,208.082,339.934,0.99685,0.00317136,0.00595751
250.75,0,278.674,279.464,280.223,237.996,-6.02106,-4.37965,0,324.122,208.082,339.934,0.99685,0.00316723,0.00594702
251.25,0,278.666,279.456,280.215,237.995,-6.01486,-4.37282,0,324.122,208.082,339.934,0.99685,0.00316227,0.00595456
251.75,0,278.659,279.448,280.207,237.995,-6.008,-4.3655,0,324.122,208.082,339.934,0.996851,0.00315695,0.00594827
252.25,0,278.65,279.44,280.2,237.995,-6.02023,-4.37364,0,324.001,208.065,339.934,0.996851,0.00316282,0.00595979
252.75,0,278.643,279.432,280.192,237.995,-6.01572,-4.36806,0,324.001,208.065,339.934,0.996851,0.00315876,0.00595002
253.25,0,278.636,279.425,280.184,237.995,-6.0096,-4.36133,0,324.001,208.065,339.934,0.996852,0.00315387,0.00595702
253.75,0,278.629,279.417,280.177,237.994,-6.00283,-4.35412,0,324.001,208.065,339.934,0.996852,0.00314864,0.00595129
254.25,0,278.62,279.409,280.169,237.994,-6.01493,-4.36216,0,323.881,208.048,339.934,0.996853,0.00315443,0.00596213
254.75,0,278.612,279.401,280.162,237.994,-6.01048,-4.35667,0,323.881,208.048,339.934,0.996853,0.00315043,0.00595305
255.25,0,278.605,279.394,280.154,237.994,-6.00444,-4.35004,0,323.881,208.048,339.934,0.996854,0.00314562,0.00595954
255.75,0,278.599,279.386,280.147,237.994,-5.99777,-4.34294,0,323.881,208.048,339.934,0.996854,0.00314047,0.00595433
256.25,0,278.59,279.379,280.139,237.993,-6.00973,-4.35088,0,323.763,208.032,339.934,0.996855,0.00314619,0.00596455
256.75,0,278.582,279.371,280.132,237.993,-6.00535,-4.34547,0,323.763,208.032,339.934,0.996855,0.00314225,0.00595608
257.25,0,278.575,279.363,280.124,237.993,-5.99939,-4.33895,0,323.763,208.032,339.934,0.996855,0.00313751,0.00596211
257.75,0,278.569,279.356,280.117,237.993,-5.9928,-4.33195,0,323.763,208.032,339.934,0.996856,0.00313244,0.00595738
258.25,0,278.56,279.348,280.109,237.993,-6.00464,-4.3398,0,323.646,208.015,339.934,0.996856,0.00313809,0.00596701
258.75,0,278.553,279.341,280.102,237.992,-6.00031,-4.33447,0,323.646,208.015,339.934,0.996857,0.00313421,0.00595913
259.25,0,278.546,279.333,280.095,237.992,-5.99443,-4.32804,0,323.646,208.015,339.934,0.996857,0.00312954,0.00596472
259.75,0,278.539,279.326,280.087,237.992,-5.98793,-4.32115,0,323.646,208.015,339.934,0.996857,0.00312454,0.00596043
260.25,0,278.531,279.318,280.08,237.992,-5.99965,-4.3289,0,323.531,207.999,339.934,0.996858,0.00313012,0.00596952
260.75,0,278.523,279.311,280.073,237.992,-5.99538,-4.32365,0,323.531,207.999,339.934,0.996858,0.00312631,0.00596218
261.25,0,278.517,279.304,280.065,237.991,-5.98958,-4.31732,0,323.531,207.999,339.934,0.996859,0.0031217,0.00596737
261.75,0,278.51,279.296,280.058,237.991,-5.98316,-4.31053,0,323.531,207.999,339.934,0.996859,0.00311678,0.00596349
262.25,0,278.502,279.289,280.051,237.991,-5.99476,-4.31818,0,323.416,207.983,339.934,0.99686,0.00312229,0.00597206
262.75,0,278.495,279.281,280.044,237.991,-5.99055,-4.31302,0,323.416,207.983,339.934,0.99686,0.00311853,0.00596524
263.25,0,278.488,279.274,280.037,237.991,-5.98482,-4.30677,0,323.416,207.983,339.934,0.996861,0.003114,0.00597004
263.75,0,278.482,279.267,280.029,237.99,-5.97848,-4.30008,0,323.416,207.983,339.934,0.996861,0.00310914,0.00596655
264.25,0,278.473,279.26,280.022,237.99,-5.98996,-4.30765,0,323.304,207.967,339.934,0.996861,0.00311459,0.00597463
264.75,0,278.466,279.252,280.015,237.99,-5.98581,-4.30256,0,323.304,207.967,339.934,0.996862,0.00311089,0.00596829
265.25,0,278.46,279.245,280.008,237.99,-5.98015,-4.2964,0,323.304,207.967,339.934,0.996862,0.00310642,0.00597274
265.75,0,278.453,279.238,280.001,237.99,-5.9739,-4.28981,0,323.304,207.967,339.934,0.996862,0.00310163,0.0059696
266.25,0,278.445,279.231,279.994,237.989,-5.98526,-4.29728,0,323.192,207.951,339.934,0.996863,0.00310702,0.00597722
266.75,0,278.438,279.224,279.987,237.989,-5.98116,-4.29227,0,323.192,207.951,339.934,0.996863,0.00310337,0.00597134
267.25,0,278.431,279.217,279.98,237.989,-5.97558,-4.2862,0,323.192,207.951,339.934,0.996864,0.00309896,0.00597545
267.75,0,278.425,279.21,279.973,237.989,-5.9694,-4.2797,0,323.192,207.951,339.934,0.996864,0.00309424,0.00597265
268.25,0,278.417,279.202,279.966,237.989,-5.98065,-4.28709,0,323.082,207.936,339.934,0.996865,0.00309957,0.00597984
268.75,0,278.41,279.195,279.959,237.989,-5.97661,-4.28214,0,323.082,207.936,339.934,0.996865,0.00309597,0.00597438
269.25,0,278.404,279.188,279.952,237.988,-5.97109,-4.27616,0,323.082,207.936,339.934,0.996866,0.00309163,0.00597817
269.75,0,278.397,279.181,279.945,237.988,-5.96499,-4.26975,0,323.082,207.936,339.934,0.996866,0.00308697,0.00597569
270.25,0,278.389,279.174,279.938,237.988,-5.97613,-4.27706,0,322.972,207.92,339.934,0.996867,0.00309224,0.00598246
270.75,0,278.382,279.167,279.931,237.988,-5.97214,-4.27218,0,322.972,207.92,339.934,0.996867,0.00308869,0.00597741
271.25,0,278.376,279.16,279.924,237.988,-5.96669,-4.26628,0,322.972,207.92,339.934,0.996867,0.00308441,0.0059809
271.75,0,278.37,279.154,279.918,237.987,-5.96066,-4.25996,0,322.972,207.92,339.934,0.996868,0.00307982,0.00597871
272.25,0,278.362,279.146,279.911,237.987,-5.9717,-4.26718,0,322.864,207.905,339.934,0.996868,0.00308502,0.0059851
272.75,0,278.355,279.14,279.904,237.987,-5.96776,-4.26238,0,322.864,207.905,339.934,0.996869,0.00308153,0.00598042
273.25,0,278.349,279.133,279.897,237.987,-5.96238,-4.25656,0,322.864,207.905,339.934,0.996869,0.0030773,0.00598364
273.75,0,278.343,279.126,279.89,237.987,-5.95642,-4.25032,0,322.864,207.905,339.934,0.996869,0.00307278,0.00598172
274.25,0,278.335,279.119,279.884,237.986,-5.96736,-4.25747,0,322.758,207.89,339.934,0.99687,0.00307792,0.00598774
274.75,0,278.328,279.112,279.877,237.986,-5.96347,-4.25273,0,322.758,207.89,339.934,0.99687,0.00307448,0.00598342
275.25,0,278.322,279.105,279.87,237.986,-5.95815,-4.24699,0,322.758,207.89,339.934,0.996871,0.00307031,0.00598638
275.75,0,278.316,279.099,279.864,237.986,-5.95227,-4.24083,0,322.758,207.89,339.934,0.996871,0.00306584,0.00598472
276.25,0,278.308,279.092,279.857,237.986,-5.96312,-4.24788,0,322.652,207.875,339.934,0.996872,0.00307092,0.00599041
276.75,0,278.302,279.085,279.85,237.985,-5.95928,-4.24321,0,322.652,207.875,339.934,0.996872,0.00306752,0.00598643
277.25,0,278.296,279.078,279.844,237.985,-5.95403,-4.23754,0,322.652,207.875,339.934,0.996873,0.00306341,0.00598913
277.75,0,278.29,279.072,279.837,237.985,-5.94821,-4.23147,0,322.652,207.875,339.934,0.996873,0.003059,0.00598772
278.25,0,278.282,279.065,279.83,237.985,-5.95896,-4.23844,0,322.547,207.86,339.934,0.996874,0.00306402,0.00599307
278.75,0,278.275,279.058,279.824,237.985,-5.95517,-4.23384,0,322.547,207.86,339.934,0.996874,0.00306067,0.00598941
279.25,0,278.269,279.052,279.817,237.985,-5.94998,-4.22825,0,322.547,207.86,339.934,0.996874,0.00305661,0.00599188
279.75,0,278.264,279.045,279.811,237.984,-5.94423,-4.22225,0,322.547,207.86,339.934,0.996874,0.00305226,0.0059907
280.25,0,278.256,279.038,279.804,237.984,-5.95488,-4.22915,0,322.443,207.845,339.934,0.996875,0.00305723,0.00599574
280.75,0,278.249,279.032,279.798,237.984,-5.95114,-4.2246,0,322.443,207.845,339.934,0.996875,0.00305393,0.00599238
281.25,0,278.244,279.025,279.791,237.984,-5.94601,-4.21909,0,322.443,207.845,339.934,0.996876,0.00304992,0.00599463
281.75,0,278.238,279.019,279.785,237.984,-5.94033,-4.21317,0,322.443,207.845,339.934,0.996876,0.00304563,0.00599366
282.25,0,278.23,279.012,279.778,237.983,-5.95089,-4.22,0,322.341,207.831,339.934,0.996877,0.00305055,0.0059984
282.75,0,278.224,279.006,279.772,237.983,-5.94719,-4.21551,0,322.341,207.831,339.934,0.996877,0.00304728,0.00599533
283.25,0,278.218,278.999,279.765,237.983,-5.94212,-4.21007,0,322.341,207.831,339.934,0.996878,0.00304333,0.00599737
283.75,0,278.212,278.993,279.759,237.983,-5.9365,-4.20423,0,322.341,207.831,339.934,0.996878,0.00303909,0.0059966
284.25,0,278.204,278.986,279.753,237.983,-5.94697,-4.21099,0,322.239,207.816,339.934,0.996879,0.00304396,0.00600106
284.75,0,278.198,278.98,279.746,237.982,-5.94331,-4.20656,0,322.239,207.816,339.934,0.996879,0.00304074,0.00599825
285.25,0,278.192,278.973,279.74,237.982,-5.93831,-4.20118,0,322.239,207.816,339.934,0.99688,0.00303684,0.0060001
285.75,0,278.187,278.967,279.733,237.982,-5.93275,-4.19542,0,322.239,207.816,339.934,0.99688,0.00303266,0.00599952
286.25,0,278.179,278.961,279.727,237.982,-5.94312,-4.20211,0,322.139,207.802,339.934,0.996881,0.00303747,0.00600371
286.75,0,278.173,278.954,279.721,237.982,-5.93951,-4.19774,0,322.139,207.802,339.934,0.996881,0.0030343,0.00600116
287.25,0,278.167,278.948,279.715,237.982,-5.93456,-4.19243,0,322.139,207.802,339.934,0.996881,0.00303044,0.00600282
287.75,0,278.162,278.942,279.708,237.981,-5.92907,-4.18674,0,322.139,207.802,339.934,0.996881,0.00302631,0.00600242
288.25,0,278.154,278.935,279.702,237.981,-5.93935,-4.19336,0,322.039,207.788,339.934,0.996882,0.00303108,0.00600635
288.75,0,278.148,278.929,279.696,237.981,-5.93578,-4.18905,0,322.039,207.788,339.934,0.996883,0.00302794,0.00600405
289.25,0,278.143,278.923,279.689,237.981,-5.93089,-4.18381,0,322.039,207.788,339.934,0.996883,0.00302414,0.00600553
289.75,0,278.137,278.916,279.683,237.981,-5.92545,-4.17819,0,322.039,207.788,339.934,0.996883,0.00302006,0.0060053
290.25,0,278.13,278.91,279.677,237.98,-5.93564,-4.18474,0,321.941,207.774,339.934,0.996884,0.00302478,0.00600899
290.75,0,278.124,278.904,279.671,237.98,-5.93212,-4.18048,0,321.941,207.774,339.934,0.996884,0.00302169,0.00600691
291.25,0,278.118,278.898,279.665,237.98,-5.92728,-4.17531,0,321.941,207.774,339.934,0.996885,0.00301793,0.00600823
291.75,0,278.112,278.892,279.659,237.98,-5.92191,-4.16976,0,321.941,207.774,339.934,0.996885,0.0030139,0.00600816
292.25,0,278.105,278.885,279.652,237.98,-5.93201,-4.17624,0,321.843,207.76,339.934,0.996886,0.00301857,0.00601161
292.75,0,278.099,278.879,279.646,237.98,-5.92853,-4.17204,0,321.843,207.76,339.934,0.996886,0.00301552,0.00600976
293.25,0,278.094,278.873,279.64,237.979,-5.92375,-4.16693,0,321.843,207.76,339.934,0.996887,0.00301181,0.00601091
293.75,0,278.088,278.867,279.634,237.979,-5.91843,-4.16145,0,321.843,207.76,339.934,0.996887,0.00300783,0.006011
294.25,0,278.081,278.861,279.628,237.979,-5.92845,-4.16787,0,321.746,207.746,339.934,0.996888,0.00301246,0.00601423
294.75,0,278.075,278.854,279.622,237.979,-5.92501,-4.16372,0,321.746,207.746,339.934,0.996888,0.00300944,0.00601258
295.25,0,278.069,278.848,279.616,237.979,-5.92028,-4.15867,0,321.746,207.746,339.934,0.996888,0.00300578,0.00601359
295.75,0,278.064,278.842,279.61,237.978,-5.91502,-4.15326,0,321.746,207.746,339.934,0.996889,0.00300184,0.00601382
296.25,0,278.057,278.836,279.604,237.978,-5.92495,-4.15962,0,321.65,207.733,339.934,0.996889,0.00300642,0.00601683
296.75,0,278.051,278.83,279.598,237.978,-5.92155,-4.15552,0,321.65,207.733,339.934,0.99689,0.00300345,0.00601538
297.25,0,278.046,278.824,279.592,237.978,-5.91687,-4.15053,0,321.65,207.733,339.934,0.99689,0.00299983,0.00601625
297.75,0,278.04,278.818,279.586,237.978,-5.91167,-4.14518,0,321.65,207.733,339.934,0.99689,0.00299594,0.00601661
298.25,0,278.033,278.812,279.58,237.978,-5.92152,-4.15148,0,321.555,207.719,339.934,0.996891,0.00300048,0.00601943
298.75,0,278.027,278.806,279.574,237.977,-5.91816,-4.14744,0,321.555,207.719,339.934,0.996891,0.00299754,0.00601817
299.25,0,278.022,278.8,279.568,237.977,-5.91353,-4.14251,0,321.555,207.719,339.934,0.996892,0.00299396,0.0060189
299.75,0,278.017,278.794,279.562,237.977,-5.90838,-4.13722,0,321.555,207.719,339.934,0.996892,0.00299013,0.00601938
300.25,0,278.01,278.788,279.556,237.977,-5.91815,-4.14346,0,321.461,207.706,339.934,0.996893,0.00299462,0.00602201
300.75,0,278.004,278.782,279.55,237.977,-5.91483,-4.13946,0,321.461,207.706,339.934,0.996893,0.00299171,0.00602093
301.25,0,277.999,278.776,279.544,237.976,-5.91025,-4.1346,0,321.461,207.706,339.934,0.996894,0.00298818,0.00602153
301.75,0,277.993,278.771,279.539,237.976,-5.90516,-4.12937,0,321.461,207.706,339.934,0.996894,0.00298439,0.00602214
302.25,0,277.986,278.764,279.533,237.976,-5.91485,-4.13555,0,321.368,207.693,339.934,0.996895,0.00298884,0.00602458
302.75,0,277.981,278.759,279.527,237.976,-5.91157,-4.1316,0,321.368,207.693,339.934,0.996895,0.00298597,0.00602366
303.25,0,277.975,278.753,279.521,237.976,-5.90703,-4.12679,0,321.368,207.693,339.934,0.996895,0.00298248,0.00602415
303.75,0,277.97,278.747,279.515,237.976,-5.902,-4.12163,0,321.368,207.693,339.934,0.996896,0.00297873,0.00602487
304.25,0,277.963,278.741,279.51,237.975,-5.91161,-4.12775,0,321.276,207.679,339.934,0.996896,0.00298314,0.00602714
304.75,0,277.958,278.735,279.504,237.975,-5.90836,-4.12385,0,321.276,207.679,339.934,0.996897,0.0029803,0.00602638
305.25,0,277.953,278.729,279.498,237.975,-5.90388,-4.11909,0,321.276,207.679,339.934,0.996897,0.00297685,0.00602676
305.75,0,277.947,278.724,279.492,237.975,-5.89889,-4.11399,0,321.276,207.679,339.934,0.996897,0.00297315,0.00602758
306.25,0,277.941,278.718,279.487,237.975,-5.90843,-4.12005,0,321.184,207.666,339.934,0.996898,0.00297751,0.00602968
306.75,0,277.935,278.712,279.481,237.975,-5.90521,-4.1162,0,321.184,207.666,339.934,0.996899,0.00297471,0.00602908
307.25,0,277.93,278.706,279.475,237.974,-5.90078,-4.1115,0,321.184,207.666,339.934,0.996899,0.0029713,0.00602935
307.75,0,277.925,278.701,279.469,237.974,-5.89584,-4.10645,0,321.184,207.666,339.934,0.996899,0.00296764,0.00603027
308.25,0,277.918,278.695,279.464,237.974,-5.9053,-4.11246,0,321.093,207.653,339.934,0.9969,0.00297197,0.00603222
308.75,0,277.912,278.689,279.458,237.974,-5.90213,-4.10865,0,321.093,207.653,339.934,0.9969,0.0029692,0.00603176
309.25,0,277.907,278.684,279.452,237.974,-5.89774,-4.10401,0,321.093,207.653,339.934,0.996901,0.00296583,0.00603193
309.75,0,277.902,278.678,279.447,237.973,-5.89285,-4.09902,0,321.093,207.653,339.934,0.996901,0.00296221,0.00603294
310.25,0,277.896,278.672,279.441,237.973,-5.90224,-4.10497,0,321.004,207.64,339.934,0.996902,0.0029665,0.00603474
310.75,0,277.89,278.666,279.435,237.973,-5.8991,-4.10121,0,321.004,207.64,339.934,0.996902,0.00296376,0.00603441
311.25,0,277.885,278.661,279.43,237.973,-5.89475,-4.09662,0,321.004,207.64,339.934,0.996903,0.00296043,0.00603449
311.75,0,277.88,278.655,279.424,237.973,-5.88992,-4.09169,0,321.004,207.64,339.934,0.996903,0.00295685,0.00603558
312.25,0,277.873,278.65,279.419,237.973,-5.89923,-4.09758,0,320.914,207.628,339.934,0.996904,0.0029611,0.00603724
312.75,0,277.868,278.644,279.413,237.972,-5.89612,-4.09387,0,320.914,207.628,339.934,0.996904,0.00295839,0.00603705
313.25,0,277.863,278.638,279.408,237.972,-5.89182,-4.08933,0,320.914,207.628,339.934,0.996904,0.0029551,0.00603703
313.75,0,277.858,278.633,279.402,237.972,-5.88703,-4.08445,0,320.914,207.628,339.934,0.996905,0.00295156,0.00603821
314.25,0,277.851,278.627,279.397,237.972,-5.89627,-4.09029,0,320.826,207.615,339.934,0.996905,0.00295577,0.00603974
314.75,0,277.846,278.622,279.391,237.972,-5.8932,-4.08662,0,320.826,207.615,339.934,0.996906,0.0029531,0.00603967
315.25,0,277.841,278.616,279.385,237.972,-5.88894,-4.08213,0,320.826,207.615,339.934,0.996906,0.00294984,0.00603957
315.75,0,277.836,278.611,279.38,237.971,-5.8842,-4.07731,0,320.826,207.615,339.934,0.996906,0.00294634,0.00604082
316.25,0,277.83,278.605,279.375,237.971,-5.89337,-4.0831,0,320.738,207.602,339.934,0.996907,0.00295051,0.00604222
316.75,0,277.824,278.6,279.369,237.971,-5.89033,-4.07947,0,320.738,207.602,339.934,0.996907,0.00294787,0.00604226
317.25,0,277.819,278.594,279.364,237.971,-5.88612,-4.07503,0,320.738,207.602,339.934,0.996908,0.00294465,0.00604209
317.75,0,277.814,278.589,279.358,237.971,-5.88143,-4.07026,0,320.738,207.602,339.934,0.996908,0.00294119,0.00604341
318.25,0,277.808,278.583,279.353,237.97,-5.89053,-4.076,0,320.651,207.59,339.934,0.996909,0.00294532,0.00604468
318.75,0,277.803,278.578,279.347,237.97,-5.88752,-4.07241,0,320.651,207.59,339.934,0.996909,0.00294271,0.00604484
319.25,0,277.798,278.572,279.342,237.97,-5.88335,-4.06802,0,320.651,207.59,339.934,0.99691,0.00293953,0.00604459
319.75,0,277.793,278.567,279.337,237.97,-5.8787,-4.0633,0,320.651,207.59,339.934,0.99691,0.0029361,0.00604599
320.25,0,277.787,278.561,279.331,237.97,-5.88773,-4.06899,0,320.565,207.578,339.934,0.996911,0.0029402,0.00604714
320.75,0,277.781,278.556,279.326,237.97,-5.88476,-4.06544,0,320.565,207.578,339.934,0.996911,0.00293762,0.0060474
321.25,0,277.776,278.551,279.32,237.969,-5.88063,-4.0611,0,320.565,207.578,339.934,0.996912,0.00293447,0.00604708
321.75,0,277.772,278.545,279.315,237.969,-5.87602,-4.05643,0,320.565,207.578,339.934,0.996912,0.00293108,0.00604854
322.25,0,277.765,278.54,279.31,237.969,-5.88499,-4.06207,0,320.48,207.565,339.934,0.996912,0.00293514,0.00604958
322.75,0,277.76,278.535,279.304,237.969,-5.88204,-4.05856,0,320.48,207.565,339.934,0.996913,0.00293259,0.00604994
323.25,0,277.755,278.529,279.299,237.969,-5.87795,-4.05426,0,320.48,207.565,339.934,0.996913,0.00292948,0.00604955
323.75,0,277.751,278.524,279.294,237.969,-5.8734,-4.04965,0,320.48,207.565,339.934,0.996914,0.00292613,0.00605107
324.25,0,277.744,278.519,279.288,237.968,-5.88229,-4.05524,0,320.395,207.553,339.934,0.996914,0.00293015,0.00605201
324.75,0,277.739,278.513,279.283,237.968,-5.87938,-4.05177,0,320.395,207.553,339.934,0.996915,0.00292763,0.00605247
325.25,0,277.734,278.508,279.278,237.968,-5.87533,-4.04752,0,320.395,207.553,339.934,0.996915,0.00292455,0.00605201
325.75,0,277.73,278.503,279.273,237.968,-5.87082,-4.04295,0,320.395,207.553,339.934,0.996915,0.00292123,0.00605359
326.25,0,277.723,278.497,279.267,237.968,-5.87965,-4.04849,0,320.311,207.541,339.934,0.996916,0.00292522,0.00605442
326.75,0,277.718,278.492,279.262,237.968,-5.87676,-4.04506,0,320.311,207.541,339.934,0.996916,0.00292273,0.00605497
327.25,0,277.714,278.487,279.257,237.967,-5.87275,-4.04086,0,320.311,207.541,339.934,0.996917,0.00291968,0.00605446
327.75,0,277.709,278.482,279.252,237.967,-5.86828,-4.03634,0,320.311,207.541,339.934,0.996917,0.0029164,0.00605609
328.25,0,277.703,278.476,279.247,237.967,-5.87705,-4.04183,0,320.228,207.529,339.934,0.996918,0.00292036,0.00605682
328.75,0,277.698,278.471,279.241,237.967,-5.8742,-4.03844,0,320.228,207.529,339.934,0.996918,0.00291789,0.00605746
329.25,0,277.693,278.466,279.236,237.967,-5.87022,-4.03428,0,320.228,207.529,339.934,0.996919,0.00291487,0.00605689
329.75,0,277.689,278.461,279.231,237.966,-5.86579,-4.0298,0,320.228,207.529,339.934,0.996919,0.00291163,0.00605857
330.25,0,277.682,278.456,279.226,237.966,-5.8745,-4.03525,0,320.145,207.517,339.934,0.99692,0.00291555,0.00605921
330.75,0,277.677,278.45,279.221,237.966,-5.87167,-4.0319,0,320.145,207.517,339.934,0.99692,0.00291311,0.00605993
331.25,0,277.673,278.445,279.216,237.966,-5.86774,-4.02778,0,320.145,207.517,339.934,0.99692,0.00291012,0.00605931
331.75,0,277.668,278.44,279.211,237.966,-5.86335,-4.02335,0,320.145,207.517,339.934,0.996921,0.00290691,0.00606103
332.25,0,277.662,278.435,279.205,237.966,-5.87199,-4.02876,0,320.063,207.505,339.934,0.996921,0.0029108,0.00606159
332.75,0,277.657,278.43,279.2,237.965,-5.8692,-4.02544,0,320.063,207.505,339.934,0.996922,0.00290839,0.00606238
333.25,0,277.652,278.425,279.195,237.965,-5.8653,-4.02136,0,320.063,207.505,339.934,0.996922,0.00290543,0.00606172
333.75,0,277.648,278.42,279.19,237.965,-5.86095,-4.01698,0,320.063,207.505,339.934,0.996922,0.00290225,0.00606348
334.25,0,277.642,278.415,279.185,237.965,-5.86953,-4.02234,0,319.982,207.494,339.934,0.996923,0.00290611,0.00606395
334.75,0,277.637,278.41,279.18,237.965,-5.86677,-4.01905,0,319.982,207.494,339.934,0.996924,0.00290372,0.00606482
335.25,0,277.632,278.405,279.175,237.965,-5.86291,-4.01502,0,319.982,207.494,339.934,0.996924,0.0029008,0.00606411
335.75,0,277.628,278.4,279.17,237.964,-5.8586,-4.01069,0,319.982,207.494,339.934,0.996924,0.00289765,0.00606591
336.25,0,277.622,278.394,279.165,237.964,-5.86712,-4.016,0,319.901,207.482,339.934,0.996925,0.00290148,0.0060663
336.75,0,277.617,278.389,279.16,237.964,-5.86438,-4.01275,0,319.901,207.482,339.934,0.996925,0.00289912,0.00606724
337.25,0,277.613,278.384,279.155,237.964,-5.86055,-4.00876,0,319.901,207.482,339.934,0.996926,0.00289622,0.00606649
337.75,0,277.608,278.379,279.15,237.964,-5.85628,-4.00447,0,319.901,207.482,339.934,0.996926,0.00289311,0.00606832
338.25,0,277.602,278.374,279.145,237.964,-5.86474,-4.00974,0,319.821,207.47,339.934,0.996927,0.0028969,0.00606864
338.75,0,277.597,278.369,279.14,237.963,-5.86203,-4.00652,0,319.821,207.47,339.934,0.996927,0.00289457,0.00606964
339.25,0,277.593,278.364,279.135,237.963,-5.85824,-4.00257,0,319.821,207.47,339.934,0.996928,0.0028917,0.00606885
339.75,0,277.588,278.359,279.13,237.963,-5.85401,-3.99833,0,319.821,207.47,339.934,0.996928,0.00288862,0.00607072
340.25,0,277.582,278.354,279.125,237.963,-5.86241,-4.00355,0,319.742,207.459,339.934,0.996929,0.00289238,0.00607097
340.75,0,277.578,278.349,279.12,237.963,-5.85973,-4.00037,0,319.742,207.459,339.934,0.996929,0.00289007,0.00607203
341.25,0,277.573,278.345,279.115,237.963,-5.85597,-3.99646,0,319.742,207.459,339.934,0.996929,0.00288723,0.0060712
341.75,0,277.569,278.34,279.11,237.962,-5.85178,-3.99226,0,319.742,207.459,339.934,0.99693,0.00288418,0.0060731
342.25,0,277.563,278.335,279.105,237.962,-5.86012,-3.99744,0,319.663,207.448,339.934,0.99693,0.00288792,0.00607329
342.75,0,277.558,278.33,279.101,237.962,-5.85746,-3.99429,0,319.663,207.448,339.934,0.996931,0.00288562,0.0060744
343.25,0,277.554,278.325,279.096,237.962,-5.85374,-3.99042,0,319.663,207.448,339.934,0.996931,0.00288282,0.00607354
343.75,0,277.549,278.32,279.091,237.962,-5.84959,-3.98626,0,319.663,207.448,339.934,0.996931,0.0028798,0.00607547
344.25,0,277.544,278.315,279.086,237.962,-5.85788,-3.9914,0,319.584,207.436,339.934,0.996932,0.0028835,0.00607559
344.75,0,277.539,278.31,279.081,237.961,-5.85524,-3.98828,0,319.584,207.436,339.934,0.996933,0.00288123,0.00607676
345.25,0,277.535,278.305,279.076,237.961,-5.85156,-3.98445,0,319.584,207.436,339.934,0.996933,0.00287845,0.00607587
345.75,0,277.53,278.301,279.071,237.961,-5.84744,-3.98033,0,319.584,207.436,339.934,0.996933,0.00287546,0.00607782
346.25,0,277.524,278.296,279.067,237.961,-5.85567,-3.98543,0,319.507,207.425,339.934,0.996934,0.00287914,0.00607788
346.75,0,277.52,278.291,279.062,237.961,-5.85306,-3.98234,0,319.507,207.425,339.934,0.996934,0.00287689,0.0060791
347.25,0,277.515,278.286,279.057,237.961,-5.84941,-3.97855,0,319.507,207.425,339.934,0.996935,0.00287414,0.00607819
347.75,0,277.511,278.281,279.052,237.96,-5.84532,-3.97447,0,319.507,207.425,339.934,0.996935,0.00287118,0.00608016
348.25,0,277.505,278.276,279.047,237.96,-5.8535,-3.97953,0,319.43,207.414,339.934,0.996936,0.00287482,0.00608017
348.75,0,277.501,278.271,279.043,237.96,-5.85091,-3.97647,0,319.43,207.414,339.934,0.996936,0.0028726,0.00608143
349.25,0,277.496,278.267,279.038,237.96,-5.84729,-3.97272,0,319.43,207.414,339.934,0.996937,0.00286988,0.00608049
349.75,0,277.492,278.262,279.033,237.96,-5.84325,-3.96867,0,319.43,207.414,339.934,0.996937,0.00286695,0.00608248
350.25,0,277.487,278.257,279.028,237.96,-5.85137,-3.9737,0,319.353,207.403,339.934,0.996938,0.00287056,0.00608244
350.75,0,277.482,278.252,279.024,237.959,-5.84881,-3.97067,0,319.353,207.403,339.934,0.996938,0.00286836,0.00608374
351.25,0,277.478,278.248,279.019,237.959,-5.84522,-3.96695,0,319.353,207.403,339.934,0.996938,0.00286567,0.00608278
351.75,0,277.474,278.243,279.014,237.959,-5.84121,-3.96295,0,319.353,207.403,339.934,0.996939,0.00286276,0.00608479
352.25,0,277.468,278.238,279.009,237.959,-5.84927,-3.96793,0,319.277,207.392,339.934,0.996939,0.00286635,0.00608469
352.75,0,277.463,278.233,279.005,237.959,-5.84674,-3.96494,0,319.277,207.392,339.934,0.99694,0.00286417,0.00608604
353.25,0,277.459,278.229,279,237.959,-5.84318,-3.96125,0,319.277,207.392,339.934,0.99694,0.0028615,0.00608506
353.75,0,277.455,278.224,278.995,237.959,-5.83921,-3.95729,0,319.277,207.392,339.934,0.99694,0.00285862,0.00608708
354.25,0,277.449,278.219,278.991,237.958,-5.84721,-3.96223,0,319.202,207.381,339.934,0.996941,0.00286218,0.00608694
354.75,0,277.445,278.215,278.986,237.958,-5.8447,-3.95927,0,319.202,207.381,339.934,0.996941,0.00286003,0.00608833
355.25,0,277.441,278.21,278.981,237.958,-5.84118,-3.95562,0,319.202,207.381,339.934,0.996942,0.00285738,0.00608732
355.75,0,277.436,278.206,278.977,237.958,-5.83724,-3.95169,0,319.202,207.381,339.934,0.996942,0.00285453,0.00608936
356.25,0,277.431,278.201,278.972,237.958,-5.84519,-3.9566,0,319.127,207.37,339.934,0.996943,0.00285806,0.00608918
356.75,0,277.426,278.196,278.967,237.958,-5.84271,-3.95366,0,319.127,207.37,339.934,0.996943,0.00285593,0.0060906
357.25,0,277.422,278.191,278.963,237.957,-5.83921,-3.95005,0,319.127,207.37,339.934,0.996944,0.00285331,0.00608958
357.75,0,277.418,278.187,278.958,237.957,-5.8353,-3.94616,0,319.127,207.37,339.934,0.996944,0.00285049,0.00609163
358.25,0,277.413,278.182,278.954,237.957,-5.84321,-3.95102,0,319.053,207.359,339.934,0.996945,0.00285399,0.0060914
358.75,0,277.408,278.178,278.949,237.957,-5.84074,-3.94812,0,319.053,207.359,339.934,0.996945,0.00285188,0.00609286
359.25,0,277.404,278.173,278.944,237.957,-5.83728,-3.94454,0,319.053,207.359,339.934,0.996945,0.00284928,0.00609182
359.75,0,277.4,278.169,278.94,237.957,-5.83341,-3.94068,0,319.053,207.359,339.934,0.996946,0.00284649,0.00609388
360.25,0,277.394,278.164,278.935,237.956,-5.84126,-3.94551,0,318.98,207.348,339.934,0.996946,0.00284997,0.00609362
360.75,0,277.39,278.159,278.931,237.956,-5.83881,-3.94264,0,318.98,207.348,339.934,0.996947,0.00284787,0.0060951
361.25,0,277.386,278.155,278.926,237.956,-5.83538,-3.93909,0,318.98,207.348,339.934,0.996947,0.0028453,0.00609405
361.75,0,277.382,278.15,278.922,237.956,-5.83154,-3.93527,0,318.98,207.348,339.934,0.996948,0.00284253,0.00609612
362.25,0,277.376,278.146,278.917,237.956,-5.83934,-3.94007,0,318.906,207.338,339.934,0.996948,0.00284598,0.00609582
362.75,0,277.372,278.141,278.912,237.956,-5.83692,-3.93722,0,318.906,207.338,339.934,0.996949,0.00284391,0.00609734
363.25,0,277.368,278.136,278.908,237.955,-5.83352,-3.9337,0,318.906,207.338,339.934,0.996949,0.00284136,0.00609627
363.75,0,277.364,278.132,278.903,237.955,-5.82971,-3.92992,0,318.906,207.338,339.934,0.996949,0.00283862,0.00609835
364.25,0,277.358,278.127,278.899,237.955,-5.83746,-3.93468,0,318.834,207.327,339.934,0.99695,0.00284205,0.00609802
364.75,0,277.354,278.123,278.894,237.955,-5.83506,-3.93185,0,318.834,207.327,339.934,0.99695,0.00283999,0.00609956
365.25,0,277.35,278.118,278.89,237.955,-5.83168,-3.92838,0,318.834,207.327,339.934,0.996951,0.00283747,0.00609849
365.75,0,277.346,278.114,278.886,237.955,-5.82791,-3.92463,0,318.834,207.327,339.934,0.996951,0.00283475,0.00610057
366.25,0,277.341,278.109,278.881,237.954,-5.8356,-3.92935,0,318.762,207.317,339.934,0.996952,0.00283815,0.0061002
366.75,0,277.336,278.105,278.877,237.954,-5.83323,-3.92655,0,318.762,207.317,339.934,0.996952,0.00283612,0.00610176
367.25,0,277.332,278.101,278.872,237.954,-5.82988,-3.92311,0,318.762,207.317,339.934,0.996953,0.00283362,0.00610068
367.75,0,277.328,278.096,278.868,237.954,-5.82614,-3.91939,0,318.762,207.317,339.934,0.996953,0.00283092,0.00610277
368.25,0,277.323,278.092,278.863,237.954,-5.83379,-3.92408,0,318.69,207.306,339.934,0.996954,0.0028343,0.00610237
368.75,0,277.319,278.087,278.859,237.954,-5.83143,-3.92131,0,318.69,207.306,339.934,0.996954,0.00283229,0.00610396
369.25,0,277.315,278.083,278.854,237.954,-5.82811,-3.91789,0,318.69,207.306,339.934,0.996954,0.00282981,0.00610287
369.75,0,277.311,278.078,278.85,237.953,-5.8244,-3.91421,0,318.69,207.306,339.934,0.996955,0.00282714,0.00610496
370.25,0,277.306,278.074,278.846,237.953,-5.832,-3.91886,0,318.619,207.296,339.934,0.996955,0.00283049,0.00610454
370.75,0,277.301,278.069,278.841,237.953,-5.82967,-3.91612,0,318.619,207.296,339.934,0.996956,0.00282849,0.00610614
371.25,0,277.297,278.065,278.837,237.953,-5.82637,-3.91273,0,318.619,207.296,339.934,0.996956,0.00282604,0.00610505
371.75,0,277.293,278.061,278.832,237.953,-5.82269,-3.90909,0,318.619,207.296,339.934,0.996956,0.00282339,0.00610714
372.25,0,277.288,278.056,278.828,237.953,-5.83024,-3.9137,0,318.548,207.286,339.934,0.996957,0.00282672,0.00610669
372.75,0,277.284,278.052,278.824,237.952,-5.82793,-3.91099,0,318.548,207.286,339.934,0.996957,0.00282474,0.00610831
373.25,0,277.28,278.048,278.819,237.952,-5.82467,-3.90763,0,318.548,207.286,339.934,0.996958,0.00282231,0.00610722
373.75,0,277.276,278.043,278.815,237.952,-5.82101,-3.90402,0,318.548,207.286,339.934,0.996958,0.00281969,0.00610931
374.25,0,277.271,278.039,278.811,237.952,-5.82852,-3.9086,0,318.478,207.275,339.934,0.996959,0.00282299,0.00610884
374.75,0,277.267,278.035,278.806,237.952,-5.82622,-3.90591,0,318.478,207.275,339.934,0.996959,0.00282103,0.00611048
375.25,0,277.263,278.03,278.802,237.952,-5.82299,-3.90258,0,318.478,207.275,339.934,0.99696,0.00281862,0.00610938
375.75,0,277.259,278.026,278.798,237.951,-5.81936,-3.899,0,318.478,207.275,339.934,0.99696,0.00281602,0.00611147
376.25,0,277.254,278.022,278.793,237.951,-5.82682,-3.90355,0,318.409,207.265,339.934,0.996961,0.0028193,0.00611097
376.75,0,277.25,278.017,278.789,237.951,-5.82455,-3.90088,0,318.409,207.265,339.934,0.996961,0.00281736,0.00611262
377.25,0,277.246,278.013,278.785,237.951,-5.82134,-3.89759,0,318.409,207.265,339.934,0.996961,0.00281497,0.00611153
377.75,0,277.242,278.009,278.781,237.951,-5.81774,-3.89404,0,318.409,207.265,339.934,0.996962,0.00281239,0.00611361
378.25,0,277.237,278.004,278.776,237.951,-5.82515,-3.89855,0,318.34,207.255,339.934,0.996962,0.00281564,0.0061131
378.75,0,277.233,278,278.772,237.951,-5.8229,-3.89591,0,318.34,207.255,339.934,0.996963,0.00281372,0.00611476
379.25,0,277.229,277.996,278.768,237.95,-5.81972,-3.89265,0,318.34,207.255,339.934,0.996963,0.00281135,0.00611367
379.75,0,277.225,277.992,278.764,237.95,-5.81615,-3.88913,0,318.34,207.255,339.934,0.996963,0.0028088,0.00611575
380.25,0,277.22,277.987,278.759,237.95,-5.82351,-3.89361,0,318.271,207.245,339.934,0.996964,0.00281203,0.00611521
380.75,0,277.216,277.983,278.755,237.95,-5.82128,-3.89099,0,318.271,207.245,339.934,0.996965,0.00281013,0.00611689
381.25,0,277.212,277.979,278.751,237.95,-5.81812,-3.88775,0,318.271,207.245,339.934,0.996965,0.00280778,0.0061158
381.75,0,277.208,277.975,278.747,237.95,-5.81458,-3.88427,0,318.271,207.245,339.934,0.996965,0.00280525,0.00611787
382.25,0,277.203,277.97,278.742,237.949,-5.8219,-3.88872,0,318.203,207.235,339.934,0.996966,0.00280845,0.00611732
382.75,0,277.199,277.966,278.738,237.949,-5.81969,-3.88612,0,318.203,207.235,339.934,0.996966,0.00280657,0.00611901
383.25,0,277.195,277.962,278.734,237.949,-5.81656,-3.88291,0,318.203,207.235,339.934,0.996967,0.00280424,0.00611792
383.75,0,277.192,277.958,278.73,237.949,-5.81305,-3.87945,0,318.203,207.235,339.934,0.996967,0.00280173,0.00611998
384.25,0,277.187,277.954,278.726,237.949,-5.82032,-3.88387,0,318.135,207.225,339.934,0.996968,0.00280491,0.00611942
384.75,0,277.183,277.949,278.721,237.949,-5.81813,-3.8813,0,318.135,207.225,339.934,0.996968,0.00280304,0.00612111
385.25,0,277.179,277.945,278.717,237.949,-5.81502,-3.87812,0,318.135,207.225,339.934,0.996968,0.00280074,0.00612003
385.75,0,277.175,277.941,278.713,237.948,-5.81153,-3.87469,0,318.135,207.225,339.934,0.996969,0.00279825,0.00612209
386.25,0,277.17,277.937,278.709,237.948,-5.81876,-3.87908,0,318.068,207.215,339.934,0.996969,0.00280141,0.00612151
386.75,0,277.166,277.933,278.705,237.948,-5.81659,-3.87653,0,318.068,207.215,339.934,0.99697,0.00279956,0.00612321
387.25,0,277.162,277.929,278.701,237.948,-5.81351,-3.87338,0,318.068,207.215,339.934,0.99697,0.00279727,0.00612213
387.75,0,277.159,277.925,278.697,237.948,-5.81005,-3.86998,0,318.068,207.215,339.934,0.99697,0.00279481,0.00612418
388.25,0,277.154,277.92,278.692,237.948,-5.81724,-3.87434,0,318.001,207.206,339.934,0.996971,0.00279794,0.00612359
388.75,0,277.15,277.916,278.688,237.947,-5.81508,-3.87181,0,318.001,207.206,339.934,0.996972,0.00279611,0.0061253
389.25,0,277.146,277.912,278.684,237.947,-5.81202,-3.86869,0,318.001,207.206,339.934,0.996972,0.00279384,0.00612422
389.75,0,277.142,277.908,278.68,237.947,-5.80859,-3.86531,0,318.001,207.206,339.934,0.996972,0.0027914,0.00612626
390.25,0,277.137,277.904,278.676,237.947,-5.81573,-3.86964,0,317.935,207.196,339.934,0.996973,0.00279451,0.00612567
390.75,0,277.133,277.9,278.672,237.947,-5.81359,-3.86714,0,317.935,207.196,339.934,0.996973,0.00279269,0.00612737
391.25,0,277.13,277.896,278.668,237.947,-5.81056,-3.86404,0,317.935,207.196,339.934,0.996974,0.00279044,0.0061263
391.75,0,277.126,277.892,278.664,237.947,-5.80715,-3.8607,0,317.935,207.196,339.934,0.996974,0.00278802,0.00612833
392.25,0,277.121,277.887,278.66,237.946,-5.81425,-3.86499,0,317.869,207.186,339.934,0.996975,0.00279111,0.00612773
392.75,0,277.117,277.883,278.656,237.946,-5.81213,-3.86251,0,317.869,207.186,339.934,0.996975,0.00278931,0.00612944
393.25,0,277.114,277.879,278.652,237.946,-5.80912,-3.85944,0,317.869,207.186,339.934,0.996975,0.00278708,0.00612838
393.75,0,277.11,277.875,278.647,237.946,-5.80574,-3.85612,0,317.869,207.186,339.934,0.996976,0.00278468,0.0061304
394.25,0,277.105,277.871,278.643,237.946,-5.8128,-3.86039,0,317.803,207.176,339.934,0.996976,0.00278775,0.00612979
394.75,0,277.101,277.867,278.639,237.946,-5.8107,-3.85793,0,317.803,207.176,339.934,0.996977,0.00278596,0.0061315
395.25,0,277.098,277.863,278.635,237.946,-5.80771,-3.85488,0,317.803,207.176,339.934,0.996977,0.00278375,0.00613044
395.75,0,277.094,277.859,278.631,237.945,-5.80436,-3.8516,0,317.803,207.176,339.934,0.996977,0.00278137,0.00613245
396.25,0,277.089,277.855,278.627,237.945,-5.81137,-3.85583,0,317.738,207.167,339.934,0.996978,0.00278442,0.00613183
396.75,0,277.085,277.851,278.623,237.945,-5.80929,-3.85339,0,317.738,207.167,339.934,0.996979,0.00278264,0.00613354
397.25,0,277.082,277.847,278.619,237.945,-5.80632,-3.85037,0,317.738,207.167,339.934,0.996979,0.00278045,0.0061325
397.75,0,277.078,277.843,278.615,237.945,-5.80299,-3.84711,0,317.738,207.167,339.934,0.996979,0.00277809,0.0061345
398.25,0,277.073,277.839,278.611,237.945,-5.80997,-3.85132,0,317.674,207.157,339.934,0.99698,0.00278112,0.00613387
398.75,0,277.07,277.835,278.607,237.944,-5.8079,-3.8489,0,317.674,207.157,339.934,0.99698,0.00277936,0.00613558
399.25,0,277.066,277.831,278.603,237.944,-5.80496,-3.84591,0,317.674,207.157,339.934,0.996981,0.00277719,0.00613455
399.75,0,277.062,277.827,278.599,237.944,-5.80166,-3.84267,0,317.674,207.157,339.934,0.996981,0.00277484,0.00613653
400.25,0,277.058,277.823,278.595,237.944,-5.80859,-3.84685,0,317.61,207.148,339.934,0.996982,0.00277785,0.0061359
400.75,0,277.054,277.819,278.592,237.944,-5.80654,-3.84445,0,317.61,207.148,339.934,0.996982,0.00277611,0.00613761
401.25,0,277.05,277.815,278.588,237.944,-5.80362,-3.84148,0,317.61,207.148,339.934,0.996982,0.00277396,0.00613659
401.75,0,277.047,277.811,278.584,237.944,-5.80034,-3.83828,0,317.61,207.148,339.934,0.996983,0.00277163,0.00613856
402.25,0,277.042,277.807,278.58,237.943,-5.80723,-3.84243,0,317.546,207.139,339.934,0.996983,0.00277462,0.00613793
402.75,0,277.038,277.803,278.576,237.943,-5.8052,-3.84005,0,317.546,207.139,339.934,0.996984,0.00277289,0.00613963
403.25,0,277.035,277.799,278.572,237.943,-5.8023,-3.8371,0,317.546,207.139,339.934,0.996984,0.00277075,0.00613862
403.75,0,277.031,277.796,278.568,237.943,-5.79905,-3.83392,0,317.546,207.139,339.934,0.996984,0.00276845,0.00614057
404.25,0,277.026,277.792,278.564,237.943,-5.8059,-3.83805,0,317.482,207.129,339.934,0.996985,0.00277141,0.00613994
404.75,0,277.023,277.788,278.56,237.943,-5.80388,-3.83569,0,317.482,207.129,339.934,0.996986,0.0027697,0.00614164
405.25,0,277.019,277.784,278.556,237.943,-5.801,-3.83277,0,317.482,207.129,339.934,0.996986,0.00276758,0.00614065
405.75,0,277.016,277.78,278.552,237.942,-5.79777,-3.82961,0,317.482,207.129,339.934,0.996986,0.0027653,0.00614258
406.25,0,277.011,277.776,278.548,237.942,-5.80459,-3.83371,0,317.419,207.12,339.934,0.996987,0.00276824,0.00614195
406.75,0,277.007,277.772,278.545,237.942,-5.80258,-3.83137,0,317.419,207.12,339.934,0.996987,0.00276654,0.00614364
407.25,0,277.004,277.768,278.541,237.942,-5.79973,-3.82847,0,317.419,207.12,339.934,0.996988,0.00276444,0.00614266
407.75,0,277,277.764,278.537,237.942,-5.79652,-3.82534,0,317.419,207.12,339.934,0.996988,0.00276217,0.00614458
408.25,0,276.996,277.76,278.533,237.942,-5.8033,-3.82941,0,317.357,207.111,339.934,0.996989,0.0027651,0.00614395
408.75,0,276.992,277.757,278.529,237.942,-5.80131,-3.82709,0,317.357,207.111,339.934,0.996989,0.00276342,0.00614564
409.25,0,276.988,277.753,278.525,237.941,-5.79848,-3.82422,0,317.357,207.111,339.934,0.996989,0.00276133,0.00614467
409.75,0,276.985,277.749,278.521,237.941,-5.79529,-3.82111,0,317.357,207.111,339.934,0.99699,0.00275908,0.00614657
410.25,0,276.98,277.745,278.518,237.941,-5.80203,-3.82515,0,317.295,207.102,339.934,0.99699,0.00276199,0.00614595
410.75,0,276.977,277.741,278.514,237.941,-5.80006,-3.82285,0,317.295,207.102,339.934,0.996991,0.00276032,0.00614762
411.25,0,276.973,277.737,278.51,237.941,-5.79725,-3.82,0,317.295,207.102,339.934,0.996991,0.00275825,0.00614667
411.75,0,276.97,277.734,278.506,237.941,-5.79409,-3.81692,0,317.295,207.102,339.934,0.996991,0.00275602,0.00614856
412.25,0,276.965,277.73,278.502,237.94,-5.80078,-3.82093,0,317.233,207.092,339.934,0.996992,0.00275891,0.00614793
412.75,0,276.962,277.726,278.499,237.94,-5.79883,-3.81865,0,317.233,207.092,339.934,0.996992,0.00275725,0.0061496
413.25,0,276.958,277.722,278.495,237.94,-5.79604,-3.81583,0,317.233,207.092,339.934,0.996993,0.0027552,0.00614866
413.75,0,276.955,277.719,278.491,237.94,-5.7929,-3.81277,0,317.233,207.092,339.934,0.996993,0.00275298,0.00615053
414.25,0,276.95,277.715,278.487,237.94,-5.79956,-3.81676,0,317.172,207.083,339.934,0.996994,0.00275585,0.00614991
414.75,0,276.947,277.711,278.483,237.94,-5.79762,-3.8145,0,317.172,207.083,339.934,0.996994,0.00275421,0.00615157
415.25,0,276.943,277.707,278.48,237.94,-5.79485,-3.81169,0,317.172,207.083,339.934,0.996995,0.00275217,0.00615065
415.75,0,276.94,277.703,278.476,237.939,-5.79173,-3.80866,0,317.172,207.083,339.934,0.996995,0.00274998,0.0061525
416.25,0,276.935,277.7,278.472,237.939,-5.79835,-3.81262,0,317.111,207.074,339.934,0.996995,0.00275283,0.00615188
416.75,0,276.932,277.696,278.468,237.939,-5.79643,-3.81038,0,317.111,207.074,339.934,0.996996,0.0027512,0.00615353
417.25,0,276.928,277.692,278.465,237.939,-5.79368,-3.80759,0,317.111,207.074,339.934,0.996996,0.00274918,0.00615263
417.75,0,276.925,277.688,278.461,237.939,-5.79058,-3.80459,0,317.111,207.074,339.934,0.996997,0.002747,0.00615446
418.25,0,276.92,277.685,278.457,237.939,-5.79716,-3.80852,0,317.05,207.065,339.934,0.996997,0.00274983,0.00615385
418.75,0,276.917,277.681,278.453,237.939,-5.79526,-3.80629,0,317.05,207.065,339.934,0.996998,0.00274821,0.00615549
419.25,0,276.913,277.677,278.45,237.938,-5.79253,-3.80353,0,317.05,207.065,339.934,0.996998,0.00274621,0.0061546
419.75,0,276.91,277.673,278.446,237.938,-5.78946,-3.80055,0,317.05,207.065,339.934,0.996998,0.00274405,0.00615641
420.25,0,276.906,277.67,278.442,237.938,-5.796,-3.80446,0,316.99,207.056,339.934,0.996999,0.00274686,0.0061558
420.75,0,276.902,277.666,278.439,237.938,-5.7941,-3.80225,0,316.99,207.056,339.934,0.996999,0.00274526,0.00615743
421.25,0,276.899,277.662,278.435,237.938,-5.79139,-3.79951,0,316.99,207.056,339.934,0.997,0.00274327,0.00615656
421.75,0,276.895,277.659,278.431,237.938,-5.78835,-3.79655,0,316.99,207.056,339.934,0.997,0.00274112,0.00615835
422.25,0,276.891,277.655,278.428,237.938,-5.79485,-3.80043,0,316.93,207.048,339.934,0.997001,0.00274392,0.00615776
422.75,0,276.887,277.651,278.424,237.937,-5.79297,-3.79824,0,316.93,207.048,339.934,0.997001,0.00274233,0.00615937
423.25,0,276.884,277.647,278.42,237.937,-5.79028,-3.79552,0,316.93,207.048,339.934,0.997001,0.00274036,0.00615852
423.75,0,276.881,277.644,278.417,237.937,-5.78725,-3.79259,0,316.93,207.048,339.934,0.997002,0.00273823,0.00616029
424.25,0,276.876,277.64,278.413,237.937,-5.79373,-3.79644,0,316.87,207.039,339.934,0.997002,0.002741,0.0061597
424.75,0,276.873,277.636,278.409,237.937,-5.79186,-3.79427,0,316.87,207.039,339.934,0.997003,0.00273942,0.0061613
425.25,0,276.87,277.633,278.406,237.937,-5.78919,-3.79157,0,316.87,207.039,339.934,0.997003,0.00273747,0.00616046
425.75,0,276.866,277.629,278.402,237.937,-5.78618,-3.78866,0,316.87,207.039,339.934,0.997003,0.00273536,0.00616221
426.25,0,276.862,277.625,278.398,237.936,-5.79262,-3.79249,0,316.811,207.03,339.934,0.997004,0.00273811,0.00616164
426.75,0,276.858,277.622,278.395,237.936,-5.79077,-3.79034,0,316.811,207.03,339.934,0.997004,0.00273655,0.00616322
427.25,0,276.855,277.618,278.391,237.936,-5.78811,-3.78766,0,316.811,207.03,339.934,0.997005,0.00273461,0.00616241
427.75,0,276.852,277.615,278.387,237.936,-5.78513,-3.78477,0,316.811,207.03,339.934,0.997005,0.00273251,0.00616414
428.25,0,276.848,277.611,278.384,237.936,-5.79153,-3.78857,0,316.752,207.021,339.934,0.997006,0.00273525,0.00616357
428.75,0,276.844,277.607,278.38,237.936,-5.78969,-3.78644,0,316.752,207.021,339.934,0.997006,0.0027337,0.00616514
429.25,0,276.841,277.604,278.377,237.936,-5.78706,-3.78378,0,316.752,207.021,339.934,0.997006,0.00273177,0.00616434
429.75,0,276.838,277.6,278.373,237.935,-5.78409,-3.78091,0,316.752,207.021,339.934,0.997007,0.00272969,0.00616605
430.25,0,276.833,277.596,278.369,237.935,-5.79045,-3.78469,0,316.694,207.013,339.934,0.997007,0.00273241,0.00616549
430.75,0,276.83,277.593,278.366,237.935,-5.78863,-3.78257,0,316.694,207.013,339.934,0.997008,0.00273087,0.00616705
431.25,0,276.826,277.589,278.362,237.935,-5.78602,-3.77994,0,316.694,207.013,339.934,0.997008,0.00272896,0.00616627
431.75,0,276.823,277.586,278.359,237.935,-5.78307,-3.77709,0,316.694,207.013,339.934,0.997008,0.00272689,0.00616796
432.25,0,276.819,277.582,278.355,237.935,-5.7894,-3.78084,0,316.636,207.004,339.934,0.997009,0.0027296,0.00616741
432.75,0,276.816,277.579,278.351,237.935,-5.78759,-3.77874,0,316.636,207.004,339.934,0.997009,0.00272807,0.00616895
433.25,0,276.812,277.575,278.348,237.934,-5.78499,-3.77613,0,316.636,207.004,339.934,0.99701,0.00272617,0.00616819
433.75,0,276.809,277.572,278.344,237.934,-5.78207,-3.7733,0,316.636,207.004,339.934,0.99701,0.00272412,0.00616986
434.25,0,276.805,277.568,278.341,237.934,-5.78836,-3.77703,0,316.578,206.995,339.934,0.997011,0.00272681,0.00616932
434.75,0,276.801,277.564,278.337,237.934,-5.78657,-3.77494,0,316.578,206.995,339.934,0.997011,0.00272529,0.00617085
435.25,0,276.798,277.561,278.334,237.934,-5.78399,-3.77235,0,316.578,206.995,339.934,0.997012,0.00272341,0.00617011
435.75,0,276.795,277.557,278.33,237.934,-5.78108,-3.76954,0,316.578,206.995,339.934,0.997012,0.00272138,0.00617175
436.25,0,276.791,277.554,278.327,237.934,-5.78734,-3.77325,0,316.521,206.987,339.934,0.997012,0.00272405,0.00617122
436.75,0,276.787,277.55,278.323,237.934,-5.78556,-3.77118,0,316.521,206.987,339.934,0.997013,0.00272254,0.00617274
437.25,0,276.784,277.547,278.32,237.933,-5.783,-3.7686,0,316.521,206.987,339.934,0.997013,0.00272067,0.00617202
437.75,0,276.781,277.543,278.316,237.933,-5.78011,-3.76582,0,316.521,206.987,339.934,0.997013,0.00271865,0.00617363
438.25,0,276.777,277.54,278.313,237.933,-5.78634,-3.7695,0,316.464,206.978,339.934,0.997014,0.00272131,0.00617312
438.75,0,276.773,277.536,278.309,237.933,-5.78457,-3.76745,0,316.464,206.978,339.934,0.997015,0.00271981,0.00617462
439.25,0,276.77,277.533,278.306,237.933,-5.78203,-3.76489,0,316.464,206.978,339.934,0.997015,0.00271796,0.00617392
439.75,0,276.767,277.529,278.302,237.933,-5.77916,-3.76213,0,316.464,206.978,339.934,0.997015,0.00271596,0.00617551
440.25,0,276.763,277.526,278.299,237.933,-5.78535,-3.76579,0,316.407,206.97,339.934,0.997016,0.00271859,0.00617502
440.75,0,276.76,277.522,278.295,237.932,-5.78359,-3.76375,0,316.407,206.97,339.934,0.997016,0.00271711,0.00617649
441.25,0,276.756,277.519,278.292,237.932,-5.78107,-3.76121,0,316.407,206.97,339.934,0.997017,0.00271527,0.00617582
441.75,0,276.753,277.515,278.288,237.932,-5.77822,-3.75847,0,316.407,206.97,339.934,0.997017,0.00271328,0.00617739
442.25,0,276.749,277.512,278.285,237.932,-5.78438,-3.76211,0,316.351,206.962,339.934,0.997017,0.0027159,0.0061769
442.75,0,276.746,277.508,278.281,237.932,-5.78264,-3.76008,0,316.351,206.962,339.934,0.997018,0.00271443,0.00617836
443.25,0,276.743,277.505,278.278,237.932,-5.78013,-3.75756,0,316.351,206.962,339.934,0.997018,0.0027126,0.00617771
443.75,0,276.74,277.501,278.274,237.932,-5.7773,-3.75484,0,316.351,206.962,339.934,0.997019,0.00271063,0.00617925
444.25,0,276.735,277.498,278.271,237.931,-5.78343,-3.75846,0,316.295,206.953,339.934,0.997019,0.00271323,0.00617878
444.75,0,276.732,277.494,278.268,237.931,-5.78169,-3.75645,0,316.295,206.953,339.934,0.99702,0.00271177,0.00618022
445.25,0,276.729,277.491,278.264,237.931,-5.7792,-3.75395,0,316.295,206.953,339.934,0.99702,0.00270996,0.00617959
445.75,0,276.726,277.488,278.261,237.931,-5.7764,-3.75124,0,316.295,206.953,339.934,0.99702,0.002708,0.00618111
446.25,0,276.722,277.484,278.257,237.931,-5.78249,-3.75484,0,316.239,206.945,339.934,0.997021,0.00271058,0.00618066
446.75,0,276.719,277.481,278.254,237.931,-5.78077,-3.75284,0,316.239,206.945,339.934,0.997021,0.00270914,0.00618208
447.25,0,276.715,277.477,278.25,237.931,-5.77829,-3.75036,0,316.239,206.945,339.934,0.997022,0.00270734,0.00618147
447.75,0,276.712,277.474,278.247,237.93,-5.7755,-3.74768,0,316.239,206.945,339.934,0.997022,0.00270539,0.00618297
448.25,0,276.708,277.47,278.244,237.93,-5.78156,-3.75125,0,316.184,206.937,339.934,0.997022,0.00270796,0.00618253
448.75,0,276.705,277.467,278.24,237.93,-5.77986,-3.74927,0,316.184,206.937,339.934,0.997023,0.00270652,0.00618393
449.25,0,276.702,277.464,278.237,237.93,-5.7774,-3.74681,0,316.184,206.937,339.934,0.997023,0.00270474,0.00618334
449.75,0,276.699,277.46,278.233,237.93,-5.77463,-3.74414,0,316.184,206.937,339.934,0.997024,0.0027028,0.00618482
450.25,0,276.695,277.457,278.23,237.93,-5.78065,-3.74769,0,316.129,206.928,339.934,0.997024,0.00270536,0.00618439
450.75,0,276.692,277.453,278.227,237.93,-5.77896,-3.74573,0,316.129,206.928,339.934,0.997025,0.00270393,0.00618577
451.25,0,276.688,277.45,278.223,237.93,-5.77652,-3.74328,0,316.129,206.928,339.934,0.997025,0.00270216,0.0061852
451.75,0,276.685,277.447,278.22,237.929,-5.77377,-3.74063,0,316.129,206.928,339.934,0.997025,0.00270024,0.00618666
452.25,0,276.681,277.443,278.217,237.929,-5.77976,-3.74416,0,316.074,206.92,339.934,0.997026,0.00270278,0.00618625
452.75,0,276.678,277.44,278.213,237.929,-5.77808,-3.74221,0,316.074,206.92,339.934,0.997026,0.00270136,0.00618761
453.25,0,276.675,277.437,278.21,237.929,-5.77565,-3.73978,0,316.074,206.92,339.934,0.997027,0.0026996,0.00618706
453.75,0,276.672,277.433,278.207,237.929,-5.77292,-3.73716,0,316.074,206.92,339.934,0.997027,0.0026977,0.00618849
454.25,0,276.668,277.43,278.203,237.929,-5.77888,-3.74066,0,316.019,206.912,339.934,0.997027,0.00270022,0.0061881
454.75,0,276.665,277.427,278.2,237.929,-5.77721,-3.73873,0,316.019,206.912,339.934,0.997028,0.00269881,0.00618944
455.25,0,276.662,277.423,278.196,237.928,-5.7748,-3.73632,0,316.019,206.912,339.934,0.997028,0.00269706,0.00618892
455.75,0,276.659,277.42,278.193,237.928,-5.77208,-3.73371,0,316.019,206.912,339.934,0.997028,0.00269517,0.00619032
456.25,0,276.655,277.417,278.19,237.928,-5.77801,-3.73719,0,315.965,206.904,339.934,0.997029,0.00269768,0.00618994
456.75,0,276.652,277.413,278.187,237.928,-5.77636,-3.73527,0,315.965,206.904,339.934,0.99703,0.00269629,0.00619127
457.25,0,276.649,277.41,278.183,237.928,-5.77396,-3.73288,0,315.965,206.904,339.934,0.99703,0.00269455,0.00619077
457.75,0,276.646,277.407,278.18,237.928,-5.77126,-3.73029,0,315.965,206.904,339.934,0.99703,0.00269267,0.00619215
458.25,0,276.642,277.403,278.177,237.928,-5.77716,-3.73375,0,315.912,206.896,339.934,0.997031,0.00269517,0.00619178
458.75,0,276.638,277.4,278.173,237.928,-5.77552,-3.73184,0,315.912,206.896,339.934,0.997031,0.00269378,0.00619309
459.25,0,276.635,277.397,278.17,237.927,-5.77314,-3.72947,0,315.912,206.896,339.934,0.997032,0.00269206,0.00619261
459.75,0,276.633,277.394,278.167,237.927,-5.77046,-3.72689,0,315.912,206.896,339.934,0.997032,0.00269019,0.00619396
460.25,0,276.629,277.39,278.163,237.927,-5.77633,-3.73034,0,315.858,206.888,339.934,0.997032,0.00269267,0.00619362
460.75,0,276.625,277.387,278.16,237.927,-5.77469,-3.72844,0,315.858,206.888,339.934,0.997033,0.00269129,0.0061949
461.25,0,276.622,277.384,278.157,237.927,-5.77233,-3.72608,0,315.858,206.888,339.934,0.997033,0.00268958,0.00619445
461.75,0,276.619,277.38,278.154,237.927,-5.76966,-3.72353,0,315.858,206.888,339.934,0.997033,0.00268773,0.00619578
462.25,0,276.616,277.377,278.15,237.927,-5.7755,-3.72695,0,315.805,206.88,339.934,0.997034,0.00269019,0.00619545
462.75,0,276.612,277.374,278.147,237.926,-5.77388,-3.72507,0,315.805,206.88,339.934,0.997034,0.00268883,0.00619671
463.25,0,276.609,277.37,278.144,237.926,-5.77153,-3.72273,0,315.805,206.88,339.934,0.997035,0.00268713,0.00619628
463.75,0,276.607,277.367,278.141,237.926,-5.76888,-3.72019,0,315.805,206.88,339.934,0.997035,0.00268529,0.00619758
464.25,0,276.603,277.364,278.137,237.926,-5.77469,-3.72359,0,315.752,206.872,339.934,0.997036,0.00268774,0.00619727
464.75,0,276.599,277.361,278.134,237.926,-5.77308,-3.72173,0,315.752,206.872,339.934,0.997036,0.00268638,0.00619851
465.25,0,276.596,277.357,278.131,237.926,-5.77075,-3.7194,0,315.752,206.872,339.934,0.997036,0.0026847,0.0061981
465.75,0,276.594,277.354,278.128,237.926,-5.76812,-3.71688,0,315.752,206.872,339.934,0.997037,0.00268287,0.00619938
466.25,0,276.59,277.351,278.124,237.926,-5.77389,-3.72026,0,315.699,206.864,339.934,0.997037,0.0026853,0.00619909
466.75,0,276.587,277.348,278.121,237.925,-5.77229,-3.71841,0,315.699,206.864,339.934,0.997038,0.00268396,0.00620031
467.25,0,276.584,277.345,278.118,237.925,-5.76997,-3.7161,0,315.699,206.864,339.934,0.997038,0.00268228,0.00619992
467.75,0,276.581,277.341,278.115,237.925,-5.76736,-3.7136,0,315.699,206.864,339.934,0.997038,0.00268047,0.00620118
468.25,0,276.577,277.338,278.112,237.925,-5.77311,-3.71696,0,315.647,206.856,339.934,0.997039,0.00268289,0.00620091
468.75,0,276.574,277.335,278.108,237.925,-5.77152,-3.71512,0,315.647,206.856,339.934,0.997039,0.00268155,0.0062021
469.25,0,276.571,277.332,278.105,237.925,-5.76922,-3.71282,0,315.647,206.856,339.934,0.99704,0.00267989,0.00620174
469.75,0,276.568,277.329,278.102,237.925,-5.76662,-3.71034,0,315.647,206.856,339.934,0.99704,0.00267809,0.00620297
470.25,0,276.564,277.325,278.099,237.924,-5.77234,-3.71368,0,315.595,206.849,339.934,0.997041,0.00268049,0.00620271
470.75,0,276.561,277.322,278.096,237.924,-5.77076,-3.71185,0,315.595,206.849,339.934,0.997041,0.00267916,0.00620389
471.25,0,276.558,277.319,278.092,237.924,-5.76847,-3.70957,0,315.595,206.849,339.934,0.997041,0.00267751,0.00620355
471.75,0,276.555,277.316,278.089,237.924,-5.76589,-3.70711,0,315.595,206.849,339.934,0.997042,0.00267572,0.00620476
472.25,0,276.552,277.313,278.086,237.924,-5.77158,-3.71043,0,315.543,206.841,339.934,0.997042,0.00267811,0.00620452
472.75,0,276.548,277.309,278.083,237.924,-5.77001,-3.70861,0,315.543,206.841,339.934,0.997043,0.0026768,0.00620567
473.25,0,276.546,277.306,278.08,237.924,-5.76773,-3.70635,0,315.543,206.841,339.934,0.997043,0.00267515,0.00620536
473.75,0,276.543,277.303,278.076,237.924,-5.76517,-3.7039,0,315.543,206.841,339.934,0.997043,0.00267338,0.00620654
474.25,0,276.539,277.3,278.073,237.923,-5.77083,-3.7072,0,315.492,206.833,339.934,0.997044,0.00267575,0.00620632
474.75,0,276.536,277.297,278.07,237.923,-5.76927,-3.7054,0,315.492,206.833,339.934,0.997044,0.00267445,0.00620745
475.25,0,276.533,277.294,278.067,237.923,-5.76701,-3.70315,0,315.492,206.833,339.934,0.997045,0.00267282,0.00620716
475.75,0,276.53,277.29,278.064,237.923,-5.76446,-3.70072,0,315.492,206.833,339.934,0.997045,0.00267105,0.00620831
476.25,0,276.526,277.287,278.061,237.923,-5.77009,-3.704,0,315.441,206.825,339.934,0.997045,0.00267341,0.00620811
476.75,0,276.523,277.284,278.058,237.923,-5.76855,-3.70221,0,315.441,206.825,339.934,0.997046,0.00267211,0.00620922
477.25,0,276.521,277.281,278.054,237.923,-5.7663,-3.69998,0,315.441,206.825,339.934,0.997046,0.0026705,0.00620895
477.75,0,276.518,277.278,278.051,237.923,-5.76377,-3.69756,0,315.441,206.825,339.934,0.997046,0.00266874,0.00621008
478.25,0,276.514,277.275,278.048,237.922,-5.76937,-3.70083,0,315.39,206.818,339.934,0.997047,0.00267109,0.0062099
478.75,0,276.511,277.272,278.045,237.922,-5.76783,-3.69905,0,315.39,206.818,339.934,0.997047,0.0026698,0.00621098
479.25,0,276.508,277.268,278.042,237.922,-5.7656,-3.69683,0,315.39,206.818,339.934,0.997048,0.00266819,0.00621074
479.75,0,276.505,277.265,278.039,237.922,-5.76308,-3.69443,0,315.39,206.818,339.934,0.997048,0.00266645,0.00621185
480.25,0,276.502,277.262,278.036,237.922,-5.76866,-3.69767,0,315.339,206.81,339.934,0.997049,0.00266879,0.00621168
480.75,0,276.499,277.259,278.033,237.922,-5.76713,-3.69591,0,315.339,206.81,339.934,0.997049,0.00266751,0.00621275
481.25,0,276.496,277.256,278.03,237.922,-5.76491,-3.69371,0,315.339,206.81,339.934,0.997049,0.00266591,0.00621252
481.75,0,276.493,277.253,278.027,237.921,-5.76241,-3.69132,0,315.339,206.81,339.934,0.99705,0.00266418,0.00621361
482.25,0,276.489,277.25,278.023,237.921,-5.76796,-3.69455,0,315.289,206.803,339.934,0.99705,0.0026665,0.00621346
482.75,0,276.486,277.247,278.02,237.921,-5.76644,-3.6928,0,315.289,206.803,339.934,0.997051,0.00266523,0.0062145
483.25,0,276.484,277.244,278.017,237.921,-5.76424,-3.69061,0,315.289,206.803,339.934,0.997051,0.00266364,0.0062143
483.75,0,276.481,277.241,278.014,237.921,-5.76175,-3.68824,0,315.289,206.803,339.934,0.997051,0.00266193,0.00621536
484.25,0,276.477,277.238,278.011,237.921,-5.76727,-3.69144,0,315.239,206.795,339.934,0.997052,0.00266423,0.00621524
484.75,0,276.474,277.234,278.008,237.921,-5.76576,-3.6897,0,315.239,206.795,339.934,0.997052,0.00266297,0.00621625
485.25,0,276.471,277.231,278.005,237.921,-5.76357,-3.68753,0,315.239,206.795,339.934,0.997053,0.00266139,0.00621608
485.75,0,276.469,277.228,278.002,237.92,-5.7611,-3.68518,0,315.239,206.795,339.934,0.997053,0.00265969,0.00621711
486.25,0,276.465,277.225,277.999,237.92,-5.76659,-3.68837,0,315.189,206.788,339.934,0.997053,0.00266198,0.00621701
486.75,0,276.462,277.222,277.996,237.92,-5.76509,-3.68664,0,315.189,206.788,339.934,0.997054,0.00266072,0.006218
487.25,0,276.459,277.219,277.993,237.92,-5.76292,-3.68448,0,315.189,206.788,339.934,0.997054,0.00265916,0.00621785
487.75,0,276.456,277.216,277.99,237.92,-5.76046,-3.68214,0,315.189,206.788,339.934,0.997054,0.00265747,0.00621886
488.25,0,276.453,277.213,277.987,237.92,-5.76592,-3.68531,0,315.14,206.78,339.934,0.997055,0.00265974,0.00621877
488.75,0,276.45,277.21,277.984,237.92,-5.76443,-3.68359,0,315.14,206.78,339.934,0.997055,0.0026585,0.00621974
489.25,0,276.447,277.207,277.981,237.92,-5.76227,-3.68145,0,315.14,206.78,339.934,0.997056,0.00265694,0.00621961
489.75,0,276.444,277.204,277.978,237.919,-5.75983,-3.67913,0,315.14,206.78,339.934,0.997056,0.00265526,0.0062206
490.25,0,276.441,277.201,277.975,237.919,-5.76526,-3.68228,0,315.091,206.773,339.934,0.997057,0.00265753,0.00622053
490.75,0,276.438,277.198,277.972,237.919,-5.76379,-3.68057,0,315.091,206.773,339.934,0.997057,0.00265629,0.00622148
491.25,0,276.435,277.195,277.969,237.919,-5.76164,-3.67844,0,315.091,206.773,339.934,0.997057,0.00265474,0.00622138
491.75,0,276.432,277.192,277.966,237.919,-5.75921,-3.67614,0,315.091,206.773,339.934,0.997058,0.00265307,0.00622233
492.25,0,276.429,277.189,277.963,237.919,-5.76462,-3.67927,0,315.042,206.765,339.934,0.997058,0.00265533,0.00622229
492.75,0,276.426,277.186,277.96,237.919,-5.76315,-3.67757,0,315.042,206.765,339.934,0.997059,0.0026541,0.00622321
493.25,0,276.423,277.183,277.957,237.919,-5.76101,-3.67546,0,315.042,206.765,339.934,0.997059,0.00265256,0.00622313
493.75,0,276.42,277.18,277.954,237.918,-5.7586,-3.67317,0,315.042,206.765,339.934,0.997059,0.0026509,0.00622406
494.25,0,276.417,277.177,277.951,237.918,-5.76398,-3.67628,0,314.993,206.758,339.934,0.99706,0.00265314,0.00622404
494.75,0,276.414,277.174,277.948,237.918,-5.76252,-3.6746,0,314.993,206.758,339.934,0.99706,0.00265192,0.00622494
495.25,0,276.411,277.171,277.945,237.918,-5.7604,-3.6725,0,314.993,206.758,339.934,0.997061,0.0026504,0.00622488
495.75,0,276.409,277.168,277.942,237.918,-5.758,-3.67022,0,314.993,206.758,339.934,0.997061,0.00264875,0.00622579
496.25,0,276.405,277.165,277.939,237.918,-5.76335,-3.67331,0,314.944,206.751,339.934,0.997061,0.00265097,0.00622579
496.75,0,276.402,277.162,277.936,237.918,-5.7619,-3.67164,0,314.944,206.751,339.934,0.997062,0.00264976,0.00622666
497.25,0,276.399,277.159,277.933,237.918,-5.75979,-3.66956,0,314.944,206.751,339.934,0.997062,0.00264825,0.00622663
497.75,0,276.397,277.156,277.93,237.917,-5.75741,-3.66729,0,314.944,206.751,339.934,0.997062,0.00264661,0.00622751
498.25,0,276.393,277.153,277.927,237.917,-5.76274,-3.67037,0,314.896,206.743,339.934,0.997063,0.00264882,0.00622753
498.75,0,276.39,277.15,277.924,237.917,-5.7613,-3.66871,0,314.896,206.743,339.934,0.997063,0.00264762,0.00622838
499.25,0,276.388,277.147,277.921,237.917,-5.7592,-3.66664,0,314.896,206.743,339.934,0.997064,0.00264611,0.00622837
499.75,0,276.385,277.144,277.918,237.917,-5.75683,-3.66439,0,314.896,206.743,339.934,0.997064,0.00264448,0.00622923
500.25,0,276.381,277.141,277.915,237.917,-5.76213,-3.66745,0,314.848,206.736,339.934,0.997065,0.00264668,0.00622927
500.75,0,276.379,277.138,277.912,237.917,-5.7607,-3.6658,0,314.848,206.736,339.934,0.997065,0.00264549,0.0062301
501.25,0,276.376,277.135,277.909,237.917,-5.75861,-3.66374,0,314.848,206.736,339.934,0.997065,0.00264399,0.00623011
501.75,0,276.373,277.133,277.906,237.916,-5.75626,-3.66151,0,314.848,206.736,339.934,0.997066,0.00264237,0.00623094
502.25,0,276.37,277.129,277.903,237.916,-5.76153,-3.66455,0,314.801,206.729,339.934,0.997066,0.00264456,0.006231
502.75,0,276.367,277.127,277.9,237.916,-5.76011,-3.66291,0,314.801,206.729,339.934,0.997067,0.00264338,0.00623181
503.25,0,276.364,277.124,277.897,237.916,-5.75804,-3.66086,0,314.801,206.729,339.934,0.997067,0.00264189,0.00623185
503.75,0,276.362,277.121,277.895,237.916,-5.7557,-3.65865,0,314.801,206.729,339.934,0.997067,0.00264028,0.00623265
504.25,0,276.358,277.118,277.892,237.916,-5.76095,-3.66167,0,314.753,206.722,339.934,0.997068,0.00264246,0.00623273
504.75,0,276.355,277.115,277.889,237.916,-5.75953,-3.66005,0,314.753,206.722,339.934,0.997068,0.00264128,0.00623352
505.25,0,276.353,277.112,277.886,237.916,-5.75747,-3.65801,0,314.753,206.722,339.934,0.997068,0.0026398,0.00623357
505.75,0,276.35,277.109,277.883,237.915,-5.75514,-3.6558,0,314.753,206.722,339.934,0.997069,0.0026382,0.00623436
506.25,0,276.347,277.106,277.88,237.915,-5.76037,-3.65881,0,314.706,206.715,339.934,0.997069,0.00264037,0.00623446
506.75,0,276.344,277.103,277.877,237.915,-5.75896,-3.6572,0,314.706,206.715,339.934,0.99707,0.0026392,0.00623522
507.25,0,276.341,277.1,277.874,237.915,-5.75692,-3.65518,0,314.706,206.715,339.934,0.99707,0.00263773,0.0062353
507.75,0,276.339,277.098,277.871,237.915,-5.7546,-3.65298,0,314.706,206.715,339.934,0.99707,0.00263614,0.00623606
508.25,0,276.335,277.095,277.869,237.915,-5.7598,-3.65598,0,314.659,206.708,339.934,0.997071,0.00263829,0.00623618
508.75,0,276.332,277.092,277.866,237.915,-5.7584,-3.65437,0,314.659,206.708,339.934,0.997071,0.00263713,0.00623692
509.25,0,276.33,277.089,277.863,237.915,-5.75637,-3.65236,0,314.659,206.708,339.934,0.997072,0.00263567,0.00623702
509.75,0,276.327,277.086,277.86,237.914,-5.75407,-3.65018,0,314.659,206.708,339.934,0.997072,0.00263409,0.00623776
510.25,0,276.324,277.083,277.857,237.914,-5.75924,-3.65316,0,314.613,206.701,339.934,0.997072,0.00263623,0.0062379
510.75,0,276.321,277.08,277.854,237.914,-5.75785,-3.65156,0,314.613,206.701,339.934,0.997073,0.00263508,0.00623861
511.25,0,276.318,277.077,277.851,237.914,-5.75583,-3.64957,0,314.613,206.701,339.934,0.997073,0.00263363,0.00623874
511.75,0,276.316,277.075,277.848,237.914,-5.75354,-3.6474,0,314.613,206.701,339.934,0.997073,0.00263206,0.00623945
512.25,0,276.312,277.072,277.846,237.914,-5.75869,-3.65036,0,314.566,206.694,339.934,0.997074,0.00263419,0.00623961
512.75,0,276.31,277.069,277.843,237.914,-5.75731,-3.64878,0,314.566,206.694,339.934,0.997074,0.00263304,0.0062403
513.25,0,276.307,277.066,277.84,237.914,-5.7553,-3.64679,0,314.566,206.694,339.934,0.997075,0.0026316,0.00624045
513.75,0,276.304,277.063,277.837,237.914,-5.75302,-3.64464,0,314.566,206.694,339.934,0.997075,0.00263004,0.00624114
514.25,0,276.301,277.06,277.834,237.913,-5.75814,-3.64759,0,314.52,206.687,339.934,0.997076,0.00263216,0.00624132
514.75,0,276.298,277.057,277.831,237.913,-5.75677,-3.64601,0,314.52,206.687,339.934,0.997076,0.00263101,0.00624198
515.25,0,276.296,277.055,277.829,237.913,-5.75477,-3.64404,0,314.52,206.687,339.934,0.997076,0.00262959,0.00624216
515.75,0,276.293,277.052,277.826,237.913,-5.75251,-3.6419,0,314.52,206.687,339.934,0.997076,0.00262804,0.00624282
516.25,0,276.29,277.049,277.823,237.913,-5.75761,-3.64483,0,314.474,206.68,339.934,0.997077,0.00263014,0.00624302
516.75,0,276.287,277.046,277.82,237.913,-5.75625,-3.64326,0,314.474,206.68,339.934,0.997077,0.00262901,0.00624367
517.25,0,276.284,277.043,277.817,237.913,-5.75426,-3.64131,0,314.474,206.68,339.934,0.997078,0.00262759,0.00624386
517.75,0,276.282,277.041,277.815,237.913,-5.75201,-3.63918,0,314.474,206.68,339.934,0.997078,0.00262605,0.0062445
518.25,0,276.279,277.038,277.812,237.912,-5.75708,-3.64209,0,314.428,206.673,339.934,0.997079,0.00262814,0.00624472
518.75,0,276.276,277.035,277.809,237.912,-5.75573,-3.64054,0,314.428,206.673,339.934,0.997079,0.00262701,0.00624534
519.25,0,276.273,277.032,277.806,237.912,-5.75375,-3.63859,0,314.428,206.673,339.934,0.997079,0.0026256,0.00624556
519.75,0,276.271,277.029,277.803,237.912,-5.75152,-3.63648,0,314.428,206.673,339.934,0.99708,0.00262407,0.00624618
520.25,0,276.267,277.026,277.801,237.912,-5.75657,-3.63937,0,314.383,206.666,339.934,0.99708,0.00262615,0.00624642
520.75,0,276.265,277.024,277.798,237.912,-5.75522,-3.63783,0,314.383,206.666,339.934,0.997081,0.00262503,0.00624702
521.25,0,276.262,277.021,277.795,237.912,-5.75326,-3.63589,0,314.383,206.666,339.934,0.997081,0.00262363,0.00624726
521.75,0,276.26,277.018,277.792,237.912,-5.75103,-3.6338,0,314.383,206.666,339.934,0.997081,0.00262211,0.00624785
522.25,0,276.256,277.015,277.789,237.911,-5.75606,-3.63667,0,314.337,206.659,339.934,0.997082,0.00262418,0.00624811
522.75,0,276.254,277.013,277.787,237.911,-5.75472,-3.63514,0,314.337,206.659,339.934,0.997082,0.00262306,0.00624869
523.25,0,276.251,277.01,277.784,237.911,-5.75277,-3.63322,0,314.337,206.659,339.934,0.997082,0.00262167,0.00624895
523.75,0,276.249,277.007,277.781,237.911,-5.75056,-3.63113,0,314.337,206.659,339.934,0.997083,0.00262016,0.00624952
524.25,0,276.245,277.004,277.778,237.911,-5.75556,-3.63399,0,314.292,206.652,339.934,0.997083,0.00262222,0.0062498
524.75,0,276.243,277.001,277.776,237.911,-5.75423,-3.63247,0,314.292,206.652,339.934,0.997084,0.00262111,0.00625035
525.25,0,276.24,276.999,277.773,237.911,-5.75229,-3.63056,0,314.292,206.652,339.934,0.997084,0.00261972,0.00625064
525.75,0,276.238,276.996,277.77,237.911,-5.75009,-3.62849,0,314.292,206.652,339.934,0.997084,0.00261822,0.00625118
526.25,0,276.234,276.993,277.767,237.911,-5.75506,-3.63133,0,314.248,206.645,339.934,0.997085,0.00262027,0.00625149
526.75,0,276.232,276.99,277.765,237.91,-5.75374,-3.62982,0,314.248,206.645,339.934,0.997085,0.00261917,0.00625201
527.25,0,276.229,276.988,277.762,237.91,-5.75181,-3.62792,0,314.248,206.645,339.934,0.997085,0.00261779,0.00625232
527.75,0,276.227,276.985,277.759,237.91,-5.74962,-3.62586,0,314.248,206.645,339.934,0.997086,0.0026163,0.00625284
528.25,0,276.223,276.982,277.756,237.91,-5.75458,-3.62869,0,314.203,206.638,339.934,0.997086,0.00261834,0.00625317
528.75,0,276.221,276.979,277.754,237.91,-5.75327,-3.62718,0,314.203,206.638,339.934,0.997087,0.00261724,0.00625367
529.25,0,276.218,276.977,277.751,237.91,-5.75134,-3.62529,0,314.203,206.638,339.934,0.997087,0.00261587,0.006254
529.75,0,276.216,276.974,277.748,237.91,-5.74917,-3.62325,0,314.203,206.638,339.934,0.997087,0.00261439,0.0062545
530.25,0,276.212,276.971,277.745,237.91,-5.7541,-3.62606,0,314.159,206.632,339.934,0.997088,0.00261642,0.00625485
530.75,0,276.21,276.969,277.743,237.909,-5.7528,-3.62457,0,314.159,206.632,339.934,0.997088,0.00261533,0.00625533
531.25,0,276.207,276.966,277.74,237.909,-5.75089,-3.62269,0,314.159,206.632,339.934,0.997088,0.00261397,0.00625568
531.75,0.000306936,276.207,276.964,277.737,237.909,-5.73374,-3.61089,0.0980041,314.159,206.632,339.934,0.997087,0.00260545,0.00624075
532.25,0.00107666,276.21,276.962,277.735,237.909,-5.69913,-3.58829,0.343774,314.115,206.626,339.934,0.997083,0.00258915,0.0062189
532.75,0.00184636,276.214,276.962,277.732,237.909,-5.65289,-3.55777,0.589538,314.115,206.626,339.934,0.997077,0.00256713,0.00621192
533.25,0.00261602,276.22,276.961,277.729,237.909,-5.60358,-3.52537,0.835289,314.115,206.626,339.934,0.99707,0.00254376,0.00619759
533.75,0.00338563,276.227,276.962,277.727,237.909,-5.55254,-3.49194,1.08102,314.115,206.626,339.934,0.997062,0.00251965,0.00619091
534.25,0.00415517,276.234,276.963,277.724,237.909,-5.51303,-3.46954,1.32674,314.088,206.634,339.934,0.997042,0.0025035,0.00613087
534.75,0.00492464,276.242,276.965,277.722,237.909,-5.46084,-3.43562,1.57243,314.088,206.634,339.934,0.997027,0.00247904,0.00615308
535.25,0.005694,276.25,276.966,277.719,237.909,-5.40793,-3.4012,1.81808,314.088,206.634,339.934,0.997016,0.00245421,0.00611936
535.75,0.00646326,276.259,276.969,277.717,237.909,-5.35459,-3.36648,2.06371,314.088,206.634,339.934,0.997006,0.00242918,0.006131
536.25,0.00723239,276.268,276.971,277.715,237.909,-5.31196,-3.34272,2.30929,314.079,206.648,339.934,0.996983,0.00241206,0.00604621
536.75,0.00800137,276.278,276.974,277.713,237.909,-5.25823,-3.30805,2.55482,314.079,206.648,339.934,0.996967,0.00238705,0.00608816
537.25,0.0087702,276.288,276.978,277.71,237.908,-5.20442,-3.27324,2.80031,314.079,206.648,339.934,0.996955,0.00236195,0.00604035
537.75,0.00953886,276.298,276.981,277.709,237.908,-5.15056,-3.23836,3.04574,314.079,206.648,339.934,0.996944,0.0023368,0.006066
538.25,0.0103073,276.309,276.985,277.707,237.908,-5.10575,-3.21344,3.29111,314.084,206.665,339.934,0.996921,0.00231884,0.00596717
538.75,0.0110756,276.32,276.99,277.705,237.908,-5.05166,-3.17849,3.53641,314.084,206.665,339.934,0.996905,0.00229364,0.00602227
539.25,0.0118436,276.332,276.994,277.703,237.908,-4.99782,-3.14361,3.78165,314.084,206.665,339.934,0.996893,0.00226849,0.00596628
539.75,0.0126115,276.343,276.999,277.702,237.908,-4.94412,-3.10878,4.02681,314.084,206.665,339.934,0.996882,0.00224337,0.00599876
540.25,0.013379,276.355,277.004,277.701,237.908,-4.89818,-3.08239,4.27189,314.102,206.686,339.934,0.996859,0.00222435,0.00589035
540.75,0.0141463,276.368,277.009,277.7,237.908,-4.84406,-3.04748,4.51689,314.102,206.686,339.934,0.996842,0.00219918,0.00595297
541.25,0.0149134,276.38,277.015,277.698,237.908,-4.79041,-3.01279,4.7618,314.102,206.686,339.934,0.99683,0.00217416,0.0058906
541.75,0.0156801,276.392,277.021,277.697,237.908,-4.73704,-2.9782,5.00662,314.102,206.686,339.934,0.99682,0.00214923,0.00592787
542.25,0.0164465,276.406,277.027,277.697,237.908,-4.68998,-2.9508,5.25134,314.13,206.709,339.934,0.996796,0.00212948,0.00581326
542.75,0.0172126,276.419,277.033,277.696,237.908,-4.63617,-2.91587,5.49595,314.13,206.709,339.934,0.996778,0.00210429,0.00588154
543.25,0.0179784,276.432,277.04,277.695,237.908,-4.58302,-2.8813,5.74046,314.13,206.709,339.934,0.996762,0.00207937,0.00581655
543.75,0.0187438,276.446,277.046,277.695,237.908,-4.53021,-2.84692,5.98485,314.13,206.709,339.934,0.996747,0.00205457,0.00585682
544.25,0.0195088,276.46,277.053,277.695,237.909,-4.48248,-2.81826,6.22913,314.169,206.734,339.934,0.996715,0.00203391,0.00574084
544.75,0.0202735,276.474,277.061,277.695,237.909,-4.42777,-2.78276,6.48046,314.169,206.734,339.934,0.996689,0.00200832,0.00581072
545.25,0.0210378,276.489,277.068,277.694,237.909,-4.37185,-2.74601,6.74452,314.169,206.734,339.934,0.996666,0.00198181,0.00574101
545.75,0.0218016,276.504,277.076,277.695,237.909,-4.31597,-2.70921,7.00844,314.169,206.734,339.934,0.996646,0.00195528,0.00578269
546.25,0.022565,276.52,277.084,277.695,237.909,-4.26444,-2.67641,7.27222,314.218,206.761,339.934,0.996609,0.00193163,0.00566058
546.75,0.023328,276.535,277.092,277.695,237.909,-4.20748,-2.6388,7.53584,314.218,206.761,339.934,0.99658,0.00190451,0.00573427
547.25,0.0240905,276.551,277.101,277.696,237.909,-4.15162,-2.6015,7.7993,314.218,206.761,339.934,0.996556,0.00187762,0.00566088
547.75,0.0248526,276.566,277.109,277.696,237.909,-4.09618,-2.56447,8.0626,314.218,206.761,339.934,0.996534,0.00185091,0.00570512
548.25,0.0256141,276.584,277.118,277.697,237.909,-4.04559,-2.52912,8.32574,314.277,206.791,339.934,0.996496,0.00182543,0.00557817
548.75,0.0263752,276.6,277.128,277.698,237.909,-3.98955,-2.49087,8.58869,314.277,206.791,339.934,0.996466,0.00179784,0.00565652
549.25,0.0271357,276.616,277.137,277.699,237.909,-3.93454,-2.45336,8.85147,314.277,206.791,339.934,0.996441,0.00177079,0.0055796
549.75,0.0278957,276.633,277.146,277.7,237.909,-3.8803,-2.41593,9.11406,314.277,206.791,339.934,0.996418,0.0017438,0.00562697
550.25,0.0286552,276.651,277.156,277.702,237.909,-3.83435,-2.37428,9.37647,314.346,206.823,339.934,0.996381,0.00171376,0.00549949
550.75,0.0294141,276.668,277.166,277.703,237.909,-3.78024,-2.33467,9.63868,314.346,206.823,339.934,0.996351,0.0016852,0.00558234
551.25,0.0301724,276.685,277.176,277.705,237.909,-3.72733,-2.29589,9.90069,314.346,206.823,339.934,0.996326,0.00165722,0.00550352
551.75,0.0309301,276.702,277.186,277.706,237.91,-3.67516,-2.25735,10.1625,314.346,206.823,339.934,0.996305,0.00162943,0.00555414
552.25,0.0316872,276.721,277.197,277.708,237.91,-3.63213,-2.21135,10.4241,314.424,206.857,339.934,0.996267,0.00159625,0.00542578
552.75,0.0324437,276.739,277.208,277.71,237.91,-3.57937,-2.17107,10.6855,314.424,206.857,339.934,0.996238,0.00156719,0.00551203
553.25,0.0331995,276.757,277.218,277.712,237.91,-3.52769,-2.13196,10.9466,314.424,206.857,339.934,0.996214,0.00153899,0.00543123
553.75,0.0339547,276.774,277.229,277.714,237.91,-3.47652,-2.09343,11.2076,314.424,206.857,339.934,0.996193,0.0015112,0.00548389
554.25,0.0347093,276.794,277.24,277.717,237.91,-3.4345,-2.04512,11.4683,314.51,206.892,339.934,0.996157,0.00147635,0.00535389
554.75,0.0354631,276.813,277.252,277.719,237.91,-3.38255,-2.00478,11.7287,314.51,206.892,339.934,0.996129,0.00144725,0.00544262
555.25,0.0362163,276.831,277.263,277.722,237.91,-3.33178,-1.96572,11.989,314.51,206.892,339.934,0.996105,0.00141907,0.00536001
555.75,0.0369687,276.849,277.274,277.725,237.91,-3.28155,-1.92729,12.2489,314.51,206.892,339.934,0.996085,0.00139134,0.00541436
556.25,0.0377204,276.87,277.287,277.728,237.91,-3.23976,-1.87758,12.5087,314.604,206.928,339.934,0.99605,0.00135548,0.00528261
556.75,0.0384714,276.889,277.299,277.731,237.911,-3.18857,-1.83725,12.7682,314.604,206.928,339.934,0.996022,0.00132639,0.00537337
557.25,0.0392216,276.908,277.31,277.734,237.911,-3.13865,-1.7983,13.0274,314.604,206.928,339.934,0.996,0.00129829,0.00528923
557.75,0.0399711,276.926,277.322,277.737,237.911,-3.08932,-1.76002,13.2863,314.604,206.928,339.934,0.99598,0.00127067,0.00534498
558.25,0.0407197,276.948,277.335,277.74,237.911,-3.04743,-1.70933,13.545,314.705,206.965,490.937,0.995945,0.0012341,0.0052116
558.75,0.0414676,276.967,277.348,277.744,237.911,-2.99682,-1.66923,13.8034,314.705,206.965,490.937,0.995919,0.00120516,0.00530395
559.25,0.0422146,276.986,277.36,277.747,237.911,-2.94773,-1.63044,14.0615,314.705,206.965,490.937,0.995897,0.00117718,0.00521849
559.75,0.0429609,277.006,277.373,277.751,237.911,-2.89926,-1.59236,14.3193,314.705,206.965,490.937,0.995878,0.0011497,0.00527542
560.25,0.0437062,277.027,277.386,277.755,237.912,-2.8575,-1.54055,14.5769,314.814,207.004,490.937,0.995845,0.00111231,0.00514086
560.75,0.0444508,277.047,277.399,277.759,237.912,-2.80764,-1.50052,14.8341,314.814,207.004,490.937,0.995819,0.00108343,0.00523466
561.25,0.0451944,277.067,277.412,277.763,237.912,-2.75925,-1.46203,15.0911,314.814,207.004,490.937,0.995798,0.00105565,0.00514799
561.75,0.0459371,277.087,277.425,277.767,237.912,-2.71154,-1.42427,15.3477,314.814,207.004,490.937,0.995779,0.00102841,0.00520585
562.25,0.046679,277.109,277.439,277.772,237.912,-2.66934,-1.37196,15.604,314.929,207.044,490.937,0.995747,0.000990655,0.00506995
562.75,0.0474199,277.13,277.453,277.776,237.912,-2.62016,-1.33209,15.86,314.929,207.044,490.937,0.995722,0.000961883,0.00516492
563.25,0.0481599,277.15,277.466,277.781,237.912,-2.57259,-1.29379,16.1157,314.929,207.044,490.937,0.995702,0.000934244,0.0050773
563.75,0.048899,277.17,277.48,277.785,237.913,-2.52573,-1.25627,16.3711,314.929,207.044,490.937,0.995684,0.00090716,0.00513603
564.25,0.0496371,277.193,277.494,277.79,237.913,-2.4836,-1.20303,16.6261,315.051,207.085,490.937,0.995653,0.000868731,0.00499937
564.75,0.0503742,277.214,277.508,277.795,237.913,-2.43258,-1.16153,16.8966,315.051,207.085,490.937,0.995629,0.000838781,0.00509484
565.25,0.0511103,277.235,277.523,277.8,237.913,-2.38042,-1.11969,17.1822,315.051,207.085,490.937,0.995609,0.000808585,0.00500582
565.75,0.0518455,277.257,277.537,277.805,237.913,-2.3285,-1.07827,17.4674,315.051,207.085,490.937,0.995592,0.000778685,0.00506472
566.25,0.0525796,277.281,277.552,277.81,237.913,-2.28112,-1.01993,17.7522,315.181,207.128,490.937,0.99556,0.000736568,0.00492486
566.75,0.0533126,277.304,277.567,277.816,237.914,-2.22707,-0.97587,18.0366,315.181,207.128,490.937,0.995535,0.000704762,0.00502224
567.25,0.0540447,277.326,277.582,277.821,237.914,-2.17468,-0.933508,18.3205,315.181,207.128,490.937,0.995516,0.000674181,0.00493145
567.75,0.0547756,277.348,277.597,277.827,237.914,-2.12302,-0.891931,18.6041,315.181,207.128,490.937,0.995498,0.000644166,0.0049916
568.25,0.0555055,277.373,277.613,277.833,237.914,-2.07616,-0.832179,18.8873,315.319,207.172,490.937,0.995466,0.000601024,0.00484814
568.75,0.0562343,277.396,277.628,277.839,237.914,-2.02267,-0.787966,19.17,315.319,207.172,490.937,0.995442,0.000569103,0.00494835
569.25,0.056962,277.419,277.644,277.844,237.914,-1.97101,-0.74563,19.4523,315.319,207.172,490.937,0.995422,0.000538536,0.00485519
569.75,0.0576886,277.441,277.66,277.851,237.915,-1.92018,-0.704171,19.7341,315.319,207.172,490.937,0.995405,0.000508602,0.00491717
570.25,0.058414,277.467,277.676,277.857,237.915,-1.87303,-0.643544,20.0156,315.465,207.219,490.937,0.995373,0.000464823,0.00477123
570.75,0.0591383,277.491,277.692,277.863,237.915,-1.8202,-0.599466,20.2965,315.465,207.219,490.937,0.99535,0.000432994,0.00487347
571.25,0.0598615,277.514,277.708,277.869,237.915,-1.76932,-0.557366,20.5771,315.465,207.219,490.937,0.99533,0.000402594,0.00477857
571.75,0.0605834,277.537,277.724,277.876,237.915,-1.71933,-0.516193,20.8571,315.465,207.219,490.937,0.995314,0.000372861,0.00484189
572.25,0.0613042,277.564,277.742,277.883,237.916,-1.67183,-0.454941,21.1367,315.618,207.266,490.937,0.995283,0.000328624,0.00469426
572.75,0.0620237,277.588,277.758,277.889,237.916,-1.61972,-0.411061,21.4159,315.618,207.266,490.937,0.995261,0.000296933,0.00479792
573.25,0.0627421,277.611,277.775,277.896,237.916,-1.57006,-0.368062,21.6945,315.618,207.266,490.937,0.99524,0.000265878,0.00470285
573.75,0.0634592,277.635,277.792,277.903,237.916,-1.52179,-0.326493,21.9727,315.618,207.266,490.937,0.995225,0.000235854,0.00476719
574.25,0.064175,277.662,277.809,277.91,237.916,-1.47521,-0.263416,22.2504,315.778,207.314,490.937,0.995196,0.000190293,0.0046196
574.75,0.0648896,277.686,277.826,277.918,237.917,-1.42391,-0.220174,22.5277,315.778,207.314,490.937,0.995175,0.00015906,0.0047239
575.25,0.065603,277.71,277.843,277.925,237.917,-1.37413,-0.179728,22.8044,315.778,207.314,490.937,0.995158,0.000129958,0.00462634
575.75,0.066315,277.734,277.86,277.932,237.917,-1.32484,-0.140776,23.0806,315.778,207.314,490.937,0.995144,0.000102083,0.00469029
576.25,0.0670257,277.762,277.879,277.94,237.917,-1.2597,-0.0977317,23.3563,315.945,207.364,490.937,0.995061,7.22418e-05,0.0045417
576.75,0.0677351,277.786,277.897,277.947,237.917,-1.20032,-0.0492926,23.6315,315.945,207.364,692.2,0.995013,4.57156e-05,0.00464387
577.25,0.0684432,277.81,277.915,277.955,237.918,-1.14208,-0.0114315,23.9062,315.945,207.364,692.2,0.994977,2.59134e-05,0.00454354
577.75,0.06915,277.834,277.932,277.963,237.918,-1.0849,0.024252,24.1804,315.945,207.364,692.2,0.994945,1.17031e-05,0.00460304
578.25,0.0698554,277.862,277.951,277.971,237.918,-1.00245,0.0680469,24.454,316.121,207.414,692.2,0.994889,1.87569e-07,0.00444247
578.75,0.0705594,277.886,277.97,277.979,237.918,-0.932223,0.0957827,24.7271,316.121,207.414,692.2,0.994847,0,0.00453239
579.25,0.071262,277.911,277.988,277.987,237.919,-0.866895,0.121531,24.9997,316.121,207.414,692.2,0.994812,0,0.0044242
579.75,0.0719632,277.935,278.006,277.996,237.919,-0.804241,0.147834,25.2717,316.121,207.414,692.2,0.99478,0,0.00447753
580.25,0.072663,277.963,278.026,278.004,237.919,-0.71023,0.164709,25.5432,316.303,207.464,692.2,0.994671,0,0.0043147
580.75,0.0733614,277.988,278.045,278.013,237.919,-0.652648,0.201857,25.8141,316.303,207.464,692.2,0.994586,0,0.00441299
581.25,0.0740583,278.013,278.064,278.021,237.919,-0.598906,0.2413,26.0845,316.303,207.464,692.2,0.994485,0,0.00431658
581.75,0.0747538,278.037,278.082,278.03,237.92,-0.542764,0.2761,26.3543,316.303,207.464,692.2,0.994386,0,0.00438012
582.25,0.0754478,278.066,278.103,278.039,237.92,-0.464808,0.327312,26.6235,316.493,207.515,692.2,0.994231,0,0.00423309
582.75,0.0761404,278.092,278.122,278.048,237.92,-0.405938,0.367969,26.8922,316.493,207.515,692.2,0.994094,0,0.00433546
583.25,0.0768314,278.117,278.142,278.057,237.92,-0.352696,0.405068,27.1602,316.493,207.515,692.2,0.993963,0,0.00423696
583.75,0.0775209,278.142,278.161,278.066,237.921,-0.300938,0.441076,27.4277,316.493,207.515,692.2,0.993835,0,0.00429961
584.25,0.0782089,278.171,278.182,278.075,237.921,-0.224409,0.49395,27.6946,316.692,207.568,692.2,0.99366,0,0.00415035
584.75,0.0788954,278.197,278.202,278.085,237.921,-0.16789,0.535565,27.9609,316.692,207.568,692.2,0.993506,0,0.00425226
585.25,0.0795803,278.222,278.222,278.094,237.921,-0.116985,0.5733,28.2266,316.692,207.568,692.2,0.993361,0,0.00415203
585.75,0.0802637,278.242,278.242,278.104,237.922,-0.0929083,0.707883,28.4917,316.692,207.568,692.2,0.992957,0,0.00421429
586.25,0.0809455,278.265,278.261,278.113,237.922,-0.0324609,0.905329,28.7562,316.897,207.618,692.2,0.993123,0,0.00407057
586.75,0.0816256,278.285,278.28,278.123,237.922,0.00620026,1.05776,29.0201,316.897,207.618,692.2,0.992568,0,0.0041739
587.25,0.0823042,278.306,278.299,278.133,237.922,0.0762836,1.13417,29.2833,316.897,207.618,692.2,0.992677,0,0.0040954
587.75,0.0829812,278.327,278.318,278.143,237.923,0.169514,1.15072,29.5459,316.897,207.618,692.2,0.992722,0,0.00416275
588.25,0.0836565,278.35,278.338,278.154,237.923,0.336741,1.18045,29.8079,317.099,207.661,692.2,0.992667,0,0.00404143
588.75,0.0843302,278.372,278.359,278.164,237.923,0.419168,1.20518,30.0693,317.099,207.661,692.2,0.992584,0,0.00413494
589.25,0.0850022,278.394,278.379,278.175,237.923,0.489932,1.23105,30.33,317.099,207.661,692.2,0.992482,0,0.00405036
589.75,0.0856726,278.415,278.399,278.185,237.924,0.557523,1.25873,30.59,317.099,207.661,692.2,0.992366,0,0.00410717
590.25,0.0863413,278.439,278.421,278.196,237.924,0.70988,1.30449,30.8494,317.316,207.707,692.2,0.992193,0,0.00397861
590.75,0.0870083,278.462,278.442,278.207,237.924,0.776119,1.34087,31.1082,317.316,207.707,692.2,0.992023,0,0.00406612
591.25,0.0876735,278.484,278.463,278.218,237.925,0.833919,1.37544,31.3663,317.316,207.707,692.2,0.991856,0,0.00397682
591.75,0.0883371,278.505,278.485,278.23,237.925,0.886752,1.42524,31.6237,317.316,207.707,692.2,0.990057,0,0.0048373
592.25,0.0889989,278.53,278.507,278.242,237.925,0.917383,1.63269,31.8804,317.548,207.752,692.2,0.990311,0,0.00382356
592.75,0.089659,278.552,278.529,278.253,237.925,0.982441,1.66905,32.1365,317.548,207.752,956.226,0.989202,0,0.00418236
593.25,0.0903173,278.573,278.549,278.266,237.926,0.98469,1.80789,32.3919,317.548,207.752,956.226,0.988678,0,0.00411024
593.75,0.0909738,278.593,278.568,278.278,237.926,1.04394,1.87485,32.6465,317.548,207.752,956.226,0.98862,0,0.00403473
594.25,0.0916286,278.616,278.587,278.29,237.926,1.22759,1.9205,32.9005,317.775,207.797,956.226,0.988616,0,0.00386373
594.75,0.0922815,278.636,278.606,278.302,237.927,1.32558,1.94382,33.1538,317.775,207.797,956.226,0.988602,0,0.00392506
595.25,0.0929326,278.657,278.626,278.315,237.927,1.40787,1.96615,33.4064,317.775,207.797,956.226,0.988568,0,0.00384267
595.75,0.0935819,278.677,278.645,278.327,237.927,1.4829,1.98982,33.6583,317.775,207.797,956.226,0.988513,0,0.0038947
596.25,0.0942294,278.7,278.665,278.34,237.927,1.6467,2.03025,33.9095,317.993,207.841,956.226,0.988412,0,0.00377791
596.75,0.094875,278.721,278.685,278.353,237.928,1.72172,2.06125,34.1599,317.993,207.841,956.226,0.988298,0,0.00385267
597.25,0.0955188,278.743,278.706,278.366,237.928,1.78431,2.09141,34.4097,317.993,207.841,956.226,0.988177,0,0.00376889
597.75,0.0961606,278.764,278.726,278.379,237.928,1.84521,2.12076,34.6587,317.993,207.841,956.226,0.98805,0,0.00381414
598.25,0.0968006,278.787,278.746,278.392,237.929,2.00302,2.16734,34.907,318.222,207.885,956.226,0.987892,0,0.00369383
598.75,0.0974387,278.808,278.767,278.405,237.929,2.06935,2.20278,35.1545,318.222,207.885,956.226,0.987732,0,0.00376509
599.25,0.0980749,278.83,278.788,278.418,237.929,2.12439,2.23621,35.4013,318.222,207.885,956.226,0.987576,0,0.00367909
599.75,0.0987091,278.849,278.809,278.447,237.93,2.16009,2.32106,35.6473,318.222,207.885,956.226,0.985117,0,0.00651567
600.25,0.0993414,278.874,278.832,278.457,237.93,2.12842,2.59931,35.8926,318.466,207.93,956.226,0.985171,0,0.00339218
600.75,0.0999718,278.897,278.854,278.469,237.93,2.1878,2.60335,36.1371,318.466,207.93,956.226,0.985226,0,0.00352818
601.25,0.1006,278.918,278.875,278.488,237.931,2.26485,2.63183,36.4172,318.466,207.93,956.226,0.983082,0,0.00485737
601.75,0.101227,278.94,278.897,278.5,237.931,2.20223,2.87162,36.6981,318.466,207.93,956.226,0.983528,0,0.00354734
602.25,0.101851,278.964,278.919,278.516,237.931,2.3756,2.93289,36.9781,318.715,207.977,956.226,0.982332,0,0.00415995
602.75,0.102473,278.986,278.94,278.532,237.931,2.39143,3.0692,37.2572,318.715,207.977,956.226,0.981451,0,0.00422046
603.25,0.103094,279.007,278.961,278.547,237.932,2.41143,3.1904,37.5354,318.715,207.977,956.226,0.981079,0,0.00389812
603.75,0.103712,279.027,278.979,278.562,237.932,2.5027,3.24454,37.8127,318.715,207.977,956.226,0.981077,0,0.00380306
604.25,0.104329,279.049,278.998,278.578,237.932,2.71676,3.28693,38.0891,318.956,208.022,956.226,0.981074,0,0.00362657
604.75,0.104943,279.07,279.017,278.594,237.933,2.83244,3.31199,38.3646,318.956,208.022,956.226,0.981073,0,0.00368887
605.25,0.105555,279.09,279.036,278.609,237.933,2.93124,3.33423,38.6391,318.956,208.022,956.226,0.981072,0,0.00357507
605.75,0.106165,279.111,279.054,278.625,237.933,3.02578,3.35578,38.9127,318.956,208.022,956.226,0.981071,0,0.00360842
606.25,0.106773,279.133,279.074,278.641,237.934,3.21824,3.39358,39.1854,319.184,208.065,956.226,0.981069,0,0.0034516
606.75,0.107379,279.154,279.093,278.657,237.934,3.3226,3.4161,39.4571,319.184,208.065,956.226,0.981068,0,0.00350281
607.25,0.107983,279.174,279.112,278.673,237.934,3.41228,3.43765,39.7279,319.184,208.065,956.226,0.981066,0,0.00340182
607.75,0.108585,279.195,279.132,278.689,237.935,3.49959,3.45753,39.9977,319.184,208.065,956.226,0.981049,0,0.00343847
608.25,0.109184,279.218,279.152,278.706,237.935,3.68693,3.49548,40.2666,319.419,208.109,956.226,0.981,0,0.00333259
608.75,0.109782,279.239,279.172,278.766,237.936,3.7776,3.5229,40.5345,319.419,208.109,956.226,0.977941,0,0.00915168
609.25,0.110377,279.259,279.194,278.776,237.936,3.59955,3.93527,40.8015,319.419,208.109,956.226,0.977977,0,0.00296715
609.75,0.11097,279.281,279.216,278.786,237.936,3.63571,3.93774,41.0675,319.419,208.109,956.226,0.97806,0,0.0030559
610.25,0.111561,279.306,279.237,278.798,237.936,3.82348,3.96337,41.3325,319.68,208.154,1308.03,0.978125,0,0.00305481
610.75,0.11215,279.328,279.259,278.81,237.937,3.91708,3.97496,41.5965,319.68,208.154,1308.03,0.978182,0,0.00309443
611.25,0.112737,279.347,279.279,278.85,237.937,3.95398,4.09631,41.8595,319.68,208.154,1308.03,0.975535,0,0.00652653
611.75,0.113321,279.37,279.301,278.86,237.938,3.8611,4.32929,42.1215,319.68,208.154,1308.03,0.975853,0,0.0030368
612.25,0.113903,279.395,279.323,278.872,237.938,4.05565,4.32449,42.3826,319.94,208.201,1308.03,0.976111,0,0.0030171
612.75,0.114483,279.415,279.344,278.902,237.938,4.09283,4.46455,42.6426,319.94,208.201,1308.03,0.974159,0,0.00534379
613.25,0.115061,279.437,279.365,278.913,237.939,4.07902,4.56905,42.9016,319.94,208.201,1308.03,0.974603,0,0.00303173
613.75,0.115636,279.458,279.386,278.936,237.939,4.10662,4.67792,43.1596,319.94,208.201,1308.03,0.973339,0,0.00453085
614.25,0.116209,279.482,279.408,278.955,237.939,4.22761,4.7988,43.4166,320.203,208.247,1308.03,0.97268,0,0.00398595
614.75,0.11678,279.503,279.429,278.974,237.94,4.24756,4.916,43.6726,320.203,208.247,1308.03,0.971937,0,0.00413164
615.25,0.117348,279.524,279.45,278.994,237.94,4.25671,5.02828,43.9275,320.203,208.247,1308.03,0.971364,0,0.00400382
615.75,0.117915,279.544,279.468,279.012,237.94,4.33377,5.08583,44.1814,320.203,208.247,1308.03,0.971363,0,0.00357281
616.25,0.118478,279.566,279.487,279.03,237.941,4.5472,5.12767,44.4343,320.46,208.292,1308.03,0.971362,0,0.00343932
616.75,0.11904,279.586,279.505,279.048,237.941,4.65562,5.1512,44.6861,320.46,208.292,1308.03,0.971362,0,0.00346326
617.25,0.119599,279.606,279.524,279.066,237.942,4.74496,5.17301,44.9369,320.46,208.292,1308.03,0.971363,0,0.003384
617.75,0.120156,279.626,279.542,279.085,237.942,4.83037,5.19286,45.1866,320.46,208.292,1308.03,0.971363,0,0.00339254
618.25,0.120711,279.647,279.561,279.103,237.942,5.02017,5.2298,45.4353,320.699,208.335,1308.03,0.971362,0,0.00327306
618.75,0.121263,279.663,279.58,279.126,237.943,5.07664,5.36161,45.6829,320.699,208.335,1308.03,0.96752,0,0.0143977
619.25,0.121813,279.683,279.599,279.145,237.943,4.89451,5.77215,45.9294,320.699,208.335,1308.03,0.967815,0,0.00246812
619.75,0.12236,279.704,279.618,279.163,237.944,4.9643,5.75036,46.1749,320.699,208.335,1308.03,0.968096,0,0.0025369
620.25,0.122905,279.726,279.637,279.182,237.944,5.16561,5.75136,46.4192,320.951,208.377,1308.03,0.968345,0,0.00257967
620.75,0.123447,279.747,279.657,279.2,237.944,5.27175,5.74227,46.6625,320.951,208.377,1308.03,0.968576,0,0.00257753
621.25,0.123988,279.767,279.676,279.219,237.945,5.36516,5.73195,46.9047,320.951,208.377,1308.03,0.968789,0,0.00260112
621.75,0.124525,279.788,279.695,279.237,237.945,5.45586,5.72362,47.1458,320.951,208.377,1308.03,0.968985,0,0.00260815
622.25,0.12506,279.81,279.714,279.26,237.946,5.65582,5.7345,47.3859,321.199,208.421,1308.03,0.965096,0,0.0108769
622.75,0.125593,279.827,279.735,279.279,237.946,5.44775,6.27328,47.6248,321.199,208.421,1308.03,0.965476,0,0.00247293
623.25,0.126124,279.848,279.755,279.298,237.946,5.4953,6.23275,47.8626,321.199,208.421,1308.03,0.965851,0,0.0025723
623.75,0.126651,279.869,279.775,279.317,237.947,5.58092,6.20107,48.0993,321.199,208.421,1308.03,0.966197,0,0.00251197
624.25,0.127177,279.892,279.795,279.336,237.947,5.78756,6.19381,48.3349,321.461,208.465,1308.03,0.966501,0,0.00253105
624.75,0.1277,279.91,279.814,279.358,237.948,5.824,6.33655,48.5693,321.461,208.465,1308.03,0.963389,0,0.00847558
625.25,0.12822,279.931,279.835,279.377,237.948,5.70577,6.60284,48.8027,321.461,208.465,1308.03,0.963884,0,0.0025002
625.75,0.128738,279.952,279.855,279.396,237.948,5.78596,6.55343,49.0349,321.461,208.465,1308.03,0.964338,0,0.00252778
626.25,0.129253,279.973,279.875,279.418,237.949,5.97166,6.5981,49.2659,321.725,208.509,1308.03,0.961952,0,0.00671653
626.75,0.129766,279.994,279.895,279.437,237.949,5.88604,6.86664,49.4959,321.725,208.509,1308.03,0.962535,0,0.00253629
627.25,0.130276,280.016,279.916,279.458,237.95,5.97131,6.80533,49.7247,321.725,208.509,1308.03,0.960909,0,0.00548392
627.75,0.130784,280.035,279.936,279.477,237.95,5.91069,7.04042,49.9523,321.725,208.509,1308.03,0.96156,0,0.0025532
628.25,0.131289,280.057,279.956,279.497,237.95,6.06556,7.09793,50.1788,321.994,208.553,1308.03,0.960522,0,0.00464348
628.75,0.131791,280.078,279.976,279.517,237.951,6.07623,7.20372,50.4041,321.994,208.553,1308.03,0.95998,0,0.0041406
629.25,0.132291,280.098,279.997,279.537,237.951,6.07931,7.30203,50.6283,321.994,208.553,1308.03,0.959758,0,0.00365188
629.75,0.132788,280.118,280.017,279.557,237.952,6.08178,7.4031,50.8513,321.994,208.553,1759.97,0.958964,0,0.00453749
630.25,0.133283,280.14,280.036,279.577,237.952,6.21065,7.51233,51.0731,322.262,208.598,1759.97,0.958641,0,0.00384012
630.75,0.133775,280.159,280.054,279.594,237.952,6.28545,7.56921,51.2938,322.262,208.598,1759.97,0.958595,0,0.00359263
631.25,0.134265,280.178,280.071,279.612,237.953,6.36809,7.59246,51.5133,322.262,208.598,1759.97,0.953877,0,0.0235686
631.75,0.134752,280.19,280.088,279.628,237.954,6.11855,8.24528,51.7316,322.262,208.598,1759.97,0.954355,0,0.00193145
632.25,0.135236,280.21,280.104,279.645,237.954,6.30541,8.21205,51.9487,322.514,208.638,1759.97,0.954822,0,0.0019309
632.75,0.135717,280.228,280.121,279.661,237.955,6.43094,8.17275,52.1646,322.514,208.638,1759.97,0.955264,0,0.00206776
633.25,0.136196,280.247,280.137,279.678,237.955,6.54282,8.13583,52.3793,322.514,208.638,1759.97,0.955682,0,0.00197979
633.75,0.136672,280.265,280.154,279.694,237.955,6.65187,8.09942,52.5928,322.514,208.638,1759.97,0.956078,0,0.00207298
634.25,0.137146,280.285,280.171,279.711,237.956,6.86028,8.08441,52.8052,322.745,208.678,1759.97,0.956447,0,0.00199381
634.75,0.137616,280.303,280.187,279.728,237.956,6.97631,8.05793,53.0163,322.745,208.678,1759.97,0.956793,0,0.00207573
635.25,0.138085,280.321,280.204,279.744,237.956,7.07618,8.03179,53.2262,322.745,208.678,1759.97,0.95712,0,0.0020271
635.75,0.13855,280.34,280.221,279.761,237.957,7.17115,8.00766,53.4349,322.745,208.678,1759.97,0.957429,0,0.00208412
636.25,0.139013,280.36,280.238,279.778,237.957,7.36928,8.00259,53.6423,322.982,208.718,1759.97,0.957713,0,0.0020284
636.75,0.139472,280.378,280.256,279.796,237.958,7.47278,7.98536,53.8486,322.982,208.718,1759.97,0.957978,0,0.00208706
637.25,0.13993,280.391,280.273,279.813,237.958,7.46248,8.20324,54.0536,322.982,208.718,1759.97,0.952909,0,0.0205639
637.75,0.140384,280.409,280.291,279.831,237.959,7.19281,8.69174,54.2573,322.982,208.718,1759.97,0.953328,0,0.00183768
638.25,0.140836,280.43,280.309,279.849,237.959,7.35457,8.66606,54.4599,323.231,208.757,1759.97,0.953722,0,0.00192777
638.75,0.141285,280.45,280.327,279.867,237.96,7.44279,8.63178,54.6612,323.231,208.757,1759.97,0.954095,0,0.00190997
639.25,0.141731,280.469,280.345,279.885,237.96,7.52229,8.5987,54.8612,323.231,208.757,1759.97,0.954451,0,0.00194178
639.75,0.142174,280.488,280.363,279.903,237.96,7.60114,8.56812,55.06,323.231,208.757,1759.97,0.954789,0,0.00193573
640.25,0.142615,280.509,280.382,279.921,237.961,7.79344,8.55923,55.2576,323.485,208.799,1759.97,0.955104,0,0.00193263
640.75,0.143052,280.529,280.4,279.939,237.961,7.88671,8.53617,55.4539,323.485,208.799,1759.97,0.9554,0,0.00195014
641.25,0.143487,280.543,280.418,279.958,237.962,7.9288,8.61526,55.6489,323.485,208.799,1759.97,0.950562,0,0.0167175
641.75,0.143919,280.561,280.436,279.976,237.962,7.62079,9.20962,55.8427,323.485,208.799,1759.97,0.95105,0,0.00183807
642.25,0.144349,280.583,280.455,279.995,237.963,7.77699,9.17244,56.0352,323.744,208.839,1759.97,0.951508,0,0.00190959
642.75,0.144775,280.602,280.474,280.013,237.963,7.86338,9.12813,56.2264,323.744,208.839,1759.97,0.951942,0,0.00186322
643.25,0.145199,280.622,280.492,280.032,237.963,7.94069,9.08573,56.4164,323.744,208.839,1759.97,0.952353,0,0.0019103
643.75,0.145619,280.641,280.51,280.05,237.964,8.01749,9.04561,56.605,323.744,208.839,1759.97,0.952741,0,0.00188441
644.25,0.146037,280.658,280.529,280.068,237.965,8.15017,9.18299,56.7924,324.005,208.882,1759.97,0.948695,0,0.0291845
644.75,0.146452,280.677,280.548,280.087,237.965,7.92689,9.63655,56.9785,324.005,208.882,1759.97,0.949121,0,0.00151547
645.25,0.146865,280.696,280.566,280.106,237.966,7.97308,9.58863,57.1633,324.005,208.882,1759.97,0.949532,0,0.00167022
645.75,0.147274,280.716,280.585,280.124,237.966,8.03752,9.54753,57.3469,324.005,208.882,1759.97,0.949926,0,0.00154414
646.25,0.14768,280.738,280.603,280.143,237.967,8.22457,9.52915,57.5291,324.272,208.924,1759.97,0.950291,0,0.00161563
646.75,0.148084,280.751,280.622,280.161,237.967,8.14763,9.858,57.71,324.272,208.924,1759.97,0.945097,0,0.00663696
647.25,0.148484,280.769,280.64,280.179,237.967,7.93072,10.2313,57.8896,324.272,208.924,1759.97,0.94583,0,0.0016103
647.75,0.148882,280.787,280.658,280.197,237.968,7.99083,10.1839,58.0679,324.272,208.924,1759.97,0.944465,0,0.00591972
648.25,0.149276,280.808,280.676,280.216,237.968,8.04584,10.3727,58.2449,324.533,208.963,1759.97,0.945219,0,0.00158536
648.75,0.149668,280.825,280.694,280.234,237.969,8.113,10.356,58.4206,324.533,208.963,1759.97,0.944156,0,0.00524863
649.25,0.150057,280.845,280.713,280.252,237.969,8.08822,10.4525,58.595,324.533,208.963,1759.97,0.944919,0,0.00158923
649.75,0.150443,280.862,280.731,280.27,237.97,8.09804,10.5217,58.768,324.533,208.963,1759.97,0.944117,0,0.00474804
650.25,0.150826,280.882,280.749,280.288,237.97,8.22433,10.5811,58.9397,324.796,209.003,1759.97,0.943616,0,0.0041977
650.75,0.151206,280.901,280.768,280.307,237.971,8.23558,10.651,59.1101,324.796,209.003,1759.97,0.943324,0,0.0213094
651.25,0.151583,280.914,280.783,280.322,237.971,8.12368,10.9917,59.2792,324.796,209.003,1759.97,0.939607,0,0.00141994
651.75,0.151957,280.929,280.797,280.336,237.972,8.03915,11.2615,59.4469,324.796,209.003,1759.97,0.940171,0,0.00156586
652.25,0.152328,280.946,280.811,280.35,237.972,8.25726,11.2209,59.6133,325.041,209.041,1759.97,0.940706,0,0.00143634
652.75,0.152696,280.962,280.825,280.364,237.973,8.38276,11.1676,59.7783,325.041,209.041,1759.97,0.941218,0,0.00154892
653.25,0.153061,280.977,280.839,280.378,237.973,8.49034,11.1157,59.942,325.041,209.041,1759.97,0.941708,0,0.00146427
653.75,0.153423,280.994,280.855,280.394,237.973,8.57501,11.0732,60.1043,325.041,209.041,1759.97,0.941938,0,0.00241925
654.25,0.153782,281.013,280.872,280.411,237.974,8.69201,11.0913,60.2653,325.265,209.076,2361.86,0.941967,0,0.00300057
654.75,0.154138,281.03,280.889,280.428,237.974,8.72473,11.1072,60.425,325.265,209.076,2361.86,0.94199,0,0.00305728
655.25,0.154491,281.048,280.907,280.446,237.975,8.7471,11.1238,60.5833,325.265,209.076,2361.86,0.941975,0,0.00310416
655.75,0.154841,281.057,280.922,280.461,237.976,8.55536,11.6312,60.7402,325.265,209.076,2361.86,0.935679,0,0.0375531
656.25,0.155188,281.074,280.937,280.476,237.977,8.42717,12.0659,60.8957,325.516,209.114,2361.86,0.936264,0,0.00119198
656.75,0.155532,281.091,280.952,280.491,237.977,8.51349,11.9996,61.0499,325.516,209.114,2361.86,0.936829,0,0.00131833
657.25,0.155872,281.107,280.967,280.506,237.977,8.59983,11.9363,61.2027,325.516,209.114,2361.86,0.937374,0,0.00131025
657.75,0.15621,281.123,280.982,280.521,237.978,8.68604,11.8759,61.3542,325.516,209.114,2361.86,0.937901,0,0.00133137
658.25,0.156545,281.141,280.997,280.536,237.978,8.8755,11.8365,61.5042,325.748,209.15,2361.86,0.938405,0,0.00131525
658.75,0.156876,281.157,281.012,280.551,237.978,8.97428,11.7837,61.6529,325.748,209.15,2361.86,0.938891,0,0.00134078
659.25,0.157205,281.174,281.027,280.566,237.979,9.05726,11.732,61.8002,325.748,209.15,2361.86,0.939359,0,0.00133254
659.75,0.15753,281.19,281.042,280.581,237.979,9.13623,11.6818,61.9461,325.748,209.15,2361.86,0.93981,0,0.00135289
660.25,0.157853,281.208,281.058,280.596,237.98,9.31808,11.6521,62.0907,325.983,209.186,2361.86,0.940242,0,0.00133596
660.75,0.158172,281.224,281.073,280.611,237.98,9.40662,11.6098,62.2338,325.983,209.186,2361.86,0.940657,0,0.0013609
661.25,0.158488,281.241,281.088,280.627,237.98,9.48013,11.5664,62.3756,325.983,209.186,2361.86,0.941057,0,0.00135195
661.75,0.158801,281.257,281.103,280.642,237.981,9.54934,11.5245,62.5159,325.983,209.186,2361.86,0.941442,0,0.00137147
662.25,0.159111,281.275,281.119,280.657,237.981,9.7226,11.5031,62.6549,326.221,209.222,2361.86,0.94181,0,0.00135339
662.75,0.159417,281.282,281.133,280.672,237.983,9.42681,12.2422,62.7924,326.221,209.222,2361.86,0.935004,0,0.0571345
663.25,0.159721,281.298,281.149,280.688,237.984,9.21675,12.4951,62.9286,326.221,209.222,2361.86,0.935472,0,0.00110319
663.75,0.160022,281.314,281.165,280.703,237.984,9.25173,12.4382,63.0633,326.221,209.222,2361.86,0.935929,0,0.00110168
664.25,0.160319,281.333,281.181,280.719,237.984,9.40577,12.4048,63.1966,326.456,209.259,2361.86,0.936364,0,0.00109483
664.75,0.160613,281.349,281.197,280.735,237.985,9.47447,12.3579,63.3285,326.456,209.259,2361.86,0.936785,0,0.00106974
665.25,0.160904,281.366,281.212,280.751,237.985,9.53091,12.3122,63.459,326.456,209.259,2361.86,0.937195,0,0.00108728
665.75,0.161192,281.382,281.228,280.767,237.985,9.58559,12.2678,63.5881,326.456,209.259,2361.86,0.937593,0,0.00107136
666.25,0.161477,281.401,281.244,280.782,237.986,9.75122,12.2433,63.7158,326.702,209.295,2361.86,0.937977,0,0.0010748
666.75,0.161758,281.417,281.26,280.798,237.986,9.81989,12.2055,63.842,326.702,209.295,2361.86,0.938349,0,0.00107055
667.25,0.162036,281.434,281.276,280.814,237.987,9.87424,12.1657,63.9668,326.702,209.295,2361.86,0.93871,0,0.00107267
667.75,0.162312,281.45,281.291,280.83,237.987,9.92525,12.1269,64.0902,326.702,209.295,2361.86,0.93906,0,0.00106955
668.25,0.162584,281.459,281.307,280.845,237.989,9.95921,12.4278,64.2122,326.949,209.332,2361.86,0.930707,0,0.0435647
668.75,0.162852,281.474,281.323,280.861,237.989,9.40261,13.3799,64.3327,326.949,209.332,2361.86,0.931267,0,0.00106694
669.25,0.163118,281.49,281.338,280.876,237.989,9.40718,13.302,64.4518,326.949,209.332,2361.86,0.931814,0,0.00106189
669.75,0.16338,281.506,281.354,280.892,237.99,9.45179,13.2321,64.5694,326.949,209.332,2361.86,0.932347,0,0.0010647
670.25,0.163639,281.524,281.369,280.908,237.99,9.60958,13.1861,64.6856,327.187,209.366,2361.86,0.932858,0,0.00103762
670.75,0.163895,281.541,281.385,280.923,237.99,9.67831,13.1266,64.8004,327.187,209.366,2361.86,0.933352,0,0.00105856
671.25,0.164148,281.557,281.401,280.939,237.991,9.73374,13.0682,64.9137,327.187,209.366,2361.86,0.933833,0,0.00103987
671.75,0.164398,281.574,281.416,280.954,237.991,9.78745,13.0104,65.0256,327.187,209.366,2361.86,0.9343,0,0.00105392
672.25,0.164644,281.592,281.432,280.97,237.992,9.95149,12.9742,65.136,327.435,209.402,2361.86,0.934751,0,0.0010339
672.75,0.164887,281.598,281.447,280.985,237.992,9.83379,13.3571,65.245,327.435,209.402,2361.86,0.926961,0,0.0161496
673.25,0.165127,281.613,281.462,281,237.993,9.36423,14.0959,65.3525,327.435,209.402,2361.86,0.927755,0,0.00103524
673.75,0.165363,281.629,281.478,281.016,237.993,9.39693,13.9837,65.4586,327.435,209.402,2361.86,0.928523,0,0.00104541
674.25,0.165596,281.647,281.493,281.031,237.994,9.56732,13.8999,65.5632,327.673,209.434,2361.86,0.929258,0,0.00102669
674.75,0.165827,281.663,281.508,281.046,237.994,9.65044,13.806,65.6664,327.673,209.434,2361.86,0.929965,0,0.00104087
675.25,0.166053,281.68,281.523,281.061,237.994,9.72101,13.7141,65.7681,327.673,209.434,2361.86,0.930646,0,0.00102792
675.75,0.166277,281.69,281.538,281.076,237.996,9.53636,14.1356,65.8683,327.673,209.434,3113.18,0.92727,0,0.0419213
676.25,0.166497,281.708,281.553,281.091,237.996,9.58112,14.1845,65.9671,327.909,209.471,3113.18,0.927919,0,0.000999595
676.75,0.166714,281.724,281.569,281.106,237.997,9.64467,14.1007,66.0644,327.909,209.471,3113.18,0.928548,0,0.00102853
677.25,0.166928,281.74,281.584,281.122,237.997,9.70147,14.0186,66.1602,327.909,209.471,3113.18,0.929158,0,0.00100286
677.75,0.167138,281.748,281.599,281.137,237.997,9.68587,14.1337,66.2546,327.909,209.471,3113.18,0.92249,0,0.00541403
678.25,0.167345,281.764,281.613,281.151,237.998,9.32085,14.9679,66.3475,328.149,209.502,3113.18,0.923437,0,0.000999742
678.75,0.167549,281.778,281.628,281.166,237.998,9.33669,14.9098,66.4389,328.149,209.502,3113.18,0.922876,0,0.00594334
679.25,0.16775,281.793,281.643,281.18,237.999,9.31309,14.9293,66.5288,328.149,209.502,3113.18,0.923808,0,0.00100115
679.75,0.167947,281.807,281.657,281.195,237.999,9.34881,14.8863,66.6173,328.149,209.502,3113.18,0.923085,0,0.00657103
680.25,0.168141,281.824,281.672,281.209,238,9.42654,14.9424,66.7043,328.387,209.535,3113.18,0.924003,0,0.000994939
680.75,0.168332,281.838,281.686,281.224,238,9.49631,14.8653,66.7898,328.387,209.535,3113.18,0.923132,0,0.00699404
681.25,0.168519,281.854,281.701,281.239,238,9.44076,14.9653,66.8738,328.387,209.535,3113.18,0.924044,0,0.000995809
681.75,0.168703,281.869,281.716,281.254,238.001,9.50595,14.8377,66.9563,328.387,209.535,3113.18,0.924922,0,0.0010046
682.25,0.168884,281.884,281.731,281.268,238.002,9.54642,15.0165,67.0373,328.629,209.569,3113.18,0.923888,0,0.036209
682.75,0.169061,281.9,281.745,281.283,238.003,9.59185,14.9294,67.1169,328.629,209.569,3113.18,0.924635,0,0.00099995
683.25,0.169235,281.905,281.756,281.294,238.003,9.28317,15.64,67.195,328.629,209.569,3113.18,0.919201,0,0.000989032
683.75,0.169406,281.917,281.767,281.305,238.003,9.23267,15.6962,67.2715,328.629,209.569,3113.18,0.919875,0,0.000996239
684.25,0.169573,281.93,281.778,281.316,238.004,9.4017,15.6242,67.3466,328.836,209.598,3113.18,0.920527,0,0.000965513
684.75,0.169738,281.944,281.792,281.33,238.004,9.4498,15.5612,67.4202,328.836,209.598,3113.18,0.920775,0,0.00326831
685.25,0.169898,281.958,281.806,281.344,238.004,9.44603,15.5285,67.4923,328.836,209.598,3113.18,0.920931,0,0.00372567
685.75,0.170056,281.973,281.821,281.358,238.005,9.44868,15.5039,67.5666,328.836,209.598,3113.18,0.921231,0,0.00317106
686.25,0.17021,281.989,281.835,281.373,238.005,9.55089,15.5059,67.646,329.063,209.629,3113.18,0.921352,0,0.00373667
686.75,0.170361,282.004,281.85,281.387,238.006,9.56765,15.4897,67.7237,329.063,209.629,3113.18,0.92178,0,0.00264632
687.25,0.170508,282.018,281.864,281.402,238.006,9.564,15.4941,67.7996,329.063,209.629,3113.18,0.921596,0,0.0047991
687.75,0.170652,282.033,281.879,281.416,238.007,9.56536,15.4755,67.8738,329.063,209.629,3113.18,0.92188,0,0.00312566
688.25,0.170793,282.043,281.893,281.43,238.008,9.6162,15.6382,67.9463,329.305,209.662,3113.18,0.916627,0,0.0335766
688.75,0.17093,282.054,281.904,281.441,238.008,9.29056,16.2851,68.0171,329.305,209.662,3113.18,0.917343,0,0.00097098
689.25,0.171064,282.066,281.915,281.452,238.009,9.35079,16.1841,68.0861,329.305,209.662,3113.18,0.918042,0,0.000960027
689.75,0.171195,282.078,281.925,281.463,238.009,9.42839,16.0902,68.1534,329.305,209.662,3113.18,0.918723,0,0.000967309
690.25,0.171322,282.091,281.936,281.474,238.009,9.5931,16.0147,68.219,329.501,209.69,3113.18,0.919382,0,0.000938089
690.75,0.171446,282.104,281.947,281.485,238.01,9.67996,15.9292,68.2828,329.501,209.69,3113.18,0.920024,0,0.000960683
691.25,0.171566,282.116,281.958,281.496,238.01,9.75345,15.8431,68.3449,329.501,209.69,3113.18,0.92065,0,0.000940438
691.75,0.171683,282.129,281.973,281.51,238.01,9.77079,15.7823,68.4053,329.501,209.69,3113.18,0.920879,0,0.00328538
692.25,0.171797,282.145,281.988,281.525,238.011,9.83955,15.7771,68.4639,329.713,209.718,3113.18,0.92093,0,0.00391966
692.75,0.171908,282.16,282.002,281.54,238.011,9.82774,15.7676,68.5208,329.713,209.718,3113.18,0.921128,0,0.00332719
693.25,0.172015,282.174,282.017,281.554,238.012,9.805,15.7609,68.5759,329.713,209.718,3113.18,0.921185,0,0.0038477
693.75,0.172118,282.178,282.03,281.568,238.015,9.61197,16.1792,68.6293,329.713,209.718,3113.18,0.912629,0,0.0978378
694.25,0.172219,282.19,282.041,281.578,238.015,9.15092,17.1046,68.681,329.923,209.756,3113.18,0.913331,0,0.000912264
694.75,0.172315,282.201,282.052,281.589,238.016,9.18845,17.0011,68.7309,329.923,209.756,3113.18,0.91402,0,0.000846705
695.25,0.172409,282.213,282.063,281.6,238.016,9.24373,16.9046,68.779,329.923,209.756,3113.18,0.914694,0,0.000897494
695.75,0.172499,282.225,282.074,281.611,238.016,9.3025,16.8098,68.8255,329.923,209.756,3113.18,0.915354,0,0.000852014
696.25,0.172586,282.238,282.085,281.622,238.017,9.45131,16.7355,68.8701,330.125,209.782,3113.18,0.915998,0,0.00088589
696.75,0.172669,282.25,282.096,281.633,238.017,9.52192,16.6479,68.9131,330.125,209.782,3113.18,0.916628,0,0.000854685
697.25,0.172749,282.262,282.107,281.644,238.017,9.57926,16.5601,68.9543,330.125,209.782,3113.18,0.917245,0,0.000877586
697.75,0.172826,282.274,282.118,281.655,238.018,9.63204,16.4751,68.9937,330.125,209.782,3113.18,0.917848,0,0.000855766
698.25,0.172899,282.287,282.129,281.666,238.018,9.77407,16.4076,69.0314,330.329,209.808,3113.18,0.918437,0,0.000869926
698.75,0.172968,282.299,282.14,281.677,238.018,9.83598,16.3275,69.0673,330.329,209.808,3113.18,0.919013,0,0.00085559
699.25,0.173035,282.311,282.151,281.688,238.018,9.88345,16.2481,69.1015,330.329,209.808,3113.18,0.919577,0,0.000865029
699.75,0.173098,282.322,282.162,281.699,238.019,9.92753,16.1688,69.1339,330.329,209.808,3113.18,0.920129,0,0.000854875
700.25,0.173157,282.335,282.174,281.71,238.019,10.0608,16.1081,69.1646,330.534,209.834,3113.18,0.920669,0,0.000859429
700.75,0.173213,282.349,282.188,281.725,238.02,10.0708,16.0564,69.1935,330.534,209.834,3113.18,0.920826,0,0.00288655
701.25,0.173266,282.363,282.203,281.739,238.02,10.0095,16.0485,69.2207,330.534,209.834,3113.18,0.920849,0,0.00344665
701.75,0.173315,282.377,282.217,281.754,238.02,9.95456,16.0467,69.2461,330.534,209.834,3113.18,0.920867,0,0.00351822
702.25,0.173361,282.383,282.23,281.767,238.021,9.84036,16.4806,69.2698,330.769,209.864,3113.18,0.91411,0,0.00838002
702.75,0.173404,282.393,282.24,281.777,238.021,9.45614,17.1038,69.2917,330.769,209.864,3113.18,0.914882,0,0.000853624
703.25,0.173443,282.404,282.251,281.787,238.021,9.49218,16.9858,69.3118,330.769,209.864,3113.18,0.915636,0,0.00085467
703.75,0.173479,282.407,282.261,281.797,238.024,9.37379,17.266,69.3302,330.769,209.864,3113.18,0.909895,0,0.0793503
704.25,0.173511,282.418,282.271,281.808,238.025,9.06106,17.8172,69.3469,330.932,209.89,3113.18,0.910639,0,0.000851843
704.75,0.17354,282.429,282.282,281.819,238.025,9.08076,17.7026,69.3617,330.932,209.89,3113.18,0.91137,0,0.000907228
705.25,0.173565,282.441,282.293,281.829,238.025,9.11666,17.5919,69.3749,330.932,209.89,3113.18,0.912087,0,0.000856486
705.75,0.173587,282.452,282.303,281.84,238.025,9.15578,17.4855,69.3862,330.932,209.89,3113.18,0.91279,0,0.000894132
706.25,0.173606,282.464,282.314,281.85,238.026,9.2867,17.3973,69.3959,331.133,209.914,3113.18,0.913479,0,0.000859043
706.75,0.173621,282.476,282.324,281.861,238.026,9.34031,17.2971,69.4037,331.133,209.914,3113.18,0.914153,0,0.000884005
707.25,0.173633,282.487,282.335,281.871,238.026,9.38077,17.1981,69.4098,331.133,209.914,3113.18,0.914814,0,0.000859207
707.75,0.173642,282.498,282.345,281.882,238.027,9.4186,17.0994,69.4141,331.133,209.914,3113.18,0.915462,0,0.000875964
708.25,0.173647,282.51,282.356,281.892,238.027,9.5442,17.0194,69.4167,331.333,209.939,3113.18,0.916097,0,0.000858264
