hour,mu0,ground_k,air_k,air_300m_k,column_mean_k,sensible_w_m2,latent_w_m2,sw_ground_w_m2,lw_down_w_m2,olr_w_m2,mixed_layer_m,rh_ground,dew_kg_m2,condensed_kg_m2
0.25,0.499999,288.002,287.988,287.515,238.357,-0.0810582,15.6551,264.736,360.699,213.492,3113.18,0.926283,0,0
0.75,0.499989,288.003,287.99,287.517,238.357,-0.0869109,15.4684,264.729,360.699,213.492,3113.18,0.927046,0,0
1.25,0.499969,288.005,287.992,287.519,238.357,-0.0923207,15.2886,264.717,360.699,213.492,3113.18,0.927776,0,0
1.75,0.49994,288.007,287.993,287.521,238.358,-0.0894948,15.6735,264.697,360.699,213.492,3113.18,0.925946,0,0.0077602
2.25,0.499901,288.008,287.996,287.523,238.358,-0.0968845,15.5352,264.672,360.739,213.495,3113.18,0.926489,0,0
2.75,0.499851,288.01,287.998,287.525,238.358,-0.10414,15.3802,264.64,360.739,213.495,3113.18,0.927028,0,0
3.25,0.499792,288.012,288.001,287.528,238.358,-0.110835,15.2252,264.601,360.739,213.495,3113.18,0.927577,0,0
3.75,0.499724,288.013,288.003,287.53,238.358,-0.116993,15.0669,264.556,360.739,213.495,3113.18,0.92808,0,0
4.25,0.499645,288.015,288.005,287.532,238.358,-0.121856,14.8981,264.505,360.789,213.497,3113.18,0.928619,0,0
4.75,0.499557,288.017,288.007,287.534,238.358,-0.126312,14.0952,264.448,360.789,213.497,3113.18,0.929132,0,0
5.25,0.499459,288.018,288.009,287.536,238.358,-0.129744,11.4683,264.383,360.789,213.497,3113.18,0.929412,0,0
5.75,0.499351,288.02,288.011,287.538,238.358,-0.130507,11.8329,264.313,360.789,213.497,3113.18,0.920871,0,0
6.25,0.499233,288.022,288.012,287.539,238.358,-0.124441,16.3395,264.236,360.82,213.498,3113.18,0.921173,0,0
6.75,0.499105,288.023,288.013,287.54,238.358,-0.117552,16.3948,264.153,360.82,213.498,3113.18,0.921567,0,0
7.25,0.498968,288.025,288.014,287.541,238.358,-0.110586,16.3645,264.063,360.82,213.498,3113.18,0.922022,0,0
7.75,0.49882,288.027,288.014,287.542,238.366,-0.100241,18.1154,263.967,360.82,213.498,3113.18,0.913736,0,0.264321
8.25,0.498663,288.028,288.016,287.544,238.366,-0.103366,18.0729,263.865,360.779,213.543,3113.18,0.914139,0,0
8.75,0.498496,288.03,288.018,287.546,238.366,-0.1064,17.9726,263.756,360.779,213.543,3113.18,0.914516,0,0
9.25,0.49832,288.031,288.02,287.548,238.366,-0.109116,17.873,263.641,360.779,213.543,3113.18,0.914886,0,0
9.75,0.498133,288.033,288.022,287.549,238.366,-0.111524,17.7756,263.519,360.779,213.543,3113.18,0.915254,0,0
10.25,0.497937,288.035,288.024,287.551,238.366,-0.113226,17.6837,263.391,360.827,213.545,3113.18,0.915622,0,0
10.75,0.497731,288.036,288.026,287.553,238.366,-0.114707,17.5939,263.257,360.827,213.545,3113.18,0.915999,0,0
11.25,0.497515,288.038,288.028,287.555,238.366,-0.115914,17.5066,263.116,360.827,213.545,3113.18,0.916401,0,0
11.75,0.49729,288.04,288.029,287.556,238.366,-0.116855,17.423,262.969,360.827,213.545,3113.18,0.916769,0,0
12.25,0.497054,288.041,288.031,287.558,238.366,-0.117209,17.3443,262.815,360.873,213.546,3113.18,0.917079,0,0
12.75,0.496809,288.043,288.033,287.56,238.366,-0.117344,17.269,262.656,360.873,213.546,3113.18,0.917479,0,0
13.25,0.496554,288.044,288.034,287.561,238.366,-0.117242,17.1974,262.489,360.873,213.546,3113.18,0.91783,0,0
13.75,0.49629,288.046,288.036,287.563,238.366,-0.116908,17.1301,262.317,360.873,213.546,3113.18,0.918133,0,0
14.25,0.496015,288.048,288.037,287.565,238.366,-0.116086,17.069,262.138,360.916,213.548,3113.18,0.918461,0,0
14.75,0.495731,288.049,288.039,287.566,238.366,-0.115047,17.0088,261.953,360.916,213.548,3113.18,0.918823,0,0
15.25,0.495437,288.051,288.04,287.568,238.366,-0.113798,16.951,261.761,360.916,213.548,3113.18,0.919148,0,0
15.75,0.495134,288.053,288.042,287.569,238.366,-0.112346,16.8943,261.563,360.916,213.548,3113.18,0.919496,0,0
16.25,0.49482,288.054,288.043,287.571,238.366,-0.110488,16.8405,261.359,360.957,213.549,3113.18,0.919836,0,0
16.75,0.494497,288.056,288.045,287.572,238.366,-0.108409,16.788,261.148,360.957,213.549,3113.18,0.920178,0,0
17.25,0.494165,288.057,288.046,287.573,238.366,-0.106143,16.737,260.931,360.957,213.549,3113.18,0.920517,0,0
17.75,0.493822,288.059,288.048,287.575,238.366,-0.103696,16.6856,260.707,360.957,213.549,3113.18,0.920854,0,0
18.25,0.49347,288.061,288.049,287.576,238.366,-0.100914,16.6359,260.478,360.995,213.55,3113.18,0.921183,0,0
18.75,0.493108,288.062,288.05,287.577,238.365,-0.0979081,16.5863,260.242,360.995,213.55,3113.18,0.921517,0,0
19.25,0.492737,288.064,288.051,287.579,238.365,-0.0947359,16.5365,259.999,360.995,213.55,3113.18,0.921827,0,0
19.75,0.492355,288.065,288.053,287.58,238.365,-0.0913983,16.4877,259.751,360.995,213.55,3113.18,0.922158,0,0
20.25,0.491964,288.067,288.054,287.581,238.365,-0.0877893,16.4398,259.496,361.032,213.552,3113.18,0.922475,0,0
20.75,0.491564,288.069,288.055,287.582,238.365,-0.083952,16.3924,259.235,361.032,213.552,3113.18,0.922801,0,0
21.25,0.491154,288.07,288.057,287.584,238.365,-0.0799745,16.3418,258.967,361.032,213.552,3113.18,0.923239,0,0.000109464
21.75,0.490734,288.072,288.058,287.585,238.365,-0.0774805,16.2763,258.693,361.032,213.552,3113.18,0.923664,0,7.00001e-05
22.25,0.490304,288.074,288.059,287.586,238.365,-0.0741983,16.2136,258.413,361.068,213.553,3113.18,0.924045,0,0.00050244
22.75,0.489865,288.075,288.061,287.588,238.365,-0.0769247,16.1484,258.127,361.068,213.553,3113.18,0.924294,0,0.00142116
23.25,0.489416,288.077,288.063,287.59,238.365,-0.0810367,15.9572,257.834,361.068,213.553,3113.18,0.925123,0,0
23.75,0.488958,288.078,288.065,287.592,238.365,-0.0847657,15.7696,257.535,361.068,213.553,3113.18,0.925931,0,0
24.25,0.48849,288.08,288.066,287.594,238.365,-0.0823652,15.9612,257.23,361.111,213.554,3113.18,0.925036,0,0.00422636
24.75,0.488012,288.081,288.068,287.596,238.365,-0.086797,15.7793,256.918,361.111,213.554,3113.18,0.925843,0,0
25.25,0.487525,288.083,288.07,287.598,238.365,-0.0909589,15.5932,256.6,361.111,213.554,3113.18,0.926623,0,0
25.75,0.487028,288.085,288.072,287.6,238.365,-0.0946306,15.4142,256.276,361.111,213.554,3113.18,0.927383,0,0
26.25,0.486522,288.086,288.074,287.601,238.365,-0.0974835,15.2431,255.946,361.154,213.555,3113.18,0.928114,0,0
26.75,0.486006,288.088,288.076,287.603,238.365,-0.099944,15.0797,255.61,361.154,213.555,3113.18,0.928818,0,0
27.25,0.48548,288.089,288.078,287.605,238.365,-0.101974,14.9241,255.267,361.154,213.555,3113.18,0.92949,0,0
27.75,0.484945,288.091,288.079,287.606,238.365,-0.0953475,15.5565,254.918,361.154,213.555,3113.18,0.92659,0,0.0101151
28.25,0.484401,288.093,288.081,287.608,238.365,-0.10022,15.4408,254.563,361.184,213.557,3113.18,0.927086,0,0
28.75,0.483847,288.094,288.083,287.61,238.365,-0.104897,15.3036,254.201,361.184,213.557,3113.18,0.927621,0,0
29.25,0.483283,288.096,288.085,287.612,238.365,-0.109,15.1669,253.834,361.184,213.557,3113.18,0.928126,0,0
29.75,0.48271,288.097,288.087,287.614,238.365,-0.11255,15.034,253.46,361.184,213.557,3113.18,0.928591,0,0
30.25,0.482128,288.099,288.089,287.616,238.364,-0.114941,14.9054,253.08,361.228,213.558,3113.18,0.929096,0,0
30.75,0.481536,288.1,288.091,287.618,238.364,-0.116939,14.7792,252.694,361.228,213.558,3113.18,0.92958,0,0
31.25,0.480934,288.102,288.092,287.619,238.364,-0.118472,14.6479,252.302,361.228,213.558,3113.18,0.930095,0,0
31.75,0.480323,288.104,288.094,287.621,238.364,-0.119554,14.4968,251.903,361.228,213.558,3113.18,0.930567,0,0
32.25,0.479703,288.105,288.096,287.623,238.364,-0.119725,14.354,251.499,361.267,213.558,3113.18,0.931015,0,0
32.75,0.479073,288.107,288.097,287.624,238.364,-0.115578,16.3984,251.088,361.267,213.558,3113.18,0.921402,0,0
33.25,0.478434,288.108,288.097,287.624,238.364,-0.106105,16.4764,250.671,361.267,213.558,3113.18,0.921837,0,0
33.75,0.477785,288.11,288.098,287.625,238.364,-0.0963632,16.4528,250.248,361.267,213.558,3113.18,0.922282,0,0
34.25,0.477127,288.111,288.098,287.626,238.364,-0.0870282,16.4138,249.819,361.286,213.557,3113.18,0.922738,0,0
34.75,0.47646,288.113,288.099,287.626,238.364,-0.077471,16.3647,249.384,361.286,213.557,3113.18,0.923312,0,3.28301e-05
35.25,0.475783,288.114,288.1,287.627,238.364,-0.0683801,16.2908,248.942,361.286,213.557,3113.18,0.923917,0,1.76076e-05
35.75,0.475097,288.116,288.1,287.627,238.364,-0.0589363,16.2381,248.495,361.286,213.557,3113.18,0.924364,0,0.0201156
36.25,0.474402,288.117,288.102,287.629,238.364,-0.0607169,16.0888,248.041,361.309,213.561,3113.18,0.925039,0,0
36.75,0.473697,288.119,288.104,287.631,238.364,-0.0622615,15.9419,247.582,361.309,213.561,3113.18,0.9257,0,0
37.25,0.472983,288.12,288.105,287.632,238.364,-0.0587873,17.2175,247.116,361.309,213.561,3113.18,0.919394,0,0
37.75,0.47226,288.122,288.106,287.633,238.364,-0.052318,17.1771,246.644,361.309,213.561,3113.18,0.919942,0,0
38.25,0.471527,288.123,288.107,287.634,238.363,-0.0456499,17.0916,246.166,361.338,213.56,3113.18,0.920491,0,0
38.75,0.470785,288.125,288.107,287.635,238.363,-0.038742,17.0073,245.683,361.338,213.56,3113.18,0.921016,0,0
39.25,0.470034,288.126,288.108,287.635,238.363,-0.0316448,16.9243,245.193,361.338,213.56,3113.18,0.921538,0,0
39.75,0.469274,288.128,288.109,287.636,238.363,-0.0243601,16.8429,244.697,361.338,213.56,3113.18,0.922055,0,0
40.25,0.468504,288.129,288.11,287.637,238.363,-0.0168789,16.763,244.195,361.368,213.56,3113.18,0.922563,0,0
40.75,0.467725,288.131,288.111,287.638,238.363,-0.00908548,16.6815,243.687,361.368,213.56,3113.18,0.923164,0,2.45463e-05
41.25,0.466938,288.132,288.111,287.638,238.363,-0.00163454,16.5803,243.173,361.368,213.56,3113.18,0.92384,0,4.78585e-05
41.75,0.46614,288.134,288.112,287.639,238.363,0.00572711,16.4956,242.653,361.368,213.56,3113.18,0.924351,0,0.00159698
42.25,0.465334,288.135,288.114,287.641,238.363,0.00416419,16.3055,242.127,361.397,213.56,3113.18,0.925224,0,0
42.75,0.464519,288.136,288.115,287.642,238.362,0.00295821,16.1197,241.595,361.397,213.56,3113.18,0.926072,0,0
43.25,0.463694,288.138,288.116,287.643,238.363,0.00793368,16.2438,241.058,361.397,213.56,3113.18,0.925533,0,0.0373591
43.75,0.46286,288.139,288.118,287.645,238.363,0.00481394,16.0942,240.514,361.397,213.56,3113.18,0.926219,0,0
44.25,0.462018,288.141,288.12,287.647,238.363,0.00171632,15.9412,239.964,361.428,213.565,3113.18,0.926886,0,0
44.75,0.461166,288.142,288.122,287.649,238.363,-0.000922848,15.7929,239.409,361.428,213.565,3113.18,0.927535,0,0
45.25,0.460305,288.144,288.123,287.65,238.363,-0.00309268,15.6498,238.847,361.428,213.565,3113.18,0.928169,0,0
45.75,0.459435,288.145,288.125,287.652,238.363,-0.00480968,15.5113,238.28,361.428,213.565,3113.18,0.928784,0,0
46.25,0.458556,288.146,288.126,287.653,238.363,-0.00547842,15.3788,237.706,361.467,213.564,3113.18,0.92939,0,0
46.75,0.457668,288.148,288.128,287.655,238.362,-0.0057839,15.2509,237.127,361.467,213.564,3113.18,0.929982,0,0
47.25,0.456771,288.149,288.129,287.656,238.362,-0.00568643,15.1274,236.542,361.467,213.564,3113.18,0.93056,0,0
47.75,0.455865,288.151,288.131,287.658,238.362,-0.00519616,15.008,235.951,361.467,213.564,3113.18,0.931125,0,0
48.25,0.45495,288.152,288.132,287.659,238.362,-0.00386679,14.8935,235.355,361.502,213.564,3113.18,0.931681,0,0
48.75,0.454026,288.154,288.133,287.66,238.362,-0.000478628,16.4689,234.752,361.502,213.564,3113.18,0.924161,0,0.000783305
49.25,0.453093,288.155,288.134,287.661,238.362,0.00103534,16.3398,234.144,361.502,213.564,3113.18,0.925055,0,0
49.75,0.452152,288.156,288.135,287.662,238.362,0.00600075,16.3998,233.53,361.502,213.564,3113.18,0.924823,0,0.00337857
50.25,0.451201,288.158,288.137,287.664,238.361,0.00596273,16.2202,232.91,361.525,213.563,3113.18,0.925693,0,0
50.75,0.450242,288.159,288.138,287.665,238.361,0.0063068,16.0399,232.284,361.525,213.563,3113.18,0.926537,0,0
51.25,0.449273,288.16,288.139,287.666,238.361,0.00711411,15.8665,231.652,361.525,213.563,3113.18,0.927356,0,0
51.75,0.448296,288.162,288.141,287.668,238.361,0.00836833,15.6997,231.015,361.525,213.563,3113.18,0.92815,0,0
52.25,0.44731,288.163,288.142,287.669,238.361,0.0105754,15.5405,230.372,361.559,213.562,3113.18,0.928924,0,0
52.75,0.446316,288.164,288.142,287.669,238.361,0.0183223,16.0382,229.723,361.559,213.562,3113.18,0.92664,0,0.0103405
53.25,0.445312,288.166,288.144,287.671,238.361,0.0173804,15.9256,229.069,361.559,213.562,3113.18,0.927238,0,0
53.75,0.4443,288.167,288.145,287.672,238.361,0.016758,15.7966,228.409,361.559,213.562,3113.18,0.927828,0,0
54.25,0.443279,288.168,288.147,287.674,238.36,0.0164327,15.6707,227.743,361.583,213.562,3113.18,0.928402,0,0
54.75,0.442249,288.17,288.148,287.675,238.36,0.0167222,15.5482,227.071,361.583,213.562,3113.18,0.928976,0,0
55.25,0.441211,288.171,288.149,287.676,238.36,0.0175686,15.4291,226.394,361.583,213.562,3113.18,0.929549,0,0
55.75,0.440164,288.172,288.15,287.677,238.36,0.0189507,15.3131,225.711,361.583,213.562,3113.18,0.930102,0,0
56.25,0.439108,288.174,288.152,287.679,238.36,0.0212931,15.2013,225.023,361.615,213.56,3113.18,0.930658,0,0
56.75,0.438044,288.175,288.153,287.68,238.359,0.0241338,15.0923,224.328,361.615,213.56,3113.18,0.931205,0,0
57.25,0.436971,288.176,288.154,287.681,238.359,0.0274438,14.9864,223.629,361.615,213.56,3113.18,0.931747,0,0
57.75,0.435889,288.178,288.155,287.682,238.359,0.0312031,14.8829,222.923,361.615,213.56,3113.18,0.932285,0,0
58.25,0.434799,288.179,288.156,287.683,238.359,0.0356894,14.7824,222.212,361.642,213.559,3113.18,0.932815,0,0
58.75,0.433701,288.18,288.156,287.683,238.359,0.0488323,16.6247,221.496,361.642,213.559,3113.18,0.924207,0,0.000973884
59.25,0.432594,288.182,288.156,287.683,238.358,0.0534796,16.5032,220.774,361.642,213.559,3113.18,0.925129,0,0
59.75,0.431478,288.183,288.157,287.684,238.363,0.0634399,16.5384,220.046,361.642,213.559,3113.18,0.925088,0,0.147284
60.25,0.430354,288.184,288.158,287.685,238.363,0.0656952,16.3909,219.313,361.622,213.582,3113.18,0.925826,0,0
60.75,0.429221,288.185,288.159,287.686,238.362,0.068288,16.2422,218.574,361.622,213.582,3113.18,0.926548,0,0
61.25,0.42808,288.187,288.16,287.687,238.362,0.0712584,16.0978,217.83,361.622,213.582,3113.18,0.927254,0,0
61.75,0.426931,288.188,288.161,287.688,238.362,0.0746001,15.958,217.08,361.622,213.582,3113.18,0.927944,0,0
62.25,0.425773,288.189,288.162,287.689,238.362,0.0789058,17.1433,216.325,361.651,213.58,3113.18,0.921349,0,0
62.75,0.424607,288.19,288.162,287.689,238.362,0.0897159,17.2968,215.565,361.651,213.58,3113.18,0.921835,0,0
63.25,0.423432,288.191,288.162,287.689,238.361,0.100886,17.2262,214.799,361.651,213.58,3113.18,0.922312,0,0
63.75,0.42225,288.193,288.162,287.689,238.361,0.112212,17.156,214.027,361.651,213.58,3113.18,0.922791,0,0
64.25,0.421059,288.194,288.162,287.689,238.361,0.123112,17.0775,213.25,361.664,213.577,3113.18,0.923423,0,5.30278e-05
64.75,0.419859,288.195,288.163,287.69,238.361,0.133336,16.9824,212.468,361.664,213.577,3113.18,0.924029,0,0.000273974
65.25,0.418651,288.196,288.163,287.69,238.361,0.140696,16.9104,211.681,361.664,213.577,3113.18,0.924447,0,0.0018771
65.75,0.417436,288.197,288.164,287.691,238.36,0.143884,16.7181,210.888,361.664,213.577,3113.18,0.925383,0,0
66.25,0.416212,288.199,288.165,287.692,238.36,0.147357,16.5292,210.089,361.687,213.576,3113.18,0.92629,0,0
66.75,0.414979,288.2,288.166,287.693,238.36,0.151423,16.3472,209.286,361.687,213.576,3113.18,0.927173,0,0
67.25,0.413739,288.201,288.166,287.693,238.36,0.161081,16.6241,208.477,361.687,213.576,3113.18,0.925967,0,0.00771258
67.75,0.41249,288.202,288.167,287.694,238.36,0.162378,16.4462,207.662,361.687,213.576,3113.18,0.926859,0,0
68.25,0.411234,288.203,288.168,287.695,238.359,0.163932,16.2606,206.843,361.712,213.575,3113.18,0.927727,0,0
68.75,0.409969,288.204,288.169,287.696,238.359,0.166176,16.0818,206.018,361.712,213.575,3113.18,0.928569,0,0
69.25,0.408696,288.205,288.17,287.697,238.359,0.168992,15.9096,205.188,361.712,213.575,3113.18,0.929389,0,0
69.75,0.407415,288.207,288.171,287.698,238.359,0.172355,15.7437,204.352,361.712,213.575,3113.18,0.930185,0,0
70.25,0.406127,288.208,288.172,287.698,238.358,0.176679,15.5843,203.512,361.739,213.572,3113.18,0.930964,0,0
70.75,0.40483,288.209,288.172,287.699,238.358,0.18155,15.4305,202.666,361.739,213.572,3113.18,0.931721,0,0
71.25,0.403525,288.21,288.173,287.7,238.358,0.186895,15.2821,201.815,361.739,213.572,3113.18,0.932459,0,0
71.75,0.402212,288.211,288.173,287.7,238.358,0.192697,15.1388,200.959,361.739,213.572,3113.18,0.933177,0,8.8947e-12
72.25,0.400892,288.212,288.174,287.701,238.357,0.199199,15.0008,200.098,361.76,213.57,3113.18,0.93388,0,2.05633e-11
72.75,0.399563,288.213,288.174,287.701,238.358,0.21123,15.9428,199.231,361.76,213.57,3113.18,0.929578,0,0.0215851
73.25,0.398227,288.214,288.175,287.702,238.358,0.213253,15.8478,198.36,361.76,213.57,3113.18,0.930185,0,2.08718e-11
73.75,0.396883,288.215,288.176,287.703,238.357,0.215603,15.7217,197.483,361.76,213.57,3113.18,0.930785,0,2.10254e-11
74.25,0.395531,288.216,288.177,287.704,238.357,0.217649,15.5975,196.601,361.772,213.57,3113.18,0.931375,0,2.11729e-11
74.75,0.394171,288.217,288.177,287.704,238.357,0.220431,15.4762,195.714,361.772,213.57,3113.18,0.931957,0,2.13258e-11
75.25,0.392804,288.218,288.178,287.705,238.356,0.223825,15.3578,194.823,361.772,213.57,3113.18,0.932533,0,2.14782e-11
75.75,0.391429,288.219,288.179,287.706,238.356,0.227805,15.2421,193.926,361.772,213.57,3113.18,0.933102,0,2.16301e-11
76.25,0.390046,288.22,288.18,287.706,238.356,0.232686,15.1296,193.024,361.794,213.567,3113.18,0.933667,0,2.17757e-11
76.75,0.388655,288.222,288.18,287.707,238.356,0.238165,15.0197,192.117,361.794,213.567,3113.18,0.934226,0,2.1927e-11
77.25,0.387257,288.223,288.181,287.708,238.355,0.244155,14.9122,191.205,361.794,213.567,3113.18,0.934778,0,1.41947e-11
77.75,0.385851,288.224,288.181,287.708,238.355,0.250637,14.8071,190.288,361.794,213.567,3113.18,0.935323,0,0
78.25,0.384438,288.225,288.181,287.708,238.355,0.257775,14.7046,189.366,361.812,213.563,3113.18,0.935865,0,0
78.75,0.383017,288.226,288.182,287.709,238.355,0.265484,14.6044,188.44,361.812,213.563,3113.18,0.9364,0,0
79.25,0.381589,288.227,288.182,287.709,238.354,0.273626,14.5063,187.508,361.812,213.563,3113.18,0.936928,0,0
79.75,0.380153,288.228,288.182,287.709,238.354,0.282184,14.4103,186.571,361.812,213.563,3113.18,0.937451,0,0
80.25,0.378709,288.228,288.182,287.709,238.355,0.293014,16.3773,185.63,361.825,213.56,3113.18,0.928386,0,0.0321236
80.75,0.377259,288.229,288.183,287.71,238.354,0.297987,16.2958,184.684,361.825,213.56,3113.18,0.92911,0,0
81.25,0.3758,288.23,288.183,287.71,238.354,0.303292,16.1512,183.733,361.825,213.56,3113.18,0.929819,0,0
81.75,0.374335,288.231,288.184,287.711,238.354,0.30911,16.0109,182.777,361.825,213.56,3113.18,0.930514,0,0
82.25,0.372862,288.232,288.184,287.711,238.354,0.313905,15.8732,181.816,361.827,213.56,3113.18,0.931186,0,0
82.75,0.371381,288.233,288.185,287.712,238.353,0.319334,15.7395,180.851,361.827,213.56,3113.18,0.931845,0,0
83.25,0.369894,288.234,288.185,287.712,238.353,0.325262,15.6097,179.881,361.827,213.56,3113.18,0.932491,0,0
83.75,0.368399,288.235,288.185,287.712,238.353,0.331672,15.4836,178.906,361.827,213.56,3113.18,0.933125,0,0
84.25,0.366897,288.236,288.186,287.713,238.352,0.338779,15.3614,177.926,361.843,213.556,3113.18,0.933749,0,0
84.75,0.365388,288.237,288.186,287.713,238.352,0.34645,15.2425,176.941,361.843,213.556,3113.18,0.934361,0,0
85.25,0.363871,288.238,288.186,287.713,238.352,0.35455,15.1269,175.952,361.843,213.556,3113.18,0.934962,0,0
85.75,0.362347,288.238,288.186,287.713,238.351,0.363065,15.0144,174.959,361.843,213.556,3113.18,0.935552,0,0
86.25,0.360817,288.239,288.186,287.713,238.351,0.372076,14.9051,173.96,361.855,213.552,3113.18,0.936134,0,0
86.75,0.359279,288.24,288.186,287.713,238.351,0.381646,14.7989,172.957,361.855,213.552,3113.18,0.936704,0,0
87.25,0.357734,288.241,288.186,287.713,238.35,0.39158,14.6951,171.95,361.855,213.552,3113.18,0.937266,0,0
87.75,0.356182,288.242,288.186,287.713,238.351,0.401999,16.6467,170.937,361.855,213.552,3113.18,0.928317,0,0.0161058
88.25,0.354623,288.243,288.187,287.714,238.35,0.405458,16.5721,169.921,361.851,213.55,3113.18,0.928992,0,0
88.75,0.353057,288.243,288.187,287.714,238.35,0.409619,16.4324,168.899,361.851,213.55,3113.18,0.929659,0,0
89.25,0.351484,288.244,288.187,287.714,238.35,0.414453,16.2958,167.874,361.851,213.55,3113.18,0.930319,0,0
89.75,0.349904,288.245,288.188,287.715,238.349,0.419934,16.1621,166.85,361.851,213.55,3113.18,0.930971,0,0
90.25,0.348318,288.246,288.188,287.715,238.349,0.426366,16.0318,165.927,361.868,213.546,3113.18,0.931619,0,0
90.75,0.346724,288.247,288.188,287.715,238.349,0.433488,15.9043,165.001,361.868,213.546,3113.18,0.932259,0,0
91.25,0.345124,288.247,288.188,287.715,238.348,0.441183,15.7795,164.07,361.868,213.546,3113.18,0.932891,0,0
91.75,0.343517,288.248,288.188,287.715,238.348,0.449429,15.6573,163.136,361.868,213.546,3113.18,0.933517,0,0
92.25,0.341903,288.249,288.188,287.715,238.348,0.458362,15.5379,162.197,361.88,213.541,3113.18,0.934137,0,0
92.75,0.340283,288.25,288.188,287.715,238.347,0.467955,15.421,161.255,361.88,213.541,3113.18,0.93475,0,0
93.25,0.338655,288.25,288.188,287.715,238.347,0.478033,15.3065,160.309,361.88,213.541,3113.18,0.935356,0,0
93.75,0.337022,288.251,288.188,287.715,238.347,0.488587,15.1944,159.359,361.88,213.541,3113.18,0.935954,0,0
94.25,0.335381,288.252,288.188,287.715,238.346,0.499597,15.0846,158.405,361.887,213.537,3113.18,0.936548,0,1.00912e-11
94.75,0.333734,288.253,288.187,287.714,238.346,0.511244,14.9769,157.447,361.887,213.537,3113.18,0.937135,0,3.02791e-11
95.25,0.33208,288.253,288.187,287.714,238.352,0.524614,17.0132,156.485,361.887,213.537,3113.18,0.92789,0,0.204355
95.75,0.33042,288.254,288.187,287.714,238.352,0.533331,16.9485,155.52,361.887,213.537,3113.18,0.928565,0,3.07567e-11
96.25,0.328754,288.255,288.187,287.714,238.351,0.540475,16.8158,154.551,361.833,213.566,3113.18,0.929224,0,3.09824e-11
96.75,0.32708,288.255,288.187,287.714,238.351,0.548381,16.6856,153.578,361.833,213.566,3113.18,0.929877,0,3.12119e-11
97.25,0.325401,288.256,288.187,287.714,238.35,0.556824,16.5578,152.601,361.833,213.566,3113.18,0.930524,0,3.14377e-11
97.75,0.323715,288.257,288.187,287.714,238.35,0.565783,16.4322,151.621,361.833,213.566,3113.18,0.931165,0,3.16599e-11
98.25,0.322023,288.257,288.186,287.713,238.35,0.575321,16.3092,150.637,361.844,213.561,3113.18,0.9318,0,3.1871e-11
98.75,0.320324,288.258,288.186,287.713,238.349,0.585498,16.1883,149.649,361.844,213.561,3113.18,0.93243,0,3.20867e-11
99.25,0.318619,288.258,288.186,287.713,238.349,0.596125,16.0696,148.658,361.844,213.561,3113.18,0.933053,0,3.22992e-11
99.75,0.316908,288.259,288.186,287.712,238.349,0.607185,15.9529,147.663,361.844,213.561,3113.18,0.93367,0,3.25085e-11
100.25,0.31519,288.26,288.185,287.712,238.348,0.618622,15.8386,146.664,361.85,213.556,3113.18,0.934282,0,3.27069e-11
100.75,0.313467,288.26,288.185,287.712,238.348,0.630763,17.0156,145.662,361.85,213.556,3113.18,0.923281,0,0.000728871
101.25,0.311737,288.261,288.184,287.711,238.347,0.642793,18.1213,144.656,361.85,213.556,3113.18,0.924408,0,3.31114e-11
101.75,0.310001,288.261,288.183,287.71,238.347,0.658912,18.0875,143.647,361.85,213.556,3113.18,0.924682,0,0.00262529
102.25,0.308259,288.262,288.183,287.71,238.347,0.668687,17.8682,142.634,361.842,213.55,3113.18,0.925768,0,3.34966e-11
102.75,0.306511,288.263,288.183,287.71,238.346,0.679054,17.6501,141.617,361.842,213.55,3113.18,0.926825,0,3.36896e-11
103.25,0.304757,288.263,288.182,287.709,238.346,0.689901,17.4391,140.597,361.842,213.55,3113.18,0.927855,0,3.388e-11
103.75,0.302997,288.264,288.182,287.709,238.346,0.701229,17.6077,139.574,361.842,213.55,3113.18,0.926701,0,0.0118782
104.25,0.301231,288.264,288.182,287.709,238.346,0.709385,17.5473,138.547,361.845,213.546,3113.18,0.927547,0,3.42453e-11
104.75,0.299459,288.265,288.181,287.708,238.345,0.718228,17.3762,137.517,361.845,213.546,3113.18,0.92838,0,2.55174e-11
105.25,0.297681,288.265,288.181,287.708,238.345,0.727634,17.2089,136.483,361.845,213.546,3113.18,0.929201,0,0
105.75,0.295898,288.266,288.181,287.708,238.344,0.73758,17.0453,135.446,361.845,213.546,3113.18,0.930009,0,0
106.25,0.294108,288.266,288.18,287.707,238.344,0.748175,16.8856,134.405,361.853,213.54,3113.18,0.930806,0,0
106.75,0.292313,288.267,288.18,287.707,238.344,0.759451,16.7294,133.361,361.853,213.54,3113.18,0.931591,0,0
107.25,0.290512,288.267,288.179,287.706,238.343,0.771202,16.5767,132.314,361.853,213.54,3113.18,0.932365,0,0
107.75,0.288705,288.268,288.179,287.706,238.343,0.783405,16.4273,131.263,361.853,213.54,3113.18,0.933126,0,0
108.25,0.286893,288.268,288.178,287.705,238.344,0.796025,16.5123,130.209,361.857,213.534,3113.18,0.925625,0,0.0467066
108.75,0.285075,288.268,288.178,287.705,238.343,0.807064,17.9632,129.152,361.857,213.534,3113.18,0.926584,0,0
109.25,0.283251,288.269,288.177,287.704,238.343,0.818254,17.7718,128.092,361.857,213.534,3113.18,0.927522,0,0
109.75,0.281422,288.269,288.177,287.704,238.342,0.829741,17.5858,127.028,361.857,213.534,3113.18,0.928437,0,0
110.25,0.279587,288.27,288.176,287.703,238.342,0.839713,17.4037,125.961,361.848,213.534,3113.18,0.929322,0,0
110.75,0.277747,288.27,288.176,287.703,238.342,0.85022,17.2266,124.891,361.848,213.534,3113.18,0.930188,0,0
111.25,0.275902,288.271,288.175,287.702,238.341,0.861053,17.0544,123.818,361.848,213.534,3113.18,0.931034,0,0
111.75,0.27405,288.271,288.175,287.702,238.341,0.872208,16.8868,122.742,361.848,213.534,3113.18,0.931861,0,0
112.25,0.272194,288.271,288.174,287.701,238.34,0.883754,16.7239,121.662,361.852,213.528,3113.18,0.932673,0,0
112.75,0.270332,288.272,288.173,287.7,238.34,0.895829,16.5654,120.579,361.852,213.528,3113.18,0.933467,0,0
113.25,0.268465,288.272,288.173,287.7,238.339,0.908207,16.4109,119.494,361.852,213.528,3113.18,0.934244,0,0
113.75,0.266593,288.272,288.172,287.699,238.339,0.920884,16.2605,118.405,361.852,213.528,3113.18,0.935006,0,0
114.25,0.264715,288.273,288.171,287.698,238.339,0.93382,16.1141,117.313,361.852,213.521,3113.18,0.935753,0,0
114.75,0.262832,288.273,288.17,287.697,238.338,0.947296,15.9713,116.218,361.852,213.521,3113.18,0.936485,0,0
115.25,0.260944,288.273,288.169,287.696,238.338,0.961077,17.2835,115.12,361.852,213.521,3113.18,0.928547,0,0.0172544
115.75,0.259051,288.274,288.169,287.696,238.338,0.966703,17.5919,114.02,361.852,213.521,3113.18,0.929568,0,0
116.25,0.257153,288.274,288.169,287.696,238.337,0.971492,17.3743,112.916,361.847,213.516,3113.18,0.930558,0,0
116.75,0.25525,288.274,288.169,287.696,238.337,0.977317,17.1639,111.809,361.847,213.516,3113.18,0.931522,0,0
117.25,0.253341,288.275,288.169,287.696,238.336,0.983936,16.9607,110.699,361.847,213.516,3113.18,0.932461,0,0
117.75,0.251428,288.275,288.168,287.695,238.336,0.991315,16.7641,109.587,361.847,213.516,3113.18,0.933376,0,0
118.25,0.24951,288.275,288.168,287.695,238.335,0.999804,16.5743,108.504,361.853,213.51,3113.18,0.934272,0,0
118.75,0.247587,288.275,288.167,287.694,238.335,1.00911,16.3907,107.513,361.853,213.51,3113.18,0.935146,0,0
119.25,0.245659,288.276,288.167,287.694,238.335,1.01908,16.2129,106.52,361.853,213.51,3113.18,0.936,0,0
119.75,0.243726,288.276,288.166,287.693,238.334,1.0297,16.0407,105.524,361.853,213.51,3113.18,0.936833,0,0
120.25,0.241788,288.276,288.166,287.693,238.334,1.04109,15.8741,104.526,361.853,213.502,3113.18,0.937649,0,0
120.75,0.239846,288.276,288.165,287.692,238.333,1.05326,15.7126,103.525,361.853,213.502,3113.18,0.938446,0,0
121.25,0.237899,288.277,288.164,287.691,238.333,1.06599,15.556,102.522,361.853,213.502,3113.18,0.939226,0,0.000961376
121.75,0.235947,288.277,288.163,287.69,238.332,1.07926,15.4042,101.516,361.853,213.502,3113.18,0.939989,0,0.000738435
122.25,0.233991,288.277,288.162,287.689,238.332,1.09303,15.2569,100.508,361.846,213.495,3113.18,0.940737,0,0.00100029
122.75,0.23203,288.277,288.161,287.688,238.331,1.10755,15.114,99.4978,361.846,213.495,3113.18,0.941469,0,0.000706023
123.25,0.230064,288.277,288.16,287.687,238.331,1.12254,14.9753,98.4851,361.846,213.495,3113.18,0.942186,0,0.00105783
123.75,0.228094,288.278,288.159,287.686,238.33,1.13799,14.8404,97.47,361.846,213.495,3113.18,0.942888,0,0.000659584
124.25,0.22612,288.278,288.158,287.685,238.33,1.15371,14.7095,96.4527,361.835,213.489,3113.18,0.943577,0,0.00112745
124.75,0.224141,288.278,288.157,287.684,238.329,1.16848,14.5688,95.4331,361.835,213.489,3113.18,0.944434,0,0.00100304
125.25,0.222158,288.278,288.157,287.684,238.329,1.17401,14.4165,94.4112,361.835,213.489,3113.18,0.945171,0,0.0163518
125.75,0.22017,288.278,288.156,287.683,238.329,1.17503,14.858,93.387,361.835,213.489,3113.18,0.940635,0,0.000509016
126.25,0.218178,288.278,288.156,287.683,238.329,1.1864,15.3033,92.3607,361.821,213.483,3113.18,0.941238,0,0.00132403
126.75,0.216181,288.278,288.155,287.682,238.328,1.19963,15.1879,91.3321,361.821,213.483,3113.18,0.941838,0,0.000446472
127.25,0.214181,288.279,288.153,287.681,238.328,1.21347,15.0743,90.3013,361.821,213.483,3113.18,0.942433,0,0.00131905
127.75,0.212176,288.279,288.152,287.679,238.327,1.2279,14.9624,89.2684,361.821,213.483,3113.18,0.943024,0,0.000592659
128.25,0.210167,288.279,288.151,287.678,238.327,1.24275,14.8524,88.2333,361.809,213.476,3113.18,0.943612,0,0.00131117
128.75,0.208154,288.279,288.15,287.677,238.326,1.25694,14.7345,87.1961,361.809,213.476,3113.18,0.944341,0,0.00100772
129.25,0.206137,288.279,288.15,287.678,238.326,1.25894,14.596,86.1568,361.809,213.476,3113.18,0.945013,0,0.00177553
129.75,0.204116,288.279,288.15,287.677,238.325,1.26568,14.4936,85.1153,361.809,213.476,3113.18,0.945496,0,0.00245819
130.25,0.20209,288.279,288.15,287.677,238.325,1.26571,14.2287,84.0719,361.802,213.469,3113.18,0.946656,0,0.00135171
130.75,0.200061,288.279,288.15,287.677,238.331,1.26712,14.0655,83.0263,361.802,213.469,3113.18,0.946021,0,0.233178
131.25,0.198028,288.279,288.15,287.677,238.331,1.26715,14.2169,81.9788,361.802,213.469,3113.18,0.946695,0,0
131.75,0.195991,288.279,288.15,287.677,238.33,1.26849,14.0625,80.9293,361.802,213.469,3113.18,0.947367,0,0
132.25,0.19395,288.279,288.15,287.677,238.33,1.27087,13.985,79.8777,361.749,213.502,3113.18,0.937898,0,0
132.75,0.191905,288.279,288.148,287.675,238.329,1.28529,16.06,78.8242,361.749,213.502,3113.18,0.938687,0,0
133.25,0.189857,288.279,288.147,287.674,238.329,1.30417,15.9128,77.7688,361.749,213.502,3113.18,0.939464,0,0
133.75,0.187805,288.279,288.145,287.672,238.328,1.32326,15.7691,76.7114,361.749,213.502,3113.18,0.940226,0,0
134.25,0.185749,288.279,288.144,287.671,238.328,1.34185,15.6286,75.6522,361.729,213.493,3113.18,0.940972,0,0
134.75,0.183689,288.279,288.142,287.669,238.328,1.36098,15.5585,74.591,361.729,213.493,3113.18,0.93245,0,0.0351521
135.25,0.181626,288.279,288.142,287.669,238.328,1.36865,17.4082,73.528,361.729,213.493,3113.18,0.933239,0,0
135.75,0.179559,288.279,288.141,287.668,238.327,1.37479,17.2452,72.4632,361.729,213.493,3113.18,0.934024,0,0
136.25,0.177489,288.279,288.14,287.667,238.327,1.37975,17.0872,71.3965,361.711,213.489,3113.18,0.934791,0,0
136.75,0.175415,288.279,288.14,287.667,238.326,1.38615,16.9264,70.328,361.711,213.489,3113.18,0.93555,0,0
137.25,0.173338,288.279,288.139,287.666,238.326,1.39356,16.7714,69.2578,361.711,213.489,3113.18,0.936301,0,0
137.75,0.171258,288.279,288.138,287.665,238.325,1.40192,16.6192,68.1858,361.711,213.489,3113.18,0.937044,0,0
138.25,0.169174,288.279,288.137,287.664,238.324,1.4115,16.4693,67.1673,361.708,213.48,3113.18,0.937782,0,0
138.75,0.167086,288.279,288.136,287.664,238.324,1.42209,16.3215,66.2313,361.708,213.48,3113.18,0.938511,0,0
139.25,0.164996,288.278,288.135,287.662,238.323,1.4335,16.1758,65.2939,361.708,213.48,3113.18,0.939232,0,0
139.75,0.162902,288.278,288.134,287.661,238.323,1.44569,16.0352,64.3549,361.708,213.48,3113.18,0.939946,0,0
140.25,0.160805,288.278,288.133,287.66,238.322,1.45871,15.8955,63.4146,361.698,213.47,3113.18,0.940653,0,0
140.75,0.158705,288.278,288.132,287.659,238.322,1.47265,15.7562,62.4728,361.698,213.47,3113.18,0.941352,0,0
141.25,0.156602,288.278,288.13,287.657,238.321,1.48726,15.6198,61.5297,361.698,213.47,3113.18,0.942043,0,0
141.75,0.154495,288.278,288.129,287.656,238.32,1.50249,15.4861,60.5851,361.698,213.47,3113.18,0.942725,0,0
142.25,0.152386,288.278,288.128,287.655,238.32,1.51822,15.3552,59.6392,361.682,213.461,3113.18,0.943401,0,0
142.75,0.150273,288.277,288.126,287.653,238.319,1.53377,15.2212,58.692,361.682,213.461,3113.18,0.944179,0,0.000429279
143.25,0.148158,288.277,288.126,287.653,238.319,1.53966,15.0547,57.7434,361.682,213.461,3113.18,0.944914,0,0.000881394
143.75,0.14604,288.277,288.125,287.653,238.318,1.54384,14.8246,56.7935,361.682,213.461,3113.18,0.945161,0,0.0037218
144.25,0.143919,288.277,288.125,287.652,238.318,1.54478,14.7517,55.8423,361.673,213.452,3113.18,0.946405,0,0
144.75,0.141795,288.277,288.125,287.652,238.317,1.54726,14.4777,54.8899,361.673,213.452,3113.18,0.947595,0,0
145.25,0.139668,288.276,288.124,287.651,238.317,1.55118,14.2178,53.9362,361.673,213.452,3113.18,0.948734,0,0
145.75,0.137538,288.276,288.124,287.651,238.316,1.55644,13.971,52.9813,361.673,213.452,3113.18,0.949827,0,0
146.25,0.135406,288.276,288.123,287.65,238.316,1.56378,14.0292,52.0252,361.667,213.443,3113.18,0.94773,0,0.0100198
146.75,0.133271,288.276,288.123,287.65,238.315,1.56593,14.2693,51.0679,361.667,213.443,3113.18,0.948614,0,0
147.25,0.131134,288.276,288.122,287.649,238.314,1.5694,14.0714,50.1094,361.667,213.443,3113.18,0.949483,0,0
147.75,0.128994,288.275,288.122,287.649,238.314,1.57437,13.8795,49.1497,361.667,213.443,3113.18,0.950337,0,0
148.25,0.126851,288.275,288.121,287.648,238.313,1.58045,13.6931,48.1889,361.656,213.434,3113.18,0.951175,0,0
148.75,0.124706,288.275,288.12,287.647,238.313,1.58794,13.5124,47.227,361.656,213.434,3113.18,0.951998,0,0.000473005
149.25,0.122559,288.275,288.119,287.646,238.312,1.59669,13.3372,46.264,361.656,213.434,3113.18,0.952806,0,0.00118631
149.75,0.120409,288.274,288.118,287.645,238.313,1.6067,14.4671,45.2999,361.656,213.434,3113.18,0.946659,0,0.0614651
150.25,0.118257,288.274,288.117,287.644,238.313,1.61268,14.5624,44.3348,361.63,213.434,3113.18,0.947695,0,0.00135419
150.75,0.116102,288.274,288.116,287.643,238.312,1.61977,14.339,43.3686,361.63,213.434,3113.18,0.948696,0,0.00193451
151.25,0.113945,288.273,288.115,287.642,238.312,1.62792,14.1251,42.4014,361.63,213.434,3113.18,0.949663,0,0.00164846
151.75,0.111786,288.273,288.114,287.641,238.311,1.63708,13.9202,41.4332,361.63,213.434,3113.18,0.950599,0,0.00228892
152.25,0.109625,288.273,288.113,287.64,238.311,1.64778,14.5864,40.464,361.614,213.426,3113.18,0.945361,0,0.00460433
152.75,0.107461,288.272,288.112,287.639,238.31,1.65641,14.8781,39.4938,361.614,213.426,3113.18,0.946661,0,0.00240063
153.25,0.105296,288.272,288.111,287.638,238.309,1.66595,14.6016,38.5227,361.614,213.426,3113.18,0.947903,0,0.0024487
153.75,0.103128,288.272,288.11,287.637,238.309,1.67656,14.3394,37.5507,361.614,213.426,3113.18,0.949091,0,0.0026308
154.25,0.100958,288.271,288.109,287.636,238.309,1.68789,14.398,36.5778,361.592,213.418,3113.18,0.947407,0,0.0116745
154.75,0.0987865,288.271,288.108,287.635,238.308,1.69331,14.5452,35.6773,361.592,213.418,3113.18,0.94832,0,0.00273281
155.25,0.0966129,288.271,288.107,287.634,238.307,1.69985,14.3442,34.8341,361.592,213.418,3113.18,0.949219,0,0.00267739
155.75,0.0944374,288.27,288.106,287.633,238.307,1.70784,14.149,33.9902,361.592,213.418,3113.18,0.950102,0,0.00278907
156.25,0.09226,288.27,288.105,287.632,238.306,1.71674,13.9593,33.1455,361.572,213.412,3113.18,0.950969,0,0.0027787
156.75,0.0900808,288.269,288.104,287.631,238.306,1.72707,13.7753,32.3001,361.572,213.412,3113.18,0.951821,0,0.00284705
157.25,0.0878998,288.269,288.102,287.629,238.305,1.73859,13.5967,31.4541,361.572,213.412,3113.18,0.952657,0,0.00283202
157.75,0.0857172,288.269,288.101,287.628,238.304,1.75122,13.4232,30.6073,361.572,213.412,3113.18,0.953478,0,0.00288867
158.25,0.0835328,288.268,288.099,287.627,238.304,1.76507,14.8466,29.7599,361.548,213.405,3113.18,0.947026,0,0.0207381
158.75,0.0813468,288.268,288.098,287.625,238.304,1.77625,14.7343,28.9119,361.548,213.405,3113.18,0.948083,0,0.00294123
159.25,0.0791592,288.267,288.097,287.624,238.303,1.78832,14.5128,28.0633,361.548,213.405,3113.18,0.949104,0,0.00294847
159.75,0.07697,288.267,288.095,287.622,238.303,1.80136,14.3005,27.214,361.548,213.405,3113.18,0.950092,0,0.00298195
160.25,0.0747794,288.266,288.094,287.621,238.302,1.81401,14.0964,26.3642,361.515,213.4,3113.18,0.951043,0,0.00299935
160.75,0.0725872,288.266,288.092,287.619,238.301,1.828,14.8985,25.5138,361.515,213.4,3113.18,0.945259,0,0.00518472
161.25,0.0703937,288.266,288.091,287.618,238.301,1.84012,15.1836,24.6628,361.515,213.4,3113.18,0.946618,0,0.0030405
161.75,0.0681987,288.265,288.089,287.616,238.3,1.85306,14.8975,23.8113,361.515,213.4,3113.18,0.947917,0,0.00306307
162.25,0.0660024,288.265,288.088,287.615,238.307,1.8664,14.7391,22.9593,361.486,213.393,3113.18,0.946725,0,0.237905
162.75,0.0638048,288.264,288.086,287.614,238.306,1.87541,15.0141,22.1068,361.486,213.393,3113.18,0.947557,0,0.00310163
163.25,0.061606,288.264,288.085,287.612,238.306,1.88542,14.8349,21.2538,361.486,213.393,3113.18,0.948382,0,0.00312404
163.75,0.0594059,288.263,288.084,287.611,238.305,1.89673,14.6593,20.4003,361.486,213.393,3113.18,0.9492,0,0.00313726
164.25,0.0572047,288.263,288.082,287.609,238.304,1.90812,14.4869,19.5464,361.41,213.427,3113.18,0.950006,0,0.00306133
164.75,0.0550024,288.262,288.081,287.608,238.304,1.92083,14.3182,18.6921,361.41,213.427,3113.18,0.950803,0,0.00315238
165.25,0.052799,288.262,288.079,287.606,238.303,1.93457,14.1532,17.8373,361.41,213.427,3113.18,0.951592,0,0.00311088
165.75,0.0505945,288.261,288.077,287.604,238.302,1.9528,15.6896,16.9821,361.41,213.427,3113.18,0.942424,0,0.00317467
166.25,0.048389,288.26,288.074,287.601,238.302,1.9805,16.1521,16.1949,361.374,213.419,3113.18,0.943267,0,0.00315815
166.75,0.0461826,288.26,288.071,287.599,238.301,2.00757,15.9951,15.4325,361.374,213.419,3113.18,0.944231,0,0.00353381
167.25,0.0439753,288.259,288.07,287.597,238.3,2.02332,15.8097,14.6699,361.374,213.419,3113.18,0.945191,0,0.00408132
167.75,0.0417671,288.259,288.068,287.595,238.3,2.03661,15.5734,13.9069,361.374,213.419,3113.18,0.946019,0,0.00417542
168.25,0.0395582,288.258,288.066,287.594,238.299,2.04922,15.3621,13.1436,361.342,213.412,3113.18,0.946056,0,0.00976038
168.75,0.0373484,288.258,288.065,287.592,238.299,2.0599,15.4034,12.3801,361.342,213.412,3113.18,0.947152,0,0.00322759
169.25,0.0351379,288.257,288.064,287.591,238.298,2.07146,15.1668,11.6164,361.342,213.412,3113.18,0.948224,0,0.003236
169.75,0.0329267,288.256,288.062,287.589,238.297,2.0842,14.9376,10.8523,361.342,213.412,3113.18,0.949273,0,0.00324584
170.25,0.0307148,288.256,288.06,287.587,238.297,2.09772,14.8222,10.0881,361.316,213.405,3113.18,0.943361,0,0.00326401
170.75,0.0285024,288.255,288.058,287.585,238.297,2.118,16.117,9.32368,361.316,213.405,3113.18,0.944408,0,0.0301324
171.25,0.0262894,288.255,288.056,287.584,238.296,2.13208,15.8657,8.55904,361.316,213.405,3113.18,0.945682,0,0.00327948
171.75,0.0240758,288.254,288.055,287.582,238.295,2.14589,15.5959,7.79423,361.316,213.405,3113.18,0.946907,0,0.00328227
172.25,0.0218618,288.253,288.052,287.58,238.295,2.1597,15.8299,7.02926,361.281,213.401,3113.18,0.942756,0,0.00329863
172.75,0.0196474,288.253,288.05,287.577,238.294,2.17994,16.3559,6.27338,361.281,213.401,3113.18,0.943538,0,0.00329784
173.25,0.0174326,288.252,288.048,287.576,238.293,2.19937,16.1938,5.56619,361.281,213.401,3113.18,0.944526,0,0.0037869
173.75,0.0152174,288.251,288.047,287.574,238.293,2.21272,16.0007,4.8589,361.281,213.401,3113.18,0.945125,0,0.00612582
174.25,0.013002,288.251,288.045,287.572,238.292,2.22245,15.7999,4.15151,361.249,213.393,3113.18,0.946555,0,0.00331986
174.75,0.0107863,288.25,288.044,287.571,238.291,2.23325,15.4904,3.44403,361.249,213.393,3113.18,0.947923,0,0.00331027
175.25,0.00857035,288.249,288.042,287.569,238.291,2.24505,15.1964,2.73649,361.249,213.393,3113.18,0.949232,0,0.00332224
175.75,0.00635425,288.249,288.041,287.568,238.29,2.2578,14.9169,2.0289,361.249,213.393,3113.18,0.950486,0,0.00331624
176.25,0.00413804,288.248,288.039,287.566,238.29,2.27202,15.021,1.32127,361.223,213.386,3113.18,0.94834,0,0.0150425
176.75,0.00192174,288.247,288.038,287.565,238.289,2.27773,15.188,0.613608,361.223,213.386,3113.18,0.949343,0,0.0033233
177.25,0,288.247,288.037,287.564,238.288,2.28336,14.9681,0,361.223,213.386,3113.18,0.95033,0,0.00331933
177.75,0,288.246,288.035,287.563,238.288,2.28958,14.7514,0,361.223,213.386,3113.18,0.951296,0,0.0031825
178.25,0,288.245,288.034,287.561,238.287,2.29639,14.5442,0,361.199,213.379,3113.18,0.952241,0,0.00313463
178.75,0,288.245,288.033,287.56,238.286,2.30447,14.3395,0,361.199,213.379,3113.18,0.953166,0,0.00302033
179.25,0,288.244,288.031,287.558,238.286,2.31353,14.1408,0,361.199,213.379,3113.18,0.954072,0,0.00296
179.75,0,288.243,288.03,287.557,238.285,2.3235,13.9478,0,361.199,213.379,3113.18,0.954959,0,0.00286194
180.25,0,288.242,288.028,287.555,238.284,2.33462,13.7577,0,361.172,213.371,3113.18,0.95583,0,0.00280997
180.75,0,288.242,288.026,287.554,238.284,2.34665,13.5731,0,361.172,213.371,3113.18,0.956681,0,0.00271242
181.25,0,288.241,288.025,287.552,238.286,2.35942,14.4271,0,361.172,213.371,3113.18,0.949816,0,0.0911304
181.75,0,288.24,288.024,287.551,238.285,2.3653,15.0169,0,361.172,213.371,3113.18,0.950667,0,0.00256957
182.25,0,288.24,288.022,287.55,238.285,2.36971,14.8334,0,361.13,213.378,3113.18,0.9515,0,0.00247966
182.75,0,288.239,288.021,287.549,238.284,2.37541,14.6504,0,361.13,213.378,3113.18,0.952323,0,0.0024289
183.25,0,288.238,288.02,287.547,238.284,2.38209,14.471,0,361.13,213.378,3113.18,0.953134,0,0.00234897
183.75,0,288.238,288.019,287.546,238.283,2.38964,14.2919,0,361.13,213.378,3113.18,0.953933,0,0.0022973
184.25,0,288.237,288.017,287.545,238.282,2.39836,14.1171,0,361.107,213.37,3113.18,0.954723,0,0.00223782
184.75,0,288.236,288.016,287.543,238.282,2.40792,13.9464,0,361.107,213.37,3113.18,0.955499,0,0.00217558
185.25,0,288.236,288.014,287.542,238.282,2.41844,15.447,0,361.107,213.37,3113.18,0.946808,0,0.00847632
185.75,0,288.235,288.013,287.54,238.281,2.42367,15.7746,0,361.107,213.37,3113.18,0.947931,0,0.00206006
186.25,0,288.234,288.012,287.539,238.281,2.42835,15.5242,0,361.076,213.363,3113.18,0.949021,0,0.00201681
186.75,0,288.233,288.011,287.538,238.28,2.4342,15.2793,0,361.076,213.363,3113.18,0.950083,0,0.0019526
187.25,0,288.233,288.01,287.537,238.28,2.44096,15.0422,0,361.076,213.363,3113.18,0.951119,0,0.00190781
187.75,0,288.232,288.008,287.536,238.28,2.44858,14.9232,0,361.076,213.363,3113.18,0.945067,0,0.0287068
188.25,0,288.231,288.007,287.535,238.28,2.45219,16.2032,0,361.051,213.359,3113.18,0.94633,0,0.0031487
188.75,0,288.231,288.006,287.534,238.279,2.45575,15.9191,0,361.051,213.359,3113.18,0.947541,0,0.0030656
189.25,0,288.23,288.005,287.533,238.279,2.45982,15.6472,0,361.051,213.359,3113.18,0.948703,0,0.00327392
189.75,0,288.229,288.004,287.531,238.278,2.46439,15.387,0,361.051,213.359,3113.18,0.949821,0,0.00298666
190.25,0,288.229,288.003,287.53,238.278,2.47017,15.1379,0,361.034,213.353,3113.18,0.9509,0,0.00316
190.75,0,288.228,288.002,287.529,238.278,2.47651,14.899,0,361.034,213.353,3113.18,0.945577,0,0.00742748
191.25,0,288.227,288.001,287.528,238.277,2.4781,16.1273,0,361.034,213.353,3113.18,0.946796,0,0.00310785
191.75,0,288.227,288,287.527,238.277,2.48009,15.8069,0,361.034,213.353,3113.18,0.94816,0,0.00283744
192.25,0,288.226,287.999,287.526,238.277,2.48283,15.5006,0,361.013,213.348,3113.18,0.949461,0,0.0029946
192.75,0,288.225,287.998,287.525,238.276,2.48655,15.2088,0,361.013,213.348,3113.18,0.950704,0,0.0027764
193.25,0,288.224,287.997,287.524,238.276,2.49109,14.9312,0,361.013,213.348,3113.18,0.951894,0,0.00294662
193.75,0,288.224,287.996,287.523,238.275,2.49638,14.6668,0,361.013,213.348,3113.18,0.953032,0,0.00270306
194.25,0,288.223,287.995,287.522,238.282,2.50321,14.8353,0,360.994,213.342,3113.18,0.949689,0,0.241109
194.75,0,288.222,287.994,287.522,238.282,2.49956,15.2392,0,360.994,213.342,3113.18,0.950467,0,0.00127685
195.25,0,288.222,287.994,287.521,238.282,2.49561,15.0542,0,360.994,213.342,3113.18,0.951241,0,0.0012548
195.75,0,288.221,287.993,287.521,238.281,2.49332,14.8776,0,360.994,213.342,3113.18,0.952009,0,0.00121148
196.25,0,288.22,287.993,287.52,238.281,2.4916,14.6991,0,360.932,213.377,3113.18,0.952765,0,0.00109007
196.75,0,288.22,287.992,287.52,238.281,2.4912,14.5243,0,360.932,213.377,3113.18,0.953513,0,0.00113058
197.25,0,288.219,287.991,287.519,238.28,2.49208,14.3562,0,360.932,213.377,3113.18,0.954254,0,0.00104506
197.75,0,288.218,287.991,287.518,238.28,2.49414,14.1893,0,360.932,213.377,3113.18,0.954986,0,0.00106157
198.25,0,288.217,287.99,287.517,238.279,2.49801,14.0217,0,360.918,213.37,3113.18,0.955712,0,0.00101057
198.75,0,288.217,287.988,287.516,238.279,2.50282,13.8579,0,360.918,213.37,3113.18,0.956428,0,0.00100225
199.25,0,288.216,287.987,287.515,238.279,2.50848,13.6978,0,360.918,213.37,3113.18,0.957133,0,0.000960374
199.75,0,288.215,287.986,287.513,238.279,2.51503,14.5033,0,360.918,213.37,3113.18,0.947673,0,0.0107656
200.25,0,288.215,287.986,287.513,238.278,2.51358,15.705,0,360.892,213.364,3113.18,0.948721,0,0.000923407
200.75,0,288.214,287.985,287.512,238.278,2.51283,15.4617,0,360.892,213.364,3113.18,0.949746,0,0.000898035
201.25,0,288.213,287.984,287.511,238.278,2.51344,15.2276,0,360.892,213.364,3113.18,0.950748,0,0.000874867
201.75,0,288.213,287.983,287.511,238.277,2.51529,14.9973,0,360.892,213.364,3113.18,0.951728,0,0.000851162
202.25,0,288.212,287.982,287.51,238.277,2.51912,14.7734,0,360.88,213.357,3113.18,0.952688,0,0.000842336
202.75,0,288.211,287.981,287.508,238.277,2.52395,14.5564,0,360.88,213.357,3113.18,0.953627,0,0.000809056
203.25,0,288.211,287.98,287.507,238.277,2.52988,15.1804,0,360.88,213.357,3113.18,0.947003,0,0.0233842
203.75,0,288.21,287.979,287.507,238.277,2.53092,15.8664,0,360.88,213.357,3113.18,0.948176,0,0.000768234
204.25,0,288.209,287.979,287.506,238.276,2.53124,15.6001,0,360.858,213.353,3113.18,0.949299,0,0.000761838
204.75,0,288.208,287.978,287.505,238.276,2.53255,15.343,0,360.858,213.353,3113.18,0.950381,0,0.000730453
205.25,0,288.208,287.977,287.504,238.276,2.53473,15.0965,0,360.858,213.353,3113.18,0.951425,0,0.000720512
205.75,0,288.207,287.976,287.503,238.275,2.53771,14.8599,0,360.858,213.353,3113.18,0.952433,0,0.000693873
206.25,0,288.206,287.975,287.502,238.275,2.54225,14.633,0,360.845,213.347,3113.18,0.95341,0,0.000695263
206.75,0,288.206,287.974,287.501,238.275,2.54778,15.5766,0,360.845,213.347,3113.18,0.94738,0,0.00864931
207.25,0,288.205,287.973,287.501,238.275,2.54501,15.8142,0,360.845,213.347,3113.18,0.948416,0,0.000656782
207.75,0,288.204,287.973,287.5,238.274,2.54282,15.572,0,360.845,213.347,3113.18,0.949431,0,0.000628847
208.25,0,288.204,287.972,287.499,238.274,2.54162,15.3365,0,360.829,213.341,3113.18,0.950421,0,0.000633293
208.75,0,288.203,287.971,287.499,238.274,2.54184,15.1109,0,360.829,213.341,3113.18,0.951391,0,0.000599733
209.25,0,288.202,287.971,287.498,238.273,2.54333,14.8863,0,360.829,213.341,3113.18,0.95234,0,0.000598008
209.75,0,288.201,287.97,287.497,238.273,2.54595,14.6684,0,360.829,213.341,3113.18,0.953267,0,0.000570871
210.25,0,288.201,287.969,287.496,238.273,2.55044,14.4573,0,360.816,213.334,3113.18,0.954179,0,0.00057884
210.75,0,288.2,287.967,287.495,238.274,2.55588,15.4298,0,360.816,213.334,3113.18,0.94757,0,0.0666531
211.25,0,288.199,287.967,287.494,238.274,2.55758,15.7691,0,360.816,213.334,3113.18,0.94873,0,0.000546239
211.75,0,288.199,287.966,287.493,238.274,2.56006,15.5048,0,360.816,213.334,3113.18,0.94985,0,0.000519436
212.25,0,288.198,287.965,287.492,238.274,2.5622,15.2507,0,360.793,213.338,3113.18,0.950926,0,0.000500871
212.75,0,288.197,287.964,287.491,238.273,2.56523,15.0065,0,360.793,213.338,3113.18,0.951966,0,0.000492051
213.25,0,288.197,287.963,287.49,238.273,2.56928,15.6517,0,360.793,213.338,3113.18,0.946433,0,0.0062952
213.75,0,288.196,287.962,287.49,238.273,2.56705,15.9984,0,360.793,213.338,3113.18,0.94782,0,0.00046647
214.25,0,288.195,287.962,287.489,238.273,2.56538,15.6794,0,360.779,213.332,3113.18,0.949144,0,0.00046414
214.75,0,288.194,287.961,287.488,238.272,2.56513,15.3764,0,360.779,213.332,3113.18,0.950412,0,0.000444564
215.25,0,288.194,287.96,287.488,238.272,2.5661,15.0875,0,360.779,213.332,3113.18,0.951625,0,0.00043891
215.75,0,288.193,287.959,287.487,238.272,2.56818,14.8124,0,360.779,213.332,3113.18,0.952788,0,0.000422938
216.25,0,288.192,287.958,287.486,238.272,2.57222,14.6161,0,360.768,213.325,3113.18,0.949662,0,0.0170228
216.75,0,288.192,287.958,287.486,238.272,2.56776,15.301,0,360.768,213.325,3113.18,0.950637,0,0.000404439
217.25,0,288.191,287.958,287.485,238.271,2.56367,15.0734,0,360.768,213.325,3113.18,0.951593,0,0.00115734
217.75,0,288.19,287.957,287.485,238.271,2.56117,14.8491,0,360.768,213.325,3113.18,0.95253,0,0.00179501
218.25,0,288.19,287.957,287.484,238.271,2.55979,14.6314,0,360.758,213.322,3113.18,0.953445,0,0.0017932
218.75,0,288.189,287.956,287.483,238.271,2.55973,14.4232,0,360.758,213.322,3113.18,0.95434,0,0.00175982
219.25,0,288.188,287.955,287.483,238.27,2.56092,14.2155,0,360.758,213.322,3113.18,0.955216,0,0.00174691
219.75,0,288.188,287.954,287.482,238.27,2.56323,14.0142,0,360.758,213.322,3113.18,0.956073,0,0.00170998
220.25,0,288.187,287.953,287.481,238.27,2.56739,13.8192,0,360.742,213.316,3113.18,0.956915,0,0.00169437
220.75,0,288.186,287.952,287.48,238.27,2.57264,14.6201,0,360.742,213.316,3113.18,0.94991,0,0.0248738
221.25,0,288.185,287.952,287.479,238.27,2.56927,15.2305,0,360.742,213.316,3113.18,0.950948,0,0.00176403
221.75,0,288.185,287.951,287.479,238.27,2.56633,14.9889,0,360.742,213.316,3113.18,0.95195,0,0.00178953
222.25,0,288.184,287.951,287.478,238.27,2.56389,14.7601,0,360.722,213.314,3113.18,0.952915,0,0.00173931
222.75,0,288.183,287.95,287.478,238.269,2.56281,14.5379,0,360.722,213.314,3113.18,0.953849,0,0.00179096
223.25,0,288.183,287.949,287.477,238.269,2.56301,14.3247,0,360.722,213.314,3113.18,0.954754,0,0.00171784
223.75,0,288.182,287.949,287.476,238.269,2.56437,14.1171,0,360.722,213.314,3113.18,0.955631,0,0.00179504
224.25,0,288.181,287.948,287.475,238.269,2.56768,13.9178,0,360.707,213.308,3113.18,0.956485,0,0.00169946
224.75,0,288.181,287.947,287.474,238.268,2.57194,13.726,0,360.707,213.308,3113.18,0.957314,0,0.00180552
225.25,0,288.18,287.946,287.473,238.276,2.57709,14.903,0,360.707,213.308,3113.18,0.950292,0,0.247719
225.75,0,288.179,287.945,287.472,238.276,2.57501,15.2009,0,360.707,213.308,3113.18,0.951083,0,0.000268285
226.25,0,288.179,287.945,287.472,238.275,2.57229,15.0157,0,360.637,213.346,3113.18,0.95186,0,0.000185557
226.75,0,288.178,287.944,287.471,238.275,2.57096,14.834,0,360.637,213.346,3113.18,0.95263,0,0.000211527
227.25,0,288.177,287.943,287.471,238.275,2.5709,14.6559,0,360.637,213.346,3113.18,0.953392,0,0.000183391
227.75,0,288.176,287.942,287.47,238.274,2.57199,14.4774,0,360.637,213.346,3113.18,0.954145,0,0.000195434
228.25,0,288.176,287.942,287.469,238.274,2.5749,14.303,0,360.627,213.339,3113.18,0.954893,0,0.000188321
228.75,0,288.175,287.94,287.468,238.274,2.57881,14.7091,0,360.627,213.339,3113.18,0.945148,0,0.00338798
229.25,0,288.174,287.94,287.467,238.274,2.58032,16.3542,0,360.627,213.339,3113.18,0.946331,0,0.000180177
229.75,0,288.174,287.939,287.466,238.273,2.58244,16.082,0,360.627,213.339,3113.18,0.947484,0,0.000181251
230.25,0,288.173,287.938,287.465,238.273,2.58484,15.8184,0,360.606,213.333,3113.18,0.948602,0,0.000185962
230.75,0,288.172,287.935,287.463,238.273,2.59694,17.0828,0,360.606,213.333,3113.18,0.942964,0,0.000173766
231.25,0,288.172,287.933,287.461,238.273,2.61794,16.9289,0,360.606,213.333,3113.18,0.943941,0,0.0266723
231.75,0,288.171,287.933,287.46,238.273,2.62338,16.6739,0,360.606,213.333,3113.18,0.945269,0,0.000165861
232.25,0,288.17,287.931,287.459,238.273,2.62534,16.8633,0,360.583,213.33,3113.18,0.941666,0,0.000172219
232.75,0,288.169,287.93,287.457,238.273,2.63509,17.2581,0,360.583,213.33,3113.18,0.942492,0,0.000159248
233.25,0,288.169,287.928,287.455,238.272,2.64622,17.0895,0,360.583,213.33,3113.18,0.943307,0,0.00016213
233.75,0,288.168,287.927,287.454,238.272,2.65561,16.9117,0,360.583,213.33,3113.18,0.944245,0,0.000624871
234.25,0,288.167,287.926,287.454,238.272,2.65633,16.7082,0,360.564,213.323,3113.18,0.945023,0,0.00203703
234.75,0,288.166,287.926,287.453,238.272,2.65448,16.4312,0,360.564,213.323,3113.18,0.946484,0,0.000147835
235.25,0,288.166,287.925,287.453,238.271,2.65342,16.0962,0,360.564,213.323,3113.18,0.947876,0,0.000156231
235.75,0,288.165,287.924,287.452,238.271,2.65326,16.0855,0,360.564,213.323,3113.18,0.947027,0,0.00699564
236.25,0,288.164,287.924,287.452,238.271,2.64623,15.9594,0,360.561,213.318,3113.18,0.948383,0,0.000158362
236.75,0,288.164,287.924,287.452,238.271,2.6403,15.6407,0,360.561,213.318,3113.18,0.949678,0,0.000138458
237.25,0,288.163,287.924,287.451,238.271,2.63594,15.3394,0,360.561,213.318,3113.18,0.950918,0,0.000147936
237.75,0,288.162,287.923,287.451,238.27,2.63304,15.051,0,360.561,213.318,3113.18,0.952104,0,0.000133523
238.25,0,288.162,287.923,287.45,238.27,2.63274,14.7769,0,360.557,213.312,3113.18,0.953248,0,0.00015261
238.75,0,288.161,287.922,287.449,238.27,2.63351,14.5157,0,360.557,213.312,3113.18,0.954344,0,0.000130635
239.25,0,288.16,287.921,287.448,238.272,2.63549,14.6372,0,360.557,213.312,3113.18,0.950696,0,0.0701141
239.75,0,288.159,287.921,287.448,238.271,2.62897,15.17,0,360.557,213.312,3113.18,0.951451,0,0.000126406
240.25,0,288.159,287.921,287.448,238.271,2.622,14.9862,0,360.54,213.316,3113.18,0.952197,0,0.000118096
240.75,0,288.158,287.92,287.448,238.271,2.61657,14.81,0,360.54,213.316,3113.18,0.952938,0,0.00011946
241.25,0,288.157,287.92,287.448,238.271,2.61266,14.6332,0,360.54,213.316,3113.18,0.953672,0,0.000112621
241.75,0,288.157,287.92,287.447,238.27,2.61012,14.4596,0,360.54,213.316,3113.18,0.9544,0,0.000113194
242.25,0,288.156,287.919,287.446,238.27,2.60988,14.2861,0,360.533,213.31,3113.18,0.955124,0,0.000121446
242.75,0,288.155,287.918,287.446,238.27,2.61063,14.1164,0,360.533,213.31,3113.18,0.955839,0,0.000109887
243.25,0,288.155,287.917,287.445,238.27,2.61238,13.9505,0,360.533,213.31,3113.18,0.956544,0,0.000113756
243.75,0,288.154,287.916,287.444,238.27,2.61533,15.0988,0,360.533,213.31,3113.18,0.946871,0,0.00725511
244.25,0,288.153,287.916,287.443,238.269,2.61198,15.994,0,360.512,213.304,3113.18,0.947957,0,0.000120369
244.75,0,288.153,287.915,287.443,238.269,2.60946,15.7394,0,360.512,213.304,3113.18,0.949017,0,0.000103617
245.25,0,288.152,287.915,287.442,238.269,2.60826,15.4903,0,360.512,213.304,3113.18,0.950052,0,0.000112116
245.75,0,288.151,287.914,287.442,238.268,2.60826,15.249,0,360.512,213.304,3113.18,0.951062,0,0.000100337
246.25,0,288.15,287.913,287.441,238.268,2.61036,15.0157,0,360.505,213.298,3113.18,0.952052,0,0.000119278
246.75,0,288.15,287.912,287.44,238.269,2.61386,16.4317,0,360.505,213.298,3113.18,0.94589,0,0.0211073
247.25,0,288.149,287.912,287.439,238.268,2.61454,16.1976,0,360.505,213.298,3113.18,0.947119,0,0.00011068
247.75,0,288.148,287.911,287.438,238.268,2.61578,15.9175,0,360.505,213.298,3113.18,0.948299,0,9.64229e-05
248.25,0,288.148,287.91,287.437,238.268,2.61677,15.6949,0,360.488,213.294,3113.18,0.943268,0,0.00127032
248.75,0,288.147,287.909,287.436,238.268,2.621,16.8511,0,360.488,213.294,3113.18,0.944072,0,0.00259673
249.25,0,288.146,287.908,287.435,238.267,2.62327,16.578,0,360.488,213.294,3113.18,0.945577,0,0.00162375
249.75,0,288.145,287.907,287.435,238.267,2.6248,16.4355,0,360.488,213.294,3113.18,0.94562,0,0.00507612
250.25,0,288.145,287.907,287.434,238.267,2.62254,16.2242,0,360.474,213.289,3113.18,0.94705,0,0.00151435
250.75,0,288.144,287.906,287.434,238.267,2.62116,15.8963,0,360.474,213.289,3113.18,0.948414,0,0.00158105
251.25,0,288.143,287.905,287.433,238.267,2.62084,15.5847,0,360.474,213.289,3113.18,0.949715,0,0.00150037
251.75,0,288.143,287.905,287.432,238.27,2.62154,15.3128,0,360.474,213.289,3113.18,0.947713,0,0.120929
252.25,0,288.142,287.905,287.432,238.274,2.61385,15.8182,0,360.452,213.305,3113.18,0.948571,0,0.117588
252.75,0,288.141,287.904,287.432,238.273,2.60674,15.6114,0,360.452,213.305,3113.18,0.949421,0,7.29143e-05
253.25,0,288.141,287.904,287.432,238.273,2.60127,15.4094,0,360.452,213.305,3113.18,0.950261,0,5.93098e-05
253.75,0,288.14,287.904,287.431,238.273,2.59731,15.2096,0,360.452,213.305,3113.18,0.95109,0,6.69776e-05
254.25,0,288.139,287.903,287.431,238.273,2.59592,15.015,0,360.413,213.319,3113.18,0.951913,0,2.72366e-05
254.75,0,288.138,287.903,287.43,238.272,2.59561,14.8211,0,360.413,213.319,3113.18,0.952723,0,3.73065e-05
255.25,0,288.138,287.902,287.429,238.272,2.59637,14.6319,0,360.413,213.319,3113.18,0.95352,0,3.1464e-05
255.75,0,288.137,287.901,287.428,238.272,2.59813,14.4473,0,360.413,213.319,3113.18,0.954305,0,3.39205e-05
256.25,0,288.136,287.9,287.427,238.272,2.60197,16.123,0,360.402,213.313,3113.18,0.945258,0,0.00192891
256.75,0,288.136,287.899,287.427,238.271,2.60385,16.2645,0,360.402,213.313,3113.18,0.94672,0,3.30894e-05
257.25,0,288.135,287.898,287.426,238.271,2.60663,16.0619,0,360.402,213.313,3113.18,0.946328,0,0.00667625
257.75,0,288.134,287.898,287.425,238.271,2.60594,16.0882,0,360.402,213.313,3113.18,0.947459,0,4.2017e-05
258.25,0,288.134,287.897,287.424,238.271,2.60499,15.8249,0,360.385,213.307,3113.18,0.948556,0,4.67312e-05
258.75,0,288.133,287.896,287.424,238.27,2.60525,15.57,0,360.385,213.307,3113.18,0.949626,0,4.14998e-05
259.25,0,288.132,287.895,287.423,238.27,2.6066,15.3233,0,360.385,213.307,3113.18,0.943564,0,4.33777e-05
259.75,0,288.131,287.894,287.422,238.27,2.61235,16.7654,0,360.385,213.307,3113.18,0.944571,0,0.00101191
260.25,0,288.131,287.893,287.421,238.271,2.61449,16.5327,0,360.371,213.3,3113.18,0.945398,0,0.0258196
260.75,0,288.13,287.893,287.42,238.27,2.61505,16.2896,0,360.371,213.3,3113.18,0.946661,0,4.03116e-05
261.25,0,288.129,287.892,287.419,238.27,2.61609,16.0278,0,360.371,213.3,3113.18,0.942489,0,4.44242e-05
261.75,0,288.129,287.89,287.417,238.27,2.62203,17.0166,0,360.371,213.3,3113.18,0.943301,0,3.93837e-05
262.25,0,288.128,287.889,287.416,238.27,2.63259,16.8408,0,360.354,213.298,3113.18,0.944237,0,0.00053281
262.75,0,288.127,287.888,287.416,238.269,2.63413,16.6382,0,360.354,213.298,3113.18,0.945034,0,0.00178706
263.25,0,288.126,287.887,287.415,238.269,2.63296,16.3556,0,360.354,213.298,3113.18,0.946495,0,4.0261e-05
263.75,0,288.126,287.887,287.414,238.269,2.63261,16.0224,0,360.354,213.298,3113.18,0.946045,0,0.00670591
264.25,0,288.125,287.887,287.414,238.269,2.6258,16.1285,0,360.35,213.293,3113.18,0.947381,0,4.34263e-05
264.75,0,288.124,287.886,287.414,238.269,2.61989,15.8021,0,360.35,213.293,3113.18,0.948715,0,3.72243e-05
265.25,0,288.124,287.886,287.414,238.268,2.61558,15.4918,0,360.35,213.293,3113.18,0.949991,0,4.59945e-05
265.75,0,288.123,287.886,287.413,238.268,2.61275,15.1971,0,360.35,213.293,3113.18,0.951212,0,4.4556e-05
266.25,0,288.122,287.885,287.412,238.268,2.61256,14.9161,0,360.347,213.286,3113.18,0.952388,0,5.72296e-05
266.75,0,288.122,287.884,287.412,238.268,2.61345,14.6484,0,360.347,213.286,3113.18,0.953516,0,4.51102e-05
267.25,0,288.121,287.883,287.411,238.269,2.61545,14.5375,0,360.347,213.286,3113.18,0.949977,0,0.0709529
267.75,0,288.12,287.883,287.411,238.269,2.60998,15.2736,0,360.347,213.286,3113.18,0.950768,0,4.44384e-05
268.25,0,288.119,287.883,287.41,238.269,2.6043,15.0838,0,360.33,213.291,3113.18,0.951548,0,3.79859e-05
268.75,0,288.119,287.882,287.41,238.269,2.60009,14.8977,0,360.33,213.291,3113.18,0.952321,0,3.56907e-05
269.25,0,288.118,287.882,287.41,238.268,2.5973,14.7155,0,360.33,213.291,3113.18,0.953085,0,3.61752e-05
269.75,0,288.117,287.881,287.409,238.268,2.5958,14.5371,0,360.33,213.291,3113.18,0.953841,0,3.40303e-05
270.25,0,288.117,287.881,287.408,238.268,2.59644,14.359,0,360.322,213.285,3113.18,0.954592,0,4.64091e-05
270.75,0,288.116,287.88,287.407,238.268,2.59803,14.1849,0,360.322,213.285,3113.18,0.955333,0,3.59748e-05
271.25,0,288.115,287.879,287.406,238.268,2.60061,14.5058,0,360.322,213.285,3113.18,0.945596,0,0.00464094
271.75,0,288.115,287.878,287.406,238.267,2.59958,16.2288,0,360.322,213.285,3113.18,0.946747,0,3.56792e-05
272.25,0,288.114,287.878,287.405,238.267,2.59856,15.9607,0,360.303,213.278,3113.18,0.947865,0,5.4639e-05
272.75,0,288.113,287.877,287.405,238.267,2.59872,15.7013,0,360.303,213.278,3113.18,0.948955,0,3.73935e-05
273.25,0,288.112,287.876,287.404,238.267,2.59998,15.4502,0,360.303,213.278,3113.18,0.950017,0,4.94869e-05
273.75,0,288.112,287.874,287.402,238.266,2.60877,16.6973,0,360.303,213.278,3113.18,0.944008,0,0.000526941
274.25,0,288.111,287.874,287.401,238.267,2.61436,16.6216,0,360.286,213.272,3113.18,0.945086,0,0.0227095
274.75,0,288.11,287.873,287.4,238.266,2.615,16.3438,0,360.286,213.272,3113.18,0.946354,0,3.97617e-05
275.25,0,288.11,287.872,287.399,238.266,2.61697,16.4362,0,360.286,213.272,3113.18,0.942128,0,0.000353056
275.75,0,288.109,287.87,287.397,238.266,2.62626,17.0805,0,360.286,213.272,3113.18,0.942936,0,0.00138168
276.25,0,288.108,287.868,287.396,238.266,2.63749,16.9164,0,360.269,213.269,3113.18,0.943743,0,0.00183432
276.75,0,288.107,287.868,287.395,238.266,2.64291,16.7032,0,360.269,213.269,3113.18,0.9446,0,0.00278222
277.25,0,288.107,287.867,287.395,238.265,2.64157,16.4493,0,360.269,213.269,3113.18,0.94608,0,0.00148226
277.75,0,288.106,287.866,287.394,238.265,2.64101,16.1971,0,360.269,213.269,3113.18,0.945878,0,0.00618172
278.25,0,288.105,287.866,287.394,238.265,2.63603,16.1503,0,360.26,213.265,3113.18,0.947292,0,0.0014829
278.75,0,288.105,287.866,287.393,238.265,2.63219,15.8233,0,360.26,213.265,3113.18,0.94864,0,0.0015106
279.25,0,288.104,287.865,287.393,238.265,2.62964,15.5122,0,360.26,213.265,3113.18,0.949928,0,0.00147754
279.75,0,288.103,287.865,287.392,238.265,2.62825,15.2164,0,360.26,213.265,3113.18,0.95116,0,0.00152254
280.25,0,288.103,287.864,287.391,238.264,2.62916,14.9355,0,360.254,213.259,3113.18,0.952344,0,0.00147662
280.75,0,288.102,287.863,287.391,238.272,2.63123,15.2361,0,360.254,213.259,3113.18,0.949474,0,0.241046
281.25,0,288.101,287.863,287.391,238.271,2.62482,15.3961,0,360.254,213.259,3113.18,0.950279,0,5.43565e-05
281.75,0,288.1,287.863,287.39,238.271,2.61909,15.2023,0,360.254,213.259,3113.18,0.951076,0,4.26938e-05
282.25,0,288.1,287.862,287.39,238.271,2.6142,15.0121,0,360.197,213.296,3113.18,0.951863,0,6.19075e-06
282.75,0,288.099,287.862,287.389,238.271,2.61068,14.8259,0,360.197,213.296,3113.18,0.95264,0,6.08517e-06
283.25,0,288.098,287.861,287.389,238.27,2.6085,14.6435,0,360.197,213.296,3113.18,0.953409,0,7.18882e-06
283.75,0,288.098,287.861,287.388,238.27,2.60753,14.4613,0,360.197,213.296,3113.18,0.954167,0,6.43574e-06
284.25,0,288.097,287.86,287.388,238.27,2.60858,14.2836,0,360.189,213.289,3113.18,0.95492,0,1.00421e-05
284.75,0,288.096,287.859,287.387,238.27,2.61058,14.3534,0,360.189,213.289,3113.18,0.94519,0,0.00355483
285.25,0,288.096,287.859,287.386,238.269,2.60981,16.3179,0,360.189,213.289,3113.18,0.946365,0,9.0727e-06
285.75,0,288.095,287.858,287.385,238.269,2.60982,16.0454,0,360.189,213.289,3113.18,0.94751,0,6.89625e-06
286.25,0,288.094,287.857,287.385,238.269,2.6103,15.7816,0,360.172,213.283,3113.18,0.948621,0,1.30004e-05
286.75,0,288.093,287.855,287.383,238.269,2.61431,16.3844,0,360.172,213.283,3113.18,0.942777,0,9.01116e-06
287.25,0,288.093,287.853,287.381,238.268,2.63275,16.9204,0,360.172,213.283,3113.18,0.943779,0,0.00050915
287.75,0,288.092,287.853,287.38,238.269,2.6397,16.6787,0,360.172,213.283,3113.18,0.944884,0,0.0253059
288.25,0,288.091,287.852,287.379,238.269,2.63871,16.5184,0,360.152,213.28,3113.18,0.941345,0,1.12027e-05
288.75,0,288.091,287.85,287.378,238.268,2.64289,17.2688,0,360.152,213.28,3113.18,0.942179,0,9.25863e-06
289.25,0,288.09,287.849,287.376,238.268,2.6532,17.0949,0,360.152,213.28,3113.18,0.943001,0,1.02492e-05
289.75,0,288.089,287.847,287.375,238.268,2.6635,16.9227,0,360.152,213.28,3113.18,0.943824,0,0.000527738
290.25,0,288.088,287.847,287.374,238.268,2.66605,16.6933,0,360.136,213.274,3113.18,0.944597,0,0.00194443
290.75,0,288.088,287.846,287.374,238.267,2.66328,16.4668,0,360.136,213.274,3113.18,0.946075,0,1.00312e-05
291.25,0,288.087,287.846,287.373,238.267,2.66101,16.1275,0,360.136,213.274,3113.18,0.947484,0,1.27825e-05
291.75,0,288.086,287.845,287.373,238.267,2.65973,15.9648,0,360.136,213.274,3113.18,0.946559,0,0.00718113
292.25,0,288.086,287.845,287.373,238.267,2.65145,16.0012,0,360.134,213.269,3113.18,0.947932,0,1.90651e-05
292.75,0,288.085,287.845,287.373,238.267,2.64408,15.6782,0,360.134,213.269,3113.18,0.949244,0,1.41941e-05
293.25,0,288.084,287.845,287.372,238.266,2.63839,15.3713,0,360.134,213.269,3113.18,0.950499,0,1.72293e-05
293.75,0,288.083,287.844,287.372,238.266,2.63423,15.0799,0,360.134,213.269,3113.18,0.9517,0,1.41802e-05
294.25,0,288.083,287.844,287.371,238.266,2.63286,14.8019,0,360.133,213.263,3113.18,0.952858,0,2.3309e-05
294.75,0,288.082,287.843,287.371,238.266,2.63258,14.537,0,360.133,213.263,3113.18,0.953969,0,1.55485e-05
295.25,0,288.081,287.842,287.37,238.265,2.63342,14.2845,0,360.133,213.263,3113.18,0.955035,0,2.07883e-05
295.75,0,288.081,287.842,287.369,238.267,2.63564,15.118,0,360.133,213.263,3113.18,0.951376,0,0.0719915
296.25,0,288.08,287.842,287.369,238.267,2.62811,14.9473,0,360.115,213.267,3113.18,0.952109,0,1.0079e-05
296.75,0,288.079,287.841,287.369,238.267,2.62141,14.7686,0,360.115,213.267,3113.18,0.952838,0,1.10695e-05
297.25,0,288.079,287.841,287.369,238.267,2.6163,14.5932,0,360.115,213.267,3113.18,0.953563,0,9.97355e-06
297.75,0,288.078,287.841,287.368,238.266,2.61265,14.4249,0,360.115,213.267,3113.18,0.954282,0,1.0293e-05
298.25,0,288.077,287.84,287.368,238.266,2.61142,14.2524,0,360.11,213.261,3113.18,0.955,0,1.55076e-05
298.75,0,288.077,287.839,287.367,238.266,2.61122,14.0833,0,360.11,213.261,3113.18,0.95571,0,2.25043e-05
299.25,0,288.076,287.839,287.366,238.266,2.61206,13.9177,0,360.11,213.261,3113.18,0.956411,0,2.07581e-05
299.75,0,288.075,287.838,287.365,238.266,2.61396,14.4227,0,360.11,213.261,3113.18,0.946449,0,0.006863
300.25,0,288.074,287.837,287.365,238.265,2.61023,16.0126,0,360.09,213.255,3113.18,0.947558,0,3.12027e-05
300.75,0,288.074,287.837,287.365,238.265,2.60723,15.7534,0,360.09,213.255,3113.18,0.948639,0,2.27624e-05
301.25,0,288.073,287.836,287.364,238.265,2.60555,15.5,0,360.09,213.255,3113.18,0.949694,0,2.82147e-05
301.75,0,288.072,287.836,287.363,238.265,2.60506,15.2546,0,360.09,213.255,3113.18,0.950723,0,2.28528e-05
302.25,0,288.072,287.835,287.362,238.264,2.60671,15.0175,0,360.084,213.249,3113.18,0.944426,0,0.00181269
302.75,0,288.071,287.834,287.362,238.264,2.60741,16.4268,0,360.084,213.249,3113.18,0.945797,0,2.47859e-05
303.25,0,288.07,287.833,287.361,238.264,2.60874,16.0873,0,360.084,213.249,3113.18,0.947238,0,3.40031e-05
303.75,0,288.07,287.832,287.36,238.264,2.61153,16.1151,0,360.084,213.249,3113.18,0.947028,0,0.0247045
304.25,0,288.069,287.832,287.359,238.264,2.60945,15.8561,0,360.069,213.246,3113.18,0.948204,0,0.00145586
304.75,0,288.068,287.831,287.359,238.264,2.60806,15.585,0,360.069,213.246,3113.18,0.949335,0,0.00144691
305.25,0,288.067,287.831,287.358,238.264,2.60749,15.3253,0,360.069,213.246,3113.18,0.950423,0,0.00145775
305.75,0,288.067,287.83,287.357,238.264,2.6077,15.0765,0,360.069,213.246,3113.18,0.951471,0,0.00145213
306.25,0,288.066,287.829,287.357,238.263,2.60968,15.7231,0,360.06,213.241,3113.18,0.94585,0,0.00530573
306.75,0,288.065,287.829,287.356,238.263,2.60764,16.0723,0,360.06,213.241,3113.18,0.947274,0,0.00145914
307.25,0,288.065,287.828,287.355,238.263,2.60646,15.7478,0,360.06,213.241,3113.18,0.948631,0,0.00147359
307.75,0,288.064,287.827,287.355,238.263,2.60632,15.4395,0,360.06,213.241,3113.18,0.949927,0,0.00146449
308.25,0,288.063,287.826,287.354,238.263,2.60726,15.1465,0,360.048,213.236,3113.18,0.951166,0,0.00148531
308.75,0,288.063,287.826,287.353,238.27,2.6092,15.2131,0,360.048,213.236,3113.18,0.948675,0,0.237866
309.25,0,288.062,287.825,287.353,238.269,2.60275,15.5045,0,360.048,213.236,3113.18,0.949507,0,4.23689e-05
309.75,0,288.061,287.825,287.353,238.269,2.5969,15.3091,0,360.048,213.236,3113.18,0.950332,0,3.09118e-05
310.25,0,288.06,287.825,287.353,238.269,2.59203,15.1132,0,359.992,213.272,3113.18,0.951144,0,4.29562e-06
310.75,0,288.06,287.824,287.352,238.269,2.58853,14.9217,0,359.992,213.272,3113.18,0.951946,0,1.56465e-06
311.25,0,288.059,287.824,287.352,238.268,2.58638,14.7343,0,359.992,213.272,3113.18,0.952739,0,3.85259e-06
311.75,0,288.058,287.823,287.351,238.268,2.58545,14.5474,0,359.992,213.272,3113.18,0.95352,0,1.72509e-06
312.25,0,288.058,287.823,287.35,238.268,2.58655,14.3651,0,359.985,213.266,3113.18,0.954294,0,4.74012e-06
312.75,0,288.057,287.822,287.349,238.268,2.58859,14.1872,0,359.985,213.266,3113.18,0.955056,0,1.95033e-06
313.25,0,288.056,287.821,287.348,238.268,2.59175,15.7365,0,359.985,213.266,3113.18,0.945852,0,0.00346233
313.75,0,288.056,287.82,287.348,238.267,2.5916,16.1,0,359.985,213.266,3113.18,0.947002,0,2.16707e-06
314.25,0,288.055,287.819,287.347,238.267,2.59168,15.835,0,359.967,213.259,3113.18,0.948118,0,5.43525e-06
314.75,0,288.054,287.819,287.346,238.267,2.59286,15.5785,0,359.967,213.259,3113.18,0.949206,0,2.46054e-06
315.25,0,288.053,287.816,287.344,238.267,2.60336,16.9014,0,359.967,213.259,3113.18,0.94324,0,4.95237e-06
315.75,0,288.053,287.815,287.342,238.267,2.62049,16.7511,0,359.967,213.259,3113.18,0.944318,0,0.0252266
316.25,0,288.052,287.814,287.341,238.267,2.62104,16.5789,0,359.947,213.256,3113.18,0.940965,0,3.48798e-06
316.75,0,288.051,287.812,287.34,238.267,2.62563,17.286,0,359.947,213.256,3113.18,0.941807,0,2.74525e-06
317.25,0,288.051,287.811,287.338,238.266,2.63582,17.11,0,359.947,213.256,3113.18,0.942637,0,3.51041e-06
317.75,0,288.05,287.809,287.337,238.266,2.64656,16.9373,0,359.947,213.256,3113.18,0.943456,0,3.18962e-06
318.25,0,288.049,287.809,287.336,238.266,2.65383,16.7597,0,359.929,213.25,3113.18,0.944374,0,0.00102351
318.75,0,288.048,287.808,287.336,238.266,2.65239,16.4689,0,359.929,213.25,3113.18,0.944846,0,0.00352064
319.25,0,288.048,287.808,287.335,238.265,2.64785,16.3492,0,359.929,213.25,3113.18,0.946305,0,6.22605e-06
319.75,0,288.047,287.807,287.335,238.265,2.64382,16.012,0,359.929,213.25,3113.18,0.947697,0,4.60934e-06
320.25,0,288.046,287.807,287.334,238.265,2.64173,15.6919,0,359.928,213.244,3113.18,0.94903,0,9.08988e-06
320.75,0,288.046,287.806,287.334,238.265,2.64065,15.3875,0,359.928,213.244,3113.18,0.950304,0,8.17289e-06
321.25,0,288.045,287.805,287.333,238.265,2.64067,15.3898,0,359.928,213.244,3113.18,0.948131,0,0.0114211
321.75,0,288.044,287.805,287.333,238.265,2.63232,15.6262,0,359.928,213.244,3113.18,0.949157,0,7.77541e-06
322.25,0,288.043,287.805,287.333,238.264,2.6247,15.3827,0,359.923,213.24,3113.18,0.950161,0,1.13598e-05
322.75,0,288.043,287.805,287.333,238.264,2.61874,15.1436,0,359.923,213.24,3113.18,0.951144,0,8.28948e-06
323.25,0,288.042,287.805,287.332,238.264,2.61437,14.9118,0,359.923,213.24,3113.18,0.952105,0,1.6341e-05
323.75,0,288.041,287.804,287.332,238.264,2.61148,14.6872,0,359.923,213.24,3113.18,0.953045,0,9.62237e-06
324.25,0,288.041,287.804,287.331,238.263,2.6111,14.4671,0,359.919,213.233,3113.18,0.953969,0,2.18754e-05
324.75,0,288.04,287.803,287.33,238.263,2.6118,14.2538,0,359.919,213.233,3113.18,0.954872,0,1.17022e-05
325.25,0,288.039,287.802,287.33,238.266,2.61361,14.4695,0,359.919,213.233,3113.18,0.947989,0,0.0869935
325.75,0,288.039,287.802,287.329,238.265,2.61033,15.6534,0,359.919,213.233,3113.18,0.948924,0,1.25193e-05
326.25,0,288.038,287.801,287.329,238.265,2.60683,15.4347,0,359.896,213.241,3113.18,0.949839,0,5.57553e-06
326.75,0,288.037,287.801,287.328,238.265,2.60459,15.2181,0,359.896,213.241,3113.18,0.950737,0,7.84588e-06
327.25,0,288.037,287.8,287.328,238.265,2.60352,15.0071,0,359.896,213.241,3113.18,0.951619,0,6.04923e-06
327.75,0,288.036,287.799,287.327,238.264,2.60353,14.8016,0,359.896,213.241,3113.18,0.952485,0,7.00314e-06
328.25,0,288.035,287.798,287.326,238.264,2.6067,15.5638,0,359.888,213.235,3113.18,0.943872,0,0.000260394
328.75,0,288.034,287.797,287.325,238.264,2.61153,16.5808,0,359.888,213.235,3113.18,0.944972,0,0.000761774
329.25,0,288.034,287.796,287.324,238.264,2.61371,16.3972,0,359.888,213.235,3113.18,0.945655,0,0.0045809
329.75,0,288.033,287.796,287.323,238.263,2.61336,16.1501,0,359.888,213.235,3113.18,0.946847,0,1.29194e-05
330.25,0,288.032,287.795,287.323,238.263,2.61314,15.8757,0,359.872,213.229,3113.18,0.948002,0,3.31161e-05
330.75,0,288.032,287.793,287.321,238.263,2.61672,16.4082,0,359.872,213.229,3113.18,0.942689,0,1.58732e-05
331.25,0,288.031,287.791,287.319,238.263,2.63411,16.8792,0,359.872,213.229,3113.18,0.943734,0,0.000252508
331.75,0,288.03,287.791,287.318,238.262,2.64212,16.6308,0,359.872,213.229,3113.18,0.944954,0,0.000851058
332.25,0,288.029,287.79,287.317,238.263,2.6423,16.4235,0,359.854,213.222,3113.18,0.945709,0,0.0294379
332.75,0,288.029,287.789,287.317,238.263,2.64032,16.161,0,359.854,213.222,3113.18,0.946967,0,0.00136225
333.25,0,288.028,287.789,287.316,238.263,2.6388,15.8723,0,359.854,213.222,3113.18,0.948173,0,0.00136269
333.75,0,288.027,287.788,287.316,238.263,2.63786,15.5962,0,359.854,213.222,3113.18,0.94933,0,0.00133324
334.25,0,288.027,287.787,287.315,238.262,2.63727,15.5183,0,359.847,213.221,3113.18,0.944432,0,0.00307631
334.75,0,288.026,287.787,287.315,238.262,2.63525,16.4002,0,359.847,213.221,3113.18,0.945918,0,0.00154218
335.25,0,288.025,287.786,287.314,238.262,2.63363,16.0618,0,359.847,213.221,3113.18,0.947333,0,0.00132815
335.75,0,288.025,287.786,287.313,238.262,2.63275,15.7405,0,359.847,213.221,3113.18,0.948681,0,0.00155389
336.25,0,288.024,287.785,287.313,238.262,2.63294,15.7358,0,359.837,213.216,3113.18,0.947496,0,0.00726536
336.75,0,288.023,287.785,287.312,238.262,2.62683,15.6888,0,359.837,213.216,3113.18,0.948842,0,0.00153367
337.25,0,288.022,287.784,287.312,238.261,2.62166,15.3777,0,359.837,213.216,3113.18,0.950128,0,0.00134916
337.75,0,288.022,287.784,287.312,238.261,2.61783,15.0815,0,359.837,213.216,3113.18,0.951355,0,0.00156721
338.25,0,288.021,287.784,287.311,238.261,2.6159,14.7993,0,359.832,213.212,3113.18,0.952533,0,0.0013655
338.75,0,288.02,287.783,287.311,238.261,2.61501,14.5305,0,359.832,213.212,3113.18,0.95366,0,0.00151722
339.25,0,288.02,287.782,287.31,238.26,2.61517,14.2746,0,359.832,213.212,3113.18,0.954741,0,0.0013888
339.75,0,288.019,287.781,287.309,238.268,2.61642,14.3357,0,359.832,213.212,3113.18,0.950888,0,0.240919
340.25,0,288.018,287.782,287.309,238.267,2.6065,14.9585,0,359.773,213.248,3113.18,0.951618,0,1.01711e-14
340.75,0,288.018,287.782,287.309,238.267,2.59637,14.7774,0,359.773,213.248,3113.18,0.952345,0,9.7597e-15
341.25,0,288.017,287.782,287.309,238.267,2.58809,14.5989,0,359.773,213.248,3113.18,0.953069,0,9.364e-15
341.75,0,288.016,287.782,287.309,238.267,2.58154,14.4285,0,359.773,213.248,3113.18,0.953788,0,8.98233e-15
342.25,0,288.015,287.781,287.309,238.266,2.57786,14.2571,0,359.772,213.242,3113.18,0.954506,0,1.05742e-14
342.75,0,288.015,287.781,287.308,238.266,2.57538,14.0891,0,359.772,213.242,3113.18,0.955218,0,1.016e-14
343.25,0,288.014,287.78,287.308,238.266,2.57417,13.9246,0,359.772,213.242,3113.18,0.955923,0,1.03586e-14
343.75,0,288.013,287.779,287.307,238.266,2.57409,13.7597,0,359.772,213.242,3113.18,0.956618,0,9.93612e-15
344.25,0,288.013,287.779,287.306,238.265,2.57589,13.5988,0,359.762,213.236,3113.18,0.957309,0,1.24372e-14
344.75,0,288.012,287.778,287.305,238.265,2.57858,13.4415,0,359.762,213.236,3113.18,0.957991,0,1.3352e-14
345.25,0,288.011,287.777,287.304,238.265,2.58254,15.2917,0,359.762,213.236,3113.18,0.94856,0,0.0110084
345.75,0,288.011,287.776,287.304,238.265,2.57881,15.4177,0,359.762,213.236,3113.18,0.949583,0,1.5672e-14
346.25,0,288.01,287.776,287.304,238.265,2.57481,15.179,0,359.745,213.231,3113.18,0.950579,0,2.35187e-14
346.75,0,288.009,287.775,287.303,238.264,2.57229,14.9476,0,359.745,213.231,3113.18,0.951554,0,1.202e-06
347.25,0,288.009,287.775,287.302,238.264,2.5711,14.7231,0,359.745,213.231,3113.18,0.952507,0,5.0065e-06
347.75,0,288.008,287.774,287.302,238.264,2.57112,14.5027,0,359.745,213.231,3113.18,0.953438,0,1.52596e-06
348.25,0,288.007,287.773,287.301,238.264,2.5732,14.2893,0,359.737,213.224,3113.18,0.954353,0,5.80539e-06
348.75,0,288.006,287.772,287.3,238.264,2.57626,14.8605,0,359.737,213.224,3113.18,0.947554,0,0.0223034
349.25,0,288.006,287.772,287.299,238.264,2.57403,15.6204,0,359.737,213.224,3113.18,0.948707,0,5.18392e-06
349.75,0,288.005,287.771,287.299,238.264,2.57252,15.3555,0,359.737,213.224,3113.18,0.949817,0,2.13002e-06
350.25,0,288.004,287.771,287.298,238.263,2.57116,15.1033,0,359.723,213.221,3113.18,0.950883,0,4.13597e-06
350.75,0,288.004,287.77,287.298,238.263,2.57075,14.8593,0,359.723,213.221,3113.18,0.951912,0,2.4956e-06
351.25,0,288.003,287.769,287.297,238.263,2.57127,14.625,0,359.723,213.221,3113.18,0.952905,0,3.91101e-06
351.75,0,288.002,287.768,287.296,238.263,2.57266,14.4,0,359.723,213.221,3113.18,0.953864,0,3.38244e-06
352.25,0,288.002,287.767,287.295,238.263,2.57581,15.0284,0,359.713,213.215,3113.18,0.947587,0,0.00915077
352.75,0,288.001,287.767,287.295,238.262,2.57074,15.6163,0,359.713,213.215,3113.18,0.948618,0,4.97064e-06
353.25,0,288,287.767,287.295,238.262,2.56624,15.3775,0,359.713,213.215,3113.18,0.949628,0,1.09427e-05
353.75,0,287.999,287.766,287.294,238.262,2.5633,15.1427,0,359.713,213.215,3113.18,0.950617,0,6.04021e-06
354.25,0,287.999,287.766,287.294,238.262,2.56148,14.9147,0,359.703,213.21,3113.18,0.951582,0,1.32723e-05
354.75,0,287.998,287.765,287.293,238.261,2.56093,14.6934,0,359.703,213.21,3113.18,0.952527,0,7.95687e-06
355.25,0,287.997,287.764,287.292,238.261,2.5616,14.4759,0,359.703,213.21,3113.18,0.953451,0,1.8268e-05
355.75,0,287.997,287.764,287.291,238.261,2.56337,14.2649,0,359.703,213.21,3113.18,0.954355,0,9.50466e-06
356.25,0,287.996,287.763,287.29,238.263,2.56704,14.7332,0,359.693,213.203,3113.18,0.947364,0,0.0878512
356.75,0,287.995,287.762,287.29,238.263,2.56638,15.6837,0,359.693,213.203,3113.18,0.948337,0,1.18836e-05
357.25,0,287.995,287.761,287.289,238.263,2.56666,15.4618,0,359.693,213.203,3113.18,0.949292,0,2.01602e-05
357.75,0,287.994,287.76,287.288,238.263,2.56808,15.2421,0,359.693,213.203,3113.18,0.95023,0,1.28662e-05
358.25,0,287.993,287.76,287.287,238.262,2.56932,15.0279,0,359.669,213.211,3113.18,0.951144,0,5.89082e-06
358.75,0,287.993,287.758,287.286,238.262,2.57219,15.4005,0,359.669,213.211,3113.18,0.942663,0,8.11976e-06
359.25,0,287.992,287.756,287.284,238.262,2.58729,16.7895,0,359.669,213.211,3113.18,0.9436,0,0.000133826
359.75,0,287.991,287.755,287.283,238.262,2.59819,16.5813,0,359.669,213.211,3113.18,0.944498,0,0.00197635
360.25,0,287.99,287.754,287.282,238.262,2.59796,16.2899,0,359.648,213.205,3113.18,0.94599,0,2.87567e-05
360.75,0,287.99,287.754,287.281,238.261,2.5988,16.0705,0,359.648,213.205,3113.18,0.945918,0,0.0077874
361.25,0,287.989,287.753,287.281,238.261,2.59707,16.0234,0,359.648,213.205,3113.18,0.947099,0,2.50826e-05
361.75,0,287.988,287.752,287.28,238.261,2.59599,15.7502,0,359.648,213.205,3113.18,0.948247,0,1.44622e-05
362.25,0,287.988,287.752,287.279,238.261,2.59634,15.4862,0,359.642,213.2,3113.18,0.949365,0,3.29306e-05
362.75,0,287.987,287.751,287.278,238.261,2.59926,16.0765,0,359.642,213.2,3113.18,0.944021,0,0.000481843
363.25,0,287.986,287.75,287.277,238.26,2.60301,16.4763,0,359.642,213.2,3113.18,0.945075,0,0.00305646
363.75,0,287.985,287.749,287.277,238.26,2.60324,16.1613,0,359.642,213.2,3113.18,0.946551,0,0.00131902
364.25,0,287.985,287.748,287.276,238.261,2.60458,16.008,0,359.629,213.194,3113.18,0.946532,0,0.0290503
364.75,0,287.984,287.748,287.275,238.261,2.6021,15.8739,0,359.629,213.194,3113.18,0.947748,0,0.00130737
365.25,0,287.983,287.747,287.275,238.26,2.6,15.5945,0,359.629,213.194,3113.18,0.948915,0,0.0015457
365.75,0,287.983,287.747,287.274,238.26,2.59867,15.3271,0,359.629,213.194,3113.18,0.950037,0,0.00129366
366.25,0,287.982,287.746,287.274,238.26,2.59776,15.071,0,359.621,213.193,3113.18,0.951114,0,0.00155531
366.75,0,287.981,287.745,287.273,238.26,2.59753,14.8255,0,359.621,213.193,3113.18,0.95215,0,0.0013074
367.25,0,287.981,287.745,287.272,238.26,2.59797,14.59,0,359.621,213.193,3113.18,0.953148,0,0.00152979
367.75,0,287.98,287.744,287.272,238.26,2.59921,15.3251,0,359.621,213.193,3113.18,0.947279,0,0.0093183
368.25,0,287.979,287.744,287.272,238.259,2.5915,15.6426,0,359.61,213.189,3113.18,0.948619,0,0.00156356
368.75,0,287.978,287.744,287.271,238.259,2.58444,15.3311,0,359.61,213.189,3113.18,0.949899,0,0.00132915
369.25,0,287.978,287.743,287.271,238.259,2.57899,15.0346,0,359.61,213.189,3113.18,0.951122,0,0.00152097
369.75,0,287.977,287.743,287.271,238.259,2.575,14.753,0,359.61,213.189,3113.18,0.952292,0,0.0013488
370.25,0,287.976,287.742,287.27,238.259,2.57375,14.4859,0,359.606,213.184,3113.18,0.95342,0,0.00155089
370.75,0,287.976,287.742,287.269,238.258,2.57356,14.2302,0,359.606,213.184,3113.18,0.954501,0,0.00134656
371.25,0,287.975,287.741,287.269,238.258,2.57445,13.9865,0,359.606,213.184,3113.18,0.955538,0,0.00154767
371.75,0,287.974,287.74,287.268,238.258,2.57633,13.754,0,359.606,213.184,3113.18,0.956534,0,0.00135536
372.25,0,287.974,287.739,287.267,238.265,2.58032,14.3814,0,359.593,213.179,3113.18,0.952069,0,0.243811
372.75,0,287.973,287.739,287.267,238.265,2.57417,14.6019,0,359.593,213.179,3113.18,0.952773,0,2.68765e-05
373.25,0,287.972,287.739,287.267,238.265,2.56823,14.4331,0,359.593,213.179,3113.18,0.953476,0,3.49416e-05
373.75,0,287.972,287.738,287.266,238.265,2.56396,14.2667,0,359.593,213.179,3113.18,0.954176,0,2.71001e-05
374.25,0,287.971,287.738,287.266,238.264,2.5601,14.1028,0,359.536,213.215,3113.18,0.954866,0,1.57718e-15
374.75,0,287.97,287.738,287.265,238.264,2.5575,13.9457,0,359.536,213.215,3113.18,0.955552,0,1.58329e-15
375.25,0,287.969,287.737,287.265,238.264,2.55622,13.7874,0,359.536,213.215,3113.18,0.956233,0,1.56129e-15
375.75,0,287.969,287.736,287.264,238.264,2.55611,13.6281,0,359.536,213.215,3113.18,0.956907,0,1.55085e-15
376.25,0,287.968,287.735,287.263,238.263,2.55789,13.4723,0,359.527,213.208,3113.18,0.957579,0,2.64438e-15
376.75,0,287.967,287.735,287.262,238.263,2.56058,13.3198,0,359.527,213.208,3113.18,0.958242,0,2.89768e-15
377.25,0,287.967,287.734,287.261,238.263,2.56432,14.3957,0,359.527,213.208,3113.18,0.94842,0,0.0115585
377.75,0,287.966,287.733,287.261,238.263,2.56069,15.3771,0,359.527,213.208,3113.18,0.94945,0,2.69962e-15
378.25,0,287.965,287.733,287.261,238.263,2.55652,15.1406,0,359.509,213.203,3113.18,0.950453,0,4.96441e-15
378.75,0,287.965,287.732,287.26,238.262,2.55384,14.9082,0,359.509,213.203,3113.18,0.951434,0,4.80033e-15
379.25,0,287.964,287.732,287.259,238.262,2.55253,14.6829,0,359.509,213.203,3113.18,0.952392,0,5.53072e-15
379.75,0,287.963,287.731,287.259,238.262,2.55245,14.4616,0,359.509,213.203,3113.18,0.953329,0,2.47788e-06
380.25,0,287.963,287.73,287.258,238.262,2.55444,14.2475,0,359.502,213.197,3113.18,0.95425,0,4.89222e-06
380.75,0,287.962,287.729,287.257,238.262,2.55741,14.0992,0,359.502,213.197,3113.18,0.947251,0,0.0225913
381.25,0,287.961,287.729,287.257,238.262,2.55481,15.6142,0,359.502,213.197,3113.18,0.948422,0,4.46912e-06
381.75,0,287.96,287.728,287.256,238.262,2.55266,15.347,0,359.502,213.197,3113.18,0.94955,0,2.68878e-06
382.25,0,287.96,287.728,287.256,238.261,2.55071,15.089,0,359.488,213.194,3113.18,0.950631,0,3.5303e-06
382.75,0,287.959,287.727,287.255,238.261,2.5498,14.8439,0,359.488,213.194,3113.18,0.951674,0,2.66157e-06
383.25,0,287.958,287.726,287.254,238.261,2.54988,14.6065,0,359.488,213.194,3113.18,0.952681,0,3.30104e-06
383.75,0,287.958,287.726,287.253,238.261,2.55087,14.3788,0,359.488,213.194,3113.18,0.953652,0,2.61565e-06
384.25,0,287.957,287.725,287.252,238.26,2.55361,14.1604,0,359.478,213.188,3113.18,0.954596,0,4.48585e-06
384.75,0,287.956,287.724,287.252,238.26,2.55733,14.9662,0,359.478,213.188,3113.18,0.948276,0,0.010901
385.25,0,287.956,287.724,287.251,238.26,2.55216,15.3898,0,359.478,213.188,3113.18,0.949277,0,4.34988e-06
385.75,0,287.955,287.723,287.251,238.26,2.54741,15.1551,0,359.478,213.188,3113.18,0.950259,0,4.59947e-06
386.25,0,287.954,287.723,287.251,238.26,2.54373,14.927,0,359.468,213.183,3113.18,0.951218,0,7.93221e-06
386.75,0,287.954,287.722,287.25,238.259,2.54153,14.7086,0,359.468,213.183,3113.18,0.952158,0,8.33873e-06
387.25,0,287.953,287.722,287.249,238.259,2.54071,14.4935,0,359.468,213.183,3113.18,0.953078,0,8.36593e-06
387.75,0,287.952,287.721,287.249,238.259,2.54114,14.2817,0,359.468,213.183,3113.18,0.953979,0,7.86602e-06
388.25,0,287.951,287.72,287.248,238.259,2.54365,14.0764,0,359.459,213.177,3113.18,0.954866,0,1.38357e-05
388.75,0,287.951,287.719,287.247,238.258,2.54715,13.8773,0,359.459,213.177,3113.18,0.955734,0,1.54784e-05
389.25,0,287.95,287.718,287.246,238.261,2.5516,15.4322,0,359.459,213.177,3113.18,0.948876,0,0.0883788
389.75,0,287.949,287.717,287.245,238.261,2.55118,15.2794,0,359.459,213.177,3113.18,0.949788,0,1.44584e-05
390.25,0,287.949,287.717,287.244,238.26,2.55048,15.0686,0,359.433,213.185,3113.18,0.950679,0,1.62646e-06
390.75,0,287.948,287.716,287.244,238.26,2.55091,14.8626,0,359.433,213.185,3113.18,0.951556,0,7.72041e-06
391.25,0,287.947,287.715,287.243,238.26,2.55238,14.6617,0,359.433,213.185,3113.18,0.952417,0,3.40381e-06
391.75,0,287.947,287.714,287.241,238.26,2.55602,15.2914,0,359.433,213.185,3113.18,0.943544,0,0.000114096
392.25,0,287.946,287.713,287.24,238.259,2.564,16.496,0,359.415,213.178,3113.18,0.944526,0,0.00147806
392.75,0,287.945,287.712,287.24,238.259,2.56524,16.188,0,359.415,213.178,3113.18,0.94602,0,8.2805e-06
393.25,0,287.944,287.711,287.239,238.259,2.56768,16.1123,0,359.415,213.178,3113.18,0.946184,0,0.00670697
393.75,0,287.944,287.71,287.238,238.259,2.56722,15.8735,0,359.415,213.178,3113.18,0.947355,0,1.01298e-05
394.25,0,287.943,287.71,287.237,238.259,2.56783,15.6055,0,359.407,213.173,3113.18,0.948496,0,3.08476e-05
394.75,0,287.942,287.708,287.236,238.258,2.57023,15.7986,0,359.407,213.173,3113.18,0.943066,0,1.31497e-05
395.25,0,287.942,287.707,287.235,238.258,2.58269,16.6172,0,359.407,213.173,3113.18,0.944197,0,0.000534286
395.75,0,287.941,287.706,287.234,238.258,2.58666,16.3806,0,359.407,213.173,3113.18,0.94525,0,0.00226058
396.25,0,287.94,287.705,287.233,238.258,2.58692,16.0533,0,359.391,213.167,3113.18,0.946719,0,0.00133748
396.75,0,287.94,287.704,287.232,238.259,2.58847,15.9455,0,359.391,213.167,3113.18,0.946705,0,0.0295134
397.25,0,287.939,287.704,287.232,238.258,2.58623,15.7673,0,359.391,213.167,3113.18,0.947917,0,0.00137864
397.75,0,287.938,287.703,287.231,238.258,2.58447,15.4904,0,359.391,213.167,3113.18,0.949079,0,0.0014662
398.25,0,287.937,287.703,287.231,238.258,2.5831,15.2252,0,359.384,213.166,3113.18,0.950194,0,0.00136007
398.75,0,287.937,287.702,287.23,238.258,2.58242,14.9713,0,359.384,213.166,3113.18,0.951267,0,0.00148996
399.25,0,287.936,287.701,287.229,238.257,2.58242,14.728,0,359.384,213.166,3113.18,0.952299,0,0.00134471
399.75,0,287.935,287.701,287.228,238.258,2.58312,14.7056,0,359.384,213.166,3113.18,0.946442,0,0.00880561
400.25,0,287.935,287.701,287.228,238.257,2.57604,15.7677,0,359.373,213.162,3113.18,0.947819,0,0.00133268
400.75,0,287.934,287.7,287.228,238.257,2.56943,15.4483,0,359.373,213.162,3113.18,0.949133,0,0.00153817
401.25,0,287.933,287.7,287.228,238.257,2.56432,15.1456,0,359.373,213.162,3113.18,0.950387,0,0.00134125
401.75,0,287.933,287.7,287.228,238.257,2.56063,14.8582,0,359.373,213.162,3113.18,0.951587,0,0.00151641
402.25,0,287.932,287.699,287.227,238.257,2.55957,14.5856,0,359.369,213.157,3113.18,0.952742,0,0.00135264
402.75,0,287.931,287.698,287.226,238.256,2.55952,14.3248,0,359.369,213.157,3113.18,0.953849,0,0.00154641
403.25,0,287.93,287.698,287.225,238.256,2.56051,14.0762,0,359.369,213.157,3113.18,0.954911,0,0.00136187
403.75,0,287.93,287.697,287.225,238.256,2.56245,13.839,0,359.369,213.157,3113.18,0.95593,0,0.00151116
404.25,0,287.929,287.696,287.224,238.263,2.56617,14.4316,0,359.356,213.152,3113.18,0.951651,0,0.241108
404.75,0,287.928,287.696,287.224,238.263,2.5598,14.6319,0,359.356,213.152,3113.18,0.952368,0,2.52932e-05
405.25,0,287.928,287.695,287.223,238.263,2.5537,14.4651,0,359.356,213.152,3113.18,0.953084,0,3.34324e-05
405.75,0,287.927,287.695,287.223,238.262,2.54928,14.296,0,359.356,213.152,3113.18,0.953797,0,2.55922e-05
406.25,0,287.926,287.695,287.223,238.262,2.54535,14.1294,0,359.301,213.187,3113.18,0.9545,0,1.29003e-15
406.75,0,287.926,287.694,287.222,238.262,2.5427,13.9658,0,359.301,213.187,3113.18,0.955198,0,1.2481e-15
407.25,0,287.925,287.694,287.222,238.262,2.54136,13.8053,0,359.301,213.187,3113.18,0.95589,0,1.21677e-15
407.75,0,287.924,287.693,287.221,238.261,2.54122,13.6479,0,359.301,213.187,3113.18,0.956576,0,1.23027e-15
408.25,0,287.924,287.692,287.22,238.261,2.54296,13.49,0,359.292,213.181,3113.18,0.957258,0,2.28269e-15
408.75,0,287.923,287.691,287.219,238.261,2.54563,13.3354,0,359.292,213.181,3113.18,0.957931,0,2.47115e-15
409.25,0,287.922,287.69,287.218,238.261,2.54915,13.9205,0,359.292,213.181,3113.18,0.948778,0,0.00592332
409.75,0,287.922,287.69,287.218,238.261,2.54808,15.2427,0,359.292,213.181,3113.18,0.949811,0,2.34776e-15
410.25,0,287.921,287.689,287.217,238.26,2.54715,15.0075,0,359.272,213.175,3113.18,0.950817,0,4.56311e-15
410.75,0,287.92,287.688,287.216,238.26,2.54744,14.7765,0,359.272,213.175,3113.18,0.9518,0,4.64574e-15
411.25,0,287.919,287.688,287.215,238.26,2.54883,14.5526,0,359.272,213.175,3113.18,0.952761,0,5.32891e-15
411.75,0,287.919,287.687,287.214,238.26,2.5513,14.7534,0,359.272,213.175,3113.18,0.945976,0,0.0244259
412.25,0,287.918,287.686,287.214,238.26,2.54941,15.8581,0,359.257,213.172,3113.18,0.947202,0,4.60083e-06
412.75,0,287.917,287.686,287.213,238.26,2.54793,15.5785,0,359.257,213.172,3113.18,0.948379,0,1.65109e-06
413.25,0,287.917,287.685,287.213,238.26,2.54729,15.3108,0,359.257,213.172,3113.18,0.949513,0,4.12381e-06
413.75,0,287.916,287.684,287.212,238.259,2.54745,15.0543,0,359.257,213.172,3113.18,0.950604,0,1.82619e-06
414.25,0,287.915,287.683,287.211,238.259,2.54933,14.8086,0,359.251,213.166,3113.18,0.95166,0,5.06607e-06
414.75,0,287.915,287.682,287.21,238.259,2.5519,15.3264,0,359.251,213.166,3113.18,0.94618,0,0.00446476
415.25,0,287.914,287.682,287.21,238.259,2.54975,15.7645,0,359.251,213.166,3113.18,0.947589,0,4.56545e-06
415.75,0,287.913,287.681,287.209,238.258,2.54846,15.4466,0,359.251,213.166,3113.18,0.948935,0,2.2297e-06
416.25,0,287.912,287.681,287.208,238.258,2.54829,15.1439,0,359.241,213.16,3113.18,0.95022,0,5.27513e-06
416.75,0,287.912,287.68,287.208,238.258,2.54916,14.856,0,359.241,213.16,3113.18,0.951449,0,2.43735e-06
417.25,0,287.911,287.679,287.207,238.258,2.55097,14.582,0,359.241,213.16,3113.18,0.952626,0,4.78156e-06
417.75,0,287.91,287.678,287.206,238.26,2.5538,14.9447,0,359.241,213.16,3113.18,0.949744,0,0.0660108
418.25,0,287.91,287.678,287.206,238.259,2.54678,15.0327,0,359.225,213.164,3113.18,0.950536,0,5.32697e-07
418.75,0,287.909,287.678,287.206,238.259,2.54025,14.8481,0,359.225,213.164,3113.18,0.951321,0,8.52363e-07
419.25,0,287.908,287.678,287.205,238.259,2.53534,14.6626,0,359.225,213.164,3113.18,0.952099,0,1.28314e-06
419.75,0,287.908,287.677,287.205,238.259,2.53189,14.4809,0,359.225,213.164,3113.18,0.95287,0,9.71844e-07
420.25,0,287.907,287.677,287.204,238.258,2.53088,14.3033,0,359.221,213.158,3113.18,0.953636,0,3.46579e-06
420.75,0,287.906,287.676,287.204,238.258,2.53095,14.1295,0,359.221,213.158,3113.18,0.954393,0,3.93945e-06
421.25,0,287.906,287.675,287.203,238.258,2.53207,13.9558,0,359.221,213.158,3113.18,0.955139,0,3.29185e-06
421.75,0,287.905,287.674,287.202,238.258,2.53414,13.7861,0,359.221,213.158,3113.18,0.955875,0,3.69798e-06
422.25,0,287.904,287.673,287.201,238.258,2.53786,13.943,0,359.209,213.152,3113.18,0.946157,0,0.00666307
422.75,0,287.903,287.673,287.2,238.257,2.53692,15.7992,0,359.209,213.152,3113.18,0.947284,0,9.03179e-06
423.25,0,287.903,287.672,287.2,238.257,2.53634,15.5428,0,359.209,213.152,3113.18,0.948383,0,8.14232e-06
423.75,0,287.902,287.671,287.199,238.257,2.53699,15.2945,0,359.209,213.152,3113.18,0.949455,0,8.64298e-06
424.25,0,287.901,287.67,287.198,238.257,2.53798,15.0512,0,359.193,213.146,3113.18,0.950497,0,1.31629e-05
424.75,0,287.901,287.67,287.197,238.256,2.53998,14.8156,0,359.193,213.146,3113.18,0.951513,0,9.57914e-06
425.25,0,287.9,287.669,287.196,238.257,2.54315,15.4294,0,359.193,213.146,3113.18,0.945272,0,0.0209502
425.75,0,287.899,287.668,287.196,238.256,2.54384,15.9875,0,359.193,213.146,3113.18,0.946538,0,1.09096e-05
426.25,0,287.899,287.667,287.195,238.256,2.54387,15.7008,0,359.183,213.143,3113.18,0.947758,0,3.45268e-05
426.75,0,287.898,287.666,287.194,238.256,2.54459,15.4245,0,359.183,213.143,3113.18,0.948939,0,1.40761e-05
427.25,0,287.897,287.666,287.193,238.256,2.546,15.2448,0,359.183,213.143,3113.18,0.944431,0,0.00353793
427.75,0,287.896,287.665,287.193,238.256,2.54572,16.1331,0,359.183,213.143,3113.18,0.945925,0,0.00134144
428.25,0,287.896,287.664,287.192,238.255,2.54603,15.7971,0,359.171,213.138,3113.18,0.947358,0,0.00134137
428.75,0,287.895,287.663,287.191,238.255,2.5472,15.4764,0,359.171,213.138,3113.18,0.94873,0,0.00144855
429.25,0,287.894,287.662,287.19,238.256,2.54939,15.4204,0,359.171,213.138,3113.18,0.947745,0,0.0235222
429.75,0,287.894,287.662,287.19,238.255,2.54231,15.4144,0,359.171,213.138,3113.18,0.94888,0,0.00146727
430.25,0,287.893,287.662,287.19,238.255,2.53527,15.1491,0,359.162,213.135,3113.18,0.949974,0,0.00139676
430.75,0,287.892,287.662,287.19,238.255,2.52978,14.8953,0,359.162,213.135,3113.18,0.951029,0,0.00148656
431.25,0,287.892,287.662,287.19,238.255,2.52575,14.6525,0,359.162,213.135,3113.18,0.952047,0,0.0013874
431.75,0,287.891,287.661,287.189,238.255,2.52306,14.4224,0,359.162,213.135,3113.18,0.953032,0,0.00150798
432.25,0,287.89,287.66,287.188,238.254,2.5228,14.1996,0,359.156,213.13,3113.18,0.95399,0,0.00138102
432.75,0,287.889,287.66,287.188,238.254,2.52357,13.9834,0,359.156,213.13,3113.18,0.954916,0,0.00153516
433.25,0,287.889,287.659,287.187,238.254,2.52532,13.7754,0,359.156,213.13,3113.18,0.955813,0,0.00138169
433.75,0,287.888,287.658,287.186,238.254,2.528,13.5755,0,359.156,213.13,3113.18,0.956681,0,0.00152394
434.25,0,287.887,287.657,287.185,238.261,2.5324,13.8052,0,359.142,213.125,3113.18,0.949727,0,0.243623
434.75,0,287.887,287.657,287.185,238.261,2.52856,14.9835,0,359.142,213.125,3113.18,0.950541,0,2.76368e-05
435.25,0,287.886,287.656,287.184,238.261,2.52475,14.7983,0,359.142,213.125,3113.18,0.951348,0,3.83174e-05
435.75,0,287.885,287.656,287.184,238.26,2.52248,14.612,0,359.142,213.125,3113.18,0.952148,0,2.80934e-05
436.25,0,287.885,287.655,287.183,238.26,2.52027,14.4291,0,359.083,213.161,3113.18,0.952931,0,3.19506e-06
436.75,0,287.884,287.655,287.182,238.26,2.51928,14.2502,0,359.083,213.161,3113.18,0.953706,0,2.5323e-06
437.25,0,287.883,287.654,287.182,238.26,2.51947,14.0751,0,359.083,213.161,3113.18,0.95447,0,2.99967e-06
437.75,0,287.883,287.653,287.181,238.259,2.52072,13.9001,0,359.083,213.161,3113.18,0.955223,0,2.47479e-06
438.25,0,287.882,287.652,287.18,238.259,2.52369,13.7295,0,359.073,213.155,3113.18,0.955969,0,4.02097e-06
438.75,0,287.881,287.651,287.179,238.259,2.52754,14.2541,0,359.073,213.155,3113.18,0.946682,0,0.00599437
439.25,0,287.881,287.651,287.178,238.259,2.52694,15.6435,0,359.073,213.155,3113.18,0.947804,0,3.7102e-06
439.75,0,287.88,287.65,287.178,238.259,2.52723,15.3898,0,359.073,213.155,3113.18,0.948898,0,2.53856e-06
440.25,0,287.879,287.649,287.177,238.258,2.5279,15.1413,0,359.055,213.15,3113.18,0.949962,0,4.46413e-06
440.75,0,287.878,287.648,287.176,238.258,2.52964,14.9007,0,359.055,213.15,3113.18,0.950999,0,2.62381e-06
441.25,0,287.878,287.647,287.175,238.259,2.53247,15.0565,0,359.055,213.15,3113.18,0.94481,0,0.024536
441.75,0,287.877,287.646,287.174,238.258,2.53354,16.0535,0,359.055,213.15,3113.18,0.946098,0,2.66165e-06
442.25,0,287.876,287.646,287.174,238.258,2.53382,15.7647,0,359.041,213.147,3113.18,0.94733,0,2.75248e-06
442.75,0,287.876,287.645,287.173,238.258,2.53475,15.4883,0,359.041,213.147,3113.18,0.948514,0,2.56193e-06
443.25,0,287.875,287.644,287.172,238.258,2.53642,15.451,0,359.041,213.147,3113.18,0.943737,0,0.000177642
443.75,0,287.874,287.643,287.171,238.257,2.53911,16.3325,0,359.041,213.147,3113.18,0.944652,0,0.00118299
444.25,0,287.874,287.642,287.17,238.257,2.54019,16.053,0,359.03,213.141,3113.18,0.946138,0,3.83269e-06
444.75,0,287.873,287.642,287.169,238.257,2.54205,15.8754,0,359.03,213.141,3113.18,0.945918,0,0.00520009
445.25,0,287.872,287.641,287.169,238.257,2.53856,15.768,0,359.03,213.141,3113.18,0.947332,0,3.54528e-06
445.75,0,287.871,287.641,287.169,238.257,2.53575,15.4476,0,359.03,213.141,3113.18,0.948681,0,2.49791e-06
446.25,0,287.871,287.64,287.168,238.256,2.53482,15.1437,0,359.026,213.135,3113.18,0.949973,0,4.24566e-06
446.75,0,287.87,287.639,287.167,238.256,2.53501,14.8539,0,359.026,213.135,3113.18,0.95121,0,2.56739e-06
447.25,0,287.869,287.639,287.166,238.256,2.53624,14.578,0,359.026,213.135,3113.18,0.952394,0,3.90779e-06
447.75,0,287.869,287.638,287.166,238.256,2.53841,14.3151,0,359.026,213.135,3113.18,0.953095,0,0.00395048
448.25,0,287.868,287.637,287.165,238.256,2.53725,14.61,0,359.018,213.13,3113.18,0.952186,0,6.16681e-06
448.75,0,287.867,287.636,287.164,238.255,2.53721,14.3501,0,359.018,213.13,3113.18,0.953368,0,6.20884e-06
449.25,0,287.867,287.636,287.163,238.255,2.53838,14.0863,0,359.018,213.13,3113.18,0.9545,0,7.60831e-06
449.75,0,287.866,287.635,287.163,238.255,2.54065,13.8352,0,359.018,213.13,3113.18,0.955585,0,8.1525e-06
450.25,0,287.865,287.634,287.162,238.257,2.54495,14.2377,0,359.007,213.124,3113.18,0.95228,0,0.0743068
450.75,0,287.864,287.633,287.161,238.257,2.54067,14.4133,0,359.007,213.124,3113.18,0.95299,0,8.65947e-06
451.25,0,287.864,287.633,287.161,238.256,2.5369,14.2511,0,359.007,213.124,3113.18,0.953698,0,1.64836e-05
451.75,0,287.863,287.632,287.16,238.256,2.53464,14.0879,0,359.007,213.124,3113.18,0.954403,0,1.14709e-05
452.25,0,287.862,287.632,287.16,238.256,2.53272,13.9262,0,358.991,213.129,3113.18,0.955099,0,5.85588e-06
452.75,0,287.862,287.631,287.159,238.256,2.53197,13.7675,0,358.991,213.129,3113.18,0.95579,0,7.24568e-06
453.25,0,287.861,287.631,287.158,238.255,2.53236,13.6078,0,358.991,213.129,3113.18,0.956474,0,6.07278e-06
453.75,0,287.86,287.63,287.158,238.255,2.53376,13.4511,0,358.991,213.129,3113.18,0.957151,0,6.5916e-06
454.25,0,287.86,287.629,287.157,238.255,2.5368,13.2979,0,358.98,213.123,3113.18,0.957824,0,1.16378e-05
454.75,0,287.859,287.628,287.156,238.255,2.54084,14.5328,0,358.98,213.123,3113.18,0.947974,0,0.0100103
455.25,0,287.858,287.627,287.155,238.255,2.53809,15.3478,0,358.98,213.123,3113.18,0.949027,0,1.01896e-05
455.75,0,287.858,287.627,287.155,238.254,2.53603,15.1067,0,358.98,213.123,3113.18,0.950056,0,1.49083e-05
456.25,0,287.857,287.626,287.154,238.254,2.53433,14.8726,0,358.964,213.118,3113.18,0.951056,0,2.89741e-05
456.75,0,287.856,287.626,287.154,238.254,2.5339,14.6457,0,358.964,213.118,3113.18,0.952034,0,1.68809e-05
457.25,0,287.856,287.625,287.153,238.254,2.5346,14.4229,0,358.964,213.118,3113.18,0.952989,0,2.56682e-05
457.75,0,287.855,287.624,287.152,238.254,2.53635,14.207,0,358.964,213.118,3113.18,0.953922,0,0.0014402
458.25,0,287.854,287.623,287.151,238.254,2.5401,14.8273,0,358.954,213.112,3113.18,0.947184,0,0.0228243
458.75,0,287.853,287.622,287.15,238.254,2.53857,15.5051,0,358.954,213.112,3113.18,0.948363,0,0.0014481
459.25,0,287.853,287.622,287.15,238.254,2.53743,15.2375,0,358.954,213.112,3113.18,0.949507,0,0.00146237
459.75,0,287.852,287.621,287.149,238.253,2.53725,14.9793,0,358.954,213.112,3113.18,0.950617,0,0.00145824
460.25,0,287.851,287.621,287.148,238.253,2.53702,14.7277,0,358.943,213.11,3113.18,0.951689,0,0.00147681
460.75,0,287.851,287.62,287.148,238.253,2.53764,14.4848,0,358.943,213.11,3113.18,0.952729,0,0.00147698
461.25,0,287.85,287.619,287.147,238.253,2.53909,14.2503,0,358.943,213.11,3113.18,0.95374,0,0.00149654
461.75,0,287.849,287.618,287.146,238.26,2.54142,14.325,0,358.943,213.11,3113.18,0.948208,0,0.229283
462.25,0,287.849,287.618,287.146,238.259,2.53311,15.3003,0,358.88,213.144,3113.18,0.949037,0,1.22318e-15
462.75,0,287.848,287.618,287.146,238.259,2.5245,15.1024,0,358.88,213.144,3113.18,0.949859,0,1.20414e-15
463.25,0,287.847,287.618,287.146,238.259,2.51765,14.9067,0,358.88,213.144,3113.18,0.950673,0,1.21754e-15
463.75,0,287.846,287.618,287.146,238.259,2.51241,14.7197,0,358.88,213.144,3113.18,0.951478,0,1.16883e-15
464.25,0,287.846,287.617,287.145,238.258,2.5099,14.5327,0,358.879,213.138,3113.18,0.952279,0,2.23934e-15
464.75,0,287.845,287.617,287.145,238.258,2.50854,14.35,0,358.879,213.138,3113.18,0.953069,0,1.41639e-06
465.25,0,287.844,287.616,287.144,238.258,2.50837,14.1714,0,358.879,213.138,3113.18,0.953847,0,3.30268e-06
465.75,0,287.844,287.615,287.143,238.258,2.50928,13.9932,0,358.879,213.138,3113.18,0.954614,0,1.5436e-06
466.25,0,287.843,287.614,287.142,238.257,2.51194,13.8196,0,358.87,213.132,3113.18,0.955373,0,4.25193e-06
466.75,0,287.842,287.613,287.141,238.257,2.51547,13.6502,0,358.87,213.132,3113.18,0.95612,0,1.74625e-06
467.25,0,287.842,287.612,287.14,238.257,2.52002,15.4674,0,358.87,213.132,3113.18,0.947039,0,0.00634335
467.75,0,287.841,287.612,287.14,238.257,2.51931,15.518,0,358.87,213.132,3113.18,0.948133,0,1.87963e-06
468.25,0,287.84,287.611,287.139,238.257,2.51867,15.2708,0,358.852,213.126,3113.18,0.949197,0,4.53546e-06
468.75,0,287.84,287.61,287.138,238.256,2.51924,15.0285,0,358.852,213.126,3113.18,0.950236,0,2.06342e-06
469.25,0,287.839,287.609,287.137,238.256,2.52089,14.7938,0,358.852,213.126,3113.18,0.95125,0,4.10789e-06
469.75,0,287.838,287.608,287.136,238.257,2.52355,15.0767,0,358.852,213.126,3113.18,0.944842,0,0.0223711
470.25,0,287.837,287.608,287.136,238.256,2.52384,15.996,0,358.837,213.123,3113.18,0.946119,0,3.03808e-06
470.75,0,287.837,287.607,287.135,238.256,2.52459,15.7099,0,358.837,213.123,3113.18,0.947347,0,2.17498e-06
471.25,0,287.836,287.606,287.134,238.256,2.52604,15.5648,0,358.837,213.123,3113.18,0.942787,0,2.82944e-06
471.75,0,287.835,287.604,287.132,238.256,2.53313,16.5143,0,358.837,213.123,3113.18,0.943647,0,7.9073e-05
472.25,0,287.835,287.603,287.131,238.255,2.54116,16.3231,0,358.823,213.116,3113.18,0.944656,0,0.000731895
472.75,0,287.834,287.603,287.131,238.255,2.54257,16.1043,0,358.823,213.116,3113.18,0.945205,0,0.00311716
473.25,0,287.833,287.602,287.13,238.255,2.54087,15.8944,0,358.823,213.116,3113.18,0.946659,0,3.78054e-06
473.75,0,287.833,287.601,287.129,238.255,2.54003,15.5684,0,358.823,213.116,3113.18,0.948046,0,2.31446e-06
474.25,0,287.832,287.601,287.129,238.255,2.54083,15.2587,0,358.819,213.111,3113.18,0.949374,0,4.58796e-06
474.75,0,287.831,287.6,287.128,238.255,2.54254,14.9642,0,358.819,213.111,3113.18,0.947533,0,0.0109881
475.25,0,287.83,287.6,287.128,238.254,2.53383,15.3601,0,358.819,213.111,3113.18,0.948822,0,6.4525e-06
475.75,0,287.83,287.6,287.128,238.254,2.52712,15.1143,0,358.819,213.111,3113.18,0.949827,0,5.1596e-06
476.25,0,287.829,287.599,287.127,238.254,2.52318,14.8814,0,358.815,213.106,3113.18,0.950811,0,9.83538e-06
476.75,0,287.828,287.599,287.127,238.254,2.52067,14.6582,0,358.815,213.106,3113.18,0.951776,0,8.37424e-06
477.25,0,287.828,287.598,287.126,238.253,2.51955,14.4387,0,358.815,213.106,3113.18,0.952721,0,9.22745e-06
477.75,0,287.827,287.598,287.126,238.253,2.51968,14.2228,0,358.815,213.106,3113.18,0.953645,0,8.0611e-06
478.25,0,287.826,287.597,287.125,238.253,2.52191,14.0136,0,358.808,213.1,3113.18,0.954554,0,2.01111e-05
478.75,0,287.826,287.596,287.124,238.253,2.52513,13.8106,0,358.808,213.1,3113.18,0.955442,0,1.19931e-05
479.25,0,287.825,287.595,287.123,238.255,2.52964,15.1534,0,358.808,213.1,3113.18,0.948686,0,0.0874169
479.75,0,287.824,287.594,287.122,238.255,2.52848,15.1721,0,358.808,213.1,3113.18,0.949603,0,1.24884e-05
480.25,0,287.824,287.594,287.122,238.255,2.52693,14.9637,0,358.784,213.108,3113.18,0.9505,0,4.45983e-06
480.75,0,287.823,287.593,287.121,238.254,2.52657,14.7568,0,358.784,213.108,3113.18,0.951383,0,7.68064e-06
481.25,0,287.822,287.592,287.12,238.254,2.52728,14.5551,0,358.784,213.108,3113.18,0.95225,0,5.16861e-06
481.75,0,287.821,287.591,287.119,238.254,2.52895,14.3585,0,358.784,213.108,3113.18,0.953102,0,6.70846e-06
482.25,0,287.821,287.59,287.118,238.254,2.53252,15.69,0,358.775,213.102,3113.18,0.944535,0,0.00103698
482.75,0,287.82,287.589,287.117,238.254,2.53539,16.0685,0,358.775,213.102,3113.18,0.945106,0,0.00480358
483.25,0,287.819,287.589,287.117,238.253,2.53565,15.95,0,358.775,213.102,3113.18,0.946322,0,1.22685e-05
483.75,0,287.819,287.588,287.116,238.253,2.53672,15.6752,0,358.775,213.102,3113.18,0.947504,0,2.21364e-05
484.25,0,287.818,287.587,287.115,238.253,2.53804,15.4094,0,358.76,213.096,3113.18,0.94865,0,2.39523e-05
484.75,0,287.817,287.585,287.113,238.253,2.54516,16.226,0,358.76,213.096,3113.18,0.94336,0,2.22401e-05
485.25,0,287.817,287.584,287.112,238.253,2.55798,16.3881,0,358.76,213.096,3113.18,0.94431,0,0.028877
485.75,0,287.816,287.583,287.111,238.253,2.55813,16.1418,0,358.76,213.096,3113.18,0.94564,0,0.00139149
486.25,0,287.815,287.583,287.111,238.253,2.55659,15.841,0,358.749,213.095,3113.18,0.946916,0,0.00139235
486.75,0,287.814,287.582,287.11,238.253,2.55568,15.5515,0,358.749,213.095,3113.18,0.948147,0,0.00138455
487.25,0,287.814,287.581,287.109,238.252,2.55531,15.2728,0,358.749,213.095,3113.18,0.949336,0,0.00138171
487.75,0,287.813,287.581,287.109,238.252,2.55552,15.4423,0,358.749,213.095,3113.18,0.945311,0,0.00474008
488.25,0,287.812,287.58,287.108,238.252,2.5525,15.8688,0,358.74,213.09,3113.18,0.946764,0,0.00137385
488.75,0,287.812,287.58,287.108,238.252,2.55011,15.5398,0,358.74,213.09,3113.18,0.948154,0,0.00135616
489.25,0,287.811,287.579,287.107,238.252,2.54861,15.2259,0,358.74,213.09,3113.18,0.949487,0,0.00134863
489.75,0,287.81,287.579,287.106,238.252,2.54795,14.9262,0,358.74,213.09,3113.18,0.950765,0,0.00132715
490.25,0,287.81,287.578,287.106,238.251,2.5492,14.6401,0,358.733,213.085,3113.18,0.951996,0,0.0013179
490.75,0,287.809,287.577,287.105,238.252,2.5512,14.8038,0,358.733,213.085,3113.18,0.949844,0,0.0215272
491.25,0,287.808,287.577,287.105,238.252,2.54115,14.853,0,358.733,213.085,3113.18,0.950875,0,0.00138848
491.75,0,287.807,287.577,287.105,238.251,2.53039,14.607,0,358.733,213.085,3113.18,0.951871,0,0.0014588
492.25,0,287.807,287.577,287.105,238.251,2.52148,14.3753,0,358.727,213.082,3113.18,0.952834,0,0.00138105
492.75,0,287.806,287.577,287.105,238.251,2.51428,14.1496,0,358.727,213.082,3113.18,0.953767,0,0.00147808
493.25,0,287.805,287.577,287.105,238.251,2.50873,13.9365,0,358.727,213.082,3113.18,0.954671,0,0.00137228
493.75,0,287.805,287.577,287.105,238.251,2.50471,13.7287,0,358.727,213.082,3113.18,0.955548,0,0.00149949
494.25,0,287.804,287.576,287.104,238.25,2.50333,13.5295,0,358.722,213.078,3113.18,0.956405,0,0.00136426
494.75,0,287.803,287.575,287.103,238.25,2.50308,13.3379,0,358.722,213.078,3113.18,0.957237,0,0.00152626
495.25,0,287.803,287.575,287.103,238.25,2.50397,13.1536,0,358.722,213.078,3113.18,0.958045,0,0.00136706
495.75,0,287.802,287.574,287.102,238.25,2.50591,12.9731,0,358.722,213.078,3113.18,0.95883,0,0.00151245
496.25,0,287.801,287.573,287.101,238.25,2.50955,12.7994,0,358.707,213.073,3113.18,0.959598,0,0.00138074
496.75,0,287.801,287.572,287.101,238.257,2.50984,13.1415,0,358.707,213.073,3113.18,0.9519,0,0.249589
497.25,0,287.8,287.572,287.1,238.257,2.50033,14.3695,0,358.707,213.073,3113.18,0.952635,0,3.40651e-05
497.75,0,287.799,287.572,287.1,238.257,2.49604,14.2028,0,358.707,213.073,3113.18,0.953368,0,2.67167e-05
498.25,0,287.799,287.572,287.1,238.256,2.49184,14.0334,0,358.648,213.11,3113.18,0.954089,0,1.14313e-15
498.75,0,287.798,287.571,287.099,238.256,2.48896,13.8671,0,358.648,213.11,3113.18,0.954804,0,1.11804e-15
499.25,0,287.797,287.57,287.099,238.256,2.48744,13.7039,0,358.648,213.11,3113.18,0.955513,0,1.07277e-15
499.75,0,287.796,287.57,287.098,238.256,2.48715,13.5457,0,358.648,213.11,3113.18,0.956216,0,1.02831e-15
500.25,0,287.796,287.569,287.097,238.255,2.48882,13.3872,0,358.639,213.104,3113.18,0.956915,0,2.14619e-15
500.75,0,287.795,287.568,287.096,238.255,2.49143,13.23,0,358.639,213.104,3113.18,0.957605,0,2.06714e-15
501.25,0,287.794,287.567,287.095,238.255,2.49492,13.0763,0,358.639,213.104,3113.18,0.958287,0,2.14733e-15
501.75,0,287.794,287.566,287.094,238.255,2.49922,13.815,0,358.639,213.104,3113.18,0.94915,0,0.00948801
502.25,0,287.793,287.566,287.094,238.255,2.49598,14.9586,0,358.62,213.098,3113.18,0.950165,0,3.5779e-15
502.75,0,287.792,287.565,287.093,238.254,2.49363,14.7265,0,358.62,213.098,3113.18,0.951159,0,3.95843e-15
503.25,0,287.792,287.565,287.093,238.254,2.49264,14.5016,0,358.62,213.098,3113.18,0.952131,0,4.02243e-15
503.75,0,287.791,287.564,287.092,238.254,2.4929,14.2829,0,358.62,213.098,3113.18,0.953081,0,2.31658e-06
504.25,0,287.79,287.563,287.091,238.254,2.49518,14.0687,0,358.613,213.092,3113.18,0.954015,0,4.45764e-06
504.75,0,287.79,287.562,287.09,238.253,2.49842,13.8609,0,358.613,213.092,3113.18,0.954926,0,2.43206e-06
505.25,0,287.789,287.561,287.089,238.254,2.50262,14.6468,0,358.613,213.092,3113.18,0.948273,0,0.0247786
505.75,0,287.788,287.561,287.089,238.254,2.50047,15.141,0,358.613,213.092,3113.18,0.949404,0,2.49417e-06
506.25,0,287.788,287.56,287.088,238.253,2.49776,14.8861,0,358.597,213.09,3113.18,0.950489,0,2.87955e-06
506.75,0,287.787,287.559,287.087,238.253,2.49614,14.6421,0,358.597,213.09,3113.18,0.951535,0,2.43019e-06
507.25,0,287.786,287.559,287.087,238.253,2.49554,14.4082,0,358.597,213.09,3113.18,0.952544,0,2.71795e-06
507.75,0,287.785,287.558,287.086,238.253,2.49587,14.1813,0,358.597,213.09,3113.18,0.953519,0,2.35924e-06
508.25,0,287.785,287.557,287.085,238.253,2.49799,13.9637,0,358.59,213.084,3113.18,0.954466,0,3.91573e-06
508.75,0,287.784,287.556,287.084,238.252,2.50089,13.7545,0,358.59,213.084,3113.18,0.955381,0,2.41564e-06
509.25,0,287.783,287.555,287.083,238.252,2.50452,14.0103,0,358.59,213.084,3113.18,0.948766,0,0.0125649
509.75,0,287.783,287.555,287.083,238.252,2.49847,15.0319,0,358.59,213.084,3113.18,0.949749,0,2.4341e-06
510.25,0,287.782,287.555,287.083,238.252,2.4917,14.8034,0,358.578,213.079,3113.18,0.950709,0,3.99127e-06
510.75,0,287.781,287.555,287.083,238.252,2.48669,14.5838,0,358.578,213.079,3113.18,0.951651,0,4.08284e-06
511.25,0,287.781,287.554,287.082,238.251,2.48328,14.3671,0,358.578,213.079,3113.18,0.952575,0,6.39455e-06
511.75,0,287.78,287.554,287.082,238.251,2.48134,14.1566,0,358.578,213.079,3113.18,0.95348,0,5.35257e-06
512.25,0,287.779,287.553,287.081,238.251,2.48185,13.9541,0,358.572,213.073,3113.18,0.954372,0,1.26122e-05
512.75,0,287.779,287.552,287.08,238.251,2.48349,13.7546,0,358.572,213.073,3113.18,0.955246,0,6.87833e-06
513.25,0,287.778,287.551,287.079,238.25,2.48619,13.5593,0,358.572,213.073,3113.18,0.956101,0,1.08417e-05
513.75,0,287.777,287.55,287.078,238.25,2.48987,13.3698,0,358.572,213.073,3113.18,0.956939,0,1.20912e-05
514.25,0,287.777,287.549,287.077,238.253,2.49531,14.2964,0,358.559,213.067,3113.18,0.949758,0,0.0890198
514.75,0,287.776,287.549,287.077,238.252,2.4943,14.8285,0,358.559,213.067,3113.18,0.950631,0,1.32321e-05
515.25,0,287.775,287.548,287.076,238.252,2.49396,14.6315,0,358.559,213.067,3113.18,0.951493,0,1.73958e-05
515.75,0,287.774,287.547,287.075,238.252,2.49488,14.4425,0,358.559,213.067,3113.18,0.952343,0,1.34391e-05
516.25,0,287.774,287.546,287.074,238.252,2.49551,14.2502,0,358.537,213.075,3113.18,0.953173,0,3.86822e-06
516.75,0,287.773,287.546,287.074,238.252,2.49714,14.0624,0,358.537,213.075,3113.18,0.95399,0,8.28458e-06
517.25,0,287.772,287.545,287.073,238.251,2.4997,13.8792,0,358.537,213.075,3113.18,0.954792,0,4.8048e-06
517.75,0,287.772,287.544,287.072,238.251,2.50329,14.5168,0,358.537,213.075,3113.18,0.945924,0,0.0052285
518.25,0,287.771,287.543,287.071,238.251,2.50203,15.6701,0,358.518,213.069,3113.18,0.947093,0,2.72949e-05
518.75,0,287.77,287.542,287.071,238.251,2.50145,15.4063,0,358.518,213.069,3113.18,0.948232,0,1.09972e-05
519.25,0,287.77,287.542,287.07,238.25,2.50199,15.1489,0,358.518,213.069,3113.18,0.94934,0,2.36623e-05
519.75,0,287.769,287.541,287.069,238.25,2.50358,14.9,0,358.518,213.069,3113.18,0.950419,0,1.24026e-05
520.25,0,287.768,287.54,287.068,238.25,2.50711,15.4192,0,358.511,213.063,3113.18,0.944891,0,0.00186019
520.75,0,287.768,287.539,287.067,238.25,2.50921,15.8489,0,358.511,213.063,3113.18,0.946379,0,0.00136078
521.25,0,287.767,287.538,287.066,238.25,2.51205,15.5685,0,358.511,213.063,3113.18,0.946238,0,0.0286869
521.75,0,287.766,287.537,287.066,238.25,2.51125,15.5917,0,358.511,213.063,3113.18,0.947478,0,0.00133804
522.25,0,287.765,287.537,287.065,238.25,2.50944,15.3127,0,358.503,213.062,3113.18,0.948672,0,0.00133451
522.75,0,287.765,287.536,287.064,238.25,2.50839,15.0421,0,358.503,213.062,3113.18,0.949826,0,0.00130378
523.25,0,287.764,287.536,287.064,238.25,2.50807,14.7813,0,358.503,213.062,3113.18,0.950944,0,0.00143225
523.75,0,287.763,287.535,287.063,238.249,2.50843,14.5298,0,358.503,213.062,3113.18,0.952025,0,0.00137915
524.25,0,287.763,287.534,287.062,238.249,2.51041,14.2877,0,358.494,213.057,3113.18,0.953078,0,0.00144127
524.75,0,287.762,287.533,287.061,238.25,2.51306,14.2888,0,358.494,213.057,3113.18,0.947959,0,0.0210516
525.25,0,287.761,287.533,287.062,238.25,2.50446,15.1762,0,358.494,213.057,3113.18,0.949074,0,0.0014521
525.75,0,287.761,287.533,287.062,238.249,2.49465,14.9136,0,358.494,213.057,3113.18,0.95015,0,0.00137655
526.25,0,287.76,287.533,287.062,238.249,2.48626,14.6657,0,358.485,213.055,3113.18,0.951187,0,0.00146225
526.75,0,287.759,287.533,287.061,238.249,2.47954,14.4251,0,358.485,213.055,3113.18,0.952189,0,0.00137541
527.25,0,287.758,287.533,287.061,238.249,2.4744,14.1947,0,358.485,213.055,3113.18,0.953158,0,0.00147603
527.75,0,287.758,287.533,287.061,238.249,2.47073,13.9768,0,358.485,213.055,3113.18,0.954096,0,0.00137098
528.25,0,287.757,287.532,287.06,238.248,2.46963,13.7652,0,358.48,213.05,3113.18,0.955011,0,0.00149691
528.75,0,287.756,287.531,287.059,238.248,2.46962,13.5619,0,358.48,213.05,3113.18,0.955897,0,0.00136507
529.25,0,287.756,287.53,287.059,238.248,2.47071,13.3664,0,358.48,213.05,3113.18,0.956756,0,0.00151518
529.75,0,287.755,287.53,287.058,238.248,2.47282,13.1757,0,358.48,213.05,3113.18,0.957589,0,0.00136258
530.25,0,287.754,287.529,287.057,238.248,2.4766,12.9922,0,358.466,213.045,3113.18,0.958403,0,0.00152468
530.75,0,287.754,287.528,287.056,238.247,2.48124,12.8154,0,358.466,213.045,3113.18,0.959192,0,0.00137422
531.25,0,287.753,287.526,287.055,238.255,2.48684,13.7549,0,358.466,213.045,3113.18,0.951946,0,0.247158
531.75,0.000883788,287.752,287.526,287.054,238.254,2.48197,14.2917,0.282192,358.466,213.045,3113.18,0.952676,0,9.71977e-06
532.25,0.00310011,287.752,287.526,287.054,238.254,2.47445,14.1205,0.989858,358.402,213.081,3113.18,0.953392,0,0
532.75,0.00531637,287.751,287.526,287.054,238.254,2.46811,13.9568,1.69751,358.402,213.081,3113.18,0.954102,0,0
533.25,0.00753252,287.75,287.526,287.054,238.254,2.46285,13.7912,2.40512,358.402,213.081,3113.18,0.954805,0,0
533.75,0.00974853,287.75,287.525,287.053,238.254,2.45856,13.6328,3.11269,358.402,213.081,3113.18,0.955499,0,0
534.25,0.0119643,287.749,287.525,287.053,238.254,2.45614,13.4735,3.82019,358.397,213.076,3113.18,0.95619,0,0
534.75,0.0141799,287.748,287.524,287.052,238.253,2.45433,13.3134,4.52762,358.397,213.076,3113.18,0.95687,0,0
535.25,0.0163952,287.748,287.523,287.052,238.253,2.45312,13.1568,5.23496,358.397,213.076,3113.18,0.957539,0,0
535.75,0.0186102,287.747,287.523,287.051,238.253,2.45245,13.0035,5.9422,358.397,213.076,3113.18,0.958197,0,0
536.25,0.0208248,287.747,287.522,287.05,238.254,2.45294,13.691,6.67095,358.388,213.072,3113.18,0.948775,0,0.010781
536.75,0.023039,287.746,287.522,287.05,238.253,2.4459,14.9404,7.436,358.388,213.072,3113.18,0.94978,0,0
537.25,0.0252528,287.745,287.522,287.05,238.253,2.43939,14.7065,8.20089,358.388,213.072,3113.18,0.95076,0,0
537.75,0.027466,287.745,287.522,287.05,238.253,2.43389,14.4797,8.96561,358.388,213.072,3113.18,0.951716,0,0
538.25,0.0296788,287.744,287.521,287.05,238.253,2.4286,14.2568,9.73014,358.381,213.07,3113.18,0.952643,0,0
538.75,0.0318909,287.743,287.521,287.049,238.253,2.424,14.0407,10.4945,358.381,213.07,3113.18,0.953547,0,0
539.25,0.0341024,287.743,287.521,287.049,238.253,2.42013,13.8313,11.2586,358.381,213.07,3113.18,0.954426,0,0
539.75,0.0363132,287.742,287.52,287.049,238.254,2.41699,13.9243,12.0225,358.381,213.07,3113.18,0.947524,0,0.023812
540.25,0.0385234,287.742,287.521,287.049,238.254,2.40686,15.1548,12.7861,358.373,213.07,3113.18,0.948627,0,0
540.75,0.0407327,287.741,287.521,287.049,238.254,2.3968,14.8941,13.5495,358.373,213.07,3113.18,0.949687,0,0
541.25,0.0429413,287.741,287.521,287.049,238.254,2.38758,14.6444,14.3126,358.373,213.07,3113.18,0.950705,0,0
541.75,0.045149,287.74,287.521,287.049,238.254,2.37912,14.4049,15.0754,358.373,213.07,3113.18,0.951683,0,0
542.25,0.0473559,287.739,287.521,287.049,238.254,2.37276,14.1758,15.8379,358.378,213.068,3113.18,0.952631,0,0
542.75,0.0495618,287.739,287.521,287.049,238.254,2.36684,13.9557,16.6001,358.378,213.068,3113.18,0.953544,0,0
543.25,0.0517667,287.738,287.521,287.049,238.254,2.36144,13.7442,17.4368,358.378,213.068,3113.18,0.954424,0,0
543.75,0.0539706,287.738,287.521,287.049,238.255,2.35683,14.7601,18.2918,358.378,213.068,3113.18,0.948063,0,0.00988199
544.25,0.0561735,287.737,287.521,287.049,238.255,2.34261,14.9647,19.1464,358.376,213.067,3113.18,0.949006,0,0
544.75,0.0583752,287.737,287.522,287.05,238.255,2.32915,14.7341,20.0005,358.376,213.067,3113.18,0.949927,0,0
545.25,0.0605758,287.736,287.522,287.05,238.255,2.31699,14.5076,20.8542,358.376,213.067,3113.18,0.950827,0,0
545.75,0.0627752,287.736,287.522,287.051,238.255,2.306,14.2879,21.7074,358.376,213.067,3113.18,0.951705,0,0
546.25,0.0649734,287.735,287.523,287.051,238.255,2.29764,14.0755,22.5601,358.385,213.066,3113.18,0.952569,0,0
546.75,0.0671703,287.735,287.523,287.051,238.255,2.28994,13.8693,23.4124,358.385,213.066,3113.18,0.953412,0,0
547.25,0.0693659,287.734,287.523,287.051,238.255,2.28307,13.6693,24.2641,358.385,213.066,3113.18,0.954234,0,0
547.75,0.0715601,287.734,287.523,287.051,238.258,2.27704,14.7768,25.1153,358.385,213.066,3113.18,0.947317,0,0.0630723
548.25,0.0737529,287.733,287.523,287.051,238.258,2.2659,14.993,25.966,358.38,213.074,3113.18,0.948388,0,0
548.75,0.0759443,287.733,287.524,287.052,238.258,2.25524,14.7388,26.8161,358.38,213.074,3113.18,0.949418,0,0
549.25,0.0781342,287.733,287.524,287.052,238.258,2.24539,14.4948,27.6656,358.38,213.074,3113.18,0.95041,0,0
549.75,0.0803225,287.732,287.524,287.052,238.258,2.23628,14.2606,28.5146,358.38,213.074,3113.18,0.951365,0,0
550.25,0.0825093,287.732,287.524,287.052,238.258,2.22929,14.9274,29.3629,358.389,213.074,3113.18,0.945811,0,0.0038577
550.75,0.0846944,287.731,287.525,287.053,238.259,2.21799,15.2092,30.2106,358.389,213.074,3113.18,0.947135,0,0
551.25,0.0868779,287.731,287.525,287.053,238.259,2.20742,14.9024,31.0576,358.389,213.074,3113.18,0.948394,0,0
551.75,0.0890596,287.73,287.525,287.053,238.259,2.19775,14.6108,31.904,358.389,213.074,3113.18,0.949594,0,0
552.25,0.0912397,287.73,287.526,287.054,238.259,2.18943,14.3339,32.7497,358.396,213.074,3113.18,0.947627,0,0.011044
552.75,0.0934179,287.73,287.527,287.055,238.26,2.1691,14.7547,33.5947,358.396,213.074,3113.18,0.948759,0,0
553.25,0.0955943,287.729,287.528,287.056,238.26,2.15486,14.5272,34.439,358.396,213.074,3113.18,0.949658,0,0
553.75,0.0977688,287.729,287.528,287.056,238.26,2.14212,14.3055,35.2825,358.396,213.074,3113.18,0.950536,0,0
554.25,0.0999414,287.729,287.529,287.057,238.26,2.13114,14.0909,36.1253,358.41,213.075,3113.18,0.951394,0,0
554.75,0.102112,287.728,287.529,287.057,238.26,2.12083,13.8826,37.0952,358.41,213.075,3113.18,0.952231,0,0
555.25,0.104281,287.728,287.53,287.058,238.261,2.1114,13.6807,38.0676,358.41,213.075,3113.18,0.953047,0,0
555.75,0.106447,287.728,287.53,287.058,238.261,2.10288,15.1185,39.0392,358.41,213.075,3113.18,0.946487,0,0.0208654
556.25,0.108612,287.727,287.53,287.059,238.262,2.09101,14.9133,40.0098,358.412,213.078,3113.18,0.947547,0,0.00106527
556.75,0.110774,287.727,287.531,287.059,238.262,2.07948,14.6619,40.9794,358.412,213.078,3113.18,0.948562,0,0.00134191
557.25,0.112934,287.727,287.532,287.06,238.262,2.06859,14.4214,41.9481,358.412,213.078,3113.18,0.949535,0,0.00102624
557.75,0.115092,287.726,287.532,287.06,238.262,2.06076,15.2972,42.9158,358.412,213.078,3113.18,0.944138,0,0.00181118
558.25,0.117248,287.726,287.532,287.06,238.263,2.05254,15.4419,43.8825,358.419,213.079,3113.18,0.944885,0,0.00180127
558.75,0.119401,287.726,287.533,287.061,238.263,2.04218,15.2681,44.8481,358.419,213.079,3113.18,0.945259,0,0.00426677
559.25,0.121552,287.725,287.533,287.062,238.263,2.029,15.0453,45.8127,358.419,213.079,3113.18,0.946552,0,0.000914487
559.75,0.123701,287.725,287.534,287.062,238.263,2.01647,14.7437,46.7762,358.419,213.079,3113.18,0.94778,0,0.0014757
560.25,0.125847,287.725,287.535,287.063,238.264,2.00603,14.4583,47.7386,358.434,213.082,3113.18,0.948952,0,0.000835611
560.75,0.127991,287.725,287.535,287.063,238.264,2.00051,14.7887,48.6999,358.434,213.082,3113.18,0.947385,0,0.00885753
561.25,0.130132,287.724,287.536,287.064,238.264,1.98535,14.5798,49.6601,358.434,213.082,3113.18,0.94827,0,0.000882846
561.75,0.132271,287.724,287.537,287.065,238.265,1.97107,14.3594,50.6191,358.434,213.082,3113.18,0.949133,0,0.00148363
562.25,0.134407,287.724,287.538,287.066,238.265,1.95859,14.1461,51.577,358.446,213.084,3113.18,0.949978,0,0.000798623
562.75,0.13654,287.724,287.538,287.066,238.265,1.94689,13.939,52.5337,358.446,213.084,3113.18,0.950803,0,0.00149256
563.25,0.138671,287.723,287.538,287.066,238.265,1.93897,15.0155,53.4892,358.446,213.084,3113.18,0.943935,0,0.00105081
563.75,0.140799,287.723,287.538,287.066,238.273,1.93907,15.7414,54.4434,358.446,213.084,3113.18,0.940357,0,0.228619
564.25,0.142924,287.723,287.537,287.065,238.273,1.94034,16.0956,55.3964,358.403,213.125,3113.18,0.941132,0,0
564.75,0.145047,287.723,287.537,287.065,238.273,1.94325,15.928,56.3482,358.403,213.125,3113.18,0.941888,0,0
565.25,0.147166,287.723,287.536,287.064,238.273,1.94617,15.7646,57.2987,358.403,213.125,3113.18,0.942626,0,0
565.75,0.149283,287.722,287.536,287.064,238.274,1.94908,15.6051,58.2479,358.403,213.125,3113.18,0.943348,0,0
566.25,0.151397,287.722,287.536,287.064,238.274,1.9501,15.4425,59.1958,358.406,213.126,3113.18,0.944083,0,0.00113299
566.75,0.153508,287.722,287.537,287.065,238.274,1.93567,15.1631,60.1423,358.406,213.126,3113.18,0.944519,0,0.00273494
567.25,0.155615,287.722,287.539,287.067,238.275,1.9176,15.0472,61.0875,358.406,213.126,3113.18,0.945765,0,0
567.75,0.15772,287.722,287.54,287.068,238.275,1.90047,14.7423,62.0313,358.406,213.126,3113.18,0.946977,0,0
568.25,0.159822,287.722,287.541,287.069,238.275,1.88573,14.485,62.9737,358.429,213.128,3113.18,0.945947,0,0.00618836
568.75,0.16192,287.721,287.542,287.07,238.275,1.86784,14.7088,63.9147,358.429,213.128,3113.18,0.94688,0,0
569.25,0.164016,287.721,287.543,287.071,238.276,1.85097,14.4736,64.8543,358.429,213.128,3113.18,0.947787,0,0
569.75,0.166108,287.721,287.545,287.073,238.276,1.83523,14.2461,65.7925,358.429,213.128,3113.18,0.948669,0,0
570.25,0.168196,287.721,287.545,287.073,238.276,1.82565,15.2521,66.7292,358.452,213.13,3113.18,0.942682,0,0
570.75,0.170282,287.721,287.544,287.072,238.276,1.83147,15.3734,67.6832,358.452,213.13,3113.18,0.9435,0,8.78711e-05
571.25,0.172364,287.721,287.544,287.072,238.278,1.83579,16.6034,68.756,358.452,213.13,3113.18,0.937686,0,0.0510197
571.75,0.174443,287.721,287.544,287.072,238.278,1.82875,16.4872,69.8271,358.452,213.13,3113.18,0.938389,0,0
572.25,0.176518,287.721,287.545,287.073,238.279,1.81845,16.3179,70.8963,358.451,213.139,3113.18,0.93907,0,0
572.75,0.17859,287.721,287.545,287.073,238.279,1.80895,16.1583,71.9638,358.451,213.139,3113.18,0.93974,0,0
573.25,0.180659,287.721,287.546,287.074,238.279,1.80011,16.0017,73.0295,358.451,213.139,3113.18,0.9404,0,0
573.75,0.182723,287.721,287.547,287.075,238.279,1.79189,15.848,74.0934,358.451,213.139,3113.18,0.941049,0,0
574.25,0.184785,287.721,287.547,287.075,238.28,1.78521,15.6974,75.1554,358.471,213.141,3113.18,0.941692,0,0
574.75,0.186842,287.721,287.548,287.076,238.28,1.77888,15.5496,76.2156,358.471,213.141,3113.18,0.942324,0,0
575.25,0.188896,287.721,287.548,287.076,238.28,1.77301,15.4004,77.2738,358.471,213.141,3113.18,0.942945,0,0
575.75,0.190946,287.721,287.549,287.077,238.28,1.76752,15.2541,78.3302,358.471,213.141,3113.18,0.94358,0,5.78774e-05
576.25,0.192993,287.721,287.55,287.078,238.281,1.75914,15.0987,79.3846,358.488,213.142,3113.18,0.94431,0,0.000574374
576.75,0.195036,287.721,287.551,287.079,238.281,1.74113,14.9193,80.437,358.488,213.142,3113.18,0.944895,0,0.001106
577.25,0.197074,287.721,287.553,287.081,238.281,1.72167,14.6496,81.4875,358.488,213.142,3113.18,0.946098,0,0
577.75,0.199109,287.721,287.554,287.082,238.282,1.70671,14.665,82.536,358.488,213.142,3113.18,0.945886,0,0.00319965
578.25,0.20114,287.721,287.556,287.084,238.282,1.6863,14.3802,83.5825,358.517,213.145,3113.18,0.947037,0,0
578.75,0.203168,287.721,287.558,287.086,238.282,1.66654,14.1011,84.6269,358.517,213.145,3113.18,0.948129,0,0
579.25,0.205191,287.721,287.559,287.087,238.282,1.64788,13.8365,85.6693,358.517,213.145,3113.18,0.949166,0,0
579.75,0.20721,287.721,287.56,287.088,238.283,1.63383,14.181,86.7096,358.517,213.145,3113.18,0.94747,0,0.00764699
580.25,0.209225,287.721,287.562,287.09,238.283,1.61152,13.9843,87.7478,358.546,213.148,3113.18,0.948252,0,0
580.75,0.211236,287.721,287.564,287.092,238.283,1.59005,13.7775,88.7839,358.546,213.148,3113.18,0.949016,0,0
581.25,0.213242,287.721,287.566,287.094,238.284,1.56995,13.5771,89.8178,358.546,213.148,3113.18,0.949762,0,0
581.75,0.215245,287.721,287.568,287.096,238.284,1.55112,13.3831,90.8496,358.546,213.148,3113.18,0.950489,0,0
582.25,0.217243,287.722,287.569,287.097,238.284,1.53533,13.1959,91.8792,358.577,213.15,3113.18,0.951206,0,0
582.75,0.219237,287.722,287.57,287.098,238.284,1.52651,14.5508,92.9066,358.577,213.15,3113.18,0.944945,0,0.000562523
583.25,0.221227,287.722,287.571,287.099,238.286,1.51783,14.4532,93.9318,358.577,213.15,3113.18,0.945519,0,0.051794
583.75,0.223213,287.722,287.572,287.1,238.286,1.50161,14.3667,94.9548,358.577,213.15,3113.18,0.941351,0,0
584.25,0.225194,287.722,287.573,287.101,238.287,1.4958,15.178,95.9755,358.588,213.159,3113.18,0.941971,0,0
584.75,0.22717,287.722,287.573,287.101,238.287,1.49389,15.0394,96.9939,358.588,213.159,3113.18,0.942577,0,0
585.25,0.229142,287.723,287.573,287.101,238.287,1.49215,14.9042,98.01,358.588,213.159,3113.18,0.943169,0,0
585.75,0.23111,287.723,287.574,287.102,238.287,1.49024,14.771,99.0238,358.588,213.159,3113.18,0.943785,0,0.000415792
586.25,0.233073,287.723,287.575,287.103,238.288,1.4773,14.6299,100.035,358.603,213.162,3113.18,0.944429,0,0.000521807
586.75,0.235032,287.723,287.577,287.105,238.288,1.4626,14.4815,101.044,358.603,213.162,3113.18,0.945018,0,0.000785076
587.25,0.236986,287.723,287.578,287.106,238.288,1.44459,14.3627,102.051,358.603,213.162,3113.18,0.945384,0,0.00190411
587.75,0.238935,287.724,287.58,287.108,238.288,1.42498,14.0898,103.055,358.603,213.162,3113.18,0.946503,0,0
588.25,0.240879,287.724,287.582,287.11,238.289,1.40786,14.0078,104.057,358.635,213.165,3113.18,0.945903,0,0.00468686
588.75,0.242819,287.724,287.584,287.112,238.289,1.38787,13.9845,105.057,358.635,213.165,3113.18,0.946695,0,0
589.25,0.244754,287.724,287.586,287.114,238.289,1.36899,13.7805,106.054,358.635,213.165,3113.18,0.947466,0,0
589.75,0.246684,287.725,287.587,287.115,238.29,1.35126,13.583,107.048,358.635,213.165,3113.18,0.948217,0,0
590.25,0.24861,287.725,287.587,287.115,238.29,1.34815,14.9261,108.04,358.666,213.167,3113.18,0.94183,0,0
590.75,0.25053,287.725,287.587,287.115,238.297,1.35164,16.1581,109.065,358.666,213.167,3113.18,0.935922,0,0.213027
591.25,0.252446,287.725,287.588,287.116,238.297,1.34387,16.1697,110.179,358.666,213.167,3113.18,0.936464,0,0
591.75,0.254357,287.726,287.589,287.117,238.297,1.33628,16.0377,111.29,358.666,213.167,3113.18,0.937,0,0
592.25,0.256262,287.726,287.59,287.118,238.297,1.32717,15.9066,112.398,358.632,213.205,3113.18,0.937519,0,0
592.75,0.258163,287.726,287.591,287.119,238.298,1.31849,15.7776,113.503,358.632,213.205,3113.18,0.938033,0,0
593.25,0.260058,287.727,287.592,287.12,238.298,1.31027,15.6507,114.605,358.632,213.205,3113.18,0.938541,0,0
593.75,0.261949,287.727,287.593,287.121,238.298,1.3025,15.5259,115.705,358.632,213.205,3113.18,0.939044,0,0
594.25,0.263834,287.727,287.594,287.122,238.298,1.29595,15.4036,116.801,358.659,213.207,3113.18,0.939544,0,0
594.75,0.265714,287.728,287.595,287.123,238.299,1.28962,15.2833,117.894,358.659,213.207,3113.18,0.940037,0,0
595.25,0.267589,287.728,287.596,287.124,238.299,1.28363,15.1651,118.984,358.659,213.207,3113.18,0.940525,0,0
595.75,0.269458,287.728,287.597,287.124,238.299,1.27795,15.0489,120.071,358.659,213.207,3113.18,0.941005,0,0
596.25,0.271323,287.729,287.597,287.125,238.299,1.27325,14.935,121.155,358.682,213.21,3113.18,0.941483,0,0
596.75,0.273182,287.729,287.598,287.126,238.3,1.26869,14.823,122.236,358.682,213.21,3113.18,0.941954,0,0
597.25,0.275035,287.73,287.599,287.127,238.3,1.26437,14.7129,123.314,358.682,213.21,3113.18,0.942418,0,0
597.75,0.276884,287.73,287.6,287.127,238.3,1.26026,14.6047,124.389,358.682,213.21,3113.18,0.942875,0,0
598.25,0.278726,287.73,287.6,287.128,238.3,1.25693,14.4987,125.461,358.704,213.212,3113.18,0.943328,0,0
598.75,0.280564,287.731,287.601,287.129,238.3,1.25338,14.3926,126.529,358.704,213.212,3113.18,0.943841,0,0.000295053
599.25,0.282395,287.731,287.603,287.131,238.301,1.24194,14.2776,127.594,358.704,213.212,3113.18,0.94436,0,0.00029914
599.75,0.284222,287.732,287.604,287.132,238.301,1.2301,14.1518,128.656,358.704,213.212,3113.18,0.944867,0,0.000376207
600.25,0.286042,287.732,287.605,287.133,238.301,1.21969,14.0554,129.715,358.731,213.215,3113.18,0.945218,0,0.00136204
600.75,0.287857,287.733,287.608,287.136,238.301,1.19808,13.7879,130.77,358.731,213.215,3113.18,0.946273,0,0
601.25,0.289667,287.733,287.609,287.137,238.302,1.18621,13.8702,131.822,358.731,213.215,3113.18,0.945775,0,0.0029344
601.75,0.29147,287.734,287.612,287.14,238.302,1.16432,13.6916,132.871,358.731,213.215,3113.18,0.946446,0,0
602.25,0.293268,287.734,287.613,287.141,238.303,1.15173,15.2708,133.917,358.764,213.218,3113.18,0.932492,0,0.0352178
602.75,0.29506,287.735,287.614,287.142,238.304,1.14184,16.5779,134.959,358.764,213.218,3113.18,0.933171,0,0
603.25,0.296847,287.735,287.615,287.143,238.304,1.13223,16.4124,135.997,358.764,213.218,3113.18,0.933842,0,0
603.75,0.298627,287.736,287.617,287.145,238.304,1.12313,16.2506,137.033,358.764,213.218,3113.18,0.9345,0,0
604.25,0.300402,287.736,287.618,287.146,238.304,1.11337,16.0915,138.065,358.784,213.225,3113.18,0.93514,0,0
604.75,0.302171,287.737,287.619,287.147,238.305,1.10391,15.936,139.093,358.784,213.225,3113.18,0.935768,0,0
605.25,0.303934,287.737,287.621,287.149,238.305,1.09493,15.7839,140.118,358.784,213.225,3113.18,0.936384,0,0
605.75,0.30569,287.738,287.622,287.15,238.305,1.08638,15.6352,141.14,358.784,213.225,3113.18,0.936989,0,0
606.25,0.307441,287.739,287.623,287.151,238.305,1.07917,15.4903,142.158,358.817,213.228,3113.18,0.937587,0,0
606.75,0.309186,287.739,287.624,287.152,238.305,1.07216,15.3485,143.173,358.817,213.228,3113.18,0.938173,0,0
607.25,0.310925,287.74,287.625,287.153,238.306,1.06549,15.2099,144.184,358.817,213.228,3113.18,0.938748,0,0
607.75,0.312658,287.74,287.626,287.154,238.306,1.05915,15.0744,145.191,358.817,213.228,3113.18,0.939313,0,0
608.25,0.314384,287.741,287.628,287.155,238.306,1.05387,14.9422,146.195,358.846,213.231,3113.18,0.93987,0,0
608.75,0.316104,287.742,287.629,287.156,238.306,1.04874,14.8129,147.196,358.846,213.231,3113.18,0.940416,0,0
609.25,0.317818,287.742,287.63,287.157,238.307,1.04385,14.6865,148.192,358.846,213.231,3113.18,0.940951,0,0
609.75,0.319526,287.743,287.631,287.158,238.307,1.0392,14.5628,149.185,358.846,213.231,3113.18,0.941476,0,0
610.25,0.321228,287.743,287.632,287.159,238.307,1.0354,14.4421,150.175,358.873,213.234,3113.18,0.941994,0,0
610.75,0.322923,287.744,287.632,287.16,238.307,1.03169,14.3241,151.161,358.873,213.234,3113.18,0.942501,0,0
611.25,0.324612,287.745,287.633,287.161,238.307,1.02816,14.2086,152.143,358.873,213.234,3113.18,0.942998,0,0
611.75,0.326295,287.745,287.634,287.162,238.308,1.02477,14.0956,153.121,358.873,213.234,3113.18,0.943485,0,0
612.25,0.327971,287.746,287.635,287.163,238.309,1.02128,14.0162,154.096,358.898,213.237,3113.18,0.93411,0,0.0308607
612.75,0.32964,287.747,287.637,287.165,238.309,1.00852,16.0175,155.067,358.898,213.237,3113.18,0.934724,0,0
613.25,0.331304,287.748,287.639,287.166,238.309,0.998413,15.8573,156.034,358.898,213.237,3113.18,0.93537,0,0
613.75,0.33296,287.748,287.64,287.168,238.31,0.988789,15.7005,156.997,358.898,213.237,3113.18,0.936003,0,0
614.25,0.334611,287.749,287.642,287.17,238.31,0.97867,15.5467,157.957,358.922,213.244,3113.18,0.936617,0,0
614.75,0.336254,287.75,287.643,287.171,238.31,0.968823,15.3964,158.912,358.922,213.244,3113.18,0.93722,0,0
615.25,0.337891,287.75,287.645,287.173,238.31,0.959424,15.2496,159.864,358.922,213.244,3113.18,0.937811,0,0
615.75,0.339521,287.751,287.646,287.174,238.31,0.950447,15.1063,160.812,358.922,213.244,3113.18,0.93839,0,0
616.25,0.341145,287.752,287.648,287.175,238.311,0.942795,14.9667,161.757,358.958,213.247,3113.18,0.938961,0,0
616.75,0.342762,287.753,287.649,287.177,238.311,0.935321,14.8303,162.697,358.958,213.247,3113.18,0.939521,0,0
617.25,0.344372,287.753,287.65,287.178,238.311,0.928182,14.6971,163.633,358.958,213.247,3113.18,0.94007,0,0
617.75,0.345976,287.754,287.652,287.179,238.311,0.921357,14.567,164.566,358.958,213.247,3113.18,0.940608,0,0
618.25,0.347572,287.755,287.653,287.181,238.312,0.915612,14.4403,165.494,358.99,213.25,3113.18,0.941138,0,0
618.75,0.349162,287.756,287.654,287.182,238.312,0.909997,14.3165,166.418,358.99,213.25,3113.18,0.941657,0,0
619.25,0.350745,287.757,287.655,287.183,238.312,0.904625,14.1955,167.392,358.99,213.25,3113.18,0.942165,0,0
619.75,0.352321,287.757,287.657,287.184,238.312,0.899484,14.0773,168.42,358.99,213.25,3113.18,0.942663,0,0
620.25,0.353891,287.758,287.658,287.186,238.313,0.895233,13.9622,169.443,359.02,213.253,3113.18,0.943154,0,0
620.75,0.355453,287.759,287.658,287.186,238.319,0.896458,15.8949,170.462,359.02,213.253,3113.18,0.934163,0,0.199733
621.25,0.357008,287.76,287.66,287.188,238.319,0.883552,15.8345,171.476,359.02,213.253,3113.18,0.934617,0,0
621.75,0.358556,287.761,287.662,287.19,238.319,0.870842,15.7127,172.486,359.02,213.253,3113.18,0.935067,0,0
622.25,0.360097,287.762,287.664,287.192,238.32,0.857165,15.5917,173.491,359.004,213.289,3113.18,0.935503,0,0
622.75,0.361631,287.762,287.666,287.194,238.32,0.843907,15.4729,174.492,359.004,213.289,3113.18,0.935936,0,0
623.25,0.363158,287.763,287.668,287.196,238.32,0.831213,15.3561,175.488,359.004,213.289,3113.18,0.936364,0,0
623.75,0.364678,287.764,287.67,287.198,238.32,0.819051,15.2413,176.479,359.004,213.289,3113.18,0.936787,0,0
624.25,0.366191,287.765,287.672,287.2,238.32,0.808402,15.1291,177.465,359.047,213.292,3113.18,0.93721,0,0
624.75,0.367696,287.766,287.674,287.202,238.321,0.797959,15.0188,178.447,359.047,213.292,3113.18,0.937628,0,0
625.25,0.369195,287.767,287.676,287.203,238.321,0.787944,14.9104,179.425,359.047,213.292,3113.18,0.938041,0,0
625.75,0.370686,287.768,287.677,287.205,238.321,0.778332,14.8039,180.397,359.047,213.292,3113.18,0.938449,0,0
626.25,0.372169,287.769,287.679,287.207,238.321,0.769955,14.6998,181.365,359.086,213.295,3113.18,0.938855,0,0
626.75,0.373646,287.77,287.681,287.208,238.321,0.761726,14.5976,182.328,359.086,213.295,3113.18,0.939255,0,0
627.25,0.375115,287.771,287.682,287.21,238.322,0.753818,14.4971,183.286,359.086,213.295,3113.18,0.93965,0,0
627.75,0.376577,287.771,287.684,287.212,238.322,0.746205,14.3984,184.239,359.086,213.295,3113.18,0.940041,0,0
628.25,0.378031,287.772,287.685,287.213,238.322,0.739608,14.3019,185.188,359.122,213.298,3113.18,0.940428,0,0
628.75,0.379478,287.773,287.687,287.215,238.322,0.733116,14.2071,186.131,359.122,213.298,3113.18,0.94081,0,0
629.25,0.380917,287.774,287.688,287.216,238.322,0.72686,14.1141,187.07,359.122,213.298,3113.18,0.941186,0,0
629.75,0.382349,287.775,287.69,287.218,238.323,0.720825,14.0228,188.004,359.122,213.298,3113.18,0.941556,0,0
630.25,0.383774,287.776,287.691,287.219,238.323,0.715604,15.1395,188.933,359.157,213.301,3113.18,0.929831,0,0.0121266
630.75,0.38519,287.777,287.693,287.221,238.323,0.705694,16.4383,189.857,359.157,213.301,3113.18,0.93048,0,0
631.25,0.3866,287.778,287.695,287.223,238.324,0.696056,16.2806,190.776,359.157,213.301,3113.18,0.931117,0,0
631.75,0.388002,287.779,287.697,287.224,238.324,0.68685,16.1265,191.69,359.157,213.301,3113.18,0.931742,0,0
632.25,0.389396,287.78,287.699,287.226,238.324,0.677216,15.9752,192.6,359.182,213.305,3113.18,0.93235,0,0
632.75,0.390782,287.781,287.7,287.228,238.324,0.667818,15.8272,193.504,359.182,213.305,3113.18,0.932945,0,0
633.25,0.392161,287.782,287.702,287.23,238.324,0.658817,15.6827,194.403,359.182,213.305,3113.18,0.93353,0,0
633.75,0.393532,287.783,287.704,287.232,238.325,0.650192,15.5414,195.297,359.182,213.305,3113.18,0.934103,0,0
634.25,0.394895,287.784,287.706,287.233,238.325,0.642795,15.4038,196.187,359.225,213.308,3113.18,0.934668,0,0
634.75,0.396251,287.786,287.707,287.235,238.325,0.635542,15.2694,197.071,359.225,213.308,3113.18,0.935223,0,0
635.25,0.397599,287.787,287.709,287.237,238.325,0.628586,15.138,197.95,359.225,213.308,3113.18,0.935766,0,0
635.75,0.398939,287.788,287.711,287.238,238.326,0.62193,16.0825,198.824,359.225,213.308,3113.18,0.926481,0,0.0336788
636.25,0.400271,287.789,287.713,287.24,238.327,0.610937,16.9768,199.692,359.253,213.316,3113.18,0.927251,0,0
636.75,0.401595,287.79,287.715,287.242,238.327,0.599965,16.7911,200.556,359.253,213.316,3113.18,0.928002,0,0
637.25,0.402911,287.791,287.717,287.244,238.327,0.589333,16.6101,201.415,359.253,213.316,3113.18,0.928736,0,0
637.75,0.40422,287.792,287.719,287.246,238.327,0.579032,16.4337,202.268,359.253,213.316,3113.18,0.929451,0,0
638.25,0.40552,287.793,287.721,287.248,238.327,0.570085,16.2626,203.116,359.301,213.319,3113.18,0.930154,0,0
638.75,0.406813,287.794,287.723,287.25,238.328,0.561216,16.0958,203.959,359.301,213.319,3113.18,0.93084,0,0
639.25,0.408097,287.795,287.724,287.252,238.328,0.552617,15.9333,204.797,359.301,213.319,3113.18,0.931509,0,0
639.75,0.409374,287.796,287.726,287.254,238.328,0.544278,15.7748,205.63,359.301,213.319,3113.18,0.932162,0,0
640.25,0.410642,287.798,287.728,287.256,238.328,0.537084,15.621,206.457,359.345,213.323,3113.18,0.932804,0,0
640.75,0.411903,287.799,287.73,287.257,238.328,0.529946,15.471,207.279,359.345,213.323,3113.18,0.93343,0,0
641.25,0.413155,287.8,287.731,287.259,238.329,0.524634,16.9592,208.096,359.345,213.323,3113.18,0.92635,0,0.00931986
641.75,0.414399,287.801,287.734,287.261,238.329,0.513384,16.7923,208.907,359.345,213.323,3113.18,0.927257,0,0
642.25,0.415635,287.802,287.736,287.263,238.329,0.502271,16.5785,209.713,359.383,213.327,3113.18,0.928133,0,0
642.75,0.416863,287.803,287.738,287.265,238.329,0.491488,16.3718,210.514,359.383,213.327,3113.18,0.928982,0,0
643.25,0.418083,287.805,287.74,287.268,238.329,0.48117,16.1718,211.31,359.383,213.327,3113.18,0.929805,0,0
643.75,0.419295,287.806,287.742,287.27,238.33,0.471293,15.9783,212.1,359.383,213.327,3113.18,0.930603,0,0
644.25,0.420498,287.807,287.744,287.272,238.33,0.46289,15.7918,212.885,359.432,213.33,3113.18,0.931382,0,0
644.75,0.421693,287.808,287.746,287.273,238.33,0.454658,15.6113,213.664,359.432,213.33,3113.18,0.932137,0,0
645.25,0.42288,287.809,287.748,287.275,238.33,0.446787,15.4366,214.438,359.432,213.33,3113.18,0.93287,0,0
645.75,0.424058,287.811,287.75,287.277,238.33,0.439255,15.2674,215.207,359.432,213.33,3113.18,0.93358,0,0
646.25,0.425228,287.812,287.751,287.279,238.331,0.43293,15.1043,215.97,359.476,213.334,3113.18,0.934274,0,0
646.75,0.42639,287.813,287.753,287.281,238.332,0.426718,15.6055,216.727,359.476,213.334,3113.18,0.930872,0,0.0374391
647.25,0.427543,287.814,287.755,287.283,238.332,0.415323,15.6776,217.48,359.476,213.334,3113.18,0.931483,0,0
647.75,0.428688,287.816,287.758,287.285,238.332,0.404248,15.5259,218.226,359.476,213.334,3113.18,0.932078,0,0
648.25,0.429825,287.817,287.76,287.288,238.332,0.393393,15.3783,218.968,359.513,213.342,3113.18,0.932655,0,0
648.75,0.430953,287.818,287.762,287.29,238.333,0.382811,15.2352,219.703,359.513,213.342,3113.18,0.933216,0,0
649.25,0.432072,287.819,287.764,287.292,238.333,0.37267,15.0962,220.434,359.513,213.342,3113.18,0.933762,0,0
649.75,0.433183,287.821,287.766,287.294,238.333,0.362951,14.9613,221.158,359.513,213.342,3113.18,0.934294,0,0
650.25,0.434286,287.822,287.768,287.296,238.333,0.354576,14.8309,221.877,359.56,213.345,3113.18,0.934817,0,0
650.75,0.43538,287.823,287.77,287.298,238.333,0.346365,14.7043,222.591,359.56,213.345,3113.18,0.935325,0,0
651.25,0.436465,287.825,287.772,287.3,238.333,0.338504,14.5814,223.299,359.56,213.345,3113.18,0.93582,0,0
651.75,0.437542,287.826,287.774,287.302,238.334,0.330975,14.462,224.001,359.56,213.345,3113.18,0.936303,0,0
652.25,0.438611,287.827,287.776,287.304,238.334,0.324563,14.3465,224.698,359.603,213.349,3113.18,0.936777,0,0
652.75,0.43967,287.828,287.778,287.306,238.334,0.31828,14.2343,225.389,359.603,213.349,3113.18,0.93724,0,0
653.25,0.440722,287.83,287.78,287.308,238.334,0.31227,14.1251,226.075,359.603,213.349,3113.18,0.937691,0,0
653.75,0.441764,287.831,287.782,287.309,238.334,0.306519,14.019,226.755,359.603,213.349,3113.18,0.93813,0,0
654.25,0.442798,287.832,287.783,287.311,238.335,0.305496,15.9643,227.429,359.644,213.352,3113.18,0.928848,0,0.0187435
654.75,0.443823,287.834,287.786,287.313,238.335,0.294576,15.8842,228.097,359.644,213.352,3113.18,0.929413,0,0
655.25,0.444839,287.835,287.788,287.316,238.335,0.283916,15.7411,228.76,359.644,213.352,3113.18,0.929968,0,0
655.75,0.445847,287.836,287.79,287.318,238.335,0.273807,15.6014,229.417,359.644,213.352,3113.18,0.930514,0,0
656.25,0.446845,287.838,287.792,287.32,238.336,0.26349,15.4636,230.069,359.677,213.357,3113.18,0.931044,0,0
656.75,0.447836,287.839,287.795,287.322,238.336,0.253529,15.3294,230.715,359.677,213.357,3113.18,0.931569,0,0
657.25,0.448817,287.841,287.797,287.325,238.336,0.244075,15.1982,231.355,359.677,213.357,3113.18,0.932081,0,0
657.75,0.449789,287.842,287.799,287.327,238.336,0.235102,15.0702,231.989,359.677,213.357,3113.18,0.932585,0,0
658.25,0.450753,287.843,287.801,287.329,238.336,0.227501,14.9459,232.617,359.725,213.361,3113.18,0.933084,0,0
658.75,0.451708,287.845,287.803,287.331,238.336,0.220124,14.8246,233.24,359.725,213.361,3113.18,0.933575,0,0
659.25,0.452653,287.846,287.805,287.333,238.336,0.213144,14.706,233.857,359.725,213.361,3113.18,0.934056,0,0
659.75,0.45359,287.847,287.807,287.335,238.337,0.20654,14.5902,234.468,359.725,213.361,3113.18,0.934529,0,0
660.25,0.454518,287.849,287.809,287.337,238.337,0.201057,14.4778,235.073,359.769,213.364,3113.18,0.934997,0,0
660.75,0.455437,287.85,287.811,287.339,238.337,0.195754,14.3678,235.673,359.769,213.364,3113.18,0.935456,0,0
661.25,0.456348,287.852,287.813,287.34,238.343,0.190746,15.1635,236.266,359.769,213.364,3113.18,0.926627,0,0.187786
661.75,0.457249,287.853,287.815,287.342,238.343,0.184518,16.0973,236.854,359.769,213.364,3113.18,0.927318,0,0
662.25,0.458141,287.855,287.817,287.344,238.343,0.177535,15.9385,237.436,359.759,213.399,3113.18,0.927981,0,0
662.75,0.459024,287.856,287.819,287.347,238.343,0.170704,15.7843,238.012,359.759,213.399,3113.18,0.928626,0,0
663.25,0.459898,287.857,287.821,287.349,238.343,0.164146,15.6345,238.582,359.759,213.399,3113.18,0.929254,0,0
663.75,0.460764,287.859,287.823,287.35,238.344,0.159829,17.0665,239.146,359.759,213.399,3113.18,0.922143,0,0
664.25,0.46162,287.86,287.824,287.351,238.344,0.162331,17.0292,239.705,359.797,213.401,3113.18,0.922594,0,0
664.75,0.462467,287.862,287.825,287.353,238.344,0.164825,16.9382,240.257,359.797,213.401,3113.18,0.923161,0,0.000106823
665.25,0.463305,287.863,287.826,287.354,238.344,0.165374,16.8405,240.804,359.797,213.401,3113.18,0.923593,0,0.00149551
665.75,0.464134,287.865,287.829,287.356,238.344,0.158031,16.6511,241.344,359.797,213.401,3113.18,0.924502,0,0
666.25,0.464953,287.866,287.831,287.358,238.344,0.151104,16.4456,241.879,359.839,213.405,3113.18,0.925382,0,0
666.75,0.465764,287.867,287.832,287.36,238.345,0.150976,16.56,242.408,359.839,213.405,3113.18,0.924813,0,0.00362948
667.25,0.466565,287.869,287.834,287.362,238.345,0.142899,16.363,242.93,359.839,213.405,3113.18,0.925683,0,0
667.75,0.467358,287.87,287.837,287.364,238.345,0.134953,16.1629,243.447,359.839,213.405,3113.18,0.926523,0,0
668.25,0.468141,287.872,287.839,287.366,238.345,0.127951,15.9705,243.958,359.887,213.409,3113.18,0.927341,0,0
668.75,0.468915,287.873,287.841,287.368,238.345,0.121197,15.7852,244.462,359.887,213.409,3113.18,0.928129,0,0
669.25,0.469679,287.875,287.843,287.37,238.346,0.115373,16.151,244.961,359.887,213.409,3113.18,0.926275,0,0.00907089
669.75,0.470435,287.876,287.845,287.373,238.346,0.106058,16.0141,245.454,359.887,213.409,3113.18,0.926881,0,0
670.25,0.471181,287.878,287.847,287.375,238.346,0.0973592,15.8642,245.941,359.93,213.413,3113.18,0.927477,0,0
670.75,0.471918,287.879,287.85,287.377,238.346,0.0889776,15.7178,246.421,359.93,213.413,3113.18,0.92806,0,0
671.25,0.472646,287.881,287.852,287.379,238.346,0.0810447,15.5746,246.896,359.93,213.413,3113.18,0.928631,0,0
671.75,0.473364,287.882,287.854,287.382,238.346,0.0735494,15.4354,247.364,359.93,213.413,3113.18,0.929197,0,0
672.25,0.474073,287.884,287.856,287.384,238.346,0.0672964,15.3007,247.827,359.98,213.416,3113.18,0.929751,0,0
672.75,0.474773,287.885,287.858,287.386,238.346,0.0612505,15.1694,248.283,359.98,213.416,3113.18,0.930294,0,0
673.25,0.475463,287.887,287.86,287.388,238.346,0.05556,15.0414,248.734,359.98,213.416,3113.18,0.930827,0,0
673.75,0.476144,287.888,287.862,287.389,238.347,0.055591,16.7488,249.178,359.98,213.416,3113.18,0.92239,0,0
674.25,0.476816,287.89,287.863,287.39,238.347,0.0608822,16.7184,249.616,360.015,213.419,3113.18,0.922961,0,4.60544e-05
674.75,0.477478,287.891,287.864,287.391,238.347,0.0652968,16.6186,250.048,360.015,213.419,3113.18,0.923484,0,0.00147066
675.25,0.478131,287.893,287.866,287.394,238.347,0.0588208,16.4374,250.474,360.015,213.419,3113.18,0.924374,0,0
675.75,0.478775,287.894,287.868,287.396,238.348,0.0535391,16.4079,250.894,360.015,213.419,3113.18,0.924422,0,0.034229
676.25,0.479409,287.896,287.87,287.398,238.348,0.0463704,16.2425,251.307,360.052,213.427,3113.18,0.925121,0,0
676.75,0.480034,287.898,287.872,287.4,238.348,0.0393696,16.0775,251.715,360.052,213.427,3113.18,0.925807,0,0
677.25,0.480649,287.899,287.875,287.402,238.349,0.0326173,15.9178,252.116,360.052,213.427,3113.18,0.926468,0,0
677.75,0.481255,287.901,287.876,287.404,238.349,0.0321779,17.1821,252.511,360.052,213.427,3113.18,0.920153,0,0
678.25,0.481852,287.902,287.878,287.405,238.349,0.0325716,17.1431,252.9,360.093,213.429,3113.18,0.920564,0,0
678.75,0.482439,287.904,287.879,287.407,238.349,0.033003,17.0603,253.283,360.093,213.429,3113.18,0.920969,0,0
679.25,0.483016,287.905,287.881,287.408,238.349,0.0335669,16.9788,253.66,360.093,213.429,3113.18,0.921371,0,0
679.75,0.483584,287.907,287.882,287.41,238.349,0.0342587,16.8987,254.03,360.093,213.429,3113.18,0.921767,0,0
680.25,0.484143,287.908,287.884,287.411,238.349,0.0353325,16.8204,254.394,360.134,213.432,3113.18,0.922161,0,0
680.75,0.484692,287.91,287.885,287.412,238.349,0.036541,16.7433,254.752,360.134,213.432,3113.18,0.922551,0,0
681.25,0.485231,287.911,287.886,287.414,238.349,0.037842,16.6657,255.104,360.134,213.432,3113.18,0.923008,0,4.19865e-05
681.75,0.485761,287.913,287.888,287.415,238.349,0.0384954,16.5764,255.45,360.134,213.432,3113.18,0.923526,0,3.54364e-05
682.25,0.486281,287.915,287.889,287.417,238.35,0.0395396,16.4854,255.789,360.175,213.435,3113.18,0.923987,0,0.000495154
682.75,0.486792,287.916,287.891,287.419,238.35,0.0340157,16.4056,256.122,360.175,213.435,3113.18,0.924287,0,0.00160573
683.25,0.487294,287.918,287.894,287.421,238.35,0.0263949,16.2059,256.449,360.175,213.435,3113.18,0.925138,0,0
683.75,0.487785,287.919,287.896,287.423,238.35,0.0190803,16.0098,256.77,360.175,213.435,3113.18,0.92596,0,0
684.25,0.488267,287.921,287.898,287.425,238.35,0.0171146,16.1695,257.084,360.223,213.439,3113.18,0.925137,0,0.0048182
684.75,0.48874,287.923,287.9,287.428,238.35,0.00878134,15.98,257.393,360.223,213.439,3113.18,0.925955,0,0
685.25,0.489203,287.924,287.903,287.43,238.35,0.0007076,15.7867,257.695,360.223,213.439,3113.18,0.926753,0,0
685.75,0.489656,287.926,287.905,287.432,238.35,-0.00690944,15.6009,257.99,360.223,213.439,3113.18,0.927518,0,0
686.25,0.4901,287.927,287.907,287.435,238.351,-0.0135457,15.4222,258.28,360.273,213.442,3113.18,0.928257,0,0
686.75,0.490534,287.929,287.909,287.437,238.351,-0.0199131,15.2496,258.563,360.273,213.442,3113.18,0.928972,0,0
687.25,0.490958,287.931,287.911,287.439,238.351,-0.0258841,15.0841,258.839,360.273,213.442,3113.18,0.929674,0,0
687.75,0.491373,287.932,287.913,287.44,238.351,-0.0249579,15.6581,259.11,360.273,213.442,3113.18,0.92688,0,0.0113883
688.25,0.491778,287.934,287.915,287.443,238.351,-0.0337499,15.5354,259.374,360.312,213.446,3113.18,0.92742,0,0
688.75,0.492173,287.935,287.918,287.445,238.351,-0.0424201,15.3925,259.632,360.312,213.446,3113.18,0.927947,0,0
689.25,0.492559,287.937,287.92,287.448,238.351,-0.0505508,15.2535,259.884,360.312,213.446,3113.18,0.928477,0,0
689.75,0.492935,287.939,287.923,287.45,238.351,-0.0581723,15.1172,260.129,360.312,213.446,3113.18,0.928983,0,0
690.25,0.493302,287.94,287.925,287.452,238.352,-0.0644562,14.986,260.368,360.363,213.449,3113.18,0.929489,0,0
690.75,0.493658,287.942,287.927,287.455,238.352,-0.0704709,14.8578,260.601,360.363,213.449,3113.18,0.929992,0,0
691.25,0.494006,287.944,287.929,287.457,238.352,-0.0760605,14.7322,260.827,360.363,213.449,3113.18,0.930478,0,0
691.75,0.494343,287.945,287.931,287.459,238.352,-0.0812418,14.6097,261.047,360.363,213.449,3113.18,0.930965,0,0
692.25,0.49467,287.947,287.933,287.461,238.352,-0.0853409,14.7542,261.261,360.41,213.452,3113.18,0.922133,0,0
692.75,0.494988,287.948,287.934,287.462,238.352,-0.0791169,16.3496,261.468,360.41,213.452,3113.18,0.922594,0,0
693.25,0.495296,287.95,287.935,287.463,238.352,-0.0725567,16.2806,261.669,360.41,213.452,3113.18,0.923172,0,4.57548e-05
693.75,0.495595,287.952,287.936,287.464,238.352,-0.0667281,16.1909,261.864,360.41,213.452,3113.18,0.923798,0,6.31563e-05
694.25,0.495884,287.953,287.938,287.465,238.357,-0.0614511,16.1156,262.052,360.436,213.454,3113.18,0.924263,0,0.162142
694.75,0.496162,287.955,287.94,287.467,238.357,-0.0667767,15.9519,262.234,360.436,213.454,3113.18,0.924949,0,0
695.25,0.496432,287.957,287.941,287.469,238.357,-0.0675291,17.0493,262.409,360.436,213.454,3113.18,0.919375,0,0
695.75,0.496691,287.958,287.943,287.47,238.357,-0.0652658,17.0116,262.579,360.436,213.454,3113.18,0.919812,0,0
696.25,0.496941,287.96,287.944,287.472,238.357,-0.0640286,16.931,262.741,360.436,213.484,3113.18,0.92023,0,0
696.75,0.497181,287.962,287.946,287.473,238.357,-0.0626956,16.8521,262.898,360.436,213.484,3113.18,0.920641,0,0
697.25,0.497411,287.963,287.947,287.475,238.358,-0.0612562,16.7748,263.048,360.436,213.484,3113.18,0.921033,0,0
697.75,0.497631,287.965,287.949,287.476,238.358,-0.0597131,16.6991,263.192,360.436,213.484,3113.18,0.921433,0,0
698.25,0.497842,287.966,287.95,287.478,238.358,-0.0578568,16.6256,263.329,360.477,213.486,3113.18,0.921829,0,0
698.75,0.498043,287.968,287.952,287.479,238.358,-0.055868,16.5534,263.46,360.477,213.486,3113.18,0.922219,0,0
699.25,0.498234,287.97,287.953,287.48,238.358,-0.0537864,16.4827,263.585,360.477,213.486,3113.18,0.922604,0,0
699.75,0.498415,287.971,287.955,287.482,238.358,-0.0516241,16.4116,263.703,360.477,213.486,3113.18,0.923067,0,9.17138e-05
700.25,0.498586,287.973,287.956,287.483,238.358,-0.0505998,16.3281,263.815,360.517,213.489,3113.18,0.923566,0,5.57621e-05
700.75,0.498748,287.975,287.958,287.485,238.358,-0.0489534,16.2438,263.92,360.517,213.489,3113.18,0.924018,0,0.00050891
701.25,0.4989,287.976,287.96,287.487,238.358,-0.0537768,16.1641,264.019,360.517,213.489,3113.18,0.924297,0,0.00158688
701.75,0.499042,287.978,287.962,287.489,238.358,-0.0607847,15.9663,264.112,360.517,213.489,3113.18,0.925119,0,0
702.25,0.499174,287.98,287.964,287.492,238.358,-0.0670245,15.7727,264.198,360.563,213.492,3113.18,0.92593,0,0
702.75,0.499297,287.981,287.966,287.493,238.358,-0.0675368,15.9301,264.278,360.563,213.492,3113.18,0.925133,0,0.00471889
703.25,0.499409,287.983,287.968,287.496,238.358,-0.07518,15.7398,264.351,360.563,213.492,3113.18,0.925927,0,0
703.75,0.499512,287.985,287.971,287.498,238.358,-0.0825564,15.5448,264.418,360.563,213.492,3113.18,0.926695,0,0
704.25,0.499605,287.986,287.973,287.5,238.358,-0.0889408,15.3577,264.479,360.612,213.495,3113.18,0.927446,0,0
704.75,0.499688,287.988,287.975,287.503,238.358,-0.0949747,15.1767,264.533,360.612,213.495,3113.18,0.928173,0,0
705.25,0.499761,287.99,287.978,287.505,238.358,-0.100563,15.0006,264.581,360.612,213.495,3113.18,0.928868,0,0
705.75,0.499825,287.991,287.98,287.507,238.358,-0.105721,14.8299,264.623,360.612,213.495,3113.18,0.929536,0,0
706.25,0.499879,287.993,287.981,287.508,238.359,-0.101866,15.4058,264.658,360.661,213.497,3113.18,0.926805,0,0.011001
706.75,0.499923,287.995,287.983,287.511,238.359,-0.108806,15.2709,264.686,360.661,213.497,3113.18,0.927334,0,0
707.25,0.499957,287.996,287.986,287.513,238.359,-0.115559,15.1103,264.708,360.661,213.497,3113.18,0.927878,0,0
707.75,0.499981,287.998,287.988,287.515,238.359,-0.121776,14.9319,264.724,360.661,213.497,3113.18,0.928373,0,0
708.25,0.499995,288,287.99,287.518,238.359,-0.127372,13.4646,264.734,360.699,213.501,3113.18,0.928863,0,0
