hour,mu0,ground_k,air_k,air_300m_k,column_mean_k,sensible_w_m2,latent_w_m2,sw_ground_w_m2,lw_down_w_m2,olr_w_m2,mixed_layer_m,rh_ground,dew_kg_m2,condensed_kg_m2
0.25,0.999998,296.833,294.239,293.756,238.982,202.223,263.933,645.428,387.09,219.764,7026.68,0.47617,0,0.870258
0.75,0.999978,296.845,294.247,293.764,239.015,202.489,263.309,645.412,387.09,219.764,9270.94,0.478344,0,1.2426
1.25,0.999939,296.857,294.255,293.772,239.009,202.849,262.719,645.38,387.09,219.764,9270.94,0.480509,0,0
1.75,0.99988,296.869,294.263,293.78,239.002,203.197,262.127,645.332,387.09,219.764,9270.94,0.482665,0,0
2.25,0.999801,296.879,294.253,293.77,239.004,203.463,261.498,645.269,386.887,220.232,9270.94,0.469527,0,0.276317
2.75,0.999703,296.845,294.26,293.777,238.998,201.673,265.748,645.189,386.887,220.232,9270.94,0.471755,0,0
3.25,0.999585,296.854,294.267,293.784,238.992,201.597,264.98,645.094,386.887,220.232,9270.94,0.473978,0,0
3.75,0.999447,296.864,294.274,293.791,238.986,201.842,264.319,644.983,386.887,220.232,9270.94,0.476192,0,0
4.25,0.99929,296.875,294.261,293.778,238.992,202.183,263.692,644.855,387.038,220.038,9270.94,0.474084,0,0.394397
4.75,0.999113,296.861,294.268,293.785,238.986,202.255,264.324,644.712,387.038,220.038,9270.94,0.476287,0,0
5.25,0.998917,296.87,294.275,293.792,238.981,202.308,263.611,644.553,387.038,220.038,9270.94,0.478482,0,0
5.75,0.998701,296.88,294.282,293.799,238.975,202.538,262.958,644.379,387.038,220.038,9270.94,0.480669,0,0
6.25,0.998465,296.893,294.289,293.806,238.97,202.96,262.369,644.188,387.454,219.961,9270.94,0.482848,0,0
6.75,0.99821,296.903,294.281,293.798,238.981,203.233,261.733,643.981,387.454,219.961,9270.94,0.47893,0,0.520414
7.25,0.997935,296.888,294.288,293.805,238.983,202.851,262.976,643.759,387.454,219.961,9270.94,0.481117,0,0.228254
7.75,0.997641,296.897,294.295,293.812,238.977,202.874,262.254,643.521,387.454,219.961,9270.94,0.483297,0,0
8.25,0.997327,296.906,294.302,293.819,238.972,203.067,261.587,643.266,387.437,219.97,9270.94,0.485471,0,0
8.75,0.996993,296.915,294.301,293.818,238.973,203.281,260.928,642.996,387.437,219.97,9270.94,0.466398,0,0.196124
9.25,0.99664,296.874,294.307,293.824,238.969,200.136,267.138,642.711,387.437,219.97,9270.94,0.468667,0,0.0180569
9.75,0.996267,296.881,294.313,293.829,238.965,199.924,266.29,642.409,387.437,219.97,9270.94,0.470933,0,0.0318486
10.25,0.995874,296.889,294.301,293.818,238.97,200.089,265.568,642.091,387.491,219.74,9270.94,0.47012,0,0.312693
10.75,0.995462,296.877,294.307,293.824,238.996,200.199,265.741,641.758,387.491,219.74,7026.68,0.472366,0,1.00554
11.25,0.995031,296.885,294.313,293.83,238.99,200.197,264.977,641.409,387.491,219.74,7026.68,0.474604,0,0
11.75,0.994579,296.893,294.315,293.832,238.987,200.347,264.265,641.044,387.491,219.74,9270.94,0.463122,0,0.111365
12.25,0.994109,296.866,294.321,293.838,238.982,198.085,267.93,640.663,386.954,219.919,9270.94,0.46541,0,0
12.75,0.993619,296.873,294.309,293.826,238.982,197.961,267.099,640.266,386.954,219.919,9270.94,0.465973,0,0.185369
13.25,0.993109,296.863,294.315,293.832,238.976,198.22,266.799,639.854,386.954,219.919,12021.5,0.468248,0,0
13.75,0.99258,296.87,294.321,293.838,238.971,198.208,266.014,639.425,386.954,219.919,12021.5,0.470515,0,0
14.25,0.992031,296.88,294.305,293.822,238.975,198.579,265.348,638.981,387.534,219.77,12021.5,0.469912,0,0.299487
14.75,0.991463,296.865,294.311,293.828,238.97,198.788,265.418,638.522,387.534,219.77,12021.5,0.472169,0,0.00891657
15.25,0.990875,296.871,294.317,293.833,238.966,198.723,264.621,638.046,387.534,219.77,12021.5,0.474418,0,0.0106141
15.75,0.990268,296.878,294.322,293.839,238.961,198.819,263.879,637.555,387.534,219.77,12021.5,0.476659,0,0.00906031
16.25,0.989641,296.888,294.309,293.826,238.969,199.126,263.208,637.048,387.996,219.685,12021.5,0.474446,0,0.414788
16.75,0.988995,296.871,294.315,293.832,238.992,198.974,263.813,636.525,387.996,219.685,7026.68,0.476685,0,0.913384
17.25,0.988329,296.877,294.32,293.837,239.025,198.874,263.01,635.987,387.996,219.685,9270.94,0.478918,0,1.26408
17.75,0.987644,296.883,294.326,293.843,239.018,198.942,262.261,635.432,387.996,219.685,9270.94,0.481142,0,0
18.25,0.98694,296.886,294.33,293.846,239.019,198.739,261.419,634.862,387.289,220.278,9270.94,0.468026,0,0.23854
18.75,0.986216,296.858,294.334,293.851,239.012,196.257,265.657,634.277,387.289,220.278,9270.94,0.470317,0,0
19.25,0.985473,296.863,294.338,293.855,239.005,196.068,264.779,633.675,387.289,220.278,9270.94,0.472613,0,0
19.75,0.984711,296.867,294.336,293.853,239.008,196.115,263.979,633.059,387.289,220.278,9270.94,0.471114,0,0.319323
20.25,0.983929,296.859,294.34,293.857,239.001,195.648,264.372,632.426,387.182,220.139,9270.94,0.473402,0,0
20.75,0.983128,296.864,294.344,293.861,238.995,195.606,263.547,631.778,387.182,220.139,9270.94,0.475683,0,0
21.25,0.982307,296.869,294.348,293.865,238.989,195.658,262.753,631.114,387.182,220.139,9270.94,0.477954,0,0
21.75,0.981467,296.873,294.342,293.859,238.996,195.72,261.965,630.434,387.182,220.139,9270.94,0.475243,0,0.426773
22.25,0.980608,296.862,294.346,293.863,238.997,195.341,262.789,629.739,387.55,220.055,9270.94,0.47752,0,0.210243
22.75,0.97973,296.866,294.35,293.867,238.99,195.255,261.948,629.028,387.55,220.055,9270.94,0.479789,0,0
23.25,0.978832,296.87,294.353,293.87,238.985,195.281,261.145,628.302,387.55,220.055,9270.94,0.482049,0,0
23.75,0.977916,296.874,294.354,293.871,238.983,195.316,260.348,627.56,387.55,220.055,9270.94,0.463783,0,0.128809
24.25,0.97698,296.831,294.357,293.874,238.978,191.888,266.199,626.803,387.341,219.825,9270.94,0.46612,0,0.0417294
24.75,0.976024,296.833,294.348,293.865,238.979,191.522,265.227,626.03,387.341,219.825,9270.94,0.466432,0,0.21339
25.25,0.97505,296.822,294.351,293.868,238.975,191.432,264.95,625.242,387.341,219.825,9270.94,0.468765,0,0.0354581
25.75,0.974056,296.825,294.354,293.871,238.97,191.306,264.061,624.438,387.341,219.825,9270.94,0.47109,0,0.0183108
26.25,0.973044,296.83,294.34,293.857,238.975,191.506,263.27,623.618,387.833,219.705,9270.94,0.470326,0,0.329839
26.75,0.972012,296.813,294.343,293.859,239.001,191.426,263.329,622.783,387.833,219.705,7026.68,0.472645,0,1.00089
27.25,0.970961,296.815,294.345,293.862,238.994,191.248,262.427,621.933,387.833,219.705,7026.68,0.474955,0,0
27.75,0.969891,296.817,294.342,293.858,238.991,191.209,261.572,621.067,387.833,219.705,9270.94,0.463421,0,0.119433
28.25,0.968802,296.782,294.344,293.861,238.985,188.749,265.108,620.186,387.198,219.872,9270.94,0.465778,0,0
28.75,0.967694,296.783,294.332,293.849,238.985,188.403,264.126,619.29,387.198,219.872,9270.94,0.466255,0,0.193046
29.25,0.966567,296.77,294.334,293.851,238.979,188.349,263.756,618.378,387.198,219.872,9270.94,0.468601,0,0
29.75,0.965421,296.771,294.336,293.853,238.974,188.16,262.832,617.45,387.198,219.872,12021.5,0.470939,0,0
30.25,0.964255,296.774,294.321,293.838,238.978,188.312,262.012,616.508,387.712,219.706,12021.5,0.470249,0,0.309406
30.75,0.963071,296.756,294.323,293.84,238.972,188.2,262.016,615.55,387.712,219.706,12021.5,0.47258,0,0.00984976
31.25,0.961869,296.757,294.325,293.842,238.967,187.965,261.082,614.576,387.712,219.706,12021.5,0.474902,0,0.011446
31.75,0.960647,296.758,294.327,293.844,238.962,187.872,260.195,613.588,387.712,219.706,12021.5,0.477216,0,0.00992651
32.25,0.959406,296.761,294.315,293.832,238.97,187.959,259.369,612.584,388.105,219.608,12021.5,0.474876,0,0.426927
32.75,0.958146,296.741,294.317,293.834,238.993,187.45,259.927,611.564,388.105,219.608,7026.68,0.477191,0,0.915994
33.25,0.956868,296.742,294.319,293.836,239.026,187.192,258.987,610.53,388.105,219.608,9270.94,0.479499,0,1.26506
33.75,0.955571,296.742,294.32,293.837,239.018,187.074,258.094,609.48,388.105,219.608,9270.94,0.481798,0,0
34.25,0.954255,296.738,294.321,293.838,239.01,186.657,257.096,608.416,387.33,220.187,9270.94,0.484101,0,0
34.75,0.95292,296.738,294.302,293.819,239.013,186.526,256.192,607.336,387.33,220.187,9270.94,0.47102,0,0.316028
35.25,0.951567,296.689,294.302,293.819,239.006,184.353,260.172,606.241,387.33,220.187,9270.94,0.473373,0,0
35.75,0.950195,296.687,294.303,293.82,238.999,183.816,259.11,605.13,387.33,220.187,9270.94,0.475722,0,0
36.25,0.948804,296.685,294.304,293.82,238.992,183.618,258.158,604.005,387.306,219.965,9270.94,0.478057,0,0
36.75,0.947394,296.684,294.298,293.815,238.998,183.462,257.229,602.865,387.306,219.965,9270.94,0.475357,0,0.428399
37.25,0.945966,296.668,294.298,293.815,238.992,182.629,257.903,601.709,387.306,219.965,9270.94,0.477696,0,0
37.75,0.94452,296.666,294.299,293.816,238.985,182.354,256.929,600.539,387.306,219.965,9270.94,0.480028,0,0
38.25,0.943054,296.666,294.299,293.816,238.979,182.319,256.032,599.353,387.609,219.863,9270.94,0.482354,0,0
38.75,0.941571,296.664,294.299,293.816,238.973,182.181,255.106,598.152,387.609,219.863,9270.94,0.48467,0,0
39.25,0.940068,296.662,294.298,293.815,238.984,182.031,254.179,596.937,387.609,219.863,9270.94,0.480233,0,0.554567
39.75,0.938548,296.646,294.298,293.815,238.985,180.77,255.439,595.707,387.609,219.863,9270.94,0.48256,0,0.234728
40.25,0.937009,296.642,294.297,293.814,238.978,180.437,254.433,594.461,387.478,219.851,9270.94,0.484888,0,0
40.75,0.935451,296.639,294.297,293.814,238.972,180.249,253.48,593.201,387.478,219.851,9270.94,0.487207,0,0
41.25,0.933875,296.637,294.296,293.813,238.966,180.072,252.534,591.926,387.478,219.851,9270.94,0.489517,0,0
41.75,0.932281,296.634,294.276,293.793,238.97,179.895,251.59,590.636,387.478,219.851,9270.94,0.470302,0,0.317833
42.25,0.930668,296.569,294.275,293.792,238.965,176.5,257.487,589.331,387.266,219.633,9270.94,0.472682,0,0.031705
42.75,0.929037,296.564,294.274,293.791,238.96,175.762,256.327,588.011,387.266,219.633,9270.94,0.475058,0,0.0219791
43.25,0.927388,296.56,294.272,293.789,238.956,175.465,255.313,586.677,387.266,219.633,9270.94,0.477426,0,0.0286766
43.75,0.925721,296.556,294.262,293.779,238.964,175.222,254.319,585.328,387.266,219.633,9270.94,0.475033,0,0.441189
44.25,0.924035,296.536,294.261,293.778,238.987,174.526,254.842,583.964,387.487,219.555,7026.68,0.477405,0,0.946942
44.75,0.922331,296.531,294.259,293.776,239.018,174.162,253.802,582.585,387.487,219.555,7026.68,0.479771,0,1.21789
45.25,0.92061,296.527,294.258,293.775,239.01,173.913,252.803,581.192,387.487,219.555,9270.94,0.482127,0,0
45.75,0.91887,296.522,294.251,293.768,239.011,173.686,251.813,579.805,387.487,219.555,9270.94,0.469153,0,0.266566
46.25,0.917112,296.476,294.249,293.766,239.003,170.596,255.612,578.416,386.445,219.998,9270.94,0.471567,0,0
46.75,0.915336,296.47,294.246,293.763,238.995,170.018,254.47,577.012,386.445,219.998,9270.94,0.473978,0,0
47.25,0.913542,296.464,294.243,293.76,238.988,169.736,253.428,575.594,386.445,219.998,9270.94,0.476379,0,0
47.75,0.91173,296.458,294.226,293.743,238.993,169.488,252.4,574.161,386.445,219.998,9270.94,0.474468,0,0.403317
48.25,0.9099,296.433,294.223,293.74,238.986,168.99,252.71,572.715,386.669,219.858,9270.94,0.476866,0,0
48.75,0.908052,296.427,294.22,293.737,238.979,168.575,251.628,571.254,386.669,219.858,9270.94,0.479257,0,0
49.25,0.906187,296.421,294.217,293.734,238.972,168.299,250.594,569.78,386.669,219.858,9270.94,0.481638,0,0
49.75,0.904303,296.415,294.214,293.731,238.966,168.036,249.568,568.291,386.669,219.858,9270.94,0.48401,0,0
50.25,0.902402,296.412,294.21,293.727,238.976,168.048,248.626,566.788,387.293,219.637,9270.94,0.47988,0,0.542065
50.75,0.900483,296.391,294.207,293.724,238.976,166.75,249.71,565.271,387.293,219.637,9270.94,0.482261,0,0.194248
51.25,0.898547,296.384,294.203,293.72,238.969,166.373,248.635,563.74,387.293,219.637,9270.94,0.484643,0,0
51.75,0.896592,296.377,294.2,293.717,238.962,166.089,247.594,562.195,387.293,219.637,9270.94,0.487016,0,0
52.25,0.89462,296.369,294.196,293.713,238.956,165.747,246.53,560.637,387.122,219.598,9270.94,0.489382,0,0.00117839
52.75,0.892631,296.362,294.192,293.709,238.952,165.46,245.492,559.064,387.122,219.598,9270.94,0.491739,0,0.0482455
53.25,0.890624,296.355,294.172,293.689,238.957,165.174,244.458,557.478,387.122,219.598,9270.94,0.472313,0,0.355503
53.75,0.8886,296.288,294.167,293.684,238.952,161.671,250.346,555.877,387.122,219.598,9270.94,0.474748,0,0.0394439
54.25,0.886558,296.276,294.163,293.68,238.946,160.716,249.048,554.263,386.78,219.386,9270.94,0.477171,0,0.0144098
54.75,0.884498,296.267,294.158,293.675,238.941,160.299,247.939,552.635,386.78,219.386,9270.94,0.479584,0,0.033375
55.25,0.882422,296.259,294.153,293.671,238.936,159.946,246.854,550.994,386.78,219.386,9270.94,0.481989,0,0.0171806
55.75,0.880328,296.25,294.138,293.655,238.947,159.609,245.777,549.338,386.78,219.386,9270.94,0.478707,0,0.538708
56.25,0.878216,296.222,294.133,293.651,238.969,158.624,246.478,547.669,386.841,219.351,7026.68,0.481115,0,0.906335
56.75,0.876088,296.212,294.129,293.646,238.963,158.111,245.34,545.987,386.841,219.351,7026.68,0.483515,0,0.0138894
57.25,0.873942,296.203,294.124,293.641,238.956,157.74,244.252,544.29,386.841,219.351,7026.68,0.485906,0,0.011811
57.75,0.871779,296.194,294.119,293.636,238.95,157.384,243.173,542.581,386.841,219.351,9270.94,0.488288,0,0.0127133
58.25,0.869599,296.185,294.111,293.628,238.956,157.058,242.093,540.857,386.871,219.421,9270.94,0.474069,0,0.401316
58.75,0.867401,296.137,294.105,293.622,238.95,154.026,246.324,539.12,386.871,219.421,9270.94,0.476515,0,0.0118971
59.25,0.865187,296.126,294.099,293.616,238.944,153.355,245.102,537.37,386.871,219.421,9270.94,0.478959,0,0.0112813
59.75,0.862956,296.115,294.093,293.61,238.938,152.946,243.969,535.606,386.871,219.421,9270.94,0.481394,0,0.0112365
60.25,0.860708,296.104,294.087,293.604,238.933,152.505,242.826,533.829,386.715,219.239,9270.94,0.483815,0,0.0107929
60.75,0.858443,296.093,294.081,293.598,238.928,152.12,241.713,532.038,386.715,219.239,9270.94,0.486225,0,0.0189195
61.25,0.856161,296.083,294.061,293.579,238.94,151.741,240.606,530.235,386.715,219.239,9270.94,0.482024,0,0.602014
61.75,0.853862,296.048,294.055,293.572,238.96,150.59,241.542,528.417,386.715,219.239,7026.68,0.484439,0,0.824399
62.25,0.851546,296.033,294.049,293.566,238.993,149.775,240.282,526.587,386.199,219.439,7026.68,0.486852,0,1.29552
62.75,0.849214,296.021,294.042,293.559,238.984,149.317,239.145,524.743,386.199,219.439,7026.68,0.489255,0,0
63.25,0.846865,296.01,294.036,293.553,238.976,148.897,238.025,522.886,386.199,219.439,9270.94,0.491648,0,0
63.75,0.844499,295.998,294.029,293.546,238.968,148.481,236.91,521.016,386.199,219.439,9270.94,0.494032,0,0
64.25,0.842117,295.986,294.022,293.539,238.961,148.063,235.788,519.133,386.167,219.59,9270.94,0.496419,0,0
64.75,0.839718,295.974,294.015,293.532,238.954,147.65,234.672,517.237,386.167,219.59,9270.94,0.498796,0,0
65.25,0.837303,295.962,293.99,293.508,238.966,147.231,233.558,515.328,386.167,219.59,9270.94,0.483322,0,0.621814
65.75,0.834871,295.898,293.983,293.5,238.958,144.301,238.035,513.405,386.167,219.59,9270.94,0.485754,0,0
66.25,0.832423,295.881,293.975,293.493,238.951,143.224,236.674,511.47,385.718,219.44,9270.94,0.488176,0,0
66.75,0.829959,295.867,293.968,293.485,238.944,142.675,235.496,509.522,385.718,219.44,9270.94,0.490588,0,0
67.25,0.827478,295.854,293.96,293.477,238.937,142.186,234.342,507.561,385.718,219.44,9270.94,0.492991,0,0
67.75,0.824981,295.841,293.952,293.47,238.93,141.713,233.196,505.587,385.718,219.44,9270.94,0.495385,0,0
68.25,0.822467,295.83,293.944,293.462,238.924,141.459,232.118,503.6,386.213,219.219,9270.94,0.497774,0,0
68.75,0.819938,295.816,293.937,293.454,238.918,141.015,230.986,501.601,386.213,219.219,9270.94,0.500154,0,0
69.25,0.817392,295.803,293.929,293.446,238.912,140.548,229.851,499.589,386.213,219.219,9270.94,0.502524,0,0.0207373
69.75,0.814831,295.789,293.917,293.434,238.934,140.073,228.717,497.564,386.213,219.219,5273.21,0.494226,0,0.894783
70.25,0.812253,295.747,293.908,293.426,238.932,137.808,230.897,495.526,385.886,219.247,9270.94,0.496622,0,0.142748
70.75,0.80966,295.732,293.9,293.417,238.925,137.078,229.663,493.476,385.886,219.247,9270.94,0.499013,0,0
71.25,0.80705,295.717,293.891,293.409,238.918,136.541,228.496,491.413,385.886,219.247,9270.94,0.501395,0,0
71.75,0.804425,295.703,293.883,293.4,238.913,136.024,227.339,489.338,385.886,219.247,9270.94,0.503768,0,0.0317841
72.25,0.801784,295.688,293.874,293.391,238.908,135.583,226.197,487.25,386.021,219.053,9270.94,0.506139,0,0.0205344
72.75,0.799127,295.673,293.865,293.383,238.903,135.087,225.05,485.177,386.021,219.053,9270.94,0.5085,0,0.0284679
73.25,0.796454,295.659,293.856,293.374,238.898,134.607,223.912,483.147,386.021,219.053,9270.94,0.510851,0,0.0210968
73.75,0.793766,295.644,293.847,293.365,238.893,134.124,222.777,481.105,386.021,219.053,9270.94,0.513193,0,0.0259613
74.25,0.791062,295.63,293.826,293.343,238.912,133.721,221.668,479.051,386.214,218.903,9270.94,0.489727,0,0.797153
74.75,0.788343,295.549,293.816,293.333,238.929,129.343,228.606,476.986,386.214,218.903,7026.68,0.492164,0,0.761321
75.25,0.785608,295.531,293.805,293.323,238.922,128.279,227.231,474.908,386.214,218.903,7026.68,0.4946,0,0.00471099
75.75,0.782857,295.514,293.795,293.313,238.916,127.678,226.012,472.819,386.214,218.903,7026.68,0.497026,0,0.0156926
76.25,0.780092,295.492,293.785,293.303,238.909,126.718,224.674,470.719,385.212,218.979,7026.68,0.499435,0,0.00783053
76.75,0.777311,295.475,293.775,293.293,238.903,126.131,223.474,468.606,385.212,218.979,7026.68,0.501835,0,0.0127075
77.25,0.774514,295.459,293.765,293.283,238.897,125.59,222.292,466.482,385.212,218.979,7026.68,0.504225,0,0.00899157
77.75,0.771703,295.442,293.755,293.273,238.891,125.054,221.117,464.347,385.212,218.979,9270.94,0.506606,0,0.0110857
78.25,0.768876,295.427,293.745,293.263,238.886,124.69,219.995,462.2,385.6,218.782,9270.94,0.508982,0,0.00927995
78.75,0.766034,295.411,293.734,293.252,238.88,124.173,218.831,460.041,385.6,218.782,9270.94,0.511349,0,0.0101043
79.25,0.763178,295.394,293.711,293.229,238.901,123.636,217.665,457.871,385.6,218.782,9270.94,0.493314,0,0.869158
79.75,0.760306,295.323,293.7,293.218,238.916,120.097,222.819,455.69,385.6,218.782,7026.68,0.495745,0,0.698122
80.25,0.757419,295.297,293.689,293.207,238.951,118.624,221.307,453.497,384.512,218.923,7026.68,0.498168,0,1.33745
80.75,0.754517,295.278,293.678,293.196,238.942,117.923,220.058,451.293,384.512,218.923,7026.68,0.500583,0,0
81.25,0.751601,295.26,293.667,293.185,238.933,117.312,218.844,449.078,384.512,218.923,7026.68,0.502987,0,0
81.75,0.74867,295.241,293.656,293.174,238.925,116.721,217.64,446.852,384.512,218.923,7026.68,0.505382,0,0
82.25,0.745724,295.222,293.645,293.163,238.918,116.073,216.411,444.614,384.331,219.065,7026.68,0.50778,0,0
82.75,0.742763,295.203,293.633,293.151,238.91,115.486,215.208,442.365,384.331,219.065,7026.68,0.510168,0,0
83.25,0.739788,295.184,293.621,293.139,238.903,114.903,214.012,440.106,384.331,219.065,7026.68,0.512547,0,0
83.75,0.736798,295.165,293.61,293.128,238.896,114.315,212.819,437.835,384.331,219.065,9270.94,0.514915,0,0
84.25,0.733794,295.148,293.598,293.116,238.889,113.84,211.661,435.553,384.59,218.847,9270.94,0.517279,0,0
84.75,0.730775,295.129,293.586,293.104,238.883,113.258,210.476,433.26,384.59,218.847,9270.94,0.519632,0,0.0375811
85.25,0.727742,295.109,293.589,293.107,238.879,112.658,209.291,430.956,384.59,218.847,9270.94,0.521025,0,0.0611586
85.75,0.724695,295.099,293.582,293.1,238.904,111.551,208.459,428.642,384.59,218.847,5273.21,0.500621,0,1.03376
86.25,0.721633,295.03,293.569,293.087,238.897,106.961,214.266,426.316,383.863,218.863,9270.94,0.503049,0,0
86.75,0.718558,295.008,293.556,293.074,238.891,105.945,212.893,423.98,383.863,218.863,9270.94,0.505478,0,0.0291073
87.25,0.715468,294.987,293.542,293.06,238.884,105.265,211.637,421.633,383.863,218.863,9270.94,0.507896,0,0.0230301
87.75,0.712364,294.966,293.529,293.047,238.878,104.622,210.398,419.276,383.863,218.863,9270.94,0.510305,0,0.0268188
88.25,0.709246,294.945,293.516,293.034,238.872,104.053,209.171,416.907,383.969,218.615,9270.94,0.512711,0,0.0227123
88.75,0.706114,294.924,293.502,293.02,238.867,103.428,207.943,414.529,383.969,218.615,9270.94,0.515107,0,0.0249682
89.25,0.702968,294.902,293.489,293.007,238.861,102.795,206.718,412.139,383.969,218.615,9270.94,0.517493,0,0.022851
89.75,0.699809,294.881,293.476,292.994,238.857,102.157,205.497,409.739,383.969,218.615,9270.94,0.519851,0,0.0636324
90.25,0.696636,294.86,293.478,292.996,238.853,101.567,204.298,407.329,384.098,218.457,9270.94,0.521201,0,0.0842883
90.75,0.693449,294.848,293.488,293.006,238.851,100.396,203.455,404.908,384.098,218.457,9270.94,0.522023,0,0.0978732
91.25,0.690248,294.842,293.498,293.016,238.846,99.0163,202.843,402.477,384.098,218.457,9270.94,0.524096,0,0.0206567
91.75,0.687034,294.838,293.488,293.006,238.844,97.9239,201.838,400.036,384.098,218.457,9270.94,0.524831,0,0.144951
92.25,0.683806,294.817,293.497,293.015,238.839,97.2355,201.222,397.584,384.312,218.383,9270.94,0.526952,0,0.0197458
92.75,0.680565,294.813,293.484,293.002,238.865,96.0537,200.174,395.123,384.312,218.383,5273.21,0.499242,0,1.01293
93.25,0.677311,294.726,293.466,292.985,238.878,90.7833,208.245,392.651,384.312,218.383,7026.68,0.501753,0,0.645056
93.75,0.674043,294.699,293.449,292.968,238.871,89.665,206.766,390.169,384.312,218.383,7026.68,0.504265,0,0
94.25,0.670762,294.667,293.432,292.951,238.864,88.4953,205.274,387.677,383.171,218.47,7026.68,0.506758,0,0
94.75,0.667468,294.641,293.415,292.934,238.857,87.7686,203.946,385.175,383.171,218.47,7026.68,0.509239,0,0.00902172
95.25,0.664161,294.616,293.398,292.917,238.851,87.0989,202.645,382.662,383.171,218.47,7026.68,0.511709,0,0.0102681
95.75,0.66084,294.591,293.381,292.9,238.845,86.4347,201.352,380.14,383.171,218.47,7026.68,0.514168,0,0.00905176
96.25,0.657507,294.566,293.364,292.883,238.839,85.8735,200.091,377.609,383.396,218.255,7026.68,0.516621,0,0.00951346
96.75,0.654161,294.541,293.347,292.866,238.834,85.217,198.81,375.067,383.396,218.255,7026.68,0.519063,0,0.0346662
97.25,0.650802,294.515,293.341,292.859,238.83,84.5441,197.531,372.516,383.396,218.255,7026.68,0.520835,0,0.0642152
97.75,0.64743,294.497,293.345,292.864,238.826,83.5724,196.504,370.07,383.396,218.255,7026.68,0.52186,0,0.0807157
98.25,0.644045,294.486,293.35,292.868,238.821,82.3769,195.785,367.652,383.563,218.108,9270.94,0.524085,0,0.0138965
98.75,0.640648,294.478,293.337,292.855,238.821,81.3719,194.707,365.225,383.563,218.108,9270.94,0.524896,0,0.168314
99.25,0.637238,294.454,293.341,292.859,238.819,80.579,194.022,362.789,383.563,218.108,9270.94,0.527128,0,0.143464
99.75,0.633816,294.445,293.335,292.854,238.815,79.4894,192.908,360.343,383.563,218.108,9270.94,0.515904,0,0.0387062
100.25,0.630381,294.399,293.316,292.834,238.81,76.6157,195.88,357.889,383.53,217.967,9270.94,0.518385,0,0.0363743
100.75,0.626934,294.372,293.302,292.821,238.809,75.8967,194.543,355.426,383.53,217.967,9270.94,0.520501,0,0.113638
101.25,0.623474,294.348,293.302,292.821,238.807,75.1019,193.38,352.955,383.53,217.967,9270.94,0.521714,0,0.110279
101.75,0.620002,294.333,293.304,292.823,238.82,73.8848,192.544,350.474,383.53,217.967,9270.94,0.524005,0,0.618065
102.25,0.616518,294.321,293.285,292.803,238.815,72.7835,191.368,347.985,383.259,218.026,9270.94,0.517631,0,0.0251822
102.75,0.613022,294.275,293.265,292.784,238.811,70.94,192.804,345.487,383.259,218.026,9270.94,0.520099,0,0.0703277
103.25,0.609514,294.246,293.261,292.78,238.808,70.1974,191.465,342.981,383.259,218.026,9270.94,0.521512,0,0.0892678
103.75,0.605994,294.228,293.261,292.78,238.803,69.0291,190.532,340.466,383.259,218.026,9270.94,0.523847,0,0.0260631
104.25,0.602462,294.216,293.245,292.763,238.802,68.064,189.374,337.942,383.357,217.847,9270.94,0.52483,0,0.143553
104.75,0.598918,294.188,293.244,292.763,238.797,67.2796,188.593,335.41,383.357,217.847,9270.94,0.52716,0,0.0244437
105.25,0.595363,294.175,293.243,292.761,238.792,66.2164,187.404,332.87,383.357,217.847,9270.94,0.529488,0,0.0224693
105.75,0.591795,294.161,293.226,292.745,238.794,65.2746,186.255,330.321,383.357,217.847,9270.94,0.529253,0,0.216391
106.25,0.588216,294.13,293.224,292.743,238.804,64.2965,185.831,327.764,383.311,217.787,9270.94,0.531584,0,0.506034
106.75,0.584626,294.115,293.222,292.741,238.825,63.2254,184.627,325.199,383.311,217.787,7026.68,0.533914,0,0.863242
107.25,0.581024,294.101,293.217,292.736,238.822,62.2889,183.468,322.626,383.311,217.787,7026.68,0.525144,0,0.129969
107.75,0.577411,294.06,293.214,292.733,238.815,59.6958,185.639,320.044,383.311,217.787,7026.68,0.527498,0,0.00545918
108.25,0.573786,294.039,293.21,292.728,238.809,58.3483,184.286,317.454,382.738,217.958,7026.68,0.529895,0,0.0053257
108.75,0.57015,294.023,293.194,292.712,238.809,57.3899,183.073,314.856,382.738,217.958,7026.68,0.529565,0,0.203062
109.25,0.566503,293.991,293.189,292.708,238.802,56.325,182.663,312.25,382.738,217.958,7026.68,0.531963,0,0.0051044
109.75,0.562844,293.974,293.184,292.702,238.796,55.2995,181.418,309.637,382.738,217.958,7026.68,0.534358,0,0.00500099
110.25,0.559175,293.957,293.178,292.697,238.79,54.4148,180.213,307.015,382.775,217.825,7026.68,0.536754,0,0.00490077
110.75,0.555494,293.939,293.169,292.687,238.793,53.5268,179.011,304.386,382.775,217.825,7026.68,0.534749,0,0.287433
111.25,0.551803,293.909,293.162,292.681,238.788,52.0387,179.113,301.748,382.775,217.825,7026.68,0.537151,0,0.0219205
111.75,0.548101,293.89,293.155,292.674,238.783,51.0555,177.862,299.103,382.775,217.825,7026.68,0.539557,0,0.0347866
112.25,0.544388,293.87,293.148,292.667,238.778,50.1071,176.617,296.45,382.618,217.715,9270.94,0.541964,0,0.0222796
112.75,0.540664,293.851,293.133,292.652,238.779,49.2202,175.396,293.79,382.618,217.715,9270.94,0.527939,0,0.20167
113.25,0.53693,293.788,293.124,292.643,238.789,45.9927,179.028,291.122,382.618,217.715,9270.94,0.530416,0,0.528491
113.75,0.533185,293.766,293.115,292.634,238.783,44.7607,177.627,288.446,382.618,217.715,9270.94,0.532903,0,0.00422994
114.25,0.52943,293.743,293.106,292.625,238.777,43.717,176.298,285.763,382.326,217.652,9270.94,0.535384,0,0.00408181
114.75,0.525664,293.721,293.079,292.598,238.776,42.811,175.022,283.073,382.326,217.652,9270.94,0.52734,0,0.163122
115.25,0.521888,293.662,293.069,292.587,238.771,40.7202,176.819,280.375,382.326,217.652,9270.94,0.52986,0,0.0231524
115.75,0.518102,293.638,293.058,292.577,238.766,39.5315,175.402,277.67,382.326,217.652,9270.94,0.532379,0,0.0169859
116.25,0.514306,293.615,293.047,292.566,238.761,38.6082,174.09,274.958,382.313,217.464,9270.94,0.534892,0,0.0209863
116.75,0.510499,293.592,293.027,292.546,238.764,37.7201,172.794,272.238,382.313,217.464,9270.94,0.533704,0,0.279369
117.25,0.506683,293.554,293.016,292.535,238.772,36.4763,172.572,269.511,382.313,217.464,9270.94,0.53622,0,0.458963
117.75,0.502856,293.53,293.004,292.523,238.793,35.4845,171.218,266.777,382.313,217.464,7026.68,0.538732,0,0.876811
118.25,0.49902,293.5,292.992,292.511,238.786,34.2683,169.792,264.097,381.432,217.712,7026.68,0.54125,0,0.00350111
118.75,0.495173,293.477,292.979,292.498,238.779,33.4666,168.49,261.589,381.432,217.712,7026.68,0.543761,0,0.00344225
119.25,0.491318,293.454,292.966,292.485,238.773,32.7079,167.233,259.074,381.432,217.712,7026.68,0.546264,0,0.00337174
119.75,0.487452,293.431,292.944,292.463,238.775,31.9584,165.98,256.553,381.432,217.712,7026.68,0.536321,0,0.305995
120.25,0.483577,293.371,292.93,292.45,238.769,29.5053,168.296,254.025,381.314,217.552,7026.68,0.538865,0,0.00326073
120.75,0.479692,293.345,292.916,292.436,238.762,28.4475,166.903,251.492,381.314,217.552,7026.68,0.541411,0,0.00319282
121.25,0.475798,293.32,292.902,292.421,238.756,27.646,165.604,248.952,381.314,217.552,7026.68,0.543951,0,0.00313868
121.75,0.471895,293.295,292.888,292.407,238.75,26.8795,164.32,246.406,381.314,217.552,7026.68,0.546482,0,0.00307798
122.25,0.467982,293.27,292.873,292.392,238.744,26.1378,163.032,243.854,381.3,217.352,7026.68,0.549015,0,0.00305065
122.75,0.46406,293.244,292.858,292.377,238.739,25.3925,161.755,241.296,381.3,217.352,7026.68,0.55154,0,0.0106917
123.25,0.460129,293.218,292.842,292.362,238.734,24.6496,160.481,238.732,381.3,217.352,7026.68,0.554057,0,0.038821
123.75,0.456189,293.193,292.827,292.346,238.729,23.9067,159.209,236.163,381.3,217.352,7026.68,0.556566,0,0.0111906
124.25,0.45224,293.166,292.804,292.324,238.74,23.1474,157.925,233.587,381.237,217.198,7026.68,0.550607,0,0.532222
124.75,0.448282,293.114,292.788,292.307,238.734,21.3109,159.056,231.006,381.237,217.198,7026.68,0.553143,0,0.00278226
125.25,0.444315,293.086,292.772,292.291,238.729,20.3522,157.683,228.419,381.237,217.198,7026.68,0.55568,0,0.0356705
125.75,0.44034,293.059,292.755,292.274,238.724,19.5668,156.378,225.826,381.237,217.198,7026.68,0.558209,0,0.0136627
126.25,0.436356,293.028,292.738,292.257,238.719,18.6179,155.003,223.227,380.759,217.119,7026.68,0.560733,0,0.0318371
126.75,0.432363,293,292.721,292.24,238.714,17.8352,153.7,220.623,380.759,217.119,7026.68,0.563249,0,0.0248344
127.25,0.428362,292.971,292.703,292.223,238.711,17.0766,152.409,218.014,380.759,217.119,7026.68,0.565757,0,0.0504847
127.75,0.424352,292.944,292.688,292.207,238.707,16.2661,151.155,215.399,380.759,217.119,7026.68,0.568135,0,0.0613292
128.25,0.420334,292.924,292.676,292.196,238.719,14.9519,150.166,212.778,380.624,216.994,7026.68,0.549372,0,0.546407
128.75,0.416308,292.84,292.657,292.177,238.724,11.6292,154.492,210.152,380.624,216.994,7026.68,0.551967,0,0.351269
129.25,0.412274,292.808,292.637,292.157,238.718,10.45,152.959,207.521,380.624,216.994,7026.68,0.554567,0,0.0168787
129.75,0.408231,292.777,292.618,292.137,238.713,9.63699,151.576,204.884,380.624,216.994,7026.68,0.557158,0,0.0141339
130.25,0.404181,292.742,292.598,292.118,238.707,8.6567,150.109,202.243,380.059,216.947,7026.68,0.559737,0,0.015632
130.75,0.400122,292.711,292.578,292.098,238.702,7.87306,148.739,199.596,380.059,216.947,7026.68,0.562308,0,0.0139172
131.25,0.396056,292.679,292.558,292.078,238.697,7.12351,147.383,196.944,380.059,216.947,7026.68,0.564869,0,0.0146914
131.75,0.391982,292.648,292.538,292.058,238.692,6.38169,146.03,194.286,380.059,216.947,7026.68,0.567421,0,0.0368771
132.25,0.3879,292.622,292.529,292.049,238.69,5.25176,144.834,191.624,379.901,216.788,7026.68,0.569164,0,0.0857287
132.75,0.383811,292.605,292.529,292.049,238.685,4.07847,143.583,188.957,379.901,216.788,7026.68,0.571487,0,0.0299349
133.25,0.379714,292.572,292.5,292.02,238.7,3.32544,142.558,186.285,379.901,216.788,4016.82,0.555952,0,0.639127
133.75,0.375609,292.496,292.478,291.998,238.703,0.68139,145.385,183.608,379.901,216.788,5273.21,0.558606,0,0.296478
134.25,0.371497,292.463,292.456,291.976,238.697,-0.100487,142.682,180.926,379.293,216.806,5273.21,0.565695,0,0.0125423
134.75,0.367378,292.459,292.434,291.954,238.691,-0.0145907,139.667,178.24,379.293,216.806,7026.68,0.563772,0,0.0121922
135.25,0.363252,292.408,292.412,291.932,238.686,-0.157826,137.499,175.549,379.293,216.806,7026.68,0.570788,0,0.0172141
135.75,0.359119,292.401,292.392,291.913,238.682,-0.211365,134.855,172.853,379.293,216.806,7026.68,0.577151,0,0.0455804
136.25,0.354978,292.386,292.387,291.908,238.678,-0.108865,131.407,170.152,379.095,216.659,7026.68,0.578366,0,0.0614061
136.75,0.350831,292.372,292.383,291.906,238.674,-0.250573,128.853,167.447,379.095,216.659,7026.68,0.582265,0,0.0448232
137.25,0.346676,292.388,292.367,291.889,238.672,-0.417219,126.972,164.973,379.095,216.659,7026.68,0.589183,0,0.109722
137.75,0.342515,292.401,292.366,291.887,238.668,-0.192137,123.764,162.553,379.095,216.659,7026.68,0.594561,0,0.0406777
138.25,0.338347,292.334,292.358,291.884,238.663,-0.390783,122.093,160.13,379.031,216.604,7026.68,0.589837,0,0.0243155
138.75,0.334173,292.295,292.342,291.865,238.664,-0.52898,120.073,157.702,379.031,216.604,7026.68,0.581441,0,0.175702
139.25,0.329992,292.331,292.335,291.862,238.663,-0.662126,117.83,155.271,379.031,216.604,7026.68,0.598374,0,0.133747
139.75,0.325804,292.274,292.333,291.86,238.659,-0.405066,114.754,152.836,379.031,216.604,7026.68,0.589314,0,0.034306
140.25,0.32161,292.335,292.314,291.843,238.656,-0.64985,113.506,150.397,378.855,216.516,7026.68,0.600977,0,0.0890036
140.75,0.31741,292.26,292.304,291.84,238.653,-0.824131,111.594,147.955,378.855,216.516,7026.68,0.596638,0,0.0361387
141.25,0.313203,292.196,292.293,291.83,238.652,-0.925316,109.29,145.508,378.855,216.516,7026.68,0.589938,0,0.147305
141.75,0.30899,292.183,292.296,291.827,238.658,-0.657427,105.78,143.059,378.855,216.516,7026.68,0.584048,0,0.339366
142.25,0.304771,292.205,292.297,291.823,238.653,-0.652242,103.196,140.606,378.566,216.494,7026.68,0.582323,0,0.0243716
142.75,0.300547,292.355,292.279,291.803,238.651,-0.750716,102.076,138.149,378.566,216.494,7026.68,0.616471,0,0.0858845
143.25,0.296316,292.286,292.264,291.8,238.647,-1.01359,100.816,135.689,378.566,216.494,7026.68,0.615812,0,0.0238835
143.75,0.29208,292.189,292.239,291.788,238.645,-1.35213,99.3905,133.225,378.566,216.494,7026.68,0.611237,0,0.113196
144.25,0.287837,292.189,292.235,291.783,238.641,-1.56422,96.2121,130.759,378.408,216.432,7026.68,0.625627,0,0.0232005
144.75,0.283589,292.197,292.233,291.778,238.637,-1.36182,92.8278,128.288,378.408,216.432,7026.68,0.638795,0,0.0249159
145.25,0.279336,292.021,292.197,291.763,238.637,-2.10411,94.4407,125.815,378.408,216.432,7026.68,0.606107,0,0.147748
145.75,0.275077,292.079,292.196,291.758,238.642,-1.96624,89.6142,123.339,378.408,216.432,7026.68,0.639826,0,0.321416
146.25,0.270813,292.16,292.199,291.752,238.651,-1.39521,84.7775,120.859,378.089,216.41,5273.21,0.669311,0,0.438599
146.75,0.266543,292.245,292.21,291.746,238.646,-0.762387,80.4318,118.376,378.089,216.41,7026.68,0.693142,0,0.0251022
147.25,0.262268,291.883,292.172,291.735,238.644,-1.9684,86.2619,115.89,378.089,216.41,7026.68,0.590855,0,0.103682
147.75,0.257988,291.999,292.175,291.729,238.639,-1.62039,79.947,113.401,378.089,216.41,7026.68,0.636837,0,0.00730604
148.25,0.253703,291.956,292.159,291.723,238.634,-1.76111,77.7078,110.91,377.732,216.388,7026.68,0.649405,0,0.0071923
148.75,0.249413,291.973,292.143,291.714,238.632,-1.98138,74.9444,108.454,377.732,216.388,7026.68,0.67391,0,0.0906641
149.25,0.245118,292,292.134,291.708,238.628,-1.72871,71.7376,106.241,377.732,216.388,7026.68,0.693052,0,0.00693827
149.75,0.240818,292.025,292.128,291.701,238.623,-1.52415,69.0327,104.025,377.732,216.388,7026.68,0.709541,0,0.00680358
150.25,0.236513,292.031,292.122,291.687,238.621,-1.52375,67.1185,101.808,377.63,216.333,7026.68,0.722814,0,0.088717
150.75,0.232204,292.038,292.117,291.681,238.621,-1.30146,64.3312,99.5874,377.63,216.333,7026.68,0.733971,0,0.127174
151.25,0.22789,292.051,292.111,291.671,238.616,-1.35069,62.4306,97.3648,377.63,216.333,7026.68,0.745234,0,0.00648323
151.75,0.223572,292.044,292.103,291.648,238.613,-1.30928,60.3322,95.1399,377.63,216.333,7026.68,0.74714,0,0.0333436
152.25,0.219249,291.931,292.051,291.628,238.611,-2.6818,71.2615,92.9127,377.466,216.275,7026.68,0.640684,0,0.0937004
152.75,0.214922,291.935,292.029,291.622,238.618,-2.69821,64.3247,90.6833,377.466,216.275,7026.68,0.669917,0,0.341227
153.25,0.210591,291.951,292.017,291.615,238.626,-2.26647,59.4624,88.4517,377.466,216.275,5273.21,0.690149,0,0.419305
153.75,0.206256,291.959,292.008,291.599,238.621,-1.98592,56.0374,86.218,377.466,216.275,5273.21,0.70542,0,0.00943005
154.25,0.201916,291.942,291.996,291.579,238.617,-1.98544,53.2418,83.9822,376.659,216.339,5273.21,0.715496,0,0.0287808
154.75,0.197573,291.919,291.982,291.568,238.613,-2.04162,51.3511,81.7444,376.659,216.339,5273.21,0.723775,0,0.0299238
155.25,0.193226,291.889,291.966,291.557,238.609,-2.14852,49.6697,79.5045,376.659,216.339,7026.68,0.731356,0,0.0313016
155.75,0.188875,291.854,291.947,291.547,238.606,-2.28447,48.0705,77.2628,376.659,216.339,7026.68,0.73838,0,0.0327077
156.25,0.18452,291.81,291.923,291.538,238.602,-2.44976,46.5019,75.0191,376.415,216.228,7026.68,0.7449,0,0.0338751
156.75,0.180162,291.804,291.906,291.528,238.599,-2.28698,43.1326,72.7735,376.415,216.228,7026.68,0.751475,0,0.0318407
157.25,0.1758,291.768,291.885,291.518,238.595,-2.3934,41.8333,70.5261,376.415,216.228,7026.68,0.756467,0,0.0310027
157.75,0.171434,291.721,291.861,291.508,238.592,-2.59144,40.6887,68.2769,376.415,216.228,7026.68,0.76115,0,0.0308622
158.25,0.167066,291.666,291.832,291.497,238.588,-2.79543,39.5301,66.222,376.11,216.112,7026.68,0.765705,0,0.0311726
158.75,0.162694,291.612,291.801,291.486,238.586,-2.98605,38.4484,64.2615,376.11,216.112,7026.68,0.77003,0,0.0489696
159.25,0.158318,291.558,291.77,291.474,238.598,-3.18158,37.4037,62.2996,376.11,216.112,4016.82,0.774145,0,0.532074
159.75,0.15394,291.536,291.745,291.454,238.603,-3.07179,34.6672,60.3362,376.11,216.112,5273.21,0.775847,0,0.320537
160.25,0.149559,291.459,291.709,291.433,238.598,-3.33694,33.917,58.3715,375.053,216.135,5273.21,0.777282,0,0.00804515
160.75,0.145174,291.387,291.671,291.412,238.594,-3.59326,33.2863,56.4055,375.053,216.135,5273.21,0.778272,0,0.00807513
161.25,0.140787,291.311,291.631,291.391,238.589,-3.86578,32.7127,54.4382,375.053,216.135,5273.21,0.778986,0,0.00800041
161.75,0.136397,291.231,291.588,291.369,238.585,-4.15017,32.1693,52.4696,375.053,216.135,5273.21,0.779543,0,0.00800066
162.25,0.132005,291.135,291.538,291.348,238.58,-4.32307,31.5143,50.4999,374.542,215.91,5273.21,0.780137,0,0.0080463
162.75,0.12761,291.044,291.487,291.327,238.576,-4.62065,30.9553,48.529,374.542,215.91,5273.21,0.780651,0,0.00795641
163.25,0.123212,290.952,291.435,291.305,238.572,-4.91829,30.4158,46.5569,374.542,215.91,5273.21,0.781144,0,0.00795313
163.75,0.118812,290.858,291.381,291.284,238.568,-5.21661,29.8798,44.5838,374.542,215.91,5273.21,0.781826,0,0.00813554
164.25,0.114409,290.748,291.32,291.261,238.565,-5.39515,29.1693,42.6097,373.894,215.664,5273.21,0.782946,0,0.0355461
164.75,0.110005,290.647,291.26,291.238,238.561,-5.68641,28.5242,40.6345,373.894,215.664,5273.21,0.784348,0,0.0127966
165.25,0.105598,290.548,291.2,291.216,238.558,-5.9646,27.8592,38.6583,373.894,215.664,5273.21,0.786031,0,0.0424477
165.75,0.101189,290.45,291.139,291.196,238.555,-6.23276,27.1647,36.6813,373.894,215.664,5273.21,0.787933,0,0.0310419
166.25,0.0967781,290.337,291.072,291.176,238.552,-6.37541,26.3077,34.8982,373.086,215.432,5273.21,0.790116,0,0.0454782
166.75,0.0923653,290.239,291.007,291.155,238.549,-6.59389,25.5758,33.1863,373.086,215.432,5273.21,0.79235,0,0.0338422
167.25,0.0879506,290.144,290.943,291.133,238.546,-6.79942,24.8667,31.4738,373.086,215.432,5273.21,0.794648,0,0.0438993
167.75,0.0835343,290.052,290.88,291.111,238.543,-6.99838,24.1626,29.7605,373.086,215.432,5273.21,0.796987,0,0.0356265
168.25,0.0791163,289.939,290.811,291.087,238.541,-7.15483,23.2943,28.0466,372.205,215.215,5273.21,0.799462,0,0.0415386
168.75,0.0746968,289.841,290.744,291.062,238.538,-7.36017,22.5515,26.3321,372.205,215.215,5273.21,0.801888,0,0.0350038
169.25,0.0702757,289.745,290.678,291.037,238.535,-7.55727,21.8401,24.6171,372.205,215.215,5273.21,0.804299,0,0.0394778
169.75,0.0658533,289.65,290.611,291.011,238.532,-7.75135,21.1423,22.9015,372.205,215.215,5273.21,0.80669,0,0.0350581
170.25,0.0614296,289.534,290.54,290.983,238.545,-7.92254,20.2869,21.1854,371.287,214.998,490.937,0.809174,0,0.533361
170.75,0.0570047,289.433,290.47,290.955,238.55,-8.12881,19.5615,19.4688,371.287,214.998,339.934,0.811566,0,0.305574
171.25,0.0525787,289.334,290.4,290.926,238.546,-8.32795,18.8727,17.7519,371.287,214.998,339.934,0.813907,0,0.00758916
171.75,0.0481517,289.237,290.331,290.896,238.541,-8.51301,18.2129,16.1129,371.287,214.998,339.934,0.816189,0,0.00752867
172.25,0.0437237,289.109,290.254,290.864,238.537,-8.75995,17.3323,14.5829,369.725,214.891,339.934,0.818574,0,0.00741653
172.75,0.0392948,289.005,290.18,290.832,238.533,-8.9488,16.6506,13.0527,369.725,214.891,339.934,0.820803,0,0.00743197
173.25,0.0348652,288.905,290.108,290.799,238.528,-9.12382,16.0268,11.5221,369.725,214.891,226.649,0.822953,0,0.00736109
173.75,0.0304349,288.807,290.036,290.766,238.524,-9.2942,15.4285,9.99139,369.725,214.891,226.649,0.825033,0,0.0073514
174.25,0.026004,288.688,289.958,290.731,238.52,-9.45325,14.6815,8.46043,368.762,214.625,226.649,0.827175,0,0.00741009
174.75,0.0215725,288.583,289.883,290.696,238.516,-9.63683,14.0689,6.9293,368.762,214.625,226.649,0.829189,0,0.00731644
175.25,0.0171407,288.483,289.808,290.661,238.512,-9.80107,13.5073,5.47299,368.762,214.625,226.649,0.831128,0,0.00731343
175.75,0.0127085,288.386,289.735,290.624,238.509,-9.95523,12.9739,4.0578,368.762,214.625,226.649,0.833005,0,0.0167252
176.25,0.00827608,288.266,289.656,290.587,238.505,-10.1236,12.2951,2.64253,367.773,214.373,226.649,0.83495,0,0.0203798
176.75,0.00384348,288.163,289.579,290.549,238.502,-10.2919,11.7451,1.22722,367.773,214.373,226.649,0.836785,0,0.0168275
177.25,0,288.066,289.504,290.511,238.499,-10.4255,11.2588,0,367.773,214.373,226.649,0.838555,0,0.019225
177.75,0,287.996,289.435,290.472,238.495,-10.3826,10.9633,0,367.773,214.373,226.649,0.840194,0,0.0164738
178.25,0,287.914,289.365,290.433,238.492,-10.3763,10.5769,0,366.759,214.149,226.649,0.841872,0,0.0248586
178.75,0,287.852,289.3,290.393,238.489,-10.3128,10.3289,0,366.759,214.149,226.649,0.843439,0,0.0278464
179.25,0,287.797,289.238,290.352,238.487,-10.2327,10.1263,0,366.759,214.149,226.649,0.844955,0,0.0300597
179.75,0,287.746,289.18,290.312,238.484,-10.1447,9.94491,0,366.759,214.149,226.649,0.846431,0,0.0291278
180.25,0,287.68,289.12,290.271,238.482,-10.2212,9.66134,0,365.826,213.999,226.649,0.847901,0,0.0299373
180.75,0,287.63,289.064,290.231,238.479,-10.1485,9.47028,0,365.826,213.999,226.649,0.849301,0,0.0289206
181.25,0,287.584,289.01,290.19,238.477,-10.0644,9.30925,0,365.826,213.999,226.649,0.850674,0,0.0292031
181.75,0,287.541,288.958,290.15,238.474,-9.97542,9.16078,0,365.826,213.999,226.649,0.852023,0,0.02833
182.25,0,287.484,288.905,290.109,238.472,-10.0497,8.91974,0,364.985,213.875,226.649,0.853373,0,0.0276735
182.75,0,287.44,288.855,290.069,238.47,-9.97699,8.75614,0,364.985,213.875,226.649,0.854667,0,0.0266451
183.25,0,287.4,288.806,290.029,238.467,-9.89487,8.617,0,364.985,213.875,226.649,0.85594,0,0.0264281
183.75,0,287.362,288.759,289.989,238.465,-9.80883,8.48741,0,364.985,213.875,226.649,0.857196,0,0.0257729
184.25,0,287.31,288.711,289.949,238.463,-9.87725,8.27353,0,364.216,213.764,226.649,0.858456,0,0.025606
184.75,0,287.271,288.665,289.91,238.461,-9.80675,8.12798,0,364.216,213.764,226.649,0.859668,0,0.0250748
185.25,0,287.235,288.62,289.87,238.459,-9.72788,8.00372,0,364.216,213.764,226.649,0.860862,0,0.0248392
185.75,0,287.2,288.577,289.831,238.457,-9.64564,7.88748,0,364.216,213.764,226.649,0.862041,0,0.0243819
186.25,0,287.153,288.533,289.793,238.455,-9.70935,7.69337,0,363.501,213.664,226.649,0.863227,0,0.0241545
186.75,0,287.117,288.49,289.755,238.453,-9.64174,7.56134,0,363.501,213.664,226.649,0.864368,0,0.0237467
187.25,0,287.084,288.449,289.716,238.451,-9.56649,7.44852,0,363.501,213.664,226.649,0.865493,0,0.0234751
187.75,0,287.052,288.409,289.679,238.449,-9.48821,7.34277,0,363.501,213.664,226.649,0.866605,0,0.023106
188.25,0,287.008,288.367,289.641,238.447,-9.54792,7.16446,0,362.832,213.572,226.649,0.867724,0,0.0228616
188.75,0,286.975,288.327,289.604,238.445,-9.48339,7.04344,0,362.832,213.572,226.649,0.868802,0,0.0225225
189.25,0,286.944,288.289,289.567,238.444,-9.41175,6.94008,0,362.832,213.572,226.649,0.869865,0,0.0222495
189.75,0,286.915,288.251,289.531,238.442,-9.33733,6.84312,0,362.832,213.572,226.649,0.870915,0,0.0219366
190.25,0,286.874,288.212,289.494,238.44,-9.39365,6.67808,0,362.201,213.486,226.649,0.871974,0,0.0216865
190.75,0,286.843,288.175,289.459,238.438,-9.33217,6.56643,0,362.201,213.486,226.649,0.872993,0,0.0202892
191.25,0,286.814,288.139,289.423,238.437,-9.26401,6.4712,0,362.201,213.486,226.649,0.873999,0,0.0218289
191.75,0,286.786,288.104,289.387,238.435,-9.19325,6.38184,0,362.201,213.486,226.649,0.874993,0,0.0198696
192.25,0,286.748,288.067,289.352,238.433,-9.2465,6.22839,0,361.604,213.406,226.649,0.875996,0,0.0192256
192.75,0,286.719,288.032,289.318,238.432,-9.18793,6.12497,0,361.604,213.406,226.649,0.876962,0,0.0188367
193.25,0,286.692,287.997,289.283,238.43,-9.12305,6.03689,0,361.604,213.406,226.649,0.877915,0,0.0227441
193.75,0,286.666,287.964,289.249,238.429,-9.0557,5.95426,0,361.604,213.406,226.649,0.878856,0,0.00951023
194.25,0,286.629,287.929,289.215,238.427,-9.10606,5.8112,0,361.038,213.328,226.649,0.879808,0,0.0271375
194.75,0,286.602,287.896,289.181,238.425,-9.0502,5.71512,0,361.038,213.328,226.649,0.880724,0,0.00766
195.25,0,286.576,287.863,289.148,238.424,-8.98836,5.63343,0,361.038,213.328,226.649,0.881628,0,0.0293155
195.75,0,286.551,287.832,289.115,238.423,-8.92418,5.55682,0,361.038,213.328,226.649,0.882521,0,0.00729736
196.25,0,286.517,287.799,289.082,238.421,-8.97301,5.42224,0,360.495,213.256,226.649,0.883426,0,0.0285246
196.75,0,286.49,287.767,289.05,238.42,-8.9198,5.3325,0,360.495,213.256,226.649,0.884296,0,0.00974966
197.25,0,286.466,287.736,289.017,238.419,-8.86082,5.25646,0,360.495,213.256,226.649,0.885155,0,0.0277587
197.75,0,286.442,287.705,288.985,238.417,-8.79959,5.1852,0,360.495,213.256,226.649,0.886003,0,0.0091227
198.25,0,286.409,287.674,288.953,238.416,-8.84678,5.05827,0,359.971,213.189,226.649,0.886865,0,0.0272231
198.75,0,286.384,287.644,288.922,238.414,-8.79601,4.97425,0,359.971,213.189,226.649,0.887692,0,0.00857649
199.25,0,286.361,287.614,288.89,238.413,-8.73969,4.9033,0,359.971,213.189,226.649,0.888509,0,0.0267028
199.75,0,286.338,287.585,288.859,238.412,-8.68117,4.83686,0,359.971,213.189,226.649,0.889317,0,0.00808513
200.25,0,286.306,287.555,288.828,238.411,-8.72648,4.71718,0,359.469,213.124,226.649,0.890137,0,0.026209
200.75,0,286.282,287.526,288.798,238.409,-8.67793,4.63843,0,359.469,213.124,226.649,0.890926,0,0.00764699
201.25,0,286.26,287.497,288.767,238.408,-8.62402,4.57212,0,359.469,213.124,226.649,0.891704,0,0.0256925
201.75,0,286.238,287.469,288.737,238.407,-8.568,4.51009,0,359.469,213.124,226.649,0.892473,0,0.00724298
202.25,0,286.208,287.44,288.707,238.406,-8.6117,4.39697,0,358.986,213.062,226.649,0.893256,0,0.025199
202.75,0,286.185,287.412,288.678,238.405,-8.5652,4.32301,0,358.986,213.062,226.649,0.894008,0,0.00687652
203.25,0,286.163,287.385,288.648,238.404,-8.51353,4.26093,0,358.986,213.062,226.649,0.89475,0,0.0245606
203.75,0,286.142,287.358,288.619,238.402,-8.45981,4.20291,0,358.986,213.062,226.649,0.895484,0,0.0065323
204.25,0,286.113,287.33,288.59,238.401,-8.50204,4.09578,0,358.52,213.002,226.649,0.896232,0,0.0213427
204.75,0,286.091,287.303,288.561,238.4,-8.45744,4.02619,0,358.52,213.002,226.649,0.89695,0,0.00621656
205.25,0,286.07,287.277,288.532,238.399,-8.40784,3.96798,0,358.52,213.002,226.649,0.897658,0,0.0259335
205.75,0,286.05,287.251,288.504,238.398,-8.35624,3.91362,0,358.52,213.002,226.649,0.898359,0,0.00591608
206.25,0,286.021,287.224,288.476,238.396,-8.3971,3.81198,0,358.07,212.945,226.649,0.899074,0,0.00995703
206.75,0,286,287.198,288.447,238.396,-8.35426,3.7464,0,358.07,212.945,226.649,0.899761,0,0.0229002
207.25,0,285.98,287.172,288.42,238.394,-8.30657,3.69172,0,358.07,212.945,226.649,0.900439,0,0.00546156
207.75,0,285.96,287.148,288.392,238.393,-8.25694,3.64072,0,358.07,212.945,226.649,0.901109,0,0.0111034
208.25,0,285.933,287.121,288.364,238.392,-8.29566,3.54478,0,357.641,212.888,226.649,0.901793,0,0.0203719
208.75,0,285.912,287.096,288.337,238.391,-8.25435,3.48308,0,357.641,212.888,226.649,0.90245,0,0.00512562
209.25,0,285.892,287.072,288.31,238.39,-8.20838,3.43173,0,357.641,212.888,226.649,0.903099,0,0.0186228
209.75,0,285.874,287.048,288.283,238.389,-8.16055,3.38386,0,357.641,212.888,226.649,0.903741,0,0.00488709
210.25,0,285.847,287.022,288.256,238.388,-8.19854,3.29239,0,357.223,212.834,226.649,0.904397,0,0.0181632
210.75,0,285.827,286.998,288.23,238.387,-8.15877,3.23403,0,357.223,212.834,226.649,0.905027,0,0.0046661
211.25,0,285.808,286.974,288.203,238.386,-8.11448,3.18565,0,357.223,212.834,226.649,0.905648,0,0.017683
211.75,0,285.79,286.951,288.177,238.385,-8.06835,3.14061,0,357.223,212.834,226.649,0.906263,0,0.00445122
212.25,0,285.764,286.926,288.151,238.384,-8.10512,3.05347,0,356.819,212.78,226.649,0.906893,0,0.0172494
212.75,0,285.745,286.903,288.125,238.382,-8.06675,2.99824,0,356.819,212.78,226.649,0.907498,0,0.00425218
213.25,0,285.726,286.88,288.099,238.382,-8.02399,2.95262,0,356.819,212.78,226.649,0.908094,0,0.0168025
213.75,0,285.709,286.857,288.073,238.38,-7.97944,2.91019,0,356.819,212.78,226.649,0.908685,0,0.00405784
214.25,0,285.684,286.833,288.048,238.38,-8.01525,2.82698,0,356.427,212.729,226.649,0.90929,2.58152e-07,0.0164018
214.75,0,285.665,286.81,288.023,238.378,-7.97821,2.77461,0,356.427,212.729,226.649,0.90987,4.97902e-07,0.00387807
215.25,0,285.647,286.788,287.997,238.378,-7.93688,2.73151,0,356.427,212.729,226.649,0.910444,7.52016e-07,0.0159861
215.75,0,285.629,286.766,287.972,238.377,-7.89381,2.69148,0,356.427,212.729,226.649,0.911011,9.95257e-07,0.00370189
216.25,0,285.607,286.743,287.947,238.376,-7.92563,2.60238,0,356.046,212.679,226.649,0.911576,1.00879e-05,0.00930984
216.75,0,285.588,286.72,287.923,238.375,-7.88947,2.55437,0,356.046,212.679,226.649,0.912126,1.11284e-05,0.00646309
217.25,0,285.571,286.698,287.898,238.374,-7.84925,2.51372,0,356.046,212.679,226.649,0.912671,1.22575e-05,0.0184531
217.75,0,285.555,286.677,287.874,238.373,-7.80734,2.47584,0,356.046,212.679,226.649,0.91321,1.33412e-05,0.0033793
218.25,0,285.532,286.655,287.849,238.372,-7.8388,2.38744,0,355.675,212.631,226.649,0.91374,2.69882e-05,0.00559467
218.75,0,285.514,286.633,287.825,238.371,-7.80396,2.34289,0,355.675,212.631,226.649,0.914261,2.85401e-05,0.00877136
219.25,0,285.498,286.612,287.801,238.37,-7.765,2.30472,0,355.675,212.631,226.649,0.914778,3.02518e-05,0.00558968
219.75,0,285.481,286.591,287.777,238.369,-7.72271,2.26517,0,355.675,212.631,226.649,0.915284,3.48122e-05,0.021084
220.25,0,285.46,286.569,287.754,238.368,-7.75392,2.18273,0,355.312,212.585,226.649,0.915789,4.8697e-05,0.00305083
220.75,0,285.442,286.548,287.73,238.367,-7.72026,2.14036,0,355.312,212.585,226.649,0.916286,5.0632e-05,0.00295226
221.25,0,285.426,286.528,287.707,238.366,-7.68122,2.10121,0,355.312,212.585,226.649,0.916772,5.50508e-05,0.00848046
221.75,0,285.41,286.508,287.683,238.365,-7.6418,2.06803,0,355.312,212.585,226.649,0.917259,5.75399e-05,0.00467837
222.25,0,285.389,286.487,287.66,238.364,-7.66944,1.98834,0,354.97,212.537,226.649,0.917728,7.33441e-05,0.00784968
222.75,0,285.372,286.466,287.637,238.363,-7.63752,1.94962,0,354.97,212.537,226.649,0.918189,7.54613e-05,0.00473622
223.25,0,285.356,286.446,287.614,238.362,-7.60066,1.91401,0,354.97,212.537,226.649,0.918653,7.97799e-05,0.00726836
223.75,0,285.341,286.427,287.591,238.361,-7.56249,1.88296,0,354.97,212.537,226.649,0.919111,8.2455e-05,0.00473653
224.25,0,285.32,286.406,287.569,238.361,-7.58979,1.8054,0,354.634,212.492,226.649,0.919542,0.000100061,0.00678956
224.75,0,285.303,286.387,287.546,238.36,-7.56063,1.77066,0,354.634,212.492,226.649,0.919985,0.000101759,0.00470932
225.25,0,285.288,286.367,287.524,238.359,-7.52468,1.73711,0,354.634,212.492,226.649,0.920424,0.000106076,0.00633082
225.75,0,285.273,286.348,287.501,238.358,-7.48855,1.70871,0,354.634,212.492,226.649,0.920866,0.000108504,0.00464172
226.25,0,285.252,286.328,287.479,238.357,-7.51596,1.63483,0,354.306,212.448,226.649,0.921301,0.000126281,0.00595222
226.75,0,285.236,286.309,287.457,238.356,-7.48581,1.60047,0,354.306,212.448,226.649,0.921734,0.000128391,0.00455751
227.25,0,285.221,286.29,287.435,238.355,-7.45191,1.57105,0,354.306,212.448,226.649,0.922163,0.000130783,0.0055828
227.75,0,285.206,286.271,287.413,238.354,-7.41522,1.54117,0,354.306,212.448,226.649,0.922588,0.000135099,0.00445035
228.25,0,285.187,286.251,287.392,238.354,-7.44181,1.46914,0,353.987,212.404,226.649,0.922992,0.000154312,0.00528412
228.75,0,285.171,286.232,287.37,238.353,-7.41353,1.43766,0,353.987,212.404,226.649,0.923398,0.000156426,0.00434171
229.25,0,285.156,286.214,287.348,238.352,-7.38117,1.41046,0,353.987,212.404,226.649,0.923803,0.0001589,0.00498076
229.75,0,285.142,286.196,287.327,238.351,-7.34729,1.38515,0,353.987,212.404,226.649,0.924207,0.000161259,0.00421595
230.25,0,285.122,286.177,287.306,238.35,-7.37199,1.31329,0,353.675,212.362,226.649,0.924597,0.000182911,0.00473745
230.75,0,285.107,286.158,287.285,238.349,-7.34455,1.28391,0,353.675,212.362,226.649,0.924993,0.000184828,0.00408913
231.25,0,285.092,286.14,287.264,238.348,-7.31305,1.25831,0,353.675,212.362,226.649,0.925389,0.000187181,0.00447929
231.75,0,285.078,286.122,287.243,238.348,-7.27999,1.23438,0,353.675,212.362,226.649,0.925785,0.000189442,0.00395254
232.25,0,285.059,286.103,287.222,238.347,-7.30445,1.16497,0,353.37,212.32,226.649,0.926169,0.000211075,0.00427614
232.75,0,285.044,286.085,287.201,238.346,-7.27703,1.13639,0,353.37,212.32,226.649,0.926554,0.000213302,0.00381998
233.25,0,285.029,286.068,287.18,238.345,-7.24598,1.11178,0,353.37,212.32,226.649,0.926939,0.000215907,0.00405327
233.75,0,285.016,286.05,287.16,238.344,-7.21349,1.08888,0,353.37,212.32,226.649,0.927322,0.000218385,0.003682
234.25,0,284.997,286.032,287.14,238.344,-7.23769,1.02174,0,353.071,212.28,226.649,0.927689,0.000240059,0.00388361
234.75,0,284.982,286.014,287.119,238.343,-7.21131,0.994848,0,353.071,212.28,226.649,0.928056,0.000242357,0.00355306
235.25,0,284.968,285.997,287.099,238.342,-7.18136,0.971791,0,353.071,212.28,226.649,0.928423,0.000245019,0.00368939
235.75,0,284.954,285.979,287.079,238.341,-7.15,0.950406,0,353.071,212.28,226.649,0.928789,0.000247533,0.00341985
236.25,0,284.936,285.962,287.059,238.34,-7.17458,0.887158,0,352.779,212.24,226.649,0.92914,0.000268491,0.00354657
236.75,0,284.921,285.944,287.039,238.34,-7.14941,0.861925,0,352.779,212.24,226.649,0.929495,0.000270426,0.00329673
237.25,0,284.908,285.927,287.019,238.339,-7.11913,0.838166,0,352.779,212.24,226.649,0.929851,0.000274345,0.003372
237.75,0,284.894,285.91,286.999,238.338,-7.0885,0.818079,0,352.779,212.24,226.649,0.930206,0.000276844,0.00316778
238.25,0,284.876,285.893,286.979,238.337,-7.11299,0.757115,0,352.493,212.2,226.649,0.930555,0.000298103,0.00324706
238.75,0,284.862,285.876,286.96,238.336,-7.08788,0.732636,0,352.493,212.2,226.649,0.930903,0.000300185,0.00304943
239.25,0,284.849,285.859,286.94,238.336,-7.05934,0.711824,0,352.493,212.2,226.649,0.931252,0.000302612,0.00309027
239.75,0,284.836,285.842,286.921,238.335,-7.02941,0.692552,0,352.493,212.2,226.649,0.931599,0.000304896,0.00292881
240.25,0,284.818,285.825,286.902,238.334,-7.05217,0.630648,0,352.211,212.162,226.649,0.931936,0.000328117,0.00298094
240.75,0,284.804,285.809,286.882,238.333,-7.0275,0.60727,0,352.211,212.162,226.649,0.932274,0.000330394,0.00281754
241.25,0,284.79,285.792,286.863,238.333,-6.99954,0.58744,0,352.211,212.162,226.649,0.932611,0.000332951,0.00283872
241.75,0,284.778,285.776,286.844,238.332,-6.97038,0.569236,0,352.211,212.162,226.649,0.932946,0.000335299,0.00270594
242.25,0,284.76,285.759,286.825,238.331,-6.99424,0.511365,0,351.934,212.124,226.649,0.933269,0.000356809,0.00274599
242.75,0,284.746,285.743,286.806,238.33,-6.96951,0.48754,0,351.934,212.124,226.649,0.933595,0.000360136,0.00260426
243.25,0,284.733,285.726,286.788,238.33,-6.94219,0.468788,0,351.934,212.124,226.649,0.93392,0.000362802,0.00261495
243.75,0,284.721,285.711,286.769,238.329,-6.91366,0.451508,0,351.934,212.124,226.649,0.934245,0.00036529,0.00250075
244.25,0,284.703,285.694,286.75,238.328,-6.93657,0.394763,0,351.663,212.087,226.649,0.934558,0.000387718,0.00253326
244.75,0,284.69,285.678,286.732,238.327,-6.91341,0.373661,0,351.663,212.087,226.649,0.934874,0.000389877,0.00240799
245.25,0,284.677,285.662,286.713,238.327,-6.8872,0.356133,0,351.663,212.087,226.649,0.935191,0.000392134,0.00241381
245.75,0,284.665,285.646,286.695,238.326,-6.85954,0.339902,0,351.663,212.087,226.649,0.935508,0.000394244,0.00231213
246.25,0,284.648,285.63,286.676,238.325,-6.88111,0.283031,0,351.396,212.05,226.649,0.935816,0.000417838,0.00234062
246.75,0,284.634,285.614,286.658,238.324,-6.85832,0.262888,0,351.396,212.05,226.649,0.936126,0.000420038,0.00222533
247.25,0,284.622,285.599,286.64,238.324,-6.83229,0.245888,0,351.396,212.05,226.649,0.936435,0.000422546,0.00222991
247.75,0,284.61,285.583,286.622,238.323,-6.80496,0.230243,0,351.396,212.05,226.649,0.936745,0.000424869,0.002137
248.25,0,284.593,285.567,286.604,238.322,-6.82743,0.176586,0,351.134,212.014,226.649,0.937046,0.00044713,0.00216647
248.75,0,284.58,285.551,286.586,238.322,-6.8051,0.157085,0,351.134,212.014,226.649,0.937349,0.000449211,0.00205841
249.25,0,284.567,285.536,286.568,238.321,-6.77967,0.140851,0,351.134,212.014,226.649,0.93765,0.000451501,0.00206407
249.75,0,284.555,285.521,286.55,238.32,-6.75167,0.124068,0,351.134,212.014,226.649,0.937951,0.000455236,0.00197654
250.25,0,284.539,285.505,286.532,238.319,-6.77363,0.0716783,0,350.876,211.978,226.649,0.938242,0.000478104,0.00200814
250.75,0,284.526,285.49,286.515,238.319,-6.75444,0.0678891,0,350.876,211.978,226.649,0.938532,0.00056111,0.00191227
251.25,0,284.514,285.475,286.497,238.318,-6.73258,0.0494054,0,350.876,211.978,226.649,0.938825,0.000564652,0.00191971
251.75,0,284.502,285.46,286.479,238.317,-6.70808,0.0333298,0,350.876,211.978,226.649,0.939118,0.00056711,0.00183786
252.25,0,284.486,285.444,286.462,238.317,-6.73058,-0.0194408,0,350.622,211.943,226.649,0.939403,0.000590844,0.00187129
252.75,0,284.473,285.429,286.445,238.316,-6.70991,-0.0383822,0,350.622,211.943,226.649,0.939689,0.000592199,0.00177238
253.25,0,284.46,285.414,286.427,238.315,-6.68595,-0.0539701,0,350.622,211.943,226.649,0.939975,0.000594156,0.0017823
253.75,0,284.449,285.4,286.41,238.314,-6.66063,-0.0681127,0,350.622,211.943,226.649,0.940261,0.000595923,0.00170411
254.25,0,284.433,285.384,286.393,238.314,-6.68198,-0.118803,0,350.372,211.908,226.649,0.940539,0.000618769,0.0017408
254.75,0,284.42,285.369,286.376,238.313,-6.66005,-0.138138,0,350.372,211.908,226.649,0.940818,0.000621197,0.00164385
255.25,0,284.408,285.355,286.358,238.312,-6.63608,-0.152583,0,350.372,211.908,226.649,0.941097,0.000623083,0.00165675
255.75,0,284.397,285.34,286.341,238.312,-6.61097,-0.165696,0,350.372,211.908,226.649,0.941376,0.000624794,0.00158155
256.25,0,284.381,285.325,286.325,238.311,-6.63192,-0.215035,0,350.125,211.874,226.649,0.941646,0.000648064,0.00162119
256.75,0,284.368,285.31,286.308,238.31,-6.61148,-0.23169,0,350.125,211.874,226.649,0.941918,0.000649082,0.00152794
257.25,0,284.357,285.296,286.291,238.31,-6.588,-0.245331,0,350.125,211.874,226.649,0.94219,0.000650744,0.00154369
257.75,0,284.345,285.282,286.274,238.309,-6.56332,-0.257715,0,350.125,211.874,226.649,0.942461,0.00065225,0.00147091
258.25,0,284.33,285.267,286.257,238.308,-6.58402,-0.305734,0,349.882,211.84,226.649,0.942725,0.000674953,0.00151334
258.75,0,284.317,285.252,286.241,238.308,-6.56392,-0.321658,0,349.882,211.84,226.649,0.94299,0.000675795,0.00142224
259.25,0,284.306,285.238,286.224,238.307,-6.53982,-0.33613,0,349.882,211.84,226.649,0.943256,0.00067849,0.0014396
259.75,0,284.295,285.224,286.208,238.306,-6.51535,-0.347917,0,349.882,211.84,226.649,0.943522,0.000680102,0.00136886
260.25,0,284.279,285.21,286.191,238.306,-6.53549,-0.395026,0,349.642,211.807,226.649,0.943779,0.000703342,0.00141371
260.75,0,284.267,285.195,286.175,238.305,-6.5156,-0.410366,0,349.642,211.807,226.649,0.944038,0.000704399,0.00132441
261.25,0,284.256,285.181,286.158,238.304,-6.4928,-0.422817,0,349.642,211.807,226.649,0.944298,0.000706051,0.00134527
261.75,0,284.245,285.167,286.142,238.304,-6.46884,-0.434076,0,349.642,211.807,226.649,0.944557,0.000707533,0.00127637
262.25,0,284.23,285.153,286.126,238.303,-6.48906,-0.479807,0,349.406,211.774,226.649,0.94481,0.000730071,0.0013237
262.75,0,284.218,285.139,286.11,238.302,-6.46967,-0.494433,0,349.406,211.774,226.649,0.945064,0.000730872,0.0012361
263.25,0,284.206,285.125,286.093,238.302,-6.44738,-0.506243,0,349.406,211.774,226.649,0.945318,0.000732277,0.0012593
263.75,0,284.195,285.112,286.077,238.301,-6.42393,-0.516895,0,349.406,211.774,226.649,0.945573,0.000733525,0.00119207
264.25,0,284.181,285.097,286.061,238.3,-6.44266,-0.563373,0,349.173,211.741,226.649,0.94582,0.000757436,0.00124071
264.75,0,284.169,285.083,286.045,238.3,-6.42344,-0.577445,0,349.173,211.741,226.649,0.946068,0.00075845,0.00115457
265.25,0,284.158,285.07,286.03,238.299,-6.40139,-0.588792,0,349.173,211.741,226.649,0.946317,0.000760043,0.00117986
265.75,0,284.147,285.056,286.014,238.298,-6.37823,-0.599011,0,349.173,211.741,226.649,0.946566,0.000761461,0.00111408
266.25,0,284.132,285.042,285.998,238.298,-6.39774,-0.643011,0,348.943,211.709,226.649,0.946808,0.000784066,0.00116558
266.75,0,284.121,285.029,285.982,238.297,-6.37889,-0.656665,0,348.943,211.709,226.649,0.947052,0.000785001,0.00108083
267.25,0,284.11,285.015,285.966,238.296,-6.35723,-0.667581,0,348.943,211.709,226.649,0.947295,0.000786473,0.00110809
267.75,0,284.099,285.002,285.951,238.296,-6.33447,-0.677373,0,348.943,211.709,226.649,0.947539,0.000787766,0.00104367
268.25,0,284.084,284.988,285.935,238.295,-6.35378,-0.720444,0,348.716,211.677,226.649,0.947776,0.000809926,0.00109704
268.75,0,284.073,284.975,285.92,238.294,-6.3344,-0.734896,0,348.716,211.677,226.649,0.948014,0.000811695,0.00101289
269.25,0,284.062,284.961,285.904,238.294,-6.31298,-0.745335,0,348.716,211.677,226.649,0.948253,0.000813323,0.00104188
269.75,0,284.052,284.948,285.889,238.293,-6.2905,-0.754715,0,348.716,211.677,226.649,0.948491,0.00081478,0.000978683
270.25,0,284.037,284.935,285.873,238.292,-6.3094,-0.797076,0,348.492,211.646,226.649,0.948723,0.000837415,0.0010336
270.75,0,284.026,284.921,285.858,238.292,-6.2912,-0.809732,0,348.492,211.646,226.649,0.948957,0.000838422,0.000951419
271.25,0,284.015,284.908,285.843,238.291,-6.2703,-0.819709,0,348.492,211.646,226.649,0.94919,0.000839887,0.000982139
271.75,0,284.005,284.895,285.828,238.29,-6.24833,-0.828599,0,348.492,211.646,226.649,0.949424,0.000841152,0.000920237
272.25,0,283.991,284.882,285.812,238.29,-6.26724,-0.869916,0,348.271,211.615,226.649,0.949651,0.000863229,0.000976867
272.75,0,283.98,284.869,285.797,238.289,-6.24942,-0.882086,0,348.271,211.615,226.649,0.949879,0.000864095,0.00089583
273.25,0,283.969,284.856,285.782,238.289,-6.22888,-0.891655,0,348.271,211.615,226.649,0.950108,0.000865433,0.000927983
273.75,0,283.959,284.843,285.767,238.288,-6.20727,-0.900159,0,348.271,211.615,226.649,0.950336,0.000866578,0.000867161
274.25,0,283.945,284.83,285.752,238.287,-6.22505,-0.941997,0,348.052,211.584,226.649,0.950559,0.000889455,0.000924224
274.75,0,283.934,284.817,285.737,238.287,-6.20736,-0.953767,0,348.052,211.584,226.649,0.950783,0.000890578,0.000844173
275.25,0,283.923,284.804,285.722,238.286,-6.18703,-0.962983,0,348.052,211.584,226.649,0.951007,0.000892124,0.00087756
275.75,0,283.913,284.791,285.707,238.285,-6.16567,-0.971159,0,348.052,211.584,226.649,0.951231,0.000893455,0.000817697
276.25,0,283.899,284.778,285.693,238.285,-6.18403,-1.01104,0,347.836,211.554,226.649,0.95145,0.000915573,0.000876689
276.75,0,283.888,284.765,285.678,238.284,-6.16669,-1.02246,0,347.836,211.554,226.649,0.951669,0.000916617,0.000797627
277.25,0,283.878,284.753,285.663,238.284,-6.14672,-1.03134,0,347.836,211.554,226.649,0.951889,0.000918055,0.000832167
277.75,0,283.868,284.74,285.649,238.283,-6.12571,-1.03919,0,347.836,211.554,226.649,0.952109,0.000919277,0.000773245
278.25,0,283.854,284.727,285.634,238.282,-6.1439,-1.07832,0,347.623,211.524,226.649,0.952323,0.000941002,0.000833273
278.75,0,283.844,284.715,285.619,238.282,-6.12685,-1.08936,0,347.623,211.524,226.649,0.952539,0.00094194,0.000755148
279.25,0,283.833,284.702,285.605,238.281,-6.1072,-1.09791,0,347.623,211.524,226.649,0.952755,0.000943267,0.000790715
279.75,0,283.823,284.69,285.59,238.28,-6.08654,-1.1054,0,347.623,211.524,226.649,0.95297,0.000944359,0.000732689
280.25,0,283.81,284.677,285.576,238.28,-6.10377,-1.14501,0,347.412,211.494,226.649,0.953181,0.000967167,0.00079287
280.75,0,283.799,284.665,285.562,238.279,-6.08685,-1.15568,0,347.412,211.494,226.649,0.953392,0.00096836,0.000715586
281.25,0,283.789,284.652,285.547,238.279,-6.06749,-1.16381,0,347.412,211.494,226.649,0.953604,0.000969822,0.000752065
281.75,0,283.779,284.64,285.533,238.278,-6.04712,-1.17095,0,347.412,211.494,226.649,0.953817,0.000971059,0.000694859
282.25,0,283.766,284.627,285.519,238.277,-6.06497,-1.20866,0,347.203,211.465,226.649,0.954023,0.000992712,0.000756551
282.75,0,283.755,284.615,285.504,238.277,-6.04847,-1.21895,0,347.203,211.465,226.649,0.954231,0.000993771,0.000680153
283.25,0,283.745,284.603,285.49,238.276,-6.02941,-1.22682,0,347.203,211.465,226.649,0.95444,0.000995146,0.000717445
283.75,0,283.736,284.591,285.476,238.275,-6.00934,-1.2337,0,347.203,211.465,226.649,0.954648,0.000996289,0.000661021
284.25,0,283.723,284.578,285.462,238.275,-6.02705,-1.27075,0,346.996,211.436,226.649,0.954851,0.00101759,0.000723404
284.75,0,283.712,284.566,285.448,238.274,-6.01081,-1.28073,0,346.996,211.436,226.649,0.955056,0.00101855,0.000647812
285.25,0,283.702,284.554,285.434,238.274,-5.99204,-1.28831,0,346.996,211.436,226.649,0.95526,0.00101983,0.000685819
285.75,0,283.693,284.542,285.42,238.273,-5.97153,-1.29601,0,346.996,211.436,226.649,0.955465,0.00102185,0.00062951
286.25,0,283.679,284.53,285.406,238.272,-5.98888,-1.33248,0,346.792,211.407,226.649,0.955665,0.00104349,0.000692409
286.75,0,283.669,284.518,285.392,238.272,-5.97278,-1.34216,0,346.792,211.407,226.649,0.955865,0.00104477,0.000617531
287.25,0,283.659,284.506,285.378,238.271,-5.9542,-1.34948,0,346.792,211.407,226.649,0.956067,0.00104628,0.000656134
287.75,0,283.65,284.494,285.364,238.271,-5.93463,-1.35584,0,346.792,211.407,226.649,0.956268,0.00104753,0.000601108
288.25,0,283.637,284.482,285.351,238.27,-5.95191,-1.39175,0,346.59,211.378,226.649,0.956464,0.00106886,0.000664512
288.75,0,283.627,284.47,285.337,238.269,-5.93608,-1.40117,0,346.59,211.378,226.649,0.956661,0.00107005,0.000590372
289.25,0,283.617,284.458,285.323,238.269,-5.91777,-1.40824,0,346.59,211.378,226.649,0.956859,0.00107147,0.000629522
289.75,0,283.608,284.446,285.309,238.268,-5.89849,-1.41435,0,346.59,211.378,226.649,0.957057,0.00107263,0.000575159
290.25,0,283.595,284.434,285.296,238.268,-5.91562,-1.44967,0,346.39,211.35,226.649,0.95725,0.00109362,0.000638995
290.75,0,283.585,284.422,285.282,238.267,-5.90003,-1.45881,0,346.39,211.35,226.649,0.957444,0.00109472,0.000565556
291.25,0,283.575,284.411,285.269,238.266,-5.88145,-1.46649,0,346.39,211.35,226.649,0.957638,0.00109688,0.00060471
291.75,0,283.566,284.399,285.255,238.266,-5.86233,-1.47232,0,346.39,211.35,226.649,0.957833,0.00109821,0.000550946
292.25,0,283.553,284.387,285.242,238.265,-5.8792,-1.50711,0,346.191,211.322,226.649,0.958023,0.00111953,0.000615083
292.75,0,283.543,284.376,285.228,238.265,-5.86375,-1.51601,0,346.191,211.322,226.649,0.958214,0.00112097,0.000542274
293.25,0,283.534,284.364,285.215,238.264,-5.84589,-1.5226,0,346.191,211.322,226.649,0.958405,0.00112253,0.000582292
293.75,0,283.524,284.353,285.201,238.263,-5.82767,-1.52709,0,346.191,211.322,226.649,0.958596,0.00114098,0.000529782
294.25,0,283.512,284.341,285.188,238.263,-5.84466,-1.56149,0,345.995,211.294,226.649,0.958783,0.00116301,0.000594233
294.75,0,283.502,284.329,285.175,238.262,-5.82957,-1.57023,0,345.995,211.294,226.649,0.95897,0.00116638,0.000522109
295.25,0,283.492,284.318,285.162,238.262,-5.81157,-1.57738,0,345.995,211.294,226.649,0.959158,0.00116962,0.000562038
295.75,0,283.483,284.307,285.148,238.261,-5.79299,-1.5828,0,345.995,211.294,226.649,0.959347,0.00117192,0.00050945
296.25,0,283.471,284.295,285.135,238.26,-5.80954,-1.61658,0,345.801,211.267,226.649,0.95953,0.00119403,0.0005741
296.75,0,283.461,284.283,285.122,238.26,-5.79452,-1.62501,0,345.801,211.267,226.649,0.959715,0.00119758,0.000502546
297.25,0,283.452,284.272,285.109,238.259,-5.77713,-1.63113,0,345.801,211.267,226.649,0.9599,0.00120024,0.000543233
297.75,0,283.443,284.261,285.096,238.259,-5.75881,-1.63635,0,345.801,211.267,226.649,0.960085,0.00120242,0.000491174
298.25,0,283.43,284.249,285.083,238.258,-5.77528,-1.66959,0,345.608,211.239,226.649,0.960266,0.0012242,0.000555998
298.75,0,283.421,284.238,285.07,238.258,-5.76046,-1.67776,0,345.608,211.239,339.934,0.960448,0.00122761,0.000485046
299.25,0,283.411,284.227,285.057,238.257,-5.7433,-1.68366,0,345.608,211.239,339.934,0.96063,0.00123014,0.000525983
299.75,0,283.403,284.216,285.044,238.256,-5.72521,-1.68866,0,345.608,211.239,339.934,0.960813,0.00123222,0.000474441
300.25,0,283.39,284.204,285.031,238.256,-5.74126,-1.72188,0,345.418,211.212,339.934,0.960991,0.0012542,0.000539102
300.75,0,283.381,284.193,285.018,238.255,-5.72656,-1.72981,0,345.418,211.212,339.934,0.96117,0.00125784,0.000468702
301.25,0,283.371,284.182,285.005,238.255,-5.70956,-1.7355,0,345.418,211.212,339.934,0.961349,0.00126054,0.000509823
301.75,0,283.363,284.171,284.992,238.254,-5.69158,-1.74042,0,345.418,211.212,339.934,0.961529,0.00126387,0.000458689
302.25,0,283.351,284.16,284.98,238.253,-5.7077,-1.77272,0,345.229,211.186,339.934,0.961704,0.00128731,0.000523662
302.75,0,283.341,284.149,284.967,238.253,-5.69319,-1.78048,0,345.229,211.186,339.934,0.96188,0.00129293,0.0004538
303.25,0,283.332,284.138,284.954,238.252,-5.67638,-1.786,0,345.229,211.186,339.934,0.962057,0.00129693,0.000495071
303.75,0,283.323,284.127,284.941,238.252,-5.65868,-1.79063,0,345.229,211.186,339.934,0.962234,0.00130028,0.000444463
304.25,0,283.311,284.116,284.929,238.251,-5.67469,-1.82245,0,345.042,211.159,339.934,0.962407,0.00132338,0.000509477
304.75,0,283.302,284.105,284.916,238.251,-5.66037,-1.82999,0,345.042,211.159,339.934,0.962581,0.00132884,0.000440162
305.25,0,283.293,284.094,284.904,238.25,-5.64378,-1.83532,0,345.042,211.159,339.934,0.962755,0.0013327,0.000481561
305.75,0,283.284,284.083,284.891,238.249,-5.62629,-1.83977,0,345.042,211.159,339.934,0.962929,0.00133592,0.000431411
306.25,0,283.272,284.072,284.878,238.249,-5.64219,-1.87113,0,344.856,211.133,339.934,0.963099,0.00135868,0.000496433
306.75,0,283.263,284.061,284.866,238.248,-5.62806,-1.87847,0,344.856,211.133,339.934,0.963271,0.00136399,0.000427645
307.25,0,283.254,284.05,284.854,238.248,-5.61167,-1.88361,0,344.856,211.133,339.934,0.963442,0.00136772,0.000469142
307.75,0,283.245,284.04,284.841,238.247,-5.5944,-1.88789,0,344.856,211.133,339.934,0.963614,0.00137082,0.00041943
308.25,0,283.234,284.029,284.829,238.247,-5.61018,-1.9188,0,344.672,211.106,339.934,0.963782,0.00139325,0.000484429
308.75,0,283.224,284.018,284.816,238.246,-5.59623,-1.92593,0,344.672,211.106,339.934,0.963951,0.00139842,0.000416152
309.25,0,283.215,284.007,284.804,238.245,-5.58005,-1.93091,0,344.672,211.106,339.934,0.96412,0.00140201,0.000457716
309.75,0,283.207,283.997,284.792,238.245,-5.56298,-1.93502,0,344.672,211.106,339.934,0.964289,0.00140499,0.000408427
310.25,0,283.195,283.986,284.779,238.244,-5.57864,-1.96549,0,344.49,211.08,339.934,0.964455,0.0014271,0.000473374
310.75,0,283.186,283.975,284.767,238.244,-5.56487,-1.97243,0,344.49,211.08,339.934,0.964621,0.00143213,0.000405594
311.25,0,283.177,283.965,284.755,238.243,-5.54889,-1.97724,0,344.49,211.08,339.934,0.964788,0.00143561,0.000447198
311.75,0,283.169,283.954,284.743,238.243,-5.53203,-1.98119,0,344.49,211.08,339.934,0.964955,0.00143847,0.000398316
312.25,0,283.157,283.943,284.731,238.242,-5.54758,-2.01124,0,344.31,211.055,339.934,0.965118,0.00146027,0.000463184
312.75,0,283.148,283.933,284.718,238.241,-5.53398,-2.018,0,344.31,211.055,339.934,0.965282,0.00146517,0.000395887
313.25,0,283.139,283.922,284.706,238.241,-5.51819,-2.02265,0,344.31,211.055,339.934,0.965447,0.00146853,0.000437508
313.75,0,283.131,283.912,284.694,238.24,-5.50152,-2.02645,0,344.31,211.055,339.934,0.965611,0.00147128,0.000389019
314.25,0,283.12,283.901,284.682,238.24,-5.51697,-2.05609,0,344.13,211.029,339.934,0.965772,0.00149279,0.000453784
314.75,0,283.11,283.891,284.67,238.239,-5.50354,-2.06268,0,344.13,211.029,339.934,0.965934,0.00149755,0.000386958
315.25,0,283.102,283.88,284.658,238.239,-5.48797,-2.06713,0,344.13,211.029,339.934,0.966097,0.00150078,0.000428593
315.75,0,283.094,283.87,284.646,238.238,-5.47154,-2.07074,0,344.13,211.029,339.934,0.966259,0.00150339,0.000380514
316.25,0,283.082,283.859,284.634,238.238,-5.48692,-2.09995,0,343.953,211.004,339.934,0.966418,0.00152458,0.000445177
316.75,0,283.073,283.849,284.622,238.237,-5.4737,-2.10632,0,343.953,211.004,339.934,0.966578,0.00152919,0.000378839
317.25,0,283.065,283.839,284.61,238.236,-5.45832,-2.11062,0,343.953,211.004,339.934,0.966738,0.0015323,0.000420459
317.75,0,283.056,283.829,284.599,238.236,-5.44209,-2.11408,0,343.953,211.004,339.934,0.966898,0.0015348,0.000372749
318.25,0,283.045,283.818,284.587,238.235,-5.45736,-2.14291,0,343.776,210.978,339.934,0.967055,0.00155572,0.000437268
318.75,0,283.036,283.808,284.575,238.235,-5.4443,-2.14912,0,343.776,210.978,339.934,0.967213,0.00156022,0.000371378
319.25,0,283.028,283.798,284.563,238.234,-5.4291,-2.15328,0,343.776,210.978,339.934,0.967371,0.00156322,0.000412954
319.75,0,283.02,283.788,284.551,238.234,-5.41304,-2.15661,0,343.776,210.978,339.934,0.967529,0.00156563,0.000365601
320.25,0,283.008,283.777,284.54,238.233,-5.42821,-2.18507,0,343.602,210.953,339.934,0.967684,0.00158627,0.000429959
320.75,0,283,283.767,284.528,238.233,-5.41532,-2.19112,0,343.602,210.953,339.934,0.96784,0.00159066,0.000364507
321.25,0,282.991,283.757,284.516,238.232,-5.40028,-2.19514,0,343.602,210.953,339.934,0.967996,0.00159356,0.000406023
321.75,0,282.983,283.747,284.505,238.231,-5.38441,-2.19835,0,343.602,210.953,339.934,0.968152,0.00159588,0.000359017
322.25,0,282.972,283.737,284.493,238.231,-5.39948,-2.22644,0,343.428,210.929,339.934,0.968305,0.00161626,0.000423199
322.75,0,282.963,283.726,284.482,238.23,-5.38673,-2.23235,0,343.428,210.929,339.934,0.968459,0.00162053,0.000358174
323.25,0,282.955,283.716,284.47,238.23,-5.37187,-2.23623,0,343.428,210.929,339.934,0.968613,0.00162334,0.000399616
323.75,0,282.947,283.707,284.458,238.229,-5.35616,-2.23932,0,343.428,210.929,339.934,0.968767,0.00162557,0.000352947
324.25,0,282.936,283.696,284.447,238.229,-5.37114,-2.26706,0,343.256,210.904,339.934,0.968918,0.00164569,0.000416938
324.75,0,282.927,283.686,284.435,238.228,-5.35854,-2.27282,0,343.256,210.904,339.934,0.96907,0.00164986,0.000352333
325.25,0,282.919,283.676,284.424,238.228,-5.34384,-2.27658,0,343.256,210.904,339.934,0.969222,0.00165257,0.000393687
325.75,0,282.911,283.667,284.413,238.227,-5.32831,-2.27954,0,343.256,210.904,339.934,0.969374,0.00165471,0.000347347
326.25,0,282.9,283.656,284.401,238.226,-5.34319,-2.30694,0,343.086,210.879,339.934,0.969523,0.00167459,0.000411134
326.75,0,282.891,283.646,284.39,238.226,-5.33074,-2.31256,0,343.086,210.879,339.934,0.969673,0.00167865,0.00034694
327.25,0,282.883,283.637,284.378,238.225,-5.3162,-2.3162,0,343.086,210.879,339.934,0.969823,0.00168128,0.000388194
327.75,0,282.875,283.627,284.367,238.225,-5.30083,-2.31905,0,343.086,210.879,339.934,0.969974,0.00168334,0.000342175
328.25,0,282.864,283.617,284.356,238.224,-5.31562,-2.34611,0,342.916,210.855,339.934,0.970121,0.00170297,0.000405747
328.75,0,282.856,283.607,284.344,238.224,-5.3033,-2.3516,0,342.916,210.855,339.934,0.970269,0.00170694,0.000341957
329.25,0,282.848,283.597,284.333,238.223,-5.28892,-2.35512,0,342.916,210.855,339.934,0.970418,0.00170948,0.0003831
329.75,0,282.84,283.587,284.322,238.223,-5.27372,-2.35786,0,342.916,210.855,339.934,0.970566,0.00171146,0.000337393
330.25,0,282.829,283.577,284.311,238.222,-5.28845,-2.3846,0,342.748,210.831,339.934,0.970712,0.00173085,0.000400741
330.75,0,282.821,283.568,284.3,238.222,-5.27628,-2.38995,0,342.748,210.831,339.934,0.970858,0.00173472,0.000337347
331.25,0,282.813,283.558,284.288,238.221,-5.26205,-2.39336,0,342.748,210.831,339.934,0.971005,0.00173718,0.000378369
331.75,0,282.805,283.548,284.277,238.221,-5.247,-2.396,0,342.748,210.831,339.934,0.971151,0.00173909,0.000332969
332.25,0,282.794,283.538,284.266,238.22,-5.26171,-2.42243,0,342.581,210.807,339.934,0.971295,0.00175826,0.000396084
332.75,0,282.786,283.529,284.255,238.219,-5.24969,-2.42766,0,342.581,210.807,339.934,0.97144,0.00176203,0.000333078
333.25,0,282.778,283.519,284.244,238.219,-5.23561,-2.43095,0,342.581,210.807,339.934,0.971585,0.00176442,0.000373972
333.75,0,282.77,283.51,284.233,238.218,-5.22072,-2.43349,0,342.581,210.807,339.934,0.97173,0.00176624,0.00032887
334.25,0,282.759,283.5,284.222,238.218,-5.23536,-2.45963,0,342.415,210.783,339.934,0.971872,0.0017852,0.000391747
334.75,0,282.751,283.49,284.211,238.217,-5.22348,-2.46473,0,342.415,210.783,339.934,0.972014,0.00178889,0.00032912
335.25,0,282.743,283.481,284.2,238.217,-5.20957,-2.46792,0,342.415,210.783,339.934,0.972157,0.00179119,0.000369879
335.75,0,282.735,283.471,284.189,238.216,-5.19484,-2.47036,0,342.415,210.783,339.934,0.972301,0.00179295,0.000325069
336.25,0,282.725,283.461,284.178,238.216,-5.20939,-2.4962,0,342.25,210.76,339.934,0.972441,0.00181169,0.0003877
336.75,0,282.716,283.452,284.167,238.215,-5.19767,-2.50117,0,342.25,210.76,339.934,0.972582,0.00181528,0.000325463
337.25,0,282.708,283.442,284.156,238.215,-5.18396,-2.50421,0,342.25,210.76,339.934,0.972723,0.00181747,0.000366122
337.75,0,282.701,283.433,284.145,238.214,-5.16944,-2.50649,0,342.25,210.76,339.934,0.972865,0.00181912,0.000321641
338.25,0,282.69,283.423,284.135,238.214,-5.18398,-2.53203,0,342.087,210.736,339.934,0.973004,0.00183764,0.000384051
338.75,0,282.682,283.414,284.124,238.213,-5.17244,-2.53685,0,342.087,210.736,339.934,0.973143,0.00184112,0.000322207
339.25,0,282.674,283.405,284.113,238.213,-5.15889,-2.53979,0,342.087,210.736,339.934,0.973283,0.00184324,0.000362718
339.75,0,282.667,283.395,284.102,238.212,-5.14452,-2.54198,0,342.087,210.736,339.934,0.973422,0.00184482,0.000318515
340.25,0,282.656,283.386,284.091,238.211,-5.15898,-2.56725,0,341.924,210.713,339.934,0.973559,0.00186314,0.000380669
340.75,0,282.648,283.376,284.081,238.211,-5.14758,-2.57196,0,341.924,210.713,339.934,0.973697,0.00186655,0.000319186
341.25,0,282.64,283.367,284.07,238.21,-5.13418,-2.5748,0,341.924,210.713,339.934,0.973835,0.0018686,0.000359543
341.75,0,282.633,283.358,284.059,238.21,-5.11997,-2.57691,0,341.924,210.713,339.934,0.973973,0.00187011,0.000315614
342.25,0,282.622,283.348,284.049,238.209,-5.13433,-2.60189,0,341.762,210.69,339.934,0.974108,0.00188822,0.000377504
342.75,0,282.614,283.339,284.038,238.209,-5.12306,-2.60649,0,341.762,210.69,339.934,0.974244,0.00189155,0.000316379
343.25,0,282.607,283.33,284.027,238.208,-5.10979,-2.60924,0,341.762,210.69,339.934,0.974381,0.00189353,0.000356576
343.75,0,282.599,283.321,284.017,238.208,-5.09573,-2.61126,0,341.762,210.69,339.934,0.974518,0.00189498,0.000312917
344.25,0,282.589,283.311,284.006,238.207,-5.11006,-2.63601,0,341.602,210.667,339.934,0.974651,0.00191293,0.000374544
344.75,0,282.581,283.302,283.996,238.207,-5.09892,-2.64052,0,341.602,210.667,339.934,0.974786,0.00191619,0.000313767
345.25,0,282.573,283.293,283.985,238.206,-5.0858,-2.64318,0,341.602,210.667,339.934,0.974921,0.00191811,0.000353803
345.75,0,282.566,283.284,283.974,238.206,-5.07188,-2.64512,0,341.602,210.667,339.934,0.975056,0.0019195,0.000310407
346.25,0,282.556,283.274,283.964,238.205,-5.08615,-2.66962,0,341.442,210.644,339.934,0.975188,0.00193726,0.000371768
346.75,0,282.547,283.265,283.954,238.205,-5.07514,-2.67403,0,341.442,210.644,339.934,0.975321,0.00194045,0.000311335
347.25,0,282.54,283.256,283.943,238.204,-5.06215,-2.67661,0,341.442,210.644,339.934,0.975454,0.00194231,0.000351206
347.75,0,282.533,283.247,283.933,238.204,-5.04838,-2.67846,0,341.442,210.644,339.934,0.975588,0.00194364,0.000308069
348.25,0,282.522,283.238,283.922,238.203,-5.06256,-2.7027,0,341.283,210.621,339.934,0.975718,0.00196121,0.000369157
348.75,0,282.514,283.228,283.912,238.203,-5.05167,-2.70701,0,341.283,210.621,339.934,0.97585,0.00196432,0.000309066
349.25,0,282.507,283.219,283.901,238.202,-5.03882,-2.7095,0,341.283,210.621,339.934,0.975982,0.00196612,0.000348766
349.75,0,282.5,283.211,283.891,238.202,-5.02519,-2.71128,0,341.283,210.621,339.934,0.976114,0.0019674,0.000305886
350.25,0,282.489,283.201,283.881,238.201,-5.03929,-2.73525,0,341.126,210.598,339.934,0.976243,0.00198478,0.000366695
350.75,0,282.482,283.192,283.87,238.2,-5.02852,-2.73947,0,341.126,210.598,339.934,0.976373,0.00198782,0.000306944
351.25,0,282.474,283.183,283.86,238.2,-5.01579,-2.74188,0,341.126,210.598,339.934,0.976503,0.00198956,0.000346469
351.75,0,282.467,283.174,283.85,238.199,-5.00229,-2.74359,0,341.126,210.598,339.934,0.976634,0.00199078,0.000303843
352.25,0,282.457,283.165,283.84,238.199,-5.0164,-2.7674,0,340.969,210.576,339.934,0.976762,0.00200804,0.000364385
352.75,0,282.449,283.156,283.829,238.198,-5.00576,-2.77153,0,340.969,210.576,339.934,0.976891,0.00201103,0.00030496
353.25,0,282.441,283.147,283.819,238.198,-4.99316,-2.77387,0,340.969,210.576,339.934,0.97702,0.00201271,0.000344316
353.75,0,282.434,283.139,283.809,238.197,-4.97979,-2.77551,0,340.969,210.576,339.934,0.977149,0.00201389,0.000301934
354.25,0,282.424,283.129,283.799,238.197,-4.99389,-2.79914,0,340.813,210.553,339.934,0.977275,0.00203102,0.000362219
354.75,0,282.416,283.12,283.789,238.196,-4.98336,-2.8032,0,340.813,210.553,339.934,0.977403,0.00203395,0.000303106
355.25,0,282.409,283.112,283.779,238.196,-4.9709,-2.80547,0,340.813,210.553,339.934,0.97753,0.00203558,0.000342298
355.75,0,282.402,283.103,283.768,238.195,-4.95771,-2.80699,0,340.813,210.553,339.934,0.977658,0.00203667,0.00030018
356.25,0,282.392,283.094,283.758,238.195,-4.97177,-2.83034,0,340.657,210.531,339.934,0.977783,0.0020536,0.000360227
356.75,0,282.384,283.085,283.748,238.194,-4.96141,-2.83425,0,340.657,210.531,339.934,0.977909,0.00205642,0.000301473
357.25,0,282.377,283.076,283.738,238.194,-4.94914,-2.83639,0,340.657,210.531,339.934,0.978035,0.00205796,0.000340535
357.75,0,282.37,283.068,283.728,238.193,-4.93609,-2.83783,0,340.657,210.531,339.934,0.978162,0.00205899,0.000298666
358.25,0,282.36,283.058,283.718,238.193,-4.95007,-2.86094,0,340.503,210.509,339.934,0.978286,0.00207574,0.000358434
358.75,0,282.352,283.05,283.708,238.192,-4.93982,-2.86477,0,340.503,210.509,339.934,0.97841,0.0020785,0.000299999
359.25,0,282.345,283.041,283.698,238.192,-4.92767,-2.86684,0,340.503,210.509,339.934,0.978535,0.00207999,0.000338882
359.75,0,282.338,283.032,283.688,238.191,-4.91474,-2.86821,0,340.503,210.509,339.934,0.97866,0.00208097,0.000297249
360.25,0,282.328,283.023,283.678,238.191,-4.9287,-2.89114,0,340.349,210.487,339.934,0.978783,0.00209759,0.000356741
360.75,0,282.32,283.015,283.668,238.19,-4.91856,-2.89489,0,340.349,210.487,339.934,0.978906,0.0021003,0.000298618
361.25,0,282.313,283.006,283.658,238.19,-4.90652,-2.8969,0,340.349,210.487,339.934,0.97903,0.00210174,0.000337323
361.75,0,282.306,282.997,283.648,238.189,-4.89371,-2.89821,0,340.349,210.487,339.934,0.979154,0.00210268,0.000295921
362.25,0,282.296,282.989,283.639,238.189,-4.90763,-2.92096,0,340.196,210.465,339.934,0.979275,0.00211917,0.00035514
362.75,0,282.289,282.98,283.629,238.188,-4.8976,-2.92464,0,340.196,210.465,339.934,0.979398,0.00212182,0.000297324
363.25,0,282.281,282.971,283.619,238.188,-4.88568,-2.92658,0,340.196,210.465,339.934,0.97952,0.00212322,0.000335851
363.75,0,282.275,282.963,283.609,238.187,-4.87299,-2.92784,0,340.196,210.465,339.934,0.979643,0.00212411,0.000294677
364.25,0,282.265,282.954,283.599,238.187,-4.88683,-2.95036,0,340.044,210.443,339.934,0.979763,0.00214044,0.000353616
364.75,0,282.257,282.945,283.59,238.186,-4.8769,-2.95397,0,340.044,210.443,339.934,0.979884,0.00214304,0.000296108
365.25,0,282.25,282.937,283.58,238.186,-4.86509,-2.95585,0,340.044,210.443,339.934,0.980005,0.00214439,0.000334452
365.75,0,282.243,282.928,283.57,238.185,-4.85251,-2.95705,0,340.044,210.443,339.934,0.980126,0.00214524,0.000293506
366.25,0,282.234,282.92,283.56,238.185,-4.86628,-2.97935,0,339.893,210.422,339.934,0.980245,0.00216141,0.00035216
366.75,0,282.226,282.911,283.551,238.184,-4.85645,-2.98288,0,339.893,210.422,339.934,0.980365,0.00216396,0.000294961
367.25,0,282.219,282.903,283.541,238.184,-4.84475,-2.9847,0,339.893,210.422,339.934,0.980485,0.00216526,0.00033312
367.75,0,282.212,282.894,283.531,238.183,-4.83229,-2.98584,0,339.893,210.422,339.934,0.980605,0.00216607,0.000292401
368.25,0,282.202,282.885,283.522,238.183,-4.84601,-3.00796,0,339.743,210.4,339.934,0.980723,0.0021821,0.000350773
368.75,0,282.195,282.877,283.512,238.182,-4.83628,-3.01142,0,339.743,210.4,339.934,0.980842,0.0021846,0.000293878
369.25,0,282.188,282.868,283.502,238.182,-4.82468,-3.01318,0,339.743,210.4,339.934,0.980961,0.00218586,0.000331852
369.75,0,282.181,282.86,283.493,238.181,-4.81234,-3.01427,0,339.743,210.4,339.934,0.98108,0.00218664,0.000291356
370.25,0,282.171,282.851,283.483,238.181,-4.82607,-3.03626,0,339.593,210.379,339.934,0.981196,0.00220257,0.000349459
370.75,0,282.164,282.843,283.474,238.18,-4.81644,-3.03966,0,339.593,210.379,339.934,0.981314,0.00220502,0.000292855
371.25,0,282.157,282.835,283.464,238.18,-4.80495,-3.04137,0,339.593,210.379,339.934,0.981431,0.00220625,0.000330652
371.75,0,282.15,282.826,283.455,238.179,-4.79278,-3.04235,0,339.593,210.379,339.934,0.981549,0.00220694,0.000290415
372.25,0,282.141,282.818,283.445,238.179,-4.80651,-3.0641,0,339.443,210.358,339.934,0.981665,0.00222271,0.000348287
372.75,0,282.133,282.809,283.436,238.178,-4.79705,-3.06737,0,339.443,210.358,339.934,0.981781,0.00222506,0.000292027
373.25,0,282.126,282.801,283.426,238.178,-4.78574,-3.06895,0,339.443,210.358,339.934,0.981898,0.0022262,0.000329701
373.75,0,282.119,282.793,283.417,238.177,-4.77369,-3.06986,0,339.443,210.358,339.934,0.982015,0.00222684,0.000289689
374.25,0,282.11,282.784,283.407,238.177,-4.78743,-3.09149,0,339.295,210.336,339.934,0.982129,0.00224252,0.0003473
374.75,0,282.103,282.776,283.398,238.176,-4.77807,-3.09471,0,339.295,210.336,339.934,0.982244,0.00224483,0.000291318
375.25,0,282.096,282.768,283.388,238.176,-4.76686,-3.09624,0,339.295,210.336,339.934,0.98236,0.00224593,0.000328818
375.75,0,282.089,282.76,283.379,238.175,-4.75492,-3.09711,0,339.295,210.336,339.934,0.982476,0.00224654,0.000289012
376.25,0,282.08,282.751,283.369,238.175,-4.76858,-3.11854,0,339.147,210.315,339.934,0.982589,0.00226207,0.000346351
376.75,0,282.072,282.743,283.36,238.174,-4.75931,-3.12169,0,339.147,210.315,339.934,0.982703,0.00226434,0.000290654
377.25,0,282.065,282.735,283.351,238.174,-4.7482,-3.12317,0,339.147,210.315,339.934,0.982818,0.0022654,0.000327973
377.75,0,282.059,282.726,283.341,238.173,-4.73635,-3.12399,0,339.147,210.315,339.934,0.982932,0.00226599,0.000288376
378.25,0,282.049,282.718,283.332,238.173,-4.74994,-3.14523,0,339,210.294,339.934,0.983045,0.00228137,0.000345435
378.75,0,282.042,282.71,283.323,238.173,-4.74076,-3.14832,0,339,210.294,339.934,0.983158,0.0022836,0.000290026
379.25,0,282.035,282.702,283.314,238.172,-4.72975,-3.14975,0,339,210.294,339.934,0.983271,0.00228462,0.000327161
379.75,0,282.029,282.694,283.304,238.172,-4.718,-3.15053,0,339,210.294,339.934,0.983385,0.00228517,0.000287774
380.25,0,282.019,282.685,283.295,238.171,-4.73152,-3.17157,0,338.854,210.273,339.934,0.983496,0.00230042,0.00034455
380.75,0,282.012,282.677,283.286,238.171,-4.72242,-3.1746,0,338.854,210.273,339.934,0.983608,0.0023026,0.000289432
381.25,0,282.005,282.669,283.277,238.17,-4.7115,-3.17598,0,338.854,210.273,339.934,0.983721,0.00230359,0.000326379
381.75,0,281.999,282.661,283.267,238.17,-4.69985,-3.17671,0,338.854,210.273,339.934,0.983833,0.0023041,0.000287203
382.25,0,281.989,282.652,283.258,238.169,-4.71331,-3.19757,0,338.708,210.253,339.934,0.983944,0.00231921,0.000343695
382.75,0,281.982,282.644,283.249,238.169,-4.70429,-3.20053,0,338.708,210.253,339.934,0.984055,0.00232135,0.000288866
383.25,0,281.975,282.636,283.24,238.168,-4.69347,-3.20187,0,338.708,210.253,339.934,0.984166,0.0023223,0.000325624
383.75,0,281.969,282.628,283.231,238.168,-4.68191,-3.20256,0,338.708,210.253,339.934,0.984278,0.00232279,0.00028666
384.25,0,281.96,282.62,283.222,238.167,-4.6953,-3.22322,0,338.564,210.232,339.934,0.984387,0.00233776,0.000342867
384.75,0,281.952,282.612,283.212,238.167,-4.6864,-3.2261,0,338.564,210.232,339.934,0.984497,0.00233983,0.00028835
385.25,0,281.946,282.604,283.203,238.166,-4.67576,-3.2273,0,338.564,210.232,339.934,0.984608,0.00234068,0.000324985
385.75,0,281.939,282.596,283.194,238.166,-4.66439,-3.22785,0,338.564,210.232,339.934,0.984718,0.00234107,0.000286296
386.25,0,281.93,282.588,283.185,238.165,-4.67778,-3.24827,0,338.42,210.212,339.934,0.984827,0.00235586,0.000342265
386.75,0,281.923,282.58,283.176,238.165,-4.66901,-3.25103,0,338.42,210.212,339.934,0.984936,0.00235785,0.000288075
387.25,0,281.916,282.572,283.167,238.164,-4.65845,-3.25218,0,338.42,210.212,339.934,0.985045,0.00235867,0.000324519
387.75,0,281.91,282.564,283.158,238.164,-4.64718,-3.2527,0,338.42,210.212,339.934,0.985155,0.00235903,0.000286039
388.25,0,281.901,282.556,283.149,238.163,-4.6605,-3.27294,0,338.278,210.191,339.934,0.985263,0.00237369,0.000341724
388.75,0,281.893,282.548,283.14,238.163,-4.65181,-3.27565,0,338.278,210.191,339.934,0.985371,0.00237564,0.000287818
389.25,0,281.887,282.54,283.131,238.162,-4.64134,-3.27676,0,338.278,210.191,339.934,0.985479,0.00237643,0.000324073
389.75,0,281.88,282.532,283.122,238.162,-4.63016,-3.27723,0,338.278,210.191,339.934,0.985588,0.00237676,0.000285799
390.25,0,281.871,282.524,283.113,238.162,-4.64341,-3.29729,0,338.136,210.171,339.934,0.985695,0.00239129,0.0003412
390.75,0,281.864,282.516,283.104,238.161,-4.6348,-3.29995,0,338.136,210.171,339.934,0.985802,0.00239321,0.000287577
391.25,0,281.858,282.508,283.095,238.161,-4.62441,-3.30102,0,338.136,210.171,339.934,0.985909,0.00239397,0.000323643
391.75,0,281.851,282.5,283.086,238.16,-4.61332,-3.30146,0,338.136,210.171,339.934,0.986017,0.00239427,0.000285574
392.25,0,281.842,282.492,283.078,238.16,-4.62651,-3.32135,0,337.995,210.151,339.934,0.986123,0.00240867,0.000340694
392.75,0,281.835,282.484,283.069,238.159,-4.61797,-3.32395,0,337.995,210.151,339.934,0.986229,0.00241055,0.000287351
393.25,0,281.829,282.476,283.06,238.159,-4.60767,-3.32498,0,337.995,210.151,339.934,0.986336,0.00241128,0.000323228
393.75,0,281.822,282.469,283.051,238.158,-4.59666,-3.32539,0,337.995,210.151,339.934,0.986443,0.00241156,0.000285363
394.25,0,281.813,282.46,283.042,238.158,-4.60979,-3.3451,0,337.854,210.131,339.934,0.986548,0.00242584,0.000340202
394.75,0,281.806,282.453,283.033,238.157,-4.60132,-3.34766,0,337.854,210.131,339.934,0.986653,0.00242768,0.000287138
395.25,0,281.8,282.445,283.024,238.157,-4.59113,-3.34862,0,337.854,210.131,339.934,0.986759,0.00242836,0.000322849
395.75,0,281.793,282.437,283.016,238.156,-4.58032,-3.34887,0,337.854,210.131,339.934,0.986865,0.00242853,0.00028527
396.25,0,281.785,282.429,283.007,238.156,-4.59346,-3.36834,0,337.715,210.111,339.934,0.986969,0.00244263,0.000339889
396.75,0,281.778,282.421,282.998,238.155,-4.58518,-3.37073,0,337.715,210.111,339.934,0.987073,0.00244435,0.000287183
397.25,0,281.771,282.414,282.989,238.155,-4.57515,-3.37157,0,337.715,210.111,339.934,0.987178,0.00244494,0.000322768
397.75,0,281.765,282.406,282.981,238.154,-4.56443,-3.37179,0,337.715,210.111,339.934,0.987283,0.00244509,0.000285389
398.25,0,281.756,282.398,282.972,238.154,-4.57751,-3.39109,0,337.576,210.091,339.934,0.987386,0.00245907,0.000339729
398.75,0,281.749,282.39,282.963,238.154,-4.56929,-3.39344,0,337.576,210.091,339.934,0.98749,0.00246075,0.000287298
399.25,0,281.742,282.383,282.955,238.153,-4.55935,-3.39425,0,337.576,210.091,339.934,0.987594,0.00246132,0.000322696
399.75,0,281.736,282.375,282.946,238.153,-4.5487,-3.39444,0,337.576,210.091,339.934,0.987698,0.00246145,0.000285515
400.25,0,281.727,282.367,282.937,238.152,-4.56172,-3.41358,0,337.438,210.071,339.934,0.9878,0.00247531,0.000339578
400.75,0,281.721,282.359,282.929,238.152,-4.55357,-3.41588,0,337.438,210.071,339.934,0.987903,0.00247696,0.000287418
401.25,0,281.714,282.352,282.92,238.151,-4.5437,-3.41665,0,337.438,210.071,339.934,0.988006,0.0024775,0.00032263
401.75,0,281.708,282.344,282.911,238.151,-4.53314,-3.41681,0,337.438,210.071,339.934,0.98811,0.00247761,0.000285646
402.25,0,281.699,282.336,282.903,238.15,-4.54609,-3.43579,0,337.301,210.052,339.934,0.988211,0.00249135,0.000339433
402.75,0,281.692,282.329,282.894,238.15,-4.53801,-3.43805,0,337.301,210.052,339.934,0.988313,0.00249298,0.000287542
403.25,0,281.686,282.321,282.885,238.149,-4.52822,-3.43879,0,337.301,210.052,339.934,0.988416,0.00249349,0.00032257
403.75,0,281.68,282.314,282.877,238.149,-4.5178,-3.43886,0,337.301,210.052,339.934,0.988518,0.00249353,0.000285826
404.25,0,281.671,282.306,282.868,238.148,-4.53079,-3.45757,0,337.165,210.032,339.934,0.988619,0.00250709,0.000339413
404.75,0,281.664,282.298,282.86,238.148,-4.52292,-3.45965,0,337.165,210.032,339.934,0.98872,0.00250857,0.000287894
405.25,0,281.658,282.291,282.851,238.148,-4.51334,-3.46021,0,337.165,210.032,339.934,0.988822,0.00250897,0.00032284
405.75,0,281.652,282.283,282.843,238.147,-4.50308,-3.46017,0,337.165,210.032,339.934,0.988923,0.00250892,0.000286348
406.25,0,281.643,282.275,282.834,238.147,-4.51601,-3.47874,0,337.029,210.013,339.934,0.989023,0.00252237,0.000339662
406.75,0,281.636,282.268,282.826,238.146,-4.5082,-3.48078,0,337.029,210.013,339.934,0.989124,0.00252383,0.000288408
407.25,0,281.63,282.26,282.817,238.146,-4.49869,-3.48131,0,337.029,210.013,339.934,0.989225,0.0025242,0.00032317
407.75,0,281.624,282.253,282.809,238.145,-4.4885,-3.48124,0,337.029,210.013,339.934,0.989325,0.00252414,0.000286869
408.25,0,281.615,282.245,282.8,238.145,-4.50137,-3.49966,0,336.894,209.993,339.934,0.989425,0.00253747,0.000339912
408.75,0,281.608,282.238,282.792,238.144,-4.49362,-3.50166,0,336.894,209.993,339.934,0.989524,0.00253891,0.00028892
409.25,0,281.602,282.23,282.783,238.144,-4.48419,-3.50216,0,336.894,209.993,339.934,0.989624,0.00253925,0.0003235
409.75,0,281.596,282.223,282.775,238.143,-4.47407,-3.50207,0,336.894,209.993,339.934,0.989724,0.00253917,0.000287389
410.25,0,281.587,282.215,282.767,238.143,-4.48688,-3.52033,0,336.76,209.974,339.934,0.989823,0.0025524,0.000340162
410.75,0,281.581,282.207,282.758,238.143,-4.47936,-3.52212,0,336.76,209.974,339.934,0.989922,0.00255368,0.000289557
411.25,0,281.574,282.2,282.75,238.142,-4.47018,-3.52242,0,336.76,209.974,339.934,0.990021,0.00255388,0.000324088
411.75,0,281.568,282.193,282.741,238.142,-4.46032,-3.52212,0,336.76,209.974,339.934,0.99012,0.00255365,0.000288298
412.25,0,281.56,282.185,282.733,238.141,-4.4732,-3.54011,0,336.627,209.955,339.934,0.990218,0.00256668,0.000340899
412.75,0,281.553,282.178,282.725,238.141,-4.46575,-3.54185,0,336.627,209.955,339.934,0.990316,0.00256792,0.000290558
413.25,0,281.547,282.17,282.716,238.14,-4.45663,-3.54212,0,336.627,209.955,339.934,0.990415,0.0025681,0.000324907
413.75,0,281.541,282.163,282.708,238.14,-4.44684,-3.5418,0,336.627,209.955,339.934,0.990513,0.00256786,0.000289304
414.25,0,281.532,282.155,282.7,238.139,-4.45966,-3.55965,0,336.494,209.936,339.934,0.99061,0.00258078,0.000341637
414.75,0,281.526,282.148,282.692,238.139,-4.45226,-3.56136,0,336.494,209.936,339.934,0.990708,0.002582,0.000291552
415.25,0,281.52,282.141,282.683,238.139,-4.44321,-3.5616,0,336.494,209.936,339.934,0.990805,0.00258216,0.000325721
415.75,0,281.514,282.133,282.675,238.138,-4.43366,-3.56109,0,336.494,209.936,339.934,0.990903,0.00258178,0.000290424
416.25,0,281.505,282.126,282.667,238.138,-4.44659,-3.57863,0,336.362,209.917,339.934,0.991,0.00259448,0.000342615
416.75,0,281.499,282.118,282.659,238.137,-4.43948,-3.58007,0,336.362,209.917,339.934,0.991096,0.00259551,0.000292954
417.25,0,281.492,282.111,282.65,238.137,-4.43073,-3.58005,0,336.362,209.917,339.934,0.991193,0.00259548,0.000327112
417.75,0,281.486,282.104,282.642,238.136,-4.4213,-3.57946,0,336.362,209.917,339.934,0.99129,0.00259503,0.000292045
418.25,0,281.478,282.096,282.634,238.136,-4.43417,-3.59686,0,336.231,209.898,339.934,0.991386,0.00260763,0.000343971
418.75,0,281.471,282.089,282.626,238.135,-4.42712,-3.59828,0,336.231,209.898,339.934,0.991482,0.00260864,0.00029456
419.25,0,281.465,282.082,282.617,238.135,-4.41843,-3.59824,0,336.231,209.898,339.934,0.991579,0.0026086,0.000328538
419.75,0,281.459,282.075,282.609,238.135,-4.40927,-3.59743,0,336.231,209.898,339.934,0.991675,0.002608,0.000293796
420.25,0,281.451,282.067,282.601,238.134,-4.42229,-3.61448,0,336.1,209.879,339.934,0.99177,0.00262034,0.000345618
420.75,0,281.444,282.06,282.593,238.134,-4.41559,-3.61556,0,336.1,209.879,339.934,0.991865,0.00262111,0.000296676
421.25,0,281.438,282.053,282.585,238.133,-4.40726,-3.6152,0,336.1,209.879,339.934,0.991961,0.00262083,0.000330696
421.75,0,281.432,282.046,282.577,238.133,-4.39827,-3.61427,0,336.1,209.879,339.934,0.992057,0.00262014,0.000296208
422.25,0,281.424,282.038,282.569,238.132,-4.41123,-3.63119,0,335.97,209.861,339.934,0.992151,0.00263239,0.000347767
422.75,0,281.418,282.031,282.561,238.132,-4.40469,-3.63214,0,335.97,209.861,339.934,0.992246,0.00263306,0.000299147
423.25,0,281.412,282.024,282.552,238.131,-4.39681,-3.63137,0,335.97,209.861,339.934,0.99234,0.00263249,0.000333274
423.75,0,281.406,282.017,282.544,238.131,-4.38827,-3.63003,0,335.97,209.861,339.934,0.992435,0.0026315,0.000299248
424.25,0,281.397,282.009,282.536,238.131,-4.40145,-3.64653,0,335.841,209.842,339.934,0.992529,0.00264345,0.000350752
424.75,0,281.391,282.002,282.528,238.13,-4.39525,-3.64717,0,335.841,209.842,339.934,0.992623,0.0026439,0.000302583
425.25,0,281.385,281.995,282.52,238.13,-4.38766,-3.64614,0,335.841,209.842,339.934,0.992717,0.00264314,0.000336707
425.75,0,281.379,281.988,282.512,238.129,-4.3797,-3.64428,0,335.841,209.842,339.934,0.992812,0.00264177,0.000303228
426.25,0,281.371,281.98,282.504,238.129,-4.39319,-3.66029,0,335.713,209.824,339.934,0.992905,0.00265336,0.000354741
426.75,0,281.364,281.973,282.496,238.128,-4.38754,-3.66039,0,335.713,209.824,339.934,0.992998,0.00265342,0.000307183
427.25,0,281.358,281.966,282.488,238.128,-4.38074,-3.65862,0,335.713,209.824,339.934,0.993092,0.00265212,0.000341659
427.75,0,281.352,281.959,282.48,238.127,-4.3735,-3.65607,0,335.713,209.824,339.934,0.993185,0.00265026,0.000308837
428.25,0,281.344,281.952,282.472,238.127,-4.38741,-3.67148,0,335.585,209.805,339.934,0.993278,0.00266141,0.00036044
428.75,0,281.338,281.945,282.464,238.127,-4.38305,-3.67031,0,335.585,209.805,339.934,0.993371,0.00266055,0.000314025
429.25,0,281.332,281.937,282.456,238.126,-4.37738,-3.66745,0,335.585,209.805,339.934,0.993464,0.00265845,0.000349108
429.75,0,281.326,281.931,282.448,238.126,-4.3716,-3.66349,0,335.585,209.805,339.934,0.993557,0.00265558,0.00031747
430.25,0,281.318,281.923,282.44,238.125,-4.3869,-3.67732,0,335.458,209.787,339.934,0.993648,0.00266558,0.000369873
430.75,0,281.312,281.916,282.432,238.125,-4.38402,-3.6747,0,335.458,209.787,339.934,0.993741,0.00266367,0.000324733
431.25,0,281.306,281.909,282.425,238.124,-4.38021,-3.67002,0,335.458,209.787,339.934,0.993833,0.00266026,0.00036095
431.75,0,281.3,281.902,282.417,238.124,-4.37591,-3.66463,0,335.458,209.787,339.934,0.993925,0.00265633,0.00033052
432.25,0,281.292,281.895,282.409,238.124,-4.39172,-3.67776,0,335.331,209.769,339.934,0.994016,0.00266584,0.000383081
432.75,0,281.285,281.888,282.401,238.123,-4.39002,-3.67399,0,335.331,209.769,339.934,0.994108,0.00266308,0.000339
433.25,0,281.28,281.881,282.393,238.123,-4.38699,-3.66856,0,335.331,209.769,339.934,0.9942,0.00265913,0.000375573
433.75,0,281.274,281.874,282.385,238.122,-4.38332,-3.66258,0,335.331,209.769,339.934,0.994291,0.00265479,0.000345731
434.25,0,281.266,281.867,282.377,238.122,-4.39949,-3.67518,0,335.205,209.751,339.934,0.994382,0.0026639,0.000398339
434.75,0,281.259,281.86,282.37,238.121,-4.39825,-3.67096,0,335.205,209.751,339.934,0.994473,0.00266083,0.0003548
435.25,0,281.253,281.853,282.362,238.121,-4.39569,-3.66511,0,335.205,209.751,339.934,0.994564,0.00265657,0.000391503
435.75,0,281.248,281.846,282.354,238.121,-4.3925,-3.6587,0,335.205,209.751,339.934,0.994655,0.00265191,0.000362131
436.25,0,281.24,281.839,282.346,238.12,-4.4089,-3.67089,0,335.08,209.733,339.934,0.994745,0.00266073,0.000414704
436.75,0,281.233,281.832,282.338,238.12,-4.40791,-3.66644,0,335.08,209.733,339.934,0.994836,0.00265749,0.000371547
437.25,0,281.228,281.825,282.331,238.119,-4.40539,-3.66059,0,335.08,209.733,339.934,0.994926,0.00265323,0.000408067
437.75,0,281.222,281.818,282.323,238.119,-4.40254,-3.65388,0,335.08,209.733,339.934,0.995017,0.00264835,0.000379076
438.25,0,281.214,281.811,282.315,238.118,-4.4191,-3.66574,0,334.955,209.715,339.934,0.995106,0.00265693,0.000431554
438.75,0,281.208,281.804,282.307,238.118,-4.41845,-3.66098,0,334.955,209.715,339.934,0.995196,0.00265347,0.00038884
439.25,0,281.202,281.797,282.3,238.118,-4.41623,-3.65486,0,334.955,209.715,339.934,0.995286,0.00264902,0.000425376
439.75,0,281.196,281.79,282.292,238.117,-4.41338,-3.6482,0,334.955,209.715,339.934,0.995374,0.00264417,0.000458715
440.25,0,281.188,281.783,282.285,238.117,-4.42978,-3.65998,0,334.831,209.697,339.934,0.995455,0.0026527,0.000585179
440.75,0,281.182,281.776,282.278,238.116,-4.42898,-3.65539,0,334.831,209.697,339.934,0.995529,0.00264935,0.000523925
441.25,0,281.176,281.77,282.271,238.116,-4.42667,-3.6494,0,334.831,209.697,339.934,0.995588,0.002645,0.00064775
441.75,0,281.171,281.763,282.264,238.115,-4.42349,-3.64311,0,334.831,209.697,339.934,0.995633,0.00264043,0.000595677
442.25,0,281.163,281.757,282.257,238.115,-4.43852,-3.6546,0,334.712,209.679,339.934,0.995665,0.00264874,0.00069422
442.75,0,281.157,281.75,282.25,238.115,-4.43698,-3.65069,0,334.712,209.679,339.934,0.99569,0.00264588,0.000636189
443.25,0,281.151,281.744,282.244,238.114,-4.43378,-3.64558,0,334.712,209.679,339.934,0.995708,0.00264217,0.000727977
443.75,0,281.145,281.738,282.238,238.114,-4.42982,-3.64007,0,334.712,209.679,339.934,0.995721,0.00263816,0.000814501
444.25,0,281.137,281.731,282.232,238.113,-4.44326,-3.65081,0,334.596,209.662,339.934,0.995732,0.00264593,0.000784974
444.75,0,281.131,281.725,282.226,238.113,-4.4412,-3.64722,0,334.596,209.662,339.934,0.995739,0.00264331,0.00083645
445.25,0,281.126,281.719,282.22,238.113,-4.43762,-3.64241,0,334.596,209.662,339.934,0.995745,0.00263981,0.000805089
445.75,0,281.12,281.713,282.214,238.112,-4.43341,-3.6371,0,334.596,209.662,339.934,0.995749,0.00263595,0.000853478
446.25,0,281.112,281.706,282.208,238.112,-4.44626,-3.6475,0,334.483,209.644,339.934,0.995754,0.00264347,0.000852742
446.75,0,281.106,281.7,282.202,238.111,-4.44404,-3.64399,0,334.483,209.644,339.934,0.995757,0.00264091,0.000872482
447.25,0,281.1,281.694,282.196,238.111,-4.44034,-3.63925,0,334.483,209.644,339.934,0.995759,0.00263746,0.000865956
447.75,0,281.095,281.688,282.19,238.111,-4.43605,-3.634,0,334.483,209.644,339.934,0.995761,0.00263364,0.00088778
448.25,0,281.087,281.681,282.184,238.11,-4.4487,-3.64427,0,334.37,209.627,339.934,0.995764,0.00264107,0.00090768
448.75,0,281.081,281.675,282.178,238.11,-4.44642,-3.64078,0,334.37,209.627,339.934,0.995765,0.00263852,0.000905884
449.25,0,281.076,281.669,282.172,238.109,-4.44269,-3.63606,0,334.37,209.627,339.934,0.995767,0.00263509,0.000916486
449.75,0,281.07,281.663,282.166,238.109,-4.43838,-3.63084,0,334.37,209.627,339.934,0.995768,0.0026313,0.000920655
450.25,0,281.062,281.657,282.16,238.109,-4.45093,-3.64102,0,334.258,209.61,339.934,0.99577,0.00263865,0.000954207
450.75,0,281.056,281.651,282.154,238.108,-4.44863,-3.63754,0,334.258,209.61,339.934,0.995772,0.00263611,0.000938388
451.25,0,281.051,281.645,282.148,238.108,-4.44489,-3.63284,0,334.258,209.61,339.934,0.995773,0.00263269,0.000960019
451.75,0,281.045,281.639,282.142,238.107,-4.44058,-3.62764,0,334.258,209.61,339.934,0.995774,0.00262892,0.00100939
452.25,0,281.038,281.632,282.136,238.107,-4.45304,-3.63773,0,334.147,209.593,339.934,0.995776,0.00263621,0.00120199
452.75,0,281.032,281.626,282.13,238.107,-4.45073,-3.63426,0,334.147,209.593,339.934,0.995778,0.00263368,0.0010433
453.25,0,281.026,281.62,282.124,238.106,-4.447,-3.62958,0,334.147,209.593,339.934,0.995779,0.00263028,0.0012049
453.75,0,281.021,281.614,282.118,238.106,-4.44269,-3.62441,0,334.147,209.593,339.934,0.99578,0.00262651,0.00107209
454.25,0,281.013,281.608,282.112,238.105,-4.45503,-3.63439,0,334.036,209.576,339.934,0.995781,0.00263373,0.00123685
454.75,0,281.007,281.602,282.106,238.105,-4.45271,-3.63093,0,334.036,209.576,339.934,0.995783,0.00263121,0.00110214
455.25,0,281.001,281.596,282.1,238.105,-4.44899,-3.62627,0,334.036,209.576,339.934,0.995784,0.00262782,0.00123901
455.75,0,280.996,281.59,282.094,238.104,-4.44469,-3.62112,0,334.036,209.576,339.934,0.995785,0.00262407,0.00112777
456.25,0,280.989,281.584,282.089,238.104,-4.45697,-3.63104,0,333.927,209.559,339.934,0.995786,0.00263124,0.0012698
456.75,0,280.983,281.578,282.083,238.103,-4.45465,-3.6276,0,333.927,209.559,339.934,0.995788,0.00262874,0.00115506
457.25,0,280.977,281.572,282.077,238.103,-4.45094,-3.62296,0,333.927,209.559,339.934,0.995789,0.00262536,0.00127125
457.75,0,280.972,281.566,282.071,238.103,-4.44665,-3.61784,0,333.927,209.559,339.934,0.99579,0.00262164,0.00117824
458.25,0,280.964,281.559,282.065,238.102,-4.45887,-3.62769,0,333.817,209.542,339.934,0.995791,0.00262876,0.00130112
458.75,0,280.958,281.553,282.059,238.102,-4.45656,-3.62427,0,333.817,209.542,339.934,0.995793,0.00262627,0.00120325
459.25,0,280.953,281.547,282.053,238.101,-4.45286,-3.61965,0,333.817,209.542,339.934,0.995794,0.00262291,0.00130209
459.75,0,280.947,281.542,282.047,238.101,-4.44859,-3.61456,0,333.817,209.542,339.934,0.995795,0.0026192,0.00122435
460.25,0,280.94,281.535,282.042,238.101,-4.46075,-3.62435,0,333.708,209.526,339.934,0.995796,0.00262628,0.00133127
460.75,0,280.934,281.529,282.036,238.1,-4.45845,-3.62094,0,333.708,209.526,339.934,0.995797,0.0026238,0.00124742
461.25,0,280.928,281.523,282.03,238.1,-4.45476,-3.61635,0,333.708,209.526,339.934,0.995798,0.00262045,0.00133195
461.75,0,280.923,281.518,282.024,238.1,-4.4505,-3.61128,0,333.708,209.526,339.934,0.995799,0.00261677,0.00126674
462.25,0,280.916,281.511,282.018,238.099,-4.4626,-3.62101,0,333.6,209.509,339.934,0.995801,0.00262381,0.00136062
462.75,0,280.91,281.506,282.012,238.099,-4.46031,-3.61762,0,333.6,209.509,339.934,0.995802,0.00262133,0.00128815
463.25,0,280.904,281.5,282.007,238.098,-4.45663,-3.61304,0,333.6,209.509,339.934,0.995803,0.002618,0.00136111
463.75,0,280.899,281.494,282.001,238.098,-4.45238,-3.608,0,333.6,209.509,339.934,0.995804,0.00261434,0.00130595
464.25,0,280.892,281.488,281.995,238.098,-4.46443,-3.61767,0,333.492,209.493,339.934,0.995805,0.00262133,0.00144134
464.75,0,280.886,281.482,281.989,238.097,-4.46214,-3.6143,0,333.492,209.493,339.934,0.995807,0.00261887,0.00167188
465.25,0,280.88,281.476,281.984,238.097,-4.45847,-3.60974,0,333.492,209.493,339.934,0.995808,0.00261556,0.00145935
465.75,0,280.875,281.47,281.978,238.096,-4.45424,-3.60472,0,333.492,209.493,339.934,0.995809,0.00261191,0.00168516
466.25,0,280.868,281.464,281.972,238.096,-4.46619,-3.61431,0,333.385,209.476,339.934,0.99581,0.00261884,0.00150249
466.75,0,280.862,281.458,281.966,238.096,-4.46391,-3.61095,0,333.385,209.476,339.934,0.995811,0.00261639,0.00170098
467.25,0,280.856,281.452,281.961,238.095,-4.46025,-3.60642,0,333.385,209.476,339.934,0.995812,0.00261309,0.00151824
467.75,0,280.851,281.446,281.955,238.095,-4.45603,-3.60143,0,333.385,209.476,339.934,0.995813,0.00260946,0.00171376
468.25,0,280.844,281.44,281.949,238.095,-4.46794,-3.61096,0,333.278,209.46,339.934,0.995815,0.00261636,0.00155906
468.75,0,280.838,281.434,281.943,238.094,-4.46566,-3.60762,0,333.278,209.46,339.934,0.995816,0.00261392,0.00172901
469.25,0,280.833,281.429,281.938,238.094,-4.46202,-3.60312,0,333.278,209.46,339.934,0.995817,0.00261064,0.00157303
469.75,0,280.827,281.423,281.932,238.094,-4.45782,-3.59815,0,333.278,209.46,339.934,0.995818,0.00260703,0.00174123
470.25,0,280.82,281.417,281.926,238.093,-4.46967,-3.60763,0,333.172,209.444,339.934,0.995819,0.00261389,0.00161194
470.75,0,280.814,281.411,281.92,238.093,-4.4674,-3.60431,0,333.172,209.444,339.934,0.99582,0.00261146,0.00175592
471.25,0,280.809,281.405,281.915,238.092,-4.46377,-3.59983,0,333.172,209.444,339.934,0.995821,0.0026082,0.0016244
471.75,0,280.804,281.4,281.909,238.092,-4.4596,-3.59489,0,333.172,209.444,339.934,0.995822,0.00260461,0.00176766
472.25,0,280.797,281.393,281.903,238.092,-4.4714,-3.60432,0,333.066,209.428,339.934,0.995823,0.00261143,0.0016616
472.75,0,280.791,281.388,281.898,238.091,-4.46914,-3.60101,0,333.066,209.428,339.934,0.995824,0.00260902,0.0017819
473.25,0,280.786,281.382,281.892,238.091,-4.46553,-3.59656,0,333.066,209.428,339.934,0.995825,0.00260578,0.0016727
473.75,0,280.78,281.376,281.886,238.091,-4.46137,-3.59165,0,333.066,209.428,339.934,0.995826,0.00260221,0.00179327
474.25,0,280.773,281.37,281.881,238.09,-4.47312,-3.60102,0,332.961,209.412,339.934,0.995828,0.00260899,0.00170831
474.75,0,280.767,281.364,281.875,238.09,-4.47087,-3.59773,0,332.961,209.412,339.934,0.995829,0.00260659,0.00180719
475.25,0,280.762,281.359,281.869,238.089,-4.46727,-3.5933,0,332.961,209.412,339.934,0.99583,0.00260337,0.00171813
475.75,0,280.757,281.353,281.864,238.089,-4.46312,-3.58842,0,332.961,209.412,339.934,0.995831,0.00259981,0.00181831
476.25,0,280.75,281.347,281.858,238.089,-4.47483,-3.59774,0,332.857,209.396,339.934,0.995832,0.00260655,0.00175227
476.75,0,280.744,281.341,281.852,238.088,-4.47259,-3.59446,0,332.857,209.396,339.934,0.995833,0.00260417,0.00183202
477.25,0,280.739,281.336,281.847,238.088,-4.469,-3.59006,0,332.857,209.396,339.934,0.995834,0.00260096,0.0017609
477.75,0,280.734,281.33,281.841,238.088,-4.46487,-3.5852,0,332.857,209.396,339.934,0.995835,0.00259743,0.00184299
478.25,0,280.727,281.324,281.836,238.087,-4.47653,-3.59447,0,332.752,209.38,339.934,0.995836,0.00260413,0.00179365
478.75,0,280.721,281.318,281.83,238.087,-4.4743,-3.59121,0,332.752,209.38,339.934,0.995837,0.00260176,0.00185656
479.25,0,280.716,281.313,281.824,238.087,-4.47072,-3.58684,0,332.752,209.38,339.934,0.995838,0.00259857,0.00180118
479.75,0,280.71,281.307,281.819,238.086,-4.46661,-3.582,0,332.752,209.38,339.934,0.995839,0.00259506,0.00232238
480.25,0,280.703,281.301,281.813,238.086,-4.47822,-3.59122,0,332.648,209.364,339.934,0.995841,0.00260172,0.0020416
480.75,0,280.698,281.295,281.808,238.086,-4.476,-3.58798,0,332.648,209.364,339.934,0.995842,0.00259936,0.00233768
481.25,0,280.692,281.29,281.802,238.085,-4.47244,-3.58363,0,332.648,209.364,339.934,0.995843,0.00259619,0.00205682
481.75,0,280.687,281.284,281.796,238.085,-4.46835,-3.57882,0,332.648,209.364,339.934,0.995844,0.0025927,0.00235004
482.25,0,280.68,281.278,281.791,238.085,-4.47991,-3.588,0,332.545,209.349,339.934,0.995845,0.00259933,0.00209335
482.75,0,280.675,281.272,281.785,238.084,-4.4777,-3.58478,0,332.545,209.349,339.934,0.995846,0.00259698,0.0023646
483.25,0,280.669,281.267,281.78,238.084,-4.47416,-3.58045,0,332.545,209.349,339.934,0.995847,0.00259383,0.00210773
483.75,0,280.664,281.261,281.774,238.083,-4.47009,-3.57567,0,332.545,209.349,339.934,0.995848,0.00259036,0.00237633
484.25,0,280.657,281.255,281.769,238.083,-4.4816,-3.58479,0,332.442,209.333,339.934,0.995849,0.00259696,0.00214318
484.75,0,280.652,281.25,281.763,238.083,-4.47941,-3.58159,0,332.442,209.333,339.934,0.99585,0.00259462,0.0023903
485.25,0,280.647,281.244,281.758,238.082,-4.47588,-3.57729,0,332.442,209.333,339.934,0.995851,0.00259149,0.00215673
485.75,0,280.641,281.239,281.752,238.082,-4.47182,-3.57254,0,332.442,209.333,339.934,0.995852,0.00258804,0.00240149
486.25,0,280.634,281.233,281.747,238.082,-4.4833,-3.58161,0,332.34,209.318,339.934,0.995853,0.0025946,0.00219113
486.75,0,280.629,281.227,281.741,238.081,-4.48111,-3.57843,0,332.34,209.318,339.934,0.995854,0.00259228,0.00241497
487.25,0,280.624,281.222,281.736,238.081,-4.4776,-3.57415,0,332.34,209.318,339.934,0.995855,0.00258917,0.00220388
487.75,0,280.619,281.216,281.73,238.081,-4.47356,-3.56943,0,332.34,209.318,339.934,0.995856,0.00258573,0.00242573
488.25,0,280.612,281.21,281.725,238.08,-4.48499,-3.57845,0,332.237,209.302,339.934,0.995857,0.00259226,0.00223726
488.75,0,280.606,281.205,281.719,238.08,-4.48281,-3.57529,0,332.237,209.302,339.934,0.995858,0.00258995,0.0024388
489.25,0,280.601,281.199,281.714,238.08,-4.47932,-3.57103,0,332.237,209.302,339.934,0.995859,0.00258686,0.00224921
489.75,0,280.596,281.194,281.708,238.079,-4.47529,-3.56633,0,332.237,209.302,339.934,0.99586,0.00258344,0.00244921
490.25,0,280.589,281.188,281.703,238.079,-4.48667,-3.57531,0,332.136,209.287,339.934,0.995862,0.00258993,0.00228159
490.75,0,280.584,281.182,281.697,238.079,-4.48451,-3.57217,0,332.136,209.287,339.934,0.995862,0.00258764,0.00246195
491.25,0,280.578,281.177,281.692,238.078,-4.48103,-3.56794,0,332.136,209.287,339.934,0.995864,0.00258456,0.00229277
491.75,0,280.573,281.171,281.686,238.078,-4.47703,-3.56326,0,332.136,209.287,339.934,0.995864,0.00258116,0.00247209
492.25,0,280.567,281.165,281.681,238.078,-4.48836,-3.57219,0,332.035,209.272,339.934,0.995866,0.00258762,0.00232417
492.75,0,280.561,281.16,281.675,238.077,-4.48621,-3.56907,0,332.035,209.272,339.934,0.995867,0.00258534,0.00248458
493.25,0,280.556,281.154,281.67,238.077,-4.48274,-3.56486,0,332.035,209.272,339.934,0.995868,0.00258228,0.00233458
493.75,0,280.551,281.149,281.665,238.077,-4.47876,-3.56021,0,332.035,209.272,339.934,0.995869,0.0025789,0.00249451
494.25,0,280.544,281.143,281.659,238.076,-4.49005,-3.56909,0,331.934,209.257,339.934,0.99587,0.00258532,0.00236503
494.75,0,280.539,281.138,281.654,238.076,-4.4879,-3.56599,0,331.934,209.257,339.934,0.995871,0.00258305,0.00250679
495.25,0,280.534,281.132,281.648,238.076,-4.48446,-3.5618,0,331.934,209.257,339.934,0.995872,0.00258001,0.0023747
495.75,0,280.529,281.127,281.643,238.075,-4.48049,-3.55718,0,331.934,209.257,339.934,0.995873,0.00257665,0.00251656
496.25,0,280.522,281.121,281.638,238.075,-4.49173,-3.56601,0,331.834,209.242,339.934,0.995874,0.00258304,0.00240422
496.75,0,280.516,281.115,281.632,238.075,-4.4896,-3.56292,0,331.834,209.242,339.934,0.995875,0.00258078,0.00258819
497.25,0,280.511,281.11,281.627,238.074,-4.48616,-3.55876,0,331.834,209.242,339.934,0.995876,0.00257775,0.00343929
497.75,0,280.506,281.105,281.621,238.074,-4.48221,-3.55416,0,331.834,209.242,339.934,0.995877,0.00257441,0.00261264
498.25,0,280.499,281.099,281.616,238.074,-4.49346,-3.56299,0,331.733,209.227,339.934,0.995878,0.00258079,0.00345536
498.75,0,280.494,281.093,281.611,238.074,-4.49134,-3.55992,0,331.733,209.227,339.934,0.995879,0.00257856,0.00263949
499.25,0,280.489,281.088,281.605,238.073,-4.48793,-3.55579,0,331.733,209.227,339.934,0.99588,0.00257555,0.00345559
499.75,0,280.484,281.083,281.6,238.073,-4.48399,-3.55122,0,331.733,209.227,339.934,0.995881,0.00257223,0.00266411
500.25,0,280.477,281.077,281.595,238.073,-4.49524,-3.56003,0,331.633,209.212,339.934,0.995882,0.0025786,0.00347077
500.75,0,280.472,281.072,281.589,238.072,-4.49314,-3.55699,0,331.633,209.212,339.934,0.995883,0.00257638,0.00269103
501.25,0,280.467,281.066,281.584,238.072,-4.48974,-3.55288,0,331.633,209.212,339.934,0.995884,0.00257339,0.00347001
501.75,0,280.462,281.061,281.579,238.072,-4.48583,-3.54834,0,331.633,209.212,339.934,0.995885,0.00257009,0.00271575
502.25,0,280.455,281.055,281.573,238.071,-4.49703,-3.55711,0,331.534,209.198,339.934,0.995886,0.00257643,0.00348405
502.75,0,280.45,281.05,281.568,238.071,-4.49494,-3.55408,0,331.534,209.198,339.934,0.995887,0.00257422,0.00388656
503.25,0,280.445,281.044,281.563,238.071,-4.49157,-3.55,0,331.534,209.198,339.934,0.995888,0.00257125,0.0052754
503.75,0,280.44,281.039,281.557,238.071,-4.48767,-3.54548,0,331.534,209.198,339.934,0.995889,0.00256797,0.00425642
504.25,0,280.433,281.033,281.552,238.07,-4.49917,-3.55449,0,331.432,209.184,339.934,0.99589,0.00257449,0.00528423
504.75,0,280.428,281.028,281.547,238.07,-4.49714,-3.55153,0,331.432,209.184,339.934,0.995891,0.00257232,0.00429789
505.25,0,280.423,281.023,281.541,238.07,-4.4938,-3.54748,0,331.432,209.184,339.934,0.995892,0.00256938,0.00528958
505.75,0,280.418,281.017,281.536,238.07,-4.48993,-3.543,0,331.432,209.184,339.934,0.995893,0.00256612,0.00433681
506.25,0,280.411,281.012,281.531,238.069,-4.50155,-3.55209,0,331.33,209.17,339.934,0.995895,0.0025727,0.00529659
506.75,0,280.406,281.006,281.526,238.069,-4.49956,-3.54917,0,331.33,209.17,339.934,0.995896,0.00257056,0.00437688
507.25,0,280.401,281.001,281.52,238.069,-4.49625,-3.54516,0,331.33,209.17,339.934,0.995897,0.00256765,0.00530069
507.75,0,280.396,280.996,281.515,238.069,-4.49242,-3.54071,0,331.33,209.17,339.934,0.995898,0.00256441,0.00441447
508.25,0,280.389,280.99,281.51,238.068,-4.50399,-3.54975,0,331.229,209.156,339.934,0.995899,0.00257095,0.00530638
508.75,0,280.384,280.985,281.505,238.068,-4.50202,-3.54684,0,331.229,209.156,339.934,0.9959,0.00256883,0.00445323
509.25,0,280.379,280.979,281.499,238.068,-4.49874,-3.54286,0,331.229,209.156,339.934,0.995901,0.00256593,0.00530931
509.75,0,280.374,280.974,281.494,238.068,-4.49492,-3.53843,0,331.229,209.156,339.934,0.995902,0.00256271,0.00448953
510.25,0,280.367,280.968,281.489,238.067,-4.50646,-3.54743,0,331.127,209.142,339.934,0.995903,0.00256922,0.00531377
510.75,0,280.362,280.963,281.484,238.067,-4.5045,-3.54454,0,331.127,209.142,339.934,0.995904,0.00256711,0.00452694
511.25,0,280.357,280.958,281.478,238.067,-4.50123,-3.54058,0,331.127,209.142,339.934,0.995905,0.00256423,0.00531571
511.75,0,280.352,280.953,281.473,238.067,-4.49743,-3.53618,0,331.127,209.142,339.934,0.995906,0.00256103,0.00456189
512.25,0,280.346,280.947,281.468,238.066,-4.50893,-3.54513,0,331.027,209.128,339.934,0.995908,0.0025675,0.00531912
512.75,0,280.34,280.942,281.463,238.066,-4.50698,-3.54225,0,331.027,209.128,339.934,0.995909,0.00256541,0.00459791
513.25,0,280.335,280.936,281.458,238.066,-4.50372,-3.53831,0,331.027,209.128,339.934,0.99591,0.00256254,0.0057885
513.75,0,280.331,280.931,281.452,238.066,-4.49994,-3.53394,0,331.027,209.128,339.934,0.995911,0.00255936,0.00551941
514.25,0,280.324,280.926,281.447,238.065,-4.51148,-3.54292,0,330.926,209.115,339.934,0.995912,0.00256585,0.00577035
514.75,0,280.319,280.92,281.442,238.065,-4.50956,-3.54007,0,330.926,209.115,339.934,0.995913,0.00256377,0.00553068
515.25,0,280.314,280.915,281.437,238.065,-4.50632,-3.53615,0,330.926,209.115,339.934,0.995914,0.00256092,0.00576017
515.75,0,280.309,280.91,281.432,238.065,-4.50256,-3.5318,0,330.926,209.115,339.934,0.995915,0.00255776,0.00554
516.25,0,280.302,280.904,281.426,238.065,-4.51413,-3.5408,0,330.824,209.101,339.934,0.995916,0.00256426,0.00574281
516.75,0,280.297,280.899,281.421,238.064,-4.51223,-3.53797,0,330.824,209.101,339.934,0.995917,0.00256221,0.00555063
517.25,0,280.292,280.894,281.416,238.064,-4.50901,-3.53408,0,330.824,209.101,339.934,0.995918,0.00255938,0.0057335
517.75,0,280.287,280.888,281.411,238.064,-4.50527,-3.52976,0,330.824,209.101,339.934,0.995919,0.00255623,0.00555934
518.25,0,280.281,280.883,281.406,238.064,-4.51679,-3.53869,0,330.724,209.088,339.934,0.995921,0.00256269,0.00571713
518.75,0,280.275,280.878,281.401,238.063,-4.5149,-3.53589,0,330.724,209.088,339.934,0.995922,0.00256065,0.00556936
519.25,0,280.27,280.872,281.395,238.063,-4.5117,-3.53202,0,330.724,209.088,339.934,0.995923,0.00255783,0.00570866
519.75,0,280.266,280.867,281.39,238.063,-4.50797,-3.52772,0,330.724,209.088,339.934,0.995924,0.0025547,0.00557746
520.25,0,280.259,280.862,281.385,238.063,-4.51944,-3.5366,0,330.624,209.075,339.934,0.995925,0.00256112,0.00569322
520.75,0,280.254,280.856,281.38,238.063,-4.51756,-3.53381,0,330.624,209.075,339.934,0.995926,0.00255909,0.00558684
521.25,0,280.249,280.851,281.375,238.062,-4.51437,-3.52996,0,330.624,209.075,339.934,0.995927,0.00255629,0.0056856
521.75,0,280.244,280.846,281.37,238.062,-4.51066,-3.52568,0,330.624,209.075,339.934,0.995928,0.00255318,0.0055943
522.25,0,280.238,280.841,281.365,238.062,-4.52208,-3.53451,0,330.524,209.061,339.934,0.995929,0.00255956,0.00567111
522.75,0,280.232,280.835,281.36,238.062,-4.5202,-3.53173,0,330.524,209.061,339.934,0.995931,0.00255753,0.00560301
523.25,0,280.228,280.83,281.355,238.061,-4.51703,-3.5279,0,330.524,209.061,339.934,0.995932,0.00255475,0.00566435
523.75,0,280.223,280.825,281.349,238.061,-4.51334,-3.52364,0,330.524,209.061,339.934,0.995933,0.00255165,0.0056098
524.25,0,280.216,280.82,281.344,238.061,-4.5247,-3.53242,0,330.425,209.048,339.934,0.995934,0.00255799,0.00565081
524.75,0,280.211,280.814,281.339,238.061,-4.52283,-3.52965,0,330.425,209.048,339.934,0.995935,0.00255598,0.0056178
525.25,0,280.206,280.809,281.334,238.061,-4.51967,-3.52584,0,330.425,209.048,339.934,0.995936,0.00255321,0.00564491
525.75,0,280.202,280.804,281.329,238.06,-4.51599,-3.5216,0,330.425,209.048,339.934,0.995937,0.00255013,0.00562389
526.25,0,280.195,280.799,281.324,238.06,-4.5273,-3.53032,0,330.326,209.035,339.934,0.995938,0.00255643,0.00563233
526.75,0,280.19,280.793,281.319,238.06,-4.52544,-3.52757,0,330.326,209.035,339.934,0.995939,0.00255443,0.00563118
527.25,0,280.185,280.788,281.314,238.06,-4.52229,-3.52378,0,330.326,209.035,339.934,0.99594,0.00255167,0.0056273
527.75,0,280.18,280.783,281.309,238.06,-4.51863,-3.51957,0,330.326,209.035,339.934,0.995941,0.00254861,0.00563656
528.25,0,280.174,280.778,281.304,238.059,-4.52989,-3.52824,0,330.228,209.022,339.934,0.995943,0.00255487,0.00561566
528.75,0,280.169,280.773,281.299,238.059,-4.52803,-3.5255,0,330.228,209.022,339.934,0.995944,0.00255287,0.00564312
529.25,0,280.164,280.768,281.294,238.059,-4.5249,-3.52173,0,330.228,209.022,339.934,0.995945,0.00255013,0.00561148
529.75,0,280.159,280.762,281.289,238.059,-4.52125,-3.51753,0,330.228,209.022,339.934,0.995946,0.00254708,0.00564779
530.25,0,280.153,280.757,281.284,238.058,-4.53245,-3.52615,0,330.13,209.009,339.934,0.995947,0.00255331,0.00560075
530.75,0,280.148,280.752,281.279,238.058,-4.5306,-3.52342,0,330.13,209.009,339.934,0.995948,0.00255132,0.00565364
531.25,0,280.143,280.747,281.274,238.058,-4.52748,-3.51967,0,330.13,209.009,339.934,0.995949,0.00254859,0.0055974
531.75,0.00176758,280.15,280.744,281.269,238.058,-4.43981,-3.4467,0.564383,330.13,209.009,339.934,0.995945,0.00249576,0.00558704
532.25,0.00620022,280.176,280.746,281.264,238.058,-4.22967,-3.27616,1.97972,330.037,209.001,339.934,0.995921,0.00237229,0.00541658
532.75,0.0106327,280.211,280.753,281.259,238.058,-3.97851,-3.06846,3.39501,330.037,209.001,339.934,0.995891,0.00222195,0.00546836
533.25,0.015065,280.252,280.762,281.254,238.057,-3.71389,-2.84877,4.81024,330.037,209.001,339.934,0.995858,0.00206292,0.0053169
533.75,0.0194971,280.297,280.774,281.25,238.057,-3.44211,-2.6217,6.22537,330.037,209.001,339.934,0.995823,0.00189855,0.00538199
534.25,0.0239287,280.35,280.791,281.245,238.057,-3.2156,-2.4096,7.74339,330.043,209.064,339.934,0.995687,0.00174502,0.00497357
534.75,0.0283599,280.405,280.81,281.242,238.058,-2.93318,-2.13972,9.27444,330.043,209.064,339.934,0.995584,0.00154964,0.00524039
535.25,0.0327905,280.463,280.831,281.238,238.058,-2.6486,-1.86628,10.8053,330.043,209.064,490.937,0.995501,0.00135166,0.00491488
535.75,0.0372204,280.523,280.854,281.235,238.058,-2.3629,-1.58988,12.3359,330.043,209.064,490.937,0.99543,0.00115153,0.00515886
536.25,0.0416497,280.591,280.881,281.232,238.058,-2.19315,-1.28228,13.8663,330.168,209.164,490.937,0.995255,0.000928784,0.00456053
536.75,0.0460781,280.657,280.91,281.231,238.058,-1.90984,-0.992269,15.3964,330.168,209.164,490.937,0.995125,0.000718759,0.00503794
537.25,0.0505056,280.725,280.939,281.229,238.058,-1.62494,-0.699732,16.9476,330.168,209.164,490.937,0.995021,0.000506883,0.00453029
537.75,0.0549321,280.799,280.971,281.229,238.059,-1.30041,-0.406569,18.6648,330.168,209.164,490.937,0.994934,0.000299047,0.00494137
538.25,0.0593575,280.882,281.008,281.228,238.059,-1.06201,-0.0891383,20.3816,330.393,209.288,490.937,0.994741,8.30759e-05,0.00410666
538.75,0.0637818,280.964,281.046,281.23,238.059,-0.664421,0.141555,22.0979,330.393,209.288,490.937,0.994539,0,0.00473387
539.25,0.0682048,281.046,281.086,281.231,238.06,-0.294795,0.417603,23.8137,330.393,209.288,490.937,0.994186,0,0.00401248
539.75,0.0726265,281.118,281.128,281.233,238.06,0.121233,0.828078,25.529,330.393,209.288,490.937,0.993513,0,0.00463003
540.25,0.0770467,281.19,281.179,281.235,238.061,0.768579,1.32716,27.2438,330.723,209.434,490.937,0.992746,0,0.00359407
540.75,0.0814655,281.252,281.227,281.24,238.061,1.41175,1.68625,28.9579,330.723,209.434,692.2,0.991415,0,0.00449434
541.25,0.0858826,281.314,281.276,281.244,238.062,2.0916,2.01146,30.6715,330.723,209.434,692.2,0.990439,0,0.00355915
541.75,0.090298,281.376,281.328,281.251,238.062,2.70958,2.30689,32.3844,330.723,209.434,692.2,0.989344,0,0.0043504
542.25,0.0947117,281.443,281.381,281.258,238.063,3.45766,2.67876,34.0966,331.197,209.554,692.2,0.987473,0,0.00324052
542.75,0.0991235,281.502,281.429,281.268,238.063,4.10397,3.08609,35.8081,331.197,209.554,692.2,0.986395,0,0.00423625
543.25,0.103533,281.564,281.48,281.279,238.064,4.84646,3.42273,37.7326,331.197,209.554,692.2,0.985207,0,0.00320249
543.75,0.107941,281.627,281.533,281.292,238.065,5.57129,3.7724,39.7091,331.197,209.554,692.2,0.983925,0,0.00409543
544.25,0.112347,281.697,281.589,281.306,238.065,6.48439,4.17845,41.6848,331.729,209.674,692.2,0.982493,0,0.00285162
544.75,0.11675,281.762,281.643,281.325,238.066,7.17688,4.5937,43.6594,331.729,209.674,692.2,0.980423,0,0.00388403
545.25,0.121152,281.823,281.692,281.35,238.067,7.93685,5.04655,45.633,331.729,209.674,692.2,0.979188,0,0.00285453
545.75,0.12555,281.885,281.743,281.376,238.068,8.71127,5.41892,47.6056,331.729,209.674,956.226,0.977887,0,0.00376315
546.25,0.129947,281.952,281.796,281.406,238.069,9.69239,5.84573,49.577,332.311,209.799,956.226,0.976481,0,0.00258511
546.75,0.134341,282.017,281.851,281.438,238.07,10.4227,6.24191,51.5473,332.311,209.799,956.226,0.975027,0,0.0035429
547.25,0.138732,282.083,281.908,281.471,238.07,11.1031,6.63832,53.5164,332.311,209.799,956.226,0.973538,0,0.00257433
547.75,0.14312,282.147,281.96,281.513,238.071,11.7675,7.09262,55.4843,332.311,209.799,956.226,0.971266,0,0.00360189
548.25,0.147506,282.212,282.01,281.56,238.072,12.7984,7.62663,57.4509,332.947,209.927,956.226,0.969969,0,0.00233229
548.75,0.151889,282.273,282.061,281.608,238.073,13.6075,8.02818,59.4163,332.947,209.927,956.226,0.968622,0,0.00319784
549.25,0.156268,282.336,282.113,281.658,238.074,14.3485,8.42741,61.3803,332.947,209.927,956.226,0.967236,0,0.0022937
549.75,0.160645,282.399,282.166,281.709,238.075,15.0624,8.83057,63.3429,332.947,209.927,956.226,0.965817,0,0.00311635
550.25,0.165019,282.468,282.221,281.762,238.076,16.0332,9.29215,65.3041,333.583,210.053,956.226,0.964336,0,0.00205386
550.75,0.169389,282.534,282.278,281.816,238.078,16.7426,9.71717,67.2638,333.583,210.053,1308.03,0.962825,0,0.00301208
551.25,0.173756,282.601,282.335,281.873,238.079,17.4831,10.2345,69.473,333.583,210.053,1308.03,0.960104,0,0.00456954
551.75,0.178119,282.663,282.384,281.921,238.08,18.2474,10.89,71.7212,333.583,210.053,1308.03,0.958087,0,0.0028597
552.25,0.182479,282.729,282.432,281.969,238.081,19.5077,11.4201,73.9676,334.274,210.187,1308.03,0.956811,0,0.00182253
552.75,0.186836,282.792,282.483,282.02,238.082,20.4708,11.8647,76.2122,334.274,210.187,1308.03,0.955478,0,0.00268374
553.25,0.191189,282.856,282.534,282.071,238.084,21.3657,12.3096,78.4549,334.274,210.187,1308.03,0.954097,0,0.00177601
553.75,0.195538,282.921,282.587,282.124,238.085,22.2318,12.7608,80.6957,334.274,210.187,1308.03,0.952675,0,0.00239989
554.25,0.199883,282.991,282.642,282.178,238.086,23.3722,13.2772,82.9344,334.953,210.319,1308.03,0.951187,0,0.00148347
554.75,0.204224,283.058,282.698,282.234,238.088,24.2338,13.7548,85.1712,334.953,210.319,1308.03,0.949661,0,0.0023087
555.25,0.208561,283.126,282.755,282.291,238.089,25.0437,14.2329,87.4059,334.953,210.319,1308.03,0.948104,0,0.00145609
555.75,0.212894,283.193,282.813,282.349,238.09,25.7543,14.885,89.6385,334.953,210.319,1308.03,0.944903,0,0.00894034
556.25,0.217223,283.263,282.866,282.402,238.092,26.7605,15.6813,91.8689,335.718,210.46,1308.03,0.941945,0,0.00184556
556.75,0.221548,283.324,282.914,282.45,238.093,27.7064,16.2788,94.0971,335.718,210.46,1759.97,0.940706,0,0.0019283
557.25,0.225868,283.385,282.963,282.499,238.095,28.6473,16.7352,96.3231,335.718,210.46,1759.97,0.939425,0,0.00129898
557.75,0.230184,283.447,283.013,282.549,238.096,29.5474,17.1952,98.5468,335.718,210.46,1759.97,0.938107,0,0.00178798
558.25,0.234496,283.515,283.065,282.6,238.098,30.7341,17.7224,100.768,336.432,210.593,1759.97,0.936734,0,0.00107012
558.75,0.238802,283.58,283.118,282.653,238.099,31.6272,18.2055,102.987,336.432,210.593,1759.97,0.935328,0,0.00161496
559.25,0.243104,283.644,283.171,282.707,238.101,32.4657,18.6887,105.204,336.432,210.593,1759.97,0.933894,0,0.00109226
559.75,0.247402,283.71,283.226,282.761,238.102,33.2836,19.1768,107.418,336.432,210.593,1759.97,0.932433,0,0.00155247
560.25,0.251694,283.782,283.282,282.817,238.104,34.4752,19.7468,109.742,337.204,210.732,1759.97,0.930926,0,0.000960244
560.75,0.255982,283.848,283.339,282.874,238.106,35.3535,20.482,112.235,337.204,210.732,1759.97,0.926863,0,0.0186608
561.25,0.260264,283.919,283.397,282.932,238.108,36.0985,21.2642,114.725,337.204,210.732,1759.97,0.925346,0,0.000967206
561.75,0.264542,283.984,283.453,282.988,238.109,36.8908,22.0489,117.212,337.204,210.732,1759.97,0.920979,0,0.00344586
562.25,0.268814,284.052,283.5,283.034,238.111,38.1923,22.9098,119.696,338.032,210.88,1759.97,0.919805,0,0.000873923
562.75,0.273081,284.114,283.548,283.082,238.113,39.327,23.4208,122.178,338.032,210.88,1759.97,0.918589,0,0.00107828
563.25,0.277342,284.176,283.597,283.131,238.115,40.3807,23.9281,124.656,338.032,210.88,2361.86,0.917336,0,0.000860218
563.75,0.281598,284.24,283.647,283.181,238.116,41.4023,24.4404,127.13,338.032,210.88,2361.86,0.916048,0,0.000945693
564.25,0.285849,284.309,283.698,283.232,238.118,42.7313,25.0267,129.602,338.788,211.019,2361.86,0.914712,0,0.000791272
564.75,0.290094,284.374,283.75,283.285,238.12,43.7527,25.5643,132.071,338.788,211.019,2361.86,0.913344,0,0.000923004
565.25,0.294333,284.44,283.804,283.338,238.122,44.7186,26.102,134.536,338.788,211.019,2361.86,0.911947,0,0.000778208
565.75,0.298566,284.506,283.858,283.392,238.124,45.6631,26.6457,136.997,338.788,211.019,2361.86,0.910524,0,0.000900495
566.25,0.302794,284.579,283.913,283.447,238.126,46.9555,27.2693,139.456,339.617,211.164,2361.86,0.909061,0,0.000706035
566.75,0.307015,284.642,283.969,283.503,238.129,47.7034,28.2815,141.91,339.617,211.164,2361.86,0.903609,0,0.0415245
567.25,0.311231,284.711,284.027,283.56,238.131,48.3903,29.1238,144.362,339.617,211.164,2361.86,0.902168,0,0.000691414
567.75,0.31544,284.78,284.085,283.619,238.133,49.2595,29.6845,146.809,339.617,211.164,2361.86,0.900708,0,0.000846935
568.25,0.319644,284.851,284.144,283.678,238.135,50.3818,30.6269,149.254,340.497,211.32,2361.86,0.894943,0,0.00682973
568.75,0.323841,284.912,284.192,283.725,238.137,51.0546,31.8056,151.694,340.497,211.32,3113.18,0.893061,0,0.00133831
569.25,0.328031,284.972,284.238,283.771,238.139,52.1361,32.3541,154.131,340.497,211.32,3113.18,0.891953,0,0.000575331
569.75,0.332215,285.033,284.285,283.818,238.141,53.1777,32.8757,156.564,340.497,211.32,3113.18,0.890817,0,0.000791676
570.25,0.336393,285.099,284.333,283.866,238.143,54.5499,33.475,158.993,341.317,211.462,3113.18,0.889642,0,0.000486132
570.75,0.340564,285.161,284.382,283.915,238.145,55.5864,34.0181,161.419,341.317,211.462,3113.18,0.888441,0,0.0007611
571.25,0.344728,285.223,284.432,283.965,238.147,56.564,34.5592,163.84,341.317,211.462,3113.18,0.887216,0,0.000475354
571.75,0.348886,285.285,284.482,284.015,238.15,57.5194,35.1052,166.258,341.317,211.462,3113.18,0.885969,0,0.000730646
572.25,0.353037,285.355,284.533,284.066,238.152,58.9217,35.7516,168.886,342.154,211.605,3113.18,0.884687,0,0.000382284
572.75,0.35718,285.421,284.586,284.119,238.154,60.0353,36.3506,171.589,342.154,211.605,3113.18,0.883377,0,0.000697243
573.25,0.361317,285.479,284.638,284.171,238.159,60.866,37.463,174.287,342.154,211.605,3113.18,0.875954,0,0.0829151
573.75,0.365447,285.546,284.692,284.225,238.161,61.4756,38.7053,176.98,342.154,211.605,3113.18,0.87469,0,0.000573794
574.25,0.369569,285.619,284.748,284.28,238.163,62.8499,39.3766,179.669,343.007,211.767,3113.18,0.873387,0,6.2293e-06
574.75,0.373685,285.688,284.804,284.336,238.166,63.9056,39.9943,182.353,343.007,211.767,3113.18,0.872061,0,0.000535997
575.25,0.377792,285.758,284.86,284.393,238.168,64.9132,40.6127,185.032,343.007,211.767,3113.18,0.870714,0,6.10586e-06
575.75,0.381893,285.827,284.917,284.45,238.171,65.9049,41.2377,187.706,343.007,211.767,3113.18,0.862934,0,0.0165852
576.25,0.385986,285.895,284.975,284.508,238.173,66.6583,43.1926,190.376,343.953,211.927,3113.18,0.860375,0,0.00283138
576.75,0.390071,285.956,285.023,284.555,238.176,67.5817,44.0912,193.04,343.953,211.927,3113.18,0.859084,0,0.000843696
577.25,0.394149,286.017,285.069,284.601,238.178,68.7644,44.6827,195.7,343.953,211.927,3113.18,0.858045,0,1.64704e-05
577.75,0.398219,286.077,285.116,284.648,238.181,69.9047,45.2619,198.354,343.953,211.927,3113.18,0.856982,0,0.000768757
578.25,0.402281,286.144,285.163,284.695,238.183,71.4084,45.9275,201.004,344.844,212.073,3113.18,0.855888,0,0
578.75,0.406335,286.192,285.211,284.743,238.192,71.9737,47.7209,203.648,344.844,212.073,3113.18,0.84485,0,0.207178
579.25,0.410381,286.254,285.26,284.791,238.194,72.4922,49.0634,206.287,344.844,212.073,3113.18,0.843835,0,0
579.75,0.41442,286.316,285.309,284.841,238.197,73.5142,49.6395,208.92,344.844,212.073,3113.18,0.842802,0,0
580.25,0.41845,286.384,285.36,284.891,238.199,74.8716,50.2973,211.549,345.593,212.248,3113.18,0.841734,0,0
580.75,0.422471,286.448,285.411,284.942,238.202,75.9368,50.9037,214.172,345.593,212.248,3113.18,0.840648,0,0
581.25,0.426485,286.513,285.462,284.994,238.205,76.9566,51.5099,216.79,345.593,212.248,3113.18,0.839543,0,0
581.75,0.43049,286.577,285.515,285.046,238.207,77.9605,52.1218,219.402,345.593,212.248,3113.18,0.838422,0,0
582.25,0.434487,286.649,285.568,285.099,238.21,79.3713,52.83,222.008,346.55,212.402,3113.18,0.837276,0,0
582.75,0.438475,286.715,285.621,285.153,238.213,80.4035,53.4679,224.61,346.55,212.402,3113.18,0.836113,0,0
583.25,0.442454,286.781,285.676,285.207,238.215,81.3787,54.103,227.205,346.55,212.402,3113.18,0.834935,0,0
583.75,0.446425,286.832,285.73,285.261,238.219,81.8354,55.82,229.795,346.55,212.402,3113.18,0.822605,0,0.0473444
584.25,0.450387,286.903,285.785,285.316,238.222,82.4035,57.7085,232.379,347.477,212.561,3113.18,0.8216,0,0
584.75,0.454341,286.967,285.84,285.371,238.225,83.2979,58.4586,234.957,347.477,212.561,3113.18,0.817867,0,0.0106486
585.25,0.458285,287.027,285.888,285.418,238.228,84.0015,59.6083,237.53,347.477,212.561,3113.18,0.816271,0,0.00228512
585.75,0.46222,287.084,285.93,285.461,238.231,85.1425,60.2202,240.096,347.477,212.561,3113.18,0.815498,0,0
586.25,0.466146,287.147,285.974,285.504,238.234,86.6732,60.8773,242.657,348.424,212.714,3113.18,0.8147,0,0
586.75,0.470063,287.204,286.018,285.548,238.236,87.8139,61.4596,245.212,348.424,212.714,3113.18,0.813882,0,0
587.25,0.473971,287.262,286.062,285.593,238.239,88.8897,62.037,247.76,348.424,212.714,3113.18,0.813048,0,0
587.75,0.47787,287.32,286.107,285.638,238.242,89.942,62.6179,250.303,348.424,212.714,3113.18,0.812196,0,0
588.25,0.481759,287.384,286.153,285.684,238.245,91.3681,63.2908,252.84,349.322,212.858,3113.18,0.811323,0,0
588.75,0.485638,287.443,286.2,285.73,238.248,92.4371,63.894,255.37,349.322,212.858,3113.18,0.810433,0,0
589.25,0.489508,287.502,286.246,285.777,238.251,93.4502,64.4938,257.894,349.322,212.858,3113.18,0.809528,0,0
589.75,0.493369,287.562,286.294,285.824,238.254,94.4439,65.0976,260.412,349.322,212.858,3113.18,0.808608,0,0
590.25,0.49722,287.627,286.342,285.872,238.257,95.8355,65.7986,262.923,350.268,213.006,3113.18,0.807669,0,0
590.75,0.501061,287.688,286.39,285.92,238.26,96.8824,66.4321,265.494,350.268,213.006,3113.18,0.806714,0,0
591.25,0.504892,287.75,286.439,285.969,238.263,97.953,67.0791,268.232,350.268,213.006,3113.18,0.805744,0,0
591.75,0.508713,287.813,286.489,286.019,238.266,99.015,67.7331,270.962,350.268,213.006,3113.18,0.804758,0,0
592.25,0.512524,287.882,286.539,286.069,238.269,100.486,68.4883,273.685,351.235,213.161,3113.18,0.803753,0,0
592.75,0.516325,287.945,286.59,286.12,238.272,101.576,69.1681,276.401,351.235,213.161,3113.18,0.802732,0,0
593.25,0.520117,288.009,286.641,286.171,238.276,102.609,69.8448,279.109,351.235,213.161,3113.18,0.801697,0,0
593.75,0.523897,288.073,286.693,286.223,238.279,103.624,70.5262,281.81,351.235,213.161,3113.18,0.800649,0,0
594.25,0.527668,288.144,286.746,286.275,238.282,105.047,71.3097,284.504,352.207,213.324,3113.18,0.799583,0,0
594.75,0.531428,288.209,286.799,286.328,238.285,106.087,72.0164,287.191,352.207,213.324,3113.18,0.798502,0,0
595.25,0.535178,288.274,286.852,286.381,238.289,107.071,72.7197,289.87,352.207,213.324,3113.18,0.79741,0,0
595.75,0.538917,288.34,286.906,286.435,238.292,108.036,73.4276,292.541,352.207,213.324,3113.18,0.796307,0,0
596.25,0.542645,288.412,286.961,286.49,238.295,109.43,74.2426,295.205,353.224,213.492,3113.18,0.795186,0,0
596.75,0.546363,288.479,287.016,286.545,238.298,110.423,74.9761,297.862,353.224,213.492,3113.18,0.794054,0,0
597.25,0.550071,288.546,287.072,286.601,238.302,111.359,75.7056,300.51,353.224,213.492,3113.18,0.792912,0,0
597.75,0.553767,288.613,287.128,286.657,238.305,112.276,76.4396,303.151,353.224,213.492,3113.18,0.79176,0,0
598.25,0.557453,288.687,287.185,286.713,238.309,113.64,77.2855,305.785,354.285,213.663,3113.18,0.790593,0,0
598.75,0.561127,288.755,287.242,286.771,238.312,114.588,78.0454,308.41,354.285,213.663,3113.18,0.789416,0,0
599.25,0.564791,288.824,287.3,286.828,238.315,115.476,78.8007,311.027,354.285,213.663,3113.18,0.788231,0,0
599.75,0.568443,288.892,287.358,286.886,238.319,116.345,79.5602,313.637,354.285,213.663,3113.18,0.787038,0,0
600.25,0.572084,288.968,287.417,286.945,238.322,117.681,80.4365,316.238,355.387,213.839,3113.18,0.785831,0,0
600.75,0.575714,289.037,287.476,287.004,238.326,118.583,81.2222,318.832,355.387,213.839,3113.18,0.784616,0,0
601.25,0.579333,289.107,287.536,287.064,238.329,119.424,82.0028,321.417,355.387,213.839,3113.18,0.783394,0,0
601.75,0.58294,289.177,287.596,287.124,238.333,120.247,82.7874,323.995,355.387,213.839,3113.18,0.782166,0,0
602.25,0.586536,289.254,287.656,287.184,238.337,121.547,83.6923,326.564,356.515,214.021,3113.18,0.780926,0,0
602.75,0.590121,289.325,287.717,287.245,238.34,122.403,84.5032,329.125,356.515,214.021,3113.18,0.779679,0,0
603.25,0.593693,289.396,287.779,287.306,238.344,123.199,85.3085,331.677,356.515,214.021,3113.18,0.778427,0,0
603.75,0.597255,289.467,287.841,287.368,238.347,123.976,86.1177,334.222,356.515,214.021,3113.18,0.777169,0,0
604.25,0.600804,289.546,287.903,287.431,238.351,125.247,87.0521,336.758,357.684,214.206,3113.18,0.775902,0,0
604.75,0.604341,289.618,287.966,287.493,238.355,126.06,87.8879,339.285,357.684,214.206,3113.18,0.774629,0,0
605.25,0.607867,289.69,288.029,287.557,238.358,126.81,88.7174,341.804,357.684,214.206,3113.18,0.773353,0,0
605.75,0.611381,289.763,288.093,287.62,238.362,127.542,89.5506,344.315,357.684,214.206,3113.18,0.772072,0,0
606.25,0.614883,289.842,288.157,287.684,238.366,128.785,90.5141,346.816,358.892,214.395,3113.18,0.770784,0,0
606.75,0.618372,289.916,288.222,287.749,238.37,129.555,91.3742,349.31,358.892,214.395,3113.18,0.769491,0,0
607.25,0.62185,289.989,288.287,287.813,238.373,130.261,92.2274,351.794,358.892,214.395,3113.18,0.768196,0,0
607.75,0.625315,290.063,288.352,287.879,238.377,130.948,93.084,354.27,358.892,214.395,3113.18,0.766898,0,0
608.25,0.628768,290.144,288.418,287.944,238.381,132.163,94.0762,356.737,360.139,214.588,3113.18,0.765593,0,0
608.75,0.632209,290.218,288.484,288.011,238.385,132.89,94.9599,359.195,360.139,214.588,3113.18,0.764286,0,0
609.25,0.635637,290.293,288.551,288.077,238.389,133.552,95.8362,361.645,360.139,214.588,3113.18,0.762977,0,0
609.75,0.639053,290.367,288.617,288.144,238.392,134.196,96.7157,364.085,360.139,214.588,3113.18,0.761667,0,0
610.25,0.642456,290.45,288.685,288.211,238.396,135.383,97.7359,366.516,361.425,214.784,3113.18,0.760351,0,0
610.75,0.645846,290.525,288.753,288.279,238.4,136.068,98.6428,368.939,361.425,214.784,3113.18,0.759034,0,0
611.25,0.649224,290.601,288.821,288.347,238.404,136.687,99.5415,371.352,361.425,214.784,3113.18,0.757716,0,0
611.75,0.652589,290.677,288.889,288.415,238.408,137.338,100.455,373.873,361.425,214.784,3113.18,0.756398,0,0
612.25,0.655941,290.761,288.958,288.484,238.412,138.57,101.521,376.42,362.748,214.983,3113.18,0.755074,0,0
612.75,0.659281,290.839,289.027,288.553,238.416,139.287,102.469,378.956,362.748,214.983,3113.18,0.753748,0,0
613.25,0.662607,290.916,289.097,288.622,238.42,139.937,103.41,381.483,362.748,214.983,3113.18,0.752422,0,0
613.75,0.665921,290.994,289.167,288.692,238.424,140.569,104.353,383.999,362.748,214.983,3113.18,0.751096,0,0
614.25,0.669221,291.079,289.237,288.763,238.428,141.775,105.45,386.506,364.109,215.187,3113.18,0.749766,0,0
614.75,0.672508,291.158,289.308,288.833,238.432,142.45,106.422,389.003,364.109,215.187,4016.82,0.748435,0,0
615.25,0.675782,291.236,289.379,288.904,238.436,143.056,107.386,391.49,364.109,215.187,4016.82,0.747104,0,0
615.75,0.679043,291.315,289.451,288.976,238.44,143.643,108.353,393.966,364.109,215.187,4016.82,0.745775,0,0
616.25,0.68229,291.401,289.523,289.047,238.444,144.819,109.478,396.433,365.508,215.394,4016.82,0.744442,0,0
616.75,0.685524,291.481,289.595,289.119,238.448,145.451,110.474,398.889,365.508,215.394,4016.82,0.74311,0,0
617.25,0.688745,291.56,289.667,289.192,238.452,146.013,111.46,401.335,365.508,215.394,4016.82,0.741779,0,0
617.75,0.691952,291.639,289.74,289.265,238.456,146.555,112.45,403.771,365.508,215.394,4016.82,0.740451,0,0
618.25,0.695145,291.727,289.813,289.338,238.46,147.702,113.603,406.197,366.945,215.603,4016.82,0.73912,0,0
618.75,0.698325,291.807,289.887,289.411,238.464,148.291,114.621,408.612,366.945,215.603,4016.82,0.737792,0,0
619.25,0.701491,291.887,289.961,289.485,238.469,148.808,115.629,411.017,366.945,215.603,5273.21,0.736465,0,0
619.75,0.704643,291.968,290.035,289.559,238.473,149.306,116.64,413.411,366.945,215.603,5273.21,0.735142,0,0
620.25,0.707781,292.056,290.109,289.633,238.477,150.424,117.82,415.795,368.418,215.815,5273.21,0.733818,0,0
620.75,0.710905,292.137,290.184,289.708,238.481,150.97,118.86,418.168,368.418,215.815,5273.21,0.732496,0,0
621.25,0.714016,292.218,290.259,289.783,238.485,151.444,119.889,420.53,368.418,215.815,5273.21,0.731178,0,0
621.75,0.717112,292.224,290.32,289.844,238.532,147.984,128.976,422.882,368.418,215.815,3113.18,0.692248,0,1.39279
622.25,0.720195,292.304,290.394,289.917,238.545,147.242,131.795,425.223,369.264,216.265,3113.18,0.691428,0,0.349186
622.75,0.723263,292.382,290.468,289.991,238.547,147.582,132.692,427.554,369.264,216.265,3113.18,0.690608,0,0
623.25,0.726317,292.462,290.542,290.065,238.549,147.989,133.614,429.874,369.264,216.265,3113.18,0.689788,0,0
623.75,0.729357,292.542,290.616,290.139,238.551,148.418,134.548,432.182,369.264,216.265,3113.18,0.688967,0,0
624.25,0.732382,292.628,290.691,290.214,238.554,149.36,135.625,434.48,370.441,216.5,4016.82,0.688149,0,0
624.75,0.735393,292.708,290.765,290.288,238.556,149.854,136.59,436.767,370.441,216.5,5273.21,0.68733,0,0
625.25,0.738389,292.789,290.84,290.363,238.558,150.294,137.549,439.043,370.441,216.5,5273.21,0.686509,0,0
625.75,0.741371,292.869,290.916,290.438,238.561,150.72,138.512,441.308,370.441,216.5,5273.21,0.685688,0,0
626.25,0.744339,292.958,290.991,290.514,238.563,151.786,139.656,443.562,371.956,216.68,5273.21,0.684866,0,0
626.75,0.747292,293.04,291.067,290.589,238.566,152.269,140.65,445.805,371.956,216.68,5273.21,0.684042,0,0
627.25,0.75023,293.121,291.143,290.665,238.569,152.68,141.633,448.037,371.956,216.68,5273.21,0.683218,0,0
627.75,0.753153,293.202,291.219,290.741,238.572,153.073,142.618,450.257,371.956,216.68,7026.68,0.682395,0,0
628.25,0.756062,293.292,291.296,290.818,238.575,154.118,143.791,452.467,373.509,216.867,7026.68,0.68157,0,0
628.75,0.758956,293.278,291.345,290.867,238.604,149.313,155.81,454.665,373.509,216.867,3113.18,0.640225,0,0.876629
629.25,0.761834,293.353,291.419,290.941,238.618,148.873,156.798,456.851,373.509,216.867,5273.21,0.639947,0,0.40226
629.75,0.764698,293.432,291.494,291.015,238.62,149.1,157.619,459.027,373.509,216.867,5273.21,0.639665,0,0
630.25,0.767547,293.515,291.569,291.09,238.621,149.754,158.565,461.19,374.266,217.199,5273.21,0.639361,0,0
630.75,0.770381,293.595,291.644,291.166,238.623,150.139,159.455,463.343,374.266,217.199,7026.68,0.639052,0,0
631.25,0.7732,293.675,291.72,291.241,238.624,150.502,160.346,465.484,374.266,217.199,7026.68,0.638738,0,0
631.75,0.776003,293.756,291.795,291.316,238.626,150.862,161.244,467.613,374.266,217.199,7026.68,0.638419,0,0
632.25,0.778791,293.773,291.857,291.378,238.643,148.053,170.212,469.731,375.834,217.359,3113.18,0.605364,0,0.482014
632.75,0.781564,293.848,291.931,291.451,238.644,147.208,172.407,471.837,375.834,217.359,7026.68,0.605472,0,0
633.25,0.784322,293.926,292.005,291.525,238.645,147.455,173.172,473.932,375.834,217.359,7026.68,0.605573,0,0
633.75,0.787064,294.005,292.079,291.599,238.647,147.789,173.969,476.014,375.834,217.359,7026.68,0.605665,0,0
634.25,0.78979,294.046,292.142,291.663,238.656,146.782,179.05,478.085,377.158,217.499,9270.94,0.585697,0,0.247587
634.75,0.792502,294.121,292.216,291.736,238.663,146.028,181.452,480.145,377.158,217.499,9270.94,0.586017,0,0.192194
635.25,0.795197,294.175,292.285,291.805,238.68,145.8,183.366,482.192,377.158,217.499,9270.94,0.574476,0,0.514079
635.75,0.797877,294.25,292.358,291.878,238.681,144.822,186.346,484.228,377.158,217.499,9270.94,0.57493,0,0
636.25,0.800541,294.296,292.408,291.928,238.698,143.885,190.78,486.268,378.163,217.746,9270.94,0.552742,0,0.54723
636.75,0.80319,294.322,292.446,291.966,238.703,143.503,194.135,488.362,378.163,217.746,9270.94,0.553927,0,0.143984
637.25,0.805823,294.371,292.484,292.003,238.73,144.326,194.385,490.443,378.163,217.746,7026.68,0.555115,0,0.882765
637.75,0.80844,294.421,292.521,292.041,238.729,145.307,194.684,492.511,378.163,217.746,7026.68,0.556295,0,0
638.25,0.811041,294.471,292.559,292.079,238.728,146.38,195.014,494.568,378.364,218.141,7026.68,0.557468,0,0
638.75,0.813626,294.52,292.597,292.116,238.728,147.371,195.322,496.611,378.364,218.141,7026.68,0.558633,0,0
639.25,0.816195,294.57,292.634,292.154,238.727,148.344,195.629,498.642,378.364,218.141,7026.68,0.55979,0,0
639.75,0.818748,294.619,292.659,292.178,238.739,149.307,195.935,500.66,378.364,218.141,7026.68,0.543247,0,0.405991
640.25,0.821285,294.626,292.696,292.216,238.738,148.177,201.57,502.666,379.159,218.227,7026.68,0.544522,0,0
640.75,0.823806,294.674,292.734,292.253,238.737,148.756,201.725,504.658,379.159,218.227,7026.68,0.545801,0,0
641.25,0.82631,294.722,292.771,292.291,238.737,149.629,201.97,506.638,379.159,218.227,9270.94,0.547072,0,0
641.75,0.828799,294.77,292.809,292.328,238.736,150.533,202.227,508.605,379.159,218.227,9270.94,0.548335,0,0
642.25,0.831271,294.823,292.822,292.341,238.742,151.805,202.595,510.559,380.005,218.236,9270.94,0.530604,0,0.207374
642.75,0.833727,294.814,292.859,292.378,238.756,150.38,208.477,512.501,380.005,218.236,9270.94,0.532009,0,0.469774
643.25,0.836166,294.859,292.89,292.409,238.757,150.795,208.54,514.429,380.005,218.236,9270.94,0.522134,0,0.0712741
643.75,0.838589,294.879,292.926,292.445,238.756,149.983,212.108,516.344,380.005,218.236,9270.94,0.523613,0,0
644.25,0.840996,294.927,292.941,292.46,238.758,150.763,212.26,518.247,380.357,218.302,9270.94,0.523699,0,0.0976224
644.75,0.843386,294.954,292.977,292.497,238.757,151.924,212.76,520.136,380.357,218.302,9270.94,0.525162,0,0
645.25,0.845759,295,293.001,292.52,238.76,152.601,212.892,522.012,380.357,218.302,9270.94,0.52461,0,0.11327
645.75,0.848116,295.033,293.038,292.557,238.759,153.434,213.623,523.875,380.357,218.302,9270.94,0.526067,0,0
646.25,0.850456,295.084,293.066,292.585,238.762,154.533,213.892,525.725,381.274,218.351,9270.94,0.525155,0,0.123114
646.75,0.852779,295.119,293.103,292.622,238.776,155.237,214.771,527.562,381.274,218.351,9270.94,0.526611,0,0.481017
647.25,0.855086,295.166,293.119,292.638,238.796,155.983,214.928,529.385,381.274,218.351,7026.68,0.51806,0,0.680973
647.75,0.857376,295.176,293.132,292.651,238.795,155.73,218.07,531.195,381.274,218.351,7026.68,0.51967,0,0.0339158
648.25,0.859649,295.203,293.155,292.674,238.795,156.803,217.993,532.992,381.238,218.666,9270.94,0.520587,0,0.049222
648.75,0.861905,295.236,293.184,292.703,238.795,157.627,218.207,534.776,381.238,218.666,9270.94,0.521111,0,0.0581605
649.25,0.864144,295.274,293.217,292.735,238.795,158.31,218.587,536.546,381.238,218.666,9270.94,0.521413,0,0.0634926
649.75,0.866367,295.314,293.251,292.769,238.796,158.919,219.063,538.302,381.238,218.666,9270.94,0.521591,0,0.0667793
650.25,0.868572,295.36,293.27,292.788,238.822,159.885,219.718,540.045,382.176,218.698,5273.21,0.496223,0,0.905816
650.75,0.87076,295.337,293.278,292.796,238.834,156.825,228.055,541.775,382.176,218.698,7026.68,0.498183,0,0.488066
651.25,0.872931,295.358,293.286,292.804,238.831,157.735,227.735,543.491,382.176,218.698,7026.68,0.500142,0,0
651.75,0.875085,295.381,293.294,292.812,238.828,158.939,227.514,545.194,382.176,218.698,7026.68,0.502087,0,0
652.25,0.877222,295.4,293.303,292.821,238.826,159.82,227.211,546.883,381.405,218.896,7026.68,0.504006,0,0
652.75,0.879341,295.423,293.312,292.83,238.823,160.986,227.002,548.558,381.405,218.896,7026.68,0.505912,0,0
653.25,0.881443,295.446,293.321,292.84,238.821,162.173,226.806,550.22,381.405,218.896,9270.94,0.507805,0,0
653.75,0.883528,295.469,293.331,292.849,238.818,163.352,226.614,551.868,381.405,218.896,9270.94,0.509686,0,0
654.25,0.885595,295.497,293.34,292.859,238.816,164.852,226.535,553.503,382.207,218.828,9270.94,0.511556,0,0
654.75,0.887646,295.52,293.35,292.869,238.814,166.049,226.362,555.123,382.207,218.828,9270.94,0.513413,0,0
655.25,0.889678,295.544,293.36,292.879,238.812,167.202,226.18,556.73,382.207,218.828,9270.94,0.515257,0,0
655.75,0.891693,295.567,293.37,292.889,238.811,168.338,226,558.323,382.207,218.828,9270.94,0.51709,0,0.0125859
656.25,0.893691,295.595,293.365,292.884,238.838,169.796,225.934,559.902,383.024,218.777,5273.21,0.495392,0,0.913266
656.75,0.895671,295.558,293.375,292.894,238.856,167.571,232.97,561.467,383.024,218.777,7026.68,0.49733,0,0.678598
657.25,0.897634,295.579,293.385,292.903,238.89,168.151,232.581,563.019,383.024,218.777,7026.68,0.499262,0,1.2099
657.75,0.899578,295.601,293.395,292.914,238.885,169.152,232.329,564.556,383.024,218.777,7026.68,0.501183,0,0
658.25,0.901506,295.617,293.405,292.924,238.881,169.625,231.921,566.079,381.682,219.374,7026.68,0.50309,0,0
658.75,0.903415,295.639,293.416,292.934,238.876,170.612,231.676,567.589,381.682,219.374,7026.68,0.504985,0,0
659.25,0.905307,295.662,293.426,292.945,238.872,171.649,231.453,569.084,381.682,219.374,7026.68,0.506869,0,0
659.75,0.907181,295.685,293.437,292.955,238.868,172.689,231.235,570.565,381.682,219.374,9270.94,0.508742,0,0
660.25,0.909037,295.712,293.448,292.966,238.865,174.074,231.136,572.033,382.525,219.275,9270.94,0.510606,0,0
660.75,0.910875,295.735,293.459,292.977,238.861,175.144,230.937,573.486,382.525,219.275,9270.94,0.512458,0,0
661.25,0.912695,295.758,293.47,292.988,238.858,176.173,230.731,574.925,382.525,219.275,9270.94,0.514299,0,0
661.75,0.914498,295.781,293.47,292.988,238.882,177.187,230.526,576.349,382.525,219.275,5273.21,0.494444,0,0.87421
662.25,0.916282,295.749,293.481,292.999,238.878,174.831,236.985,577.76,382.204,219.36,9270.94,0.496371,0,0
662.75,0.918049,295.77,293.492,293.01,238.874,175.34,236.591,579.156,382.204,219.36,9270.94,0.498294,0,0
663.25,0.919797,295.792,293.503,293.021,238.871,176.237,236.321,580.538,382.204,219.36,9270.94,0.500207,0,0
663.75,0.921527,295.814,293.514,293.032,238.867,177.187,236.073,581.935,382.204,219.36,9270.94,0.502109,0,0.00754509
664.25,0.923239,295.84,293.525,293.043,238.865,178.432,235.915,583.32,382.852,219.22,9270.94,0.504005,0,0.0279889
664.75,0.924934,295.863,293.536,293.055,238.862,179.429,235.688,584.691,382.852,219.22,9270.94,0.50589,0,0.0110904
665.25,0.926609,295.886,293.548,293.066,238.86,180.398,235.457,586.047,382.852,219.22,9270.94,0.507765,0,0.02358
665.75,0.928267,295.908,293.559,293.077,238.858,181.357,235.227,587.388,382.852,219.22,9270.94,0.509629,0,0.0130038
666.25,0.929907,295.935,293.571,293.089,238.856,182.655,235.113,588.715,383.693,219.165,9270.94,0.511485,0,0.0204571
666.75,0.931528,295.958,293.582,293.1,238.875,183.638,234.899,590.026,383.693,219.165,9270.94,0.486258,0,0.690073
667.25,0.933131,295.925,293.593,293.111,238.896,180.218,243.169,591.323,383.693,219.165,7026.68,0.488207,0,0.786474
667.75,0.934715,295.944,293.603,293.121,238.891,180.678,242.731,592.606,383.693,219.165,7026.68,0.490198,0,0
668.25,0.936281,295.961,293.614,293.132,238.888,181.203,242.319,593.873,382.933,219.371,7026.68,0.492167,0,0
668.75,0.937829,295.983,293.625,293.143,238.884,182.05,242.017,595.125,382.933,219.371,7026.68,0.494126,0,0
669.25,0.939359,296.004,293.637,293.155,238.88,182.938,241.731,596.363,382.933,219.371,9270.94,0.496074,0,0
669.75,0.940869,296.026,293.648,293.166,238.877,183.829,241.452,597.585,382.933,219.371,9270.94,0.498012,0,0
670.25,0.942362,296.052,293.659,293.177,238.874,185.08,241.293,598.793,383.804,219.273,9270.94,0.499943,0,0
670.75,0.943836,296.074,293.654,293.172,238.89,186.008,241.032,599.985,383.804,219.273,9270.94,0.483037,0,0.600769
671.25,0.945291,296.044,293.665,293.183,238.886,184.241,246.594,601.163,383.804,219.273,9270.94,0.485047,0,0
671.75,0.946728,296.064,293.676,293.194,238.883,184.667,246.142,602.325,383.804,219.273,9270.94,0.487053,0,0
672.25,0.948146,296.084,293.687,293.205,238.879,185.421,245.804,603.473,383.75,219.245,9270.94,0.489039,0,0
672.75,0.949546,296.105,293.699,293.217,238.876,186.238,245.49,604.605,383.75,219.245,9270.94,0.491015,0,0
673.25,0.950926,296.126,293.71,293.228,238.873,187.067,245.183,605.723,383.75,219.245,9270.94,0.492981,0,0
673.75,0.952289,296.147,293.722,293.24,238.871,187.897,244.881,606.825,383.75,219.245,9270.94,0.494938,0,0
674.25,0.953632,296.173,293.733,293.251,238.868,189.088,244.701,607.912,384.629,219.155,9270.94,0.496886,0,0.0090411
674.75,0.954957,296.194,293.737,293.255,238.89,189.952,244.415,608.984,384.629,219.155,9270.94,0.488844,0,0.775297
675.25,0.956263,296.189,293.749,293.267,238.91,189.335,247.233,610.04,384.629,219.155,7026.68,0.490827,0,0.760891
675.75,0.95755,296.209,293.76,293.278,238.943,189.917,246.843,611.082,384.629,219.155,7026.68,0.492803,0,1.202
676.25,0.958818,296.225,293.771,293.289,238.938,190.337,246.405,612.108,383.811,219.828,7026.68,0.494776,0,0
676.75,0.960068,296.245,293.783,293.3,238.933,191.081,246.067,613.119,383.811,219.828,7026.68,0.496739,0,0
677.25,0.961299,296.265,293.794,293.312,238.928,191.856,245.743,614.115,383.811,219.828,9270.94,0.498693,0,0
677.75,0.96251,296.286,293.805,293.323,238.923,192.631,245.422,615.096,383.811,219.828,9270.94,0.500637,0,0
678.25,0.963703,296.311,293.811,293.329,238.938,193.773,245.225,616.061,384.706,219.703,9270.94,0.483042,0,0.607217
678.75,0.964877,296.286,293.821,293.339,238.933,191.53,251.087,617.011,384.706,219.703,9270.94,0.485078,0,0
679.25,0.966032,296.304,293.832,293.35,238.928,191.918,250.603,617.945,384.706,219.703,9270.94,0.487112,0,0
679.75,0.967168,296.323,293.843,293.36,238.923,192.615,250.22,618.864,384.706,219.703,9270.94,0.489137,0,0
680.25,0.968285,296.342,293.854,293.371,238.919,193.31,249.847,619.768,384.647,219.654,9270.94,0.491142,0,0
680.75,0.969383,296.362,293.865,293.382,238.915,194.034,249.487,620.657,384.647,219.654,9270.94,0.493138,0,0
681.25,0.970462,296.381,293.876,293.393,238.911,194.76,249.131,621.53,384.647,219.654,9270.94,0.495124,0,0
681.75,0.971522,296.401,293.887,293.404,238.908,195.481,248.777,622.387,384.647,219.654,9270.94,0.497101,0,0
682.25,0.972563,296.425,293.882,293.4,238.928,196.569,248.547,623.229,385.543,219.542,9270.94,0.489291,0,0.768165
682.75,0.973584,296.412,293.893,293.411,238.925,196.097,251.234,624.056,385.543,219.542,9270.94,0.4913,0,0.0639773
683.25,0.974587,296.43,293.904,293.422,238.921,196.52,250.775,624.867,385.543,219.542,9270.94,0.493302,0,0
683.75,0.97557,296.448,293.915,293.433,238.918,197.164,250.39,625.663,385.543,219.542,9270.94,0.495295,0,0.0333559
684.25,0.976535,296.466,293.926,293.444,238.915,197.765,249.996,626.443,385.396,219.613,9270.94,0.497277,0,0.0141055
684.75,0.97748,296.485,293.937,293.455,238.912,198.423,249.622,627.208,385.396,219.613,9270.94,0.49925,0,0.0284513
685.25,0.978405,296.504,293.948,293.466,238.909,199.085,249.252,627.957,385.396,219.613,9270.94,0.501214,0,0.0161179
685.75,0.979312,296.522,293.94,293.458,238.922,199.742,248.884,628.69,385.396,219.613,9270.94,0.478556,0,0.52384
686.25,0.980199,296.474,293.951,293.469,238.946,196.703,256.252,629.408,385.175,219.557,7026.68,0.480621,0,0.885077
686.75,0.981068,296.491,293.962,293.479,238.941,196.754,255.652,630.111,385.175,219.557,7026.68,0.482682,0,0
687.25,0.981916,296.508,293.973,293.49,238.936,197.282,255.205,630.798,385.175,219.557,7026.68,0.484735,0,0
687.75,0.982746,296.525,293.983,293.501,238.932,197.865,254.779,631.469,385.175,219.557,9270.94,0.486779,0,0
688.25,0.983556,296.545,293.991,293.509,238.938,198.64,254.403,632.124,385.556,219.67,9270.94,0.472482,0,0.346
688.75,0.984347,296.527,294.001,293.518,238.934,196.64,259.21,632.764,385.556,219.67,9270.94,0.474605,0,0
689.25,0.985119,296.543,294.011,293.528,238.93,196.953,258.655,633.389,385.556,219.67,9270.94,0.476726,0,0
689.75,0.985871,296.559,294.021,293.538,238.926,197.517,258.184,633.997,385.556,219.67,9270.94,0.478838,0,0
690.25,0.986604,296.577,294.031,293.548,238.922,198.199,257.757,634.59,385.785,219.547,9270.94,0.480933,0,0
690.75,0.987317,296.594,294.022,293.539,238.933,198.8,257.31,635.167,385.785,219.547,9270.94,0.477419,0,0.472786
691.25,0.988011,296.585,294.032,293.55,238.929,198.926,258.544,635.729,385.785,219.547,9270.94,0.479517,0,0
691.75,0.988686,296.601,294.042,293.56,238.925,199.272,258.016,636.275,385.785,219.547,9270.94,0.481607,0,0
692.25,0.989341,296.619,294.053,293.57,238.921,199.961,257.604,636.805,386.173,219.534,9270.94,0.483689,0,0
692.75,0.989977,296.636,294.063,293.58,238.918,200.529,257.152,637.319,386.173,219.534,9270.94,0.485761,0,0
693.25,0.990593,296.653,294.073,293.59,238.915,201.085,256.699,637.818,386.173,219.534,12021.5,0.487823,0,0.0269061
693.75,0.99119,296.669,294.07,293.588,238.931,201.636,256.247,638.301,386.173,219.534,12021.5,0.482386,0,0.618422
694.25,0.991767,296.662,294.08,293.598,238.954,201.365,258.171,638.768,386.452,219.589,7026.68,0.484464,0,0.853228
694.75,0.992325,296.677,294.091,293.608,238.988,201.688,257.639,639.219,386.452,219.589,9270.94,0.486537,0,1.25577
695.25,0.992863,296.693,294.101,293.618,238.982,202.178,257.163,639.655,386.452,219.589,9270.94,0.4886,0,0
695.75,0.993382,296.709,294.111,293.628,238.976,202.684,256.695,640.075,386.452,219.589,9270.94,0.490655,0,0
696.25,0.993882,296.724,294.111,293.628,238.983,203.138,256.201,640.479,386.294,220.074,9270.94,0.475295,0,0.421184
696.75,0.994361,296.695,294.12,293.637,238.977,200.995,261.283,640.867,386.294,220.074,9270.94,0.47744,0,0
697.25,0.994822,296.709,294.129,293.646,238.972,201.127,260.647,641.24,386.294,220.074,9270.94,0.479581,0,0
697.75,0.995262,296.723,294.138,293.655,238.966,201.568,260.113,641.596,386.294,220.074,9270.94,0.481712,0,0
698.25,0.995684,296.738,294.147,293.664,238.961,202.069,259.603,641.937,386.368,219.941,9270.94,0.483827,0,0
698.75,0.996085,296.753,294.152,293.669,238.973,202.549,259.093,642.262,386.368,219.941,9270.94,0.479229,0,0.523485
699.25,0.996467,296.751,294.161,293.678,238.971,202.009,260.727,642.571,386.368,219.941,9270.94,0.48136,0,0.10904
699.75,0.99683,296.764,294.17,293.687,238.965,202.338,260.157,642.864,386.368,219.941,9270.94,0.483485,0,0
700.25,0.997173,296.779,294.178,293.696,238.961,202.83,259.641,643.142,386.477,219.928,9270.94,0.485602,0,0.010342
700.75,0.997496,296.793,294.187,293.704,238.957,203.29,259.118,643.404,386.477,219.928,9270.94,0.48771,0,0.0386075
701.25,0.9978,296.807,294.195,293.712,238.96,203.746,258.595,643.649,386.477,219.928,9270.94,0.467766,0,0.244146
701.75,0.998084,296.774,294.203,293.72,238.956,200.561,265.206,643.879,386.477,219.928,9270.94,0.469968,0,0.0328011
702.25,0.998348,296.786,294.211,293.728,238.952,200.64,264.511,644.093,386.544,219.742,9270.94,0.472168,0,0.0175965
702.75,0.998593,296.799,294.211,293.728,238.958,201.019,263.92,644.291,386.544,219.742,9270.94,0.470672,0,0.333748
703.25,0.998818,296.798,294.219,293.736,238.984,200.998,264.49,644.473,386.544,219.742,7026.68,0.472869,0,0.988407
703.75,0.999024,296.811,294.227,293.744,238.978,201.3,263.873,644.64,386.544,219.742,7026.68,0.475057,0,0
704.25,0.99921,296.823,294.235,293.752,238.973,201.692,263.286,644.79,386.52,219.992,9270.94,0.477241,0,0
704.75,0.999376,296.836,294.219,293.736,238.973,202.103,262.706,644.925,386.52,219.992,9270.94,0.465602,0,0.174428
705.25,0.999523,296.801,294.227,293.744,238.968,200.791,266.457,645.044,386.52,219.992,9270.94,0.467833,0,0
705.75,0.99965,296.812,294.235,293.752,238.963,200.778,265.72,645.146,386.52,219.992,9270.94,0.470057,0,0
706.25,0.999758,296.825,294.22,293.737,238.967,201.206,265.131,645.233,386.782,219.786,9270.94,0.469534,0,0.275904
706.75,0.999845,296.814,294.228,293.745,238.962,201.684,265.264,645.304,386.782,219.786,9270.94,0.471737,0,0
707.25,0.999913,296.825,294.236,293.753,238.957,201.829,264.595,645.36,386.782,219.786,9270.94,0.473932,0,0
707.75,0.999962,296.837,294.244,293.761,238.953,202.147,263.985,645.399,386.782,219.786,12021.5,0.476117,0,0
708.25,0.999991,296.852,294.231,293.748,238.96,202.701,263.455,645.422,387.302,219.697,12021.5,0.473988,0,0.391094
