hour,mu0,ground_k,air_k,air_300m_k,column_mean_k,sensible_w_m2,latent_w_m2,sw_ground_w_m2,lw_down_w_m2,olr_w_m2,mixed_layer_m,rh_ground,dew_kg_m2,condensed_kg_m2
0.25,0.999998,288.008,288.352,287.94,238.441,-2.72133,13.5342,645.428,362.112,213.771,3113.18,0.887448,0,0
0.75,0.999978,288.012,288.357,287.945,238.441,-2.7268,13.5373,645.412,362.112,213.771,3113.18,0.887404,0,0
1.25,0.999939,288.016,288.362,287.95,238.441,-2.7322,13.5404,645.38,362.112,213.771,3113.18,0.887361,0,0
1.75,0.99988,288.02,288.366,287.955,238.441,-2.73755,13.5436,645.332,362.112,213.771,3113.18,0.887318,0,0
2.25,0.999801,288.024,288.371,287.96,238.442,-2.7422,15.0837,645.269,362.209,213.782,3113.18,0.876517,0,0
2.75,0.999703,288.028,288.376,287.965,238.442,-2.74619,15.1837,645.189,362.209,213.782,3113.18,0.876367,0,0
3.25,0.999585,288.032,288.38,287.969,238.442,-2.75011,15.1912,645.094,362.209,213.782,3113.18,0.876315,0,0
3.75,0.999447,288.036,288.385,287.974,238.442,-2.754,15.1981,644.983,362.209,213.782,3113.18,0.876262,0,0
4.25,0.99929,288.04,288.39,287.979,238.443,-2.75806,15.2049,644.855,362.28,213.788,3113.18,0.876207,0,0
4.75,0.999113,288.044,288.394,287.983,238.443,-2.76215,15.2118,644.712,362.28,213.788,3113.18,0.876152,0,0
5.25,0.998917,288.048,288.399,287.988,238.443,-2.7662,15.2187,644.553,362.28,213.788,3113.18,0.876098,0,0
5.75,0.998701,288.052,288.403,287.993,238.443,-2.77022,15.2256,644.379,362.28,213.788,3113.18,0.876044,0,0
6.25,0.998465,288.056,288.408,287.997,238.444,-2.77392,15.2325,644.188,362.376,213.798,3113.18,0.875991,0,0
6.75,0.99821,288.06,288.413,288.002,238.45,-2.77751,17.0697,643.981,362.376,213.798,3113.18,0.863153,0,0.182458
7.25,0.997935,288.064,288.417,288.007,238.45,-2.78297,17.1508,643.759,362.376,213.798,3113.18,0.863235,0,0
7.75,0.997641,288.068,288.422,288.012,238.45,-2.78849,17.1171,643.521,362.376,213.798,3113.18,0.863447,0,0
8.25,0.997327,288.072,288.427,288.017,238.45,-2.79532,17.083,643.266,362.396,213.833,3113.18,0.863645,0,0
8.75,0.996993,288.076,288.432,288.022,238.451,-2.80223,17.0493,642.996,362.396,213.833,3113.18,0.863839,0,0
9.25,0.99664,288.08,288.437,288.027,238.451,-2.80909,17.0161,642.711,362.396,213.833,3113.18,0.86403,0,0
9.75,0.996267,288.084,288.442,288.033,238.451,-2.81591,16.9834,642.409,362.396,213.833,3113.18,0.864218,0,0
10.25,0.995874,288.088,288.447,288.038,238.451,-2.8222,16.9511,642.091,362.503,213.843,3113.18,0.864406,0,0
10.75,0.995462,288.092,288.452,288.043,238.451,-2.82868,16.9193,641.758,362.503,213.843,3113.18,0.86459,0,0
11.25,0.995031,288.096,288.457,288.048,238.452,-2.83511,16.8879,641.409,362.503,213.843,3113.18,0.864772,0,0
11.75,0.994579,288.1,288.462,288.053,238.452,-2.84149,16.857,641.044,362.503,213.843,3113.18,0.864951,0,0
12.25,0.994109,288.104,288.467,288.058,238.452,-2.84736,16.8265,640.663,362.609,213.852,3113.18,0.86513,0,0
12.75,0.993619,288.108,288.472,288.063,238.452,-2.8534,16.7965,640.266,362.609,213.852,3113.18,0.865305,0,0
13.25,0.993109,288.112,288.476,288.068,238.453,-2.8594,16.7668,639.854,362.609,213.852,3113.18,0.865479,0,0
13.75,0.99258,288.116,288.481,288.073,238.453,-2.86534,16.7376,639.425,362.609,213.852,3113.18,0.865649,0,0
14.25,0.992031,288.12,288.486,288.078,238.453,-2.87078,16.7088,638.981,362.713,213.862,3113.18,0.86582,0,0
14.75,0.991463,288.124,288.491,288.083,238.453,-2.87638,16.6804,638.522,362.713,213.862,3113.18,0.865987,0,0
15.25,0.990875,288.128,288.496,288.088,238.453,-2.88193,16.6523,638.046,362.713,213.862,3113.18,0.866153,0,0
15.75,0.990268,288.131,288.5,288.093,238.453,-2.88743,16.6247,637.555,362.713,213.862,3113.18,0.866316,0,0
16.25,0.989641,288.135,288.505,288.097,238.454,-2.89244,16.5975,637.048,362.815,213.871,3113.18,0.866479,0,0
16.75,0.988995,288.139,288.51,288.102,238.454,-2.89759,16.5706,636.525,362.815,213.871,3113.18,0.86664,0,0
17.25,0.988329,288.143,288.514,288.107,238.454,-2.90269,16.5441,635.987,362.815,213.871,3113.18,0.866798,0,0
17.75,0.987644,288.147,288.519,288.112,238.454,-2.90774,16.5179,635.432,362.815,213.871,3113.18,0.866955,0,0
18.25,0.98694,288.151,288.524,288.117,238.454,-2.91232,16.4921,634.862,362.916,213.88,3113.18,0.867111,0,0
18.75,0.986216,288.155,288.528,288.121,238.455,-2.91702,16.4667,634.277,362.916,213.88,3113.18,0.867265,0,0
19.25,0.985473,288.159,288.533,288.126,238.455,-2.92167,16.4416,633.675,362.916,213.88,3113.18,0.867417,0,0
19.75,0.984711,288.163,288.538,288.131,238.455,-2.92625,16.4168,633.059,362.916,213.88,3113.18,0.867568,0,0
20.25,0.983929,288.167,288.542,288.135,238.455,-2.9304,16.3924,632.426,363.014,213.889,3113.18,0.867718,0,0
20.75,0.983128,288.171,288.547,288.14,238.455,-2.93465,16.3683,631.778,363.014,213.889,3113.18,0.867866,0,0
21.25,0.982307,288.175,288.551,288.145,238.455,-2.93884,16.3445,631.114,363.014,213.889,3113.18,0.868013,0,0
21.75,0.981467,288.178,288.556,288.149,238.456,-2.94297,16.321,630.434,363.014,213.889,3113.18,0.868158,0,0
22.25,0.980608,288.182,288.56,288.154,238.456,-2.94668,16.2978,629.739,363.111,213.898,3113.18,0.868302,0,0
22.75,0.97973,288.186,288.565,288.158,238.456,-2.95047,16.275,629.028,363.111,213.898,3113.18,0.868446,0,0
23.25,0.978832,288.19,288.569,288.163,238.456,-2.95421,16.2524,628.302,363.111,213.898,3113.18,0.868587,0,0
23.75,0.977916,288.194,288.574,288.167,238.456,-2.95787,16.2302,627.56,363.111,213.898,3113.18,0.868727,0,0
24.25,0.97698,288.198,288.578,288.172,238.456,-2.96114,16.2082,626.803,363.207,213.906,3113.18,0.868868,0,0
24.75,0.976024,288.202,288.582,288.176,238.456,-2.96448,16.1865,626.03,363.207,213.906,3113.18,0.869006,0,0
25.25,0.97505,288.206,288.587,288.181,238.456,-2.96775,16.1651,625.242,363.207,213.906,3113.18,0.869143,0,0
25.75,0.974056,288.209,288.591,288.185,238.457,-2.97095,16.144,624.438,363.207,213.906,3113.18,0.869279,0,0
26.25,0.973044,288.213,288.595,288.19,238.457,-2.97377,16.1231,623.618,363.3,213.914,3113.18,0.869415,0,0
26.75,0.972012,288.217,288.6,288.194,238.457,-2.97665,16.1025,622.783,363.3,213.914,3113.18,0.86955,0,0
27.25,0.970961,288.221,288.604,288.198,238.457,-2.97946,16.0822,621.933,363.3,213.914,3113.18,0.869683,0,0
27.75,0.969891,288.225,288.608,288.203,238.457,-2.98221,16.062,621.067,363.3,213.914,3113.18,0.869815,0,0
28.25,0.968802,288.228,288.612,288.207,238.457,-2.98458,16.0422,620.186,363.392,213.922,3113.18,0.869948,0,0
28.75,0.967694,288.232,288.617,288.211,238.457,-2.987,16.0226,619.29,363.392,213.922,3113.18,0.870079,0,0
29.25,0.966567,288.236,288.621,288.215,238.457,-2.98935,16.0032,618.378,363.392,213.922,3113.18,0.870209,0,0
29.75,0.965421,288.24,288.625,288.22,238.457,-2.99162,15.9841,617.45,363.392,213.922,3113.18,0.870338,0,0
30.25,0.964255,288.244,288.629,288.224,238.458,-2.99355,15.9652,616.508,363.481,213.93,3113.18,0.870467,0,0
30.75,0.963071,288.247,288.633,288.228,238.458,-2.99551,15.9466,615.55,363.481,213.93,3113.18,0.870595,0,0
31.25,0.961869,288.251,288.637,288.232,238.458,-2.99739,15.9281,614.576,363.481,213.93,3113.18,0.870722,0,0
31.75,0.960647,288.255,288.641,288.236,238.458,-2.99919,15.9099,613.588,363.481,213.93,3113.18,0.870849,0,0
32.25,0.959406,288.259,288.645,288.24,238.458,-3.00068,15.8919,612.584,363.569,213.937,3113.18,0.870975,0,0
32.75,0.958146,288.262,288.649,288.244,238.458,-3.00217,15.8741,611.564,363.569,213.937,3113.18,0.871101,0,0
33.25,0.956868,288.266,288.653,288.248,238.458,-3.00359,15.8565,610.53,363.569,213.937,3113.18,0.871226,0,0
33.75,0.955571,288.27,288.657,288.252,238.458,-3.00493,15.8392,609.48,363.569,213.937,3113.18,0.87135,0,0
34.25,0.954255,288.273,288.661,288.256,238.458,-3.00597,15.822,608.416,363.654,213.944,3113.18,0.871474,0,0
34.75,0.95292,288.277,288.665,288.26,238.458,-3.00699,15.805,607.336,363.654,213.944,3113.18,0.871598,0,0
35.25,0.951567,288.281,288.669,288.264,238.458,-3.00794,15.7882,606.241,363.654,213.944,3113.18,0.871721,0,0
35.75,0.950195,288.284,288.673,288.268,238.458,-3.00882,15.7716,605.13,363.654,213.944,3113.18,0.871843,0,0
36.25,0.948804,288.288,288.677,288.272,238.458,-3.00941,15.7551,604.005,363.738,213.951,3113.18,0.871966,0,0
36.75,0.947394,288.292,288.68,288.276,238.458,-3.00997,15.7389,602.865,363.738,213.951,3113.18,0.872088,0,0
37.25,0.945966,288.295,288.684,288.279,238.459,-3.01046,15.7228,601.709,363.738,213.951,3113.18,0.872209,0,0
37.75,0.94452,288.299,288.688,288.283,238.459,-3.01086,15.7069,600.539,363.738,213.951,3113.18,0.87233,0,0
38.25,0.943054,288.303,288.692,288.287,238.459,-3.01101,15.6911,599.353,363.819,213.957,3113.18,0.872451,0,0
38.75,0.941571,288.306,288.695,288.29,238.459,-3.01111,15.6756,598.152,363.819,213.957,3113.18,0.872572,0,0
39.25,0.940068,288.31,288.699,288.294,238.459,-3.01113,15.6602,596.937,363.819,213.957,3113.18,0.872692,0,0
39.75,0.938548,288.313,288.703,288.298,238.459,-3.01107,15.6448,595.707,363.819,213.957,3113.18,0.872812,0,0
40.25,0.937009,288.317,288.706,288.301,238.459,-3.01076,15.6297,594.461,363.899,213.963,3113.18,0.872932,0,0
40.75,0.935451,288.321,288.71,288.305,238.459,-3.0104,15.6148,593.201,363.899,213.963,3113.18,0.873052,0,0
41.25,0.933875,288.324,288.713,288.309,238.459,-3.00996,15.6,591.926,363.899,213.963,3113.18,0.873172,0,0
41.75,0.932281,288.328,288.717,288.312,238.459,-3.00943,15.5853,590.636,363.899,213.963,3113.18,0.873291,0,0
42.25,0.930668,288.331,288.72,288.316,238.459,-3.00868,15.5708,589.331,363.976,213.969,3113.18,0.87341,0,0
42.75,0.929037,288.335,288.724,288.319,238.459,-3.00786,15.5564,588.011,363.976,213.969,3113.18,0.87353,0,0
43.25,0.927388,288.338,288.727,288.322,238.459,-3.00695,15.5421,586.677,363.976,213.969,3113.18,0.873649,0,0
43.75,0.925721,288.342,288.731,288.326,238.459,-3.00595,15.528,585.328,363.976,213.969,3113.18,0.873768,0,0
44.25,0.924035,288.345,288.734,288.329,238.459,-3.00476,15.514,583.964,364.052,213.975,3113.18,0.873887,0,0
44.75,0.922331,288.349,288.737,288.333,238.459,-3.00347,15.5001,582.585,364.052,213.975,3113.18,0.874006,0,0
45.25,0.92061,288.352,288.741,288.336,238.459,-3.0021,15.4864,581.192,364.052,213.975,3113.18,0.874125,0,0
45.75,0.91887,288.356,288.744,288.339,238.459,-3.00063,15.4727,579.805,364.052,213.975,3113.18,0.874244,0,0
46.25,0.917112,288.359,288.747,288.342,238.459,-2.999,15.4592,578.416,364.125,213.98,3113.18,0.874364,0,0
46.75,0.915336,288.363,288.751,288.346,238.459,-2.99725,15.4458,577.012,364.125,213.98,3113.18,0.874483,0,0
47.25,0.913542,288.366,288.754,288.349,238.459,-2.99541,15.4325,575.594,364.125,213.98,3113.18,0.874603,0,0
47.75,0.91173,288.369,288.757,288.352,238.459,-2.99348,15.4193,574.161,364.125,213.98,3113.18,0.874722,0,0
48.25,0.9099,288.373,288.76,288.355,238.459,-2.99139,15.4062,572.715,364.195,213.985,3113.18,0.874842,0,0
48.75,0.908052,288.376,288.763,288.358,238.459,-2.98918,15.3932,571.254,364.195,213.985,3113.18,0.874961,0,0
49.25,0.906187,288.379,288.766,288.361,238.458,-2.98688,15.3803,569.78,364.195,213.985,3113.18,0.875081,0,0
49.75,0.904303,288.383,288.769,288.364,238.458,-2.98448,15.3675,568.291,364.195,213.985,3113.18,0.875201,0,0
50.25,0.902402,288.386,288.773,288.367,238.458,-2.98195,15.3549,566.788,364.264,213.99,3113.18,0.875322,0,0
50.75,0.900483,288.389,288.776,288.37,238.458,-2.97928,15.3422,565.271,364.264,213.99,3113.18,0.875442,0,0
51.25,0.898547,288.393,288.779,288.373,238.458,-2.97651,15.3297,563.74,364.264,213.99,3113.18,0.875563,0,0
51.75,0.896592,288.396,288.782,288.376,238.458,-2.97364,15.3173,562.195,364.264,213.99,3113.18,0.875683,0,0
52.25,0.89462,288.399,288.784,288.379,238.458,-2.97067,15.3049,560.637,364.33,213.995,3113.18,0.875805,0,0
52.75,0.892631,288.403,288.787,288.382,238.458,-2.96753,15.2927,559.064,364.33,213.995,3113.18,0.875926,0,0
53.25,0.890624,288.406,288.79,288.384,238.458,-2.9643,15.2805,557.478,364.33,213.995,3113.18,0.876048,0,0
53.75,0.8886,288.409,288.793,288.387,238.458,-2.96097,15.2684,555.877,364.33,213.995,3113.18,0.87617,0,0
54.25,0.886558,288.412,288.796,288.39,238.458,-2.95755,15.2563,554.263,364.394,213.999,3113.18,0.876292,0,0
54.75,0.884498,288.416,288.799,288.393,238.458,-2.95396,15.2444,552.635,364.394,213.999,3113.18,0.876415,0,0
55.25,0.882422,288.419,288.801,288.395,238.458,-2.95027,15.2325,550.994,364.394,213.999,3113.18,0.876538,0,0
55.75,0.880328,288.422,288.804,288.398,238.458,-2.94648,15.2207,549.338,364.394,213.999,3113.18,0.876661,0,0
56.25,0.878216,288.425,288.807,288.401,238.457,-2.94261,15.2089,547.669,364.456,214.002,3113.18,0.876785,0,0
56.75,0.876088,288.428,288.809,288.403,238.457,-2.93856,15.1972,545.987,364.456,214.002,3113.18,0.876909,0,0
57.25,0.873942,288.431,288.812,288.406,238.457,-2.93441,15.1855,544.29,364.456,214.002,3113.18,0.877034,0,0
57.75,0.871779,288.435,288.815,288.408,238.457,-2.93016,15.1739,542.581,364.456,214.002,3113.18,0.877159,0,0
58.25,0.869599,288.438,288.817,288.411,238.457,-2.92586,15.1624,540.857,364.515,214.006,3113.18,0.877284,0,0
58.75,0.867401,288.441,288.82,288.413,238.457,-2.92135,15.1509,539.12,364.515,214.006,3113.18,0.87741,0,0
59.25,0.865187,288.444,288.822,288.415,238.457,-2.91674,15.1395,537.37,364.515,214.006,3113.18,0.877537,0,0
59.75,0.862956,288.447,288.825,288.418,238.457,-2.91203,15.1281,535.606,364.515,214.006,3113.18,0.877663,0,0
60.25,0.860708,288.45,288.827,288.42,238.457,-2.90729,15.1168,533.829,364.573,214.009,3113.18,0.877791,0,0
60.75,0.858443,288.453,288.83,288.422,238.456,-2.90234,15.1054,532.038,364.573,214.009,3113.18,0.877919,0,0
61.25,0.856161,288.456,288.832,288.425,238.456,-2.89727,15.0941,530.235,364.573,214.009,3113.18,0.878047,0,0
61.75,0.853862,288.459,288.834,288.427,238.456,-2.89211,15.0829,528.417,364.573,214.009,3113.18,0.878176,0,0
62.25,0.851546,288.462,288.837,288.429,238.456,-2.88693,15.0717,526.587,364.627,214.012,3113.18,0.878305,0,0
62.75,0.849214,288.465,288.839,288.431,238.456,-2.88152,15.0606,524.743,364.627,214.012,3113.18,0.878435,0,0
63.25,0.846865,288.468,288.841,288.433,238.456,-2.876,15.0495,522.886,364.627,214.012,3113.18,0.878566,0,0
63.75,0.844499,288.471,288.843,288.436,238.456,-2.87038,15.0383,521.016,364.627,214.012,3113.18,0.878697,0,0
64.25,0.842117,288.474,288.846,288.438,238.455,-2.86477,15.0273,519.133,364.679,214.014,3113.18,0.878828,0,0
64.75,0.839718,288.477,288.848,288.44,238.455,-2.85891,15.0162,517.237,364.679,214.014,3113.18,0.878961,0,0
65.25,0.837303,288.48,288.85,288.442,238.455,-2.85294,15.0052,515.328,364.679,214.014,3113.18,0.879094,0,0
65.75,0.834871,288.482,288.852,288.444,238.455,-2.84687,14.9943,513.405,364.679,214.014,3113.18,0.879227,0,0
66.25,0.832423,288.485,288.854,288.446,238.455,-2.84083,14.9833,511.47,364.729,214.016,3113.18,0.879362,0,0
66.75,0.829959,288.488,288.856,288.447,238.455,-2.83452,14.9723,509.522,364.729,214.016,3113.18,0.879496,0,0
67.25,0.827478,288.491,288.858,288.449,238.454,-2.82811,14.9614,507.561,364.729,214.016,3113.18,0.879632,0,0
67.75,0.824981,288.494,288.86,288.451,238.454,-2.82159,14.9505,505.587,364.729,214.016,3113.18,0.879768,0,0
68.25,0.822467,288.497,288.862,288.453,238.454,-2.81512,14.9396,503.6,364.776,214.018,3113.18,0.879905,0,0
68.75,0.819938,288.499,288.864,288.455,238.454,-2.80837,14.9287,501.601,364.776,214.018,3113.18,0.880042,0,0
69.25,0.817392,288.502,288.866,288.456,238.454,-2.80151,14.9177,499.589,364.776,214.018,3113.18,0.880181,0,0
69.75,0.814831,288.505,288.868,288.458,238.453,-2.79454,14.9068,497.564,364.776,214.018,3113.18,0.88032,0,0
70.25,0.812253,288.507,288.869,288.46,238.453,-2.78765,14.896,495.526,364.821,214.019,3113.18,0.880459,0,0
70.75,0.80966,288.51,288.871,288.461,238.453,-2.78045,14.8851,493.476,364.821,214.019,3113.18,0.8806,0,0
71.25,0.80705,288.513,288.873,288.463,238.453,-2.77315,14.8742,491.413,364.821,214.019,3113.18,0.880741,0,0
71.75,0.804425,288.515,288.875,288.464,238.453,-2.76573,14.8634,489.338,364.821,214.019,3113.18,0.880883,0,0
72.25,0.801784,288.518,288.876,288.466,238.452,-2.75842,14.8525,487.25,364.863,214.02,3113.18,0.881025,0,0
72.75,0.799127,288.521,288.878,288.467,238.452,-2.75078,14.8416,485.177,364.863,214.02,3113.18,0.881168,0,0
73.25,0.796454,288.523,288.88,288.469,238.452,-2.74304,14.8308,483.147,364.863,214.02,3113.18,0.881313,0,0
73.75,0.793766,288.526,288.881,288.47,238.452,-2.73518,14.8199,481.105,364.863,214.02,3113.18,0.881458,0,0
74.25,0.791062,288.529,288.883,288.471,238.451,-2.72743,14.809,479.051,364.903,214.021,3113.18,0.881603,0,0
74.75,0.788343,288.531,288.884,288.473,238.451,-2.71935,14.7981,476.986,364.903,214.021,3113.18,0.88175,0,0
75.25,0.785608,288.534,288.886,288.474,238.451,-2.71115,14.7872,474.908,364.903,214.021,3113.18,0.881898,0,0
75.75,0.782857,288.536,288.887,288.475,238.451,-2.70284,14.7763,472.819,364.903,214.021,3113.18,0.882046,0,0
76.25,0.780092,288.539,288.888,288.476,238.451,-2.69466,14.7654,470.719,364.94,214.021,3113.18,0.882195,0,0
76.75,0.777311,288.541,288.89,288.478,238.45,-2.68613,14.7545,468.606,364.94,214.021,3113.18,0.882345,0,0
77.25,0.774514,288.544,288.891,288.479,238.45,-2.67749,14.7436,466.482,364.94,214.021,3113.18,0.882495,0,0
77.75,0.771703,288.546,288.892,288.48,238.45,-2.66873,14.7326,464.347,364.94,214.021,3113.18,0.882647,0,0
78.25,0.768876,288.548,288.894,288.481,238.449,-2.66012,14.7216,462.2,364.974,214.021,3113.18,0.882799,0,0
78.75,0.766034,288.551,288.895,288.482,238.449,-2.65115,14.7107,460.041,364.974,214.021,3113.18,0.882952,0,0
79.25,0.763178,288.553,288.896,288.483,238.449,-2.64206,14.6997,457.871,364.974,214.021,3113.18,0.883106,0,0
79.75,0.760306,288.556,288.897,288.484,238.449,-2.63286,14.6887,455.69,364.974,214.021,3113.18,0.883261,0,0
80.25,0.757419,288.558,288.898,288.485,238.448,-2.62383,14.6777,453.497,365.006,214.021,3113.18,0.883417,0,0
80.75,0.754517,288.56,288.899,288.486,238.448,-2.61442,14.6667,451.293,365.006,214.021,3113.18,0.883574,0,0
81.25,0.751601,288.562,288.9,288.486,238.448,-2.60488,14.6556,449.078,365.006,214.021,3113.18,0.883732,0,0
81.75,0.74867,288.565,288.901,288.487,238.447,-2.59523,14.6445,446.852,365.006,214.021,3113.18,0.883891,0,0
82.25,0.745724,288.567,288.902,288.488,238.447,-2.58578,14.6334,444.614,365.036,214.02,3113.18,0.88405,0,0
82.75,0.742763,288.569,288.903,288.489,238.447,-2.57593,14.6222,442.365,365.036,214.02,3113.18,0.884211,0,0
83.25,0.739788,288.571,288.904,288.489,238.447,-2.56596,14.6111,440.106,365.036,214.02,3113.18,0.884372,0,0
83.75,0.736798,288.574,288.905,288.49,238.446,-2.55588,14.5997,437.835,365.036,214.02,3113.18,0.884535,0,0
84.25,0.733794,288.576,288.906,288.491,238.446,-2.546,14.5887,435.553,365.062,214.019,3113.18,0.884697,0,0
84.75,0.730775,288.578,288.907,288.491,238.446,-2.53573,14.5772,433.26,365.062,214.019,3113.18,0.884862,0,0
85.25,0.727742,288.58,288.908,288.492,238.445,-2.52532,14.5659,430.956,365.062,214.019,3113.18,0.885027,0,0
85.75,0.724695,288.582,288.908,288.492,238.445,-2.5148,14.5545,428.642,365.062,214.019,3113.18,0.885194,0,0
86.25,0.721633,288.584,288.909,288.493,238.445,-2.50451,14.5432,426.316,365.086,214.017,3113.18,0.88536,0,0
86.75,0.718558,288.586,288.91,288.493,238.444,-2.4938,14.5318,423.98,365.086,214.017,3113.18,0.885528,0,0
87.25,0.715468,288.589,288.91,288.494,238.444,-2.48296,14.5203,421.633,365.086,214.017,3113.18,0.885698,0,0
87.75,0.712364,288.591,288.911,288.494,238.444,-2.47201,14.5087,419.276,365.086,214.017,3113.18,0.885869,0,0
88.25,0.709246,288.593,288.912,288.494,238.443,-2.46131,14.4973,416.907,365.107,214.015,3113.18,0.886039,0,0
88.75,0.706114,288.595,288.912,288.494,238.443,-2.45017,14.4857,414.529,365.107,214.015,3113.18,0.886212,0,0
89.25,0.702968,288.597,288.913,288.495,238.442,-2.4389,14.4742,412.139,365.107,214.015,3113.18,0.886385,0,0
89.75,0.699809,288.599,288.913,288.495,238.442,-2.42752,14.4621,409.739,365.107,214.015,3113.18,0.886559,0,0
90.25,0.696636,288.6,288.913,288.495,238.442,-2.41642,14.4506,407.329,365.126,214.012,3113.18,0.886733,0,0
90.75,0.693449,288.602,288.914,288.495,238.441,-2.40486,14.4387,404.908,365.126,214.012,3113.18,0.88691,0,0
91.25,0.690248,288.604,288.914,288.495,238.441,-2.39317,14.4268,402.477,365.126,214.012,3113.18,0.887088,0,0
91.75,0.687034,288.606,288.914,288.495,238.441,-2.38136,14.4148,400.036,365.126,214.012,3113.18,0.887268,0,0
92.25,0.683806,288.608,288.915,288.495,238.44,-2.36985,14.403,397.584,365.142,214.01,3113.18,0.887445,0,0
92.75,0.680565,288.61,288.915,288.495,238.44,-2.35787,14.3909,395.123,365.142,214.01,3113.18,0.887627,0,0
93.25,0.677311,288.612,288.915,288.495,238.439,-2.34576,14.3789,392.651,365.142,214.01,3113.18,0.88781,0,0
93.75,0.674043,288.613,288.915,288.495,238.439,-2.33353,14.3662,390.169,365.142,214.01,3113.18,0.887993,0,0
94.25,0.670762,288.615,288.915,288.495,238.439,-2.32161,14.3548,387.677,365.155,214.007,3113.18,0.888176,0,0
94.75,0.667468,288.617,288.916,288.495,238.438,-2.30922,14.3419,385.175,365.155,214.007,3113.18,0.888361,0,0
95.25,0.664161,288.619,288.916,288.494,238.438,-2.29669,14.329,382.662,365.155,214.007,3113.18,0.888551,0,0
95.75,0.66084,288.62,288.916,288.494,238.437,-2.28405,14.3153,380.14,365.155,214.007,3113.18,0.888742,0,0
96.25,0.657507,288.622,288.916,288.494,238.437,-2.27174,14.3047,377.609,365.165,214.003,3113.18,0.888924,0,0
96.75,0.654161,288.624,288.916,288.493,238.437,-2.25893,14.2912,375.067,365.165,214.003,3113.18,0.889116,0,0
97.25,0.650802,288.625,288.915,288.493,238.436,-2.24599,14.2761,372.516,365.165,214.003,3113.18,0.889322,0,0
97.75,0.64743,288.627,288.915,288.493,238.436,-2.23293,14.2489,370.07,365.165,214.003,3113.18,0.889591,0,0
98.25,0.644045,288.628,288.915,288.492,238.435,-2.22021,14.2509,367.652,365.173,213.999,3113.18,0.889702,0,0
98.75,0.640648,288.63,288.915,288.492,238.435,-2.20698,14.2306,365.225,365.173,213.999,3113.18,0.889939,0,0
99.25,0.637238,288.632,288.915,288.491,238.434,-2.1936,14.1877,362.789,365.173,213.999,3113.18,0.890357,0,0
99.75,0.633816,288.633,288.914,288.491,238.434,-2.18006,14.132,360.343,365.173,213.999,3113.18,0.890832,0,0
100.25,0.630381,288.635,288.914,288.49,238.434,-2.16688,14.0769,357.889,365.178,213.995,3113.18,0.891301,0,0
100.75,0.626934,288.636,288.914,288.489,238.433,-2.15315,14.0227,355.426,365.178,213.995,3113.18,0.891765,0,0
101.25,0.623474,288.638,288.913,288.489,238.433,-2.13925,13.9695,352.955,365.178,213.995,3113.18,0.892223,0,0
101.75,0.620002,288.639,288.913,288.488,238.432,-2.1252,13.9172,350.474,365.178,213.995,3113.18,0.892678,0,0
102.25,0.616518,288.64,288.912,288.487,238.432,-2.1115,13.8657,347.985,365.182,213.99,3113.18,0.893127,0,0
102.75,0.613022,288.642,288.912,288.486,238.431,-2.09722,13.8152,345.487,365.182,213.99,3113.18,0.893571,0,0
103.25,0.609514,288.643,288.911,288.485,238.431,-2.08279,13.7655,342.981,365.182,213.99,3113.18,0.894012,0,0
103.75,0.605994,288.644,288.911,288.484,238.43,-2.0682,13.7165,340.466,365.182,213.99,3113.18,0.894448,0,0
104.25,0.602462,288.646,288.91,288.483,238.43,-2.054,13.6684,337.942,365.182,213.985,3113.18,0.89488,0,0
104.75,0.598918,288.647,288.909,288.482,238.429,-2.03921,13.621,335.41,365.182,213.985,3113.18,0.895308,0,0
105.25,0.595363,288.648,288.909,288.481,238.429,-2.02426,13.5744,332.87,365.182,213.985,3113.18,0.895732,0,0
105.75,0.591795,288.65,288.908,288.48,238.428,-2.00916,13.5286,330.321,365.182,213.985,3113.18,0.896152,0,0
106.25,0.588216,288.651,288.907,288.479,238.428,-1.99448,13.4834,327.764,365.179,213.98,3113.18,0.896569,0,0
106.75,0.584626,288.652,288.906,288.478,238.427,-1.97919,13.4389,325.199,365.179,213.98,3113.18,0.896982,0,0
107.25,0.581024,288.653,288.905,288.477,238.427,-1.96375,13.3951,322.626,365.179,213.98,3113.18,0.897392,0,0
107.75,0.577411,288.654,288.905,288.475,238.426,-1.94815,13.3519,320.044,365.179,213.98,3113.18,0.897799,0,0
108.25,0.573786,288.656,288.904,288.474,238.426,-1.93301,13.3094,317.454,365.172,213.974,3113.18,0.898201,0,0
108.75,0.57015,288.657,288.903,288.473,238.425,-1.91725,13.2674,314.856,365.172,213.974,3113.18,0.898602,0,0
109.25,0.566503,288.658,288.902,288.471,238.425,-1.90133,13.2261,312.25,365.172,213.974,3113.18,0.898999,0,0
109.75,0.562844,288.659,288.901,288.47,238.424,-1.88527,13.1853,309.637,365.172,213.974,3113.18,0.899394,0,0
110.25,0.559175,288.66,288.899,288.468,238.424,-1.86968,13.1451,307.015,365.162,213.967,3113.18,0.899785,0,0
110.75,0.555494,288.661,288.898,288.467,238.423,-1.85346,13.1055,304.386,365.162,213.967,3113.18,0.900174,0,0
111.25,0.551803,288.662,288.897,288.465,238.422,-1.83709,13.0664,301.748,365.162,213.967,3113.18,0.900561,0,0
111.75,0.548101,288.663,288.896,288.464,238.422,-1.82056,13.0278,299.103,365.162,213.967,3113.18,0.900945,0,0
112.25,0.544388,288.664,288.895,288.462,238.421,-1.80455,12.9896,296.45,365.149,213.961,3113.18,0.901326,0,0
112.75,0.540664,288.665,288.893,288.46,238.421,-1.78789,12.952,293.79,365.149,213.961,3113.18,0.901705,0,0
113.25,0.53693,288.666,288.892,288.459,238.42,-1.77107,12.9149,291.122,365.149,213.961,3113.18,0.902082,0,0
113.75,0.533185,288.667,288.891,288.457,238.42,-1.7541,12.8782,288.446,365.149,213.961,3113.18,0.902458,0,0
114.25,0.52943,288.668,288.889,288.455,238.419,-1.73767,12.842,285.763,365.133,213.954,3113.18,0.90283,0,0
114.75,0.525664,288.668,288.888,288.453,238.418,-1.72058,12.8062,283.073,365.133,213.954,3113.18,0.903201,0,0
115.25,0.521888,288.669,288.886,288.451,238.418,-1.70334,12.7708,280.375,365.133,213.954,3113.18,0.90357,0,0
115.75,0.518102,288.67,288.885,288.449,238.417,-1.68594,12.7358,277.67,365.133,213.954,3113.18,0.903938,0,0
116.25,0.514306,288.671,288.883,288.447,238.417,-1.66912,12.7012,274.958,365.113,213.946,3113.18,0.904302,0,0
116.75,0.510499,288.672,288.882,288.445,238.416,-1.65161,12.6671,272.238,365.113,213.946,3113.18,0.904666,0,0
117.25,0.506683,288.672,288.88,288.443,238.416,-1.63395,12.6333,269.511,365.113,213.946,3113.18,0.905028,0,0
117.75,0.502856,288.673,288.878,288.441,238.415,-1.61614,12.5998,266.777,365.113,213.946,3113.18,0.905388,0,0
118.25,0.49902,288.674,288.876,288.439,238.414,-1.59893,12.5667,264.097,365.091,213.938,3113.18,0.905747,0,0
118.75,0.495173,288.674,288.875,288.437,238.414,-1.58101,12.5339,261.589,365.091,213.938,3113.18,0.906104,0,0
119.25,0.491318,288.675,288.873,288.435,238.413,-1.56293,12.5016,259.074,365.091,213.938,3113.18,0.90646,0,0
119.75,0.487452,288.676,288.871,288.432,238.413,-1.54469,12.4695,256.553,365.091,213.938,3113.18,0.906815,0,0
120.25,0.483577,288.676,288.869,288.43,238.412,-1.52706,12.4378,254.025,365.065,213.93,3113.18,0.907168,0,0
120.75,0.479692,288.677,288.867,288.428,238.411,-1.50871,12.4063,251.492,365.065,213.93,3113.18,0.90752,0,0
121.25,0.475798,288.677,288.865,288.425,238.411,-1.49019,12.3753,248.952,365.065,213.93,3113.18,0.907871,0,0
121.75,0.471895,288.678,288.863,288.423,238.41,-1.47152,12.3445,246.406,365.065,213.93,3113.18,0.908222,0,5.19705e-11
122.25,0.467982,288.678,288.861,288.421,238.409,-1.45348,12.3139,243.854,365.037,213.921,3113.18,0.90857,0,6.14669e-11
122.75,0.46406,288.679,288.859,288.418,238.409,-1.4347,12.2837,241.296,365.037,213.921,3113.18,0.908917,0,6.18969e-11
123.25,0.460129,288.679,288.857,288.415,238.408,-1.41577,12.2538,238.732,365.037,213.921,3113.18,0.909264,0,6.23159e-11
123.75,0.456189,288.68,288.855,288.413,238.407,-1.39667,12.2241,236.163,365.037,213.921,3113.18,0.909611,0,6.27244e-11
124.25,0.45224,288.68,288.853,288.41,238.407,-1.37823,12.1947,233.587,365.005,213.912,3113.18,0.909955,0,6.31052e-11
124.75,0.448282,288.68,288.851,288.408,238.406,-1.35905,12.1655,231.006,365.005,213.912,3113.18,0.910299,0,6.34942e-11
125.25,0.444315,288.681,288.849,288.405,238.405,-1.3397,12.1366,228.419,365.005,213.912,3113.18,0.910643,0,6.38737e-11
125.75,0.44034,288.681,288.846,288.402,238.405,-1.32019,12.1079,225.826,365.005,213.912,3113.18,0.910986,0,6.4244e-11
126.25,0.436356,288.682,288.844,288.399,238.404,-1.30137,12.0794,223.227,364.97,213.902,3113.18,0.911327,0,6.45875e-11
126.75,0.432363,288.682,288.842,288.397,238.403,-1.28178,12.0512,220.623,364.97,213.902,3113.18,0.911668,0,6.4941e-11
127.25,0.428362,288.682,288.839,288.394,238.403,-1.26204,12.0232,218.014,364.97,213.902,3113.18,0.912009,0,6.52861e-11
127.75,0.424352,288.682,288.837,288.391,238.402,-1.24212,11.9954,215.399,364.97,213.902,3113.18,0.91235,0,6.56232e-11
128.25,0.420334,288.683,288.834,288.388,238.401,-1.22293,11.9677,212.778,364.932,213.892,3113.18,0.912689,0,1.05191e-10
128.75,0.416308,288.683,288.832,288.385,238.4,-1.20295,11.9403,210.152,364.932,213.892,3113.18,0.913027,0,1.38038e-10
129.25,0.412274,288.683,288.829,288.382,238.4,-1.18281,11.9131,207.521,364.932,213.892,3113.18,0.913366,0,1.38673e-10
129.75,0.408231,288.683,288.827,288.379,238.399,-1.16251,11.8861,204.884,364.932,213.892,3113.18,0.913705,0,1.39295e-10
130.25,0.404181,288.683,288.824,288.376,238.398,-1.14295,11.8592,202.243,364.892,213.881,3113.18,0.914042,0,1.39864e-10
130.75,0.400122,288.683,288.822,288.373,238.398,-1.12259,11.8325,199.596,364.892,213.881,3113.18,0.914379,0,1.40461e-10
131.25,0.396056,288.683,288.819,288.37,238.397,-1.10208,11.806,196.944,364.892,213.881,3113.18,0.914717,0,1.41045e-10
131.75,0.391982,288.684,288.816,288.366,238.396,-1.0814,11.7796,194.286,364.892,213.881,3113.18,0.915054,0,1.41617e-10
132.25,0.3879,288.684,288.813,288.363,238.395,-1.06147,11.7534,191.624,364.848,213.871,3113.18,0.91539,0,1.42136e-10
132.75,0.383811,288.684,288.811,288.36,238.395,-1.04075,11.7273,188.957,364.848,213.871,3113.18,0.915726,0,1.42686e-10
133.25,0.379714,288.684,288.808,288.357,238.394,-1.01986,11.7014,186.285,364.848,213.871,3113.18,0.916062,0,1.43225e-10
133.75,0.375609,288.684,288.805,288.353,238.393,-0.998808,11.6756,183.608,364.848,213.871,3113.18,0.916399,0,1.43752e-10
134.25,0.371497,288.683,288.802,288.35,238.392,-0.978534,11.65,180.926,364.802,213.859,3113.18,0.916733,0,1.44228e-10
134.75,0.367378,288.683,288.799,288.347,238.392,-0.957448,11.6245,178.24,364.802,213.859,3113.18,0.917068,0,1.44737e-10
135.25,0.363252,288.683,288.796,288.343,238.391,-0.936201,11.5991,175.549,364.802,213.859,3113.18,0.917404,0,1.45235e-10
135.75,0.359119,288.683,288.793,288.34,238.39,-0.914785,11.5738,172.853,364.802,213.859,3113.18,0.91774,0,1.45723e-10
136.25,0.354978,288.683,288.79,288.336,238.389,-0.894171,11.5487,170.152,364.753,213.847,3113.18,0.918075,0,1.4616e-10
136.75,0.350831,288.683,288.787,288.333,238.389,-0.872736,11.5236,167.447,364.753,213.847,3113.18,0.91841,0,1.46631e-10
137.25,0.346676,288.683,288.784,288.329,238.388,-0.851127,11.4987,164.973,364.753,213.847,3113.18,0.918745,0,1.47693e-10
137.75,0.342515,288.682,288.781,288.325,238.387,-0.829343,11.4739,162.553,364.753,213.847,3113.18,0.919081,0,1.48872e-10
138.25,0.338347,288.682,288.778,288.322,238.386,-0.808369,11.4493,160.13,364.7,213.835,3113.18,0.919415,0,1.49973e-10
138.75,0.334173,288.682,288.774,288.318,238.385,-0.786549,11.4247,157.702,364.7,213.835,3113.18,0.91975,0,1.51081e-10
139.25,0.329992,288.682,288.771,288.314,238.385,-0.764549,11.4003,155.271,364.7,213.835,3113.18,0.920086,0,1.52154e-10
139.75,0.325804,288.681,288.768,288.31,238.384,-0.742372,11.376,152.836,364.7,213.835,3113.18,0.920422,0,1.53194e-10
140.25,0.32161,288.681,288.765,288.306,238.383,-0.721028,11.3518,150.397,364.646,213.823,3113.18,0.920757,0,1.05555e-10
140.75,0.31741,288.681,288.761,288.303,238.382,-0.698825,11.3276,147.955,364.646,213.823,3113.18,0.921092,0,8.03827e-11
141.25,0.313203,288.68,288.758,288.299,238.381,-0.676441,11.3036,145.508,364.646,213.823,3113.18,0.921428,0,8.08576e-11
141.75,0.30899,288.68,288.754,288.295,238.38,-0.653881,11.2797,143.059,364.646,213.823,3113.18,0.921765,0,8.13181e-11
142.25,0.304771,288.68,288.751,288.291,238.38,-0.632177,11.2559,140.606,364.588,213.809,3113.18,0.9221,0,8.17445e-11
142.75,0.300547,288.679,288.747,288.287,238.379,-0.6096,11.2321,138.149,364.588,213.809,3113.18,0.922436,0,8.21788e-11
143.25,0.296316,288.679,288.744,288.283,238.378,-0.586843,11.2085,135.689,364.588,213.809,3113.18,0.922772,0,8.26003e-11
143.75,0.29208,288.678,288.74,288.279,238.377,-0.563909,11.1849,133.225,364.588,213.809,3113.18,0.92311,0,8.30094e-11
144.25,0.287837,288.678,288.737,288.274,238.376,-0.541853,11.1615,130.759,364.527,213.796,3113.18,0.923446,0,8.3386e-11
144.75,0.283589,288.677,288.733,288.27,238.375,-0.518912,11.138,128.288,364.527,213.796,3113.18,0.923782,0,8.37724e-11
145.25,0.279336,288.677,288.73,288.266,238.375,-0.49579,11.1147,125.815,364.527,213.796,3113.18,0.92412,0,8.41476e-11
145.75,0.275077,288.676,288.726,288.262,238.374,-0.472493,11.0914,123.339,364.527,213.796,3113.18,0.924459,0,8.4512e-11
146.25,0.270813,288.676,288.722,288.258,238.373,-0.450094,11.0682,120.859,364.464,213.782,3113.18,0.924796,0,8.48452e-11
146.75,0.266543,288.675,288.718,288.253,238.372,-0.426798,11.0451,118.376,364.464,213.782,3113.18,0.925134,0,8.51899e-11
147.25,0.262268,288.674,288.715,288.249,238.371,-0.403321,11.022,115.89,364.464,213.782,3113.18,0.925473,0,8.55248e-11
147.75,0.257988,288.674,288.711,288.245,238.37,-0.379669,10.999,113.401,364.464,213.782,3113.18,0.925813,0,8.58502e-11
148.25,0.253703,288.673,288.707,288.24,238.369,-0.356936,10.9761,110.91,364.398,213.768,3113.18,0.926151,0,8.61455e-11
148.75,0.249413,288.672,288.703,288.236,238.368,-0.333294,10.9531,108.454,364.398,213.768,3113.18,0.92649,0,8.65171e-11
149.25,0.245118,288.672,288.699,288.231,238.367,-0.309469,10.9303,106.241,364.398,213.768,3113.18,0.92683,0,8.72772e-11
149.75,0.240818,288.671,288.695,288.227,238.367,-0.285461,10.9075,104.025,364.398,213.768,3113.18,0.927172,0,3.05755e-11
150.25,0.236513,288.67,288.691,288.222,238.366,-0.262386,10.8849,101.808,364.33,213.753,3113.18,0.927511,0,0
150.75,0.232204,288.669,288.687,288.218,238.365,-0.238379,10.8623,99.5874,364.33,213.753,3113.18,0.927852,0,0
151.25,0.22789,288.669,288.683,288.213,238.364,-0.214191,10.8396,97.3648,364.33,213.753,3113.18,0.928194,0,0.00177662
151.75,0.223572,288.668,288.679,288.208,238.363,-0.189818,10.8172,95.1399,364.33,213.753,3113.18,0.928536,0,0.0018036
152.25,0.219249,288.667,288.675,288.204,238.362,-0.166397,10.7947,92.9127,364.257,213.739,3113.18,0.928877,0,0.00298663
152.75,0.214922,288.666,288.671,288.199,238.361,-0.142031,10.7724,90.6833,364.257,213.739,3113.18,0.929219,0,0.00254294
153.25,0.210591,288.665,288.666,288.194,238.36,-0.117482,10.75,88.4517,364.257,213.739,3113.18,0.929563,0,0.00388762
153.75,0.206256,288.664,288.662,288.189,238.36,-0.0927537,10.7277,86.218,364.257,213.739,3113.18,0.929907,0,0.00330348
154.25,0.201916,288.663,288.658,288.185,238.359,-0.0689915,10.7055,83.9822,364.181,213.726,3113.18,0.93025,0,0.004164
154.75,0.197573,288.662,288.654,288.18,238.358,-0.0393644,17.4045,81.7444,364.181,213.726,3113.18,0.919574,0,0.00429553
155.25,0.193226,288.661,288.649,288.175,238.357,0.000543968,17.6098,79.5045,364.181,213.726,3113.18,0.920082,0,0.00507409
155.75,0.188875,288.66,288.644,288.17,238.356,0.0412081,17.6282,77.2628,364.181,213.726,3113.18,0.920799,0,0.0048038
156.25,0.18452,288.659,288.639,288.165,238.355,0.0808604,17.6147,75.0191,364.106,213.714,3113.18,0.921538,0,0.00527403
156.75,0.180162,288.658,288.634,288.16,238.355,0.121846,17.5855,72.7735,364.106,213.714,3113.18,0.922271,0,0.00512999
157.25,0.1758,288.657,288.629,288.155,238.354,0.163234,17.5468,70.5261,364.106,213.714,3113.18,0.923019,0,0.00545072
157.75,0.171434,288.656,288.624,288.15,238.353,0.2044,17.473,68.2769,364.106,213.714,3113.18,0.924018,0,0.0053489
158.25,0.167066,288.655,288.619,288.146,238.352,0.243847,17.4115,66.222,364.034,213.704,3113.18,0.924767,0,0.00811662
158.75,0.162694,288.654,288.615,288.141,238.351,0.281213,17.2805,64.2615,364.034,213.704,3113.18,0.925778,0,0.00546846
159.25,0.158318,288.653,288.61,288.137,238.35,0.318917,17.1463,62.2996,364.034,213.704,3113.18,0.926785,0,0.00568393
159.75,0.15394,288.651,288.606,288.132,238.349,0.357066,17.0121,60.3362,364.034,213.704,3113.18,0.92778,0,0.00562071
160.25,0.149559,288.65,288.601,288.127,238.348,0.394021,16.8765,58.3715,363.959,213.693,3113.18,0.928761,0,0.00578791
160.75,0.145174,288.649,288.596,288.123,238.348,0.432216,16.7415,56.4055,363.959,213.693,3113.18,0.929733,0,0.00574526
161.25,0.140787,288.648,288.592,288.118,238.347,0.470814,16.6071,54.4382,363.959,213.693,3113.18,0.930694,0,0.00589109
161.75,0.136397,288.646,288.587,288.113,238.346,0.509796,16.4732,52.4696,363.959,213.693,3113.18,0.931646,0,0.00587702
162.25,0.132005,288.645,288.582,288.109,238.345,0.547829,17.3688,50.4999,363.889,213.683,3113.18,0.923785,0,0.0065106
162.75,0.12761,288.644,288.578,288.104,238.344,0.586663,18.1431,48.529,363.889,213.683,3113.18,0.925112,0,0.00598515
163.25,0.123212,288.643,288.573,288.099,238.344,0.625851,18.0645,46.5569,363.889,213.683,3113.18,0.925463,0,0.0495951
163.75,0.118812,288.641,288.568,288.095,238.343,0.663577,17.959,44.5838,363.889,213.683,3113.18,0.926609,0,0.00609023
164.25,0.114409,288.64,288.564,288.09,238.342,0.698465,17.7752,42.6097,363.801,213.678,3113.18,0.927719,0,0.00616596
164.75,0.110005,288.639,288.559,288.086,238.341,0.73448,17.5952,40.6345,363.801,213.678,3113.18,0.928811,0,0.00618312
165.25,0.105598,288.637,288.555,288.081,238.34,0.770839,17.419,38.6583,363.801,213.678,3113.18,0.929883,0,0.00625032
165.75,0.101189,288.636,288.55,288.076,238.339,0.807537,17.2465,36.6813,363.801,213.678,3113.18,0.930936,0,0.00627206
166.25,0.0967781,288.634,288.546,288.072,238.338,0.843401,17.0774,34.8982,363.732,213.668,3113.18,0.931968,0,0.00633397
166.75,0.0923653,288.633,288.541,288.067,238.337,0.880328,16.9117,33.1863,363.732,213.668,3113.18,0.932983,0,0.00634423
167.25,0.0879506,288.631,288.536,288.063,238.336,0.917614,16.762,31.4738,363.732,213.668,3113.18,0.933981,0,0.00639779
167.75,0.0835343,288.63,288.532,288.058,238.335,0.955263,16.6084,29.7605,363.732,213.668,3113.18,0.934964,0,0.00641248
168.25,0.0791163,288.629,288.527,288.053,238.334,0.99198,16.4547,28.0466,363.66,213.657,3113.18,0.935928,0,0.00647083
168.75,0.0746968,288.627,288.522,288.049,238.333,1.02985,16.3051,26.3321,363.66,213.657,3113.18,0.936878,0,0.00647802
169.25,0.0702757,288.626,288.517,288.044,238.332,1.06804,16.1578,24.6171,363.66,213.657,3113.18,0.937812,0,0.00652754
169.75,0.0658533,288.624,288.513,288.039,238.331,1.10654,16.013,22.9015,363.66,213.657,3113.18,0.938732,0,0.00653945
170.25,0.0614296,288.623,288.508,288.034,238.33,1.14401,15.8696,21.1854,363.585,213.647,3113.18,0.939636,0,0.00659414
170.75,0.0570047,288.621,288.503,288.03,238.329,1.18265,15.7298,19.4688,363.585,213.647,3113.18,0.940527,0,0.00659848
171.25,0.0525787,288.619,288.498,288.025,238.328,1.22159,15.5924,17.7519,363.585,213.647,3113.18,0.941405,0,0.0066445
171.75,0.0481517,288.618,288.493,288.02,238.327,1.26083,15.4577,16.1129,363.585,213.647,3113.18,0.94227,0,0.00664638
172.25,0.0437237,288.616,288.489,288.015,238.326,1.29891,15.3242,14.5829,363.506,213.636,3113.18,0.94312,0,0.00668572
172.75,0.0392948,288.615,288.484,288.01,238.325,1.33785,15.1917,13.0527,363.506,213.636,3113.18,0.944028,0,0.00687154
173.25,0.0348652,288.613,288.48,288.006,238.324,1.36989,15.0203,11.5221,363.506,213.636,3113.18,0.945056,0,0.00741167
173.75,0.0304349,288.611,288.475,288.002,238.332,1.40263,16.284,9.99139,363.506,213.636,3113.18,0.935129,0,0.301171
174.25,0.026004,288.61,288.471,287.998,238.331,1.43278,17.1125,8.46043,363.329,213.671,3113.18,0.935746,0,0.00668223
174.75,0.0215725,288.608,288.467,287.994,238.329,1.45931,17.0302,6.9293,363.329,213.671,3113.18,0.936267,0,0.00671929
175.25,0.0171407,288.606,288.464,287.99,238.328,1.4867,16.9596,5.47299,363.329,213.671,3113.18,0.936849,0,0.00670984
175.75,0.0127085,288.605,288.46,287.986,238.327,1.51488,16.8779,4.0578,363.329,213.671,3113.18,0.937439,0,0.00671822
176.25,0.00827608,288.603,288.455,287.982,238.326,1.54276,16.801,2.64253,363.266,213.659,3113.18,0.938034,0,0.0067312
176.75,0.00384348,288.601,288.451,287.978,238.325,1.57217,16.7167,1.22722,363.266,213.659,3113.18,0.938635,0,0.00672205
177.25,0,288.6,288.447,287.974,238.324,1.60199,16.6314,0,363.266,213.659,3113.18,0.939242,0,0.00670075
177.75,0,288.598,288.443,287.969,238.323,1.63041,16.5444,0,363.266,213.659,3113.18,0.939849,0,0.0064337
178.25,0,288.596,288.439,287.965,238.322,1.65764,16.4624,0,363.198,213.647,3113.18,0.940455,0,0.00632444
178.75,0,288.594,288.435,287.961,238.321,1.68567,16.3734,0,363.198,213.647,3113.18,0.94106,0,0.0061034
179.25,0,288.593,288.431,287.957,238.32,1.71366,16.2891,0,363.198,213.647,3113.18,0.941666,0,0.00597634
179.75,0,288.591,288.426,287.953,238.319,1.7416,16.1993,0,363.198,213.647,3113.18,0.94227,0,0.00578252
180.25,0,288.589,288.422,287.949,238.318,1.76833,16.1083,0,363.13,213.636,3113.18,0.942871,0,0.00566275
180.75,0,288.588,288.418,287.945,238.317,1.79577,16.0172,0,363.13,213.636,3113.18,0.94347,0,0.00547813
181.25,0,288.586,288.415,287.941,238.316,1.82233,15.9204,0,363.13,213.636,3113.18,0.944185,0,0.00556946
181.75,0,288.584,288.411,287.938,238.315,1.84335,15.7977,0,363.13,213.636,3113.18,0.94484,0,0.00624034
182.25,0,288.582,288.408,287.935,238.314,1.86035,15.5564,0,363.068,213.625,3113.18,0.946295,0,0.00507832
182.75,0,288.581,288.405,287.932,238.313,1.87793,15.3467,0,363.068,213.625,3113.18,0.94567,0,0.00965107
183.25,0,288.579,288.402,287.929,238.312,1.89043,15.4127,0,363.068,213.625,3113.18,0.947074,0,0.0048046
183.75,0,288.577,288.399,287.926,238.312,1.903,15.1116,0,363.068,213.625,3113.18,0.948407,0,0.00465686
184.25,0,288.576,288.397,287.923,238.311,1.91576,14.8287,0,363.018,213.615,3113.18,0.949673,0,0.00455663
184.75,0,288.574,288.394,287.92,238.31,1.9295,14.5607,0,363.018,213.615,3113.18,0.950879,0,0.00441265
185.25,0,288.572,288.391,287.917,238.309,1.94378,14.306,0,363.018,213.615,3113.18,0.952028,0,0.00431183
185.75,0,288.57,288.388,287.914,238.308,1.9585,14.0647,0,363.018,213.615,3113.18,0.953124,0,0.00418077
186.25,0,288.569,288.385,287.912,238.308,1.9736,13.8358,0,362.967,213.604,3113.18,0.948814,0,0.0186153
186.75,0,288.567,288.383,287.91,238.307,1.97697,14.7971,0,362.967,213.604,3113.18,0.949979,0,0.00396259
187.25,0,288.565,288.381,287.908,238.307,1.98115,14.6899,0,362.967,213.604,3113.18,0.950471,0,0.00387299
187.75,0,288.564,288.378,287.905,238.306,1.99008,14.5945,0,362.967,213.604,3113.18,0.95098,0,0.00375519
188.25,0,288.562,288.376,287.903,238.305,1.99866,14.4875,0,362.91,213.595,3113.18,0.951498,0,0.00367664
188.75,0,288.56,288.373,287.9,238.305,2.00816,14.3853,0,362.91,213.595,3113.18,0.952029,0,0.00355996
189.25,0,288.558,288.371,287.897,238.304,2.01839,14.2769,0,362.91,213.595,3113.18,0.95257,0,0.00347993
189.75,0,288.557,288.368,287.895,238.303,2.02928,14.1669,0,362.91,213.595,3113.18,0.95312,0,0.00337428
190.25,0,288.555,288.365,287.892,238.303,2.04074,14.0503,0,362.864,213.585,3113.18,0.953678,0,0.00330664
190.75,0,288.553,288.363,287.889,238.302,2.05296,13.9334,0,362.864,213.585,3113.18,0.95424,0,0.00319991
191.25,0,288.552,288.359,287.886,238.302,2.06743,15.4938,0,362.864,213.585,3113.18,0.940723,0,0.00312987
191.75,0,288.55,288.355,287.882,238.301,2.09199,17.0147,0,362.864,213.585,3113.18,0.941539,0,0.0030338
192.25,0,288.548,288.352,287.878,238.3,2.11685,16.8632,0,362.801,213.574,3113.18,0.942342,0,0.00297673
192.75,0,288.546,288.348,287.874,238.301,2.14202,18.2074,0,362.801,213.574,3113.18,0.92974,0,0.0333091
193.25,0,288.545,288.344,287.871,238.3,2.16163,19.6734,0,362.801,213.574,3113.18,0.930899,0,0.0028176
193.75,0,288.543,288.341,287.868,238.3,2.18034,19.4323,0,362.801,213.574,3113.18,0.932036,0,0.00272954
194.25,0,288.541,288.338,287.865,238.299,2.19619,19.1956,0,362.735,213.568,3113.18,0.933139,0,0.00267175
194.75,0,288.539,288.335,287.861,238.298,2.21272,18.9633,0,362.735,213.568,3113.18,0.934222,0,0.00258877
195.25,0,288.538,288.332,287.858,238.298,2.22942,18.7344,0,362.735,213.568,3113.18,0.935284,0,0.0025301
195.75,0,288.536,288.328,287.855,238.297,2.24628,18.5123,0,362.735,213.568,3113.18,0.936327,0,0.00245487
196.25,0,288.534,288.325,287.852,238.297,2.26306,18.2948,0,362.692,213.558,3113.18,0.937351,0,0.00240922
196.75,0,288.532,288.322,287.849,238.296,2.28038,18.0821,0,362.692,213.558,3113.18,0.938356,0,0.00232981
197.25,0,288.531,288.319,287.846,238.296,2.29781,17.8716,0,362.692,213.558,3113.18,0.939342,0,0.00228104
197.75,0,288.529,288.316,287.842,238.295,2.31535,17.6677,0,362.692,213.558,3113.18,0.94031,0,0.00221029
198.25,0,288.527,288.312,287.839,238.295,2.33266,17.4679,0,362.648,213.549,3113.18,0.941261,0,0.00217335
198.75,0,288.525,288.309,287.836,238.294,2.35048,17.2704,0,362.648,213.549,3113.18,0.942195,0,0.00209867
199.25,0,288.524,288.306,287.833,238.294,2.36835,17.0769,0,362.648,213.549,3113.18,0.943111,0,0.00205756
199.75,0,288.522,288.303,287.83,238.294,2.38545,16.8851,0,362.648,213.549,3113.18,0.94405,0,0.00259175
200.25,0,288.52,288.302,287.828,238.293,2.38909,16.6415,0,362.604,213.54,3113.18,0.944961,0,0.00622651
200.75,0,288.518,288.3,287.826,238.293,2.38892,16.6986,0,362.604,213.54,3113.18,0.940115,0,0.00189191
201.25,0,288.517,288.296,287.823,238.292,2.40073,17.5866,0,362.604,213.54,3113.18,0.941202,0,0.0018571
201.75,0,288.515,288.293,287.82,238.292,2.41808,17.3569,0,362.604,213.54,3113.18,0.942264,0,0.00179608
202.25,0,288.513,288.29,287.817,238.291,2.43488,17.133,0,362.562,213.531,3113.18,0.943298,0,0.00177166
202.75,0,288.511,288.287,287.814,238.297,2.44968,17.2101,0,362.562,213.531,3113.18,0.940896,0,0.183146
203.25,0,288.51,288.285,287.812,238.296,2.45765,17.5277,0,362.562,213.531,3113.18,0.941641,0,0.00167718
203.75,0,288.508,288.282,287.809,238.296,2.46703,17.3676,0,362.562,213.531,3113.18,0.942381,0,0.00162081
204.25,0,288.506,288.28,287.807,238.295,2.47497,17.2046,0,362.491,213.554,3113.18,0.943104,0,0.00150421
204.75,0,288.505,288.278,287.804,238.295,2.48333,17.0477,0,362.491,213.554,3113.18,0.94385,0,0.00176015
205.25,0,288.503,288.276,287.803,238.295,2.48466,16.8486,0,362.491,213.554,3113.18,0.944706,0,0.00212947
205.75,0,288.501,288.275,287.802,238.294,2.4801,16.6489,0,362.491,213.554,3113.18,0.945192,0,0.00419861
206.25,0,288.499,288.274,287.801,238.294,2.4734,16.4229,0,362.465,213.545,3113.18,0.94663,0,0.00138133
206.75,0,288.498,288.272,287.799,238.293,2.4676,16.0796,0,362.465,213.545,3113.18,0.947998,0,0.00136232
207.25,0,288.496,288.271,287.798,238.293,2.46292,15.7542,0,362.465,213.545,3113.18,0.9493,0,0.00131182
207.75,0,288.494,288.27,287.797,238.293,2.4595,15.9134,0,362.465,213.545,3113.18,0.947481,0,0.00990307
208.25,0,288.492,288.269,287.796,238.293,2.45026,15.9226,0,362.442,213.537,3113.18,0.948449,0,0.00125931
208.75,0,288.491,288.268,287.795,238.292,2.44187,15.6844,0,362.442,213.537,3113.18,0.9494,0,0.00122504
209.25,0,288.489,288.267,287.793,238.292,2.43499,15.4493,0,362.442,213.537,3113.18,0.950333,0,0.00119377
209.75,0,288.487,288.265,287.792,238.291,2.42947,15.2172,0,362.442,213.537,3113.18,0.951248,0,0.0011625
210.25,0,288.485,288.264,287.791,238.291,2.42643,14.992,0,362.422,213.528,3113.18,0.95215,0,0.00114757
210.75,0,288.484,288.262,287.789,238.291,2.42434,14.773,0,362.422,213.528,3113.18,0.953034,0,0.00110563
211.25,0,288.482,288.261,287.787,238.291,2.42351,16.2603,0,362.422,213.528,3113.18,0.945459,0,0.0189415
211.75,0,288.48,288.259,287.786,238.291,2.42125,16.3094,0,362.422,213.528,3113.18,0.946663,0,0.0014878
212.25,0,288.479,288.257,287.784,238.29,2.42086,16.662,0,362.387,213.522,3113.18,0.941626,0,0.00272205
212.75,0,288.477,288.254,287.781,238.29,2.43126,17.2729,0,362.387,213.522,3113.18,0.942489,0,0.0015134
213.25,0,288.475,288.251,287.778,238.29,2.44425,17.0906,0,362.387,213.522,3113.18,0.943338,0,0.00234417
213.75,0,288.473,288.249,287.776,238.289,2.45532,16.9011,0,362.387,213.522,3113.18,0.944125,0,0.00323023
214.25,0,288.472,288.248,287.775,238.289,2.45272,16.6129,0,362.347,213.513,3113.18,0.945596,0,0.00244263
214.75,0,288.47,288.246,287.773,238.289,2.44927,16.3646,0,362.347,213.513,3113.18,0.945571,0,0.00583388
215.25,0,288.468,288.245,287.772,238.288,2.44326,16.3236,0,362.347,213.513,3113.18,0.946703,0,0.0025715
215.75,0,288.466,288.244,287.771,238.288,2.43805,16.0461,0,362.347,213.513,3113.18,0.947807,0,0.00147287
216.25,0,288.465,288.242,287.769,238.288,2.43473,15.7777,0,362.324,213.506,3113.18,0.948887,0,0.00224727
216.75,0,288.463,288.24,287.767,238.288,2.43454,16.3705,0,362.324,213.506,3113.18,0.942762,0,0.00156047
217.25,0,288.461,288.237,287.764,238.289,2.44859,17.0191,0,362.324,213.506,3113.18,0.939868,0,0.0584868
217.75,0,288.459,288.235,287.762,238.289,2.45691,17.6845,0,362.324,213.506,3113.18,0.940799,0,0.001421
218.25,0,288.458,288.232,287.759,238.288,2.46296,17.4776,0,362.283,213.507,3113.18,0.941706,0,0.00236775
218.75,0,288.456,288.23,287.757,238.288,2.46945,17.2751,0,362.283,213.507,3113.18,0.942596,0,0.00143553
219.25,0,288.454,288.228,287.755,238.288,2.47629,17.074,0,362.283,213.507,3113.18,0.94347,0,0.00213502
219.75,0,288.453,288.226,287.753,238.288,2.47962,16.8703,0,362.283,213.507,3113.18,0.944401,0,0.00261162
220.25,0,288.451,288.225,287.752,238.287,2.47424,16.5583,0,362.254,213.499,3113.18,0.945885,0,0.00223438
220.75,0,288.449,288.224,287.751,238.287,2.46956,16.409,0,362.254,213.499,3113.18,0.946033,0,0.00554759
221.25,0,288.447,288.223,287.75,238.287,2.46081,16.1572,0,362.254,213.499,3113.18,0.947435,0,0.00220251
221.75,0,288.446,288.222,287.749,238.287,2.45316,15.8192,0,362.254,213.499,3113.18,0.948776,0,0.00139718
222.25,0,288.444,288.22,287.747,238.286,2.44773,15.4971,0,362.237,213.492,3113.18,0.950064,0,0.0021781
222.75,0,288.442,288.219,287.746,238.286,2.44328,15.19,0,362.237,213.492,3113.18,0.951297,0,0.00139292
223.25,0,288.44,288.218,287.745,238.286,2.43988,14.9806,0,362.237,213.492,3113.18,0.94896,0,0.0169002
223.75,0,288.439,288.217,287.744,238.286,2.42796,15.4543,0,362.237,213.492,3113.18,0.949985,0,0.00138889
224.25,0,288.437,288.216,287.743,238.286,2.41628,15.199,0,362.217,213.486,3113.18,0.950987,0,0.00212028
224.75,0,288.435,288.215,287.742,238.285,2.4062,14.9485,0,362.217,213.486,3113.18,0.951967,0,0.00138555
225.25,0,288.434,288.214,287.741,238.285,2.39777,14.7058,0,362.217,213.486,3113.18,0.952923,0,0.00209985
225.75,0,288.432,288.213,287.74,238.285,2.39087,14.4736,0,362.217,213.486,3113.18,0.953858,0,0.00138399
226.25,0,288.43,288.212,287.739,238.284,2.38673,14.2464,0,362.196,213.478,3113.18,0.954778,0,0.0020726
226.75,0,288.428,288.21,287.737,238.284,2.38362,14.0235,0,362.196,213.478,3113.18,0.955675,0,0.00138156
227.25,0,288.427,288.209,287.736,238.284,2.38161,13.8076,0,362.196,213.478,3113.18,0.956552,0,0.00206496
227.75,0,288.425,288.207,287.734,238.284,2.38062,13.5984,0,362.196,213.478,3113.18,0.957407,0,0.00138402
228.25,0,288.423,288.205,287.732,238.286,2.38154,14.5294,0,362.167,213.471,3113.18,0.951155,0,0.0877777
228.75,0,288.422,288.204,287.732,238.286,2.37251,14.8219,0,362.167,213.471,3113.18,0.952164,0,0.00174738
229.25,0,288.42,288.203,287.731,238.286,2.3634,14.5768,0,362.167,213.471,3113.18,0.953141,0,0.00203774
229.75,0,288.418,288.202,287.729,238.285,2.35579,14.3386,0,362.167,213.471,3113.18,0.954087,0,0.00168832
230.25,0,288.416,288.201,287.728,238.285,2.34843,14.1091,0,362.137,213.478,3113.18,0.954996,0,0.00202225
230.75,0,288.415,288.2,287.727,238.285,2.34217,13.8887,0,362.137,213.478,3113.18,0.955877,0,0.00167193
231.25,0,288.413,288.199,287.726,238.284,2.33715,13.6768,0,362.137,213.478,3113.18,0.95673,0,0.00194768
231.75,0,288.411,288.197,287.724,238.284,2.33326,13.4729,0,362.137,213.478,3113.18,0.957558,0,0.00166023
232.25,0,288.41,288.196,287.723,238.284,2.33151,13.277,0,362.111,213.47,3113.18,0.958366,0,0.00198845
232.75,0,288.408,288.194,287.721,238.284,2.33057,13.0855,0,362.111,213.47,3113.18,0.959151,0,0.00163317
233.25,0,288.406,288.193,287.72,238.283,2.33036,12.9006,0,362.111,213.47,3113.18,0.959931,0,0.00211609
233.75,0,288.405,288.193,287.72,238.283,2.31727,12.7077,0,362.111,213.47,3113.18,0.960666,0,0.0029389
234.25,0,288.403,288.192,287.719,238.284,2.2998,13.4396,0,362.084,213.463,3113.18,0.95286,0,0.0278021
234.75,0,288.401,288.191,287.718,238.283,2.28878,14.2544,0,362.084,213.463,3113.18,0.95367,0,0.00160956
235.25,0,288.399,288.191,287.718,238.283,2.27572,14.0525,0,362.084,213.463,3113.18,0.95447,0,0.00187936
235.75,0,288.398,288.19,287.717,238.283,2.26476,13.8555,0,362.084,213.463,3113.18,0.95526,0,0.0016245
236.25,0,288.396,288.189,287.716,238.283,2.2551,13.6631,0,362.065,213.459,3113.18,0.956034,0,0.00189841
236.75,0,288.394,288.188,287.715,238.282,2.24705,13.4713,0,362.065,213.459,3113.18,0.956797,0,0.00157856
237.25,0,288.393,288.186,287.714,238.282,2.24071,13.289,0,362.065,213.459,3113.18,0.957548,0,0.00191421
237.75,0,288.391,288.185,287.712,238.282,2.23592,13.1075,0,362.065,213.459,3113.18,0.958286,0,0.0015748
238.25,0,288.389,288.184,287.711,238.282,2.23377,12.935,0,362.039,213.451,3113.18,0.959018,0,0.00185731
238.75,0,288.387,288.182,287.709,238.281,2.23273,12.7637,0,362.039,213.451,3113.18,0.959737,0,0.00157441
239.25,0,288.386,288.182,287.709,238.281,2.22785,12.5836,0,362.039,213.451,3113.18,0.960346,0,0.00336363
239.75,0,288.384,288.182,287.709,238.281,2.20576,12.2855,0,362.039,213.451,3113.18,0.961807,0,0.00155954
240.25,0,288.382,288.182,287.709,238.281,2.18644,12.1746,0,362.016,213.444,3113.18,0.961682,0,0.00401637
240.75,0,288.381,288.182,287.709,238.281,2.16475,12.0005,0,362.016,213.444,3113.18,0.962697,0,0.00155352
241.25,0,288.379,288.181,287.708,238.288,2.14968,12.5407,0,362.016,213.444,3113.18,0.953594,0,0.246
241.75,0,288.377,288.179,287.706,238.288,2.14564,13.8881,0,362.016,213.444,3113.18,0.954198,0,0.000249865
242.25,0,288.376,288.178,287.705,238.287,2.14133,13.7438,0,361.939,213.479,3113.18,0.954799,0,0.000175229
242.75,0,288.374,288.176,287.704,238.287,2.1381,13.6061,0,361.939,213.479,3113.18,0.955403,0,0.00019231
243.25,0,288.372,288.175,287.702,238.287,2.13628,13.4637,0,361.939,213.479,3113.18,0.956009,0,0.00017866
243.75,0,288.371,288.173,287.7,238.286,2.13574,13.3278,0,361.939,213.479,3113.18,0.956617,0,0.000185037
244.25,0,288.369,288.171,287.698,238.286,2.13715,13.1885,0,361.91,213.471,3113.18,0.957227,0,0.000188597
244.75,0,288.367,288.169,287.696,238.286,2.13954,13.0509,0,361.91,213.471,3113.18,0.957836,0,0.0001765
245.25,0,288.365,288.167,287.694,238.285,2.14288,12.9151,0,361.91,213.471,3113.18,0.958442,0,0.000178634
245.75,0,288.364,288.165,287.692,238.285,2.14708,12.7812,0,361.91,213.471,3113.18,0.959044,0,0.000168188
246.25,0,288.362,288.163,287.69,238.285,2.15248,12.6495,0,361.875,213.462,3113.18,0.959644,0,0.000185038
246.75,0,288.36,288.162,287.689,238.285,2.15636,12.5076,0,361.875,213.462,3113.18,0.960148,0,0.00130074
247.25,0,288.359,288.162,287.689,238.284,2.14086,12.2104,0,361.875,213.462,3113.18,0.95437,0,0.000173353
247.75,0,288.357,288.159,287.687,238.285,2.13777,14.543,0,361.875,213.462,3113.18,0.950666,0,0.0170853
248.25,0,288.355,288.158,287.685,238.284,2.13521,14.5111,0,361.842,213.456,3113.18,0.95157,0,0.000174866
248.75,0,288.354,288.157,287.684,238.284,2.13217,14.2975,0,361.842,213.456,3113.18,0.952459,0,0.000152749
249.25,0,288.352,288.155,287.682,238.284,2.13058,14.0936,0,361.842,213.456,3113.18,0.953333,0,0.000163567
249.75,0,288.35,288.153,287.68,238.283,2.13031,13.8911,0,361.842,213.456,3113.18,0.954191,0,0.000147329
250.25,0,288.348,288.151,287.678,238.283,2.13216,13.6977,0,361.814,213.447,3113.18,0.955038,0,0.000169528
250.75,0,288.347,288.149,287.676,238.283,2.13504,13.5063,0,361.814,213.447,3113.18,0.95587,0,0.000144379
251.25,0,288.345,288.147,287.674,238.283,2.13889,13.32,0,361.814,213.447,3113.18,0.956685,0,0.00015795
251.75,0,288.343,288.145,287.672,238.282,2.14363,13.1387,0,361.814,213.447,3113.18,0.957484,0,0.00013986
252.25,0,288.342,288.143,287.67,238.282,2.14965,12.9595,0,361.779,213.439,3113.18,0.95827,0,0.00016383
252.75,0,288.34,288.141,287.668,238.282,2.15647,12.7853,0,361.779,213.439,3113.18,0.959039,0,0.000137575
253.25,0,288.338,288.138,287.666,238.283,2.16401,13.0716,0,361.779,213.439,3113.18,0.951523,0,0.0611642
253.75,0,288.336,288.137,287.664,238.283,2.16151,14.3578,0,361.779,213.439,3113.18,0.952207,0,0.000133593
254.25,0,288.335,288.136,287.663,238.283,2.15585,14.1994,0,361.734,213.439,3113.18,0.952883,0,0.00013922
254.75,0,288.333,288.134,287.662,238.282,2.15174,14.0375,0,361.734,213.439,3113.18,0.953559,0,0.000128505
255.25,0,288.331,288.133,287.66,238.282,2.14904,13.8823,0,361.734,213.439,3113.18,0.954233,0,0.000131256
255.75,0,288.33,288.131,287.658,238.282,2.14764,13.725,0,361.734,213.439,3113.18,0.954904,0,0.000123199
256.25,0,288.328,288.13,287.657,238.282,2.14825,13.57,0,361.707,213.43,3113.18,0.955574,0,0.000140045
256.75,0,288.326,288.128,287.655,238.281,2.14984,13.4176,0,361.707,213.43,3113.18,0.95624,0,0.00012077
257.25,0,288.325,288.126,287.653,238.281,2.15237,13.2678,0,361.707,213.43,3113.18,0.9569,0,0.000130598
257.75,0,288.323,288.124,287.651,238.281,2.15576,13.1206,0,361.707,213.43,3113.18,0.957553,0,0.000116974
258.25,0,288.321,288.122,287.649,238.28,2.16042,12.9763,0,361.673,213.422,3113.18,0.958202,0,0.000138552
258.75,0,288.319,288.12,287.647,238.28,2.16581,12.8308,0,361.673,213.422,3113.18,0.958842,0,0.00011553
259.25,0,288.318,288.117,287.644,238.28,2.17182,12.6882,0,361.673,213.422,3113.18,0.959475,0,0.000128696
259.75,0,288.316,288.115,287.642,238.28,2.17804,13.2059,0,361.673,213.422,3113.18,0.949619,0,0.0156461
260.25,0,288.314,288.114,287.641,238.28,2.17267,14.7799,0,361.632,213.415,3113.18,0.950554,0,0.000133033
260.75,0,288.313,288.113,287.64,238.279,2.1679,14.5609,0,361.632,213.415,3113.18,0.951472,0,0.000110918
261.25,0,288.311,288.111,287.638,238.279,2.16463,14.3438,0,361.632,213.415,3113.18,0.952374,0,0.000123677
261.75,0,288.309,288.11,287.637,238.279,2.16274,14.1352,0,361.632,213.415,3113.18,0.953259,0,0.000107941
262.25,0,288.308,288.108,287.635,238.279,2.16314,13.9313,0,361.606,213.407,3113.18,0.954132,0,0.000131692
262.75,0,288.306,288.106,287.633,238.278,2.16456,13.732,0,361.606,213.407,3113.18,0.954987,0,0.000107196
263.25,0,288.304,288.104,287.631,238.278,2.167,13.5382,0,361.606,213.407,3113.18,0.955825,0,0.000122046
263.75,0,288.302,288.102,287.629,238.278,2.17037,13.3498,0,361.606,213.407,3113.18,0.956646,0,0.000514276
264.25,0,288.301,288.1,287.627,238.278,2.17515,13.1639,0,361.574,213.398,3113.18,0.957453,0,0.00145699
264.75,0,288.299,288.098,287.625,238.277,2.18073,12.9833,0,361.574,213.398,3113.18,0.958242,0,0.00150494
265.25,0,288.297,288.096,287.623,238.278,2.18697,13.2982,0,361.574,213.398,3113.18,0.951041,0,0.020444
265.75,0,288.296,288.094,287.622,238.277,2.18412,14.4381,0,361.574,213.398,3113.18,0.952021,0,0.00148842
266.25,0,288.294,288.093,287.62,238.277,2.17958,14.2105,0,361.537,213.393,3113.18,0.952973,0,0.00163839
266.75,0,288.292,288.091,287.619,238.277,2.17656,13.9862,0,361.537,213.393,3113.18,0.953905,0,0.00146839
267.25,0,288.29,288.09,287.617,238.277,2.17491,13.7719,0,361.537,213.393,3113.18,0.954816,0,0.00165827
267.75,0,288.289,288.088,287.615,238.276,2.1745,13.561,0,361.537,213.393,3113.18,0.955707,0,0.00144
268.25,0,288.287,288.086,287.614,238.276,2.17616,13.3569,0,361.508,213.386,3113.18,0.956583,0,0.00169447
268.75,0,288.285,288.084,287.612,238.276,2.17881,13.1589,0,361.508,213.386,3113.18,0.957438,0,0.00141632
269.25,0,288.284,288.082,287.61,238.276,2.18238,12.967,0,361.508,213.386,3113.18,0.958274,0,0.00170817
269.75,0,288.282,288.08,287.608,238.276,2.18678,12.7783,0,361.508,213.386,3113.18,0.959091,0,0.00142244
270.25,0,288.28,288.078,287.606,238.275,2.19237,12.5952,0,361.471,213.379,3113.18,0.959912,0,0.00185104
270.75,0,288.279,288.077,287.604,238.276,2.18959,13.0732,0,361.471,213.379,3113.18,0.956227,0,0.0306356
271.25,0,288.277,288.075,287.602,238.276,2.19149,13.2595,0,361.471,213.379,3113.18,0.957081,0,0.00171683
271.75,0,288.275,288.073,287.6,238.276,2.19524,13.068,0,361.471,213.379,3113.18,0.957908,0,0.00144182
272.25,0,288.274,288.071,287.598,238.275,2.19887,12.8827,0,361.431,213.376,3113.18,0.958705,0,0.00163037
272.75,0,288.272,288.069,287.596,238.275,2.20314,12.7042,0,361.431,213.376,3113.18,0.959478,0,0.00147447
273.25,0,288.27,288.068,287.595,238.275,2.20561,12.5253,0,361.431,213.376,3113.18,0.96015,0,0.00269627
273.75,0,288.268,288.066,287.594,238.282,2.19289,13.2834,0,361.431,213.376,3113.18,0.952437,0,0.239226
274.25,0,288.267,288.066,287.593,238.282,2.18421,14.1395,0,361.346,213.41,3113.18,0.952897,0,1.55738e-05
274.75,0,288.265,288.065,287.592,238.281,2.17552,14.029,0,361.346,213.41,3113.18,0.953374,0,3.22713e-05
275.25,0,288.263,288.063,287.591,238.281,2.16857,13.9162,0,361.346,213.41,3113.18,0.953865,0,2.39673e-05
275.75,0,288.262,288.062,287.589,238.281,2.16323,13.7955,0,361.346,213.41,3113.18,0.954368,0,2.87481e-05
276.25,0,288.26,288.061,287.588,238.281,2.16044,13.6801,0,361.324,213.402,3113.18,0.954886,0,3.64559e-05
276.75,0,288.258,288.059,287.586,238.28,2.15878,13.5588,0,361.324,213.402,3113.18,0.955412,0,2.86037e-05
277.25,0,288.256,288.057,287.585,238.28,2.15832,13.4371,0,361.324,213.402,3113.18,0.955945,0,3.36979e-05
277.75,0,288.255,288.056,287.583,238.28,2.15897,13.3154,0,361.324,213.402,3113.18,0.956482,0,2.79334e-05
278.25,0,288.253,288.054,287.581,238.279,2.16125,13.1968,0,361.294,213.393,3113.18,0.957026,0,4.16948e-05
278.75,0,288.251,288.052,287.579,238.279,2.16443,13.0781,0,361.294,213.393,3113.18,0.957572,0,2.92347e-05
279.25,0,288.25,288.05,287.577,238.279,2.16843,12.9539,0,361.294,213.393,3113.18,0.958119,0,3.77251e-05
279.75,0,288.248,288.048,287.575,238.279,2.17316,12.8303,0,361.294,213.393,3113.18,0.958666,0,2.92517e-05
280.25,0,288.246,288.045,287.573,238.278,2.17888,12.7082,0,361.259,213.385,3113.18,0.959213,0,4.7222e-05
280.75,0,288.245,288.043,287.57,238.278,2.18531,14.5399,0,361.259,213.385,3113.18,0.947945,0,0.0084624
281.25,0,288.243,288.041,287.569,238.278,2.18603,15.1501,0,361.259,213.385,3113.18,0.948932,0,4.38999e-05
281.75,0,288.241,288.04,287.567,238.278,2.18733,14.9245,0,361.259,213.385,3113.18,0.9499,0,4.05868e-05
282.25,0,288.239,288.038,287.565,238.277,2.18826,14.7041,0,361.219,213.377,3113.18,0.950844,0,5.70742e-05
282.75,0,288.238,288.036,287.563,238.277,2.19025,14.4895,0,361.219,213.377,3113.18,0.951769,0,4.18234e-05
283.25,0,288.236,288.034,287.561,238.277,2.19315,14.2774,0,361.219,213.377,3113.18,0.952676,0,0.00125808
283.75,0,288.234,288.032,287.559,238.277,2.19687,14.0709,0,361.219,213.377,3113.18,0.953564,0,0.000896054
284.25,0,288.233,288.03,287.557,238.278,2.20198,15.298,0,361.188,213.369,3113.18,0.946203,0,0.040079
284.75,0,288.231,288.028,287.555,238.277,2.20439,15.5464,0,361.188,213.369,3113.18,0.947396,0,0.000849254
285.25,0,288.229,288.026,287.553,238.277,2.20733,15.276,0,361.188,213.369,3113.18,0.948547,0,0.00142763
285.75,0,288.227,288.024,287.551,238.277,2.21092,15.0161,0,361.188,213.369,3113.18,0.949659,0,0.000775789
286.25,0,288.226,288.022,287.549,238.277,2.21393,14.919,0,361.151,213.367,3113.18,0.944163,0,0.0025713
286.75,0,288.224,288.02,287.547,238.276,2.21654,15.9739,0,361.151,213.367,3113.18,0.945661,0,0.000674538
287.25,0,288.222,288.018,287.545,238.276,2.21937,15.6841,0,361.151,213.367,3113.18,0.945579,0,0.00675152
287.75,0,288.221,288.016,287.544,238.276,2.21726,15.7091,0,361.151,213.367,3113.18,0.946721,0,0.000699504
288.25,0,288.219,288.015,287.542,238.276,2.21506,15.4435,0,361.119,213.36,3113.18,0.947831,0,0.00150347
288.75,0,288.217,288.013,287.541,238.276,2.21406,15.186,0,361.119,213.36,3113.18,0.948914,0,0.000759763
289.25,0,288.215,288.012,287.539,238.275,2.21415,14.9366,0,361.119,213.36,3113.18,0.949971,0,0.00163669
289.75,0,288.214,288.01,287.537,238.275,2.2152,14.6923,0,361.119,213.36,3113.18,0.951001,0,0.000750433
290.25,0,288.212,288.008,287.535,238.275,2.21792,14.4559,0,361.092,213.352,3113.18,0.95201,0,0.00156928
290.75,0,288.21,288.006,287.533,238.276,2.22143,15.0741,0,361.092,213.352,3113.18,0.946204,0,0.0520361
291.25,0,288.209,288.004,287.531,238.276,2.22194,15.5459,0,361.092,213.352,3113.18,0.947434,0,0.00168852
291.75,0,288.207,288.002,287.53,238.276,2.22282,15.2647,0,361.092,213.352,3113.18,0.948618,0,0.000814449
292.25,0,288.205,288.001,287.528,238.276,2.22284,14.994,0,361.061,213.353,3113.18,0.949752,0,0.00145372
292.75,0,288.203,287.999,287.526,238.275,2.22338,14.7338,0,361.061,213.353,3113.18,0.950846,0,0.00089741
293.25,0,288.202,287.997,287.524,238.275,2.22441,14.4835,0,361.061,213.353,3113.18,0.951902,0,0.00155669
293.75,0,288.2,287.995,287.522,238.275,2.2259,14.2426,0,361.061,213.353,3113.18,0.952921,0,0.000844336
294.25,0,288.198,287.993,287.521,238.275,2.22855,14.6564,0,361.032,213.345,3113.18,0.94755,0,0.0103605
294.75,0,288.197,287.992,287.52,238.275,2.22231,15.1815,0,361.032,213.345,3113.18,0.948873,0,0.00087817
295.25,0,288.195,287.991,287.518,238.274,2.21579,14.872,0,361.032,213.345,3113.18,0.950139,0,0.00154057
295.75,0,288.193,287.99,287.517,238.274,2.21068,14.5757,0,361.032,213.345,3113.18,0.951353,0,0.000888839
296.25,0,288.191,287.988,287.516,238.274,2.20681,14.2954,0,361.009,213.339,3113.18,0.952516,0,0.00165914
296.75,0,288.19,287.987,287.514,238.274,2.20414,14.0265,0,361.009,213.339,3113.18,0.953633,0,0.000931972
297.25,0,288.188,287.985,287.512,238.273,2.20261,13.7699,0,361.009,213.339,3113.18,0.954706,0,0.0014855
297.75,0,288.186,287.983,287.511,238.273,2.20212,13.525,0,361.009,213.339,3113.18,0.955738,0,0.0010082
298.25,0,288.185,287.982,287.509,238.273,2.2035,13.2911,0,360.982,213.332,3113.18,0.956736,0,0.00157768
298.75,0,288.183,287.98,287.507,238.273,2.20569,13.0656,0,360.982,213.332,3113.18,0.957697,0,0.000959924
299.25,0,288.181,287.978,287.505,238.273,2.20863,12.8495,0,360.982,213.332,3113.18,0.958623,0,0.00163344
299.75,0,288.179,287.976,287.503,238.272,2.21226,12.6423,0,360.982,213.332,3113.18,0.959516,0,0.000991289
300.25,0,288.178,287.974,287.501,238.273,2.21717,13.5227,0,360.947,213.324,3113.18,0.954665,0,0.0300226
300.75,0,288.176,287.973,287.501,238.273,2.2085,13.5205,0,360.947,213.324,3113.18,0.955457,0,0.00101983
301.25,0,288.174,287.972,287.5,238.272,2.19677,13.3227,0,360.947,213.324,3113.18,0.956239,0,0.0016403
301.75,0,288.173,287.971,287.499,238.272,2.18706,13.1349,0,360.947,213.324,3113.18,0.957011,0,0.00103322
302.25,0,288.171,287.97,287.498,238.272,2.17835,12.9513,0,360.928,213.321,3113.18,0.957767,0,0.00154112
302.75,0,288.169,287.969,287.497,238.272,2.17121,12.7719,0,360.928,213.321,3113.18,0.958512,0,0.00106487
303.25,0,288.168,287.968,287.495,238.272,2.16572,12.594,0,360.928,213.321,3113.18,0.959245,0,0.00162173
303.75,0,288.166,287.967,287.494,238.271,2.16125,12.423,0,360.928,213.321,3113.18,0.959965,0,0.00146787
304.25,0,288.164,287.967,287.495,238.271,2.14775,12.199,0,360.902,213.314,3113.18,0.960752,0,0.00239717
304.75,0,288.163,287.967,287.495,238.271,2.1273,11.957,0,360.902,213.314,3113.18,0.961076,0,0.00353525
305.25,0,288.161,287.967,287.495,238.271,2.10316,11.8068,0,360.902,213.314,3113.18,0.962482,0,0.00164402
305.75,0,288.159,287.967,287.495,238.27,2.08162,11.4631,0,360.902,213.314,3113.18,0.963785,0,0.00110911
306.25,0,288.157,287.967,287.496,238.27,2.06557,11.2451,0,360.893,213.307,3113.18,0.962471,0,0.00702272
306.75,0,288.156,287.967,287.495,238.27,2.04393,11.469,0,360.893,213.307,3113.18,0.963462,0,0.00115464
307.25,0,288.154,287.967,287.495,238.27,2.02513,11.2175,0,360.893,213.307,3113.18,0.964425,0,0.00160773
307.75,0,288.152,287.967,287.494,238.27,2.00952,10.9713,0,360.893,213.307,3113.18,0.965359,0,0.00113787
308.25,0,288.151,287.966,287.493,238.273,1.99835,11.5796,0,360.877,213.301,3113.18,0.961149,0,0.10948
308.75,0,288.149,287.964,287.492,238.273,1.99074,12.2023,0,360.877,213.301,3113.18,0.958318,0,0.00138296
309.25,0,288.147,287.962,287.489,238.272,1.99614,12.3987,0,360.877,213.301,3113.18,0.958895,0,0.00163457
309.75,0,288.146,287.96,287.487,238.272,2.00362,12.2829,0,360.877,213.301,3113.18,0.959476,0,0.00136767
310.25,0,288.144,287.958,287.485,238.272,2.00969,12.1604,0,360.827,213.312,3113.18,0.960097,0,0.00195842
310.75,0,288.142,287.957,287.485,238.272,2.00267,11.987,0,360.827,213.312,3113.18,0.960482,0,0.00280485
311.25,0,288.141,287.957,287.484,238.271,1.98809,11.7435,0,360.827,213.312,3113.18,0.961932,0,0.00160642
311.75,0,288.139,287.956,287.484,238.271,1.97577,11.6688,0,360.827,213.312,3113.18,0.961504,0,0.00332189
312.25,0,288.137,287.955,287.483,238.271,1.96346,11.5815,0,360.803,213.305,3113.18,0.962425,0,0.00159241
312.75,0,288.136,287.953,287.48,238.271,1.96296,13.3429,0,360.803,213.305,3113.18,0.951495,0,0.0220614
313.25,0,288.134,287.951,287.479,238.271,1.96557,13.8351,0,360.803,213.305,3113.18,0.952416,0,0.00162308
313.75,0,288.132,287.949,287.477,238.271,1.96631,13.6279,0,360.803,213.305,3113.18,0.953322,0,0.00135465
314.25,0,288.13,287.948,287.475,238.271,1.967,13.4302,0,360.769,213.3,3113.18,0.954204,0,0.00157075
314.75,0,288.129,287.946,287.473,238.271,1.96899,13.2376,0,360.769,213.3,3113.18,0.955069,0,0.00136914
315.25,0,288.127,287.944,287.471,238.27,1.97214,13.0463,0,360.769,213.3,3113.18,0.955918,0,0.001599
315.75,0,288.125,287.942,287.469,238.27,1.97632,12.8638,0,360.769,213.3,3113.18,0.956751,0,0.00135364
316.25,0,288.124,287.939,287.467,238.27,1.98201,12.6831,0,360.733,213.293,3113.18,0.957569,0,0.00160557
316.75,0,288.122,287.937,287.465,238.27,1.98862,12.5075,0,360.733,213.293,3113.18,0.958371,0,0.00135729
317.25,0,288.12,287.935,287.462,238.269,1.99598,12.3368,0,360.733,213.293,3113.18,0.959157,0,0.00160147
317.75,0,288.119,287.933,287.46,238.269,2.00374,12.1701,0,360.733,213.293,3113.18,0.959913,0,0.00174405
318.25,0,288.117,287.932,287.46,238.269,1.99861,11.9509,0,360.693,213.286,3113.18,0.960807,0,0.00217682
318.75,0,288.115,287.931,287.459,238.269,1.98662,11.7934,0,360.693,213.286,3113.18,0.961443,0,0.00443972
319.25,0,288.114,287.931,287.458,238.269,1.97409,11.8013,0,360.693,213.286,3113.18,0.957305,0,0.0016024
319.75,0,288.112,287.928,287.455,238.268,1.97763,12.5083,0,360.693,213.286,3113.18,0.958311,0,0.00136767
320.25,0,288.11,287.925,287.453,238.268,1.9891,12.2973,0,360.662,213.279,3113.18,0.959281,0,0.00161113
320.75,0,288.109,287.923,287.45,238.276,2.00068,12.6064,0,360.662,213.279,3113.18,0.955499,0,0.250023
321.25,0,288.107,287.921,287.449,238.275,2,12.9622,0,360.662,213.279,3113.18,0.956039,0,4.49363e-05
321.75,0,288.105,287.92,287.447,238.275,1.99617,12.8424,0,360.662,213.279,3113.18,0.956587,0,3.62156e-05
322.25,0,288.103,287.919,287.446,238.275,1.99208,12.7169,0,360.579,213.314,3113.18,0.957132,0,1.83339e-11
322.75,0,288.102,287.917,287.445,238.274,1.98944,12.5968,0,360.579,213.314,3113.18,0.957682,0,5.99231e-08
323.25,0,288.1,287.915,287.443,238.274,1.98822,12.4718,0,360.579,213.314,3113.18,0.958236,0,1.5693e-07
323.75,0,288.098,287.914,287.441,238.274,1.98829,12.353,0,360.579,213.314,3113.18,0.958792,0,1.07765e-07
324.25,0,288.097,287.912,287.439,238.274,1.99023,12.23,0,360.549,213.305,3113.18,0.959352,0,4.85119e-07
324.75,0,288.095,287.91,287.438,238.273,1.99295,12.1077,0,360.549,213.305,3113.18,0.959922,0,0.00028416
325.25,0,288.093,287.909,287.438,238.273,1.98682,11.9327,0,360.549,213.305,3113.18,0.960283,0,0.00153007
325.75,0,288.092,287.909,287.437,238.273,1.97159,11.7302,0,360.549,213.305,3113.18,0.961737,0,1.53723e-06
326.25,0,288.09,287.908,287.437,238.273,1.95936,11.4541,0,360.525,213.297,3113.18,0.961094,0,0.00260194
326.75,0,288.088,287.908,287.436,238.272,1.9434,11.6096,0,360.525,213.297,3113.18,0.962015,0,7.68053e-06
327.25,0,288.087,287.908,287.435,238.272,1.92963,11.3787,0,360.525,213.297,3113.18,0.962918,0,1.10828e-05
327.75,0,288.085,287.907,287.434,238.272,1.91856,11.2041,0,360.525,213.297,3113.18,0.957071,0,8.02058e-06
328.25,0,288.083,287.904,287.431,238.271,1.92224,12.4737,0,360.501,213.289,3113.18,0.95799,0,1.56651e-05
328.75,0,288.082,287.901,287.429,238.272,1.93553,12.8142,0,360.501,213.289,3113.18,0.952648,0,0.0238643
329.25,0,288.08,287.9,287.427,238.272,1.93737,13.4685,0,360.501,213.289,3113.18,0.953482,0,1.37359e-05
329.75,0,288.078,287.898,287.426,238.271,1.93582,13.2844,0,360.501,213.289,3113.18,0.954306,0,9.86506e-06
330.25,0,288.076,287.896,287.424,238.271,1.9342,13.1039,0,360.467,213.284,3113.18,0.955111,0,1.45149e-05
330.75,0,288.075,287.895,287.422,238.271,1.93419,12.9232,0,360.467,213.284,3113.18,0.955905,0,1.59464e-05
331.25,0,288.073,287.893,287.42,238.271,1.93553,12.7513,0,360.467,213.284,3113.18,0.956686,0,1.43342e-05
331.75,0,288.071,287.891,287.418,238.27,1.9381,12.5794,0,360.467,213.284,3113.18,0.957456,0,1.50539e-05
332.25,0,288.07,287.889,287.416,238.27,1.94244,12.416,0,360.434,213.276,3113.18,0.958216,0,2.26761e-05
332.75,0,288.068,287.887,287.414,238.27,1.9478,12.2528,0,360.434,213.276,3113.18,0.958963,0,1.62126e-05
333.25,0,288.066,287.884,287.412,238.269,1.95406,12.0963,0,360.434,213.276,3113.18,0.959698,0,2.03898e-05
333.75,0,288.065,287.883,287.411,238.269,1.95637,11.9277,0,360.434,213.276,3113.18,0.960327,0,0.00151123
334.25,0,288.063,287.883,287.41,238.269,1.9443,11.6531,0,360.401,213.268,3113.18,0.961801,0,2.73675e-05
334.75,0,288.061,287.882,287.41,238.269,1.93346,11.475,0,360.401,213.268,3113.18,0.961565,0,0.00276068
335.25,0,288.06,287.881,287.409,238.268,1.91957,11.4219,0,360.401,213.268,3113.18,0.962596,0,2.44079e-05
335.75,0,288.058,287.881,287.408,238.268,1.90811,11.1685,0,360.401,213.268,3113.18,0.963595,0,1.8381e-05
336.25,0,288.056,287.878,287.406,238.268,1.90643,11.8765,0,360.38,213.26,3113.18,0.959143,0,3.07662e-05
336.75,0,288.055,287.875,287.403,238.27,1.92046,12.8549,0,360.38,213.26,3113.18,0.955279,0,0.0707299
337.25,0,288.053,287.874,287.401,238.27,1.92395,12.8567,0,360.38,213.26,3113.18,0.95583,0,4.52115e-05
337.75,0,288.051,287.872,287.4,238.269,1.92463,12.742,0,360.38,213.26,3113.18,0.956389,0,2.47877e-05
338.25,0,288.049,287.87,287.398,238.269,1.9245,12.6254,0,360.333,213.262,3113.18,0.956945,0,3.25163e-05
338.75,0,288.048,287.868,287.396,238.269,1.92581,12.5043,0,360.333,213.262,3113.18,0.957505,0,2.27116e-05
339.25,0,288.046,287.866,287.394,238.268,1.92829,12.3884,0,360.333,213.262,3113.18,0.958068,0,3.08168e-05
339.75,0,288.044,287.864,287.392,238.268,1.93185,12.2678,0,360.333,213.262,3113.18,0.958633,0,2.28423e-05
340.25,0,288.043,287.862,287.39,238.268,1.93681,12.1482,0,360.299,213.253,3113.18,0.959201,0,4.42574e-05
340.75,0,288.041,287.86,287.388,238.268,1.9427,12.0343,0,360.299,213.253,3113.18,0.959782,0,6.65104e-05
341.25,0,288.039,287.859,287.387,238.267,1.94465,11.8992,0,360.299,213.253,3113.18,0.960488,0,0.000415513
341.75,0,288.038,287.858,287.386,238.267,1.93614,11.7514,0,360.299,213.253,3113.18,0.961112,0,0.000618138
342.25,0,288.036,287.857,287.385,238.267,1.92681,11.6297,0,360.268,213.245,3113.18,0.961493,0,0.0015665
342.75,0,288.034,287.857,287.384,238.267,1.91516,11.3339,0,360.268,213.245,3113.18,0.962884,0,2.96718e-05
343.25,0,288.033,287.856,287.384,238.266,1.90606,11.2772,0,360.268,213.245,3113.18,0.96207,0,0.00365382
343.75,0,288.031,287.855,287.383,238.266,1.89361,11.2768,0,360.268,213.245,3113.18,0.962956,0,0.00137925
344.25,0,288.029,287.854,287.382,238.266,1.88427,11.0566,0,360.247,213.238,3113.18,0.963829,0,0.0014921
344.75,0,288.028,287.852,287.379,238.266,1.88241,11.96,0,360.247,213.238,3113.18,0.958038,0,0.00149852
345.25,0,288.026,287.849,287.377,238.266,1.89653,12.922,0,360.247,213.238,3113.18,0.952854,0,0.0256959
345.75,0,288.024,287.847,287.375,238.266,1.9002,13.319,0,360.247,213.238,3113.18,0.953673,0,0.00150551
346.25,0,288.022,287.846,287.373,238.266,1.89854,13.1418,0,360.208,213.234,3113.18,0.954472,0,0.00147034
346.75,0,288.021,287.844,287.371,238.266,1.89858,12.9682,0,360.208,213.234,3113.18,0.955263,0,0.00151602
347.25,0,288.019,287.842,287.37,238.265,1.90002,12.7982,0,360.208,213.234,3113.18,0.956043,0,0.00145836
347.75,0,288.017,287.84,287.368,238.265,1.90272,12.6278,0,360.208,213.234,3113.18,0.956812,0,0.0015282
348.25,0,288.016,287.838,287.365,238.265,1.90724,12.4659,0,360.174,213.227,3113.18,0.957573,0,0.00145213
348.75,0,288.014,287.836,287.363,238.265,1.91281,12.3037,0,360.174,213.227,3113.18,0.958322,0,0.00154624
349.25,0,288.012,287.833,287.361,238.264,1.91932,12.1491,0,360.174,213.227,3113.18,0.959059,0,0.00143273
349.75,0,288.011,287.831,287.359,238.264,1.92665,11.9948,0,360.174,213.227,3113.18,0.959793,0,0.00165648
350.25,0,288.009,287.83,287.358,238.264,1.92688,11.8229,0,360.133,213.22,3113.18,0.960409,0,0.00290051
350.75,0,288.007,287.83,287.357,238.264,1.91535,11.552,0,360.133,213.22,3113.18,0.961879,0,0.00159715
351.25,0,288.006,287.829,287.357,238.264,1.9058,11.3927,0,360.133,213.22,3113.18,0.961614,0,0.00419285
351.75,0,288.004,287.828,287.356,238.263,1.89332,11.3347,0,360.133,213.22,3113.18,0.962636,0,0.00160513
352.25,0,288.002,287.827,287.355,238.263,1.88416,11.0862,0,360.111,213.213,3113.18,0.963632,0,0.00141013
352.75,0,288.001,287.825,287.352,238.27,1.88443,12.0418,0,360.111,213.213,3113.18,0.954149,0,0.245773
353.25,0,287.999,287.823,287.35,238.27,1.88898,13.0222,0,360.111,213.213,3113.18,0.954741,0,5.50016e-05
353.75,0,287.997,287.821,287.349,238.27,1.89128,12.9009,0,360.111,213.213,3113.18,0.95534,0,4.20282e-05
354.25,0,287.995,287.819,287.347,238.27,1.89289,12.7726,0,360.026,213.248,3113.18,0.955933,0,1.35393e-06
354.75,0,287.994,287.817,287.345,238.269,1.89564,12.6507,0,360.026,213.248,3113.18,0.956529,0,4.45461e-06
355.25,0,287.992,287.815,287.343,238.269,1.89948,12.5236,0,360.026,213.248,3113.18,0.957127,0,1.60268e-06
355.75,0,287.99,287.813,287.34,238.269,1.90432,12.4026,0,360.026,213.248,3113.18,0.957725,0,3.99319e-06
356.25,0,287.989,287.811,287.338,238.269,1.91041,12.2777,0,359.992,213.239,3113.18,0.958325,0,3.74248e-06
356.75,0,287.987,287.808,287.336,238.268,1.9174,12.154,0,359.992,213.239,3113.18,0.958923,0,4.33449e-06
357.25,0,287.985,287.806,287.334,238.268,1.92511,12.0317,0,359.992,213.239,3113.18,0.959518,0,4.77539e-06
357.75,0,287.984,287.804,287.332,238.268,1.93212,11.9058,0,359.992,213.239,3113.18,0.960219,0,0.000270091
358.25,0,287.982,287.803,287.331,238.267,1.92681,11.7655,0,359.954,213.231,3113.18,0.960778,0,0.000958516
358.75,0,287.98,287.802,287.331,238.267,1.91661,11.5458,0,359.954,213.231,3113.18,0.961046,0,0.00193711
359.25,0,287.979,287.802,287.33,238.267,1.9046,11.4858,0,359.954,213.231,3113.18,0.961989,0,8.46097e-06
359.75,0,287.977,287.8,287.328,238.267,1.89591,11.7603,0,359.954,213.231,3113.18,0.956266,0,7.59221e-06
360.25,0,287.975,287.798,287.325,238.267,1.90516,13.1262,0,359.928,213.223,3113.18,0.951791,0,0.0203334
360.75,0,287.974,287.796,287.324,238.267,1.90833,13.5466,0,359.928,213.223,3113.18,0.952665,0,8.702e-06
361.25,0,287.972,287.794,287.322,238.267,1.90941,13.3534,0,359.928,213.223,3113.18,0.953525,0,1.59646e-05
361.75,0,287.97,287.792,287.32,238.266,1.9118,13.1696,0,359.928,213.223,3113.18,0.954373,0,1.0653e-05
362.25,0,287.968,287.79,287.318,238.266,1.91414,12.9893,0,359.895,213.218,3113.18,0.955201,0,1.91891e-05
362.75,0,287.967,287.788,287.316,238.266,1.91772,12.8095,0,359.895,213.218,3113.18,0.956015,0,1.20199e-05
363.25,0,287.965,287.786,287.314,238.265,1.92235,12.6378,0,359.895,213.218,3113.18,0.956816,0,1.69792e-05
363.75,0,287.963,287.784,287.311,238.265,1.92792,12.467,0,359.895,213.218,3113.18,0.957603,0,1.2432e-05
364.25,0,287.962,287.781,287.309,238.265,1.93477,12.3006,0,359.86,213.209,3113.18,0.958378,0,2.42654e-05
364.75,0,287.96,287.779,287.307,238.265,1.9425,12.1386,0,359.86,213.209,3113.18,0.959138,0,1.44153e-05
365.25,0,287.958,287.777,287.305,238.264,1.95072,11.9802,0,359.86,213.209,3113.18,0.959898,0,0.000287064
365.75,0,287.957,287.776,287.304,238.264,1.94743,11.7814,0,359.86,213.209,3113.18,0.960459,0,0.00171525
366.25,0,287.955,287.776,287.304,238.264,1.93447,11.6186,0,359.827,213.201,3113.18,0.961556,0,2.79104e-05
366.75,0,287.953,287.774,287.302,238.264,1.92566,11.9129,0,359.827,213.201,3113.18,0.957344,0,1.74956e-05
367.25,0,287.952,287.771,287.299,238.265,1.93553,13.0854,0,359.827,213.201,3113.18,0.954016,0,0.0676355
367.75,0,287.95,287.77,287.298,238.265,1.93724,13.0918,0,359.827,213.201,3113.18,0.954614,0,2.03404e-05
368.25,0,287.948,287.768,287.296,238.265,1.93493,12.9577,0,359.789,213.203,3113.18,0.955209,0,3.13868e-05
368.75,0,287.947,287.767,287.294,238.265,1.93391,12.8304,0,359.789,213.203,3113.18,0.955809,0,2.06426e-05
369.25,0,287.945,287.765,287.293,238.264,1.93419,12.7031,0,359.789,213.203,3113.18,0.956411,0,2.86994e-05
369.75,0,287.943,287.763,287.291,238.264,1.93566,12.5714,0,359.789,213.203,3113.18,0.957014,0,2.09472e-05
370.25,0,287.941,287.761,287.289,238.264,1.93879,12.4411,0,359.758,213.194,3113.18,0.95762,0,4.19255e-05
370.75,0,287.94,287.759,287.287,238.263,1.94287,12.317,0,359.758,213.194,3113.18,0.958224,0,2.37341e-05
371.25,0,287.938,287.757,287.285,238.263,1.94781,12.1896,0,359.758,213.194,3113.18,0.958826,0,3.71768e-05
371.75,0,287.936,287.755,287.282,238.263,1.95352,12.0638,0,359.758,213.194,3113.18,0.959424,0,2.48621e-05
372.25,0,287.935,287.753,287.281,238.263,1.9594,11.9378,0,359.722,213.186,3113.18,0.960065,0,0.000418237
372.75,0,287.933,287.752,287.28,238.262,1.95291,11.7531,0,359.722,213.186,3113.18,0.960757,0,0.000442217
373.25,0,287.931,287.751,287.279,238.262,1.9422,11.6503,0,359.722,213.186,3113.18,0.961328,0,0.000951143
373.75,0,287.93,287.751,287.279,238.262,1.93053,11.4668,0,359.722,213.186,3113.18,0.961487,0,0.00235473
374.25,0,287.928,287.75,287.278,238.262,1.91785,11.3728,0,359.7,213.178,3113.18,0.962416,0,5.44552e-05
374.75,0,287.926,287.749,287.276,238.261,1.90908,11.749,0,359.7,213.178,3113.18,0.956688,0,0.000676882
375.25,0,287.925,287.746,287.274,238.262,1.91823,12.9887,0,359.7,213.178,3113.18,0.952059,0,0.0235345
375.75,0,287.923,287.744,287.272,238.262,1.9201,13.4559,0,359.7,213.178,3113.18,0.952909,0,0.00139499
376.25,0,287.921,287.743,287.271,238.261,1.9175,13.2702,0,359.667,213.174,3113.18,0.953741,0,0.00139197
376.75,0,287.92,287.741,287.269,238.261,1.91645,13.0883,0,359.667,213.174,3113.18,0.954561,0,0.0013642
377.25,0,287.918,287.739,287.267,238.261,1.91679,12.9063,0,359.667,213.174,3113.18,0.955368,0,0.00160569
377.75,0,287.916,287.737,287.265,238.261,1.91841,12.7332,0,359.667,213.174,3113.18,0.956164,0,0.00135237
378.25,0,287.914,287.735,287.263,238.261,1.92189,12.5602,0,359.636,213.167,3113.18,0.95695,0,0.00160806
378.75,0,287.913,287.733,287.261,238.26,1.92641,12.3955,0,359.636,213.167,3113.18,0.957723,0,0.00135565
379.25,0,287.911,287.731,287.259,238.26,1.93185,12.2311,0,359.636,213.167,3113.18,0.958483,0,0.00161048
379.75,0,287.909,287.729,287.257,238.26,1.93814,12.071,0,359.636,213.167,3113.18,0.959229,0,0.00135944
380.25,0,287.908,287.727,287.255,238.26,1.94496,11.9129,0,359.597,213.16,3113.18,0.960038,0,0.001781
380.75,0,287.906,287.726,287.254,238.259,1.94075,11.7395,0,359.597,213.16,3113.18,0.96073,0,0.00258449
381.25,0,287.904,287.726,287.253,238.259,1.92859,11.4323,0,359.597,213.16,3113.18,0.962185,0,0.00161758
381.75,0,287.903,287.725,287.253,238.259,1.91883,11.4282,0,359.597,213.16,3113.18,0.962079,0,0.0037581
382.25,0,287.901,287.724,287.252,238.259,1.90735,11.1826,0,359.573,213.153,3113.18,0.963091,0,0.00160117
382.75,0,287.899,287.722,287.25,238.266,1.90306,11.9929,0,359.573,213.153,3113.18,0.953966,0,0.241914
383.25,0,287.898,287.72,287.248,238.266,1.90478,12.9983,0,359.573,213.153,3113.18,0.954558,0,5.47724e-05
383.75,0,287.896,287.719,287.246,238.266,1.90425,12.8741,0,359.573,213.153,3113.18,0.955157,0,4.18211e-05
384.25,0,287.894,287.717,287.245,238.265,1.90335,12.7491,0,359.496,213.187,3113.18,0.955751,0,5.23581e-13
384.75,0,287.893,287.715,287.243,238.265,1.90361,12.6184,0,359.496,213.187,3113.18,0.956348,0,3.05069e-06
385.25,0,287.891,287.713,287.241,238.265,1.9051,12.4943,0,359.496,213.187,3113.18,0.956946,0,8.55444e-07
385.75,0,287.889,287.711,287.239,238.264,1.90769,12.3655,0,359.496,213.187,3113.18,0.957546,0,2.71088e-06
386.25,0,287.887,287.709,287.237,238.264,1.9118,12.2431,0,359.464,213.179,3113.18,0.958147,0,2.92211e-06
386.75,0,287.886,287.707,287.235,238.264,1.91684,12.1172,0,359.464,213.179,3113.18,0.958747,0,3.23417e-06
387.25,0,287.884,287.705,287.233,238.264,1.92268,11.9926,0,359.464,213.179,3113.18,0.959343,0,4.15469e-06
387.75,0,287.882,287.703,287.231,238.263,1.92884,11.8686,0,359.464,213.179,3113.18,0.959977,0,0.000269386
388.25,0,287.881,287.702,287.231,238.263,1.92455,11.7065,0,359.429,213.17,3113.18,0.960378,0,0.00152956
388.75,0,287.879,287.702,287.23,238.263,1.91173,11.4694,0,359.429,213.17,3113.18,0.96184,0,6.2199e-06
389.25,0,287.877,287.701,287.229,238.263,1.90092,11.2961,0,359.429,213.17,3113.18,0.961312,0,0.00242507
389.75,0,287.876,287.7,287.228,238.262,1.88807,11.3318,0,359.429,213.17,3113.18,0.962246,0,6.32381e-06
390.25,0,287.874,287.699,287.227,238.262,1.87852,11.153,0,359.41,213.163,3113.18,0.956467,0,1.28646e-05
390.75,0,287.872,287.697,287.224,238.262,1.88262,12.503,0,359.41,213.163,3113.18,0.951981,0,0.0205302
391.25,0,287.871,287.695,287.223,238.262,1.88589,13.3759,0,359.41,213.163,3113.18,0.952847,0,1.42056e-05
391.75,0,287.869,287.693,287.221,238.262,1.88657,13.1906,0,359.41,213.163,3113.18,0.953701,0,1.05538e-05
392.25,0,287.867,287.691,287.219,238.262,1.88703,13.0087,0,359.377,213.157,3113.18,0.954535,0,1.7828e-05
392.75,0,287.866,287.689,287.217,238.261,1.88889,12.831,0,359.377,213.157,3113.18,0.955356,0,1.17019e-05
393.25,0,287.864,287.687,287.215,238.261,1.89193,12.6532,0,359.377,213.157,3113.18,0.956164,0,1.58571e-05
393.75,0,287.862,287.685,287.213,238.261,1.89603,12.4839,0,359.377,213.157,3113.18,0.956958,0,1.19832e-05
394.25,0,287.86,287.683,287.211,238.261,1.90162,12.3151,0,359.344,213.149,3113.18,0.957742,0,2.32586e-05
394.75,0,287.859,287.681,287.209,238.26,1.90814,12.1506,0,359.344,213.149,3113.18,0.958511,0,1.38775e-05
395.25,0,287.857,287.679,287.206,238.26,1.91543,11.9936,0,359.344,213.149,3113.18,0.959267,0,2.04572e-05
395.75,0,287.855,287.677,287.205,238.26,1.92261,11.8354,0,359.344,213.149,3113.18,0.960053,0,0.000384537
396.25,0,287.854,287.676,287.204,238.26,1.91714,11.6271,0,359.308,213.141,3113.18,0.960901,0,0.000663683
396.75,0,287.852,287.675,287.203,238.259,1.90674,11.4658,0,359.308,213.141,3113.18,0.96143,0,0.00179296
397.25,0,287.85,287.674,287.202,238.259,1.89474,11.2722,0,359.308,213.141,3113.18,0.96248,0,3.18729e-05
397.75,0,287.849,287.672,287.2,238.261,1.88988,12.0028,0,359.308,213.141,3113.18,0.953693,0,0.0674931
398.25,0,287.847,287.671,287.199,238.261,1.88944,12.9977,0,359.277,213.143,3113.18,0.954291,0,2.45462e-05
398.75,0,287.845,287.669,287.197,238.26,1.88648,12.8686,0,359.277,213.143,3113.18,0.954895,0,2.64725e-05
399.25,0,287.844,287.668,287.196,238.26,1.88501,12.7341,0,359.277,213.143,3113.18,0.955503,0,2.38939e-05
399.75,0,287.842,287.666,287.194,238.26,1.88489,12.6063,0,359.277,213.143,3113.18,0.956113,0,2.51002e-05
400.25,0,287.84,287.664,287.192,238.26,1.88671,12.4738,0,359.249,213.134,3113.18,0.956727,0,3.83528e-05
400.75,0,287.839,287.662,287.19,238.259,1.88956,12.348,0,359.249,213.134,3113.18,0.957341,0,2.6669e-05
401.25,0,287.837,287.66,287.188,238.259,1.89338,12.2182,0,359.249,213.134,3113.18,0.957953,0,3.46324e-05
401.75,0,287.835,287.658,287.186,238.259,1.89809,12.09,0,359.249,213.134,3113.18,0.958562,0,2.69359e-05
402.25,0,287.833,287.656,287.184,238.258,1.90393,11.9681,0,359.215,213.126,3113.18,0.959169,0,4.72507e-05
402.75,0,287.832,287.654,287.182,238.258,1.91055,11.8433,0,359.215,213.126,3113.18,0.9598,0,8.10426e-05
403.25,0,287.83,287.653,287.181,238.258,1.91174,11.7015,0,359.215,213.126,3113.18,0.960247,0,0.00152718
403.75,0,287.828,287.652,287.18,238.258,1.89978,11.4451,0,359.215,213.126,3113.18,0.961719,0,3.02529e-05
404.25,0,287.827,287.651,287.18,238.257,1.88969,11.2669,0,359.186,213.119,3113.18,0.961245,0,0.00231397
404.75,0,287.825,287.651,287.179,238.257,1.87718,11.2948,0,359.186,213.119,3113.18,0.962188,0,5.13781e-05
405.25,0,287.823,287.65,287.178,238.257,1.86696,11.0649,0,359.186,213.119,3113.18,0.963111,0,0.00160454
405.75,0,287.822,287.647,287.175,238.257,1.86779,12.1965,0,359.186,213.119,3113.18,0.957585,0,0.0013536
406.25,0,287.82,287.644,287.172,238.257,1.88125,12.7363,0,359.156,213.111,3113.18,0.95254,0,0.0248066
406.75,0,287.818,287.643,287.171,238.257,1.88336,13.1966,0,359.156,213.111,3113.18,0.953372,0,0.00135756
407.25,0,287.817,287.641,287.169,238.257,1.88184,13.0166,0,359.156,213.111,3113.18,0.954194,0,0.00160244
407.75,0,287.815,287.64,287.168,238.257,1.88179,12.8404,0,359.156,213.111,3113.18,0.955006,0,0.00135814
408.25,0,287.813,287.638,287.166,238.256,1.88176,12.6668,0,359.124,213.107,3113.18,0.955799,0,0.00160841
408.75,0,287.812,287.636,287.164,238.256,1.88309,12.4944,0,359.124,213.107,3113.18,0.956581,0,0.00136239
409.25,0,287.81,287.634,287.162,238.256,1.88562,12.3296,0,359.124,213.107,3113.18,0.957351,0,0.00158916
409.75,0,287.808,287.632,287.16,238.256,1.88922,12.1648,0,359.124,213.107,3113.18,0.958109,0,0.00136168
410.25,0,287.807,287.63,287.158,238.255,1.89435,12.0043,0,359.09,213.1,3113.18,0.958857,0,0.00161955
410.75,0,287.805,287.628,287.156,238.255,1.90042,11.8515,0,359.09,213.1,3113.18,0.959592,0,0.00136941
411.25,0,287.803,287.626,287.155,238.255,1.90358,11.6842,0,359.09,213.1,3113.18,0.960206,0,0.00304583
411.75,0,287.801,287.626,287.154,238.255,1.89216,11.4238,0,359.09,213.1,3113.18,0.961682,0,0.00137904
412.25,0,287.8,287.625,287.154,238.255,1.88222,11.2015,0,359.06,213.093,3113.18,0.961407,0,0.0044332
412.75,0,287.798,287.624,287.153,238.255,1.86886,11.2026,0,359.06,213.093,3113.18,0.962446,0,0.00137557
413.25,0,287.796,287.624,287.152,238.254,1.85783,10.9551,0,359.06,213.093,3113.18,0.963454,0,0.00159685
413.75,0,287.795,287.622,287.15,238.254,1.85077,11.2141,0,359.06,213.093,3113.18,0.958899,0,0.00137736
414.25,0,287.793,287.619,287.147,238.261,1.86149,12.0542,0,359.032,213.087,3113.18,0.954742,0,0.24473
414.75,0,287.791,287.618,287.146,238.261,1.86472,12.6735,0,359.032,213.087,3113.18,0.955312,0,4.30718e-05
415.25,0,287.79,287.616,287.144,238.261,1.86416,12.5555,0,359.032,213.087,3113.18,0.95589,0,5.58859e-05
415.75,0,287.788,287.614,287.142,238.261,1.86503,12.437,0,359.032,213.087,3113.18,0.956474,0,4.31577e-05
416.25,0,287.786,287.612,287.14,238.26,1.86528,12.312,0,358.954,213.121,3113.18,0.957052,0,5.26146e-13
416.75,0,287.785,287.61,287.138,238.26,1.86668,12.193,0,358.954,213.121,3113.18,0.957632,0,5.06797e-13
417.25,0,287.783,287.609,287.137,238.26,1.86921,12.0697,0,358.954,213.121,3113.18,0.958214,0,1.21562e-06
417.75,0,287.781,287.606,287.135,238.259,1.87275,11.9472,0,358.954,213.121,3113.18,0.958795,0,7.31498e-07
418.25,0,287.78,287.604,287.132,238.259,1.87764,11.831,0,358.922,213.112,3113.18,0.959379,0,3.08302e-06
418.75,0,287.778,287.603,287.131,238.259,1.88286,11.7097,0,358.922,213.112,3113.18,0.959995,0,0.000355444
419.25,0,287.776,287.602,287.13,238.259,1.87828,11.5277,0,358.922,213.112,3113.18,0.960633,0,0.000583873
419.75,0,287.775,287.601,287.129,238.258,1.86839,11.3827,0,358.922,213.112,3113.18,0.961003,0,0.00157749
420.25,0,287.773,287.6,287.128,238.258,1.8568,11.1783,0,358.896,213.105,3113.18,0.962427,0,1.01791e-05
420.75,0,287.771,287.599,287.128,238.258,1.84722,10.8759,0,358.896,213.105,3113.18,0.961544,0,0.00372002
421.25,0,287.77,287.599,287.127,238.258,1.83387,11.1241,0,358.896,213.105,3113.18,0.962463,0,8.51174e-06
421.75,0,287.768,287.598,287.126,238.258,1.82291,10.9027,0,358.896,213.105,3113.18,0.963365,0,4.71561e-06
422.25,0,287.766,287.597,287.125,238.257,1.81555,10.6864,0,358.876,213.097,3113.18,0.964251,0,1.35227e-05
422.75,0,287.765,287.594,287.122,238.257,1.81859,11.8265,0,358.876,213.097,3113.18,0.958686,0,1.10972e-05
423.25,0,287.763,287.591,287.119,238.257,1.83317,12.1321,0,358.876,213.097,3113.18,0.953127,0,0.0253874
423.75,0,287.761,287.59,287.118,238.257,1.83686,12.9353,0,358.876,213.097,3113.18,0.953946,0,1.08664e-05
424.25,0,287.759,287.588,287.116,238.257,1.83403,12.7658,0,358.84,213.093,3113.18,0.954745,0,1.53354e-05
424.75,0,287.758,287.587,287.115,238.257,1.83302,12.5942,0,358.84,213.093,3113.18,0.955536,0,1.14602e-05
425.25,0,287.756,287.585,287.113,238.256,1.83345,12.4255,0,358.84,213.093,3113.18,0.956315,0,1.38852e-05
425.75,0,287.754,287.583,287.111,238.256,1.83519,12.2578,0,358.84,213.093,3113.18,0.957084,0,1.14349e-05
426.25,0,287.753,287.581,287.109,238.256,1.83879,12.0977,0,358.81,213.084,3113.18,0.957846,0,2.15724e-05
426.75,0,287.751,287.579,287.107,238.256,1.84347,11.9374,0,358.81,213.084,3113.18,0.958595,0,1.31419e-05
427.25,0,287.749,287.577,287.105,238.255,1.84909,11.7847,0,358.81,213.084,3113.18,0.959332,0,1.90118e-05
427.75,0,287.748,287.575,287.103,238.255,1.85434,11.6289,0,358.81,213.084,3113.18,0.960128,0,0.000391898
428.25,0,287.746,287.574,287.102,238.255,1.8496,11.4294,0,358.776,213.076,3113.18,0.960888,0,0.00100294
428.75,0,287.744,287.573,287.101,238.255,1.84029,11.1552,0,358.776,213.076,3113.18,0.962337,0,2.29162e-05
429.25,0,287.743,287.572,287.101,238.254,1.83302,11.1313,0,358.776,213.076,3113.18,0.962119,0,0.00291864
429.75,0,287.741,287.571,287.1,238.254,1.82096,10.936,0,358.776,213.076,3113.18,0.963122,0,2.39517e-05
430.25,0,287.739,287.57,287.099,238.254,1.81227,10.6997,0,358.755,213.069,3113.18,0.964101,0,4.67414e-05
430.75,0,287.738,287.569,287.097,238.254,1.80683,10.8916,0,358.755,213.069,3113.18,0.95943,0,2.6841e-05
431.25,0,287.736,287.566,287.094,238.254,1.81423,11.7,0,358.755,213.069,3113.18,0.957223,0,0.0330872
431.75,0,287.734,287.564,287.092,238.254,1.81697,12.0094,0,358.755,213.069,3113.18,0.957985,0,2.79766e-05
432.25,0,287.733,287.562,287.09,238.254,1.82107,11.8508,0,358.718,213.065,3113.18,0.958724,0,4.323e-05
432.75,0,287.731,287.56,287.088,238.254,1.82617,11.7017,0,358.718,213.065,3113.18,0.959444,0,2.9321e-05
433.25,0,287.729,287.559,287.087,238.253,1.83015,11.547,0,358.718,213.065,3113.18,0.96026,0,0.000410701
433.75,0,287.728,287.558,287.086,238.253,1.8245,11.3616,0,358.718,213.065,3113.18,0.960968,0,0.00107069
434.25,0,287.726,287.557,287.085,238.253,1.81605,11.0888,0,358.688,213.058,3113.18,0.96241,0,5.07486e-05
434.75,0,287.724,287.556,287.085,238.253,1.80961,11.0195,0,358.688,213.058,3113.18,0.962022,0,0.0032783
435.25,0,287.723,287.555,287.084,238.252,1.79728,10.9113,0,358.688,213.058,3113.18,0.963001,0,4.55778e-05
435.75,0,287.721,287.554,287.083,238.252,1.78704,10.6828,0,358.688,213.058,3113.18,0.963955,0,3.28096e-05
436.25,0,287.719,287.553,287.081,238.252,1.78046,10.4581,0,358.667,213.05,3113.18,0.964887,0,5.60408e-05
436.75,0,287.718,287.551,287.079,238.252,1.77787,10.9384,0,358.667,213.05,3113.18,0.959989,0,0.000412083
437.25,0,287.716,287.55,287.078,238.252,1.77657,11.3091,0,358.667,213.05,3113.18,0.960997,0,0.0128682
437.75,0,287.714,287.548,287.076,238.251,1.77414,11.5466,0,358.667,213.05,3113.18,0.957806,0,3.62214e-05
438.25,0,287.712,287.545,287.074,238.251,1.78066,11.8323,0,358.633,213.044,3113.18,0.958512,0,0.00106916
438.75,0,287.711,287.543,287.071,238.251,1.78931,11.6902,0,358.633,213.044,3113.18,0.959213,0,0.00149864
439.25,0,287.709,287.541,287.069,238.251,1.79839,11.5525,0,358.633,213.044,3113.18,0.95995,0,0.00127178
439.75,0,287.707,287.54,287.068,238.251,1.79817,11.3621,0,358.633,213.044,3113.18,0.960796,0,0.00199793
440.25,0,287.706,287.539,287.067,238.25,1.79281,11.2303,0,358.596,213.037,3113.18,0.961406,0,0.00241791
440.75,0,287.704,287.537,287.066,238.25,1.78552,10.9334,0,358.596,213.037,3113.18,0.962821,0,0.00150972
441.25,0,287.702,287.536,287.065,238.253,1.78052,10.8531,0,358.596,213.037,3113.18,0.962237,0,0.0985674
441.75,0,287.701,287.535,287.064,238.253,1.77149,10.8633,0,358.596,213.037,3113.18,0.962976,0,0.00139372
442.25,0,287.699,287.534,287.063,238.252,1.76426,10.6868,0,358.566,213.046,3113.18,0.963717,0,0.00137262
442.75,0,287.697,287.533,287.061,238.252,1.75923,10.814,0,358.566,213.046,3113.18,0.956293,0,0.00138955
443.25,0,287.696,287.53,287.058,238.252,1.76669,12.1332,0,358.566,213.046,3113.18,0.957179,0,0.0013742
443.75,0,287.694,287.527,287.055,238.252,1.78043,11.9583,0,358.566,213.046,3113.18,0.958036,0,0.0013915
444.25,0,287.692,287.524,287.052,238.252,1.79398,11.7919,0,358.523,213.039,3113.18,0.958867,0,0.00137966
444.75,0,287.691,287.521,287.049,238.251,1.80762,11.6286,0,358.523,213.039,3113.18,0.959671,0,0.00141233
445.25,0,287.689,287.52,287.048,238.251,1.81485,11.4588,0,358.523,213.039,3113.18,0.960497,0,0.0044007
445.75,0,287.687,287.518,287.046,238.251,1.81097,11.8051,0,358.523,213.039,3113.18,0.956718,0,0.00140314
446.25,0,287.686,287.515,287.043,238.251,1.82014,12.0845,0,358.481,213.032,3113.18,0.957739,0,0.00137837
446.75,0,287.684,287.513,287.041,238.251,1.83192,11.8801,0,358.481,213.032,3113.18,0.958718,0,0.00141234
447.25,0,287.682,287.51,287.038,238.25,1.8439,11.6833,0,358.481,213.032,3113.18,0.959658,0,0.0013728
447.75,0,287.681,287.509,287.037,238.251,1.84813,11.4727,0,358.481,213.032,3113.18,0.960745,0,0.0173198
448.25,0,287.679,287.508,287.036,238.25,1.83855,11.3462,0,358.447,213.027,3113.18,0.957911,0,0.00136506
448.75,0,287.677,287.506,287.034,238.25,1.83511,11.8439,0,358.447,213.027,3113.18,0.958593,0,0.00143526
449.25,0,287.676,287.504,287.032,238.25,1.83657,11.7012,0,358.447,213.027,3113.18,0.959271,0,0.00135538
449.75,0,287.674,287.502,287.031,238.25,1.83874,11.5565,0,358.447,213.027,3113.18,0.959979,0,0.00180075
450.25,0,287.672,287.501,287.03,238.25,1.83434,11.358,0,358.413,213.02,3113.18,0.960638,0,0.00246451
450.75,0,287.671,287.501,287.029,238.249,1.82412,11.1374,0,358.413,213.02,3113.18,0.962096,0,0.00147057
451.25,0,287.669,287.5,287.029,238.249,1.81535,10.8952,0,358.413,213.02,3113.18,0.961617,0,0.00461735
451.75,0,287.667,287.499,287.029,238.249,1.80008,10.8896,0,358.413,213.02,3113.18,0.962988,0,0.0014938
452.25,0,287.666,287.499,287.028,238.249,1.7882,10.5798,0,358.394,213.014,3113.18,0.964264,0,0.00131476
452.75,0,287.664,287.498,287.026,238.249,1.77892,10.2956,0,358.394,213.014,3113.18,0.965452,0,0.00152407
453.25,0,287.662,287.497,287.025,238.248,1.77205,10.0308,0,358.394,213.014,3113.18,0.966559,0,0.00128736
453.75,0,287.661,287.495,287.025,238.249,1.76768,10.3779,0,358.394,213.014,3113.18,0.964199,0,0.0401751
454.25,0,287.659,287.495,287.024,238.249,1.75572,10.3797,0,358.368,213.012,3113.18,0.964791,0,0.0012827
454.75,0,287.657,287.494,287.023,238.249,1.74533,10.2368,0,358.368,213.012,3113.18,0.965398,0,0.00151406
455.25,0,287.656,287.493,287.021,238.249,1.73746,10.0941,0,358.368,213.012,3113.18,0.966015,0,0.00130306
455.75,0,287.654,287.492,287.02,238.248,1.73176,9.94338,0,358.368,213.012,3113.18,0.966635,0,0.00154863
456.25,0,287.652,287.49,287.018,238.248,1.73148,10.7196,0,358.341,213.005,3113.18,0.958987,0,0.00130987
456.75,0,287.65,287.487,287.015,238.248,1.74364,11.4773,0,358.341,213.005,3113.18,0.959776,0,0.00159035
457.25,0,287.649,287.485,287.014,238.248,1.75054,11.311,0,358.341,213.005,3113.18,0.960425,0,0.00281856
457.75,0,287.647,287.484,287.012,238.248,1.74596,11.1269,0,358.341,213.005,3113.18,0.961532,0,0.00156257
458.25,0,287.645,287.482,287.01,238.247,1.74437,11.4685,0,358.299,212.998,3113.18,0.957274,0,0.00133724
458.75,0,287.644,287.479,287.007,238.247,1.7577,11.8396,0,358.299,212.998,3113.18,0.958264,0,0.00152211
459.25,0,287.642,287.476,287.004,238.254,1.77339,11.8405,0,358.299,212.998,3113.18,0.954026,0,0.248626
459.75,0,287.64,287.474,287.003,238.254,1.77794,12.5285,0,358.299,212.998,3113.18,0.95465,0,3.48678e-05
460.25,0,287.639,287.473,287.001,238.254,1.77282,12.4054,0,358.214,213.033,3113.18,0.955268,0,9.2296e-14
460.75,0,287.637,287.471,287,238.254,1.76977,12.2757,0,358.214,213.033,3113.18,0.955889,0,8.86525e-14
461.25,0,287.635,287.47,286.998,238.253,1.76827,12.1467,0,358.214,213.033,3113.18,0.956512,0,8.50086e-14
461.75,0,287.634,287.468,286.996,238.253,1.76818,12.0186,0,358.214,213.033,3113.18,0.957134,0,8.15578e-14
462.25,0,287.632,287.466,286.994,238.253,1.77007,11.8866,0,358.187,213.025,3113.18,0.957759,0,6.85907e-13
462.75,0,287.63,287.464,286.992,238.253,1.77304,11.7616,0,358.187,213.025,3113.18,0.958382,0,9.23654e-13
463.25,0,287.629,287.462,286.99,238.252,1.77703,11.633,0,358.187,213.025,3113.18,0.959001,0,8.8583e-13
463.75,0,287.627,287.46,286.988,238.252,1.78193,11.5112,0,358.187,213.025,3113.18,0.959616,0,8.4972e-13
464.25,0,287.625,287.459,286.987,238.252,1.78493,11.3759,0,358.152,213.017,3113.18,0.960379,0,0.000374272
464.75,0,287.624,287.458,286.986,238.252,1.77947,11.2185,0,358.152,213.017,3113.18,0.96098,0,0.00100886
465.25,0,287.622,287.457,286.985,238.251,1.77185,10.9527,0,358.152,213.017,3113.18,0.962415,0,4.74001e-06
465.75,0,287.62,287.455,286.985,238.251,1.76585,10.8912,0,358.152,213.017,3113.18,0.961886,0,0.00299637
466.25,0,287.619,287.455,286.984,238.251,1.75444,10.8173,0,358.13,213.009,3113.18,0.962811,0,9.16936e-06
466.75,0,287.617,287.454,286.982,238.251,1.74493,10.6036,0,358.13,213.009,3113.18,0.963718,0,8.98409e-06
467.25,0,287.615,287.453,286.981,238.25,1.7379,10.3941,0,358.13,213.009,3113.18,0.964604,0,8.57416e-06
467.75,0,287.614,287.451,286.979,238.25,1.73368,10.5688,0,358.13,213.009,3113.18,0.95908,0,8.63476e-06
468.25,0,287.612,287.448,286.977,238.25,1.74359,11.4114,0,358.101,213.001,3113.18,0.960038,0,0.000187012
468.75,0,287.61,287.447,286.976,238.25,1.74558,11.218,0,358.101,213.001,3113.18,0.960725,0,0.0106376
469.25,0,287.609,287.446,286.974,238.25,1.74014,11.0131,0,358.101,213.001,3113.18,0.961885,0,1.64635e-05
469.75,0,287.607,287.444,286.972,238.249,1.73754,11.228,0,358.101,213.001,3113.18,0.958064,0,1.20365e-05
470.25,0,287.605,287.441,286.97,238.249,1.74442,11.6441,0,358.069,212.995,3113.18,0.95879,0,2.15688e-05
470.75,0,287.604,287.439,286.967,238.249,1.75415,11.5007,0,358.069,212.995,3113.18,0.959509,0,1.35982e-05
471.25,0,287.602,287.437,286.965,238.249,1.76181,11.3486,0,358.069,212.995,3113.18,0.960374,0,0.000375955
471.75,0,287.6,287.436,286.964,238.248,1.75885,11.173,0,358.069,212.995,3113.18,0.961123,0,0.000950082
472.25,0,287.599,287.435,286.964,238.248,1.75334,10.9046,0,358.035,212.987,3113.18,0.961252,0,0.00312455
472.75,0,287.597,287.434,286.963,238.248,1.74408,10.9122,0,358.035,212.987,3113.18,0.96229,0,1.59008e-05
473.25,0,287.595,287.433,286.961,238.248,1.73675,10.6774,0,358.035,212.987,3113.18,0.963299,0,2.26647e-05
473.75,0,287.594,287.431,286.96,238.247,1.73167,10.4463,0,358.035,212.987,3113.18,0.964277,0,1.64578e-05
474.25,0,287.592,287.429,286.957,238.247,1.73773,11.367,0,358.011,212.979,3113.18,0.959715,0,7.19277e-05
474.75,0,287.59,287.426,286.955,238.248,1.74708,11.5952,0,358.011,212.979,3113.18,0.957341,0,0.0317799
475.25,0,287.588,287.424,286.952,238.248,1.75359,11.7778,0,358.011,212.979,3113.18,0.958132,0,3.51233e-05
475.75,0,287.587,287.422,286.95,238.247,1.76119,11.619,0,358.011,212.979,3113.18,0.9589,0,2.96296e-05
476.25,0,287.585,287.419,286.948,238.247,1.76761,11.469,0,357.968,212.976,3113.18,0.959639,0,3.88323e-05
476.75,0,287.583,287.418,286.946,238.247,1.77077,11.3052,0,357.968,212.976,3113.18,0.960532,0,0.000570252
477.25,0,287.582,287.417,286.946,238.247,1.76489,11.107,0,357.968,212.976,3113.18,0.961128,0,0.00153917
477.75,0,287.58,287.416,286.945,238.246,1.75619,10.8698,0,357.968,212.976,3113.18,0.962556,0,2.98184e-05
478.25,0,287.578,287.415,286.943,238.246,1.75019,10.5578,0,357.942,212.968,3113.18,0.963883,0,4.74847e-05
478.75,0,287.577,287.414,286.943,238.246,1.74601,10.6496,0,357.942,212.968,3113.18,0.962821,0,0.0046506
479.25,0,287.575,287.413,286.942,238.246,1.73489,10.5402,0,357.942,212.968,3113.18,0.963769,0,4.28577e-05
479.75,0,287.573,287.412,286.941,238.245,1.72571,10.3231,0,357.942,212.968,3113.18,0.964695,0,3.22206e-05
480.25,0,287.572,287.411,286.939,238.245,1.71982,10.1148,0,357.919,212.961,3113.18,0.965599,0,5.31858e-05
480.75,0,287.57,287.409,286.938,238.245,1.71586,9.90867,0,357.919,212.961,3113.18,0.966477,0,3.45058e-05
481.25,0,287.568,287.408,286.937,238.245,1.71371,10.7845,0,357.919,212.961,3113.18,0.962041,0,0.0130292
481.75,0,287.567,287.407,286.935,238.245,1.70929,10.6521,0,357.919,212.961,3113.18,0.96315,0,3.51497e-05
482.25,0,287.565,287.405,286.933,238.245,1.70597,10.5215,0,357.891,212.955,3113.18,0.959135,0,5.56854e-05
482.75,0,287.563,287.403,286.931,238.244,1.70901,11.3157,0,357.891,212.955,3113.18,0.959794,0,0.000402225
483.25,0,287.562,287.401,286.93,238.244,1.7112,11.1161,0,357.891,212.955,3113.18,0.96046,0,0.00109924
483.75,0,287.56,287.4,286.929,238.244,1.7066,10.9219,0,357.891,212.955,3113.18,0.961935,0,3.76183e-05
484.25,0,287.558,287.399,286.928,238.244,1.70353,10.6747,0,357.858,212.947,3113.18,0.961456,0,0.00444276
484.75,0,287.557,287.398,286.927,238.243,1.69485,10.7646,0,357.858,212.947,3113.18,0.962458,0,0.0010842
485.25,0,287.555,287.397,286.926,238.243,1.68785,10.5393,0,357.858,212.947,3113.18,0.963436,0,0.00105998
485.75,0,287.553,287.395,286.924,238.243,1.68326,10.3229,0,357.858,212.947,3113.18,0.964387,0,0.00133854
486.25,0,287.552,287.394,286.922,238.243,1.68155,10.1091,0,357.831,212.94,3113.18,0.965315,0,0.0012553
486.75,0,287.55,287.392,286.921,238.246,1.68352,11.1056,0,357.831,212.94,3113.18,0.960445,0,0.100795
487.25,0,287.548,287.391,286.919,238.245,1.68187,10.9369,0,357.831,212.94,3113.18,0.961656,0,0.0015559
487.75,0,287.547,287.388,286.916,238.245,1.68468,11.3255,0,357.831,212.94,3113.18,0.958135,0,0.00141646
488.25,0,287.545,287.385,286.914,238.245,1.69568,11.5342,0,357.785,212.949,3113.18,0.958758,0,0.00152172
488.75,0,287.543,287.383,286.911,238.245,1.70774,11.4171,0,357.785,212.949,3113.18,0.95938,0,0.00139156
489.25,0,287.542,287.38,286.909,238.244,1.71929,11.297,0,357.785,212.949,3113.18,0.959962,0,0.00227001
489.75,0,287.54,287.379,286.907,238.244,1.71878,11.0338,0,357.785,212.949,3113.18,0.961466,0,0.0013729
490.25,0,287.538,287.378,286.906,238.244,1.71635,11.0128,0,357.746,212.942,3113.18,0.961387,0,0.00269646
490.75,0,287.537,287.376,286.905,238.244,1.71219,10.7185,0,357.746,212.942,3113.18,0.962805,0,0.00137207
491.25,0,287.535,287.375,286.904,238.244,1.71024,10.7894,0,357.746,212.942,3113.18,0.962283,0,0.0046408
491.75,0,287.533,287.374,286.902,238.244,1.70491,10.6107,0,357.746,212.942,3113.18,0.963204,0,0.00137008
492.25,0,287.532,287.372,286.9,238.243,1.70193,10.5932,0,357.717,212.936,3113.18,0.957526,0,0.00156125
492.75,0,287.53,287.369,286.897,238.244,1.71176,11.7607,0,357.717,212.936,3113.18,0.952989,0,0.0264796
493.25,0,287.528,287.367,286.896,238.244,1.71838,12.5927,0,357.717,212.936,3113.18,0.953856,0,0.00153968
493.75,0,287.527,287.365,286.894,238.243,1.72001,12.4145,0,357.717,212.936,3113.18,0.95471,0,0.00137053
494.25,0,287.525,287.363,286.892,238.243,1.72097,12.2405,0,357.681,212.932,3113.18,0.955542,0,0.00155306
494.75,0,287.523,287.361,286.89,238.243,1.72349,12.0699,0,357.681,212.932,3113.18,0.956361,0,0.00136899
495.25,0,287.522,287.359,286.888,238.243,1.72719,11.9015,0,357.681,212.932,3113.18,0.957167,0,0.0015357
495.75,0,287.52,287.357,286.886,238.243,1.73197,11.7367,0,357.681,212.932,3113.18,0.957958,0,0.00136876
496.25,0,287.518,287.355,286.883,238.242,1.73814,11.5782,0,357.646,212.925,3113.18,0.958739,0,0.0015598
496.75,0,287.517,287.353,286.881,238.242,1.74526,11.4204,0,357.646,212.925,3113.18,0.959505,0,0.00137187
497.25,0,287.515,287.351,286.88,238.242,1.74986,11.2573,0,357.646,212.925,3113.18,0.960229,0,0.00265077
497.75,0,287.513,287.35,286.879,238.242,1.7435,10.9967,0,357.646,212.925,3113.18,0.961723,0,0.00137699
498.25,0,287.512,287.349,286.879,238.242,1.73846,10.8122,0,357.613,212.919,3113.18,0.961557,0,0.0044219
498.75,0,287.51,287.348,286.877,238.241,1.72793,10.7564,0,357.613,212.919,3113.18,0.962613,0,0.00137626
499.25,0,287.508,287.347,286.876,238.241,1.71937,10.5175,0,357.613,212.919,3113.18,0.963637,0,0.00154419
499.75,0,287.507,287.346,286.875,238.241,1.71322,10.2861,0,357.613,212.919,3113.18,0.964629,0,0.00137744
500.25,0,287.505,287.345,286.873,238.241,1.7102,10.3742,0,357.588,212.912,3113.18,0.960349,0,0.00219237
500.75,0,287.503,287.343,286.872,238.242,1.70726,10.9419,0,357.588,212.912,3113.18,0.961008,0,0.0352475
501.25,0,287.502,287.342,286.871,238.241,1.70214,10.8113,0,357.588,212.912,3113.18,0.962219,0,0.00153579
501.75,0,287.5,287.341,286.869,238.241,1.69788,10.5469,0,357.588,212.912,3113.18,0.963356,0,0.00140208
502.25,0,287.498,287.339,286.868,238.241,1.69422,10.3338,0,357.56,212.91,3113.18,0.959744,0,0.00159233
502.75,0,287.496,287.338,286.866,238.241,1.69181,11.0854,0,357.56,212.91,3113.18,0.960623,0,0.00192922
503.25,0,287.495,287.336,286.866,238.241,1.68865,10.8721,0,357.56,212.91,3113.18,0.961017,0,0.00442959
503.75,0,287.493,287.336,286.865,238.24,1.68106,10.7224,0,357.56,212.91,3113.18,0.962443,0,0.00152544
504.25,0,287.491,287.334,286.863,238.24,1.67534,10.4154,0,357.531,212.904,3113.18,0.963766,0,0.00229513
504.75,0,287.49,287.333,286.862,238.24,1.67146,10.1324,0,357.531,212.904,3113.18,0.964993,0,0.0014452
505.25,0,287.488,287.331,286.862,238.24,1.66933,10.0089,0,357.531,212.904,3113.18,0.963011,0,0.00893581
505.75,0,287.487,287.331,286.861,238.24,1.6585,10.3154,0,357.531,212.904,3113.18,0.963926,0,0.00140937
506.25,0,287.485,287.33,286.859,238.24,1.64892,10.1111,0,357.505,212.898,3113.18,0.964825,0,0.00235995
506.75,0,287.483,287.329,286.858,238.239,1.64198,9.91049,0,357.505,212.898,3113.18,0.965702,0,0.00141207
507.25,0,287.482,287.328,286.856,238.239,1.63747,9.71761,0,357.505,212.898,3113.18,0.966558,0,0.0023894
507.75,0,287.48,287.326,286.855,238.239,1.63507,9.52929,0,357.505,212.898,3113.18,0.96739,0,0.00141593
508.25,0,287.478,287.324,286.854,238.239,1.63581,9.56575,0,357.475,212.892,3113.18,0.962252,0,0.0151043
508.75,0,287.477,287.323,286.853,238.239,1.63056,10.4241,0,357.475,212.892,3113.18,0.963322,0,0.00141121
509.25,0,287.475,287.322,286.851,238.239,1.62616,10.1918,0,357.475,212.892,3113.18,0.964333,0,0.00244325
509.75,0,287.473,287.32,286.849,238.239,1.62364,9.97765,0,357.475,212.892,3113.18,0.965291,0,0.00140968
510.25,0,287.472,287.319,286.848,238.238,1.62248,9.77366,0,357.443,212.887,3113.18,0.966198,0,0.00237832
510.75,0,287.47,287.317,286.846,238.238,1.62272,9.57874,0,357.443,212.887,3113.18,0.967062,0,0.00144198
511.25,0,287.468,287.315,286.845,238.238,1.62459,10.3618,0,357.443,212.887,3113.18,0.962254,0,0.00576165
511.75,0,287.467,287.314,286.843,238.238,1.62,10.4228,0,357.443,212.887,3113.18,0.963212,0,0.00175973
512.25,0,287.465,287.313,286.842,238.238,1.6169,10.218,0,357.408,212.881,3113.18,0.964149,0,0.00298913
512.75,0,287.463,287.311,286.84,238.237,1.61592,10.0136,0,357.408,212.881,3113.18,0.965064,0,0.00172849
513.25,0,287.462,287.309,286.838,238.237,1.61683,10.1208,0,357.408,212.881,3113.18,0.959988,0,0.00331582
513.75,0,287.46,287.308,286.836,238.245,1.61879,10.8952,0,357.408,212.881,3113.18,0.961014,0,0.267816
514.25,0,287.458,287.305,286.834,238.245,1.62022,11.0312,0,357.325,212.92,3113.18,0.957952,0,3.72206e-06
514.75,0,287.457,287.303,286.831,238.245,1.63007,11.3981,0,357.325,212.92,3113.18,0.958577,0,3.76966e-06
515.25,0,287.455,287.3,286.828,238.245,1.64244,11.2835,0,357.325,212.92,3113.18,0.959203,0,3.57483e-06
515.75,0,287.453,287.297,286.826,238.244,1.65507,11.1703,0,357.325,212.92,3113.18,0.959876,0,0.000165377
516.25,0,287.452,287.296,286.825,238.244,1.65952,11.0272,0,357.281,212.912,3113.18,0.96044,0,0.00116951
516.75,0,287.45,287.294,286.823,238.244,1.65678,10.7799,0,357.281,212.912,3113.18,0.961914,0,3.5695e-06
517.25,0,287.448,287.293,286.822,238.244,1.65527,10.6561,0,357.281,212.912,3113.18,0.961483,0,0.00255377
517.75,0,287.447,287.292,286.82,238.243,1.65029,10.6416,0,357.281,212.912,3113.18,0.96244,0,3.5148e-06
518.25,0,287.445,287.29,286.819,238.243,1.64745,10.4292,0,357.255,212.904,3113.18,0.963379,0,5.45993e-06
518.75,0,287.443,287.288,286.816,238.243,1.64748,10.7302,0,357.255,212.904,3113.18,0.957933,0,3.56232e-06
519.25,0,287.442,287.285,286.813,238.243,1.66126,11.4159,0,357.255,212.904,3113.18,0.958866,0,5.0508e-06
519.75,0,287.44,287.282,286.81,238.243,1.67881,11.8802,0,357.255,212.904,3113.18,0.95399,0,0.0265226
520.25,0,287.438,287.28,286.809,238.243,1.68316,12.2446,0,357.216,212.9,3113.18,0.954819,0,4.03338e-06
520.75,0,287.436,287.278,286.807,238.243,1.68222,12.0725,0,357.216,212.9,3113.18,0.955637,0,4.13076e-06
521.25,0,287.435,287.277,286.805,238.242,1.68277,11.9042,0,357.216,212.9,3113.18,0.956444,0,4.82149e-06
521.75,0,287.433,287.275,286.803,238.242,1.68468,11.7398,0,357.216,212.9,3113.18,0.957239,0,4.97212e-06
522.25,0,287.431,287.273,286.801,238.242,1.68846,11.5794,0,357.186,212.892,3113.18,0.958025,0,8.3379e-06
522.75,0,287.43,287.27,286.799,238.242,1.69332,11.4185,0,357.186,212.892,3113.18,0.958798,0,6.60845e-06
523.25,0,287.428,287.268,286.797,238.241,1.69916,11.2659,0,357.186,212.892,3113.18,0.959557,0,9.66679e-06
523.75,0,287.426,287.267,286.796,238.241,1.70287,11.1008,0,357.186,212.892,3113.18,0.960282,0,0.00124234
524.25,0,287.425,287.266,286.795,238.241,1.6973,10.8582,0,357.154,212.885,3113.18,0.961772,0,1.38927e-05
524.75,0,287.423,287.264,286.795,238.241,1.69256,10.539,0,357.154,212.885,3113.18,0.961425,0,0.00364392
525.25,0,287.421,287.264,286.794,238.24,1.68063,10.5956,0,357.154,212.885,3113.18,0.96278,0,1.2139e-05
525.75,0,287.42,287.263,286.793,238.24,1.67007,10.2905,0,357.154,212.885,3113.18,0.964072,0,8.69496e-06
526.25,0,287.418,287.262,286.791,238.24,1.66341,10.0097,0,357.135,212.877,3113.18,0.965283,0,2.08433e-05
526.75,0,287.416,287.261,286.789,238.24,1.65892,9.75047,0,357.135,212.877,3113.18,0.966417,0,1.37352e-05
527.25,0,287.415,287.259,286.788,238.239,1.65643,9.5072,0,357.135,212.877,3113.18,0.967479,0,1.85652e-05
527.75,0,287.413,287.258,286.788,238.24,1.65568,9.94608,0,357.135,212.877,3113.18,0.965036,0,0.029483
528.25,0,287.411,287.257,286.787,238.24,1.64513,9.81638,0,357.108,212.874,3113.18,0.96588,0,1.92163e-05
528.75,0,287.41,287.256,286.786,238.24,1.63562,9.62751,0,357.108,212.874,3113.18,0.966693,0,1.46219e-05
529.25,0,287.408,287.255,286.784,238.239,1.62867,9.4488,0,357.108,212.874,3113.18,0.967476,0,1.7454e-05
529.75,0,287.406,287.254,286.783,238.239,1.62394,9.27941,0,357.108,212.874,3113.18,0.968231,0,1.45691e-05
530.25,0,287.405,287.252,286.781,238.239,1.62248,9.11569,0,357.083,212.866,3113.18,0.968964,0,2.43217e-05
530.75,0,287.403,287.251,286.779,238.238,1.62241,8.95675,0,357.083,212.866,3113.18,0.969669,0,1.60991e-05
531.25,0,287.402,287.249,286.779,238.238,1.62407,9.92277,0,357.083,212.866,3113.18,0.964093,0,0.00726444
531.75,0.00176758,287.4,287.248,286.778,238.238,1.61464,9.97063,0.564383,357.083,212.866,3113.18,0.964925,0,0
532.25,0.00620022,287.398,287.247,286.777,238.238,1.60357,9.7878,1.97972,357.053,212.859,3113.18,0.965737,0,0
532.75,0.0106327,287.397,287.246,286.775,238.238,1.594,9.60984,3.39501,357.053,212.859,3113.18,0.966529,0,0
533.25,0.015065,287.395,287.245,286.774,238.238,1.58571,9.43367,4.81024,357.053,212.859,3113.18,0.967298,0,0
533.75,0.0194971,287.393,287.244,286.773,238.238,1.57836,9.25706,6.22537,357.053,212.859,3113.18,0.968042,0,0
534.25,0.0239287,287.392,287.243,286.773,238.238,1.57313,9.54326,7.74339,357.027,212.853,3113.18,0.962575,0,0.0110564
534.75,0.0283599,287.39,287.242,286.772,238.238,1.55981,10.2256,9.27444,357.027,212.853,3113.18,0.963564,0,0
535.25,0.0327905,287.389,287.242,286.771,238.238,1.54684,10.005,10.8053,357.027,212.853,3113.18,0.964491,0,0
535.75,0.0372204,287.387,287.241,286.77,238.238,1.53484,9.79274,12.3359,357.027,212.853,3113.18,0.965363,0,0
536.25,0.0416497,287.386,287.24,286.769,238.238,1.5237,9.59324,13.8663,357.007,212.85,3113.18,0.966182,0,0
536.75,0.0460781,287.384,287.239,286.769,238.238,1.513,9.40519,15.3964,357.007,212.85,3113.18,0.960954,0,0.00247503
537.25,0.0505056,287.383,287.239,286.769,238.238,1.49673,10.4365,16.9476,357.007,212.85,3113.18,0.962233,0,0
537.75,0.0549321,287.381,287.239,286.768,238.238,1.48131,10.1368,18.6648,357.007,212.85,3113.18,0.963474,0,0
538.25,0.0593575,287.38,287.238,286.767,238.239,1.46812,9.86122,20.3816,356.991,212.847,3113.18,0.96462,0,0
538.75,0.0637818,287.378,287.238,286.767,238.242,1.45588,10.011,22.0979,356.991,212.847,3113.18,0.962792,0,0.0952493
539.25,0.0682048,287.377,287.238,286.767,238.242,1.4382,10.0847,23.8137,356.991,212.847,3113.18,0.963392,0,0
539.75,0.0726265,287.375,287.238,286.766,238.242,1.42164,9.92601,25.529,356.991,212.847,3113.18,0.963994,0,0
540.25,0.0770467,287.374,287.237,286.766,238.242,1.40669,9.94975,27.2438,356.975,212.861,3113.18,0.956341,0,0
540.75,0.0814655,287.372,287.235,286.764,238.243,1.40445,11.3793,28.9579,356.975,212.861,3113.18,0.957123,0,0.00128891
541.25,0.0858826,287.371,287.234,286.762,238.243,1.40745,11.2182,30.6715,356.975,212.861,3113.18,0.957874,0,0.00131207
541.75,0.090298,287.37,287.232,286.76,238.243,1.40973,11.0626,32.3844,356.975,212.861,3113.18,0.958596,0,0.00105669
542.25,0.0947117,287.368,287.23,286.759,238.244,1.41136,10.9121,34.0966,356.946,212.861,3113.18,0.95929,0,0.00130199
542.75,0.0991235,287.367,287.229,286.758,238.244,1.41164,10.7642,35.8081,356.946,212.861,3113.18,0.960018,0,0.00326383
543.25,0.103533,287.366,287.228,286.757,238.245,1.40353,11.5313,37.7326,356.946,212.861,3113.18,0.95629,0,0.00131429
543.75,0.107941,287.364,287.227,286.755,238.245,1.4011,11.361,39.7091,356.946,212.861,3113.18,0.957188,0,0.000966097
544.25,0.112347,287.363,287.226,286.754,238.245,1.39836,11.1679,41.6848,356.924,212.863,3113.18,0.958042,0,0.00131351
544.75,0.11675,287.362,287.225,286.753,238.246,1.39518,10.9834,43.6594,356.924,212.863,3113.18,0.958854,0,0.00093996
545.25,0.121152,287.36,287.223,286.752,238.247,1.39161,10.8813,45.633,356.924,212.863,3113.18,0.954375,0,0.0300291
545.75,0.12555,287.359,287.224,286.753,238.248,1.37131,11.7142,47.6056,356.924,212.863,3113.18,0.954968,0,0.000894646
546.25,0.129947,287.358,287.225,286.754,238.248,1.34655,11.5675,49.577,356.919,212.87,3113.18,0.955548,0,0.00131536
546.75,0.134341,287.357,287.225,286.754,238.249,1.32324,11.4144,51.5473,356.919,212.87,3113.18,0.956119,0,0.000850476
547.25,0.138732,287.355,287.226,286.755,238.249,1.30135,11.2749,53.5164,356.919,212.87,3113.18,0.956682,0,0.0013147
547.75,0.14312,287.354,287.226,286.755,238.25,1.28071,11.1338,55.4843,356.919,212.87,3113.18,0.957236,0,0.000829953
548.25,0.147506,287.353,287.227,286.755,238.25,1.26295,10.9956,57.4509,356.923,212.873,3113.18,0.957787,0,0.00131751
548.75,0.151889,287.352,287.227,286.756,238.251,1.24565,10.8573,59.4163,356.923,212.873,3113.18,0.958326,0,0.000767483
549.25,0.156268,287.351,287.227,286.756,238.251,1.22903,10.7168,61.3803,356.923,212.873,3113.18,0.958853,0,0.00131484
549.75,0.160645,287.35,287.227,286.756,238.252,1.213,10.5801,63.3429,356.923,212.873,3113.18,0.959368,0,0.000772073
550.25,0.165019,287.349,287.228,286.756,238.252,1.19853,10.4456,65.3041,356.923,212.877,3113.18,0.95995,0,0.00146418
550.75,0.169389,287.348,287.229,286.757,238.253,1.17692,10.303,67.2638,356.923,212.877,3113.18,0.960533,0,0.00109447
551.25,0.173756,287.347,287.23,286.759,238.253,1.14835,10.1511,69.473,356.923,212.877,3113.18,0.96107,0,0.00169933
551.75,0.178119,287.345,287.231,286.76,238.254,1.12348,10.0335,71.7212,356.923,212.877,3113.18,0.961428,0,0.00185668
552.25,0.182479,287.344,287.233,286.761,238.255,1.09069,9.7443,73.9676,356.934,212.881,3113.18,0.962537,0,0.00131813
552.75,0.186836,287.344,287.234,286.763,238.255,1.06781,9.81166,76.2122,356.934,212.881,3113.18,0.96202,0,0.00306347
553.25,0.191189,287.343,287.236,286.764,238.256,1.03268,9.61249,78.4549,356.934,212.881,3113.18,0.962719,0,0.00131703
553.75,0.195538,287.342,287.237,286.765,238.256,1.00185,10.1718,80.6957,356.934,212.881,3113.18,0.958054,0,0.000633449
554.25,0.199883,287.341,287.236,286.765,238.264,0.995436,11.2939,82.9344,356.947,212.887,3113.18,0.954404,0,0.231443
554.75,0.204224,287.34,287.237,286.766,238.265,0.974726,11.2188,85.1712,356.947,212.887,3113.18,0.954717,0,0
555.25,0.208561,287.339,287.238,286.767,238.265,0.954455,11.1172,87.4059,356.947,212.887,3113.18,0.955038,0,0
555.75,0.212894,287.338,287.239,286.767,238.266,0.93498,11.0158,89.6385,356.947,212.887,3113.18,0.955364,0,0
556.25,0.217223,287.337,287.239,286.768,238.266,0.915457,10.9142,91.8689,356.912,212.929,3113.18,0.955688,0,0
556.75,0.221548,287.336,287.24,286.769,238.267,0.896222,10.8132,94.0971,356.912,212.929,3113.18,0.956014,0,0
557.25,0.225868,287.335,287.241,286.77,238.268,0.877538,10.7128,96.3231,356.912,212.929,3113.18,0.956341,0,0
557.75,0.230184,287.335,287.242,286.77,238.268,0.859327,10.6134,98.5468,356.912,212.929,3113.18,0.956668,0,0
558.25,0.234496,287.334,287.242,286.771,238.269,0.842901,10.5154,100.768,356.924,212.934,3113.18,0.957,0,0
558.75,0.238802,287.333,287.243,286.771,238.269,0.82644,10.4186,102.987,356.924,212.934,3113.18,0.957328,0,0
559.25,0.243104,287.332,287.243,286.772,238.27,0.810238,10.3229,105.204,356.924,212.934,3113.18,0.957653,0,0
559.75,0.247402,287.332,287.244,286.773,238.271,0.794248,10.2287,107.418,356.924,212.934,3113.18,0.957974,0,0
560.25,0.251694,287.331,287.245,286.773,238.271,0.77961,10.1361,109.742,356.934,212.94,3113.18,0.958296,0,0
560.75,0.255982,287.33,287.245,286.774,238.272,0.764768,10.0449,112.235,356.934,212.94,3113.18,0.958611,0,0
561.25,0.260264,287.33,287.246,286.774,238.273,0.749997,9.95525,114.725,356.934,212.94,3113.18,0.958921,0,0
561.75,0.264542,287.329,287.246,286.774,238.274,0.740695,11.9082,117.212,356.934,212.94,3113.18,0.949479,0,0.0133257
562.25,0.268814,287.328,287.247,286.776,238.274,0.715742,11.8065,119.696,356.94,212.947,3113.18,0.950056,0,0
562.75,0.273081,287.328,287.249,286.777,238.275,0.690986,11.6432,122.178,356.94,212.947,3113.18,0.950621,0,0
563.25,0.277342,287.327,287.25,286.779,238.275,0.667075,11.4843,124.656,356.94,212.947,3113.18,0.951173,0,0
563.75,0.281598,287.327,287.252,286.78,238.276,0.643911,11.3295,127.13,356.94,212.947,3113.18,0.951712,0,0
564.25,0.285849,287.326,287.253,286.782,238.277,0.623215,11.1798,129.602,356.966,212.953,3113.18,0.952244,0,0
564.75,0.290094,287.326,287.254,286.783,238.277,0.602608,11.0343,132.071,356.966,212.953,3113.18,0.952761,0,0
565.25,0.294333,287.325,287.255,286.784,238.278,0.582477,10.8927,134.536,356.966,212.953,3113.18,0.953265,0,0
565.75,0.298566,287.325,287.257,286.785,238.279,0.562762,10.755,136.997,356.966,212.953,3113.18,0.953753,0,0
566.25,0.302794,287.324,287.258,286.786,238.279,0.544917,10.6218,139.456,356.988,212.96,3113.18,0.954234,0,0
566.75,0.307015,287.324,287.259,286.787,238.28,0.526962,10.5955,141.91,356.988,212.96,3113.18,0.946966,0,0.013896
567.25,0.311231,287.324,287.26,286.789,238.281,0.503685,11.9483,144.362,356.988,212.96,3113.18,0.947674,0,0
567.75,0.31544,287.323,287.262,286.791,238.282,0.480666,11.7611,146.809,356.988,212.96,3113.18,0.948359,0,0
568.25,0.319644,287.323,287.264,286.792,238.282,0.458344,11.5801,149.254,357.011,212.968,3113.18,0.949018,0,0
568.75,0.323841,287.323,287.265,286.794,238.283,0.436104,11.405,151.694,357.011,212.968,3113.18,0.949655,0,0
569.25,0.328031,287.322,287.267,286.795,238.283,0.414298,11.2355,154.131,357.011,212.968,3113.18,0.950268,0,0
569.75,0.332215,287.322,287.268,286.797,238.284,0.392887,11.0715,156.564,357.011,212.968,3113.18,0.95086,0,0
570.25,0.336393,287.322,287.27,286.798,238.285,0.373484,10.9136,158.993,357.04,212.975,3113.18,0.951436,0,0
570.75,0.340564,287.322,287.271,286.799,238.286,0.358102,11.9859,161.419,357.04,212.975,3113.18,0.946042,0,0.003943
571.25,0.344728,287.321,287.273,286.801,238.286,0.334301,11.7874,163.84,357.04,212.975,3113.18,0.94696,0,0
571.75,0.348886,287.321,287.275,286.803,238.287,0.310907,11.5592,166.258,357.04,212.975,3113.18,0.94783,0,0
572.25,0.353037,287.321,287.276,286.805,238.287,0.288985,11.3422,168.886,357.068,212.983,3113.18,0.948657,0,0
572.75,0.35718,287.321,287.278,286.807,238.288,0.267221,11.1355,171.589,357.068,212.983,3113.18,0.94944,0,0
573.25,0.361317,287.321,287.28,286.808,238.289,0.245948,10.938,174.287,357.068,212.983,3113.18,0.950183,0,0
573.75,0.365447,287.321,287.281,286.809,238.29,0.236082,11.355,176.98,357.068,212.983,3113.18,0.948016,0,0.0214089
574.25,0.369569,287.32,287.283,286.811,238.291,0.210545,11.1988,179.669,357.094,212.993,3113.18,0.948597,0,0
574.75,0.373685,287.32,287.285,286.814,238.291,0.18478,11.0309,182.353,357.094,212.993,3113.18,0.949148,0,0
575.25,0.377792,287.32,287.287,286.816,238.292,0.15964,10.8694,185.032,357.094,212.993,3113.18,0.949671,0,0
575.75,0.381893,287.32,287.29,286.818,238.293,0.135094,10.7146,187.706,357.094,212.993,3113.18,0.950167,0,0
576.25,0.385986,287.32,287.292,286.82,238.293,0.112889,10.5662,190.376,357.133,213,3113.18,0.950646,0,0
576.75,0.390071,287.32,287.294,286.822,238.294,0.0906329,10.4241,193.04,357.133,213,3113.18,0.951099,0,0
577.25,0.394149,287.321,287.296,286.824,238.295,0.0687635,11.1609,195.7,357.133,213,3113.18,0.94482,0,0.000872645
577.75,0.398219,287.321,287.298,286.826,238.295,0.0462632,11.4392,198.354,357.133,213,3113.18,0.945699,0,0
578.25,0.402281,287.321,287.299,286.828,238.296,0.0313527,11.4816,201.004,357.166,213.008,3113.18,0.945272,0,0.00190565
578.75,0.406335,287.321,287.302,286.83,238.297,0.00794053,11.2558,203.648,357.166,213.008,3113.18,0.946113,0,0
579.25,0.410381,287.321,287.304,286.832,238.297,-0.0151396,11.0313,206.287,357.166,213.008,3113.18,0.946901,0,0
579.75,0.41442,287.321,287.306,286.834,238.298,-0.0343337,11.1973,208.92,357.166,213.008,3113.18,0.945758,0,0.00324598
580.25,0.41845,287.321,287.308,286.837,238.299,-0.0578809,11.0305,211.549,357.201,213.016,3113.18,0.946251,0,0
580.75,0.422471,287.322,287.311,286.839,238.299,-0.0813083,10.844,214.172,357.201,213.016,3113.18,0.946739,0,0
581.25,0.426485,287.322,287.313,286.841,238.3,-0.104007,10.6175,216.79,357.201,213.016,3113.18,0.947295,0,0
581.75,0.43049,287.322,287.314,286.842,238.3,-0.113953,7.43226,219.402,357.201,213.016,3113.18,0.942257,0,0
582.25,0.434487,287.323,287.314,286.843,238.303,-0.115435,7.98226,222.008,357.234,213.024,3113.18,0.943821,0,0.0500241
582.75,0.438475,287.323,287.316,286.845,238.303,-0.12597,7.9478,224.61,357.234,213.024,3113.18,0.943888,0,0
583.25,0.442454,287.323,287.318,286.847,238.304,-0.136901,7.92543,227.205,357.234,213.024,3113.18,0.943961,0,0
583.75,0.446425,287.324,287.32,286.849,238.305,-0.147814,7.90323,229.795,357.234,213.024,3113.18,0.944033,0,0
584.25,0.450387,287.324,287.322,286.851,238.305,-0.159129,7.88125,232.379,357.256,213.039,3113.18,0.944097,0,0
584.75,0.454341,287.325,287.324,286.853,238.306,-0.170696,7.85952,234.957,357.256,213.039,3113.18,0.94416,0,0
585.25,0.458285,287.325,287.326,286.856,238.306,-0.182247,7.83803,237.53,357.256,213.039,3113.18,0.944221,0,0
585.75,0.46222,287.326,287.328,286.858,238.307,-0.193787,7.81682,240.096,357.256,213.039,3113.18,0.94428,0,0
586.25,0.466146,287.326,287.33,286.86,238.308,-0.204593,7.7959,242.657,357.289,213.048,3113.18,0.944341,0,0
586.75,0.470063,287.327,287.331,286.862,238.308,-0.215735,7.77527,245.212,357.289,213.048,3113.18,0.9444,0,0
587.25,0.473971,287.327,287.333,286.864,238.309,-0.226891,7.75495,247.76,357.289,213.048,3113.18,0.944456,0,0
587.75,0.47787,287.328,287.335,286.867,238.31,-0.238068,7.73493,250.303,357.289,213.048,3113.18,0.94451,0,0
588.25,0.481759,287.328,287.337,286.869,238.31,-0.248573,7.71526,252.84,357.323,213.057,3113.18,0.944565,0,0
588.75,0.485638,287.329,287.339,286.871,238.311,-0.25943,7.69591,255.37,357.323,213.057,3113.18,0.944618,0,0
589.25,0.489508,287.33,287.342,286.873,238.312,-0.270329,7.6769,257.894,357.323,213.057,3113.18,0.944667,0,0
589.75,0.493369,287.33,287.344,286.876,238.312,-0.281273,7.65823,260.412,357.323,213.057,3113.18,0.944714,0,0
590.25,0.49722,287.331,287.346,286.878,238.313,-0.291593,7.63992,262.923,357.359,213.066,3113.18,0.944761,0,0
590.75,0.501061,287.332,287.348,286.88,238.314,-0.302279,7.62196,265.494,357.359,213.066,3113.18,0.944805,0,0
591.25,0.504892,287.333,287.35,286.883,238.314,-0.313019,7.60437,268.232,357.359,213.066,3113.18,0.944846,0,0
591.75,0.508713,287.333,287.352,286.885,238.315,-0.323815,7.58716,270.962,357.359,213.066,3113.18,0.944884,0,0
592.25,0.512524,287.334,287.354,286.887,238.315,-0.334012,7.57034,273.685,357.395,213.075,3113.18,0.944922,0,0
592.75,0.516325,287.335,287.356,286.89,238.316,-0.344579,7.5539,276.401,357.395,213.075,3113.18,0.944956,0,0
593.25,0.520117,287.336,287.359,286.892,238.317,-0.35521,7.53785,279.109,357.395,213.075,3113.18,0.944987,0,0
593.75,0.523897,287.337,287.361,286.895,238.317,-0.365916,7.52217,281.81,357.395,213.075,3113.18,0.945015,0,0
594.25,0.527668,287.338,287.363,286.897,238.318,-0.376052,7.50689,284.504,357.434,213.084,3113.18,0.945043,0,0
594.75,0.531428,287.338,287.365,286.9,238.319,-0.386568,7.49199,287.191,357.434,213.084,3113.18,0.945067,0,0
595.25,0.535178,287.339,287.367,286.902,238.321,-0.394892,8.35874,289.87,357.434,213.084,3113.18,0.938585,0,0.0526932
595.75,0.538917,287.34,287.37,286.905,238.321,-0.408968,8.37663,292.541,357.434,213.084,3113.18,0.938652,0,0
596.25,0.542645,287.341,287.373,286.908,238.322,-0.423474,8.35109,295.205,357.464,213.101,3113.18,0.938715,0,0
596.75,0.546363,287.342,287.376,286.912,238.323,-0.438241,8.32631,297.862,357.464,213.101,3113.18,0.938772,0,0
597.25,0.550071,287.343,287.379,286.915,238.323,-0.452955,8.3023,300.51,357.464,213.101,3113.18,0.938825,0,0
597.75,0.553767,287.344,287.382,286.918,238.324,-0.467617,8.27907,303.151,357.464,213.101,3113.18,0.938872,0,0
598.25,0.557453,287.345,287.385,286.921,238.325,-0.481337,8.25656,305.785,357.516,213.111,3113.18,0.938919,0,0
598.75,0.561127,287.347,287.388,286.925,238.325,-0.49546,8.23475,308.41,357.516,213.111,3113.18,0.938962,0,0
599.25,0.564791,287.348,287.391,286.928,238.326,-0.509563,8.21363,311.027,357.516,213.111,3113.18,0.938999,0,0
599.75,0.568443,287.349,287.394,286.931,238.327,-0.52365,8.19317,313.637,357.516,213.111,3113.18,0.939032,0,0
600.25,0.572084,287.35,287.397,286.935,238.327,-0.536865,8.17338,316.238,357.568,213.12,3113.18,0.939065,0,0
600.75,0.575714,287.351,287.4,286.938,238.328,-0.550492,8.1542,318.832,357.568,213.12,3113.18,0.939093,0,0
601.25,0.579333,287.352,287.403,286.941,238.328,-0.564124,8.13563,321.417,357.568,213.12,3113.18,0.939117,0,0
601.75,0.58294,287.354,287.406,286.945,238.329,-0.577766,8.11765,323.995,357.568,213.12,3113.18,0.939136,0,0
602.25,0.586536,287.355,287.409,286.948,238.33,-0.590594,8.10027,326.564,357.621,213.13,3113.18,0.939156,0,0
602.75,0.590121,287.356,287.412,286.951,238.33,-0.603841,8.08344,329.125,357.621,213.13,3113.18,0.939171,0,0
603.25,0.593693,287.357,287.415,286.954,238.331,-0.617114,8.06715,331.677,357.621,213.13,3113.18,0.939182,0,0
603.75,0.597255,287.359,287.418,286.958,238.331,-0.630416,8.05139,334.222,357.621,213.13,3113.18,0.939189,0,0
604.25,0.600804,287.36,287.421,286.961,238.332,-0.642419,8.96326,336.758,357.675,213.14,3113.18,0.932355,0,0
604.75,0.604341,287.361,287.423,286.964,238.333,-0.650734,9.00962,339.285,357.675,213.14,3113.18,0.932287,0,0
605.25,0.607867,287.363,287.426,286.966,238.333,-0.658977,9.0055,341.804,357.675,213.14,3113.18,0.932259,0,0
605.75,0.611381,287.364,287.428,286.969,238.334,-0.667344,9.0012,344.315,357.675,213.14,3113.18,0.93223,0,0
606.25,0.614883,287.366,287.431,286.972,238.335,-0.675587,8.997,346.816,357.716,213.149,3113.18,0.932199,0,0
606.75,0.618372,287.367,287.433,286.974,238.335,-0.684196,8.9929,349.31,357.716,213.149,3113.18,0.932166,0,0
607.25,0.62185,287.369,287.436,286.977,238.336,-0.692924,8.98891,351.794,357.716,213.149,3113.18,0.932132,0,0
607.75,0.625315,287.37,287.438,286.98,238.336,-0.70177,8.98502,354.27,357.716,213.149,3113.18,0.932096,0,0
608.25,0.628768,287.372,287.441,286.983,238.337,-0.710284,8.98126,356.737,357.765,213.16,3113.18,0.93206,0,0
608.75,0.632209,287.373,287.444,286.986,238.338,-0.71916,8.9776,359.195,357.765,213.16,3113.18,0.932022,0,0
609.25,0.635637,287.375,287.446,286.988,238.338,-0.728153,8.97407,361.645,357.765,213.16,3113.18,0.931982,0,0
609.75,0.639053,287.376,287.449,286.991,238.339,-0.737263,8.97066,364.085,357.765,213.16,3113.18,0.931941,0,0
610.25,0.642456,287.378,287.452,286.994,238.34,-0.746026,8.96738,366.516,357.817,213.17,3113.18,0.931899,0,0
610.75,0.645846,287.38,287.455,286.997,238.34,-0.755157,8.96422,368.939,357.817,213.17,3113.18,0.931856,0,0
611.25,0.649224,287.381,287.457,287,238.341,-0.764404,8.96119,371.352,357.817,213.17,3113.18,0.93181,0,0
611.75,0.652589,287.383,287.46,287.003,238.341,-0.773764,8.95829,373.873,357.817,213.17,3113.18,0.931763,0,0
612.25,0.655941,287.385,287.463,287.006,238.342,-0.782755,8.95555,376.42,357.871,213.181,3113.18,0.931716,0,0
612.75,0.659281,287.386,287.466,287.01,238.343,-0.792115,8.95294,378.956,357.871,213.181,3113.18,0.931667,0,0
613.25,0.662607,287.388,287.469,287.013,238.343,-0.801582,8.95049,381.483,357.871,213.181,3113.18,0.931616,0,0
613.75,0.665921,287.39,287.472,287.016,238.344,-0.811155,8.94817,383.999,357.871,213.181,3113.18,0.931563,0,0
614.25,0.669221,287.392,287.475,287.019,238.344,-0.820346,8.94603,386.506,357.927,213.191,3113.18,0.93151,0,0
614.75,0.672508,287.393,287.478,287.022,238.345,-0.829911,8.94402,389.003,357.927,213.191,3113.18,0.931455,0,0
615.25,0.675782,287.395,287.481,287.026,238.346,-0.839581,8.94217,391.49,357.927,213.191,3113.18,0.931398,0,0
615.75,0.679043,287.397,287.484,287.029,238.354,-0.849379,9.92985,393.966,357.927,213.191,3113.18,0.92338,0,0.242851
616.25,0.68229,287.399,287.488,287.033,238.354,-0.863623,10.3332,396.433,357.912,213.24,3113.18,0.921375,0,0
616.75,0.685524,287.401,287.492,287.037,238.355,-0.878332,10.3404,398.889,357.912,213.24,3113.18,0.921302,0,0
617.25,0.688745,287.403,287.496,287.042,238.356,-0.893029,10.3349,401.335,357.912,213.24,3113.18,0.921229,0,0
617.75,0.691952,287.405,287.5,287.046,238.356,-0.907717,10.3294,403.771,357.912,213.24,3113.18,0.921157,0,0
618.25,0.695145,287.406,287.503,287.05,238.357,-0.921661,10.3239,406.197,357.985,213.251,3113.18,0.921087,0,0
618.75,0.698325,287.408,287.507,287.054,238.357,-0.936029,10.3184,408.612,357.985,213.251,3113.18,0.921017,0,0
619.25,0.701491,287.41,287.511,287.058,238.358,-0.950398,10.313,411.017,357.985,213.251,3113.18,0.920947,0,0
619.75,0.704643,287.412,287.515,287.063,238.359,-0.96477,10.3076,413.411,357.985,213.251,3113.18,0.920877,0,0
620.25,0.707781,287.414,287.519,287.067,238.359,-0.978397,10.3022,415.795,358.059,213.262,3113.18,0.92081,0,0
620.75,0.710905,287.417,287.523,287.071,238.36,-0.992458,10.2969,418.168,358.059,213.262,3113.18,0.920742,0,0
621.25,0.714016,287.419,287.527,287.075,238.36,-1.00653,10.2916,420.53,358.059,213.262,3113.18,0.920673,0,0
621.75,0.717112,287.421,287.531,287.08,238.361,-1.02061,10.2864,422.882,358.059,213.262,3113.18,0.920605,0,0
622.25,0.720195,287.423,287.535,287.084,238.361,-1.03398,10.2813,425.223,358.135,213.273,3113.18,0.920538,0,0
622.75,0.723263,287.425,287.539,287.088,238.362,-1.04778,10.2762,427.554,358.135,213.273,3113.18,0.920471,0,0
623.25,0.726317,287.427,287.543,287.093,238.363,-1.0616,10.2712,429.874,358.135,213.273,3113.18,0.920403,0,0
623.75,0.729357,287.429,287.547,287.097,238.363,-1.07543,10.2663,432.182,358.135,213.273,3113.18,0.920335,0,0
624.25,0.732382,287.431,287.551,287.101,238.364,-1.08857,10.2615,434.48,358.211,213.284,3113.18,0.920268,0,0
624.75,0.735393,287.434,287.555,287.106,238.364,-1.10214,10.2567,436.767,358.211,213.284,3113.18,0.920201,0,0
625.25,0.738389,287.436,287.559,287.11,238.365,-1.11574,10.252,439.043,358.211,213.284,3113.18,0.920133,0,0
625.75,0.741371,287.438,287.563,287.114,238.366,-1.12937,10.2474,441.308,358.211,213.284,3113.18,0.920064,0,0
626.25,0.744339,287.44,287.567,287.119,238.366,-1.14231,10.243,443.562,358.289,213.295,3113.18,0.919997,0,0
626.75,0.747292,287.443,287.571,287.123,238.367,-1.15569,10.2386,445.805,358.289,213.295,3113.18,0.919929,0,0
627.25,0.75023,287.445,287.575,287.128,238.367,-1.16909,10.2343,448.037,358.289,213.295,3113.18,0.91986,0,0
627.75,0.753153,287.447,287.579,287.132,238.368,-1.18253,10.2301,450.257,358.289,213.295,3113.18,0.91979,0,0
628.25,0.756062,287.45,287.584,287.136,238.369,-1.19531,10.226,452.467,358.368,213.307,3113.18,0.919722,0,0
628.75,0.758956,287.452,287.588,287.141,238.369,-1.20851,10.2221,454.665,358.368,213.307,3113.18,0.919653,0,0
629.25,0.761834,287.454,287.592,287.145,238.37,-1.22175,10.2182,456.851,358.368,213.307,3113.18,0.919582,0,0
629.75,0.764698,287.457,287.596,287.15,238.37,-1.23503,10.2145,459.027,358.368,213.307,3113.18,0.919511,0,0
630.25,0.767547,287.459,287.6,287.154,238.371,-1.24764,10.2109,461.19,358.447,213.318,3113.18,0.919441,0,0
630.75,0.770381,287.462,287.604,287.159,238.371,-1.2607,10.2074,463.343,358.447,213.318,3113.18,0.91937,0,0
631.25,0.7732,287.464,287.609,287.163,238.372,-1.27379,10.2041,465.484,358.447,213.318,3113.18,0.919298,0,0
631.75,0.776003,287.467,287.613,287.168,238.373,-1.28691,10.2008,467.613,358.447,213.318,3113.18,0.919225,0,0
632.25,0.778791,287.469,287.617,287.172,238.373,-1.2994,10.1977,469.731,358.528,213.33,3113.18,0.919153,0,0
632.75,0.781564,287.472,287.621,287.177,238.374,-1.31231,10.1947,471.837,358.528,213.33,3113.18,0.919079,0,0
633.25,0.784322,287.474,287.626,287.181,238.374,-1.32526,10.1919,473.932,358.528,213.33,3113.18,0.919005,0,0
633.75,0.787064,287.477,287.63,287.186,238.375,-1.33825,10.1891,476.014,358.528,213.33,3113.18,0.918929,0,0
634.25,0.78979,287.479,287.634,287.191,238.375,-1.35061,10.1866,478.085,358.61,213.342,3113.18,0.918855,0,0
634.75,0.792502,287.482,287.639,287.195,238.376,-1.3634,10.1841,480.145,358.61,213.342,3113.18,0.91878,0,0
635.25,0.795197,287.485,287.643,287.2,238.377,-1.37622,10.1818,482.192,358.61,213.342,3113.18,0.918703,0,0
635.75,0.797877,287.487,287.647,287.205,238.377,-1.3891,10.1796,484.228,358.61,213.342,3113.18,0.918625,0,0
636.25,0.800541,287.49,287.652,287.209,238.378,-1.40133,10.1775,486.268,358.692,213.353,3113.18,0.918548,0,0
636.75,0.80319,287.493,287.656,287.214,238.378,-1.414,10.1756,488.362,358.692,213.353,3113.18,0.91847,0,0
637.25,0.805823,287.495,287.66,287.219,238.379,-1.4267,10.1738,490.443,358.692,213.353,3113.18,0.91839,0,0
637.75,0.80844,287.498,287.665,287.223,238.379,-1.43945,10.1722,492.511,358.692,213.353,3113.18,0.91831,0,0
638.25,0.811041,287.501,287.669,287.228,238.38,-1.45156,10.1707,494.568,358.776,213.365,3113.18,0.91823,0,0
638.75,0.813626,287.504,287.674,287.233,238.38,-1.4641,10.1694,496.611,358.776,213.365,3113.18,0.918149,0,0
639.25,0.816195,287.506,287.678,287.237,238.381,-1.47668,10.1682,498.642,358.776,213.365,3113.18,0.918067,0,0
639.75,0.818748,287.509,287.683,287.242,238.382,-1.4893,10.1671,500.66,358.776,213.365,3113.18,0.917983,0,0
640.25,0.821285,287.512,287.687,287.247,238.382,-1.49908,11.6576,502.666,358.861,213.377,3113.18,0.907083,0,0
640.75,0.823806,287.515,287.691,287.251,238.383,-1.5092,11.7324,504.658,358.861,213.377,3113.18,0.906997,0,0
641.25,0.82631,287.518,287.695,287.255,238.383,-1.51939,11.7336,506.638,358.861,213.377,3113.18,0.906922,0,0
641.75,0.828799,287.52,287.699,287.26,238.384,-1.52966,11.7348,508.605,358.861,213.377,3113.18,0.906846,0,0
642.25,0.831271,287.523,287.704,287.264,238.384,-1.53988,11.7362,510.559,358.923,213.387,3113.18,0.906767,0,0
642.75,0.833727,287.526,287.708,287.269,238.385,-1.55043,11.7376,512.501,358.923,213.387,3113.18,0.906687,0,0
643.25,0.836166,287.529,287.712,287.273,238.385,-1.56105,11.7392,514.429,358.923,213.387,3113.18,0.906605,0,0
643.75,0.838589,287.532,287.716,287.278,238.386,-1.57173,11.7409,516.344,358.923,213.387,3113.18,0.906522,0,0
644.25,0.840996,287.535,287.721,287.283,238.386,-1.58194,11.7428,518.247,359.009,213.399,3113.18,0.906439,0,0
644.75,0.843386,287.538,287.725,287.287,238.387,-1.59253,11.7448,520.136,359.009,213.399,3113.18,0.906355,0,0
645.25,0.845759,287.541,287.73,287.292,238.388,-1.60318,11.7469,522.012,359.009,213.399,3113.18,0.90627,0,0
645.75,0.848116,287.544,287.734,287.296,238.388,-1.61389,11.7492,523.875,359.009,213.399,3113.18,0.906183,0,0
646.25,0.850456,287.547,287.738,287.301,238.389,-1.62413,11.7516,525.725,359.096,213.411,3113.18,0.906097,0,0
646.75,0.852779,287.55,287.743,287.306,238.389,-1.63475,11.7541,527.562,359.096,213.411,3113.18,0.906009,0,0
647.25,0.855086,287.553,287.747,287.31,238.39,-1.64542,11.7568,529.385,359.096,213.411,3113.18,0.90592,0,0
647.75,0.857376,287.556,287.752,287.315,238.39,-1.65614,11.7595,531.195,359.096,213.411,3113.18,0.90583,0,0
648.25,0.859649,287.559,287.756,287.32,238.391,-1.66639,11.7624,532.992,359.184,213.423,3113.18,0.905741,0,0
648.75,0.861905,287.562,287.761,287.325,238.391,-1.67701,11.7654,534.776,359.184,213.423,3113.18,0.90565,0,0
649.25,0.864144,287.565,287.765,287.329,238.392,-1.68768,11.7686,536.546,359.184,213.423,3113.18,0.905558,0,0
649.75,0.866367,287.568,287.77,287.334,238.392,-1.6984,11.7718,538.302,359.184,213.423,3113.18,0.905464,0,0
650.25,0.868572,287.571,287.774,287.339,238.393,-1.70864,11.7752,540.045,359.273,213.435,3113.18,0.905371,0,0
650.75,0.87076,287.574,287.779,287.344,238.393,-1.71925,11.7787,541.775,359.273,213.435,3113.18,0.905278,0,0
651.25,0.872931,287.577,287.783,287.349,238.394,-1.72991,11.7824,543.491,359.273,213.435,3113.18,0.905182,0,0
651.75,0.875085,287.581,287.788,287.353,238.394,-1.74061,11.7861,545.194,359.273,213.435,3113.18,0.905086,0,0
652.25,0.877222,287.584,287.793,287.358,238.395,-1.75083,11.79,546.883,359.363,213.447,3113.18,0.904991,0,0
652.75,0.879341,287.587,287.797,287.363,238.395,-1.76141,11.794,548.558,359.363,213.447,3113.18,0.904894,0,0
653.25,0.881443,287.59,287.802,287.368,238.396,-1.77204,11.7981,550.22,359.363,213.447,3113.18,0.904796,0,0
653.75,0.883528,287.593,287.807,287.373,238.397,-1.78271,11.8023,551.868,359.363,213.447,3113.18,0.904697,0,0
654.25,0.885595,287.597,287.811,287.378,238.397,-1.79288,11.8066,553.503,359.454,213.459,3113.18,0.904599,0,0
654.75,0.887646,287.6,287.816,287.383,238.398,-1.80342,11.811,555.123,359.454,213.459,3113.18,0.904499,0,0
655.25,0.889678,287.603,287.821,287.388,238.398,-1.814,11.8156,556.73,359.454,213.459,3113.18,0.904399,0,0
655.75,0.891693,287.606,287.825,287.393,238.399,-1.82462,11.8203,558.323,359.454,213.459,3113.18,0.904297,0,0
656.25,0.893691,287.61,287.83,287.398,238.399,-1.83475,11.825,559.902,359.547,213.472,3113.18,0.904197,0,0
656.75,0.895671,287.613,287.835,287.403,238.4,-1.84523,11.8299,561.467,359.547,213.472,3113.18,0.904095,0,0
657.25,0.897634,287.616,287.84,287.408,238.4,-1.85575,11.8349,563.019,359.547,213.472,3113.18,0.903992,0,0
657.75,0.899578,287.62,287.844,287.413,238.401,-1.8663,11.84,564.556,359.547,213.472,3113.18,0.903889,0,0
658.25,0.901506,287.623,287.849,287.418,238.401,-1.87636,11.8452,566.079,359.64,213.484,3113.18,0.903786,0,0
658.75,0.903415,287.626,287.854,287.423,238.402,-1.88677,11.8506,567.589,359.64,213.484,3113.18,0.903682,0,0
659.25,0.905307,287.63,287.859,287.428,238.402,-1.89722,11.856,569.084,359.64,213.484,3113.18,0.903577,0,0
659.75,0.907181,287.633,287.863,287.433,238.403,-1.9077,11.8615,570.565,359.64,213.484,3113.18,0.903471,0,0
660.25,0.909037,287.637,287.868,287.438,238.403,-1.91768,11.8671,572.033,359.734,213.496,3113.18,0.903367,0,0
660.75,0.910875,287.64,287.873,287.443,238.404,-1.928,11.8728,573.486,359.734,213.496,3113.18,0.903261,0,0
661.25,0.912695,287.643,287.878,287.448,238.404,-1.93836,11.8787,574.925,359.734,213.496,3113.18,0.903154,0,0
661.75,0.914498,287.647,287.883,287.453,238.405,-1.94874,11.8846,576.349,359.734,213.496,3113.18,0.903047,0,0
662.25,0.916282,287.65,287.888,287.458,238.405,-1.95863,11.8906,577.76,359.828,213.508,3113.18,0.90294,0,0
662.75,0.918049,287.654,287.892,287.463,238.406,-1.96886,11.8967,579.156,359.828,213.508,3113.18,0.902833,0,0
663.25,0.919797,287.657,287.897,287.468,238.406,-1.97911,11.903,580.538,359.828,213.508,3113.18,0.902724,0,0
663.75,0.921527,287.661,287.902,287.473,238.406,-1.9894,11.9093,581.935,359.828,213.508,3113.18,0.902615,0,0
664.25,0.923239,287.664,287.907,287.478,238.407,-1.99918,11.9157,583.32,359.924,213.521,3113.18,0.902507,0,0
664.75,0.924934,287.668,287.912,287.484,238.407,-2.00929,11.9222,584.691,359.924,213.521,3113.18,0.902398,0,0
665.25,0.926609,287.671,287.917,287.489,238.408,-2.01943,11.9288,586.047,359.924,213.521,3113.18,0.902289,0,0
665.75,0.928267,287.675,287.922,287.494,238.408,-2.02959,11.9355,587.388,359.924,213.521,3113.18,0.902178,0,0
666.25,0.929907,287.678,287.927,287.499,238.409,-2.03925,11.9423,588.715,360.02,213.533,3113.18,0.902069,0,0
666.75,0.931528,287.682,287.932,287.504,238.409,-2.04924,11.9492,590.026,360.02,213.533,3113.18,0.901959,0,0
667.25,0.933131,287.686,287.937,287.509,238.41,-2.05925,11.9561,591.323,360.02,213.533,3113.18,0.901848,0,0
667.75,0.934715,287.689,287.942,287.515,238.41,-2.06928,11.9632,592.606,360.02,213.533,3113.18,0.901736,0,0
668.25,0.936281,287.693,287.947,287.52,238.411,-2.07881,11.9703,593.873,360.116,213.545,3113.18,0.901626,0,0
668.75,0.937829,287.696,287.952,287.525,238.411,-2.08866,11.9776,595.125,360.116,213.545,3113.18,0.901514,0,0
669.25,0.939359,287.7,287.956,287.53,238.412,-2.09853,11.9849,596.363,360.116,213.545,3113.18,0.901402,0,0
669.75,0.940869,287.704,287.961,287.535,238.412,-2.10841,11.9923,597.585,360.116,213.545,3113.18,0.90129,0,0
670.25,0.942362,287.707,287.966,287.541,238.413,-2.1178,11.9998,598.793,360.213,213.557,3113.18,0.901178,0,0
670.75,0.943836,287.711,287.971,287.546,238.413,-2.1275,12.0073,599.985,360.213,213.557,3113.18,0.901066,0,0
671.25,0.945291,287.714,287.976,287.551,238.414,-2.13721,12.015,601.163,360.213,213.557,3113.18,0.900954,0,0
671.75,0.946728,287.718,287.981,287.556,238.414,-2.14694,12.0227,602.325,360.213,213.557,3113.18,0.90084,0,0
672.25,0.948146,287.722,287.986,287.561,238.414,-2.15618,12.0305,603.473,360.311,213.57,3113.18,0.900728,0,0
672.75,0.949546,287.726,287.991,287.567,238.415,-2.16572,12.0384,604.605,360.311,213.57,3113.18,0.900616,0,0
673.25,0.950926,287.729,287.996,287.572,238.415,-2.17527,12.0464,605.723,360.311,213.57,3113.18,0.900502,0,0
673.75,0.952289,287.733,288.001,287.577,238.416,-2.18484,12.0544,606.825,360.311,213.57,3113.18,0.900389,0,0
674.25,0.953632,287.737,288.006,287.582,238.416,-2.19391,12.0625,607.912,360.408,213.582,3113.18,0.900276,0,0
674.75,0.954957,287.74,288.011,287.588,238.417,-2.20328,12.0707,608.984,360.408,213.582,3113.18,0.900163,0,0
675.25,0.956263,287.744,288.017,287.593,238.417,-2.21266,12.0789,610.04,360.408,213.582,3113.18,0.900049,0,0
675.75,0.95755,287.748,288.022,287.598,238.418,-2.22205,12.0873,611.082,360.408,213.582,3113.18,0.899935,0,0
676.25,0.958818,287.752,288.027,287.603,238.418,-2.23095,12.0957,612.108,360.507,213.594,3113.18,0.899822,0,0
676.75,0.960068,287.755,288.032,287.609,238.418,-2.24014,12.1041,613.119,360.507,213.594,3113.18,0.899709,0,0
677.25,0.961299,287.759,288.037,287.614,238.419,-2.24934,12.1127,614.115,360.507,213.594,3113.18,0.899595,0,0
677.75,0.96251,287.763,288.042,287.619,238.419,-2.25854,12.1213,615.096,360.507,213.594,3113.18,0.899481,0,0
678.25,0.963703,287.767,288.047,287.624,238.42,-2.26726,12.1299,616.061,360.605,213.606,3113.18,0.899368,0,0
678.75,0.964877,287.771,288.052,287.63,238.42,-2.27626,12.1387,617.011,360.605,213.606,3113.18,0.899254,0,0
679.25,0.966032,287.774,288.057,287.635,238.421,-2.28527,12.1475,617.945,360.605,213.606,3113.18,0.89914,0,0
679.75,0.967168,287.778,288.062,287.64,238.421,-2.29427,12.1563,618.864,360.605,213.606,3113.18,0.899026,0,0
680.25,0.968285,287.782,288.067,287.645,238.421,-2.3028,12.1652,619.768,360.704,213.618,3113.18,0.898913,0,0
680.75,0.969383,287.786,288.072,287.651,238.422,-2.31161,12.1742,620.657,360.704,213.618,3113.18,0.8988,0,0
681.25,0.970462,287.79,288.077,287.656,238.422,-2.32041,12.1832,621.53,360.704,213.618,3113.18,0.898686,0,0
681.75,0.971522,287.794,288.082,287.661,238.423,-2.32921,12.1923,622.387,360.704,213.618,3113.18,0.898572,0,0
682.25,0.972563,287.797,288.087,287.666,238.423,-2.33754,12.2015,623.229,360.802,213.63,3113.18,0.89846,0,0
682.75,0.973584,287.801,288.092,287.672,238.423,-2.34614,12.2107,624.056,360.802,213.63,3113.18,0.898347,0,0
683.25,0.974587,287.805,288.097,287.677,238.424,-2.35474,12.2199,624.867,360.802,213.63,3113.18,0.898234,0,0
683.75,0.97557,287.809,288.102,287.682,238.424,-2.36333,12.2293,625.663,360.802,213.63,3113.18,0.89812,0,0
684.25,0.976535,287.813,288.107,287.687,238.425,-2.37145,12.2386,626.443,360.901,213.642,3113.18,0.898008,0,0
684.75,0.97748,287.817,288.112,287.693,238.425,-2.37983,12.248,627.208,360.901,213.642,3113.18,0.897896,0,0
685.25,0.978405,287.821,288.118,287.698,238.425,-2.3882,12.2575,627.957,360.901,213.642,3113.18,0.897783,0,0
685.75,0.979312,287.825,288.123,287.703,238.426,-2.39657,12.267,628.69,360.901,213.642,3113.18,0.89767,0,0
686.25,0.980199,287.828,288.128,287.708,238.426,-2.40448,12.2766,629.408,361,213.654,3113.18,0.897559,0,0
686.75,0.981068,287.832,288.133,287.714,238.427,-2.41263,12.2862,630.111,361,213.654,3113.18,0.897447,0,0
687.25,0.981916,287.836,288.138,287.719,238.427,-2.42078,12.2958,630.798,361,213.654,3113.18,0.897335,0,0
687.75,0.982746,287.84,288.143,287.724,238.427,-2.42892,12.3055,631.469,361,213.654,3113.18,0.897223,0,0
688.25,0.983556,287.844,288.148,287.729,238.428,-2.4366,12.3153,632.124,361.099,213.666,3113.18,0.897113,0,0
688.75,0.984347,287.848,288.153,287.735,238.428,-2.44453,12.3251,632.764,361.099,213.666,3113.18,0.897002,0,0
689.25,0.985119,287.852,288.158,287.74,238.429,-2.45244,12.3349,633.389,361.099,213.666,3113.18,0.896891,0,0
689.75,0.985871,287.856,288.163,287.745,238.429,-2.46034,12.3447,633.997,361.099,213.666,3113.18,0.89678,0,0
690.25,0.986604,287.86,288.168,287.75,238.429,-2.46779,12.3546,634.59,361.198,213.677,3113.18,0.89667,0,0
690.75,0.987317,287.864,288.173,287.755,238.43,-2.47548,12.3646,635.167,361.198,213.677,3113.18,0.896561,0,0
691.25,0.988011,287.868,288.178,287.761,238.43,-2.48315,12.3745,635.729,361.198,213.677,3113.18,0.896451,0,0
691.75,0.988686,287.872,288.183,287.766,238.43,-2.49081,12.3846,636.275,361.198,213.677,3113.18,0.896341,0,0
692.25,0.989341,287.876,288.188,287.771,238.431,-2.49802,12.3946,636.805,361.296,213.689,3113.18,0.896232,0,0
692.75,0.989977,287.88,288.193,287.776,238.431,-2.50545,12.4047,637.319,361.296,213.689,3113.18,0.896124,0,0
693.25,0.990593,287.884,288.198,287.782,238.431,-2.51288,12.4148,637.818,361.296,213.689,3113.18,0.896015,0,0
693.75,0.99119,287.888,288.203,287.787,238.432,-2.52028,12.4249,638.301,361.296,213.689,3113.18,0.895907,0,0
694.25,0.991767,287.892,288.208,287.792,238.432,-2.52724,12.4351,638.768,361.394,213.7,3113.18,0.8958,0,0
694.75,0.992325,287.896,288.213,287.797,238.433,-2.53443,12.4453,639.219,361.394,213.7,3113.18,0.895693,0,0
695.25,0.992863,287.9,288.218,287.802,238.433,-2.54159,12.4555,639.655,361.394,213.7,3113.18,0.895586,0,0
695.75,0.993382,287.904,288.223,287.807,238.433,-2.54873,12.4658,640.075,361.394,213.7,3113.18,0.895479,0,0
696.25,0.993882,287.908,288.228,287.813,238.434,-2.55545,12.4761,640.479,361.493,213.712,3113.18,0.895373,0,0
696.75,0.994361,287.912,288.233,287.818,238.434,-2.56237,12.4864,640.867,361.493,213.712,3113.18,0.895268,0,0
697.25,0.994822,287.916,288.238,287.823,238.434,-2.56927,12.4967,641.24,361.493,213.712,3113.18,0.895162,0,0
697.75,0.995262,287.92,288.243,287.828,238.435,-2.57614,12.507,641.596,361.493,213.712,3113.18,0.895057,0,0
698.25,0.995684,287.924,288.248,287.833,238.435,-2.5826,12.5174,641.937,361.59,213.723,3113.18,0.894953,0,0
698.75,0.996085,287.928,288.253,287.838,238.435,-2.58925,12.5278,642.262,361.59,213.723,3113.18,0.894849,0,0
699.25,0.996467,287.932,288.258,287.843,238.436,-2.59587,12.5382,642.571,361.59,213.723,3113.18,0.894746,0,0
699.75,0.99683,287.936,288.263,287.848,238.436,-2.60248,12.5486,642.864,361.59,213.723,3113.18,0.894642,0,0
700.25,0.997173,287.94,288.268,287.854,238.436,-2.60867,12.5591,643.142,361.688,213.734,3113.18,0.89454,0,0
700.75,0.997496,287.944,288.273,287.859,238.437,-2.61504,12.5695,643.404,361.688,213.734,3113.18,0.894438,0,0
701.25,0.9978,287.948,288.278,287.864,238.437,-2.62139,12.58,643.649,361.688,213.734,3113.18,0.894336,0,0
701.75,0.998084,287.952,288.283,287.869,238.437,-2.62771,12.5905,643.879,361.688,213.734,3113.18,0.894235,0,0
702.25,0.998348,287.956,288.288,287.874,238.438,-2.63363,12.601,644.093,361.785,213.745,3113.18,0.894135,0,0
702.75,0.998593,287.96,288.293,287.879,238.438,-2.63973,12.6115,644.291,361.785,213.745,3113.18,0.894035,0,0
703.25,0.998818,287.964,288.298,287.884,238.438,-2.64579,12.622,644.473,361.785,213.745,3113.18,0.893935,0,0
703.75,0.999024,287.968,288.303,287.889,238.438,-2.65183,12.6325,644.64,361.785,213.745,3113.18,0.893836,0,0
704.25,0.99921,287.972,288.307,287.894,238.439,-2.65747,12.6431,644.79,361.881,213.756,3113.18,0.893738,0,0
704.75,0.999376,287.976,288.312,287.899,238.439,-2.66327,12.6536,644.925,361.881,213.756,3113.18,0.893641,0,0
705.25,0.999523,287.98,288.317,287.904,238.439,-2.66905,12.6642,645.044,361.881,213.756,3113.18,0.893543,0,0
705.75,0.99965,287.984,288.322,287.909,238.44,-2.67479,12.6747,645.146,361.881,213.756,3113.18,0.893446,0,0
706.25,0.999758,287.988,288.327,287.914,238.44,-2.68015,12.6853,645.233,361.977,213.767,3113.18,0.893351,0,0
706.75,0.999845,287.992,288.332,287.919,238.44,-2.68566,12.6959,645.304,361.977,213.767,3113.18,0.893255,0,0
707.25,0.999913,287.997,288.337,287.924,238.441,-2.69114,12.7064,645.36,361.977,213.767,3113.18,0.89316,0,0
707.75,0.999962,288.001,288.341,287.929,238.441,-2.69659,12.717,645.399,361.977,213.767,3113.18,0.893066,0,0
708.25,0.999991,288.005,288.346,287.934,238.441,-2.70166,12.7275,645.422,362.072,213.778,3113.18,0.892972,0,0
