hour,mu0,ground_k,air_k,air_300m_k,column_mean_k,sensible_w_m2,latent_w_m2,sw_ground_w_m2,lw_down_w_m2,olr_w_m2,mixed_layer_m,rh_ground,dew_kg_m2,condensed_kg_m2
0.25,0.999998,298.384,294.471,293.988,238.956,319.556,76.1456,645.428,381.637,221.445,12021.5,0.399596,0,0.00121113
0.75,0.999978,298.39,294.476,293.993,238.954,319.778,76.1394,645.412,381.637,221.445,12021.5,0.400086,0,0.00118506
1.25,0.999939,298.396,294.472,293.989,238.966,319.888,76.1248,645.38,381.637,221.445,12021.5,0.396842,0,0.409905
1.75,0.99988,298.392,294.477,293.994,238.964,319.994,76.4005,645.332,381.637,221.445,12021.5,0.397336,0,0.00112717
2.25,0.999801,298.397,294.482,293.999,238.963,319.901,76.3712,645.269,381.571,221.499,12021.5,0.397832,0,0.00110945
2.75,0.999703,298.402,294.487,294.003,238.961,319.892,76.3472,645.189,381.571,221.499,12021.5,0.39833,0,0.00107623
3.25,0.999585,298.406,294.491,294.008,238.96,319.883,76.3226,645.094,381.571,221.499,12021.5,0.39883,0,0.0010545
3.75,0.999447,298.411,294.496,294.013,238.958,319.866,76.2967,644.983,381.571,221.499,12021.5,0.399331,0,0.0010264
4.25,0.99929,298.417,294.5,294.017,238.957,319.981,76.2799,644.855,381.872,221.448,12021.5,0.399834,0,0.00098432
4.75,0.999113,298.421,294.493,294.01,238.968,319.964,76.2527,644.712,381.872,221.448,12021.5,0.396749,0,0.407007
5.25,0.998917,298.413,294.498,294.014,238.967,320.035,76.4986,644.553,381.872,221.448,12021.5,0.397255,0,0.000941813
5.75,0.998701,298.417,294.502,294.019,238.965,319.862,76.4605,644.379,381.872,221.448,12021.5,0.397764,0,0.000924672
6.25,0.998465,298.42,294.506,294.023,238.963,319.733,76.4246,644.188,381.788,221.497,12021.5,0.398274,0,0.000910757
6.75,0.99821,298.423,294.51,294.027,238.962,319.642,76.3909,643.981,381.788,221.497,12021.5,0.398786,0,0.000884383
7.25,0.997935,298.426,294.514,294.031,238.961,319.552,76.3565,643.759,381.788,221.497,12021.5,0.399299,0,0.000867253
7.75,0.997641,298.429,294.518,294.035,238.959,319.456,76.3211,643.521,381.788,221.497,12021.5,0.399814,0,0.00084502
8.25,0.997327,298.433,294.51,294.026,238.97,319.489,76.2943,643.266,382.079,221.442,12021.5,0.396787,0,0.408424
8.75,0.996993,298.424,294.514,294.03,239.013,319.529,76.5271,642.996,382.079,221.442,9270.94,0.397305,0,1.42069
9.25,0.99664,298.426,294.517,294.034,239.009,319.284,76.4806,642.711,382.079,221.442,9270.94,0.397825,0,0
9.75,0.996267,298.428,294.521,294.038,239.006,319.129,76.4396,642.409,382.079,221.442,9270.94,0.398348,0,0
10.25,0.995874,298.426,294.525,294.041,239.002,318.597,76.3698,642.091,381.254,221.948,9270.94,0.398876,0,0
10.75,0.995462,298.427,294.528,294.044,238.999,318.4,76.3234,641.758,381.254,221.948,9270.94,0.399405,0,0
11.25,0.995031,298.429,294.531,294.047,238.998,318.233,76.2786,641.409,381.254,221.948,9270.94,0.386347,0,0.0522207
11.75,0.994579,298.423,294.532,294.049,238.997,317.505,77.3908,641.044,381.254,221.948,9270.94,0.386393,0,0.0553486
12.25,0.994109,298.421,294.534,294.051,238.996,317.144,77.3635,640.663,380.965,221.764,9270.94,0.386437,0,0.0568309
12.75,0.993619,298.421,294.537,294.053,238.995,316.914,77.352,640.266,380.965,221.764,9270.94,0.386465,0,0.0577615
13.25,0.993109,298.421,294.539,294.056,238.994,316.69,77.3435,639.854,380.965,221.764,9270.94,0.386484,0,0.0583791
13.75,0.99258,298.421,294.542,294.058,238.993,316.461,77.3358,639.425,380.965,221.764,9270.94,0.386498,0,0.058819
14.25,0.992031,298.421,294.544,294.061,238.992,316.261,77.3302,638.981,381.037,221.737,9270.94,0.386509,0,0.0591687
14.75,0.991463,298.421,294.547,294.063,238.991,316.022,77.3224,638.522,381.037,221.737,12021.5,0.38652,0,0.0594519
15.25,0.990875,298.421,294.549,294.066,238.99,315.771,77.3139,638.046,381.037,221.737,12021.5,0.386533,0,0.0596774
15.75,0.990268,298.42,294.551,294.068,238.989,315.513,77.3046,637.555,381.037,221.737,12021.5,0.386914,0,0.0557922
16.25,0.989641,298.42,294.553,294.069,238.988,315.287,77.287,637.048,381.111,221.715,12021.5,0.38659,0,0.0619904
16.75,0.988995,298.418,294.555,294.071,238.986,315.035,77.2795,636.525,381.111,221.715,12021.5,0.387168,0,0
17.25,0.988329,298.418,294.544,294.06,238.986,314.77,77.2184,635.987,381.111,221.715,12021.5,0.387331,0,0.0871733
17.75,0.987644,298.406,294.546,294.062,238.983,314.786,77.1578,635.432,381.111,221.715,12021.5,0.387904,0,0
18.25,0.98694,298.405,294.541,294.057,238.984,314.43,77.0908,634.862,381.188,221.665,12021.5,0.387754,0,0.10155
18.75,0.986216,298.397,294.543,294.059,238.982,314.265,77.0692,634.277,381.188,221.665,12021.5,0.388329,0,0
19.25,0.985473,298.396,294.54,294.057,238.983,313.891,77.0008,633.675,381.188,221.665,12021.5,0.388002,0,0.10995
19.75,0.984711,298.39,294.543,294.059,238.98,313.627,77.0012,633.059,381.188,221.665,12021.5,0.388579,0,0
20.25,0.983929,298.389,294.542,294.059,238.981,313.282,76.9334,632.426,381.225,221.633,12021.5,0.388151,0,0.115026
20.75,0.983128,298.385,294.544,294.06,238.979,312.961,76.9459,631.778,381.225,221.633,12021.5,0.388733,0,0
21.25,0.982307,298.383,294.544,294.061,238.98,312.6,76.8762,631.114,381.225,221.633,12021.5,0.388247,0,0.118247
21.75,0.981467,298.379,294.546,294.063,238.978,312.236,76.8951,630.434,381.225,221.633,12021.5,0.388833,0,0
22.25,0.980608,298.377,294.547,294.064,238.979,311.896,76.8248,629.739,381.272,221.611,12021.5,0.388313,0,0.120425
22.75,0.97973,298.374,294.548,294.065,238.977,311.504,76.8469,629.028,381.272,221.611,12021.5,0.388903,0,0
23.25,0.978832,298.371,294.55,294.066,238.975,311.133,76.7735,628.302,381.272,221.611,12021.5,0.389497,0,0
23.75,0.977916,298.368,294.537,294.054,238.977,310.763,76.6995,627.56,381.272,221.611,12021.5,0.389128,0,0.148179
24.25,0.97698,298.353,294.539,294.055,238.975,310.633,76.671,626.803,381.242,221.6,12021.5,0.389719,0,0
24.75,0.976024,298.35,294.54,294.056,238.973,310.121,76.5878,626.03,381.242,221.6,12021.5,0.390312,0,0
25.25,0.97505,298.347,294.534,294.05,238.975,309.7,76.51,625.242,381.242,221.6,12021.5,0.389604,0,0.164307
25.75,0.974056,298.336,294.535,294.051,238.973,309.392,76.5244,624.438,381.242,221.6,12021.5,0.390198,0,0
26.25,0.973044,298.333,294.536,294.052,238.971,308.942,76.4429,623.618,381.319,221.55,12021.5,0.390796,0,0
26.75,0.972012,298.329,294.533,294.05,238.974,308.507,76.3627,622.783,381.319,221.55,12021.5,0.389893,0,0.174109
27.25,0.970961,298.322,294.534,294.05,238.972,308.087,76.4006,621.933,381.319,221.55,12021.5,0.390494,0,0
27.75,0.969891,298.317,294.534,294.051,238.97,307.605,76.3161,621.067,381.319,221.55,12021.5,0.391098,0,0
28.25,0.968802,298.313,294.534,294.05,238.973,307.188,76.2346,620.186,381.396,221.51,12021.5,0.390079,0,0.180409
28.75,0.967694,298.307,294.534,294.051,238.971,306.694,76.2856,619.29,381.396,221.51,12021.5,0.390688,0,0
29.25,0.966567,298.302,294.534,294.051,238.969,306.213,76.1988,618.378,381.396,221.51,12021.5,0.3913,0,0
29.75,0.965421,298.297,294.535,294.051,238.966,305.739,76.1119,617.45,381.396,221.51,12021.5,0.391913,0,0
30.25,0.964255,298.292,294.522,294.038,238.971,305.298,76.0257,616.508,381.469,221.472,12021.5,0.390991,0,0.211303
30.75,0.963071,298.276,294.522,294.039,238.968,305.041,76.035,615.55,381.469,221.472,12021.5,0.391603,0,0
31.25,0.961869,298.27,294.522,294.039,238.966,304.426,75.9379,614.576,381.469,221.472,12021.5,0.392217,0,0
31.75,0.960647,298.264,294.522,294.039,238.964,303.897,75.846,613.588,381.469,221.472,12021.5,0.392833,0,0
32.25,0.959406,298.258,294.516,294.032,238.969,303.376,75.7529,612.584,381.466,221.436,12021.5,0.391535,0,0.229705
32.75,0.958146,298.247,294.516,294.032,238.967,302.904,75.8077,611.564,381.466,221.436,12021.5,0.392155,0,0
33.25,0.956868,298.24,294.515,294.032,238.964,302.31,75.7097,610.53,381.466,221.436,12021.5,0.392777,0,0
33.75,0.955571,298.234,294.515,294.031,238.962,301.759,75.6139,609.48,381.466,221.436,12021.5,0.393401,0,0
34.25,0.954255,298.227,294.513,294.029,238.968,301.212,75.5167,608.416,381.469,221.406,12021.5,0.391881,0,0.241357
34.75,0.95292,298.218,294.512,294.028,238.965,300.605,75.5974,607.336,381.469,221.406,12021.5,0.39251,0,0
35.25,0.951567,298.211,294.511,294.028,238.963,300.018,75.4969,606.241,381.469,221.406,12021.5,0.393142,0,0
35.75,0.950195,298.204,294.51,294.027,238.961,299.445,75.3966,605.13,381.469,221.406,12021.5,0.393776,0,0
36.25,0.948804,298.197,294.509,294.026,238.959,298.873,75.2946,604.005,381.47,221.378,12021.5,0.394412,0,0
36.75,0.947394,298.189,294.496,294.013,238.965,298.289,75.1921,602.865,381.47,221.378,12021.5,0.392914,0,0.276233
37.25,0.945966,298.171,294.495,294.012,238.963,297.867,75.2414,601.709,381.47,221.378,12021.5,0.393549,0,0
37.75,0.94452,298.163,294.494,294.011,238.96,297.155,75.1303,600.539,381.47,221.378,12021.5,0.394187,0,0
38.25,0.943054,298.154,294.493,294.01,238.958,296.493,75.0206,599.353,381.398,221.355,12021.5,0.394828,0,0
38.75,0.941571,298.146,294.491,294.008,238.956,295.861,74.9135,598.152,381.398,221.355,12021.5,0.39547,0,0
39.25,0.940068,298.138,294.486,294.003,238.963,295.231,74.8058,596.937,381.398,221.355,12021.5,0.393547,0,0.29753
39.75,0.938548,298.125,294.485,294.001,238.961,294.569,74.9061,595.707,381.398,221.355,12021.5,0.394194,0,0
40.25,0.937009,298.115,294.483,294,238.958,293.857,74.7902,594.461,381.334,221.338,12021.5,0.394844,0,0
40.75,0.935451,298.106,294.481,293.998,238.956,293.194,74.6783,593.201,381.334,221.338,12021.5,0.395495,0,0
41.25,0.933875,298.097,294.479,293.996,238.954,292.533,74.5659,591.926,381.334,221.338,12021.5,0.396148,0,0
41.75,0.932281,298.088,294.477,293.994,238.952,291.868,74.4526,590.636,381.334,221.338,12021.5,0.396803,0,0.00549968
42.25,0.930668,298.079,294.465,293.981,238.96,291.282,74.343,589.331,381.509,221.245,12021.5,0.394739,0,0.338511
42.75,0.929037,298.06,294.463,293.979,238.958,290.725,74.4341,588.011,381.509,221.245,12021.5,0.395396,0,0.00213704
43.25,0.927388,298.05,294.46,293.977,238.955,289.937,74.3114,586.677,381.509,221.245,12021.5,0.396055,0,0.00129876
43.75,0.925721,298.039,294.458,293.975,238.953,289.221,74.1929,585.328,381.509,221.245,12021.5,0.396716,0,0.00179818
44.25,0.924035,298.028,294.455,293.972,238.951,288.446,74.0682,583.964,381.368,221.235,12021.5,0.397379,0,0.00142372
44.75,0.922331,298.018,294.453,293.969,238.948,287.722,73.9478,582.585,381.368,221.235,12021.5,0.398044,0,0.00161936
45.25,0.92061,298.007,294.449,293.965,238.958,286.998,73.8268,581.192,381.368,221.235,12021.5,0.395521,0,0.365081
45.75,0.91887,297.994,294.446,293.962,238.955,286.176,73.9727,579.805,381.368,221.235,12021.5,0.396191,0,0.00150968
46.25,0.917112,297.982,294.443,293.959,238.953,285.373,73.843,578.416,381.234,221.233,12021.5,0.396865,0,0.00142382
46.75,0.915336,297.971,294.44,293.956,238.95,284.635,73.7188,577.012,381.234,221.233,12021.5,0.397541,0,0.00143436
47.25,0.913542,297.959,294.436,293.953,238.948,283.899,73.5942,575.594,381.234,221.233,12021.5,0.398218,0,0.00138252
47.75,0.91173,297.948,294.433,293.95,238.945,283.159,73.4688,574.161,381.234,221.233,12021.5,0.398896,0,0.00137311
48.25,0.9099,297.937,294.429,293.946,238.943,282.488,73.3462,572.715,381.383,221.133,12021.5,0.399577,0,0.00132571
48.75,0.908052,297.925,294.419,293.936,238.954,281.744,73.2192,571.254,381.383,221.133,12021.5,0.396869,0,0.409966
49.25,0.906187,297.906,294.416,293.933,238.951,280.988,73.3622,569.78,381.383,221.133,12021.5,0.397553,0,0.0012826
49.75,0.904303,297.894,294.412,293.929,238.948,280.148,73.2279,568.291,381.383,221.133,12021.5,0.39824,0,0.00126595
50.25,0.902402,297.88,294.408,293.925,238.946,279.266,73.0883,566.788,381.176,221.137,12021.5,0.398929,0,0.0012511
50.75,0.900483,297.867,294.404,293.921,238.944,278.463,72.9554,565.271,381.176,221.137,12021.5,0.399619,0,0.00122406
51.25,0.898547,297.854,294.4,293.917,238.941,277.666,72.8223,563.74,381.176,221.137,12021.5,0.40031,0,0.0012061
51.75,0.896592,297.841,294.396,293.913,238.939,276.865,72.6884,562.195,381.176,221.137,12021.5,0.401002,0,0.00118316
52.25,0.89462,297.829,294.392,293.909,238.937,276.126,72.5568,560.637,381.309,221.034,12021.5,0.401697,0,0.00920733
52.75,0.892631,297.816,294.383,293.899,238.949,275.32,72.4214,559.064,381.309,221.034,12021.5,0.398455,0,0.462389
53.25,0.890624,297.796,294.378,293.895,238.946,274.445,72.6057,557.478,381.309,221.034,12021.5,0.399155,0,0.00111858
53.75,0.8886,297.782,294.374,293.891,238.943,273.557,72.4636,555.877,381.309,221.034,12021.5,0.399857,0,0.00110261
54.25,0.886558,297.767,294.369,293.886,238.941,272.59,72.3137,554.263,381.046,221.05,12021.5,0.400561,0,0.00109807
54.75,0.884498,297.753,294.364,293.881,238.938,271.726,72.1721,552.635,381.046,221.05,12021.5,0.401266,0,0.00107172
55.25,0.882422,297.738,294.359,293.876,238.936,270.869,72.0306,550.994,381.046,221.05,12021.5,0.401973,0,0.0010606
55.75,0.880328,297.724,294.354,293.871,238.933,270.009,71.8884,549.338,381.046,221.05,12021.5,0.402681,0,0.00104027
56.25,0.878216,297.71,294.349,293.866,238.931,269.202,71.7478,547.669,381.161,220.942,12021.5,0.403391,0,0.0010182
56.75,0.876088,297.695,294.344,293.861,238.929,268.336,71.6039,545.987,381.161,220.942,12021.5,0.404103,0,0.0122096
57.25,0.873942,297.68,294.337,293.854,238.943,267.458,71.4589,544.29,381.161,220.942,12021.5,0.400275,0,0.522165
57.75,0.871779,297.661,294.332,293.848,238.94,266.423,71.6912,542.581,381.161,220.942,12021.5,0.400992,0,0.000976567
58.25,0.869599,297.643,294.326,293.843,238.937,265.35,71.5291,540.857,380.844,220.974,12021.5,0.401713,0,0.000979403
58.75,0.867401,297.627,294.32,293.837,238.934,264.422,71.3786,539.12,380.844,220.974,12021.5,0.402436,0,0.000954202
59.25,0.865187,297.611,294.315,293.832,238.932,263.507,71.2285,537.37,380.844,220.974,12021.5,0.40316,0,0.000948179
59.75,0.862956,297.595,294.309,293.826,238.929,262.587,71.0778,535.606,380.844,220.974,12021.5,0.403884,0,0.000930205
60.25,0.860708,297.58,294.303,293.82,238.926,261.714,70.928,533.829,380.94,220.859,12021.5,0.404612,0,0.000912227
60.75,0.858443,297.563,294.297,293.814,238.924,260.789,70.7757,532.038,380.94,220.859,12021.5,0.40534,0,0.000903661
61.25,0.856161,297.547,294.291,293.808,238.921,259.852,70.6222,530.235,380.94,220.859,12021.5,0.40607,0,0.000889524
61.75,0.853862,297.53,294.284,293.801,238.919,258.909,70.4679,528.417,380.94,220.859,12021.5,0.4068,0,0.00868248
62.25,0.851546,297.513,294.278,293.795,238.918,258.004,70.3142,526.587,381.025,220.752,12021.5,0.407533,0,0.0331326
62.75,0.849214,297.496,294.271,293.788,238.916,257.051,70.1581,524.743,381.025,220.752,12021.5,0.408267,0,0.0128614
63.25,0.846865,297.479,294.259,293.776,238.933,256.087,70.001,522.886,381.025,220.752,12021.5,0.403444,0,0.625759
63.75,0.844499,297.453,294.252,293.769,238.971,255.022,70.2952,521.016,381.025,220.752,9270.94,0.404183,0,1.32227
64.25,0.842117,297.429,294.245,293.762,238.966,253.438,70.091,519.133,379.892,221.24,9270.94,0.404928,0,0
64.75,0.839718,297.41,294.238,293.755,238.961,252.366,69.9243,517.237,379.892,221.24,9270.94,0.405674,0,0
65.25,0.837303,297.392,294.231,293.748,238.957,251.349,69.761,515.328,379.892,221.24,9270.94,0.406422,0,0
65.75,0.834871,297.374,294.224,293.741,238.953,250.336,69.5976,513.405,379.892,221.24,9270.94,0.40717,0,0
66.25,0.832423,297.355,294.217,293.734,238.949,249.358,69.434,511.47,379.957,221.088,9270.94,0.407922,0,0
66.75,0.829959,297.336,294.21,293.727,238.944,248.341,69.2692,509.522,379.957,221.088,9270.94,0.408674,0,0
67.25,0.827478,297.317,294.202,293.719,238.941,247.315,69.1035,507.561,379.957,221.088,9270.94,0.409427,0,0
67.75,0.824981,297.298,294.195,293.712,238.937,246.284,68.9372,505.587,379.957,221.088,9270.94,0.410181,0,0
68.25,0.822467,297.279,294.187,293.704,238.933,245.28,68.7704,503.6,380.016,220.947,9270.94,0.410938,0,0
68.75,0.819938,297.26,294.179,293.696,238.929,244.238,68.6023,501.601,380.016,220.947,9270.94,0.411696,0,0
69.25,0.817392,297.24,294.171,293.688,238.926,243.187,68.4334,499.589,380.016,220.947,9270.94,0.412455,0,0
69.75,0.814831,297.22,294.161,293.678,238.936,242.129,68.2637,497.564,380.016,220.947,9270.94,0.397673,0,0.430023
70.25,0.812253,297.186,294.153,293.67,238.932,240.137,69.3598,495.526,379.301,220.82,9270.94,0.39844,0,0
70.75,0.80966,297.166,294.145,293.662,238.928,238.922,69.1774,493.476,379.301,220.82,9270.94,0.399216,0,0
71.25,0.80705,297.145,294.137,293.654,238.924,237.81,69.0017,491.413,379.301,220.82,9270.94,0.399993,0,0
71.75,0.804425,297.125,294.129,293.646,238.921,236.707,68.8262,489.338,379.301,220.82,9270.94,0.400771,0,0
72.25,0.801784,297.104,294.121,293.638,238.917,235.633,68.6498,487.25,379.345,220.671,9270.94,0.401552,0,0
72.75,0.799127,297.083,294.112,293.629,238.914,234.541,68.474,485.177,379.345,220.671,9270.94,0.402334,0,0
73.25,0.796454,297.062,294.104,293.621,238.91,233.469,68.2995,483.147,379.345,220.671,9270.94,0.403116,0,0
73.75,0.793766,297.042,294.095,293.612,238.907,232.395,68.1246,481.105,379.345,220.671,9270.94,0.403899,0,0
74.25,0.791062,297.021,294.086,293.603,238.904,231.342,67.9488,479.051,379.383,220.537,9270.94,0.404684,0,0.0171644
74.75,0.788343,297,294.077,293.595,238.902,230.26,67.7726,476.986,379.383,220.537,9270.94,0.40547,0,0.0191465
75.25,0.785608,296.979,294.068,293.586,238.899,229.17,67.5957,474.908,379.383,220.537,9270.94,0.406256,0,0.0168453
75.75,0.782857,296.957,294.059,293.577,238.897,228.074,67.4182,472.819,379.383,220.537,9270.94,0.407042,0,0.0179202
76.25,0.780092,296.935,294.05,293.568,238.894,226.978,67.2383,470.719,379.381,220.432,9270.94,0.407832,0,0.0163487
76.75,0.777311,296.914,294.039,293.556,238.91,225.869,67.0591,468.606,379.381,220.432,9270.94,0.403071,0,0.605393
77.25,0.774514,296.887,294.029,293.547,238.906,224.585,67.3334,466.482,379.381,220.432,9270.94,0.403865,0,0
77.75,0.771703,296.864,294.02,293.537,238.903,223.412,67.149,464.347,379.381,220.432,9270.94,0.404661,0,0
78.25,0.768876,296.839,294.011,293.528,238.899,222.056,66.9492,462.2,378.904,220.452,9270.94,0.405458,0,0
78.75,0.766034,296.817,294.001,293.519,238.896,220.886,66.7644,460.041,378.904,220.452,9270.94,0.406257,0,0
79.25,0.763178,296.794,293.992,293.509,238.892,219.734,66.5807,457.871,378.904,220.452,9270.94,0.407055,0,0
79.75,0.760306,296.771,293.982,293.499,238.889,218.581,66.3967,455.69,378.904,220.452,9270.94,0.407854,0,0
80.25,0.757419,296.748,293.972,293.49,238.886,217.437,66.2109,453.497,378.919,220.314,9270.94,0.408656,0,0
80.75,0.754517,296.725,293.962,293.48,238.883,216.275,66.0256,451.293,378.919,220.314,9270.94,0.409458,0,0
81.25,0.751601,296.702,293.952,293.47,238.88,215.106,65.8397,449.078,378.919,220.314,9270.94,0.410261,0,0
81.75,0.74867,296.678,293.942,293.46,238.877,213.931,65.6533,446.852,378.919,220.314,9270.94,0.411064,0,0
82.25,0.745724,296.655,293.932,293.45,238.874,212.762,65.4649,444.614,378.927,220.182,9270.94,0.411869,0,0
82.75,0.742763,296.631,293.922,293.44,238.871,211.575,65.277,442.365,378.927,220.182,9270.94,0.412675,0,0
83.25,0.739788,296.607,293.912,293.429,238.868,210.382,65.0885,440.106,378.927,220.182,9270.94,0.413481,0,0.021342
83.75,0.736798,296.583,293.902,293.419,238.866,209.182,64.8996,437.835,378.927,220.182,9270.94,0.414288,0,0.0122231
84.25,0.733794,296.559,293.891,293.409,238.864,207.977,64.7078,435.553,378.913,220.065,9270.94,0.415098,0,0.0186561
84.75,0.730775,296.534,293.881,293.398,238.861,206.764,64.5173,433.26,378.913,220.065,9270.94,0.415907,0,0.0130076
85.25,0.727742,296.509,293.87,293.388,238.859,205.546,64.3263,430.956,378.913,220.065,9270.94,0.416717,0,0.016777
85.75,0.724695,296.485,293.859,293.377,238.857,204.321,64.1348,428.642,378.913,220.065,9270.94,0.417528,0,0.0132392
86.25,0.721633,296.46,293.849,293.366,238.855,203.081,63.9398,426.316,378.878,219.958,9270.94,0.418341,0,0.0153809
86.75,0.718558,296.434,293.838,293.355,238.852,201.842,63.7467,423.98,378.878,219.958,9270.94,0.419155,0,0.0131406
87.25,0.715468,296.409,293.827,293.345,238.85,200.598,63.5532,421.633,378.878,219.958,9270.94,0.419969,0,0.0143107
87.75,0.712364,296.384,293.816,293.334,238.848,199.348,63.3592,419.276,378.878,219.958,9270.94,0.420783,0,0.0128531
88.25,0.709246,296.358,293.805,293.322,238.846,198.081,63.1615,416.907,378.838,219.85,9270.94,0.4216,0,0.0134348
88.75,0.706114,296.332,293.794,293.311,238.844,196.816,62.9659,414.529,378.838,219.85,9270.94,0.422418,0,0.0124601
89.25,0.702968,296.306,293.782,293.3,238.841,195.547,62.77,412.139,378.838,219.85,9270.94,0.423235,0,0.0126999
89.75,0.699809,296.28,293.771,293.289,238.839,194.272,62.5736,409.739,378.838,219.85,9270.94,0.424053,0,0.0120147
90.25,0.696636,296.253,293.76,293.277,238.837,192.979,62.3734,407.329,378.793,219.741,9270.94,0.424874,0,0.0120508
90.75,0.693449,296.227,293.748,293.266,238.835,191.688,62.1754,404.908,378.793,219.741,9270.94,0.425695,0,0.0115467
91.25,0.690248,296.2,293.736,293.254,238.833,190.394,61.9771,402.477,378.793,219.741,9270.94,0.426517,0,0.0114697
91.75,0.687034,296.174,293.724,293.242,238.863,189.094,61.7784,400.036,378.793,219.741,9270.94,0.417326,0,1.05458
92.25,0.683806,296.136,293.713,293.231,238.859,186.979,62.3639,397.584,377.903,219.886,9270.94,0.418129,0,0
92.75,0.680565,296.108,293.701,293.219,238.855,185.554,62.1554,395.123,377.903,219.886,9270.94,0.418963,0,0
93.25,0.677311,296.081,293.689,293.207,238.852,184.211,61.9519,392.651,377.903,219.886,9270.94,0.419797,0,0.00138865
93.75,0.674043,296.053,293.677,293.195,238.848,182.875,61.7487,390.169,377.903,219.886,9270.94,0.420631,0,0.00292154
94.25,0.670762,296.025,293.665,293.183,238.845,181.525,61.5416,387.677,377.857,219.733,9270.94,0.421469,0,0.00183513
94.75,0.667468,295.997,293.653,293.171,238.841,180.18,61.3372,385.175,377.857,219.733,9270.94,0.422307,0,0.00248456
95.25,0.664161,295.969,293.64,293.158,238.838,178.834,61.1328,382.662,377.857,219.733,9270.94,0.423145,0,0.0019911
95.75,0.66084,295.941,293.628,293.146,238.835,177.482,60.928,380.14,377.857,219.733,9270.94,0.423984,0,0.00225288
96.25,0.657507,295.912,293.616,293.134,238.832,176.109,60.7191,377.609,377.804,219.592,9270.94,0.424825,0,0.0020154
96.75,0.654161,295.884,293.603,293.121,238.829,174.743,60.5128,375.067,377.804,219.592,9270.94,0.425667,0,0.00211175
97.25,0.650802,295.855,293.591,293.109,238.825,173.374,60.3064,372.516,377.804,219.592,9270.94,0.426509,0,0.00198969
97.75,0.64743,295.827,293.578,293.096,238.822,172.055,60.1034,370.07,377.804,219.592,9270.94,0.427351,0,0.00201393
98.25,0.644045,295.799,293.565,293.083,238.819,170.736,59.8978,367.652,377.744,219.455,9270.94,0.428195,0,0.00194344
98.75,0.640648,295.771,293.553,293.071,238.817,169.43,59.6953,365.225,377.744,219.455,9270.94,0.429039,0,0.00193689
99.25,0.637238,295.743,293.54,293.058,238.814,168.124,59.493,362.789,377.744,219.455,9270.94,0.429883,0,0.00188963
99.75,0.633816,295.714,293.527,293.045,238.811,166.812,59.2904,360.343,377.744,219.455,9270.94,0.430727,0,0.00187055
100.25,0.630381,295.685,293.514,293.032,238.808,165.475,59.0835,357.889,377.679,219.322,9270.94,0.431573,0,0.00183655
100.75,0.626934,295.657,293.501,293.019,238.805,164.149,58.8797,355.426,377.679,219.322,9270.94,0.432419,0,0.00181133
101.25,0.623474,295.628,293.488,293.006,238.802,162.822,58.6759,352.955,377.679,219.322,9270.94,0.433264,0,0.0017816
101.75,0.620002,295.599,293.475,292.993,238.8,161.49,58.4719,350.474,377.679,219.322,9270.94,0.43411,0,0.00175608
102.25,0.616518,295.569,293.462,292.98,238.797,160.129,58.2634,347.985,377.608,219.192,9270.94,0.434958,0,0.00173342
102.75,0.613022,295.54,293.448,292.967,238.794,158.782,58.0582,345.487,377.608,219.192,9270.94,0.435806,0,0.00170553
103.25,0.609514,295.511,293.435,292.953,238.792,157.433,57.8529,342.981,377.608,219.192,9270.94,0.436653,0,0.00168223
103.75,0.605994,295.482,293.422,292.94,238.789,156.08,57.6475,340.466,377.608,219.192,9270.94,0.437501,0,0.0127919
104.25,0.602462,295.451,293.408,292.927,238.787,154.692,57.4372,337.942,377.527,219.067,9270.94,0.438351,0,0.0131753
104.75,0.598918,295.422,293.395,292.913,238.785,153.323,57.2304,335.41,377.527,219.067,9270.94,0.4392,0,0.0123965
105.25,0.595363,295.392,293.381,292.9,238.783,151.953,57.0237,332.87,377.527,219.067,9270.94,0.44005,0,0.0125198
105.75,0.591795,295.362,293.368,292.886,238.78,150.578,56.8168,330.321,377.527,219.067,9270.94,0.4409,0,0.0119637
106.25,0.588216,295.331,293.354,292.873,238.778,149.159,56.6043,327.764,377.425,218.953,9270.94,0.441752,0,0.0119439
106.75,0.584626,295.301,293.34,292.859,238.776,147.767,56.396,325.199,377.425,218.953,9270.94,0.442604,0,0.0115198
107.25,0.581024,295.27,293.327,292.845,238.774,146.375,56.1878,322.626,377.425,218.953,9270.94,0.443455,0,0.0114146
107.75,0.577411,295.24,293.313,292.831,238.771,144.979,55.9795,320.044,377.425,218.953,9270.94,0.444307,0,0.0110766
108.25,0.573786,295.208,293.299,292.818,238.769,143.536,55.7655,317.454,377.317,218.838,9270.94,0.445161,0,0.0109349
108.75,0.57015,295.177,293.285,292.804,238.767,142.123,55.5557,314.856,377.317,218.838,9270.94,0.446016,0,0.010645
109.25,0.566503,295.146,293.271,292.79,238.765,140.71,55.3461,312.25,377.317,218.838,9270.94,0.44687,0,0.0104766
109.75,0.562844,295.115,293.257,292.776,238.762,139.292,55.1364,309.637,377.317,218.838,9270.94,0.447724,0,0.0102257
110.25,0.559175,295.083,293.243,292.762,238.76,137.827,54.9208,307.015,377.205,218.722,9270.94,0.44858,0,0.0100583
110.75,0.555494,295.052,293.229,292.747,238.758,136.392,54.7096,304.386,377.205,218.722,9270.94,0.449437,0,0.00982499
111.25,0.551803,295.02,293.214,292.733,238.756,134.958,54.4987,301.748,377.205,218.722,9270.94,0.450293,0,0.00964922
111.75,0.548101,294.988,293.2,292.719,238.753,133.52,54.2876,299.103,377.205,218.722,9270.94,0.451149,0,0.00943907
112.25,0.544388,294.956,293.186,292.705,238.751,132.031,54.0705,296.45,377.087,218.604,9270.94,0.452008,0,0.00927749
112.75,0.540664,294.924,293.171,292.69,238.749,130.575,53.8579,293.79,377.087,218.604,9270.94,0.452867,0,0.00907319
113.25,0.53693,294.892,293.157,292.676,238.747,129.121,53.6457,291.122,377.087,218.604,9270.94,0.453726,0,0.00890774
113.75,0.533185,294.859,293.142,292.661,238.745,127.662,53.4332,288.446,377.087,218.604,9270.94,0.454585,0,0.00872152
114.25,0.52943,294.826,293.128,292.647,238.742,126.15,53.2146,285.763,376.964,218.486,9270.94,0.455446,0,0.0085752
114.75,0.525664,294.793,293.113,292.632,238.74,124.673,53.0007,283.073,376.964,218.486,9270.94,0.456307,0,0.00838958
115.25,0.521888,294.761,293.098,292.617,238.738,123.199,52.7871,280.375,376.964,218.486,9270.94,0.457168,0,0.00823925
115.75,0.518102,294.728,293.084,292.603,238.736,121.72,52.5734,277.67,376.964,218.486,9270.94,0.458029,0,0.00807031
116.25,0.514306,294.694,293.069,292.588,238.733,120.185,52.3533,274.958,376.835,218.367,9270.94,0.458893,0,0.00794117
116.75,0.510499,294.661,293.054,292.573,238.732,118.688,52.1381,272.238,376.835,218.367,9270.94,0.459757,0,0.0258165
117.25,0.506683,294.627,293.044,292.563,238.73,117.193,51.9232,269.511,376.835,218.367,9270.94,0.460285,0,0.0383175
117.75,0.502856,294.598,293.038,292.557,238.729,115.56,51.7419,266.777,376.835,218.367,9270.94,0.460583,0,0.0452707
118.25,0.49902,294.571,293.034,292.553,238.727,113.855,51.5814,264.097,376.701,218.271,9270.94,0.461285,0,0.00955524
118.75,0.495173,294.548,293.019,292.538,238.727,112.295,51.4057,261.589,376.701,218.271,9270.94,0.461602,0,0.0692893
119.25,0.491318,294.516,293.014,292.533,238.724,110.994,51.2488,259.074,376.701,218.271,9270.94,0.462317,0,0.0070792
119.75,0.487452,294.492,293.006,292.525,238.724,109.412,51.0689,256.553,376.701,218.271,9270.94,0.46223,0,0.0839413
120.25,0.483577,294.464,293,292.519,238.722,107.893,50.9454,254.025,376.575,218.199,9270.94,0.462966,0,0.00681592
120.75,0.479692,294.439,292.993,292.512,238.719,106.365,50.7651,251.492,376.575,218.199,9270.94,0.463712,0,0.00969118
121.25,0.475798,294.414,292.979,292.498,238.72,104.875,50.5855,248.952,376.575,218.199,9270.94,0.463465,0,0.112857
121.75,0.471895,294.383,292.972,292.491,238.718,103.52,50.4731,246.406,376.575,218.199,9270.94,0.464224,0,0.00645478
122.25,0.467982,294.356,292.965,292.484,238.715,101.934,50.2815,243.854,376.471,218.116,9270.94,0.464997,0,0.00633785
122.75,0.46406,294.33,292.957,292.476,238.713,100.436,50.0965,241.296,376.471,218.116,9270.94,0.465777,0,0.0178744
123.25,0.460129,294.304,292.944,292.464,238.715,98.9537,49.9109,238.732,376.471,218.116,9270.94,0.464977,0,0.14807
123.75,0.456189,294.273,292.936,292.455,238.712,97.5234,49.8414,236.163,376.471,218.116,9270.94,0.465771,0,0.0060113
124.25,0.45224,294.244,292.927,292.446,238.71,95.9336,49.643,233.587,376.316,218.041,9270.94,0.466578,0,0.00590458
124.75,0.448282,294.217,292.918,292.437,238.707,94.4372,49.4517,231.006,376.316,218.041,9270.94,0.467393,0,0.00580493
125.25,0.444315,294.189,292.909,292.428,238.705,92.9558,49.2599,228.419,376.316,218.041,9270.94,0.468214,0,0.0199433
125.75,0.44034,294.161,292.898,292.417,238.708,91.478,49.067,225.826,376.316,218.041,9270.94,0.466829,0,0.190976
126.25,0.436356,294.129,292.888,292.407,238.706,89.853,49.0346,223.227,376.115,217.976,9270.94,0.467669,0,0.00551157
126.75,0.432363,294.1,292.878,292.397,238.703,88.3424,48.836,220.623,376.115,217.976,9270.94,0.468518,0,0.0054212
127.25,0.428362,294.07,292.867,292.386,238.7,86.8591,48.6378,218.014,376.115,217.976,9270.94,0.469374,0,0.0053308
127.75,0.424352,294.041,292.856,292.375,238.697,85.3792,48.4386,215.399,376.115,217.976,9270.94,0.470237,0,0.00524352
128.25,0.420334,294.01,292.844,292.364,238.695,83.8817,48.234,212.778,376.052,217.857,9270.94,0.471111,0,0.0147723
128.75,0.416308,293.98,292.833,292.352,238.693,82.3985,48.0314,210.152,376.052,217.857,9270.94,0.471991,0,0.0271721
129.25,0.412274,293.949,292.821,292.34,238.691,80.9185,47.8279,207.521,376.052,217.857,9270.94,0.472877,0,0.0157799
129.75,0.408231,293.918,292.808,292.327,238.696,79.438,47.6232,204.884,376.052,217.857,9270.94,0.470431,0,0.273982
130.25,0.404181,293.882,292.795,292.315,238.693,77.6926,47.6614,202.243,375.719,217.811,9270.94,0.471332,0,0.00483947
130.75,0.400122,293.85,292.782,292.302,238.69,76.1624,47.4501,199.596,375.719,217.811,9270.94,0.472244,0,0.00476506
131.25,0.396056,293.818,292.769,292.288,238.687,74.668,47.2401,196.944,375.719,217.811,9270.94,0.473163,0,0.00469182
131.75,0.391982,293.785,292.756,292.275,238.684,73.1774,47.0293,194.286,375.719,217.811,9270.94,0.474087,0,0.00461889
132.25,0.3879,293.752,292.742,292.261,238.682,71.6467,46.8117,191.624,375.608,217.682,9270.94,0.475022,0,0.00456825
132.75,0.383811,293.718,292.728,292.247,238.679,70.1485,46.5977,188.957,375.608,217.682,9270.94,0.475962,0,0.00448705
133.25,0.379714,293.685,292.713,292.233,238.676,68.6556,46.3831,186.285,375.608,217.682,9270.94,0.476908,0,0.00524971
133.75,0.375609,293.651,292.699,292.218,238.674,67.1621,46.1675,183.608,375.608,217.682,9270.94,0.477859,0,0.0318738
134.25,0.371497,293.616,292.684,292.203,238.671,65.6094,45.944,180.926,375.463,217.564,9270.94,0.47882,0,0.00851254
134.75,0.367378,293.581,292.669,292.188,238.669,64.1029,45.7251,178.24,375.463,217.564,9270.94,0.479786,0,0.027625
135.25,0.363252,293.546,292.653,292.173,238.667,62.6032,45.5057,175.549,375.463,217.564,9270.94,0.480758,0,0.0107281
135.75,0.359119,293.511,292.638,292.157,238.664,61.1027,45.2854,172.853,375.463,217.564,9270.94,0.481735,0,0.024354
136.25,0.354978,293.474,292.622,292.141,238.662,59.5268,45.0561,170.152,375.283,217.451,9270.94,0.482722,0,0.0121633
136.75,0.350831,293.438,292.605,292.125,238.66,58.0103,44.8323,167.447,375.283,217.451,9270.94,0.483713,0,0.0218157
137.25,0.346676,293.403,292.589,292.109,238.657,56.6142,44.6161,164.973,375.283,217.451,9270.94,0.484709,0,0.013038
137.75,0.342515,293.369,292.572,292.092,238.655,55.2625,44.4023,162.553,375.283,217.451,9270.94,0.485708,0,0.0198229
138.25,0.338347,293.333,292.556,292.075,238.652,53.8352,44.1799,160.13,375.087,217.337,9270.94,0.486716,0,0.0135115
138.75,0.334173,293.298,292.538,292.058,238.65,52.4773,43.9639,157.702,375.087,217.337,9270.94,0.487727,0,0.0182371
139.25,0.329992,293.263,292.521,292.041,238.647,51.1307,43.7483,155.271,375.087,217.337,9270.94,0.488741,0,0.0136905
139.75,0.325804,293.228,292.504,292.024,238.645,49.7847,43.5321,152.836,375.087,217.337,9270.94,0.489759,0,0.0169496
140.25,0.32161,293.191,292.486,292.006,238.642,48.3487,43.3066,150.397,374.876,217.223,9270.94,0.490784,0,0.0136781
140.75,0.31741,293.155,292.469,291.988,238.64,46.9857,43.0877,147.955,374.876,217.223,9270.94,0.491813,0,0.0158893
141.25,0.313203,293.119,292.451,291.971,238.637,45.6337,42.8691,145.508,374.876,217.223,9270.94,0.492845,0,0.0135143
141.75,0.30899,293.082,292.433,291.953,238.635,44.2817,42.65,143.059,374.876,217.223,9270.94,0.49388,0,0.0149935
142.25,0.304771,293.044,292.414,291.934,238.632,42.8331,42.4211,140.606,374.653,217.107,9270.94,0.494923,0,0.0132749
142.75,0.300547,293.007,292.396,291.916,238.63,41.462,42.1992,138.149,374.653,217.107,9270.94,0.495969,0,0.0142279
143.25,0.296316,292.97,292.377,291.897,238.627,40.1024,41.9776,135.689,374.653,217.107,9270.94,0.497017,0,0.0129559
143.75,0.29208,292.933,292.358,291.878,238.625,38.7427,41.7556,133.225,374.653,217.107,9270.94,0.498069,0,0.0135547
144.25,0.287837,292.894,292.339,291.859,238.622,37.2806,41.5234,130.759,374.418,216.988,9270.94,0.499128,0,0.0126237
144.75,0.283589,292.856,292.32,291.84,238.62,35.9004,41.2984,128.288,374.418,216.988,9270.94,0.50019,0,0.0129601
145.25,0.279336,292.818,292.301,291.821,238.617,34.5325,41.0739,125.815,374.418,216.988,9270.94,0.501255,0,0.0122458
145.75,0.275077,292.779,292.281,291.802,238.615,33.1645,40.849,123.339,374.418,216.988,9270.94,0.502323,0,0.0124194
146.25,0.270813,292.739,292.262,291.782,238.612,31.6886,40.6133,120.859,374.17,216.866,9270.94,0.503398,0,0.0118886
146.75,0.266543,292.7,292.242,291.762,238.61,30.2987,40.3853,118.376,374.17,216.866,9270.94,0.504475,0,0.0119302
147.25,0.262268,292.661,292.222,291.742,238.607,28.9221,40.1578,115.89,374.17,216.866,9270.94,0.505556,0,0.0114995
147.75,0.257988,292.621,292.202,291.722,238.605,27.5454,39.9298,113.401,374.17,216.866,9270.94,0.506639,0,0.011474
148.25,0.253703,292.58,292.182,291.702,238.602,26.0554,39.6906,110.91,373.911,216.742,9270.94,0.507729,0,0.0111498
148.75,0.249413,292.54,292.161,291.682,238.6,24.6741,39.4607,108.454,373.911,216.742,9270.94,0.508822,0,0.0110551
149.25,0.245118,292.502,292.141,291.661,238.597,23.4264,39.24,106.241,373.911,216.742,9270.94,0.509916,0,0.0107722
149.75,0.240818,292.464,292.12,291.641,238.594,22.1988,39.0205,104.025,373.911,216.742,9270.94,0.511011,0,0.0106581
150.25,0.236513,292.423,292.099,291.62,238.592,20.8572,38.7901,101.808,373.64,216.618,7026.68,0.512112,0,0.0104439
150.75,0.232204,292.385,292.079,291.599,238.589,19.6128,38.5682,99.5874,373.64,216.618,7026.68,0.513214,0,0.0102905
151.25,0.22789,292.346,292.058,291.578,238.587,18.3849,38.3472,97.3648,373.64,216.618,7026.68,0.514317,0,0.0100873
151.75,0.223572,292.308,292.037,291.557,238.584,17.1586,38.126,95.1399,373.64,216.618,7026.68,0.515421,0,0.0099377
152.25,0.219249,292.266,292.016,291.536,238.581,15.8101,37.8931,92.9127,373.361,216.495,7026.68,0.51653,0,0.00978524
152.75,0.214922,292.227,291.994,291.515,238.579,14.5602,37.6686,90.6833,373.361,216.495,7026.68,0.517641,0,0.00960989
153.25,0.210591,292.187,291.973,291.494,238.576,13.3267,37.4447,88.4517,373.361,216.495,7026.68,0.518752,0,0.0196327
153.75,0.206256,292.148,291.956,291.476,238.575,12.0946,37.2198,86.218,373.361,216.495,7026.68,0.519608,0,0.0337442
154.25,0.201916,292.108,291.941,291.461,238.572,10.6424,37.0031,83.9822,373.067,216.378,7026.68,0.520628,0,0.0134128
154.75,0.197573,292.073,291.922,291.443,238.571,9.26389,36.7871,81.7444,373.067,216.378,7026.68,0.521186,0,0.0578326
155.25,0.193226,292.034,291.906,291.427,238.568,8.00012,36.6057,79.5045,373.067,216.378,7026.68,0.522225,0,0.0114368
155.75,0.188875,291.998,291.89,291.411,238.566,6.66215,36.3875,77.2628,373.067,216.378,7026.68,0.523276,0,0.015084
156.25,0.18452,291.96,291.873,291.394,238.564,5.25264,36.1571,75.0191,372.819,216.273,7026.68,0.524343,0,0.0299875
156.75,0.180162,291.923,291.856,291.377,238.561,3.9384,35.9326,72.7735,372.819,216.273,7026.68,0.525421,0,0.0160776
157.25,0.1758,291.885,291.838,291.359,238.562,2.64781,35.7052,70.5261,372.819,216.273,7026.68,0.524954,0,0.113864
157.75,0.171434,291.845,291.82,291.341,238.559,1.34052,35.5826,68.2769,372.819,216.273,7026.68,0.526051,0,0.0112949
158.25,0.167066,291.808,291.802,291.323,238.556,0.0967694,35.1016,66.222,372.493,216.183,7026.68,0.529528,0,0.0112223
158.75,0.162694,291.78,291.783,291.305,238.553,-0.192446,33.2878,64.2615,372.493,216.183,7026.68,0.530851,0,0.0111449
159.25,0.158318,291.743,291.761,291.287,238.551,-0.399115,31.9058,62.2996,372.493,216.183,7026.68,0.537369,0,0.0110879
159.75,0.15394,291.75,291.744,291.269,238.549,-0.376032,29.9854,60.3362,372.493,216.183,7026.68,0.558484,0,0.0278447
160.25,0.149559,291.683,291.716,291.251,238.546,-0.744338,29.7064,58.3715,372.238,216.1,7026.68,0.559683,0,0.0156292
160.75,0.145174,291.609,291.687,291.233,238.544,-1.23964,29.4299,56.4055,372.238,216.1,7026.68,0.560893,0,0.0259661
161.25,0.140787,291.532,291.656,291.215,238.542,-1.7777,29.139,54.4382,372.238,216.1,7026.68,0.562124,0,0.0161838
161.75,0.136397,291.475,291.629,291.197,238.539,-2.13159,27.7503,52.4696,372.238,216.1,7026.68,0.575519,0,0.0243644
162.25,0.132005,291.412,291.593,291.179,238.537,-2.3404,26.3585,50.4999,371.874,215.934,7026.68,0.585353,0,0.0166017
162.75,0.12761,291.342,291.555,291.16,238.535,-2.63361,25.5866,48.529,371.874,215.934,7026.68,0.593777,0,0.022988
163.25,0.123212,291.267,291.515,291.142,238.532,-2.94978,24.8798,46.5569,371.874,215.934,7026.68,0.601286,0,0.0167873
163.75,0.118812,291.197,291.474,291.124,238.53,-3.19573,23.8289,44.5838,371.874,215.934,7026.68,0.607721,0,0.0217918
164.25,0.114409,291.103,291.426,291.106,238.528,-3.41042,23.2029,42.6097,371.406,215.77,7026.68,0.613724,0,0.0169182
164.75,0.110005,291.012,291.378,291.088,238.525,-3.72499,22.6251,40.6345,371.406,215.77,7026.68,0.619461,0,0.0207641
165.25,0.105598,290.92,291.328,291.069,238.523,-4.04538,22.0652,38.6583,371.406,215.77,7026.68,0.624963,0,0.0168768
165.75,0.101189,290.826,291.276,291.051,238.521,-4.37036,21.5194,36.6813,371.406,215.77,7026.68,0.63021,0,0.0198551
166.25,0.0967781,290.717,291.217,291.032,238.518,-4.55295,20.9423,34.8982,370.815,215.56,7026.68,0.63535,0,0.0168493
166.75,0.0923653,290.619,291.16,291.014,238.516,-4.84041,20.4225,33.1863,370.815,215.56,7026.68,0.640139,0,0.0190649
167.25,0.0879506,290.523,291.102,290.995,238.514,-5.12256,19.935,31.4738,370.815,215.56,7026.68,0.644693,0,0.0166535
167.75,0.0835343,290.427,291.044,290.975,238.511,-5.40377,19.4659,29.7605,370.815,215.56,7026.68,0.649088,0,0.0183493
168.25,0.0791163,290.31,290.978,290.954,238.509,-5.60137,18.9479,28.0466,370.113,215.338,7026.68,0.653564,0,0.016528
168.75,0.0746968,290.205,290.914,290.933,238.507,-5.8924,18.4726,26.3321,370.113,215.338,5273.21,0.657882,0,0.0177318
169.25,0.0702757,290.102,290.85,290.912,238.504,-6.17666,18.0179,24.6171,370.113,215.338,5273.21,0.662095,0,0.0162504
169.75,0.0658533,289.999,290.785,290.89,238.502,-6.45832,17.5744,22.9015,370.113,215.338,5273.21,0.666218,0,0.0171585
170.25,0.0614296,289.875,290.713,290.867,238.5,-6.67067,17.075,21.1854,369.326,215.102,5273.21,0.670462,0,0.0160779
170.75,0.0570047,289.763,290.642,290.845,238.497,-6.96296,16.619,19.4688,369.326,215.102,5273.21,0.674546,0,0.0166618
171.25,0.0525787,289.653,290.571,290.821,238.495,-7.24713,16.1846,17.7519,369.326,215.102,5273.21,0.678527,0,0.0157581
171.75,0.0481517,289.546,290.501,290.796,238.493,-7.51468,15.7661,16.1129,369.326,215.102,5273.21,0.682413,0,0.0161823
172.25,0.0437237,289.418,290.424,290.77,238.49,-7.70845,15.2966,14.5829,368.457,214.855,5273.21,0.686431,0,0.0155511
172.75,0.0392948,289.306,290.348,290.742,238.488,-7.96502,14.875,13.0527,368.457,214.855,4016.82,0.690295,0,0.0157527
173.25,0.0348652,289.197,290.274,290.714,238.485,-8.21048,14.4765,11.5221,368.457,214.855,4016.82,0.694073,0,0.0151964
173.75,0.0304349,289.089,290.2,290.685,238.483,-8.45106,14.0898,9.99139,368.457,214.855,339.934,0.697784,0,0.0153343
174.25,0.026004,288.958,290.119,290.654,238.481,-8.66671,13.6444,8.46043,367.53,214.608,339.934,0.701666,0,0.0149856
174.75,0.0215725,288.842,290.04,290.622,238.478,-8.92072,13.2422,6.9293,367.53,214.608,339.934,0.705417,0,0.0149688
175.25,0.0171407,288.731,289.962,290.59,238.476,-9.15076,12.8652,5.47299,367.53,214.608,339.934,0.709087,0,0.0146217
175.75,0.0127085,288.623,289.885,290.557,238.474,-9.36718,12.5026,4.0578,367.53,214.608,226.649,0.712692,0,0.0145872
176.25,0.00827608,288.49,289.801,290.523,238.471,-9.57474,12.082,2.64253,366.551,214.357,226.649,0.716478,0,0.0144047
176.75,0.00384348,288.375,289.719,290.488,238.469,-9.80381,11.705,1.22722,366.551,214.357,226.649,0.720129,0,0.0142531
177.25,0,288.267,289.639,290.453,238.466,-9.99153,11.3596,0,366.551,214.357,226.649,0.72368,0,0.0140073
177.75,0,288.19,289.566,290.417,238.464,-9.97948,11.0932,0,366.551,214.357,226.649,0.72697,0,0.0136344
178.25,0,288.098,289.492,290.38,238.462,-9.98091,10.8054,0,365.548,214.123,226.649,0.730305,0,0.0134177
178.75,0,288.029,289.423,290.343,238.46,-9.94004,10.573,0,365.548,214.123,226.649,0.733422,0,0.0130121
179.25,0,287.968,289.357,290.305,238.457,-9.87783,10.3713,0,365.548,214.123,226.649,0.736398,0,0.0127354
179.75,0,287.912,289.295,290.267,238.455,-9.80475,10.1868,0,365.548,214.123,226.649,0.739258,0,0.0123933
180.25,0,287.84,289.232,290.228,238.453,-9.88468,9.97099,0,364.649,213.966,226.649,0.742134,0,0.0121843
180.75,0,287.785,289.173,290.19,238.451,-9.82624,9.78709,0,364.649,213.966,226.649,0.744864,0,0.011817
181.25,0,287.735,289.116,290.151,238.449,-9.75415,9.62331,0,364.649,213.966,226.649,0.747499,0,0.011572
181.75,0,287.688,289.062,290.112,238.447,-9.67579,9.47041,0,364.649,213.966,226.649,0.750053,0,0.0112539
182.25,0,287.626,289.006,290.073,238.445,-9.75307,9.28866,0,363.847,213.835,226.649,0.752632,0,0.0110679
182.75,0,287.578,288.953,290.034,238.443,-9.69164,9.13184,0,363.847,213.835,226.649,0.755095,0,0.0107302
183.25,0,287.534,288.902,289.995,238.441,-9.61923,8.99096,0,363.847,213.835,226.649,0.757483,0,0.0105138
183.75,0,287.493,288.853,289.956,238.439,-9.54204,8.8584,0,363.847,213.835,226.649,0.759809,0,0.0102199
184.25,0,287.438,288.802,289.917,238.437,-9.61373,8.69913,0,363.115,213.72,226.649,0.762165,0,0.0100564
184.75,0,287.395,288.754,289.879,238.435,-9.553,8.56104,0,363.115,213.72,226.649,0.764422,0,0.00974558
185.25,0,287.356,288.707,289.84,238.433,-9.48265,8.43652,0,363.115,213.72,226.649,0.766618,0,0.00955388
185.75,0,287.318,288.662,289.802,238.431,-9.40825,8.31887,0,363.115,213.72,226.649,0.76876,0,0.00928343
186.25,0,287.268,288.615,289.764,238.43,-9.47474,8.1764,0,362.438,213.615,226.649,0.770937,0,0.00913989
186.75,0,287.229,288.571,289.726,238.428,-9.41586,8.05259,0,362.438,213.615,226.649,0.773025,0,0.00885412
187.25,0,287.193,288.527,289.689,238.426,-9.34826,7.94078,0,362.438,213.615,226.649,0.77506,0,0.0106067
187.75,0,287.158,288.485,289.651,238.425,-9.27704,7.83486,0,362.438,213.615,226.649,0.777049,0,0.0151388
188.25,0,287.111,288.442,289.614,238.423,-9.34008,7.70548,0,361.801,213.52,226.649,0.779076,0,0.0167171
188.75,0,287.075,288.4,289.577,238.422,-9.28357,7.59305,0,361.801,213.52,226.649,0.781022,0,0.0170447
189.25,0,287.042,288.36,289.541,238.42,-9.21894,7.49148,0,361.801,213.52,226.649,0.78292,0,0.0163755
189.75,0,287.01,288.321,289.504,238.419,-9.15096,7.39512,0,361.801,213.52,226.649,0.784778,0,0.0159928
190.25,0,286.966,288.28,289.469,238.418,-9.21249,7.27605,0,361.188,213.435,226.649,0.786678,0,0.0157838
190.75,0,286.932,288.241,289.433,238.416,-9.15864,7.17281,0,361.188,213.435,226.649,0.788502,0,0.0154936
191.25,0,286.901,288.203,289.397,238.415,-9.09703,7.07966,0,361.188,213.435,226.649,0.790284,0,0.0152908
191.75,0,286.871,288.166,289.362,238.414,-9.03222,6.99123,0,361.188,213.435,226.649,0.792028,0,0.0150358
192.25,0,286.829,288.127,289.327,238.413,-9.09056,6.88119,0,360.606,213.355,226.649,0.793817,0,0.0148636
192.75,0,286.798,288.09,289.292,238.411,-9.03906,6.78588,0,360.606,213.355,226.649,0.795535,0,0.0145685
193.25,0,286.768,288.055,289.258,238.41,-8.98018,6.69993,0,360.606,213.355,226.649,0.797214,0,0.0132729
193.75,0,286.74,288.019,289.224,238.409,-8.91826,6.61829,0,360.606,213.355,226.649,0.798859,0,0.0151025
194.25,0,286.701,287.983,289.19,238.408,-8.9739,6.51605,0,360.051,213.279,226.649,0.80055,0,0.00836194
194.75,0,286.67,287.948,289.156,238.406,-8.92458,6.42759,0,360.051,213.279,226.649,0.802174,0,0.0182823
195.25,0,286.642,287.914,289.123,238.405,-8.86824,6.34786,0,360.051,213.279,226.649,0.803763,0,0.00592041
195.75,0,286.615,287.88,289.09,238.404,-8.80899,6.27209,0,360.051,213.279,226.649,0.80532,0,0.0202986
196.25,0,286.578,287.846,289.057,238.403,-8.86209,6.17668,0,359.522,213.206,226.649,0.806923,0,0.00566606
196.75,0,286.55,287.812,289.024,238.402,-8.8148,6.09422,0,359.522,213.206,226.649,0.808465,0,0.0181344
197.25,0,286.523,287.779,288.992,238.4,-8.76078,6.01993,0,359.522,213.206,226.649,0.809972,0,0.00538632
197.75,0,286.497,287.748,288.959,238.4,-8.70399,5.9493,0,359.522,213.206,226.649,0.811451,0,0.0216623
198.25,0,286.462,287.714,288.928,238.398,-8.75507,5.85985,0,359.014,213.137,226.649,0.812976,0,0.00515735
198.75,0,286.434,287.682,288.896,238.397,-8.70968,5.78264,0,359.014,213.137,226.649,0.814442,0,0.0083496
199.25,0,286.409,287.651,288.864,238.396,-8.65783,5.71313,0,359.014,213.137,226.649,0.815877,0,0.0198429
199.75,0,286.384,287.621,288.833,238.395,-8.6033,5.64705,0,359.014,213.137,226.649,0.817285,0,0.00476455
200.25,0,286.35,287.589,288.802,238.394,-8.65124,5.56321,0,358.533,213.069,226.649,0.818739,0,0.00860944
200.75,0,286.324,287.558,288.771,238.393,-8.60745,5.49083,0,358.533,213.069,226.649,0.820137,0,0.018257
201.25,0,286.3,287.528,288.741,238.392,-8.55753,5.42567,0,358.533,213.069,226.649,0.821505,0,0.00446715
201.75,0,286.276,287.499,288.71,238.391,-8.50506,5.36368,0,358.533,213.069,226.649,0.822849,0,0.00860279
202.25,0,286.243,287.468,288.68,238.39,-8.55186,5.28453,0,358.068,213.005,226.649,0.824238,0,0.0171389
202.75,0,286.218,287.439,288.65,238.388,-8.50976,5.21631,0,358.068,213.005,226.649,0.825574,0,0.00414405
203.25,0,286.195,287.41,288.621,238.387,-8.46171,5.15497,0,358.068,213.005,226.649,0.826882,0,0.00837855
203.75,0,286.172,287.382,288.591,238.386,-8.41119,5.09662,0,358.068,213.005,226.649,0.828168,0,0.00772767
204.25,0,286.141,287.353,288.562,238.386,-8.45635,5.02173,0,357.619,212.943,226.649,0.829498,0,0.0178463
204.75,0,286.117,287.324,288.533,238.384,-8.41577,4.95729,0,357.619,212.943,226.649,0.830778,0,0.0037763
205.25,0,286.094,287.296,288.504,238.383,-8.36944,4.89939,0,357.619,212.943,226.649,0.832031,0,0.00616238
205.75,0,286.072,287.269,288.475,238.382,-8.32072,4.84433,0,357.619,212.943,226.649,0.833263,0,0.00861037
206.25,0,286.042,287.241,288.446,238.381,-8.36457,4.77328,0,357.184,212.883,226.649,0.834539,0,0.00611022
206.75,0,286.019,287.214,288.418,238.381,-8.32543,4.71223,0,357.184,212.883,226.649,0.835768,0,0.0197724
207.25,0,285.997,287.187,288.39,238.38,-8.28071,4.65746,0,357.184,212.883,226.649,0.83697,0,0.00338693
207.75,0,285.976,287.16,288.362,238.378,-8.23366,4.60537,0,357.184,212.883,226.649,0.838152,0,0.00328519
208.25,0,285.946,287.133,288.334,238.378,-8.27599,4.53787,0,356.764,212.825,226.649,0.839379,0,0.0092561
208.75,0,285.924,287.107,288.306,238.376,-8.23815,4.47996,0,356.764,212.825,226.649,0.84056,0,0.00428861
209.25,0,285.903,287.081,288.279,238.376,-8.19491,4.42804,0,356.764,212.825,226.649,0.841715,0,0.00846466
209.75,0,285.882,287.055,288.252,238.375,-8.1494,4.37868,0,356.764,212.825,226.649,0.842852,0,0.00443179
210.25,0,285.854,287.029,288.224,238.374,-8.19003,4.31453,0,356.36,212.769,226.649,0.844032,0,0.00781104
210.75,0,285.832,287.003,288.198,238.373,-8.15335,4.25954,0,356.36,212.769,226.649,0.845168,0,0.00451386
211.25,0,285.812,286.978,288.171,238.372,-8.11146,4.21027,0,356.36,212.769,226.649,0.84628,0,0.00720707
211.75,0,285.792,286.953,288.144,238.371,-8.06738,4.16342,0,356.36,212.769,226.649,0.847374,0,0.00453622
212.25,0,285.765,286.928,288.118,238.37,-8.10685,4.10227,0,355.968,212.714,226.649,0.848512,0,0.00671241
212.75,0,285.744,286.903,288.091,238.369,-8.0713,4.04992,0,355.968,212.714,226.649,0.849606,0,0.00452248
213.25,0,285.724,286.878,288.065,238.368,-8.0307,4.00306,0,355.968,212.714,226.649,0.850678,0,0.00624092
213.75,0,285.705,286.854,288.039,238.367,-7.98797,3.95852,0,355.968,212.714,226.649,0.851732,0,0.0044697
214.25,0,285.678,286.83,288.013,238.366,-8.02632,3.90013,0,355.587,212.66,226.649,0.852829,0,0.00585907
214.75,0,285.657,286.805,287.988,238.365,-7.99185,3.85021,0,355.587,212.66,226.649,0.853885,0,0.00439777
215.25,0,285.638,286.782,287.962,238.364,-7.95246,3.80558,0,355.587,212.66,226.649,0.854919,0,0.00548164
215.75,0,285.62,286.759,287.937,238.363,-7.91098,3.76316,0,355.587,212.66,226.649,0.855936,0,0.00430069
216.25,0,285.594,286.734,287.912,238.363,-7.94837,3.70729,0,355.217,212.609,226.649,0.856997,0,0.00518052
216.75,0,285.574,286.711,287.886,238.362,-7.91491,3.6596,0,355.217,212.609,226.649,0.858016,0,0.00419571
217.25,0,285.555,286.688,287.861,238.361,-7.87665,3.61702,0,355.217,212.609,226.649,0.859015,0,0.00487056
217.75,0,285.537,286.665,287.837,238.36,-7.83637,3.57656,0,355.217,212.609,226.649,0.859998,0,0.00407473
218.25,0,285.512,286.642,287.812,238.359,-7.87291,3.52301,0,354.856,212.558,226.649,0.861023,0,0.00462798
218.75,0,285.492,286.619,287.787,238.358,-7.84041,3.47739,0,354.856,212.558,226.649,0.862009,0,0.00395318
219.25,0,285.474,286.596,287.763,238.357,-7.80324,3.4367,0,354.856,212.558,226.649,0.862975,0,0.00436716
219.75,0,285.457,286.574,287.739,238.357,-7.76407,3.39805,0,354.856,212.558,226.649,0.863926,0,0.00382152
220.25,0,285.432,286.551,287.715,238.356,-7.79969,3.34668,0,354.504,212.509,226.649,0.864919,0,0.00416777
220.75,0,285.413,286.529,287.691,238.355,-7.76809,3.30298,0,354.504,212.509,226.649,0.865873,0,0.00369393
221.25,0,285.395,286.507,287.667,238.354,-7.73192,3.26405,0,354.504,212.509,226.649,0.866808,0,0.00394347
221.75,0,285.378,286.486,287.643,238.353,-7.69381,3.2271,0,354.504,212.509,226.649,0.867728,0,0.00355992
222.25,0,285.354,286.463,287.619,238.352,-7.72858,3.17775,0,354.161,212.46,226.649,0.868691,0,0.00377669
222.75,0,285.336,286.442,287.596,238.352,-7.69783,3.13585,0,354.161,212.46,226.649,0.869615,0,0.00343283
223.25,0,285.318,286.421,287.572,238.351,-7.66261,3.09857,0,354.161,212.46,226.649,0.870521,0,0.0035802
223.75,0,285.302,286.4,287.549,238.35,-7.62549,3.06319,0,354.161,212.46,226.649,0.871413,0,0.00330156
224.25,0,285.278,286.378,287.526,238.349,-7.65948,3.01574,0,353.826,212.413,226.649,0.872346,0,0.00343867
224.75,0,285.26,286.357,287.503,238.348,-7.62952,2.97551,0,353.826,212.413,226.649,0.873243,0,0.00317887
225.25,0,285.243,286.336,287.48,238.348,-7.5952,2.93977,0,353.826,212.413,226.649,0.874122,0,0.00326393
225.75,0,285.227,286.315,287.457,238.347,-7.55902,2.90586,0,353.826,212.413,226.649,0.874986,0,0.00305328
226.25,0,285.204,286.294,287.435,238.346,-7.59226,2.86018,0,353.499,212.367,226.649,0.875893,0,0.00314248
226.75,0,285.186,286.273,287.412,238.345,-7.56306,2.82152,0,353.499,212.367,226.649,0.876763,0,0.00293717
227.25,0,285.17,286.253,287.39,238.344,-7.5296,2.78721,0,353.499,212.367,226.649,0.877616,0,0.00298522
227.75,0,285.154,286.233,287.367,238.344,-7.4943,2.75467,0,353.499,212.367,226.649,0.878455,0,0.00281883
228.25,0,285.132,286.212,287.345,238.343,-7.52685,2.71065,0,353.179,212.322,226.649,0.879335,0,0.00288016
228.75,0,285.114,286.192,287.323,238.342,-7.49837,2.67346,0,353.179,212.322,226.649,0.880181,0,0.00271037
229.25,0,285.098,286.172,287.301,238.341,-7.46571,2.6405,0,353.179,212.322,226.649,0.881009,0,0.0027373
229.75,0,285.083,286.153,287.279,238.34,-7.43126,2.60925,0,353.179,212.322,226.649,0.881824,0,0.00259996
230.25,0,285.061,286.132,287.257,238.34,-7.46316,2.56679,0,352.866,212.278,226.649,0.88268,0,0.00264594
230.75,0,285.044,286.112,287.236,238.339,-7.43536,2.53097,0,352.866,212.278,226.649,0.883502,0,0.00249954
231.25,0,285.028,286.093,287.214,238.338,-7.40347,2.49927,0,352.866,212.278,226.649,0.884307,0,0.00251523
231.75,0,285.013,286.074,287.193,238.337,-7.36982,2.46924,0,352.866,212.278,226.649,0.885099,0,0.00239721
232.25,0,284.991,286.054,287.171,238.337,-7.4011,2.42824,0,352.559,212.235,226.649,0.885933,0,0.00243554
232.75,0,284.975,286.034,287.15,238.336,-7.37395,2.39371,0,352.559,212.235,226.649,0.886732,0,0.00230479
233.25,0,284.959,286.015,287.129,238.335,-7.34279,2.3632,0,352.559,212.235,226.649,0.887515,0,0.00231528
233.75,0,284.944,285.997,287.108,238.334,-7.3099,2.3343,0,352.559,212.235,226.649,0.888286,0,0.00221036
234.25,0,284.923,285.977,287.087,238.334,-7.34059,2.29468,0,352.258,212.193,226.649,0.889097,0,0.00224571
234.75,0,284.907,285.958,287.066,238.333,-7.31407,2.26137,0,352.258,212.193,226.649,0.889876,0,0.00212566
235.25,0,284.892,285.939,287.045,238.332,-7.2836,2.23197,0,352.258,212.193,226.649,0.890638,0,0.00213458
235.75,0,284.877,285.921,287.024,238.332,-7.25143,2.20415,0,352.258,212.193,226.649,0.891388,0,0.00203877
236.25,0,284.856,285.902,287.004,238.331,-7.28158,2.16582,0,351.963,212.151,226.649,0.892179,0,0.00207389
236.75,0,284.841,285.883,286.983,238.33,-7.25564,2.13366,0,351.963,212.151,226.649,0.892937,0,0.00196136
237.25,0,284.826,285.865,286.963,238.329,-7.22584,2.10532,0,351.963,212.151,226.649,0.89368,0,0.00197083
237.75,0,284.811,285.847,286.942,238.329,-7.19436,2.0785,0,351.963,212.151,226.649,0.894411,0,0.00188156
238.25,0,284.791,285.828,286.922,238.328,-7.22398,2.0414,0,351.673,212.11,226.649,0.895181,0,0.00191802
238.75,0,284.775,285.81,286.902,238.327,-7.19861,2.01032,0,351.673,212.11,226.649,0.895921,0,0.00181096
239.25,0,284.761,285.792,286.882,238.326,-7.16943,1.98297,0,351.673,212.11,226.649,0.896644,0,0.00182214
239.75,0,284.747,285.774,286.862,238.326,-7.13861,1.95711,0,351.673,212.11,226.649,0.897357,0,0.00173775
240.25,0,284.727,285.756,286.842,238.325,-7.16774,1.92116,0,351.389,212.07,226.649,0.898109,0,0.00177636
240.75,0,284.712,285.738,286.822,238.324,-7.14291,1.89111,0,351.389,212.07,226.649,0.89883,0,0.00167346
241.25,0,284.697,285.72,286.802,238.324,-7.11433,1.8647,0,351.389,212.07,226.649,0.899536,0,0.00168695
241.75,0,284.683,285.703,286.783,238.323,-7.08414,1.83974,0,351.389,212.07,226.649,0.900231,0,0.00160633
242.25,0,284.664,285.685,286.763,238.322,-7.1128,1.80489,0,351.11,212.03,226.649,0.900965,0,0.00164749
242.75,0,284.649,285.667,286.744,238.321,-7.08848,1.7758,0,351.11,212.03,226.649,0.901668,0,0.00154785
243.25,0,284.635,285.65,286.724,238.321,-7.06048,1.75028,0,351.11,212.03,226.649,0.902357,0,0.00156391
243.75,0,284.621,285.633,286.705,238.32,-7.03089,1.72617,0,351.11,212.03,226.649,0.903035,0,0.00148631
244.25,0,284.602,285.615,286.686,238.319,-7.0591,1.69236,0,350.835,211.991,226.649,0.903752,0,0.00153012
244.75,0,284.587,285.598,286.666,238.319,-7.03528,1.66419,0,350.835,211.991,226.649,0.904439,0,0.00143316
245.25,0,284.573,285.581,286.647,238.318,-7.00783,1.63951,0,350.835,211.991,226.649,0.905112,0,0.00145183
245.75,0,284.56,285.564,286.628,238.317,-6.97882,1.6162,0,350.835,211.991,226.649,0.905774,0,0.00137675
246.25,0,284.541,285.547,286.609,238.317,-7.0066,1.58337,0,350.565,211.953,226.649,0.906475,0,0.00142317
246.75,0,284.526,285.53,286.591,238.316,-6.98325,1.55608,0,350.565,211.953,226.649,0.907146,0,0.00132848
247.25,0,284.513,285.513,286.572,238.315,-6.95633,1.53219,0,350.565,211.953,226.649,0.907804,0,0.00134967
247.75,0,284.5,285.497,286.553,238.315,-6.92787,1.50966,0,350.565,211.953,226.649,0.90845,0,0.00127676
248.25,0,284.481,285.479,286.534,238.314,-6.95524,1.47776,0,350.299,211.915,226.649,0.909136,0,0.00132566
248.75,0,284.467,285.463,286.516,238.313,-6.93234,1.45129,0,350.299,211.915,226.649,0.909792,0,0.00123294
249.25,0,284.453,285.446,286.497,238.312,-6.90593,1.42816,0,350.299,211.915,226.649,0.910434,0,0.00125653
249.75,0,284.44,285.43,286.479,238.312,-6.878,1.40635,0,350.299,211.915,226.649,0.911067,0,0.00118551
250.25,0,284.422,285.413,286.46,238.311,-6.90498,1.37535,0,350.037,211.878,226.649,0.911737,0,0.00123672
250.75,0,284.408,285.397,286.442,238.31,-6.88252,1.34966,0,350.037,211.878,226.649,0.912379,0,0.00114575
251.25,0,284.395,285.381,286.424,238.31,-6.85659,1.32725,0,350.037,211.878,226.649,0.913007,0,0.00117156
251.75,0,284.382,285.365,286.406,238.309,-6.82917,1.30613,0,350.037,211.878,226.649,0.913625,0,0.00110223
252.25,0,284.364,285.348,286.388,238.308,-6.85577,1.27597,0,349.779,211.842,226.649,0.914282,0,0.00115556
252.75,0,284.35,285.332,286.37,238.308,-6.83373,1.25103,0,349.779,211.842,226.649,0.91491,0,0.00106617
253.25,0,284.337,285.316,286.352,238.307,-6.80828,1.22931,0,349.779,211.842,226.649,0.915524,0,0.00109403
253.75,0,284.325,285.3,286.334,238.306,-6.78134,1.20885,0,349.779,211.842,226.649,0.916129,0,0.00102622
254.25,0,284.307,285.284,286.316,238.306,-6.80759,1.17949,0,349.525,211.806,226.649,0.916772,0,0.00108148
254.75,0,284.293,285.268,286.298,238.305,-6.78595,1.15527,0,349.525,211.806,226.649,0.917387,0,0.00099354
255.25,0,284.281,285.253,286.28,238.304,-6.76094,1.13419,0,349.525,211.806,226.649,0.917988,0,0.00102325
255.75,0,284.268,285.237,286.263,238.304,-6.73447,1.11435,0,349.525,211.806,226.649,0.91858,0,0.000956839
256.25,0,284.251,285.221,286.245,238.303,-6.76038,1.08577,0,349.275,211.77,226.649,0.91921,0,0.00101384
256.75,0,284.237,285.205,286.228,238.302,-6.73913,1.06222,0,349.275,211.77,226.649,0.919812,0,0.000927238
257.25,0,284.225,285.19,286.21,238.302,-6.71456,1.04177,0,349.275,211.77,226.649,0.920402,0,0.000958639
257.75,0,284.213,285.175,286.193,238.301,-6.68854,1.02252,0,349.275,211.77,226.649,0.920981,0,0.000893503
258.25,0,284.195,285.159,286.176,238.3,-6.71411,0.994669,0,349.028,211.735,226.649,0.921598,0,0.000952061
258.75,0,284.182,285.143,286.158,238.3,-6.69324,0.971768,0,349.028,211.735,226.649,0.922188,0,0.000866704
259.25,0,284.17,285.128,286.141,238.299,-6.66908,0.951907,0,349.028,211.735,226.649,0.922766,0,0.000899625
259.75,0,284.158,285.113,286.124,238.298,-6.6435,0.933234,0,349.028,211.735,226.649,0.923334,0,0.000835672
260.25,0,284.141,285.098,286.107,238.298,-6.66876,0.906079,0,348.784,211.7,226.649,0.923939,0,0.00089562
260.75,0,284.128,285.082,286.09,238.297,-6.64824,0.883795,0,348.784,211.7,226.649,0.924517,0,0.000811424
261.25,0,284.115,285.067,286.073,238.297,-6.62449,0.864499,0,348.784,211.7,226.649,0.925083,0,0.000845713
261.75,0,284.103,285.053,286.056,238.296,-6.59932,0.84637,0,348.784,211.7,226.649,0.92564,0,0.000782857
262.25,0,284.087,285.037,286.039,238.295,-6.62428,0.819884,0,348.544,211.666,226.649,0.926233,0,0.00084404
262.75,0,284.074,285.022,286.022,238.295,-6.60411,0.79819,0,348.544,211.666,226.649,0.926801,0,0.000760933
263.25,0,284.062,285.007,286.006,238.294,-6.58075,0.779434,0,348.544,211.666,226.649,0.927355,0,0.000796447
263.75,0,284.05,284.993,285.989,238.293,-6.55599,0.761823,0,348.544,211.666,226.649,0.927901,0,0.000734613
264.25,0,284.034,284.978,285.972,238.293,-6.58065,0.735977,0,348.306,211.632,226.649,0.928484,0,0.000796888
264.75,0,284.021,284.963,285.956,238.292,-6.56082,0.714848,0,348.306,211.632,226.649,0.92904,0,0.000714804
265.25,0,284.009,284.948,285.939,238.291,-6.53782,0.696608,0,348.306,211.632,226.649,0.929584,0,0.000751413
265.75,0,283.997,284.934,285.923,238.291,-6.51345,0.679492,0,348.306,211.632,226.649,0.93012,0,0.000690533
266.25,0,283.981,284.919,285.906,238.29,-6.53784,0.65426,0,348.072,211.598,226.649,0.930692,0,0.000753769
266.75,0,283.968,284.904,285.89,238.289,-6.51832,0.63367,0,348.072,211.598,226.649,0.931238,0,0.00067265
267.25,0,283.957,284.89,285.874,238.289,-6.49569,0.615924,0,348.072,211.598,226.649,0.931772,0,0.000710235
267.75,0,283.945,284.876,285.858,238.288,-6.4717,0.599282,0,348.072,211.598,226.649,0.932297,0,0.000650248
268.25,0,283.929,284.861,285.841,238.288,-6.49581,0.574638,0,347.84,211.565,226.649,0.932859,0,0.000714324
268.75,0,283.917,284.847,285.825,238.287,-6.47661,0.554566,0,347.84,211.565,226.649,0.933395,0,0.000634119
269.25,0,283.905,284.832,285.809,238.286,-6.45433,0.537292,0,347.84,211.565,226.649,0.933919,0,0.00067257
269.75,0,283.894,284.819,285.793,238.286,-6.4307,0.521105,0,347.84,211.565,226.649,0.934435,0,0.00061342
270.25,0,283.878,284.804,285.777,238.285,-6.45455,0.497024,0,347.612,211.533,226.649,0.934987,0,0.000678228
270.75,0,283.866,284.79,285.761,238.284,-6.43566,0.477448,0,347.612,211.533,226.649,0.935513,0,0.000598888
271.25,0,283.854,284.776,285.745,238.284,-6.41371,0.460627,0,347.612,211.533,226.649,0.936028,0,0.000638106
271.75,0,283.843,284.762,285.729,238.283,-6.39044,0.444874,0,347.612,211.533,226.649,0.936534,0,0.000579743
272.25,0,283.828,284.747,285.714,238.283,-6.41403,0.421334,0,347.386,211.5,226.649,0.937076,0,0.000645184
272.75,0,283.815,284.733,285.698,238.282,-6.39543,0.402234,0,347.386,211.5,226.649,0.937594,3.52333e-08,0.000566665
273.25,0,283.804,284.72,285.682,238.281,-6.37381,0.385848,0,347.386,211.5,226.649,0.938099,3.24214e-07,0.00060656
273.75,0,283.795,284.706,285.667,238.281,-6.3471,0.358287,0,347.386,211.5,226.649,0.938572,9.6714e-06,0.000548937
274.25,0,283.782,284.692,285.651,238.28,-6.36474,0.315088,0,347.162,211.469,226.649,0.939045,2.68104e-05,0.000614283
274.75,0,283.771,284.679,285.636,238.279,-6.34036,0.283422,0,347.162,211.469,226.649,0.939487,3.93559e-05,0.000537048
275.25,0,283.761,284.665,285.62,238.279,-6.31518,0.259734,0,347.162,211.469,226.649,0.93992,4.81099e-05,0.000577158
275.75,0,283.751,284.652,285.605,238.278,-6.28701,0.232193,0,347.162,211.469,226.649,0.940333,6.03828e-05,0.000520553
276.25,0,283.738,284.639,285.589,238.278,-6.30384,0.182902,0,346.944,211.44,226.649,0.940709,8.51942e-05,0.000591361
276.75,0,283.728,284.626,285.574,238.277,-6.28386,0.158773,0,346.944,211.44,226.649,0.94108,9.51486e-05,0.00051996
277.25,0,283.718,284.613,285.559,238.276,-6.26016,0.134147,0,346.944,211.44,226.649,0.94145,0.000106713,0.000560016
277.75,0,283.708,284.601,285.543,238.276,-6.23619,0.114126,0,346.944,211.44,226.649,0.94182,0.000115435,0.000505696
278.25,0,283.695,284.588,285.528,238.275,-6.25267,0.0665459,0,346.733,211.411,226.649,0.942168,0.000140965,0.000573778
278.75,0,283.685,284.575,285.513,238.275,-6.23321,0.0443463,0,346.733,211.411,226.649,0.942507,0.000150731,0.00050375
279.25,0,283.678,284.564,285.498,238.274,-6.20719,0.0783465,0,346.733,211.411,226.649,0.942854,0.00029413,0.000561367
279.75,0,283.668,284.552,285.483,238.273,-6.18982,0.0525767,0,346.733,211.411,226.649,0.943191,0.000305836,0.000509487
280.25,0,283.655,284.539,285.468,238.273,-6.2109,0.000778326,0,346.528,211.384,226.649,0.943515,0.000333867,0.000574191
280.75,0,283.645,284.527,285.454,238.272,-6.19433,-0.0231881,0,346.528,211.384,226.649,0.943839,0.000342103,0.000503292
281.25,0,283.635,284.514,285.439,238.272,-6.1746,-0.0440619,0,346.528,211.384,226.649,0.944162,0.000349969,0.000543832
281.75,0,283.626,284.502,285.424,238.271,-6.1519,-0.0659142,0,346.528,211.384,226.649,0.944482,0.000359124,0.000490948
282.25,0,283.613,284.49,285.41,238.27,-6.16883,-0.112219,0,346.324,211.356,226.649,0.944794,0.00038428,0.000556611
282.75,0,283.603,284.477,285.395,238.27,-6.15087,-0.133716,0,346.324,211.356,226.649,0.945104,0.000391538,0.000485903
283.25,0,283.593,284.465,285.381,238.269,-6.13057,-0.152315,0,346.324,211.356,226.649,0.945411,0.000398512,0.000527396
283.75,0,283.584,284.454,285.366,238.268,-6.10757,-0.172327,0,346.324,211.356,226.649,0.945717,0.000407118,0.000474501
284.25,0,283.571,284.441,285.352,238.268,-6.12448,-0.216737,0,346.123,211.328,226.649,0.946012,0.000431745,0.000540978
284.75,0,283.561,284.429,285.337,238.267,-6.10665,-0.236522,0,346.123,211.328,226.649,0.946307,0.000438441,0.000470757
285.25,0,283.551,284.417,285.323,238.267,-6.0864,-0.253764,0,346.123,211.328,226.649,0.946601,0.000445021,0.000512189
285.75,0,283.542,284.405,285.309,238.266,-6.0637,-0.272303,0,346.123,211.328,226.649,0.946894,0.000453073,0.000459776
286.25,0,283.53,284.393,285.295,238.266,-6.08053,-0.315117,0,345.924,211.3,226.649,0.947179,0.000477227,0.000525862
286.75,0,283.52,284.381,285.281,238.265,-6.06298,-0.333599,0,345.924,211.3,226.649,0.947465,0.000483452,0.000455963
287.25,0,283.51,284.37,285.266,238.264,-6.04297,-0.349752,0,345.924,211.3,226.649,0.947749,0.000489668,0.000497402
287.75,0,283.501,284.358,285.252,238.264,-6.0207,-0.366998,0,345.924,211.3,226.649,0.948031,0.000497106,0.000445628
288.25,0,283.489,284.346,285.238,238.263,-6.03699,-0.4091,0,345.727,211.273,226.649,0.948307,0.000521319,0.000511383
288.75,0,283.479,284.334,285.225,238.263,-6.01947,-0.426842,0,345.727,211.273,226.649,0.948582,0.000527437,0.000441838
289.25,0,283.47,284.322,285.211,238.262,-5.99983,-0.442022,0,345.727,211.273,226.649,0.948856,0.000533336,0.000483622
289.75,0,283.461,284.311,285.197,238.261,-5.97929,-0.456134,0,345.727,211.273,226.649,0.949129,0.000538877,0.000433582
290.25,0,283.449,284.299,285.183,238.261,-5.9945,-0.499006,0,345.532,211.246,226.649,0.949394,0.000564043,0.000498431
290.75,0,283.439,284.288,285.169,238.26,-5.97739,-0.515727,0,345.532,211.246,226.649,0.94966,0.000569811,0.000429597
291.25,0,283.43,284.276,285.156,238.26,-5.95795,-0.530222,0,345.532,211.246,226.649,0.949924,0.000575581,0.000471302
291.75,0,283.421,284.265,285.142,238.259,-5.93757,-0.543727,0,345.532,211.246,226.649,0.950188,0.000581019,0.000421506
292.25,0,283.409,284.253,285.128,238.258,-5.95367,-0.583604,0,345.34,211.219,226.649,0.950445,0.000604362,0.000487502
292.75,0,283.399,284.242,285.115,238.258,-5.93594,-0.601422,0,345.34,211.219,226.649,0.950702,0.000611206,0.000418011
293.25,0,283.39,284.23,285.101,238.257,-5.91667,-0.615295,0,345.34,211.219,226.649,0.950959,0.000616823,0.00045968
293.75,0,283.381,284.219,285.088,238.257,-5.89673,-0.628008,0,345.34,211.219,226.649,0.951216,0.000621983,0.000410242
294.25,0,283.369,284.207,285.074,238.256,-5.91276,-0.666959,0,345.15,211.192,226.649,0.951466,0.000645086,0.00047603
294.75,0,283.36,284.196,285.061,238.256,-5.89641,-0.682129,0,345.15,211.192,226.649,0.951717,0.000650276,0.000408125
295.25,0,283.351,284.185,285.048,238.255,-5.87772,-0.695158,0,345.15,211.192,226.649,0.951967,0.000655455,0.000449954
295.75,0,283.342,284.174,285.034,238.254,-5.8581,-0.707253,0,345.15,211.192,226.649,0.952216,0.000660318,0.00040093
296.25,0,283.33,284.162,285.021,238.254,-5.87269,-0.747665,0,344.962,211.166,226.649,0.952459,0.000684868,0.00046539
296.75,0,283.321,284.151,285.008,238.253,-5.85642,-0.762329,0,344.962,211.166,226.649,0.952703,0.000689986,0.000397833
297.25,0,283.312,284.14,284.995,238.253,-5.83787,-0.7749,0,344.962,211.166,226.649,0.952947,0.000695105,0.000439584
297.75,0,283.303,284.129,284.981,238.252,-5.81842,-0.786554,0,344.962,211.166,226.649,0.95319,0.000699905,0.000390843
298.25,0,283.291,284.118,284.968,238.251,-5.83418,-0.823882,0,344.775,211.139,226.649,0.953426,0.000722377,0.000456536
298.75,0,283.282,284.107,284.955,238.251,-5.81851,-0.83774,0,344.775,211.139,226.649,0.953663,0.000727081,0.000389685
299.25,0,283.273,284.096,284.942,238.25,-5.79924,-0.851701,0,344.775,211.139,226.649,0.9539,0.000733461,0.000430373
299.75,0,283.265,284.085,284.929,238.25,-5.78013,-0.862735,0,344.775,211.139,226.649,0.954137,0.000738035,0.000382079
300.25,0,283.253,284.074,284.916,238.249,-5.79553,-0.899573,0,344.591,211.114,226.649,0.954367,0.000760512,0.000447462
300.75,0,283.244,284.063,284.903,238.249,-5.77995,-0.913066,0,344.591,211.114,226.649,0.954599,0.000765225,0.000380901
301.25,0,283.235,284.052,284.891,238.248,-5.7621,-0.924492,0,344.591,211.114,226.649,0.95483,0.000769895,0.000422779
301.75,0,283.226,284.041,284.878,238.247,-5.74336,-0.935031,0,344.591,211.114,226.649,0.95506,0.000774248,0.000374848
302.25,0,283.215,284.03,284.865,238.247,-5.75787,-0.972732,0,344.408,211.088,226.649,0.955285,0.000797482,0.000439164
302.75,0,283.206,284.019,284.852,238.246,-5.74239,-0.985849,0,344.408,211.088,339.934,0.955511,0.000802167,0.000372933
303.25,0,283.197,284.009,284.839,238.246,-5.72471,-0.996912,0,344.408,211.088,339.934,0.955737,0.000806796,0.000414694
303.75,0,283.189,283.998,284.827,238.245,-5.70615,-1.0071,0,344.408,211.088,339.934,0.955962,0.000811104,0.000367029
304.25,0,283.177,283.987,284.814,238.245,-5.72117,-1.04274,0,344.227,211.062,339.934,0.956182,0.000833149,0.000431972
304.75,0,283.168,283.976,284.802,238.244,-5.70616,-1.05523,0,344.227,211.062,339.934,0.956402,0.000837513,0.000366246
305.25,0,283.159,283.966,284.789,238.244,-5.68894,-1.06567,0,344.227,211.062,339.934,0.956623,0.000841798,0.000408077
305.75,0,283.151,283.955,284.776,238.243,-5.67083,-1.07527,0,344.227,211.062,339.934,0.956843,0.000845772,0.000360837
306.25,0,283.14,283.944,284.764,238.242,-5.68505,-1.11176,0,344.047,211.037,339.934,0.957058,0.0008686,0.000424791
306.75,0,283.131,283.934,284.751,238.242,-5.67015,-1.1239,0,344.047,211.037,339.934,0.957274,0.00087293,0.000359406
307.25,0,283.122,283.923,284.739,238.241,-5.65305,-1.13404,0,344.047,211.037,339.934,0.95749,0.000877197,0.000401097
307.75,0,283.114,283.913,284.727,238.241,-5.6351,-1.14334,0,344.047,211.037,339.934,0.957705,0.000881149,0.00035411
308.25,0,283.103,283.902,284.714,238.24,-5.64997,-1.17768,0,343.87,211.012,339.934,0.957916,0.000902632,0.000418707
308.75,0,283.094,283.892,284.702,238.24,-5.63533,-1.18943,0,343.87,211.012,339.934,0.958127,0.000906794,0.000353727
309.25,0,283.085,283.881,284.69,238.239,-5.61851,-1.19918,0,343.87,211.012,339.934,0.958339,0.000910867,0.00039537
309.75,0,283.077,283.871,284.677,238.238,-5.60082,-1.2081,0,343.87,211.012,339.934,0.95855,0.000914623,0.000348705
310.25,0,283.066,283.86,284.665,238.238,-5.61497,-1.24326,0,343.693,210.987,339.934,0.958756,0.000936846,0.000412377
310.75,0,283.057,283.85,284.653,238.237,-5.60044,-1.25469,0,343.693,210.987,339.934,0.958963,0.00094099,0.000347726
311.25,0,283.049,283.84,284.641,238.237,-5.58377,-1.26415,0,343.693,210.987,339.934,0.95917,0.000945035,0.000389226
311.75,0,283.041,283.829,284.629,238.236,-5.56625,-1.27278,0,343.693,210.987,339.934,0.959376,0.000948761,0.00034282
312.25,0,283.029,283.819,284.617,238.236,-5.58081,-1.30609,0,343.519,210.962,339.934,0.959579,0.000969842,0.000406942
312.75,0,283.021,283.808,284.604,238.235,-5.56654,-1.31718,0,343.519,210.962,339.934,0.959781,0.000973833,0.000342679
313.25,0,283.012,283.798,284.592,238.235,-5.55016,-1.32625,0,343.519,210.962,339.934,0.959984,0.000977672,0.000384142
313.75,0,283.004,283.788,284.58,238.234,-5.53302,-1.33442,0,343.519,210.962,339.934,0.960187,0.000981138,0.00033814
314.25,0,282.993,283.778,284.568,238.233,-5.54703,-1.36837,0,343.345,210.937,339.934,0.960385,0.00100278,0.000401436
314.75,0,282.985,283.767,284.557,238.233,-5.53298,-1.37905,0,343.345,210.937,339.934,0.960584,0.00100668,0.000337601
315.25,0,282.976,283.757,284.545,238.232,-5.5172,-1.38582,0,343.345,210.937,339.934,0.960782,0.00103255,0.000379826
315.75,0,282.968,283.747,284.533,238.232,-5.5003,-1.39396,0,343.345,210.937,339.934,0.960981,0.00103677,0.00033401
316.25,0,282.958,283.737,284.521,238.231,-5.51482,-1.42638,0,343.174,210.913,339.934,0.961175,0.001058,0.000397642
316.75,0,282.949,283.727,284.509,238.231,-5.50103,-1.43696,0,343.174,210.913,339.934,0.96137,0.00106322,0.000334125
317.25,0,282.941,283.717,284.497,238.23,-5.48472,-1.44657,0,343.174,210.913,339.934,0.961565,0.00106842,0.00037478
317.75,0,282.933,283.707,284.485,238.23,-5.46789,-1.45435,0,343.174,210.913,339.934,0.96176,0.00107247,0.000329232
318.25,0,282.922,283.697,284.474,238.229,-5.48219,-1.48631,0,343.003,210.889,339.934,0.961951,0.00109353,0.00039261
318.75,0,282.913,283.687,284.462,238.229,-5.4685,-1.49658,0,343.003,210.889,339.934,0.962142,0.00109868,0.000329395
319.25,0,282.905,283.677,284.45,238.228,-5.45272,-1.50487,0,343.003,210.889,339.934,0.962333,0.001103,0.000370451
319.75,0,282.897,283.667,284.439,238.227,-5.43613,-1.51234,0,343.003,210.889,339.934,0.962525,0.00110688,0.000325178
320.25,0,282.887,283.657,284.427,238.227,-5.45041,-1.54379,0,342.834,210.865,339.934,0.962712,0.00112762,0.000388341
320.75,0,282.878,283.647,284.416,238.226,-5.43694,-1.55374,0,342.834,210.865,339.934,0.962899,0.00113258,0.000325491
321.25,0,282.87,283.637,284.404,238.226,-5.4212,-1.56238,0,342.834,210.865,339.934,0.963087,0.00113723,0.000366115
321.75,0,282.862,283.627,284.392,238.225,-5.40477,-1.56959,0,342.834,210.865,339.934,0.963275,0.00114102,0.000321095
322.25,0,282.851,283.617,284.381,238.225,-5.41891,-1.60079,0,342.665,210.841,339.934,0.963459,0.00116193,0.000383932
322.75,0,282.843,283.607,284.369,238.224,-5.40558,-1.61055,0,342.665,210.841,339.934,0.963643,0.001169,0.000321367
323.25,0,282.835,283.598,284.358,238.224,-5.39019,-1.61833,0,342.665,210.841,339.934,0.963828,0.00117464,0.000362136
323.75,0,282.827,283.588,284.347,238.223,-5.37398,-1.62531,0,342.665,210.841,339.934,0.964012,0.00117969,0.000317365
324.25,0,282.817,283.578,284.335,238.223,-5.38809,-1.65596,0,342.498,210.817,339.934,0.964192,0.00120194,0.000380005
324.75,0,282.808,283.568,284.324,238.222,-5.37496,-1.66543,0,342.498,210.817,339.934,0.964374,0.0012088,0.000317794
325.25,0,282.8,283.559,284.312,238.222,-5.35977,-1.67293,0,342.498,210.817,339.934,0.964555,0.00121424,0.000358434
325.75,0,282.793,283.549,284.301,238.221,-5.34378,-1.67964,0,342.498,210.817,339.934,0.964736,0.0012191,0.000313933
326.25,0,282.782,283.539,284.29,238.22,-5.35786,-1.70988,0,342.332,210.793,339.934,0.964913,0.00124104,0.00037634
326.75,0,282.774,283.529,284.279,238.22,-5.34493,-1.71907,0,342.332,210.793,339.934,0.965091,0.0012477,0.000314476
327.25,0,282.766,283.52,284.267,238.219,-5.32996,-1.72632,0,342.332,210.793,339.934,0.965269,0.00125295,0.000354981
327.75,0,282.758,283.51,284.256,238.219,-5.31418,-1.73277,0,342.332,210.793,339.934,0.965447,0.00125762,0.000310744
328.25,0,282.748,283.5,284.245,238.218,-5.32825,-1.76262,0,342.167,210.77,339.934,0.965621,0.00127927,0.000372922
328.75,0,282.739,283.491,284.234,238.218,-5.31551,-1.77155,0,342.167,210.77,339.934,0.965796,0.00128575,0.000311393
329.25,0,282.732,283.481,284.223,238.217,-5.30074,-1.77855,0,342.167,210.77,339.934,0.965971,0.00129082,0.000351763
329.75,0,282.724,283.472,284.212,238.217,-5.28517,-1.78477,0,342.167,210.77,339.934,0.966147,0.00129532,0.000307781
330.25,0,282.714,283.462,284.201,238.216,-5.29925,-1.81426,0,342.002,210.746,339.934,0.966318,0.00131672,0.000369731
330.75,0,282.705,283.453,284.189,238.216,-5.28673,-1.82292,0,342.002,210.746,339.934,0.96649,0.00132299,0.000308543
331.25,0,282.698,283.443,284.178,238.215,-5.27221,-1.82964,0,342.002,210.746,339.934,0.966662,0.00132786,0.000348811
331.75,0,282.69,283.434,284.167,238.215,-5.25689,-1.83558,0,342.002,210.746,339.934,0.966834,0.00133216,0.000305109
332.25,0,282.68,283.424,284.156,238.214,-5.27101,-1.86469,0,341.838,210.723,339.934,0.967003,0.00135328,0.000366856
332.75,0,282.672,283.415,284.146,238.214,-5.2587,-1.8731,0,341.838,210.723,339.934,0.967172,0.00135937,0.000306
333.25,0,282.664,283.405,284.135,238.213,-5.24437,-1.8796,0,341.838,210.723,339.934,0.967341,0.00136408,0.000346129
333.75,0,282.657,283.396,284.124,238.212,-5.22924,-1.88533,0,341.838,210.723,339.934,0.967511,0.00136823,0.000302667
334.25,0,282.646,283.387,284.113,238.212,-5.24328,-1.91404,0,341.676,210.7,339.934,0.967676,0.00138905,0.00036417
334.75,0,282.638,283.377,284.102,238.211,-5.23114,-1.92222,0,341.676,210.7,339.934,0.967843,0.00139498,0.000303634
335.25,0,282.63,283.368,284.091,238.211,-5.217,-1.9285,0,341.676,210.7,339.934,0.96801,0.00139953,0.000343615
335.75,0,282.623,283.359,284.08,238.21,-5.20206,-1.93403,0,341.676,210.7,339.934,0.968176,0.00140353,0.000300393
336.25,0,282.613,283.349,284.07,238.21,-5.21603,-1.96233,0,341.514,210.677,339.934,0.96834,0.00142406,0.000361639
336.75,0,282.605,283.34,284.059,238.209,-5.20406,-1.97029,0,341.514,210.677,339.934,0.968503,0.00142982,0.000301428
337.25,0,282.597,283.331,284.048,238.209,-5.19009,-1.97637,0,341.514,210.677,339.934,0.968668,0.00143422,0.000341249
337.75,0,282.59,283.322,284.037,238.208,-5.17533,-1.98169,0,341.514,210.677,339.934,0.968832,0.00143808,0.00029827
338.25,0,282.58,283.312,284.027,238.208,-5.18924,-2.00961,0,341.354,210.654,339.934,0.968992,0.00145833,0.000359251
338.75,0,282.572,283.303,284.016,238.207,-5.17742,-2.01735,0,341.354,210.654,339.934,0.969154,0.00146393,0.000299365
339.25,0,282.564,283.294,284.005,238.207,-5.16363,-2.02324,0,341.354,210.654,339.934,0.969315,0.00146819,0.00033902
339.75,0,282.557,283.285,283.995,238.206,-5.14905,-2.02837,0,341.354,210.654,339.934,0.969477,0.00147191,0.000296284
340.25,0,282.547,283.276,283.984,238.206,-5.1629,-2.05591,0,341.194,210.632,339.934,0.969635,0.00149188,0.000356994
340.75,0,282.539,283.266,283.974,238.205,-5.15123,-2.06345,0,341.194,210.632,339.934,0.969794,0.00149734,0.000297432
341.25,0,282.531,283.257,283.963,238.205,-5.13761,-2.06914,0,341.194,210.632,339.934,0.969953,0.00150146,0.000336917
341.75,0,282.524,283.248,283.953,238.204,-5.1232,-2.07409,0,341.194,210.632,339.934,0.970112,0.00150504,0.000294421
342.25,0,282.514,283.239,283.942,238.204,-5.13698,-2.10127,0,341.036,210.609,339.934,0.970268,0.00152475,0.000354857
342.75,0,282.506,283.23,283.932,238.203,-5.12546,-2.10861,0,341.036,210.609,339.934,0.970425,0.00153007,0.000295616
343.25,0,282.499,283.221,283.921,238.203,-5.112,-2.11412,0,341.036,210.609,339.934,0.970581,0.00153406,0.000334928
343.75,0,282.492,283.212,283.911,238.202,-5.09776,-2.1189,0,341.036,210.609,339.934,0.970738,0.00153751,0.000292671
344.25,0,282.482,283.203,283.9,238.202,-5.11147,-2.14572,0,340.879,210.587,339.934,0.970892,0.00155696,0.00035283
344.75,0,282.474,283.194,283.89,238.201,-5.1001,-2.15287,0,340.879,210.587,339.934,0.971046,0.00156214,0.000293909
345.25,0,282.466,283.185,283.88,238.201,-5.0868,-2.15821,0,340.879,210.587,339.934,0.971201,0.001566,0.000333044
345.75,0,282.459,283.176,283.869,238.2,-5.07272,-2.16282,0,340.879,210.587,339.934,0.971355,0.00156934,0.000291024
346.25,0,282.449,283.167,283.859,238.2,-5.08637,-2.1893,0,340.723,210.565,339.934,0.971507,0.00158854,0.000350904
346.75,0,282.442,283.158,283.849,238.199,-5.07514,-2.19627,0,340.723,210.565,339.934,0.971659,0.00159358,0.000292299
347.25,0,282.434,283.149,283.839,238.199,-5.06198,-2.20144,0,340.723,210.565,339.934,0.971811,0.00159733,0.000331255
347.75,0,282.427,283.14,283.828,238.198,-5.04806,-2.20589,0,340.723,210.565,339.934,0.971963,0.00160054,0.000289469
348.25,0,282.417,283.131,283.818,238.198,-5.06165,-2.23203,0,340.568,210.543,339.934,0.972113,0.0016195,0.000349069
348.75,0,282.41,283.122,283.808,238.197,-5.05056,-2.23883,0,340.568,210.543,339.934,0.972263,0.00162442,0.000290778
349.25,0,282.402,283.114,283.798,238.197,-5.03755,-2.24384,0,340.568,210.543,339.934,0.972413,0.00162804,0.000329554
349.75,0,282.395,283.105,283.788,238.196,-5.02378,-2.24813,0,340.568,210.543,339.934,0.972563,0.00163115,0.000288
350.25,0,282.385,283.096,283.777,238.195,-5.0373,-2.27395,0,340.415,210.521,339.934,0.97271,0.00164987,0.000347318
350.75,0,282.378,283.087,283.767,238.195,-5.02634,-2.28058,0,340.415,210.521,339.934,0.972858,0.00165467,0.000289339
351.25,0,282.37,283.078,283.757,238.194,-5.01353,-2.28539,0,340.415,210.521,339.934,0.973006,0.00165814,0.00032797
351.75,0,282.363,283.07,283.747,238.194,-4.99997,-2.28948,0,340.415,210.521,339.934,0.973155,0.0016611,0.000286689
352.25,0,282.354,283.061,283.737,238.193,-5.01347,-2.31494,0,340.262,210.499,339.934,0.9733,0.00167956,0.000345757
352.75,0,282.346,283.052,283.727,238.193,-5.00269,-2.32135,0,340.262,210.499,339.934,0.973446,0.0016842,0.000288128
353.25,0,282.339,283.043,283.717,238.192,-4.99003,-2.326,0,340.262,210.499,339.934,0.973592,0.00168757,0.000326581
353.75,0,282.332,283.035,283.707,238.192,-4.97661,-2.32995,0,340.262,210.499,339.934,0.973738,0.00169042,0.000285526
354.25,0,282.322,283.026,283.697,238.191,-4.99005,-2.35511,0,340.11,210.477,339.934,0.973881,0.00170866,0.000344311
354.75,0,282.315,283.017,283.687,238.191,-4.9794,-2.36136,0,340.11,210.477,339.934,0.974025,0.00171318,0.000286987
355.25,0,282.308,283.009,283.677,238.19,-4.96687,-2.36588,0,340.11,210.477,339.934,0.97417,0.00171645,0.000325256
355.75,0,282.301,283,283.667,238.19,-4.95359,-2.36969,0,340.11,210.477,339.934,0.974314,0.0017192,0.000284425
356.25,0,282.291,282.991,283.657,238.189,-4.96696,-2.39455,0,339.959,210.456,339.934,0.974455,0.00173722,0.000342926
356.75,0,282.284,282.983,283.647,238.189,-4.95644,-2.40065,0,339.959,210.456,339.934,0.974597,0.00174164,0.000285905
357.25,0,282.276,282.974,283.638,238.188,-4.94404,-2.40503,0,339.959,210.456,339.934,0.97474,0.0017448,0.000323989
357.75,0,282.27,282.966,283.628,238.188,-4.9309,-2.40871,0,339.959,210.456,339.934,0.974882,0.00174747,0.00028338
358.25,0,282.26,282.957,283.618,238.187,-4.94421,-2.43328,0,339.809,210.434,339.934,0.975022,0.00176528,0.000341598
358.75,0,282.253,282.948,283.608,238.187,-4.9338,-2.43924,0,339.809,210.434,339.934,0.975162,0.00176959,0.000284877
359.25,0,282.245,282.94,283.598,238.186,-4.92154,-2.44348,0,339.809,210.434,339.934,0.975303,0.00177265,0.000322775
359.75,0,282.239,282.932,283.588,238.186,-4.90853,-2.44704,0,339.809,210.434,339.934,0.975443,0.00177523,0.000282386
360.25,0,282.229,282.923,283.579,238.185,-4.92177,-2.47133,0,339.66,210.413,339.934,0.975581,0.00179283,0.000340321
360.75,0,282.222,282.914,283.569,238.185,-4.91148,-2.47715,0,339.66,210.413,339.934,0.97572,0.00179704,0.000283898
361.25,0,282.215,282.906,283.559,238.184,-4.89934,-2.48127,0,339.66,210.413,339.934,0.975859,0.00180002,0.000321609
361.75,0,282.208,282.898,283.55,238.184,-4.88646,-2.48471,0,339.66,210.413,339.934,0.975998,0.0018025,0.000281439
362.25,0,282.199,282.889,283.54,238.184,-4.89965,-2.50871,0,339.512,210.392,339.934,0.976134,0.0018199,0.000339091
362.75,0,282.191,282.88,283.53,238.183,-4.88947,-2.5144,0,339.512,210.392,339.934,0.976271,0.00182401,0.000282963
363.25,0,282.184,282.872,283.521,238.183,-4.87745,-2.5184,0,339.512,210.392,339.934,0.976408,0.0018269,0.000320488
363.75,0,282.177,282.864,283.511,238.182,-4.8647,-2.52172,0,339.512,210.392,339.934,0.976545,0.0018293,0.000280534
364.25,0,282.168,282.855,283.501,238.182,-4.87782,-2.54546,0,339.365,210.371,339.934,0.976679,0.00184651,0.000337904
364.75,0,282.161,282.847,283.492,238.181,-4.86775,-2.55102,0,339.365,210.371,339.934,0.976815,0.00185053,0.000282068
365.25,0,282.154,282.839,283.482,238.181,-4.85586,-2.5549,0,339.365,210.371,339.934,0.97695,0.00185333,0.000319408
365.75,0,282.147,282.83,283.473,238.18,-4.84323,-2.55811,0,339.365,210.371,339.934,0.977086,0.00185565,0.000279668
366.25,0,282.138,282.822,283.463,238.18,-4.85629,-2.58159,0,339.219,210.35,339.934,0.977219,0.00187267,0.000336756
366.75,0,282.13,282.813,283.454,238.179,-4.84633,-2.58702,0,339.219,210.35,339.934,0.977352,0.00187659,0.000281211
367.25,0,282.124,282.805,283.444,238.179,-4.83455,-2.59079,0,339.219,210.35,339.934,0.977486,0.00187931,0.000318365
367.75,0,282.117,282.797,283.435,238.178,-4.82204,-2.59389,0,339.219,210.35,339.934,0.97762,0.00188156,0.000278837
368.25,0,282.108,282.789,283.425,238.178,-4.83504,-2.61711,0,339.074,210.329,339.934,0.977751,0.00189839,0.000335644
368.75,0,282.1,282.78,283.416,238.177,-4.82518,-2.62242,0,339.074,210.329,339.934,0.977883,0.00190222,0.000280387
369.25,0,282.094,282.772,283.406,238.177,-4.81358,-2.62602,0,339.074,210.329,339.934,0.978016,0.00190482,0.000317399
369.75,0,282.087,282.764,283.397,238.176,-4.80126,-2.62895,0,339.074,210.329,339.934,0.978148,0.00190694,0.000278127
370.25,0,282.078,282.756,283.388,238.176,-4.81425,-2.65188,0,338.93,210.308,339.934,0.978278,0.00192355,0.000334687
370.75,0,282.071,282.747,283.378,238.175,-4.80455,-2.65701,0,338.93,210.308,339.934,0.978409,0.00192726,0.000279761
371.25,0,282.064,282.739,283.369,238.175,-4.79307,-2.6605,0,338.93,210.308,339.934,0.978539,0.00192978,0.000316589
371.75,0,282.057,282.731,283.359,238.174,-4.78086,-2.66333,0,338.93,210.308,339.934,0.97867,0.00193183,0.000277525
372.25,0,282.048,282.723,283.35,238.174,-4.79379,-2.68602,0,338.786,210.288,339.934,0.978799,0.00194827,0.000333806
372.75,0,282.041,282.715,283.341,238.173,-4.78419,-2.69103,0,338.786,210.288,339.934,0.978928,0.00195189,0.000279163
373.25,0,282.034,282.707,283.332,238.173,-4.77281,-2.69442,0,338.786,210.288,339.934,0.979057,0.00195434,0.000315806
373.75,0,282.028,282.699,283.322,238.172,-4.76072,-2.69716,0,338.786,210.288,339.934,0.979186,0.00195631,0.000276948
374.25,0,282.018,282.69,283.313,238.172,-4.77358,-2.71961,0,338.644,210.267,339.934,0.979313,0.00197258,0.00033295
374.75,0,282.011,282.682,283.304,238.171,-4.76408,-2.72451,0,338.644,210.267,339.934,0.979441,0.00197612,0.000278589
375.25,0,282.005,282.674,283.295,238.171,-4.75281,-2.72781,0,338.644,210.267,339.934,0.979569,0.0019785,0.000315046
375.75,0,281.998,282.666,283.285,238.17,-4.74083,-2.73046,0,338.644,210.267,339.934,0.979697,0.00198041,0.000276394
376.25,0,281.989,282.658,283.276,238.17,-4.75363,-2.75267,0,338.502,210.247,339.934,0.979822,0.00199651,0.000332118
376.75,0,281.982,282.65,283.267,238.169,-4.74423,-2.75747,0,338.502,210.247,339.934,0.979949,0.00199998,0.000278036
377.25,0,281.975,282.642,283.258,238.169,-4.73306,-2.76067,0,338.502,210.247,339.934,0.980075,0.00200228,0.000314308
377.75,0,281.969,282.634,283.249,238.169,-4.72118,-2.76323,0,338.502,210.247,339.934,0.980202,0.00200413,0.000275859
378.25,0,281.96,282.626,283.24,238.168,-4.73393,-2.78521,0,338.361,210.227,339.934,0.980326,0.00202006,0.000331307
378.75,0,281.953,282.618,283.23,238.168,-4.72462,-2.78991,0,338.361,210.227,339.934,0.980451,0.00202345,0.000277502
379.25,0,281.946,282.61,283.221,238.167,-4.71355,-2.79302,0,338.361,210.227,339.934,0.980576,0.0020257,0.000313591
379.75,0,281.94,282.602,283.212,238.167,-4.70178,-2.7955,0,338.361,210.227,339.934,0.980701,0.00202748,0.000275343
380.25,0,281.931,282.594,283.203,238.166,-4.71447,-2.81726,0,338.221,210.206,339.934,0.980824,0.00204325,0.000330516
380.75,0,281.924,282.586,283.194,238.166,-4.70525,-2.82186,0,338.221,210.206,339.934,0.980947,0.00204657,0.000276985
381.25,0,281.917,282.578,283.185,238.165,-4.69428,-2.82488,0,338.221,210.206,339.934,0.981071,0.00204875,0.000312891
381.75,0,281.911,282.57,283.176,238.165,-4.68261,-2.82727,0,338.221,210.206,339.934,0.981195,0.00205047,0.000274843
382.25,0,281.902,282.562,283.167,238.164,-4.69525,-2.84881,0,338.082,210.186,339.934,0.981317,0.00206608,0.000329743
382.75,0,281.895,282.554,283.158,238.164,-4.68611,-2.85332,0,338.082,210.186,339.934,0.981439,0.00206933,0.000276485
383.25,0,281.888,282.546,283.149,238.163,-4.67524,-2.85625,0,338.082,210.186,339.934,0.981561,0.00207145,0.000312208
383.75,0,281.882,282.539,283.14,238.163,-4.66368,-2.85856,0,338.082,210.186,339.934,0.981684,0.00207311,0.000274359
384.25,0,281.873,282.531,283.131,238.162,-4.67628,-2.87987,0,337.943,210.167,339.934,0.981804,0.00208855,0.000329007
384.75,0,281.866,282.523,283.122,238.162,-4.66731,-2.8842,0,337.943,210.167,339.934,0.981925,0.00209168,0.000276076
385.25,0,281.86,282.515,283.113,238.161,-4.65661,-2.88698,0,337.943,210.167,339.934,0.982046,0.00209368,0.000311675
385.75,0,281.853,282.507,283.105,238.161,-4.64522,-2.88913,0,337.943,210.167,339.934,0.982168,0.00209523,0.000274079
386.25,0,281.845,282.499,283.096,238.161,-4.6578,-2.9102,0,337.806,210.147,339.934,0.982287,0.00211049,0.000328476
386.75,0,281.838,282.491,283.087,238.16,-4.64891,-2.91444,0,337.806,210.147,339.934,0.982406,0.00211356,0.000275813
387.25,0,281.831,282.484,283.078,238.16,-4.63831,-2.91714,0,337.806,210.147,339.934,0.982526,0.0021155,0.00031123
387.75,0,281.825,282.476,283.069,238.159,-4.62701,-2.91922,0,337.806,210.147,339.934,0.982646,0.002117,0.000273829
388.25,0,281.816,282.468,283.06,238.159,-4.63953,-2.94008,0,337.669,210.127,339.934,0.982764,0.00213211,0.000327956
388.75,0,281.809,282.46,283.051,238.158,-4.63072,-2.94424,0,337.669,210.127,339.934,0.982883,0.00213511,0.000275559
389.25,0,281.803,282.453,283.043,238.158,-4.62021,-2.94687,0,337.669,210.127,339.934,0.983002,0.002137,0.000310795
389.75,0,281.797,282.445,283.034,238.157,-4.60901,-2.94888,0,337.669,210.127,339.934,0.98312,0.00213845,0.000273587
390.25,0,281.788,282.437,283.025,238.157,-4.62148,-2.96954,0,337.533,210.107,339.934,0.983237,0.00215342,0.000327445
390.75,0,281.781,282.429,283.016,238.156,-4.61275,-2.97361,0,337.533,210.107,339.934,0.983354,0.00215636,0.000275313
391.25,0,281.775,282.422,283.008,238.156,-4.60233,-2.97616,0,337.533,210.107,339.934,0.983472,0.00215819,0.000310369
391.75,0,281.768,282.414,282.999,238.155,-4.59122,-2.9781,0,337.533,210.107,339.934,0.98359,0.00215959,0.000273352
392.25,0,281.76,282.406,282.99,238.155,-4.60363,-2.99856,0,337.397,210.088,339.934,0.983705,0.00217441,0.000326943
392.75,0,281.753,282.399,282.982,238.154,-4.59498,-3.00256,0,337.397,210.088,339.934,0.983821,0.00217729,0.000275074
393.25,0,281.747,282.391,282.973,238.154,-4.58464,-3.00503,0,337.397,210.088,339.934,0.983938,0.00217908,0.00030995
393.75,0,281.74,282.383,282.964,238.154,-4.57363,-3.00691,0,337.397,210.088,339.934,0.984054,0.00218042,0.000273124
394.25,0,281.732,282.376,282.956,238.153,-4.58598,-3.02718,0,337.263,210.069,339.934,0.984169,0.00219511,0.000326449
394.75,0,281.725,282.368,282.947,238.153,-4.57741,-3.03109,0,337.263,210.069,339.934,0.984284,0.00219793,0.00027484
395.25,0,281.719,282.36,282.938,238.152,-4.56716,-3.0335,0,337.263,210.069,339.934,0.984399,0.00219967,0.000309539
395.75,0,281.713,282.353,282.93,238.152,-4.55623,-3.03531,0,337.263,210.069,339.934,0.984515,0.00220096,0.000272902
396.25,0,281.704,282.345,282.921,238.151,-4.56853,-3.0554,0,337.129,210.049,339.934,0.984628,0.00221551,0.000325962
396.75,0,281.697,282.338,282.912,238.151,-4.56006,-3.05921,0,337.129,210.049,339.934,0.984742,0.00221826,0.00027463
397.25,0,281.691,282.33,282.904,238.15,-4.54998,-3.06145,0,337.129,210.049,339.934,0.984856,0.00221988,0.000309218
397.75,0,281.685,282.323,282.895,238.15,-4.53924,-3.06311,0,337.129,210.049,339.934,0.98497,0.00222106,0.000272836
398.25,0,281.676,282.315,282.887,238.149,-4.55155,-3.08294,0,336.996,210.03,339.934,0.985083,0.00223543,0.000325682
398.75,0,281.67,282.307,282.878,238.149,-4.54322,-3.08661,0,336.996,210.03,339.934,0.985196,0.00223808,0.000274657
399.25,0,281.663,282.3,282.87,238.149,-4.53323,-3.08879,0,336.996,210.03,339.934,0.985309,0.00223965,0.000309068
399.75,0,281.657,282.293,282.861,238.148,-4.52257,-3.09038,0,336.996,210.03,339.934,0.985422,0.00224079,0.000272872
400.25,0,281.649,282.285,282.853,238.148,-4.53483,-3.11003,0,336.864,210.011,339.934,0.985533,0.00225502,0.000325456
400.75,0,281.642,282.277,282.844,238.147,-4.52657,-3.11363,0,336.864,210.011,339.934,0.985645,0.00225762,0.000274685
401.25,0,281.636,282.27,282.836,238.147,-4.51666,-3.11575,0,336.864,210.011,339.934,0.985757,0.00225914,0.000308921
401.75,0,281.63,282.263,282.827,238.146,-4.50608,-3.11729,0,336.864,210.011,339.934,0.985869,0.00226024,0.000272908
402.25,0,281.621,282.255,282.819,238.146,-4.51828,-3.13676,0,336.732,209.992,339.934,0.98598,0.00227435,0.000325232
402.75,0,281.615,282.247,282.811,238.145,-4.5101,-3.14029,0,336.732,209.992,339.934,0.98609,0.00227689,0.000274714
403.25,0,281.609,282.24,282.802,238.145,-4.50026,-3.14235,0,336.732,209.992,339.934,0.986201,0.00227837,0.000308775
403.75,0,281.603,282.233,282.794,238.144,-4.48977,-3.14383,0,336.732,209.992,339.934,0.986313,0.00227943,0.000272945
404.25,0,281.594,282.225,282.785,238.144,-4.50192,-3.16313,0,336.601,209.973,339.934,0.986422,0.00229341,0.00032501
404.75,0,281.588,282.218,282.777,238.144,-4.4938,-3.16659,0,336.601,209.973,339.934,0.986532,0.0022959,0.000274743
405.25,0,281.581,282.21,282.769,238.143,-4.48404,-3.16859,0,336.601,209.973,339.934,0.986642,0.00229734,0.00030863
405.75,0,281.575,282.203,282.76,238.143,-4.47363,-3.17002,0,336.601,209.973,339.934,0.986752,0.00229836,0.000272982
406.25,0,281.567,282.196,282.752,238.142,-4.48573,-3.18915,0,336.471,209.954,339.934,0.98686,0.00231222,0.000324789
406.75,0,281.561,282.188,282.744,238.142,-4.47767,-3.19254,0,336.471,209.954,339.934,0.986969,0.00231467,0.000274772
407.25,0,281.554,282.181,282.735,238.141,-4.4681,-3.19439,0,336.471,209.954,339.934,0.987078,0.00231599,0.000308563
407.75,0,281.548,282.174,282.727,238.141,-4.45788,-3.19564,0,336.471,209.954,339.934,0.987187,0.00231688,0.00027318
408.25,0,281.54,282.166,282.719,238.14,-4.47001,-3.21452,0,336.341,209.936,339.934,0.987295,0.00233056,0.000324794
408.75,0,281.534,282.159,282.711,238.14,-4.46214,-3.21773,0,336.341,209.936,339.934,0.987402,0.00233287,0.000275109
409.25,0,281.528,282.152,282.702,238.14,-4.45265,-3.21951,0,336.341,209.936,339.934,0.987511,0.00233415,0.000308735
409.75,0,281.522,282.145,282.694,238.139,-4.44251,-3.22071,0,336.341,209.936,339.934,0.987619,0.00233501,0.000273531
410.25,0,281.513,282.137,282.686,238.139,-4.45458,-3.23943,0,336.212,209.917,339.934,0.987725,0.00234856,0.00032489
410.75,0,281.507,282.13,282.678,238.138,-4.44678,-3.24258,0,336.212,209.917,339.934,0.987832,0.00235083,0.00027545
411.25,0,281.501,282.123,282.669,238.138,-4.43736,-3.2443,0,336.212,209.917,339.934,0.987939,0.00235207,0.000308905
411.75,0,281.495,282.115,282.661,238.137,-4.42729,-3.24546,0,336.212,209.917,339.934,0.988046,0.00235289,0.000273877
412.25,0,281.487,282.108,282.653,238.137,-4.43932,-3.26402,0,336.084,209.899,339.934,0.988152,0.00236633,0.000324983
412.75,0,281.48,282.101,282.645,238.136,-4.43157,-3.26711,0,336.084,209.899,339.934,0.988258,0.00236856,0.000275786
413.25,0,281.474,282.094,282.637,238.136,-4.42223,-3.26878,0,336.084,209.899,339.934,0.988364,0.00236976,0.00030907
413.75,0,281.468,282.086,282.629,238.136,-4.41223,-3.26989,0,336.084,209.899,339.934,0.98847,0.00237055,0.000274219
414.25,0,281.46,282.079,282.62,238.135,-4.4242,-3.28829,0,335.957,209.88,339.934,0.988575,0.00238387,0.000325073
414.75,0,281.454,282.072,282.612,238.135,-4.41652,-3.29132,0,335.957,209.88,339.934,0.98868,0.00238606,0.000276117
415.25,0,281.448,282.065,282.604,238.134,-4.40735,-3.29285,0,335.957,209.88,339.934,0.988785,0.00238715,0.000309304
415.75,0,281.442,282.058,282.596,238.134,-4.39757,-3.29377,0,335.957,209.88,339.934,0.988891,0.0023878,0.000274733
416.25,0,281.434,282.05,282.588,238.133,-4.4096,-3.3119,0,335.83,209.862,339.934,0.988995,0.00240093,0.000325415
416.75,0,281.427,282.043,282.58,238.133,-4.40212,-3.31473,0,335.83,209.862,339.934,0.989099,0.00240297,0.000276805
417.25,0,281.421,282.036,282.572,238.132,-4.39306,-3.31617,0,335.83,209.862,339.934,0.989203,0.002404,0.000309857
417.75,0,281.416,282.029,282.564,238.132,-4.38335,-3.31704,0,335.83,209.862,339.934,0.989308,0.00240462,0.000275458
418.25,0,281.408,282.022,282.556,238.132,-4.39533,-3.33502,0,335.704,209.844,339.934,0.989411,0.00241764,0.000325891
418.75,0,281.401,282.015,282.548,238.131,-4.38791,-3.3378,0,335.704,209.844,339.934,0.989514,0.00241964,0.000277519
419.25,0,281.395,282.008,282.54,238.131,-4.37892,-3.33919,0,335.704,209.844,339.934,0.989618,0.00242063,0.000310402
419.75,0,281.389,282.001,282.532,238.13,-4.36928,-3.34002,0,335.704,209.844,339.934,0.989721,0.00242122,0.000276174
420.25,0,281.381,281.993,282.524,238.13,-4.3812,-3.35786,0,335.578,209.825,339.934,0.989823,0.00243414,0.000326359
420.75,0,281.375,281.986,282.516,238.129,-4.37384,-3.36059,0,335.578,209.825,339.934,0.989926,0.0024361,0.000278223
421.25,0,281.369,281.979,282.508,238.129,-4.36491,-3.36193,0,335.578,209.825,339.934,0.990029,0.00243706,0.000310939
421.75,0,281.363,281.972,282.5,238.129,-4.35551,-3.36255,0,335.578,209.825,339.934,0.990131,0.0024375,0.000277007
422.25,0,281.355,281.965,282.492,238.128,-4.36752,-3.3801,0,335.453,209.807,339.934,0.990233,0.0024502,0.000327047
422.75,0,281.349,281.958,282.484,238.128,-4.36041,-3.38259,0,335.453,209.807,339.934,0.990334,0.00245199,0.00027928
423.25,0,281.343,281.951,282.476,238.127,-4.35173,-3.38371,0,335.453,209.807,339.934,0.990436,0.00245279,0.000311965
423.75,0,281.337,281.944,282.468,238.127,-4.34241,-3.38428,0,335.453,209.807,339.934,0.990538,0.00245319,0.000278211
424.25,0,281.329,281.937,282.46,238.126,-4.35436,-3.40168,0,335.329,209.789,339.934,0.990639,0.00246579,0.000328005
424.75,0,281.323,281.93,282.452,238.126,-4.3473,-3.40413,0,335.329,209.789,339.934,0.990739,0.00246755,0.00028047
425.25,0,281.317,281.923,282.444,238.126,-4.33868,-3.4052,0,335.329,209.789,339.934,0.99084,0.00246832,0.000312988
425.75,0,281.312,281.916,282.437,238.125,-4.32943,-3.40574,0,335.329,209.789,339.934,0.990942,0.00246869,0.000279401
426.25,0,281.304,281.909,282.429,238.125,-4.34133,-3.42301,0,335.205,209.771,339.934,0.991041,0.00248119,0.00032895
426.75,0,281.297,281.902,282.421,238.124,-4.33451,-3.42521,0,335.205,209.771,339.934,0.991141,0.00248278,0.000281783
427.25,0,281.292,281.895,282.413,238.124,-4.32619,-3.42601,0,335.205,209.771,339.934,0.991242,0.00248334,0.00031431
427.75,0,281.286,281.888,282.405,238.123,-4.31724,-3.42627,0,335.205,209.771,339.934,0.991342,0.00248351,0.000281061
428.25,0,281.278,281.881,282.397,238.123,-4.32927,-3.44322,0,335.082,209.754,339.934,0.991441,0.00249579,0.000330497
428.75,0,281.272,281.874,282.39,238.123,-4.32255,-3.44534,0,335.082,209.754,339.934,0.99154,0.0024973,0.000283593
429.25,0,281.266,281.867,282.382,238.122,-4.31428,-3.4461,0,335.082,209.754,339.934,0.99164,0.00249785,0.000315954
429.75,0,281.26,281.86,282.374,238.122,-4.30539,-3.44633,0,335.082,209.754,339.934,0.991739,0.002498,0.000282868
430.25,0,281.253,281.853,282.366,238.121,-4.31737,-3.46315,0,334.96,209.736,339.934,0.991837,0.00251017,0.000332061
430.75,0,281.246,281.846,282.359,238.121,-4.311,-3.46491,0,334.96,209.736,339.934,0.991936,0.00251144,0.000285607
431.25,0,281.241,281.839,282.351,238.12,-4.30311,-3.46533,0,334.96,209.736,339.934,0.992034,0.00251173,0.000318029
431.75,0,281.235,281.833,282.343,238.12,-4.29458,-3.46522,0,334.96,209.736,339.934,0.992133,0.00251163,0.000285329
432.25,0,281.227,281.826,282.335,238.12,-4.30674,-3.48168,0,334.838,209.718,339.934,0.992231,0.00252355,0.000334448
432.75,0,281.221,281.819,282.328,238.119,-4.30042,-3.4834,0,334.838,209.718,339.934,0.992328,0.00252478,0.000288217
433.25,0,281.215,281.812,282.32,238.119,-4.29261,-3.48376,0,334.838,209.718,339.934,0.992426,0.00252502,0.000320499
433.75,0,281.21,281.805,282.312,238.118,-4.28455,-3.48321,0,334.838,209.718,339.934,0.992524,0.00252462,0.000288251
434.25,0,281.202,281.798,282.305,238.118,-4.29695,-3.49924,0,334.717,209.701,339.934,0.992621,0.00253622,0.000337347
434.75,0,281.196,281.791,282.297,238.117,-4.29108,-3.50053,0,334.717,209.701,339.934,0.992718,0.00253714,0.000291627
435.25,0,281.19,281.785,282.289,238.117,-4.28368,-3.50049,0,334.717,209.701,339.934,0.992815,0.0025371,0.000324009
435.75,0,281.185,281.778,282.282,238.117,-4.27591,-3.49968,0,334.717,209.701,339.934,0.992912,0.00253649,0.000292092
436.25,0,281.177,281.771,282.274,238.116,-4.28865,-3.5152,0,334.596,209.683,339.934,0.993008,0.00254773,0.00034123
436.75,0,281.171,281.764,282.266,238.116,-4.28334,-3.51593,0,334.596,209.683,339.934,0.993105,0.00254824,0.000296108
437.25,0,281.165,281.757,282.259,238.115,-4.27652,-3.51534,0,334.596,209.683,339.934,0.993201,0.0025478,0.000328704
437.75,0,281.159,281.751,282.251,238.115,-4.26964,-3.51367,0,334.596,209.683,339.934,0.993298,0.00254658,0.000297546
438.25,0,281.152,281.744,282.244,238.115,-4.28282,-3.52856,0,334.476,209.666,339.934,0.993393,0.00255736,0.000346812
438.75,0,281.146,281.737,282.236,238.114,-4.27823,-3.52858,0,334.476,209.666,339.934,0.993488,0.00255736,0.000302397
439.25,0,281.14,281.73,282.228,238.114,-4.27293,-3.5265,0,334.476,209.666,339.934,0.993584,0.00255583,0.000335897
439.75,0,281.134,281.724,282.221,238.113,-4.26712,-3.52378,0,334.476,209.666,339.934,0.99368,0.00255385,0.000305637
440.25,0,281.127,281.717,282.213,238.113,-4.28148,-3.53732,0,334.357,209.649,339.934,0.993775,0.00256365,0.000355559
440.75,0,281.121,281.71,282.206,238.112,-4.27899,-3.53526,0,334.357,209.649,339.934,0.993869,0.00256213,0.000312849
441.25,0,281.115,281.703,282.198,238.112,-4.27515,-3.53173,0,334.357,209.649,339.934,0.993964,0.00255957,0.000347212
441.75,0,281.11,281.697,282.191,238.112,-4.27139,-3.52701,0,334.357,209.649,339.934,0.994059,0.00255613,0.000318546
442.25,0,281.102,281.69,282.183,238.111,-4.28657,-3.53955,0,334.238,209.631,339.934,0.994153,0.0025652,0.000368873
442.75,0,281.096,281.683,282.176,238.111,-4.28493,-3.53665,0,334.238,209.631,339.934,0.994248,0.00256309,0.000326956
443.25,0,281.09,281.677,282.168,238.11,-4.2824,-3.53184,0,334.238,209.631,339.934,0.994342,0.00255959,0.000362074
443.75,0,281.085,281.67,282.161,238.11,-4.27926,-3.52651,0,334.238,209.631,339.934,0.994436,0.00255571,0.000333981
444.25,0,281.077,281.663,282.153,238.11,-4.29482,-3.53851,0,334.12,209.614,339.934,0.99453,0.00256439,0.000384385
444.75,0,281.071,281.656,282.146,238.109,-4.29378,-3.53501,0,334.12,209.614,339.934,0.994623,0.00256184,0.00034309
445.25,0,281.066,281.65,282.138,238.109,-4.29171,-3.52977,0,334.12,209.614,339.934,0.994717,0.00255803,0.000378345
445.75,0,281.06,281.643,282.131,238.108,-4.28904,-3.52401,0,334.12,209.614,339.934,0.99481,0.00255384,0.000350707
446.25,0,281.053,281.637,282.123,238.108,-4.30486,-3.53558,0,334.002,209.597,339.934,0.994903,0.00256221,0.000401102
446.75,0,281.047,281.63,282.116,238.107,-4.30427,-3.53164,0,334.002,209.597,339.934,0.994996,0.00255934,0.000360318
447.25,0,281.041,281.623,282.109,238.107,-4.30219,-3.52642,0,334.002,209.597,339.934,0.995089,0.00255555,0.000395381
447.75,0,281.036,281.617,282.101,238.107,-4.29979,-3.52043,0,334.002,209.597,339.934,0.995182,0.00255119,0.000368046
448.25,0,281.028,281.61,282.094,238.106,-4.31577,-3.53167,0,333.885,209.58,339.934,0.995274,0.00255932,0.000418369
448.75,0,281.022,281.603,282.087,238.106,-4.31551,-3.52741,0,333.885,209.58,339.934,0.995362,0.00255622,0.000492353
449.25,0,281.017,281.597,282.08,238.105,-4.31372,-3.52193,0,333.885,209.58,339.934,0.995445,0.00255224,0.000527035
449.75,0,281.011,281.591,282.074,238.105,-4.31123,-3.51605,0,333.885,209.58,339.934,0.99552,0.00254796,0.000534823
450.25,0,281.004,281.584,282.067,238.105,-4.32656,-3.52717,0,333.77,209.563,339.934,0.995576,0.00255601,0.000639047
450.75,0,280.998,281.578,282.06,238.104,-4.32572,-3.52349,0,333.77,209.563,339.934,0.99562,0.00255332,0.000595146
451.25,0,280.993,281.572,282.054,238.104,-4.32322,-3.51874,0,333.77,209.563,339.934,0.995652,0.00254987,0.000657094
451.75,0,280.987,281.566,282.047,238.103,-4.31995,-3.51367,0,333.77,209.563,339.934,0.995676,0.00254618,0.000631271
452.25,0,280.98,281.56,282.042,238.103,-4.33335,-3.52418,0,333.66,209.547,339.934,0.995693,0.00255378,0.000876175
452.75,0,280.974,281.554,282.036,238.103,-4.33181,-3.52101,0,333.66,209.547,339.934,0.995707,0.00255147,0.000686168
453.25,0,280.969,281.548,282.031,238.102,-4.32882,-3.51666,0,333.66,209.547,339.934,0.995716,0.0025483,0.000874648
453.75,0,280.963,281.542,282.025,238.102,-4.32518,-3.51189,0,333.66,209.547,339.934,0.995724,0.00254483,0.000729439
454.25,0,280.956,281.536,282.019,238.101,-4.33763,-3.52179,0,333.553,209.53,339.934,0.995729,0.00255199,0.000903666
454.75,0,280.95,281.53,282.013,238.101,-4.33582,-3.51873,0,333.553,209.53,339.934,0.995735,0.00254976,0.000769548
455.25,0,280.945,281.524,282.008,238.101,-4.33263,-3.5145,0,333.553,209.53,339.934,0.995738,0.00254669,0.000901984
455.75,0,280.939,281.519,282.002,238.1,-4.32884,-3.50984,0,333.553,209.53,339.934,0.995741,0.00254329,0.000801963
456.25,0,280.932,281.513,281.997,238.1,-4.34099,-3.51955,0,333.447,209.514,339.934,0.995744,0.00255032,0.000931083
456.75,0,280.926,281.507,281.991,238.099,-4.33909,-3.51653,0,333.447,209.514,339.934,0.995746,0.00254811,0.000833824
457.25,0,280.921,281.501,281.985,238.099,-4.33583,-3.51233,0,333.447,209.514,339.934,0.995748,0.00254506,0.000930352
457.75,0,280.916,281.495,281.98,238.099,-4.332,-3.5077,0,333.447,209.514,339.934,0.99575,0.00254169,0.000859648
458.25,0,280.908,281.489,281.974,238.098,-4.34402,-3.51732,0,333.342,209.497,339.934,0.995752,0.00254864,0.000960005
458.75,0,280.903,281.483,281.968,238.098,-4.34208,-3.51429,0,333.342,209.497,339.934,0.995754,0.00254644,0.000886211
459.25,0,280.897,281.478,281.963,238.098,-4.3388,-3.51011,0,333.342,209.497,339.934,0.995755,0.0025434,0.000960117
459.75,0,280.892,281.472,281.957,238.097,-4.33495,-3.50548,0,333.342,209.497,339.934,0.995757,0.00254003,0.000921605
460.25,0,280.885,281.466,281.952,238.097,-4.34688,-3.51503,0,333.237,209.481,339.934,0.995758,0.00254694,0.00124487
460.75,0,280.879,281.46,281.946,238.096,-4.34493,-3.51201,0,333.237,209.481,339.934,0.99576,0.00254473,0.000967059
461.25,0,280.874,281.454,281.94,238.096,-4.34164,-3.50784,0,333.237,209.481,339.934,0.995761,0.0025417,0.00123893
461.75,0,280.869,281.449,281.935,238.096,-4.33779,-3.50322,0,333.237,209.481,339.934,0.995762,0.00253834,0.00100566
462.25,0,280.861,281.443,281.929,238.095,-4.34959,-3.51266,0,333.134,209.465,339.934,0.995764,0.00254516,0.00126302
462.75,0,280.856,281.437,281.924,238.095,-4.34762,-3.50964,0,333.134,209.465,339.934,0.995765,0.00254296,0.00104408
463.25,0,280.85,281.431,281.918,238.095,-4.34433,-3.50549,0,333.134,209.465,339.934,0.995766,0.00253994,0.00125896
463.75,0,280.845,281.426,281.912,238.094,-4.34048,-3.50089,0,333.134,209.465,339.934,0.995768,0.00253659,0.00107693
464.25,0,280.838,281.42,281.907,238.094,-4.35223,-3.51027,0,333.03,209.449,339.934,0.995769,0.00254337,0.00128406
464.75,0,280.832,281.414,281.901,238.093,-4.35026,-3.50726,0,333.03,209.449,339.934,0.995771,0.00254118,0.00111038
465.25,0,280.827,281.408,281.896,238.093,-4.34697,-3.50312,0,333.03,209.449,339.934,0.995771,0.00253817,0.00128115
465.75,0,280.822,281.403,281.89,238.093,-4.34313,-3.49854,0,333.03,209.449,339.934,0.995773,0.00253484,0.00113888
466.25,0,280.815,281.397,281.885,238.092,-4.35482,-3.50786,0,332.928,209.433,339.934,0.995774,0.00254158,0.00130693
466.75,0,280.809,281.391,281.879,238.092,-4.35285,-3.50486,0,332.928,209.433,339.934,0.995776,0.00253939,0.00116843
467.25,0,280.804,281.385,281.874,238.092,-4.34956,-3.50074,0,332.928,209.433,339.934,0.995776,0.00253639,0.00130495
467.75,0,280.799,281.38,281.868,238.091,-4.34574,-3.49617,0,332.928,209.433,339.934,0.995778,0.00253307,0.00119342
468.25,0,280.792,281.374,281.863,238.091,-4.35736,-3.50544,0,332.825,209.417,339.934,0.995779,0.00253977,0.00133123
468.75,0,280.786,281.368,281.857,238.09,-4.3554,-3.50245,0,332.825,209.417,339.934,0.995781,0.00253759,0.00121979
469.25,0,280.781,281.363,281.852,238.09,-4.35212,-3.49834,0,332.825,209.417,339.934,0.995781,0.0025346,0.00132999
469.75,0,280.776,281.357,281.846,238.09,-4.3483,-3.4938,0,332.825,209.417,339.934,0.995783,0.0025313,0.00124195
470.25,0,280.769,281.351,281.841,238.089,-4.35987,-3.50301,0,332.723,209.401,339.934,0.995784,0.00253796,0.00135663
470.75,0,280.763,281.346,281.835,238.089,-4.35791,-3.50003,0,332.723,209.401,339.934,0.995785,0.00253578,0.00126575
471.25,0,280.758,281.34,281.83,238.089,-4.35463,-3.49594,0,332.723,209.401,339.934,0.995786,0.00253281,0.00135596
471.75,0,280.753,281.335,281.824,238.088,-4.35082,-3.49141,0,332.723,209.401,339.934,0.995788,0.00252951,0.00141345
472.25,0,280.746,281.329,281.819,238.088,-4.36234,-3.50056,0,332.622,209.386,339.934,0.995789,0.00253613,0.00166784
472.75,0,280.74,281.323,281.813,238.087,-4.36037,-3.49759,0,332.622,209.386,339.934,0.99579,0.00253396,0.00144789
473.25,0,280.735,281.317,281.808,238.087,-4.35711,-3.49351,0,332.622,209.386,339.934,0.995791,0.002531,0.00166863
473.75,0,280.73,281.312,281.802,238.087,-4.35331,-3.489,0,332.622,209.386,339.934,0.995793,0.00252772,0.00147791
474.25,0,280.723,281.306,281.797,238.086,-4.36474,-3.49808,0,332.521,209.37,339.934,0.995794,0.00253428,0.00169563
474.75,0,280.717,281.301,281.792,238.086,-4.36277,-3.49512,0,332.521,209.37,339.934,0.995795,0.00253212,0.00150915
475.25,0,280.712,281.295,281.786,238.086,-4.35951,-3.49106,0,332.521,209.37,339.934,0.995796,0.00252917,0.00169672
475.75,0,280.707,281.29,281.781,238.085,-4.35572,-3.48657,0,332.521,209.37,339.934,0.995797,0.0025259,0.00153633
476.25,0,280.7,281.284,281.775,238.085,-4.3671,-3.4956,0,332.421,209.355,339.934,0.995798,0.00253243,0.00172359
476.75,0,280.695,281.278,281.77,238.085,-4.36514,-3.49265,0,332.421,209.355,339.934,0.9958,0.00253028,0.00156499
477.25,0,280.689,281.273,281.764,238.084,-4.36189,-3.48861,0,332.421,209.355,339.934,0.995801,0.00252734,0.00172482
477.75,0,280.684,281.267,281.759,238.084,-4.35812,-3.48414,0,332.421,209.355,339.934,0.995802,0.00252409,0.00158983
478.25,0,280.678,281.261,281.754,238.084,-4.36945,-3.49312,0,332.321,209.339,339.934,0.995803,0.00253058,0.00175148
478.75,0,280.672,281.256,281.748,238.083,-4.36749,-3.49018,0,332.321,209.339,339.934,0.995804,0.00252844,0.00161633
479.25,0,280.667,281.25,281.743,238.083,-4.36425,-3.48617,0,332.321,209.339,339.934,0.995805,0.00252552,0.00175276
479.75,0,280.662,281.245,281.737,238.082,-4.36049,-3.48172,0,332.321,209.339,339.934,0.995806,0.00252229,0.00163918
480.25,0,280.655,281.239,281.732,238.082,-4.37178,-3.49065,0,332.221,209.324,339.934,0.995808,0.00252874,0.00177918
480.75,0,280.65,281.234,281.727,238.082,-4.36983,-3.48772,0,332.221,209.324,339.934,0.995809,0.00252661,0.0016638
481.25,0,280.644,281.228,281.721,238.081,-4.3666,-3.48373,0,332.221,209.324,339.934,0.99581,0.0025237,0.00178049
481.75,0,280.639,281.223,281.716,238.081,-4.36285,-3.4793,0,332.221,209.324,339.934,0.995811,0.00252048,0.00168493
482.25,0,280.633,281.217,281.711,238.081,-4.37409,-3.48818,0,332.122,209.309,339.934,0.995812,0.0025269,0.00180667
482.75,0,280.627,281.211,281.705,238.08,-4.37214,-3.48527,0,332.122,209.309,339.934,0.995813,0.00252478,0.00170792
483.25,0,280.622,281.206,281.7,238.08,-4.36892,-3.48129,0,332.122,209.309,339.934,0.995814,0.00252188,0.001808
483.75,0,280.617,281.201,281.695,238.08,-4.36519,-3.47688,0,332.122,209.309,339.934,0.995815,0.00251868,0.00172753
484.25,0,280.61,281.195,281.689,238.079,-4.37638,-3.48571,0,332.023,209.293,339.934,0.995817,0.00252506,0.00183394
484.75,0,280.605,281.189,281.684,238.079,-4.37444,-3.48282,0,332.023,209.293,339.934,0.995818,0.00252295,0.00174909
485.25,0,280.6,281.184,281.679,238.079,-4.37123,-3.47886,0,332.023,209.293,339.934,0.995819,0.00252007,0.00183528
485.75,0,280.595,281.179,281.673,238.078,-4.36751,-3.47447,0,332.023,209.293,339.934,0.99582,0.00251688,0.00176738
486.25,0,280.588,281.173,281.668,238.078,-4.37865,-3.48325,0,331.925,209.278,339.934,0.995821,0.00252323,0.00216584
486.75,0,280.583,281.168,281.663,238.078,-4.37672,-3.48037,0,331.925,209.278,339.934,0.995822,0.00252113,0.0021578
487.25,0,280.578,281.162,281.657,238.077,-4.37352,-3.47642,0,331.925,209.278,339.934,0.995823,0.00251826,0.00217456
487.75,0,280.573,281.157,281.652,238.077,-4.36981,-3.47206,0,331.925,209.278,339.934,0.995824,0.00251508,0.00217755
488.25,0,280.566,281.151,281.647,238.077,-4.38091,-3.4808,0,331.827,209.263,339.934,0.995826,0.00252141,0.00220492
488.75,0,280.561,281.146,281.641,238.076,-4.37899,-3.47793,0,331.827,209.263,339.934,0.995827,0.00251931,0.00219924
489.25,0,280.556,281.14,281.636,238.076,-4.3758,-3.47401,0,331.827,209.263,339.934,0.995828,0.00251646,0.00221314
489.75,0,280.551,281.135,281.631,238.076,-4.3721,-3.46967,0,331.827,209.263,339.934,0.995829,0.0025133,0.00221792
490.25,0,280.544,281.129,281.626,238.075,-4.38316,-3.47836,0,331.73,209.249,339.934,0.99583,0.00251959,0.00224275
490.75,0,280.539,281.124,281.62,238.075,-4.38124,-3.47551,0,331.73,209.249,339.934,0.995831,0.00251751,0.0022386
491.25,0,280.534,281.119,281.615,238.075,-4.37807,-3.47161,0,331.73,209.249,339.934,0.995832,0.00251467,0.00225049
491.75,0,280.529,281.113,281.61,238.074,-4.37438,-3.46728,0,331.73,209.249,339.934,0.995833,0.00251153,0.00225633
492.25,0,280.522,281.108,281.605,238.074,-4.3854,-3.47594,0,331.633,209.234,339.934,0.995834,0.00251778,0.00227939
492.75,0,280.517,281.102,281.599,238.074,-4.38349,-3.4731,0,331.633,209.234,339.934,0.995835,0.00251571,0.0022761
493.25,0,280.512,281.097,281.594,238.073,-4.38033,-3.46922,0,331.633,209.234,339.934,0.995836,0.00251289,0.00228668
493.75,0,280.507,281.092,281.589,238.073,-4.37666,-3.46491,0,331.633,209.234,339.934,0.995837,0.00250976,0.00229298
494.25,0,280.5,281.086,281.584,238.073,-4.38763,-3.47352,0,331.536,209.219,339.934,0.995839,0.00251598,0.0023149
494.75,0,280.495,281.081,281.578,238.072,-4.38573,-3.4707,0,331.536,209.219,339.934,0.99584,0.00251392,0.00231192
495.25,0,280.49,281.076,281.573,238.072,-4.38258,-3.46683,0,331.536,209.219,339.934,0.995841,0.00251111,0.00232176
495.75,0,280.485,281.07,281.568,238.072,-4.37892,-3.46255,0,331.536,209.219,339.934,0.995842,0.002508,0.00232805
496.25,0,280.478,281.065,281.563,238.071,-4.38986,-3.47112,0,331.44,209.205,339.934,0.995843,0.00251419,0.00234932
496.75,0,280.473,281.059,281.558,238.071,-4.38796,-3.4683,0,331.44,209.205,339.934,0.995844,0.00251214,0.00234625
497.25,0,280.468,281.054,281.552,238.071,-4.38482,-3.46446,0,331.44,209.205,339.934,0.995845,0.00250935,0.00235575
497.75,0,280.463,281.049,281.547,238.07,-4.38118,-3.4602,0,331.44,209.205,339.934,0.995846,0.00250625,0.0023617
498.25,0,280.457,281.043,281.542,238.07,-4.39207,-3.46872,0,331.344,209.19,339.934,0.995847,0.00251241,0.00238269
498.75,0,280.452,281.038,281.537,238.07,-4.39018,-3.46592,0,331.344,209.19,339.934,0.995848,0.00251037,0.00237924
499.25,0,280.447,281.033,281.532,238.069,-4.38705,-3.4621,0,331.344,209.19,339.934,0.995849,0.00250759,0.00238872
499.75,0,280.442,281.028,281.527,238.069,-4.38342,-3.45786,0,331.344,209.19,339.934,0.99585,0.00250451,0.00239407
500.25,0,280.435,281.022,281.521,238.069,-4.39427,-3.46634,0,331.248,209.176,339.934,0.995852,0.00251063,0.00241504
500.75,0,280.43,281.017,281.516,238.068,-4.39239,-3.46355,0,331.248,209.176,339.934,0.995853,0.0025086,0.00241101
501.25,0,280.425,281.012,281.511,238.068,-4.38927,-3.45975,0,331.248,209.176,339.934,0.995854,0.00250583,0.00242068
501.75,0,280.42,281.006,281.506,238.068,-4.38566,-3.45553,0,331.248,209.176,339.934,0.995855,0.00250277,0.00242529
502.25,0,280.414,281.001,281.501,238.068,-4.39646,-3.46396,0,331.153,209.161,339.934,0.995856,0.00250886,0.00244641
502.75,0,280.409,280.996,281.496,238.067,-4.39459,-3.46119,0,331.153,209.161,339.934,0.995857,0.00250684,0.00311828
503.25,0,280.404,280.99,281.491,238.067,-4.39148,-3.4574,0,331.153,209.161,339.934,0.995858,0.00250409,0.00288284
503.75,0,280.399,280.985,281.485,238.067,-4.38788,-3.45321,0,331.153,209.161,339.934,0.995859,0.00250104,0.00313068
504.25,0,280.392,280.98,281.48,238.066,-4.39871,-3.46165,0,331.058,209.147,339.934,0.99586,0.00250714,0.00291154
504.75,0,280.387,280.975,281.475,238.066,-4.39686,-3.4589,0,331.058,209.147,339.934,0.995861,0.00250514,0.00314498
505.25,0,280.382,280.969,281.47,238.066,-4.39377,-3.45514,0,331.058,209.147,339.934,0.995862,0.0025024,0.00292426
505.75,0,280.378,280.964,281.465,238.065,-4.39018,-3.45097,0,331.058,209.147,339.934,0.995863,0.00249937,0.00315675
506.25,0,280.371,280.959,281.46,238.065,-4.40099,-3.45938,0,330.963,209.133,339.934,0.995864,0.00250545,0.00461321
506.75,0,280.366,280.954,281.455,238.065,-4.39915,-3.45665,0,330.963,209.133,339.934,0.995865,0.00250346,0.00472136
507.25,0,280.361,280.948,281.45,238.065,-4.39607,-3.45291,0,330.963,209.133,339.934,0.995866,0.00250074,0.00463545
507.75,0,280.356,280.943,281.445,238.064,-4.3925,-3.44876,0,330.963,209.133,339.934,0.995867,0.00249772,0.00474651
508.25,0,280.35,280.938,281.44,238.064,-4.40375,-3.45755,0,330.865,209.119,339.934,0.995869,0.00250407,0.00466057
508.75,0,280.345,280.933,281.434,238.064,-4.40199,-3.45489,0,330.865,209.119,339.934,0.99587,0.00250213,0.00477234
509.25,0,280.34,280.927,281.429,238.064,-4.39896,-3.45119,0,330.865,209.119,339.934,0.995871,0.00249945,0.00468213
509.75,0,280.335,280.922,281.424,238.063,-4.39542,-3.44708,0,330.865,209.119,339.934,0.995872,0.00249646,0.00479549
510.25,0,280.329,280.917,281.419,238.063,-4.40663,-3.4558,0,330.768,209.106,339.934,0.995873,0.00250276,0.00470638
510.75,0,280.323,280.912,281.414,238.063,-4.40489,-3.45316,0,330.768,209.106,339.934,0.995874,0.00250084,0.00481955
511.25,0,280.319,280.907,281.409,238.063,-4.40188,-3.44949,0,330.768,209.106,339.934,0.995875,0.00249817,0.00472705
511.75,0,280.314,280.901,281.404,238.063,-4.39836,-3.4454,0,330.768,209.106,339.934,0.995876,0.00249519,0.00484103
512.25,0,280.307,280.896,281.399,238.062,-4.40954,-3.45408,0,330.671,209.093,339.934,0.995877,0.00250147,0.00475019
512.75,0,280.302,280.891,281.394,238.062,-4.4078,-3.45146,0,330.671,209.093,339.934,0.995878,0.00249956,0.0048635
513.25,0,280.297,280.886,281.389,238.062,-4.40481,-3.44781,0,330.671,209.093,339.934,0.995879,0.0024969,0.00476989
513.75,0,280.293,280.881,281.384,238.062,-4.40131,-3.44374,0,330.671,209.093,339.934,0.99588,0.00249394,0.0048835
514.25,0,280.286,280.875,281.379,238.061,-4.41245,-3.45238,0,330.575,209.079,339.934,0.995882,0.00250019,0.00479189
514.75,0,280.281,280.87,281.374,238.061,-4.41073,-3.44977,0,330.575,209.079,339.934,0.995883,0.00249828,0.00490454
515.25,0,280.276,280.865,281.369,238.061,-4.40775,-3.44613,0,330.575,209.079,339.934,0.995884,0.00249564,0.00481062
515.75,0,280.272,280.86,281.364,238.061,-4.40426,-3.44208,0,330.575,209.079,339.934,0.995885,0.0024927,0.00492319
516.25,0,280.265,280.855,281.359,238.06,-4.41536,-3.45068,0,330.478,209.066,339.934,0.995886,0.00249891,0.0048315
516.75,0,280.26,280.849,281.354,238.06,-4.41364,-3.44809,0,330.478,209.066,339.934,0.995887,0.00249702,0.00494291
517.25,0,280.255,280.844,281.349,238.06,-4.41068,-3.44447,0,330.478,209.066,339.934,0.995888,0.00249439,0.00484928
517.75,0,280.251,280.839,281.344,238.06,-4.4072,-3.44044,0,330.478,209.066,339.934,0.995889,0.00249146,0.00496032
518.25,0,280.244,280.834,281.339,238.059,-4.41827,-3.449,0,330.382,209.053,339.934,0.995891,0.00249764,0.00517275
518.75,0,280.239,280.829,281.334,238.059,-4.41655,-3.44641,0,330.382,209.053,339.934,0.995892,0.00249576,0.00599681
519.25,0,280.234,280.824,281.329,238.059,-4.4136,-3.44281,0,330.382,209.053,339.934,0.995893,0.00249314,0.00517966
519.75,0,280.23,280.819,281.324,238.059,-4.41014,-3.4388,0,330.382,209.053,339.934,0.995894,0.00249022,0.00598895
520.25,0,280.223,280.814,281.319,238.059,-4.42132,-3.44745,0,330.286,209.04,339.934,0.995895,0.00249648,0.00518059
520.75,0,280.218,280.808,281.314,238.058,-4.41964,-3.4449,0,330.286,209.04,339.934,0.995896,0.00249461,0.00598213
521.25,0,280.214,280.803,281.309,238.058,-4.4167,-3.44132,0,330.286,209.04,339.934,0.995897,0.00249202,0.00518871
521.75,0,280.209,280.798,281.304,238.058,-4.41326,-3.43734,0,330.286,209.04,339.934,0.995898,0.00248912,0.00597339
522.25,0,280.202,280.793,281.299,238.058,-4.42439,-3.44593,0,330.19,209.027,339.934,0.9959,0.00249533,0.00519083
522.75,0,280.197,280.788,281.294,238.058,-4.42272,-3.44339,0,330.19,209.027,339.934,0.995901,0.00249347,0.00596585
523.25,0,280.193,280.783,281.29,238.057,-4.4198,-3.43983,0,330.19,209.027,339.934,0.995902,0.00249089,0.00519985
523.75,0,280.188,280.778,281.285,238.057,-4.41637,-3.43587,0,330.19,209.027,339.934,0.995903,0.00248801,0.0059565
524.25,0,280.182,280.773,281.28,238.057,-4.42745,-3.44441,0,330.094,209.014,339.934,0.995904,0.00249418,0.00520285
524.75,0,280.177,280.768,281.275,238.057,-4.42578,-3.44188,0,330.094,209.014,339.934,0.995905,0.00249233,0.00594844
525.25,0,280.172,280.763,281.27,238.056,-4.42287,-3.43834,0,330.094,209.014,339.934,0.995906,0.00248976,0.00521254
525.75,0,280.167,280.758,281.265,238.056,-4.41946,-3.43439,0,330.094,209.014,339.934,0.995907,0.00248689,0.00593866
526.25,0,280.161,280.752,281.26,238.056,-4.43049,-3.44288,0,329.999,209.001,339.934,0.995909,0.00249303,0.00521621
526.75,0,280.156,280.747,281.255,238.056,-4.42883,-3.44036,0,329.999,209.001,339.934,0.99591,0.00249119,0.00593024
527.25,0,280.151,280.742,281.25,238.056,-4.42593,-3.43684,0,329.999,209.001,339.934,0.995911,0.00248863,0.00522641
527.75,0,280.147,280.737,281.245,238.055,-4.42253,-3.43291,0,329.999,209.001,339.934,0.995912,0.00248577,0.00592019
528.25,0,280.14,280.732,281.241,238.055,-4.43351,-3.44135,0,329.904,208.989,339.934,0.995913,0.00249187,0.00523058
528.75,0,280.135,280.727,281.236,238.055,-4.43186,-3.43884,0,329.904,208.989,339.934,0.995914,0.00249004,0.00591154
529.25,0,280.131,280.722,281.231,238.055,-4.42897,-3.43534,0,329.904,208.989,339.934,0.995915,0.00248749,0.00524113
529.75,0,280.126,280.717,281.226,238.055,-4.42558,-3.43142,0,329.904,208.989,339.934,0.995916,0.00248465,0.00590135
530.25,0,280.12,280.712,281.221,238.054,-4.43651,-3.43981,0,329.81,208.976,339.934,0.995917,0.00249071,0.00524566
530.75,0,280.115,280.707,281.216,238.054,-4.43486,-3.43732,0,329.81,208.976,339.934,0.995919,0.00248889,0.0058926
531.25,0,280.11,280.702,281.211,238.054,-4.43198,-3.43383,0,329.81,208.976,339.934,0.99592,0.00248635,0.00525642
531.75,0.00176758,280.117,280.699,281.207,238.054,-4.34458,-3.36121,0.564383,329.81,208.976,339.934,0.995915,0.00243378,0.00581221
532.25,0.00620022,280.144,280.702,281.202,238.054,-4.13447,-3.19035,1.97972,329.72,208.969,339.934,0.995892,0.00231008,0.00509169
532.75,0.0106327,280.179,280.708,281.197,238.054,-3.88342,-2.98313,3.39501,329.72,208.969,339.934,0.995863,0.00216009,0.00568045
533.25,0.015065,280.22,280.718,281.192,238.053,-3.61946,-2.76343,4.81024,329.72,208.969,339.934,0.995831,0.00200106,0.00500544
533.75,0.0194971,280.265,280.73,281.188,238.053,-3.34806,-2.53664,6.22537,329.72,208.969,339.934,0.995795,0.0018369,0.0055807
534.25,0.0239287,280.318,280.747,281.184,238.053,-3.12796,-2.31781,7.74339,329.729,209.032,339.934,0.995661,0.0016785,0.00468328
534.75,0.0283599,280.374,280.766,281.18,238.054,-2.84638,-2.04767,9.27444,329.729,209.032,490.937,0.995559,0.00148293,0.00543131
535.25,0.0327905,280.432,280.787,281.177,238.054,-2.56248,-1.77419,10.8053,329.729,209.032,490.937,0.995477,0.00128493,0.00463909
535.75,0.0372204,280.492,280.81,281.174,238.054,-2.27686,-1.49838,12.3359,329.729,209.032,490.937,0.995407,0.00108522,0.00533744
536.25,0.0416497,280.56,280.838,281.172,238.054,-2.1074,-1.1902,13.8663,329.858,209.133,490.937,0.995233,0.000862063,0.00430294
536.75,0.0460781,280.627,280.867,281.17,238.054,-1.82439,-0.900468,15.3964,329.858,209.133,490.937,0.995104,0.000652243,0.00520528
537.25,0.0505056,280.695,280.896,281.169,238.054,-1.539,-0.610284,16.9476,329.858,209.133,490.937,0.995001,0.000442145,0.00428442
537.75,0.0549321,280.768,280.928,281.169,238.055,-1.20343,-0.332862,18.6648,329.858,209.133,490.937,0.994917,0.000242935,0.00508488
538.25,0.0593575,280.852,280.965,281.168,238.055,-0.946691,-0.0397541,20.3816,330.085,209.258,490.937,0.994706,3.53866e-05,0.00385462
538.75,0.0637818,280.937,281.004,281.17,238.055,-0.54868,0.0961285,22.0979,330.085,209.258,490.937,0.994188,0,0.00487589
539.25,0.0682048,281.024,281.046,281.171,238.056,-0.116649,0.188359,23.8137,330.085,209.258,490.937,0.993168,0,0.00379448
539.75,0.0726265,281.096,281.093,281.173,238.056,0.576986,0.326458,25.529,330.085,209.258,490.937,0.991765,0,0.00475268
540.25,0.0770467,281.172,281.147,281.176,238.057,1.39778,0.450788,27.2438,330.434,209.408,490.937,0.989877,0,0.00336896
540.75,0.0814655,281.239,281.2,281.181,238.057,2.22886,0.561531,28.9579,330.434,209.408,692.2,0.987878,0,0.00455237
541.25,0.0858826,281.307,281.255,281.186,238.058,2.95455,0.677153,30.6715,330.434,209.408,692.2,0.985665,0,0.00335742
541.75,0.090298,281.376,281.311,281.193,238.058,3.63208,0.793199,32.3844,330.434,209.408,692.2,0.984082,0,0.00442477
542.25,0.0947117,281.444,281.363,281.202,238.059,4.65168,0.903617,34.0966,330.954,209.539,692.2,0.98196,0,0.00298344
542.75,0.0991235,281.51,281.417,281.213,238.06,5.44255,1.02516,35.8081,330.954,209.539,692.2,0.979668,0,0.0042288
543.25,0.103533,281.579,281.474,281.226,238.06,6.24645,1.15476,37.7326,330.954,209.539,692.2,0.977207,0,0.00294327
543.75,0.107941,281.65,281.534,281.24,238.061,7.04904,1.29142,39.7091,330.954,209.539,692.2,0.974588,0,0.00405344
544.25,0.112347,281.724,281.588,281.263,238.062,8.17171,1.41912,41.6848,331.537,209.67,692.2,0.97348,0,0.00267723
544.75,0.11675,281.791,281.642,281.29,238.063,9.17315,1.53558,43.6594,331.537,209.67,956.226,0.971118,0,0.00381004
545.25,0.121152,281.859,281.698,281.319,238.063,10.0653,1.67346,45.633,331.537,209.67,956.226,0.968621,0,0.00264435
545.75,0.12555,281.929,281.756,281.351,238.064,10.9143,1.81592,47.6056,331.537,209.67,956.226,0.966005,0,0.00363053
546.25,0.129947,282.006,281.817,281.386,238.065,12.0183,1.97635,49.577,332.158,209.806,956.226,0.963206,0,0.00236496
546.75,0.134341,282.078,281.875,281.428,238.066,12.8796,2.11233,51.5473,332.158,209.806,956.226,0.962382,0,0.00336797
547.25,0.138732,282.145,281.928,281.478,238.067,13.8687,2.21024,53.5164,332.158,209.806,956.226,0.959996,0,0.00236291
547.75,0.14312,282.212,281.983,281.53,238.068,14.7999,2.3547,55.4843,332.158,209.806,956.226,0.957507,0,0.00325195
548.25,0.147506,282.286,282.04,281.585,238.069,15.9897,2.51628,57.4509,332.823,209.945,956.226,0.954873,0,0.00208389
548.75,0.151889,282.357,282.098,281.641,238.07,16.8828,2.67166,59.4163,332.823,209.945,956.226,0.95215,0,0.00311421
549.25,0.156268,282.428,282.159,281.699,238.071,17.7162,2.82882,61.3803,332.823,209.945,956.226,0.949351,0,0.00203291
549.75,0.160645,282.501,282.22,281.758,238.072,18.5271,2.98968,63.3429,332.823,209.945,1308.03,0.946482,0,0.00296621
550.25,0.165019,282.574,282.272,281.809,238.074,19.8078,3.09453,65.3041,333.544,210.089,1308.03,0.946669,0,0.00185461
550.75,0.169389,282.64,282.324,281.861,238.075,20.8843,3.21458,67.2638,333.544,210.089,1308.03,0.944247,0,0.0027544
551.25,0.173756,282.708,282.378,281.915,238.076,21.9428,3.37147,69.473,333.544,210.089,1308.03,0.941734,0,0.00182985
551.75,0.178119,282.777,282.433,281.97,238.077,22.9949,3.53327,71.7212,333.544,210.089,1308.03,0.939136,0,0.0026544
552.25,0.182479,282.854,282.491,282.027,238.079,24.342,3.71359,73.9676,334.225,210.23,1308.03,0.936416,0,0.00159687
552.75,0.186836,282.927,282.55,282.086,238.08,25.3949,3.88698,76.2122,334.225,210.23,1308.03,0.933614,0,0.00253484
553.25,0.191189,283.001,282.611,282.147,238.081,26.3897,4.06274,78.4549,334.225,210.23,1308.03,0.93074,0,0.00136178
553.75,0.195538,283.076,282.673,282.209,238.083,27.3627,4.24239,80.6957,334.225,210.23,1308.03,0.927797,0,0.00238218
554.25,0.199883,283.153,282.726,282.262,238.084,28.8196,4.35438,82.9344,335,210.383,1308.03,0.928404,0,0.00117568
554.75,0.204224,283.22,282.778,282.314,238.086,30.0884,4.47848,85.1712,335,210.383,1308.03,0.925929,0,0.00205066
555.25,0.208561,283.289,282.832,282.368,238.087,31.2075,4.64749,87.4059,335,210.383,1759.97,0.923386,0,0.00117452
555.75,0.212894,283.358,282.887,282.422,238.089,32.2808,4.819,89.6385,335,210.383,1759.97,0.920779,0,0.00196564
556.25,0.217223,283.433,282.943,282.479,238.09,33.6667,5.00888,91.8689,335.726,210.531,1759.97,0.918083,0,0.00100084
556.75,0.221548,283.505,283.001,282.537,238.092,34.7388,5.18984,94.0971,335.726,210.531,1759.97,0.915326,0,0.00177967
557.25,0.225868,283.577,283.06,282.596,238.093,35.7507,5.37253,96.3231,335.726,210.531,1759.97,0.912515,0,0.001021
557.75,0.230184,283.65,283.12,282.656,238.095,36.7413,5.55802,98.5468,335.726,210.531,1759.97,0.909655,0,0.0016885
558.25,0.234496,283.73,283.182,282.717,238.097,38.0937,5.76387,100.768,336.527,210.685,1759.97,0.906715,0,0.000902841
558.75,0.238802,283.805,283.241,282.776,238.098,39.1439,5.91761,102.987,336.527,210.685,1759.97,0.907486,0,0.00133568
559.25,0.243104,283.871,283.291,282.826,238.1,40.4005,5.98738,105.204,336.527,210.685,1759.97,0.905103,0,0.000916671
559.75,0.247402,283.937,283.342,282.877,238.102,41.5576,6.16182,107.418,336.527,210.685,1759.97,0.902667,0,0.00119348
560.25,0.251694,284.01,283.394,282.929,238.104,43.081,6.35682,109.742,337.311,210.84,1759.97,0.900155,0,0.000830172
560.75,0.255982,284.08,283.448,282.983,238.106,44.3468,6.54466,112.235,337.311,210.84,1759.97,0.897586,0,0.00106847
561.25,0.260264,284.15,283.503,283.038,238.107,45.5575,6.73437,114.725,337.311,210.84,2361.86,0.894963,0,0.000822433
561.75,0.264542,284.222,283.559,283.094,238.109,46.7456,6.92708,117.212,337.311,210.84,2361.86,0.89229,0,0.00104225
562.25,0.268814,284.3,283.617,283.152,238.111,48.2873,7.13999,119.696,338.099,210.995,2361.86,0.889545,0,0.000752582
562.75,0.273081,284.374,283.676,283.21,238.113,49.4946,7.34269,122.178,338.099,210.995,2361.86,0.88675,0,0.00101353
563.25,0.277342,284.449,283.736,283.27,238.115,50.6426,7.54688,124.656,338.099,210.995,2361.86,0.88391,0,0.000744746
563.75,0.281598,284.524,283.797,283.331,238.117,51.7709,7.75409,127.13,338.099,210.995,2361.86,0.881027,0,0.000985307
564.25,0.285849,284.607,283.857,283.392,238.119,53.306,7.96332,129.602,338.964,211.161,2361.86,0.881439,0,0.000667411
564.75,0.290094,284.674,283.906,283.44,238.121,54.7577,8.03958,132.071,338.964,211.161,2361.86,0.879109,0,0.000951944
565.25,0.294333,284.741,283.956,283.49,238.124,56.0956,8.22997,134.536,338.964,211.161,2361.86,0.876733,0,0.0006567
565.75,0.298566,284.808,284.007,283.541,238.126,57.3628,8.42094,136.997,338.964,211.161,2361.86,0.874315,0,0.000918388
566.25,0.302794,284.881,284.06,283.593,238.128,58.9719,8.63158,139.456,339.762,211.321,2361.86,0.871838,0,0.00055689
566.75,0.307015,284.95,284.113,283.647,238.13,60.2352,8.83034,141.91,339.762,211.321,3113.18,0.869321,0,0.000880754
567.25,0.311231,285.019,284.167,283.701,238.132,61.4344,9.02986,144.362,339.762,211.321,3113.18,0.866768,0,0.000545251
567.75,0.31544,285.089,284.222,283.756,238.135,62.6109,9.23176,146.809,339.762,211.321,3113.18,0.864179,0,0.000843042
568.25,0.319644,285.165,284.278,283.812,238.137,64.1589,9.45441,149.254,340.583,211.482,3113.18,0.861539,0,0.00043756
568.75,0.323841,285.237,284.335,283.869,238.139,65.3591,9.66508,151.694,340.583,211.482,3113.18,0.858865,0,0.000801169
569.25,0.328031,285.309,284.393,283.927,238.142,66.5003,9.87662,154.131,340.583,211.482,3113.18,0.856159,0,0.000425059
569.75,0.332215,285.382,284.452,283.985,238.144,67.6227,10.0907,156.564,340.583,211.482,3113.18,0.853423,0,0.000759344
570.25,0.336393,285.462,284.512,284.045,238.147,69.1506,10.3269,158.993,341.468,211.651,3113.18,0.850641,0,0.000312494
570.75,0.340564,285.532,284.564,284.097,238.149,70.4146,10.4999,161.419,341.468,211.651,3113.18,0.849768,0,0.000543123
571.25,0.344728,285.596,284.612,284.145,238.152,71.7766,10.6735,163.84,341.468,211.651,3113.18,0.847511,0,0.000239414
571.75,0.348886,285.661,284.661,284.194,238.154,73.0416,10.8703,166.258,341.468,211.651,3113.18,0.845225,0,0.00044809
572.25,0.353037,285.733,284.711,284.244,238.157,74.7636,11.0917,168.886,342.298,211.816,3113.18,0.842892,0,8.96722e-05
572.75,0.35718,285.801,284.762,284.295,238.159,76.1769,11.3021,171.589,342.298,211.816,3113.18,0.840525,0,0.000348106
573.25,0.361317,285.869,284.814,284.346,238.162,77.5331,11.5133,174.287,342.298,211.816,3113.18,0.838128,0,1.25915e-05
573.75,0.365447,285.938,284.866,284.399,238.165,78.8686,11.7269,176.98,342.298,211.816,3113.18,0.8357,0,0.000246691
574.25,0.369569,286.014,284.92,284.452,238.167,80.5789,11.9618,179.669,343.126,211.982,3113.18,0.833228,0,0
574.75,0.373685,286.084,284.974,284.506,238.17,81.9396,12.1838,182.353,343.126,211.982,3113.18,0.830727,0,0
575.25,0.377792,286.155,285.029,284.562,238.173,83.242,12.4066,185.032,343.126,211.982,3113.18,0.828199,0,0
575.75,0.381893,286.227,285.085,284.617,238.176,84.5257,12.6317,187.706,343.126,211.982,3113.18,0.825644,0,0
576.25,0.385986,286.305,285.142,284.674,238.18,86.1758,12.9711,190.376,344.013,212.157,3113.18,0.82074,0,0.0470785
576.75,0.390071,286.378,285.2,284.732,238.183,87.4669,13.2273,193.04,344.013,212.157,3113.18,0.818131,0,0
577.25,0.394149,286.445,285.249,284.781,238.186,88.7843,13.52,195.7,344.013,212.157,3113.18,0.814001,0,0
577.75,0.398219,286.508,285.294,284.825,238.189,90.2678,13.7576,198.354,344.013,212.157,3113.18,0.812005,0,0
578.25,0.402281,286.576,285.34,284.871,238.192,92.0752,13.9793,201.004,344.832,212.336,3113.18,0.80997,0,0
578.75,0.406335,286.64,285.386,284.918,238.195,93.5144,14.1867,203.648,344.832,212.336,3113.18,0.807908,0,0
579.25,0.410381,286.703,285.433,284.965,238.198,94.8852,14.3939,206.287,344.832,212.336,3113.18,0.80582,0,0
579.75,0.41442,286.768,285.481,285.013,238.201,96.2307,14.6029,208.92,344.832,212.336,3113.18,0.803708,0,0
580.25,0.41845,286.837,285.53,285.061,238.204,97.9318,14.8324,211.549,345.626,212.501,3113.18,0.801562,0,0
580.75,0.422471,286.903,285.579,285.111,238.207,99.2957,15.0486,214.172,345.626,212.501,3113.18,0.799393,0,0
581.25,0.426485,286.969,285.629,285.16,238.21,100.603,15.2652,216.79,345.626,212.501,3113.18,0.7972,0,0
581.75,0.43049,287.035,285.68,285.211,238.213,101.891,15.4838,219.402,345.626,212.501,3113.18,0.794987,0,0
582.25,0.434487,287.107,285.732,285.263,238.216,103.563,15.7243,222.008,346.471,212.672,3113.18,0.792742,0,0
582.75,0.438475,287.175,285.784,285.315,238.22,104.88,15.9507,224.61,346.471,212.672,3113.18,0.790475,0,0
583.25,0.442454,287.243,285.837,285.367,238.223,106.14,16.1774,227.205,346.471,212.672,3113.18,0.788189,0,0
583.75,0.446425,287.312,285.89,285.421,238.226,107.382,16.4062,229.795,346.471,212.672,3113.18,0.785883,0,0
584.25,0.450387,287.386,285.944,285.475,238.23,109.033,16.6581,232.379,347.364,212.85,3113.18,0.783549,0,0
584.75,0.454341,287.456,285.999,285.53,238.233,110.309,16.8949,234.957,347.364,212.85,3113.18,0.781195,0,0
585.25,0.458285,287.526,286.055,285.585,238.236,111.526,17.132,237.53,347.364,212.85,3113.18,0.778824,0,0
585.75,0.46222,287.597,286.111,285.641,238.24,112.727,17.3712,240.096,347.364,212.85,3113.18,0.776436,0,0
586.25,0.466146,287.674,286.168,285.698,238.243,114.36,17.6349,242.657,348.305,213.034,3113.18,0.774021,0,0
586.75,0.470063,287.746,286.225,285.756,238.247,115.598,17.8824,245.212,348.305,213.034,3113.18,0.771589,0,0
587.25,0.473971,287.818,286.284,285.814,238.25,116.775,18.1301,247.76,348.305,213.034,3113.18,0.769142,0,0
587.75,0.47787,287.891,286.342,285.872,238.254,117.936,18.3799,250.303,348.305,213.034,3113.18,0.76668,0,0
588.25,0.481759,287.97,286.402,285.932,238.257,119.553,18.6555,252.84,349.294,213.224,3113.18,0.764194,0,0
588.75,0.485638,288.044,286.462,285.992,238.261,120.754,18.9139,255.37,349.294,213.224,3113.18,0.761693,0,0
589.25,0.489508,288.118,286.523,286.052,238.265,121.894,19.1724,257.894,349.294,213.224,3113.18,0.759179,0,0
589.75,0.493369,288.193,286.584,286.113,238.268,123.016,19.4331,260.412,349.294,213.224,3113.18,0.756652,0,0
590.25,0.49722,288.275,286.646,286.175,238.272,124.617,19.7208,262.923,350.33,213.421,3113.18,0.754103,0,0
590.75,0.501061,288.351,286.708,286.238,238.276,125.815,19.9918,265.494,350.33,213.421,3113.18,0.75154,0,0
591.25,0.504892,288.429,286.772,286.301,238.28,127.036,20.267,268.232,350.33,213.421,3113.18,0.748963,0,0
591.75,0.508713,288.507,286.835,286.365,238.283,128.251,20.5451,270.962,350.33,213.421,3113.18,0.746373,0,0
592.25,0.512524,288.593,286.9,286.429,238.287,129.968,20.8522,273.685,351.413,213.625,3113.18,0.743761,0,0
592.75,0.516325,288.673,286.965,286.494,238.291,131.231,21.1401,276.401,351.413,213.625,3113.18,0.741134,0,0
593.25,0.520117,288.753,287.031,286.56,238.295,132.429,21.4282,279.109,351.413,213.625,3113.18,0.738496,0,0
593.75,0.523897,288.833,287.098,286.626,238.299,133.61,21.7187,281.81,351.413,213.625,3113.18,0.735846,0,0
594.25,0.527668,288.921,287.165,286.694,238.303,135.313,22.0396,284.504,352.545,213.838,3113.18,0.733175,0,0
594.75,0.531428,289.003,287.233,286.761,238.307,136.541,22.34,287.191,352.545,213.838,3113.18,0.730493,0,0
595.25,0.535178,289.086,287.301,286.83,238.311,137.701,22.6406,289.87,352.545,213.838,3113.18,0.7278,0,0
595.75,0.538917,289.168,287.37,286.899,238.315,138.842,22.9435,292.541,352.545,213.838,3113.18,0.725099,0,0
596.25,0.542645,289.259,287.44,286.968,238.319,140.53,23.2783,295.205,353.727,214.057,3113.18,0.722379,0,0
596.75,0.546363,289.343,287.511,287.039,238.323,141.721,23.5914,297.862,353.727,214.057,3113.18,0.719649,0,0
597.25,0.550071,289.427,287.582,287.11,238.327,142.842,23.9044,300.51,353.727,214.057,3113.18,0.716911,0,0
597.75,0.553767,289.511,287.653,287.181,238.331,143.944,24.22,303.151,353.727,214.057,3113.18,0.714166,0,0
598.25,0.557453,289.604,287.725,287.253,238.335,145.615,24.5689,305.785,354.957,214.282,3113.18,0.711405,0,0
598.75,0.561127,289.69,287.798,287.326,238.34,146.769,24.8948,308.41,354.957,214.282,3113.18,0.708635,0,0
599.25,0.564791,289.776,287.872,287.399,238.344,147.851,25.2206,311.027,354.957,214.282,3113.18,0.70586,0,0
599.75,0.568443,289.863,287.946,287.473,238.348,148.914,25.5489,313.637,354.957,214.282,3113.18,0.70308,0,0
600.25,0.572084,289.958,288.02,287.548,238.352,150.568,25.9122,316.238,356.236,214.513,3113.18,0.700285,0,0
600.75,0.575714,290.046,288.096,287.623,238.357,151.686,26.2511,318.832,356.236,214.513,3113.18,0.697484,0,0
601.25,0.579333,290.134,288.172,287.699,238.361,152.728,26.5898,321.417,356.236,214.513,3113.18,0.69468,0,0
601.75,0.58294,290.222,288.248,287.775,238.365,153.751,26.931,323.995,356.236,214.513,3113.18,0.691872,0,0
602.25,0.586536,290.319,288.325,287.852,238.37,155.389,27.309,326.564,357.562,214.751,3113.18,0.689051,0,0
602.75,0.590121,290.409,288.403,287.929,238.374,156.469,27.6611,329.125,357.562,214.751,3113.18,0.686226,0,0
603.25,0.593693,290.499,288.481,288.007,238.379,157.473,28.0129,331.677,357.562,214.751,3113.18,0.683399,0,0
603.75,0.597255,290.589,288.559,288.086,238.383,158.457,28.3673,334.222,357.562,214.751,3113.18,0.680571,0,0
604.25,0.600804,290.688,288.639,288.165,238.388,160.077,28.76,336.758,358.935,214.995,3113.18,0.677732,0,0
604.75,0.604341,290.78,288.718,288.245,238.392,161.121,29.1255,339.285,358.935,214.995,3113.18,0.67489,0,0
605.25,0.607867,290.871,288.799,288.325,238.397,162.085,29.4907,341.804,358.935,214.995,3113.18,0.672048,0,0
605.75,0.611381,290.963,288.88,288.405,238.401,163.03,29.8583,344.315,358.935,214.995,3113.18,0.669206,0,0
606.25,0.614883,291.065,288.961,288.487,238.406,164.632,30.2661,346.816,360.356,215.245,3113.18,0.666355,0,0
606.75,0.618372,291.158,289.043,288.569,238.41,165.639,30.6452,349.31,360.356,215.245,3113.18,0.663504,0,0
607.25,0.62185,291.251,289.126,288.651,238.415,166.564,31.0238,351.794,360.356,215.245,3113.18,0.660654,0,0
607.75,0.625315,291.345,289.209,288.734,238.42,167.469,31.4049,354.27,360.356,215.245,3113.18,0.657805,0,0
608.25,0.628768,291.448,289.292,288.818,238.424,169.054,31.828,356.737,361.822,215.5,4016.82,0.654949,0,0
608.75,0.632209,291.543,289.377,288.902,238.429,170.023,32.221,359.195,361.822,215.5,4016.82,0.652094,0,0
609.25,0.635637,291.638,289.461,288.986,238.434,170.909,32.6132,361.645,361.822,215.5,4016.82,0.649242,0,0
609.75,0.639053,291.733,289.546,289.071,238.438,171.775,33.008,364.085,361.822,215.5,4016.82,0.646393,0,0
610.25,0.642456,291.838,289.632,289.157,238.443,173.342,33.4466,366.516,363.334,215.761,4016.82,0.643538,0,0
610.75,0.645846,291.935,289.718,289.243,238.448,174.274,33.8535,368.939,363.334,215.761,4016.82,0.640686,0,0
611.25,0.649224,292.031,289.805,289.329,238.453,175.121,34.2596,371.352,363.334,215.761,4016.82,0.637838,0,0
611.75,0.652589,292.129,289.892,289.416,238.458,176.003,34.6713,373.873,363.334,215.761,4016.82,0.634994,0,0
612.25,0.655941,292.236,289.98,289.504,238.463,177.63,35.1302,376.42,364.891,216.027,5273.21,0.632144,0,0
612.75,0.659281,292.336,290.068,289.592,238.468,178.606,35.5562,378.956,364.891,216.027,5273.21,0.629296,0,0
613.25,0.662607,292.435,290.157,289.68,238.472,179.496,35.9815,381.483,364.891,216.027,5273.21,0.626453,0,0
613.75,0.665921,292.534,290.246,289.769,238.477,180.365,36.4095,383.999,364.891,216.027,5273.21,0.623614,0,0
614.25,0.669221,292.629,290.322,289.846,238.496,181.803,37.531,386.506,366.495,216.301,5273.21,0.607228,0,0.445922
614.75,0.672508,292.727,290.412,289.936,238.502,182.644,38.2157,389.003,366.495,216.301,5273.21,0.604502,0,0.0415094
615.25,0.675782,292.827,290.503,290.026,238.506,183.419,38.6482,391.49,366.495,216.301,5273.21,0.601782,0,0
615.75,0.679043,292.928,290.594,290.117,238.51,184.222,39.086,393.966,366.495,216.301,5273.21,0.599068,0,0
616.25,0.68229,293.036,290.686,290.209,238.515,185.543,39.5605,396.433,367.614,216.664,5273.21,0.596343,0,0
616.75,0.685524,293.138,290.778,290.301,238.519,186.399,40.0117,398.889,367.614,216.664,5273.21,0.593624,0,0
617.25,0.688745,293.24,290.871,290.393,238.524,187.192,40.4633,401.335,367.614,216.664,7026.68,0.59091,0,0
617.75,0.691952,293.331,290.955,290.477,238.531,187.848,41.3306,403.771,367.614,216.664,7026.68,0.574675,0,0.0921347
618.25,0.695145,293.44,291.049,290.571,238.544,189.068,42.3448,406.197,369.067,216.93,7026.68,0.572076,0,0.264708
618.75,0.698325,293.533,291.132,290.654,238.548,189.802,43.0735,408.612,369.067,216.93,7026.68,0.562467,0,0
619.25,0.701491,293.613,291.198,290.72,238.553,190.959,43.6869,411.017,369.067,216.93,7026.68,0.56076,0,0
619.75,0.704643,293.692,291.264,290.786,238.557,192.105,44.0426,413.411,369.067,216.93,7026.68,0.559068,0,0
620.25,0.707781,293.778,291.331,290.852,238.561,193.762,44.4317,415.795,370.267,217.228,7026.68,0.557383,0,0
620.75,0.710905,293.857,291.397,290.918,238.565,194.9,44.7892,418.168,370.267,217.228,7026.68,0.555713,0,0
621.25,0.714016,293.934,291.462,290.984,238.569,195.96,45.1423,420.53,370.267,217.228,7026.68,0.554061,0,0
621.75,0.717112,294.012,291.514,291.035,238.585,196.996,45.4942,422.882,370.267,217.228,7026.68,0.542816,0,0.363878
622.25,0.720195,294.078,291.58,291.101,238.597,198.388,46.5454,425.223,371.131,217.525,7026.68,0.541235,0,0.286418
622.75,0.723263,294.155,291.645,291.167,238.601,199.274,46.8891,427.554,371.131,217.525,7026.68,0.539676,0,0
623.25,0.726317,294.232,291.711,291.232,238.604,200.24,47.2375,429.874,371.131,217.525,7026.68,0.538134,0,0
623.75,0.729357,294.308,291.776,291.297,238.608,201.209,47.5861,432.182,371.131,217.525,7026.68,0.536609,0,0
624.25,0.732382,294.391,291.835,291.356,238.613,202.661,47.9655,434.48,372.161,217.796,7026.68,0.522488,0,0.0648982
624.75,0.735393,294.456,291.9,291.421,238.617,203.356,49.233,436.767,372.161,217.796,7026.68,0.521057,0,0
625.25,0.738389,294.532,291.946,291.467,238.62,204.216,49.5728,439.043,372.161,217.796,7026.68,0.519032,0,0.0136251
625.75,0.741371,294.591,291.994,291.515,238.624,205.531,49.9369,441.308,372.161,217.796,7026.68,0.517851,0,0
626.25,0.744339,294.657,292.036,291.557,238.627,207.079,50.2602,443.562,373.024,217.956,7026.68,0.517044,0,0
626.75,0.747292,294.714,292.078,291.598,238.631,208.395,50.5229,445.805,373.024,217.956,7026.68,0.51625,0,0
627.25,0.75023,294.769,292.119,291.64,238.634,209.606,50.7782,448.037,373.024,217.956,9270.94,0.515469,0,0
627.75,0.753153,294.824,292.161,291.681,238.637,210.786,51.0305,450.257,373.024,217.956,9270.94,0.514701,0,0
628.25,0.756062,294.884,292.191,291.711,238.669,212.361,51.3094,452.467,373.919,218.117,5273.21,0.499504,0,0.918144
628.75,0.758956,294.922,292.232,291.752,238.687,213.269,52.623,454.665,373.919,218.117,7026.68,0.498815,0,0.517999
629.25,0.761834,294.975,292.272,291.792,238.689,214.25,52.8587,456.851,373.919,218.117,7026.68,0.498143,0,0
629.75,0.764698,295.028,292.312,291.833,238.69,215.341,53.0999,459.027,373.919,218.117,7026.68,0.497484,0,0
630.25,0.767547,295.079,292.353,291.873,238.692,216.268,53.3319,461.19,373.58,218.595,7026.68,0.49683,0,0
630.75,0.770381,295.132,292.392,291.912,238.694,217.339,53.5707,463.343,373.58,218.595,7026.68,0.496189,0,0
631.25,0.7732,295.184,292.432,291.952,238.696,218.42,53.8089,465.484,373.58,218.595,7026.68,0.49556,0,0
631.75,0.776003,295.235,292.471,291.991,238.697,219.497,54.0458,467.613,373.58,218.595,7026.68,0.494943,0,0
632.25,0.778791,295.292,292.51,292.03,238.699,220.967,54.3086,469.731,374.437,218.716,7026.68,0.494336,0,0
632.75,0.781564,295.343,292.549,292.069,238.701,222.084,54.5463,471.837,374.437,218.716,9270.94,0.49374,0,0
633.25,0.784322,295.394,292.587,292.107,238.703,223.153,54.7799,473.932,374.437,218.716,9270.94,0.493155,0,0
633.75,0.787064,295.444,292.625,292.145,238.705,224.21,55.0117,476.014,374.437,218.716,9270.94,0.492581,0,0
634.25,0.78979,295.499,292.663,292.183,238.707,225.651,55.2693,478.085,375.283,218.84,9270.94,0.492017,0,0
634.75,0.792502,295.549,292.697,292.216,238.719,226.743,55.5017,480.145,375.283,218.84,9270.94,0.473027,0,0.32772
635.25,0.795197,295.586,292.734,292.253,238.721,227.191,57.1382,482.192,375.283,218.84,9270.94,0.472557,0,0
635.75,0.797877,295.634,292.771,292.29,238.723,228.098,57.3531,484.228,375.283,218.84,9270.94,0.472103,0,0
636.25,0.800541,295.684,292.808,292.327,238.725,229.171,57.5805,486.268,375.452,218.962,9270.94,0.471648,0,0
636.75,0.80319,295.733,292.845,292.364,238.726,230.219,57.8044,488.362,375.452,218.962,9270.94,0.471203,0,0
637.25,0.805823,295.782,292.881,292.401,238.728,231.262,58.0269,490.443,375.452,218.962,9270.94,0.470768,0,0
637.75,0.80844,295.83,292.901,292.42,238.736,232.3,58.2481,492.511,375.452,218.962,9270.94,0.466609,0,0.180242
638.25,0.811041,295.866,292.938,292.457,238.737,233.814,58.7476,494.568,376.008,219.109,9270.94,0.466194,0,0
638.75,0.813626,295.913,292.974,292.493,238.739,234.705,58.9593,496.611,376.008,219.109,9270.94,0.465789,0,0
639.25,0.816195,295.961,293.005,292.524,238.744,235.693,59.1759,498.642,376.008,219.109,9270.94,0.463271,0,0.1019
639.75,0.818748,296.003,293.041,292.56,238.745,236.724,59.5482,500.66,376.008,219.109,9270.94,0.462891,0,0
640.25,0.821285,296.053,293.067,292.586,238.749,237.98,59.782,502.666,376.692,219.225,9270.94,0.461456,0,0.0589181
640.75,0.823806,296.092,293.1,292.619,238.752,239.168,60.0639,504.658,376.692,219.225,9270.94,0.460416,0,0.0341258
641.25,0.82631,296.136,293.125,292.644,238.754,240.096,60.3203,506.638,376.692,219.225,9270.94,0.459854,0,0.020718
641.75,0.828799,296.173,293.146,292.665,238.756,241.249,60.5269,508.605,376.692,219.225,9270.94,0.45955,0,0.0134824
642.25,0.831271,296.21,293.165,292.683,238.758,242.669,60.7193,510.559,377.209,219.345,9270.94,0.459383,0,0.00953699
642.75,0.833727,296.242,293.182,292.701,238.76,243.887,60.8769,512.501,377.209,219.345,9270.94,0.459293,0,0.00744631
643.25,0.836166,296.273,293.199,292.717,238.761,245.067,61.0217,514.429,377.209,219.345,9270.94,0.459246,0,0.00636901
643.75,0.838589,296.302,293.215,292.733,238.763,246.229,61.1595,516.344,377.209,219.345,9270.94,0.459222,0,0.00584506
644.25,0.840996,296.334,293.231,292.749,238.765,247.584,61.3098,518.247,377.673,219.422,9270.94,0.459208,0,0.00557561
644.75,0.843386,296.363,293.247,292.765,238.767,248.741,61.4429,520.136,377.673,219.422,9270.94,0.459202,0,0.00549126
645.25,0.845759,296.391,293.262,292.781,238.768,249.861,61.5725,522.012,377.673,219.422,9270.94,0.4592,0,0.00551201
645.75,0.848116,296.419,293.278,292.797,238.77,250.964,61.7005,523.875,377.673,219.422,9270.94,0.459201,0,0.00559165
646.25,0.850456,296.45,293.29,292.809,238.827,252.258,61.8434,525.725,378.124,219.491,7026.68,0.44111,0,1.77749
646.75,0.852779,296.466,293.304,292.823,238.849,252.733,63.4013,527.562,378.124,219.491,7026.68,0.441256,0,0.756633
647.25,0.855086,296.492,293.318,292.837,238.848,253.729,63.5048,529.385,378.124,219.491,7026.68,0.44141,0,0
647.75,0.857376,296.518,293.332,292.85,238.846,254.789,63.6122,531.195,378.124,219.491,7026.68,0.441566,0,0
648.25,0.859649,296.535,293.346,292.864,238.845,255.155,63.6742,532.992,376.665,220.183,7026.68,0.441719,0,0
648.75,0.861905,296.56,293.359,292.878,238.844,256.117,63.7754,534.776,376.665,220.183,7026.68,0.441874,0,0
649.25,0.864144,296.585,293.373,292.891,238.843,257.139,63.8801,536.546,376.665,220.183,7026.68,0.44203,0,0
649.75,0.866367,296.61,293.387,292.905,238.842,258.16,63.9846,538.302,376.665,220.183,7026.68,0.442188,0,0
650.25,0.868572,296.638,293.4,292.919,238.841,259.369,64.1033,540.045,377.089,220.188,9270.94,0.442347,0,0
650.75,0.87076,296.663,293.414,292.932,238.84,260.403,64.2083,541.775,377.089,220.188,9270.94,0.442508,0,0
651.25,0.872931,296.688,293.427,292.946,238.84,261.409,64.3112,543.491,377.089,220.188,9270.94,0.442669,0,0
651.75,0.875085,296.712,293.441,292.959,238.839,262.403,64.4132,545.194,377.089,220.188,9270.94,0.442833,0,0
652.25,0.877222,296.739,293.454,292.972,238.838,263.58,64.5294,546.883,377.514,220.204,9270.94,0.442997,0,0
652.75,0.879341,296.763,293.467,292.986,238.838,264.582,64.6315,548.558,377.514,220.204,9270.94,0.443163,0,0
653.25,0.881443,296.788,293.481,292.999,238.838,265.554,64.7315,550.22,377.514,220.204,9270.94,0.44333,0,0
653.75,0.883528,296.812,293.494,293.012,238.837,266.514,64.8303,551.868,377.514,220.204,9270.94,0.443499,0,0
654.25,0.885595,296.838,293.507,293.025,238.837,267.657,64.9435,553.503,377.94,220.225,9270.94,0.443668,0,0
654.75,0.887646,296.862,293.52,293.038,238.837,268.624,65.0425,555.123,377.94,220.225,9270.94,0.443839,0,0
655.25,0.889678,296.885,293.533,293.051,238.837,269.561,65.1392,556.73,377.94,220.225,9270.94,0.444012,0,0
655.75,0.891693,296.908,293.546,293.064,238.837,270.487,65.2349,558.323,377.94,220.225,9270.94,0.444186,0,0
656.25,0.893691,296.934,293.559,293.077,238.837,271.596,65.3448,559.902,378.365,220.248,9270.94,0.444361,0,0
656.75,0.895671,296.957,293.572,293.09,238.837,272.528,65.4406,561.467,378.365,220.248,9270.94,0.444538,0,0
657.25,0.897634,296.98,293.585,293.103,238.837,273.431,65.5341,563.019,378.365,220.248,9270.94,0.444716,0,0
657.75,0.899578,297.003,293.598,293.116,238.838,274.323,65.6265,564.556,378.365,220.248,9270.94,0.444897,0,0
658.25,0.901506,297.028,293.61,293.129,238.838,275.398,65.7331,566.079,378.79,220.274,9270.94,0.445077,0,0
658.75,0.903415,297.05,293.623,293.141,238.838,276.295,65.8256,567.589,378.79,220.274,9270.94,0.44526,0,0
659.25,0.905307,297.073,293.636,293.154,238.839,277.164,65.9158,569.084,378.79,220.274,9270.94,0.445444,0,0
659.75,0.907181,297.095,293.648,293.166,238.839,278.022,66.0048,570.565,378.79,220.274,9270.94,0.445631,0,0
660.25,0.909037,297.119,293.661,293.179,238.839,279.062,66.108,572.033,379.213,220.301,9270.94,0.445818,0,0
660.75,0.910875,297.141,293.673,293.191,238.84,279.926,66.1971,573.486,379.213,220.301,9270.94,0.446006,0,0
661.25,0.912695,297.163,293.682,293.2,238.878,280.761,66.2838,574.925,379.213,220.301,7026.68,0.422358,0,1.21506
661.75,0.914498,297.17,293.694,293.212,238.877,280.709,68.2978,576.349,379.213,220.301,7026.68,0.422603,0,0
662.25,0.916282,297.185,293.707,293.225,238.876,280.882,68.3365,577.76,378.165,220.535,9270.94,0.422847,0,0
662.75,0.918049,297.206,293.719,293.237,238.875,281.591,68.4116,579.156,378.165,220.535,9270.94,0.423094,0,0
663.25,0.919797,297.226,293.731,293.249,238.874,282.357,68.49,580.538,378.165,220.535,9270.94,0.423342,0,0
663.75,0.921527,297.247,293.743,293.261,238.874,283.139,68.5692,581.935,378.165,220.535,9270.94,0.423592,0,0
664.25,0.923239,297.271,293.756,293.273,238.873,284.112,68.6624,583.32,378.577,220.533,9270.94,0.423844,0,0
664.75,0.924934,297.291,293.768,293.285,238.873,284.915,68.7422,584.691,378.577,220.533,9270.94,0.424097,0,0
665.25,0.926609,297.312,293.779,293.297,238.872,285.693,68.82,586.047,378.577,220.533,9270.94,0.424352,0,0
665.75,0.928267,297.332,293.791,293.309,238.872,286.462,68.8967,587.388,378.577,220.533,9270.94,0.424609,0,0
666.25,0.929907,297.355,293.803,293.321,238.872,287.408,68.9872,588.715,378.988,220.54,9270.94,0.424866,0,0
666.75,0.931528,297.375,293.815,293.333,238.871,288.184,69.0638,590.026,378.988,220.54,9270.94,0.425126,0,0
667.25,0.933131,297.395,293.826,293.344,238.871,288.933,69.1382,591.323,378.988,220.54,9270.94,0.425386,0,0
667.75,0.934715,297.415,293.838,293.356,238.871,289.671,69.2115,592.606,378.988,220.54,9270.94,0.425649,0,0
668.25,0.936281,297.437,293.849,293.367,238.871,290.586,69.2983,593.873,379.397,220.55,9270.94,0.425913,0,0
668.75,0.937829,297.456,293.861,293.379,238.871,291.33,69.3714,595.125,379.397,220.55,9270.94,0.426178,0,0
669.25,0.939359,297.475,293.872,293.39,238.871,292.046,69.4422,596.363,379.397,220.55,12021.5,0.426445,0,0
669.75,0.940869,297.495,293.884,293.401,238.871,292.751,69.5118,597.585,379.397,220.55,12021.5,0.426713,0,0
670.25,0.942362,297.516,293.895,293.412,238.871,293.633,69.5949,598.793,379.805,220.562,12021.5,0.426983,0,0
670.75,0.943836,297.535,293.906,293.423,238.872,294.343,69.6642,599.985,379.805,220.562,12021.5,0.427254,0,0.00288059
671.25,0.945291,297.553,293.917,293.434,238.872,295.026,69.7313,601.163,379.805,220.562,12021.5,0.427527,0,0.0011198
671.75,0.946728,297.572,293.921,293.438,238.904,295.698,69.7972,602.325,379.805,220.562,12021.5,0.416459,0,1.0414
672.25,0.948146,297.576,293.932,293.449,238.939,295.814,70.7625,603.473,379.277,220.836,9270.94,0.416753,0,1.14923
672.75,0.949546,297.593,293.943,293.46,238.936,296.315,70.8158,604.605,379.277,220.836,9270.94,0.417051,0,0
673.25,0.950926,297.611,293.954,293.471,238.934,296.924,70.8757,605.723,379.277,220.836,9270.94,0.417352,0,0
673.75,0.952289,297.629,293.964,293.482,238.932,297.542,70.9356,606.825,379.277,220.836,9270.94,0.417654,0,0
674.25,0.953632,297.645,293.975,293.492,238.93,298.073,70.9891,607.912,379.097,221.172,9270.94,0.417961,0,0
674.75,0.954957,297.663,293.985,293.503,238.928,298.675,71.0463,608.984,379.097,221.172,9270.94,0.41827,0,0
675.25,0.956263,297.68,293.996,293.513,238.926,299.278,71.103,610.04,379.097,221.172,9270.94,0.418581,0,0
675.75,0.95755,297.697,294.006,293.524,238.924,299.875,71.1589,611.082,379.097,221.172,9270.94,0.418893,0,0
676.25,0.958818,297.716,294.016,293.534,238.923,300.643,71.2275,612.108,379.486,221.147,9270.94,0.419207,0,0
676.75,0.960068,297.732,294.027,293.544,238.921,301.247,71.283,613.119,379.486,221.147,9270.94,0.419523,0,0
677.25,0.961299,297.749,294.037,293.554,238.92,301.827,71.3363,614.115,379.486,221.147,9270.94,0.41984,0,0
677.75,0.96251,297.765,294.047,293.564,238.919,302.395,71.3885,615.096,379.486,221.147,9270.94,0.420159,0,0
678.25,0.963703,297.784,294.057,293.574,238.918,303.132,71.4533,616.061,379.873,221.129,9270.94,0.420479,0,0
678.75,0.964877,297.8,294.067,293.584,238.917,303.706,71.505,617.011,379.873,221.129,9270.94,0.420801,0,0
679.25,0.966032,297.815,294.076,293.594,238.916,304.253,71.5544,617.945,379.873,221.129,9270.94,0.421124,0,0
679.75,0.967168,297.831,294.086,293.603,238.915,304.789,71.6025,618.864,379.873,221.129,9270.94,0.42145,0,0
680.25,0.968285,297.849,294.085,293.603,238.934,305.493,71.6633,619.768,380.258,221.115,9270.94,0.404105,0,0.641016
680.75,0.969383,297.847,294.095,293.612,238.932,305.541,73.154,620.657,380.258,221.115,9270.94,0.404467,0,0
681.25,0.970462,297.862,294.105,293.622,238.93,305.879,73.1854,621.53,380.258,221.115,9270.94,0.404834,0,0
681.75,0.971522,297.876,294.114,293.631,238.929,306.344,73.2248,622.387,380.258,221.115,9270.94,0.405202,0,0
682.25,0.972563,297.888,294.124,293.641,238.928,306.524,73.2447,623.229,379.64,221.151,9270.94,0.405565,0,0
682.75,0.973584,297.902,294.133,293.65,238.927,306.957,73.2826,624.056,379.64,221.151,9270.94,0.405929,0,0
683.25,0.974587,297.917,294.142,293.66,238.925,307.413,73.3215,624.867,379.64,221.151,9270.94,0.406295,0,0
683.75,0.97557,297.931,294.152,293.669,238.924,307.867,73.3597,625.663,379.64,221.151,9270.94,0.406663,0,0
684.25,0.976535,297.948,294.161,293.678,238.923,308.49,73.4101,626.443,380.019,221.126,12021.5,0.407033,0,0
684.75,0.97748,297.962,294.17,293.687,238.922,308.954,73.448,627.208,380.019,221.126,12021.5,0.407404,0,0
685.25,0.978405,297.976,294.179,293.696,238.922,309.394,73.4837,627.957,380.019,221.126,12021.5,0.407777,0,0
685.75,0.979312,297.989,294.182,293.7,238.939,309.824,73.5181,628.69,380.019,221.126,12021.5,0.402174,0,0.580228
686.25,0.980199,297.995,294.191,293.709,238.937,310.059,74.0331,629.408,379.882,221.256,12021.5,0.402558,0,0
686.75,0.981068,298.008,294.2,293.717,238.936,310.383,74.0595,630.111,379.882,221.256,12021.5,0.402945,0,0
687.25,0.981916,298.021,294.209,293.726,238.935,310.768,74.0892,630.798,379.882,221.256,12021.5,0.403334,0,0
687.75,0.982746,298.034,294.218,293.735,238.933,311.153,74.1184,631.469,379.882,221.256,12021.5,0.403724,0,0
688.25,0.983556,298.049,294.226,293.743,238.932,311.705,74.1594,632.124,380.251,221.222,12021.5,0.404117,0,0
688.75,0.984347,298.061,294.235,293.752,238.931,312.101,74.1882,632.764,380.251,221.222,12021.5,0.404511,0,0
689.25,0.985119,298.074,294.243,293.76,238.93,312.473,74.2148,633.389,380.251,221.222,12021.5,0.404906,0,0
689.75,0.985871,298.086,294.251,293.768,238.929,312.836,74.2402,633.997,380.251,221.222,12021.5,0.405304,0,0
690.25,0.986604,298.1,294.26,293.777,238.929,313.357,74.2773,634.59,380.616,221.199,12021.5,0.405702,0,0
690.75,0.987317,298.112,294.259,293.776,238.944,313.724,74.3019,635.167,380.616,221.199,12021.5,0.400793,0,0.536444
691.25,0.988011,298.114,294.267,293.784,238.943,314.052,74.7468,635.729,380.616,221.199,12021.5,0.4012,0,0
691.75,0.988686,298.125,294.275,293.792,238.942,314.274,74.7608,636.275,380.616,221.199,12021.5,0.401611,0,0
692.25,0.989341,298.136,294.283,293.8,238.94,314.509,74.7756,636.805,380.488,221.304,12021.5,0.402022,0,0
692.75,0.989977,298.147,294.291,293.808,238.939,314.801,74.7934,637.319,380.488,221.304,12021.5,0.402435,0,0
693.25,0.990593,298.159,294.299,293.815,238.938,315.094,74.8107,637.818,380.488,221.304,12021.5,0.40285,0,0
693.75,0.99119,298.17,294.306,293.823,238.937,315.382,74.827,638.301,380.488,221.304,12021.5,0.403266,0,0
694.25,0.991767,298.182,294.314,293.831,238.936,315.828,74.8547,638.768,380.844,221.273,12021.5,0.403684,0,0
694.75,0.992325,298.193,294.321,293.838,238.935,316.123,74.8703,639.219,380.844,221.273,12021.5,0.404104,0,0
695.25,0.992863,298.203,294.321,293.838,238.95,316.394,74.8837,639.655,380.844,221.273,12021.5,0.399638,0,0.499488
695.75,0.993382,298.205,294.329,293.845,238.949,316.626,75.2877,640.075,380.844,221.273,12021.5,0.400067,0,0
696.25,0.993882,298.214,294.336,293.853,238.947,316.737,75.2897,640.479,380.747,221.367,12021.5,0.400497,0,0
696.75,0.994361,298.224,294.343,293.86,238.946,316.953,75.298,640.867,380.747,221.367,12021.5,0.400929,0,0
697.25,0.994822,298.234,294.35,293.867,238.945,317.174,75.306,641.24,380.747,221.367,12021.5,0.401362,0,0
697.75,0.995262,298.243,294.357,293.874,238.944,317.392,75.3133,641.596,380.747,221.367,12021.5,0.401798,0,0
698.25,0.995684,298.254,294.364,293.881,238.943,317.764,75.3314,641.937,381.092,221.331,12021.5,0.402235,0,0
698.75,0.996085,298.264,294.371,293.888,238.942,317.989,75.3378,642.262,381.092,221.331,12021.5,0.402674,0,0
699.25,0.996467,298.273,294.374,293.891,238.955,318.191,75.3421,642.571,381.092,221.331,12021.5,0.398543,0,0.463991
699.75,0.99683,298.276,294.381,293.898,238.954,318.282,75.721,642.864,381.092,221.331,12021.5,0.398992,0,0.00265578
700.25,0.997173,298.284,294.387,293.904,238.952,318.377,75.7168,643.142,381.029,221.414,12021.5,0.399442,0,0.00167731
700.75,0.997496,298.293,294.394,293.911,238.951,318.535,75.7161,643.404,381.029,221.414,12021.5,0.399895,0,0.002238
701.25,0.9978,298.301,294.4,293.917,238.95,318.694,75.7149,643.649,381.029,221.414,12021.5,0.400349,0,0.00178213
701.75,0.998084,298.309,294.407,293.923,238.949,318.847,75.7127,643.879,381.029,221.414,12021.5,0.400805,0,0.00200132
702.25,0.998348,298.319,294.413,293.93,238.948,319.147,75.7207,644.093,381.359,221.377,12021.5,0.401262,0,0.00175313
702.75,0.998593,298.326,294.419,293.936,238.947,319.305,75.7175,644.291,381.359,221.377,12021.5,0.401721,0,0.00183971
703.25,0.998818,298.334,294.413,293.93,238.96,319.44,75.7122,644.473,381.359,221.377,12021.5,0.398066,0,0.450542
703.75,0.999024,298.329,294.419,293.936,238.958,319.667,76.0229,644.64,381.359,221.377,12021.5,0.398529,0,0.00172119
704.25,0.99921,298.336,294.425,293.942,238.957,319.608,76.0043,644.79,381.264,221.451,12021.5,0.398994,0,0.00165381
704.75,0.999376,298.343,294.431,293.948,238.955,319.679,75.9939,644.925,381.264,221.451,12021.5,0.399461,0,0.00162836
705.25,0.999523,298.35,294.437,293.954,238.954,319.76,75.9835,645.044,381.264,221.451,12021.5,0.39993,0,0.00157705
705.75,0.99965,298.356,294.443,293.959,238.953,319.839,75.9723,645.146,381.264,221.451,12021.5,0.400401,0,0.00154467
706.25,0.999758,298.365,294.448,293.965,238.952,320.062,75.971,645.233,381.585,221.407,12021.5,0.400873,0,0.00147997
706.75,0.999845,298.371,294.451,293.968,238.964,320.147,75.959,645.304,381.585,221.407,12021.5,0.397259,0,0.423841
707.25,0.999913,298.373,294.456,293.973,238.962,320.105,76.2841,645.36,381.585,221.407,12021.5,0.39774,0,0.00141279
707.75,0.999962,298.379,294.462,293.978,238.961,320.114,76.2652,645.399,381.585,221.407,12021.5,0.398225,0,0.00138538
708.25,0.999991,298.384,294.467,293.984,238.959,320.129,76.246,645.422,381.539,221.471,12021.5,0.39871,0,0.00135414
