hour,mu0,ground_k,air_k,air_300m_k,column_mean_k,sensible_w_m2,latent_w_m2,sw_ground_w_m2,lw_down_w_m2,olr_w_m2,mixed_layer_m,rh_ground,dew_kg_m2,condensed_kg_m2
0.25,0.999998,297.944,294.386,293.903,238.978,207.859,280.598,645.428,387.659,220.358,9270.94,0.468597,0,0.0338234
0.75,0.999978,297.957,294.395,293.911,238.973,208.119,280.005,645.412,387.659,220.358,9270.94,0.470893,0,0.0189667
1.25,0.999939,297.97,294.381,293.897,238.979,208.447,279.442,645.38,387.659,220.358,9270.94,0.470197,0,0.326249
1.75,0.99988,297.96,294.389,293.906,239.005,208.864,279.657,645.332,387.659,220.358,7026.68,0.472479,0,1.00504
2.25,0.999801,297.971,294.398,293.915,238.999,208.944,278.993,645.269,387.602,220.613,9270.94,0.474761,0,0
2.75,0.999703,297.984,294.389,293.906,238.997,209.205,278.406,645.189,387.602,220.613,9270.94,0.463305,0,0.116953
3.25,0.999585,297.951,294.397,293.914,238.991,207.793,281.827,645.094,387.602,220.613,12021.5,0.465633,0,0
3.75,0.999447,297.961,294.387,293.904,238.992,207.676,281.059,644.983,387.602,220.613,12021.5,0.466159,0,0.191378
4.25,0.99929,297.956,294.396,293.913,238.986,208.093,280.898,644.855,387.736,220.419,12021.5,0.468467,0,0
4.75,0.999113,297.967,294.404,293.921,238.981,208.172,280.226,644.712,387.736,220.419,12021.5,0.470767,0,0
5.25,0.998917,297.979,294.389,293.906,238.985,208.384,279.61,644.553,387.736,220.419,12021.5,0.47014,0,0.295168
5.75,0.998701,297.966,294.398,293.915,238.98,208.745,279.757,644.379,387.736,220.419,12021.5,0.472427,0,0.00452269
6.25,0.998465,297.98,294.406,293.923,238.976,208.977,279.156,644.188,388.284,220.308,12021.5,0.474709,0,0.013948
6.75,0.99821,297.992,294.415,293.932,238.972,209.191,278.548,643.981,388.284,220.308,12021.5,0.476984,0,0.00715699
7.25,0.997935,298.003,294.401,293.918,238.98,209.403,277.939,643.759,388.284,220.308,12021.5,0.474747,0,0.426918
7.75,0.997641,297.988,294.41,293.926,239.004,209.463,278.568,643.521,388.284,220.308,7026.68,0.477017,0,0.919621
8.25,0.997327,297.997,294.418,293.935,239.037,209.385,277.839,643.266,388.182,220.554,9270.94,0.479286,0,1.26715
8.75,0.996993,298.008,294.426,293.943,239.03,209.534,277.204,642.996,388.182,220.554,9270.94,0.481546,0,0
9.25,0.99664,298.019,294.42,293.937,239.031,209.709,276.58,642.711,388.182,220.554,9270.94,0.468446,0,0.251525
9.75,0.996267,297.982,294.428,293.945,239.024,207.853,280.468,642.409,388.182,220.554,9270.94,0.470764,0,0
10.25,0.995874,297.989,294.435,293.952,239.017,207.498,279.589,642.091,387.859,220.73,9270.94,0.47308,0,0
10.75,0.995462,297.998,294.435,293.952,239.021,207.582,278.896,641.758,387.859,220.73,9270.94,0.471457,0,0.330584
11.25,0.995031,297.992,294.443,293.959,239.014,207.291,279.364,641.409,387.859,220.73,9270.94,0.473773,0,0
11.75,0.994579,298.001,294.45,293.966,239.008,207.314,278.642,641.044,387.859,220.73,9270.94,0.476082,0,0
12.25,0.994109,298.014,294.457,293.973,239.002,207.677,278.063,640.663,388.425,220.61,9270.94,0.478385,0,0
12.75,0.993619,298.023,294.451,293.967,239.01,207.855,277.407,640.266,388.425,220.61,9270.94,0.475608,0,0.439548
13.25,0.993109,298.011,294.458,293.974,239.011,207.546,278.193,639.854,388.425,220.61,9270.94,0.477914,0,0.216091
13.75,0.99258,298.019,294.464,293.981,239.004,207.501,277.439,639.425,388.425,220.61,9270.94,0.480213,0,0
14.25,0.992031,298.028,294.471,293.988,238.999,207.651,276.766,638.981,388.53,220.578,9270.94,0.482507,0,0
14.75,0.991463,298.036,294.46,293.977,238.997,207.778,276.085,638.522,388.53,220.578,9270.94,0.464279,0,0.143188
15.25,0.990875,297.982,294.466,293.983,238.993,205.14,281.443,638.046,388.53,220.578,9270.94,0.466653,0,0.0450961
15.75,0.990268,297.988,294.461,293.978,238.995,204.728,280.494,637.555,388.53,220.578,9270.94,0.466791,0,0.22357
16.25,0.989641,297.98,294.468,293.984,238.99,204.602,280.318,637.048,388.389,220.364,9270.94,0.469149,0,0.0382775
16.75,0.988995,297.987,294.474,293.99,238.986,204.535,279.526,636.525,388.389,220.364,9270.94,0.471499,0,0.0179488
17.25,0.988329,297.994,294.46,293.977,238.991,204.588,278.786,635.987,388.389,220.364,9270.94,0.470653,0,0.343294
17.75,0.987644,297.979,294.467,293.983,239.017,204.638,278.914,635.432,388.389,220.364,7026.68,0.472992,0,1.00474
18.25,0.98694,297.985,294.472,293.989,239.046,204.478,278.081,634.862,388.28,220.608,9270.94,0.475331,0,1.16447
18.75,0.986216,297.991,294.461,293.977,239.043,204.508,277.331,634.277,388.28,220.608,9270.94,0.463789,0,0.130392
19.25,0.985473,297.951,294.466,293.983,239.035,202.84,280.645,633.675,388.28,220.608,9270.94,0.466173,0,0
19.75,0.984711,297.956,294.457,293.974,239.034,202.495,279.712,633.059,388.28,220.608,9270.94,0.466541,0,0.202449
20.25,0.983929,297.943,294.462,293.979,239.027,202.323,279.368,632.426,387.808,220.757,9270.94,0.468914,0,0
20.75,0.983128,297.948,294.468,293.984,239.02,202.175,278.524,631.778,387.808,220.757,9270.94,0.47128,0,0
21.25,0.982307,297.953,294.453,293.969,239.023,202.17,277.741,631.114,387.808,220.757,9270.94,0.470547,0,0.307184
21.75,0.981467,297.937,294.458,293.975,239.016,202.208,277.794,630.434,387.808,220.757,9270.94,0.472901,0,0
22.25,0.980608,297.944,294.463,293.98,239.01,202.229,277.024,629.739,388.301,220.607,9270.94,0.475251,0,0
22.75,0.97973,297.95,294.468,293.985,239.003,202.234,276.249,629.028,388.301,220.607,9270.94,0.477593,0,0
23.25,0.978832,297.955,294.455,293.972,239.011,202.238,275.476,628.302,388.301,220.607,9270.94,0.475236,0,0.429938
23.75,0.977916,297.935,294.46,293.977,239.011,201.964,276.018,627.56,388.301,220.607,9270.94,0.477575,0,0.215247
24.25,0.97698,297.939,294.465,293.982,239.005,201.771,275.158,626.803,388.36,220.558,9270.94,0.479911,0,0
24.75,0.976024,297.944,294.47,293.986,238.999,201.727,274.363,626.03,388.36,220.558,9270.94,0.482239,0,0
25.25,0.97505,297.948,294.462,293.978,238.997,201.701,273.576,625.242,388.36,220.558,9270.94,0.464089,0,0.138219
25.75,0.974056,297.894,294.466,293.982,238.993,198.819,278.831,624.438,388.36,220.558,9270.94,0.466497,0,0.0484968
26.25,0.973044,297.896,294.458,293.975,238.994,198.326,277.802,623.618,388.439,220.272,9270.94,0.466738,0,0.220298
26.75,0.972012,297.885,294.462,293.979,238.989,198.151,277.529,622.783,388.439,220.272,9270.94,0.469131,0,0.0404011
27.25,0.970961,297.888,294.466,293.983,238.984,197.954,276.637,621.933,388.439,220.272,9270.94,0.471517,0,0.0168552
27.75,0.969891,297.891,294.452,293.969,238.99,197.87,275.795,621.067,388.439,220.272,9270.94,0.470702,0,0.345882
28.25,0.968802,297.874,294.456,293.973,239.015,197.832,275.863,620.186,388.638,220.249,7026.68,0.473078,0,1.00337
28.75,0.967694,297.876,294.46,293.977,239.047,197.591,274.958,619.29,388.638,220.249,9270.94,0.475447,0,1.23441
29.25,0.966567,297.879,294.45,293.967,239.043,197.49,274.112,618.378,388.638,220.249,9270.94,0.463886,0,0.132809
29.75,0.965421,297.838,294.454,293.97,239.035,195.581,277.355,617.45,388.638,220.249,9270.94,0.466301,0,0
30.25,0.964255,297.833,294.444,293.961,239.034,194.792,276.179,616.508,387.784,220.687,9270.94,0.466647,0,0.205001
30.75,0.963071,297.82,294.447,293.964,239.026,194.583,275.82,615.55,387.784,220.687,9270.94,0.469057,0,0
31.25,0.961869,297.821,294.45,293.967,239.019,194.331,274.884,614.576,387.784,220.687,9270.94,0.47146,0,0
31.75,0.960647,297.822,294.435,293.952,239.022,194.199,273.999,613.588,387.784,220.687,9270.94,0.470682,0,0.310344
32.25,0.959406,297.804,294.438,293.955,239.014,194.114,274.024,612.584,388.002,220.589,9270.94,0.473076,0,0
32.75,0.958146,297.804,294.441,293.958,239.008,193.829,273.078,611.564,388.002,220.589,9270.94,0.475462,0,0
33.25,0.956868,297.805,294.444,293.961,239.001,193.68,272.191,610.53,388.002,220.589,9270.94,0.47784,0,0
33.75,0.955571,297.806,294.432,293.949,239.008,193.549,271.313,609.48,388.002,220.589,9270.94,0.475414,0,0.433897
34.25,0.954255,297.787,294.434,293.951,239.009,193.183,271.856,608.416,388.347,220.482,9270.94,0.477793,0,0.245181
34.75,0.95292,297.787,294.437,293.954,239.003,192.873,270.899,607.336,388.347,220.482,9270.94,0.480165,0,0
35.25,0.951567,297.787,294.439,293.956,238.996,192.703,270.003,606.241,388.347,220.482,9270.94,0.48253,0,0
35.75,0.950195,297.787,294.434,293.951,238.995,192.549,269.115,605.13,388.347,220.482,9270.94,0.464541,0,0.149673
36.25,0.948804,297.73,294.436,293.952,238.989,189.337,274.189,604.005,388.089,220.249,9270.94,0.466975,0,0.0275049
36.75,0.947394,297.728,294.43,293.947,238.991,188.696,273.056,602.865,388.089,220.249,9270.94,0.467026,0,0.244734
37.25,0.945966,297.716,294.432,293.949,238.986,188.244,272.768,601.709,388.089,220.249,9270.94,0.469457,0,0.0267725
37.75,0.94452,297.714,294.433,293.95,238.981,187.949,271.782,600.539,388.089,220.249,9270.94,0.47188,0,0.0282304
38.25,0.943054,297.715,294.421,293.937,238.986,187.962,270.915,599.353,388.582,220.105,9270.94,0.470938,0,0.342499
38.75,0.941571,297.696,294.422,293.939,239.011,187.618,270.925,598.152,388.582,220.105,7026.68,0.473359,0,1.00289
39.25,0.940068,297.694,294.423,293.94,239.042,187.28,269.92,596.937,388.582,220.105,7026.68,0.475772,0,1.22401
39.75,0.938548,297.692,294.418,293.934,239.038,187.065,268.97,595.707,388.582,220.105,9270.94,0.464144,0,0.139137
40.25,0.937009,297.643,294.418,293.935,239.03,184.363,271.943,594.461,387.363,220.657,9270.94,0.466605,0,0
40.75,0.935451,297.639,294.409,293.926,239.028,183.768,270.799,593.201,387.363,220.657,9270.94,0.466842,0,0.209532
41.25,0.933875,297.623,294.409,293.926,239.021,183.367,270.414,591.926,387.363,220.657,9270.94,0.469296,0,0
41.75,0.932281,297.62,294.409,293.926,239.013,183.028,269.382,590.636,387.363,220.657,9270.94,0.471741,0,0
42.25,0.930668,297.619,294.395,293.912,239.016,183.004,268.474,589.331,387.87,220.443,9270.94,0.470874,0,0.31444
42.75,0.929037,297.598,294.395,293.912,239.008,182.627,268.425,588.011,387.87,220.443,9270.94,0.473316,0,0
43.25,0.927388,297.594,294.395,293.912,239.001,182.249,267.377,586.677,387.87,220.443,9270.94,0.47575,0,0
43.75,0.925721,297.59,294.395,293.911,238.994,181.993,266.383,585.328,387.87,220.443,9270.94,0.478176,0,0
44.25,0.924035,297.589,294.385,293.902,239.001,181.911,265.463,583.964,388.257,220.292,9270.94,0.475634,0,0.43821
44.75,0.922331,297.566,294.384,293.901,239.002,181.156,265.916,582.585,388.257,220.292,9270.94,0.478063,0,0.236886
45.25,0.92061,297.561,294.383,293.9,238.995,180.754,264.856,581.192,388.257,220.292,9270.94,0.480485,0,0
45.75,0.91887,297.557,294.382,293.899,238.988,180.485,263.856,579.805,388.257,220.292,9270.94,0.482898,0,0
46.25,0.917112,297.552,294.381,293.898,238.982,180.225,262.855,578.416,388.213,220.234,9270.94,0.485306,0,0
46.75,0.915336,297.547,294.359,293.876,238.983,179.977,261.865,577.012,388.213,220.234,9270.94,0.467279,0,0.251781
47.25,0.913542,297.477,294.358,293.875,238.978,177.101,266.814,575.594,388.213,220.234,9270.94,0.469754,0,0.0258955
47.75,0.91173,297.469,294.356,293.873,238.973,176.285,265.545,574.161,388.213,220.234,9270.94,0.472225,0,0.0294359
48.25,0.9099,297.461,294.346,293.863,238.977,175.853,264.441,572.715,388.048,219.97,9270.94,0.471126,0,0.345537
48.75,0.908052,297.441,294.345,293.861,239.002,175.175,264.406,571.254,388.048,219.97,7026.68,0.473584,0,0.99669
49.25,0.906187,297.434,294.343,293.86,238.995,174.746,263.313,569.78,388.048,219.97,7026.68,0.476033,0,0
49.75,0.904303,297.428,294.341,293.858,238.988,174.426,262.268,568.291,388.048,219.97,9270.94,0.478474,0,0.0160729
50.25,0.902402,297.42,294.324,293.84,238.989,174.044,261.191,566.788,387.831,220.162,9270.94,0.466841,0,0.222583
50.75,0.900483,297.368,294.321,293.838,238.982,171.951,264.223,565.271,387.831,220.162,9270.94,0.469328,0,0.0149636
51.25,0.898547,297.359,294.318,293.835,238.976,171.258,262.993,563.74,387.831,220.162,9270.94,0.471808,0,0.0140571
51.75,0.896592,297.351,294.306,293.823,238.98,170.88,261.901,562.195,387.831,220.162,9270.94,0.470892,0,0.32695
52.25,0.89462,297.327,294.303,293.82,238.974,170.158,261.74,560.637,387.582,220.004,9270.94,0.473358,0,0.0134373
52.75,0.892631,297.319,294.3,293.817,238.968,169.675,260.609,559.064,387.582,220.004,9270.94,0.475817,0,0.0133257
53.25,0.890624,297.311,294.298,293.815,238.962,169.315,259.534,557.478,387.582,220.004,9270.94,0.478267,0,0.0128601
53.75,0.8886,297.303,294.29,293.807,238.97,168.971,258.469,555.877,387.582,220.004,9270.94,0.47565,0,0.448402
54.25,0.886558,297.281,294.287,293.804,238.991,168.07,258.908,554.263,387.814,219.912,7026.68,0.478105,0,0.893936
54.75,0.884498,297.272,294.284,293.801,239.024,167.61,257.785,552.635,387.814,219.912,7026.68,0.480553,0,1.27983
55.25,0.882422,297.263,294.28,293.797,239.015,167.244,256.706,550.994,387.814,219.912,9270.94,0.482991,0,0
55.75,0.880328,297.255,294.277,293.794,239.007,166.888,255.633,549.338,387.814,219.912,9270.94,0.485421,0,0
56.25,0.878216,297.243,294.273,293.79,238.999,166.371,254.479,547.669,387.373,220.346,9270.94,0.487856,0,0
56.75,0.876088,297.234,294.247,293.764,239.004,165.998,253.391,545.987,387.373,220.346,9270.94,0.47447,0,0.403933
57.25,0.873942,297.17,294.243,293.76,238.996,163.754,256.852,544.29,387.373,220.346,9270.94,0.476947,0,0
57.75,0.871779,297.158,294.239,293.756,238.988,162.916,255.543,542.581,387.373,220.346,9270.94,0.479419,0,0
58.25,0.869599,297.145,294.234,293.751,238.981,162.38,254.362,540.857,387.182,220.12,9270.94,0.481878,0,0
58.75,0.867401,297.135,294.23,293.747,238.974,161.948,253.237,539.12,387.182,220.12,9270.94,0.484327,0,0
59.25,0.865187,297.124,294.225,293.742,238.968,161.54,252.126,537.37,387.182,220.12,9270.94,0.486767,0,0.0157802
59.75,0.862956,297.114,294.203,293.72,238.98,161.137,251.019,535.606,387.182,220.12,9270.94,0.48243,0,0.607854
60.25,0.860708,297.074,294.199,293.716,238.978,160.11,251.824,533.829,387.171,220.055,9270.94,0.484874,0,0.16858
60.75,0.858443,297.062,294.194,293.711,238.971,159.446,250.602,532.038,387.171,220.055,9270.94,0.487311,0,0
61.25,0.856161,297.051,294.189,293.706,238.964,158.98,249.469,530.235,387.171,220.055,9270.94,0.489739,0,0
61.75,0.853862,297.039,294.184,293.701,238.958,158.538,248.349,528.417,387.171,220.055,9270.94,0.492158,0,0.027314
62.25,0.851546,297.029,294.179,293.696,238.952,158.233,247.277,526.587,387.457,219.851,9270.94,0.494575,0,0.0292291
62.75,0.849214,297.018,294.173,293.69,238.959,157.817,246.168,524.743,387.457,219.851,9270.94,0.474398,0,0.424737
63.25,0.846865,296.95,294.167,293.684,238.982,153.993,251.615,522.886,387.457,219.851,7026.68,0.47685,0,0.950283
63.75,0.844499,296.935,294.16,293.677,238.974,153.088,250.247,521.016,387.457,219.851,7026.68,0.479344,0,0
64.25,0.842117,296.915,294.154,293.671,238.967,152.224,248.892,519.133,386.593,219.92,7026.68,0.481824,0,0
64.75,0.839718,296.901,294.147,293.664,238.96,151.691,247.694,517.237,386.593,219.92,7026.68,0.484295,0,0
65.25,0.837303,296.888,294.14,293.658,238.953,151.213,246.525,515.328,386.593,219.92,9270.94,0.486756,0,0
65.75,0.834871,296.874,294.117,293.634,238.958,150.745,245.362,513.405,386.593,219.92,9270.94,0.474023,0,0.388803
66.25,0.832423,296.81,294.11,293.628,238.952,148.336,248.502,511.47,386.425,219.724,9270.94,0.476517,0,0.00601534
66.75,0.829959,296.793,294.103,293.621,238.946,147.423,247.129,509.522,386.425,219.724,9270.94,0.479005,0,0.0186422
67.25,0.827478,296.778,294.096,293.614,238.939,146.858,245.912,507.561,386.425,219.724,9270.94,0.481483,0,0.00950491
67.75,0.824981,296.764,294.089,293.606,238.934,146.338,244.717,505.587,386.425,219.724,9270.94,0.483952,0,0.0151868
68.25,0.822467,296.752,294.082,293.599,238.928,146.055,243.613,503.6,386.931,219.488,9270.94,0.48642,0,0.0221835
68.75,0.819938,296.738,294.063,293.58,238.941,145.588,242.443,501.601,386.931,219.488,9270.94,0.482189,0,0.609241
69.25,0.817392,296.697,294.055,293.572,238.961,144.382,243.151,499.589,386.931,219.488,7026.68,0.484659,0,0.848098
69.75,0.814831,296.681,294.047,293.565,238.993,143.663,241.869,497.564,386.931,219.488,7026.68,0.487122,0,1.28945
70.25,0.812253,296.658,294.039,293.557,238.985,142.686,240.468,495.526,385.835,220.074,7026.68,0.489587,0,0
70.75,0.80966,296.642,294.031,293.549,238.976,142.098,239.24,493.476,385.835,220.074,7026.68,0.492042,0,0
71.25,0.80705,296.625,294.023,293.54,238.968,141.563,238.04,491.413,385.835,220.074,9270.94,0.494487,0,0
71.75,0.804425,296.609,294.015,293.532,238.96,141.034,236.845,489.338,385.835,220.074,9270.94,0.496924,0,0
72.25,0.801784,296.596,294.006,293.524,238.953,140.715,235.737,487.25,386.334,219.816,9270.94,0.499356,0,0
72.75,0.799127,296.58,293.984,293.501,238.965,140.226,234.563,485.177,386.334,219.816,9270.94,0.483962,0,0.637795
73.25,0.796454,296.509,293.975,293.492,238.957,137.429,238.439,483.147,386.334,219.816,9270.94,0.486442,0,0
73.75,0.793766,296.49,293.966,293.483,238.949,136.463,237.029,481.105,386.334,219.816,9270.94,0.488918,0,0
74.25,0.791062,296.469,293.957,293.474,238.942,135.682,235.702,479.051,385.866,219.658,9270.94,0.491379,0,0
74.75,0.788343,296.452,293.947,293.465,238.935,135.098,234.472,476.986,385.866,219.658,9270.94,0.49383,0,0
75.25,0.785608,296.435,293.938,293.456,238.928,134.55,233.262,474.908,385.866,219.658,9270.94,0.496272,0,0
75.75,0.782857,296.417,293.929,293.447,238.921,134.01,232.059,472.819,385.866,219.658,9270.94,0.498703,0,0
76.25,0.780092,296.403,293.92,293.437,238.915,133.667,230.938,470.719,386.331,219.423,9270.94,0.501131,0,0
76.75,0.777311,296.385,293.91,293.428,238.909,133.156,229.752,468.606,386.331,219.423,9270.94,0.50355,0,0.0100777
77.25,0.774514,296.368,293.9,293.418,238.931,132.62,228.559,466.482,386.331,219.423,5273.21,0.495141,0,0.916559
77.75,0.771703,296.322,293.89,293.408,238.928,130.503,230.435,464.347,386.331,219.423,9270.94,0.497571,0,0.138709
78.25,0.768876,296.298,293.88,293.398,238.922,129.485,229.007,462.2,385.712,219.447,9270.94,0.500008,0,0
78.75,0.766034,296.279,293.87,293.388,238.915,128.848,227.756,460.041,385.712,219.447,9270.94,0.502437,0,0
79.25,0.763178,296.26,293.86,293.378,238.909,128.26,226.532,457.871,385.712,219.447,9270.94,0.504855,0,0.0375661
79.75,0.760306,296.241,293.85,293.368,238.904,127.68,225.315,455.69,385.712,219.447,9270.94,0.507264,0,0.0168033
80.25,0.757419,296.224,293.839,293.357,238.898,127.229,224.15,453.497,386.01,219.246,9270.94,0.509669,0,0.0322389
80.75,0.754517,296.204,293.829,293.347,238.893,126.667,222.946,451.293,386.01,219.246,9270.94,0.512064,0,0.0188517
81.25,0.751601,296.185,293.819,293.336,238.888,126.086,221.738,449.078,386.01,219.246,9270.94,0.51445,0,0.0285024
81.75,0.74867,296.165,293.806,293.324,238.908,125.497,220.531,446.852,386.01,219.246,9270.94,0.490672,0,0.818462
82.25,0.745724,296.074,293.795,293.312,238.925,120.874,226.549,444.614,385.3,219.176,7026.68,0.493124,0,0.771967
82.75,0.742763,296.05,293.783,293.301,238.918,119.662,225.021,442.365,385.3,219.176,7026.68,0.49558,0,0.00688071
83.25,0.739788,296.028,293.772,293.29,238.911,118.934,223.715,440.106,385.3,219.176,7026.68,0.498027,0,0.0153897
83.75,0.736798,296.006,293.76,293.278,238.904,118.269,222.44,437.835,385.3,219.176,7026.68,0.500464,0,0.00915572
84.25,0.733794,295.984,293.749,293.266,238.898,117.624,221.157,435.553,385.232,219.146,7026.68,0.502903,0,0.0130085
84.75,0.730775,295.962,293.737,293.255,238.892,116.989,219.896,433.26,385.232,219.146,7026.68,0.505332,0,0.00995232
85.25,0.727742,295.94,293.725,293.243,238.886,116.359,218.642,430.956,385.232,219.146,9270.94,0.507751,0,0.0115765
85.75,0.724695,295.918,293.713,293.231,238.88,115.727,217.392,428.642,385.232,219.146,9270.94,0.51016,0,0.0100511
86.25,0.721633,295.898,293.701,293.219,238.874,115.215,216.191,426.316,385.518,218.943,9270.94,0.512564,0,0.0106699
86.75,0.718558,295.876,293.685,293.203,238.896,114.595,214.952,423.98,385.518,218.943,5273.21,0.494206,0,0.890483
87.25,0.715468,295.799,293.672,293.19,238.911,111.071,219.47,421.633,385.518,218.943,7026.68,0.496666,0,0.694311
87.75,0.712364,295.773,293.659,293.177,238.945,109.968,217.977,419.276,385.518,218.943,7026.68,0.499125,0,1.33914
88.25,0.709246,295.738,293.646,293.164,238.936,108.6,216.364,416.907,383.907,219.458,7026.68,0.501578,0,0
88.75,0.706114,295.713,293.632,293.15,238.927,107.809,215.018,414.529,383.907,219.458,7026.68,0.504021,0,0
89.25,0.702968,295.689,293.619,293.137,238.919,107.109,213.718,412.139,383.907,219.458,7026.68,0.506454,0,0
89.75,0.699809,295.664,293.606,293.124,238.911,106.423,212.43,409.739,383.907,219.458,7026.68,0.508877,0,0
90.25,0.696636,295.642,293.592,293.11,238.903,105.887,211.202,407.329,384.24,219.193,7026.68,0.511297,0,0
90.75,0.693449,295.618,293.578,293.097,238.895,105.228,209.932,404.908,384.24,219.193,7026.68,0.513706,0,0
91.25,0.690248,295.593,293.565,293.083,238.888,104.55,208.657,402.477,384.24,219.193,7026.68,0.516105,0,0
91.75,0.687034,295.569,293.551,293.069,238.882,103.865,207.385,400.036,384.24,219.193,9270.94,0.518494,0,0.0180229
92.25,0.683806,295.545,293.545,293.063,238.876,103.242,206.139,397.584,384.392,218.973,9270.94,0.520421,0,0.0504855
92.75,0.680565,295.524,293.55,293.068,238.872,102.334,205.007,395.123,384.392,218.973,9270.94,0.52152,0,0.0690775
93.25,0.677311,295.51,293.552,293.07,238.897,101.052,204.129,392.651,384.392,218.973,5273.21,0.500832,0,1.03663
93.75,0.674043,295.437,293.536,293.054,238.889,96.8694,209.241,390.169,384.392,218.973,9270.94,0.503289,0,0
94.25,0.670762,295.403,293.521,293.039,238.883,95.5016,207.592,387.677,383.54,218.932,9270.94,0.505749,0,0.0290348
94.75,0.667468,295.375,293.505,293.023,238.876,94.6908,206.217,385.175,383.54,218.932,9270.94,0.5082,0,0.0231212
95.25,0.664161,295.347,293.489,293.007,238.87,93.9544,204.881,382.662,383.54,218.932,9270.94,0.510639,0,0.0267774
95.75,0.66084,295.32,293.474,292.992,238.864,93.2313,203.558,380.14,383.54,218.932,9270.94,0.513068,0,0.022821
96.25,0.657507,295.294,293.458,292.976,238.858,92.6114,202.277,377.609,383.765,218.722,9270.94,0.515493,0,0.024873
96.75,0.654161,295.266,293.442,292.96,238.852,91.9056,200.969,375.067,383.765,218.722,9270.94,0.517907,0,0.02953
97.25,0.650802,295.239,293.429,292.947,238.848,91.1843,199.659,372.516,383.765,218.722,9270.94,0.520126,0,0.0677099
97.75,0.64743,295.213,293.43,292.949,238.845,90.4129,198.425,370.07,383.765,218.722,9270.94,0.521391,0,0.0870862
98.25,0.644045,295.196,293.437,292.956,238.839,89.2699,197.488,367.652,383.856,218.572,9270.94,0.523549,0,0.021973
98.75,0.640648,295.186,293.422,292.941,238.838,88.1516,196.337,365.225,383.856,218.572,9270.94,0.524534,0,0.138843
99.25,0.637238,295.157,293.429,292.947,238.832,87.4312,195.518,362.789,383.856,218.572,9270.94,0.526687,0,0.020843
99.75,0.633816,295.145,293.433,292.952,238.832,86.2504,194.329,360.343,383.856,218.572,9270.94,0.52636,0,0.168558
100.25,0.630381,295.128,293.438,292.957,238.827,84.9821,193.895,357.889,384.013,218.484,9270.94,0.52852,0,0.0197095
100.75,0.626934,295.116,293.428,292.946,238.853,83.9248,192.743,355.426,384.013,218.484,5273.21,0.500394,0,1.03665
101.25,0.623474,295.015,293.408,292.926,238.865,79.1327,199.743,352.955,384.013,218.484,7026.68,0.502906,0,0.631503
101.75,0.620002,294.981,293.388,292.907,238.858,77.9562,198.12,350.474,384.013,218.484,7026.68,0.505423,0,0.00251477
102.25,0.616518,294.941,293.369,292.887,238.851,76.7603,196.5,347.985,382.801,218.566,7026.68,0.507919,0,0.0154135
102.75,0.613022,294.909,293.349,292.868,238.844,75.994,195.099,345.487,382.801,218.566,7026.68,0.510403,0,0.00634034
103.25,0.609514,294.878,293.33,292.848,238.838,75.3005,193.741,342.981,382.801,218.566,7026.68,0.512874,0,0.0120555
103.75,0.605994,294.847,293.311,292.829,238.832,74.6174,192.395,340.466,382.801,218.566,7026.68,0.515334,0,0.00784031
104.25,0.602462,294.817,293.291,292.81,238.826,74.0053,191.081,337.942,382.953,218.339,7026.68,0.517788,0,0.0144614
104.75,0.598918,294.786,293.274,292.792,238.821,73.3321,189.751,335.41,382.953,218.339,7026.68,0.520124,0,0.0510683
105.25,0.595363,294.756,293.271,292.79,238.817,72.5969,188.45,332.87,382.953,218.339,7026.68,0.52146,0,0.0741846
105.75,0.591795,294.734,293.272,292.791,238.811,71.4053,187.418,330.321,382.953,218.339,7026.68,0.523707,0,0.00829279
106.25,0.588216,294.719,293.256,292.775,238.809,70.4039,186.208,327.764,383.136,218.17,7026.68,0.524671,0,0.134569
106.75,0.584626,294.687,293.257,292.775,238.805,69.5909,185.341,325.199,383.136,218.17,7026.68,0.526921,0,0.0426798
107.25,0.581024,294.669,293.257,292.776,238.8,68.4662,184.071,322.626,383.136,218.17,9270.94,0.529167,0,0.0207221
107.75,0.577411,294.652,293.239,292.758,238.801,67.4548,182.853,320.044,383.136,218.17,9270.94,0.528973,0,0.225812
108.25,0.573786,294.615,293.239,292.757,238.8,66.502,182.277,317.454,383.09,218.103,9270.94,0.531222,0,0.152969
108.75,0.57015,294.597,293.236,292.754,238.796,65.3648,180.984,314.856,383.09,218.103,9270.94,0.519197,0,0.0586151
109.25,0.566503,294.539,293.224,292.742,238.793,62.5178,183.5,312.25,383.09,218.103,9270.94,0.520959,0,0.0797978
109.75,0.562844,294.509,293.221,292.74,238.789,61.3795,182.219,309.637,383.09,218.103,9270.94,0.523277,0,0.0498399
110.25,0.559175,294.489,293.2,292.719,238.788,60.293,180.893,307.015,383.079,217.91,9270.94,0.524475,0,0.162644
110.75,0.555494,294.452,293.197,292.716,238.801,59.5253,179.917,304.386,383.079,217.91,9270.94,0.526786,0,0.583488
111.25,0.551803,294.431,293.188,292.707,238.797,58.4178,178.585,301.748,383.079,217.91,9270.94,0.519525,0,0.0555012
111.75,0.548101,294.381,293.177,292.696,238.793,56.297,179.79,299.103,383.079,217.91,9270.94,0.521188,0,0.0849415
112.25,0.544388,294.348,293.173,292.691,238.788,54.9985,178.471,296.45,382.635,217.915,9270.94,0.523538,0,0.0230724
112.75,0.540664,294.325,293.153,292.671,238.786,53.9151,177.115,293.79,382.635,217.915,9270.94,0.524644,0,0.140063
113.25,0.53693,294.288,293.147,292.666,238.781,53.0844,176.141,291.122,382.635,217.915,9270.94,0.526984,0,0.022354
113.75,0.533185,294.265,293.142,292.661,238.776,52.0069,174.783,288.446,382.635,217.915,9270.94,0.52932,0,0.0227554
114.25,0.52943,294.242,293.124,292.643,238.777,51.0834,173.494,285.763,382.736,217.775,9270.94,0.529127,0,0.2108
114.75,0.525664,294.204,293.117,292.636,238.786,50.0631,172.859,283.073,382.736,217.775,9270.94,0.531468,0,0.485382
115.25,0.521888,294.179,293.111,292.629,238.781,48.9992,171.491,280.375,382.736,217.775,9270.94,0.533804,0,0.0206843
115.75,0.518102,294.154,293.103,292.622,238.776,48.0362,170.178,277.67,382.736,217.775,9270.94,0.536135,0,0.0205673
116.25,0.514306,294.127,293.092,292.611,238.775,46.9721,168.802,274.958,382.387,217.788,9270.94,0.527297,0,0.178017
116.75,0.510499,294.069,293.084,292.602,238.77,44.6927,170.318,272.238,382.387,217.788,9270.94,0.529661,0,0.0195944
117.25,0.506683,294.041,293.075,292.594,238.765,43.514,168.836,269.511,382.387,217.788,9270.94,0.532039,0,0.0189754
117.75,0.502856,294.014,293.066,292.584,238.76,42.5404,167.472,266.777,382.387,217.788,9270.94,0.53441,0,0.0187
118.25,0.49902,293.988,293.045,292.564,238.763,41.6477,166.144,264.097,382.423,217.603,9270.94,0.53324,0,0.273256
118.75,0.495173,293.946,293.036,292.555,238.772,40.5933,165.758,261.589,382.423,217.603,9270.94,0.535613,0,0.492901
119.25,0.491318,293.92,293.026,292.545,238.793,39.6455,164.39,259.074,382.423,217.603,7026.68,0.537981,0,0.862669
119.75,0.487452,293.894,293.015,292.534,238.786,38.8082,163.088,256.553,382.423,217.603,7026.68,0.540341,0,0.00460352
120.25,0.483577,293.86,293.004,292.523,238.779,37.6809,161.619,254.025,381.548,217.846,7026.68,0.542708,0,0.00450668
120.75,0.479692,293.833,292.993,292.512,238.773,36.8233,160.293,251.492,381.548,217.846,7026.68,0.545068,0,0.0044171
121.25,0.475798,293.806,292.966,292.485,238.776,36.0127,158.995,248.952,381.548,217.846,7026.68,0.535605,0,0.296018
121.75,0.471895,293.737,292.954,292.473,238.769,34.0932,160.645,246.406,381.548,217.846,7026.68,0.537996,0,0.00424048
122.25,0.467982,293.705,292.942,292.461,238.763,32.9317,159.094,243.854,381.408,217.661,7026.68,0.540387,0,0.00416822
122.75,0.46406,293.676,292.929,292.448,238.757,32.0585,157.728,241.296,381.408,217.661,7026.68,0.54277,0,0.00407702
123.25,0.460129,293.647,292.916,292.435,238.751,31.2334,156.39,238.732,381.408,217.661,7026.68,0.545146,0,0.00400184
123.75,0.456189,293.618,292.903,292.422,238.745,30.4259,155.061,236.163,381.408,217.661,7026.68,0.547514,0,0.00391951
124.25,0.45224,293.589,292.89,292.409,238.74,29.6345,153.737,233.587,381.402,217.476,7026.68,0.549882,0,0.0222417
124.75,0.448282,293.559,292.876,292.395,238.735,28.8434,152.413,231.006,381.402,217.476,7026.68,0.552242,0,0.029834
125.25,0.444315,293.529,292.859,292.378,238.744,28.0555,151.09,228.419,381.402,217.476,7026.68,0.546881,0,0.474838
125.75,0.44034,293.476,292.844,292.363,238.738,26.4441,151.625,225.826,381.402,217.476,7026.68,0.549245,0,0.0036355
126.25,0.436356,293.44,292.829,292.349,238.734,25.3488,150.074,223.227,380.971,217.386,7026.68,0.55162,0,0.0374413
126.75,0.432363,293.409,292.814,292.334,238.728,24.507,148.685,220.623,380.971,217.386,7026.68,0.553986,0,0.0137115
127.25,0.428362,293.377,292.799,292.318,238.724,23.7072,147.324,218.014,380.971,217.386,7026.68,0.556344,0,0.0332823
127.75,0.424352,293.345,292.784,292.303,238.719,22.9194,145.969,215.399,380.971,217.386,7026.68,0.558693,0,0.0153765
128.25,0.420334,293.312,292.768,292.287,238.715,22.1196,144.605,212.778,380.899,217.228,7026.68,0.561043,0,0.0347577
128.75,0.416308,293.28,292.743,292.263,238.723,21.3395,143.246,210.152,380.899,217.228,7026.68,0.54412,0,0.460198
129.25,0.412274,293.189,292.726,292.246,238.73,18.6156,146.367,207.521,380.899,217.228,7026.68,0.546516,0,0.397539
129.75,0.408231,293.153,292.709,292.229,238.724,17.4832,144.586,204.884,380.899,217.228,7026.68,0.548918,0,0.0207532
130.25,0.404181,293.112,292.692,292.212,238.719,16.4364,142.992,202.243,380.306,217.178,7026.68,0.551309,0,0.0127998
130.75,0.400122,293.077,292.674,292.194,238.714,15.6279,141.478,199.596,380.306,217.178,7026.68,0.553689,0,0.0182933
131.25,0.396056,293.042,292.657,292.176,238.708,14.8701,140.001,196.944,380.306,217.178,7026.68,0.556059,0,0.0134796
131.75,0.391982,293.007,292.639,292.159,238.703,14.102,138.583,194.286,380.306,217.178,7026.68,0.558419,0,0.0165864
132.25,0.3879,292.971,292.621,292.14,238.698,13.317,137.135,191.624,380.196,217.003,7026.68,0.560778,0,0.0136675
132.75,0.383811,292.935,292.6,292.12,238.708,12.5593,135.709,188.957,380.196,217.003,7026.68,0.54796,0,0.493562
133.25,0.379714,292.858,292.581,292.101,238.714,10.359,137.548,186.285,380.196,217.003,5273.21,0.550309,0,0.37046
133.75,0.375609,292.819,292.562,292.082,238.708,9.3615,135.825,183.608,380.196,217.003,7026.68,0.552694,0,0.014389
134.25,0.371497,292.776,292.542,292.062,238.702,8.40726,134.106,180.926,379.579,216.972,7026.68,0.555067,0,0.0131263
134.75,0.367378,292.739,292.523,292.043,238.697,7.64058,132.546,178.24,379.579,216.972,7026.68,0.557429,0,0.0135829
135.25,0.363252,292.701,292.503,292.023,238.692,6.92157,131.012,175.549,379.579,216.972,7026.68,0.559778,0,0.0127474
135.75,0.359119,292.664,292.483,292.003,238.686,6.22194,129.476,172.853,379.579,216.972,7026.68,0.562116,0,0.0129038
136.25,0.354978,292.625,292.463,291.983,238.681,5.5021,127.879,170.152,379.417,216.791,7026.68,0.564449,0,0.0123618
136.75,0.350831,292.588,292.442,291.962,238.677,4.82711,126.308,167.447,379.417,216.791,7026.68,0.566769,0,0.0489617
137.25,0.346676,292.556,292.429,291.949,238.674,4.10371,124.822,164.973,379.417,216.791,7026.68,0.568587,0,0.070432
137.75,0.342515,292.531,292.427,291.947,238.672,3.23972,123.384,162.553,379.417,216.791,7026.68,0.56959,0,0.0830443
138.25,0.338347,292.509,292.425,291.945,238.673,2.46602,121.732,160.13,379.253,216.67,7026.68,0.571619,0,0.194698
138.75,0.334173,292.457,292.406,291.926,238.668,1.44354,121.726,157.702,379.253,216.67,7026.68,0.564272,0,0.0318806
139.25,0.329992,292.424,292.384,291.904,238.664,0.947851,119.965,155.271,379.253,216.67,7026.68,0.566571,0,0.041362
139.75,0.325804,292.395,292.367,291.888,238.661,0.51115,118.155,152.836,379.253,216.67,7026.68,0.568493,0,0.0649269
140.25,0.32161,292.377,292.363,291.883,238.659,0.0380083,115.91,150.397,379.022,216.551,7026.68,0.569622,0,0.0767186
140.75,0.31741,292.36,292.36,291.88,238.655,-0.000640195,112.938,147.955,379.022,216.551,7026.68,0.575179,0,0.054372
141.25,0.313203,292.334,292.342,291.862,238.654,-0.0429585,110.939,145.508,379.022,216.551,7026.68,0.576006,0,0.118205
141.75,0.30899,292.322,292.339,291.859,238.66,-0.0712584,108.09,143.059,379.022,216.551,7026.68,0.577872,0,0.354481
142.25,0.304771,292.359,292.324,291.844,238.669,-0.0459354,105.474,140.606,378.722,216.564,5273.21,0.585131,0,0.45685
142.75,0.300547,292.274,292.316,291.837,238.665,-0.11349,103.406,138.149,378.722,216.564,7026.68,0.573302,0,0.0546609
143.25,0.296316,292.302,292.311,291.834,238.66,-0.221476,100.949,135.689,378.722,216.564,7026.68,0.584808,0,0.0093052
143.75,0.29208,292.243,292.292,291.816,238.657,-0.256922,98.9809,133.225,378.722,216.564,7026.68,0.579252,0,0.0850848
144.25,0.287837,292.298,292.287,291.812,238.652,-0.315411,95.9252,130.759,378.331,216.545,7026.68,0.59605,0,0.00897746
144.75,0.283589,292.22,292.281,291.809,238.65,-0.355081,93.9422,128.288,378.331,216.545,7026.68,0.586886,0,0.100562
145.25,0.279336,292.201,292.282,291.805,238.645,-0.200698,90.3391,125.815,378.331,216.545,7026.68,0.578859,0,0.00864649
145.75,0.275077,292.355,292.278,291.801,238.641,-0.230699,88.0537,123.339,378.331,216.545,7026.68,0.613091,0,0.00849219
146.25,0.270813,292.309,292.259,291.787,238.64,-0.474048,87.3842,120.859,378.318,216.521,7026.68,0.612721,0,0.127067
146.75,0.266543,292.233,292.248,291.783,238.639,-0.771252,85.8036,118.376,378.318,216.521,7026.68,0.609508,0,0.115051
147.25,0.262268,292.119,292.234,291.777,238.635,-1.11632,84.7003,115.89,378.318,216.521,7026.68,0.593868,0,0.0500752
147.75,0.257988,292.051,292.22,291.762,238.632,-1.13385,81.9603,113.401,378.318,216.521,7026.68,0.589237,0,0.0494978
148.25,0.253703,292.021,292.22,291.756,238.63,-0.84583,78.0486,110.91,378.075,216.322,7026.68,0.584365,0,0.0724219
148.75,0.249413,292.052,292.223,291.751,238.627,-0.475417,74.302,108.454,378.075,216.322,7026.68,0.583703,0,0.0475456
149.25,0.245118,292.003,292.202,291.732,238.625,-0.686817,74.4117,106.241,378.075,216.322,7026.68,0.579851,0,0.0985041
149.75,0.240818,292.371,292.207,291.727,238.631,-0.294407,69.184,104.025,378.075,216.322,7026.68,0.578175,0,0.350129
150.25,0.236513,292.313,292.188,291.714,238.64,-0.528887,69.9826,101.808,377.727,216.522,5273.21,0.630144,0,0.423888
150.75,0.232204,292.257,292.162,291.695,238.635,-0.770924,68.9111,99.5874,377.727,216.522,7026.68,0.631345,0,0.0306005
151.25,0.22789,292.193,292.142,291.686,238.632,-1.19407,68.1941,97.3648,377.727,216.522,7026.68,0.631951,0,0.040407
151.75,0.223572,292.126,292.124,291.681,238.628,-1.69498,67.473,95.1399,377.727,216.522,7026.68,0.632265,0,0.0458349
152.25,0.219249,292.12,292.117,291.675,238.623,-1.65496,63.1905,92.9127,377.223,216.422,7026.68,0.653712,0,0.00665311
152.75,0.214922,291.993,292.079,291.656,238.621,-2.48534,65.8906,90.6833,377.223,216.422,7026.68,0.633699,0,0.0685984
153.25,0.210591,292.021,292.07,291.65,238.616,-2.16233,59.7496,88.4517,377.223,216.422,7026.68,0.660784,0,0.00695391
153.75,0.206256,291.987,292.055,291.642,238.613,-2.25088,58.4529,86.218,377.223,216.422,7026.68,0.672023,0,0.0612487
154.25,0.201916,292.014,292.048,291.635,238.609,-1.84618,53.5674,83.9822,376.988,216.296,7026.68,0.69209,0,0.0082488
154.75,0.197573,292.024,292.042,291.624,238.607,-1.60251,50.6321,81.7444,376.988,216.296,7026.68,0.705743,0,0.0594933
155.25,0.193226,291.955,292.022,291.617,238.607,-2.02781,51.4145,79.5045,376.988,216.296,7026.68,0.707813,0,0.149636
155.75,0.188875,291.961,292.012,291.599,238.603,-1.84721,47.4455,77.2628,376.988,216.296,7026.68,0.722302,0,0.0362673
156.25,0.18452,291.945,291.999,291.577,238.599,-1.81896,45.1846,75.0191,376.771,216.23,7026.68,0.727592,0,0.0129507
156.75,0.180162,291.904,291.98,291.555,238.596,-2.00426,44.1752,72.7735,376.771,216.23,7026.68,0.729541,0,0.0321051
157.25,0.1758,291.846,291.954,291.534,238.592,-2.29964,43.4886,70.5261,376.771,216.23,7026.68,0.730526,0,0.0190828
157.75,0.171434,291.778,291.922,291.514,238.59,-2.63985,42.8633,68.2769,376.771,216.23,7026.68,0.731245,0,0.0623147
158.25,0.167066,291.698,291.883,291.502,238.588,-2.97836,42.2,66.222,376.389,216.096,7026.68,0.733471,0,0.0497165
158.75,0.162694,291.661,291.851,291.491,238.585,-2.96584,39.7461,64.2615,376.389,216.096,7026.68,0.737633,0,0.0631127
159.25,0.158318,291.604,291.817,291.48,238.583,-3.12719,38.8237,62.2996,376.389,216.096,7026.68,0.741168,0,0.0540107
159.75,0.15394,291.542,291.782,291.471,238.581,-3.3335,37.923,60.3362,376.389,216.096,7026.68,0.74496,0,0.0603441
160.25,0.149559,291.466,291.741,291.459,238.578,-3.55468,36.8818,58.3715,375.874,215.968,7026.68,0.74906,0,0.0517682
160.75,0.145174,291.396,291.7,291.447,238.593,-3.76748,35.8767,56.4055,375.874,215.968,4016.82,0.753156,0,0.608782
161.25,0.140787,291.327,291.658,291.426,238.597,-3.97808,34.8785,54.4382,375.874,215.968,5273.21,0.756646,0,0.280687
161.75,0.136397,291.284,291.622,291.404,238.592,-3.9573,32.5894,52.4696,375.874,215.968,5273.21,0.758453,0,0.00834681
162.25,0.132005,291.189,291.576,291.383,238.588,-4.20601,31.7765,50.4999,374.676,215.973,5273.21,0.760249,0,0.00820237
162.75,0.12761,291.104,291.529,291.361,238.583,-4.46696,31.0795,48.529,374.676,215.973,5273.21,0.761855,0,0.00822394
163.25,0.123212,291.017,291.48,291.339,238.579,-4.72957,30.416,46.5569,374.676,215.973,5273.21,0.763305,0,0.00813933
163.75,0.118812,290.929,291.43,291.318,238.574,-4.9979,29.7701,44.5838,374.676,215.973,5273.21,0.76463,0,0.00813055
164.25,0.114409,290.822,291.373,291.295,238.57,-5.15438,29.0145,42.6097,374.063,215.731,5273.21,0.766167,0,0.00817733
164.75,0.110005,290.724,291.315,291.273,238.566,-5.43441,28.337,40.6345,374.063,215.731,5273.21,0.767845,0,0.00808057
165.25,0.105598,290.627,291.258,291.25,238.563,-5.70648,27.6567,38.6583,374.063,215.731,5273.21,0.769737,0,0.036209
165.75,0.101189,290.529,291.199,291.23,238.56,-5.97304,26.9577,36.6813,374.063,215.731,5273.21,0.771827,0,0.0350118
166.25,0.0967781,290.415,291.135,291.21,238.557,-6.10849,26.1285,34.8982,373.301,215.492,5273.21,0.774223,0,0.0416208
166.75,0.0923653,290.317,291.072,291.19,238.554,-6.33303,25.3983,33.1863,373.301,215.492,5273.21,0.776668,0,0.0373129
167.25,0.0879506,290.222,291.01,291.169,238.551,-6.54297,24.6904,31.4738,373.301,215.492,5273.21,0.779176,0,0.041526
167.75,0.0835343,290.128,290.948,291.147,238.548,-6.7469,23.9874,29.7605,373.301,215.492,5273.21,0.781724,0,0.0382668
168.25,0.0791163,290.013,290.88,291.123,238.545,-6.88971,23.1378,28.0466,372.439,215.271,5273.21,0.784426,0,0.0411947
168.75,0.0746968,289.913,290.814,291.099,238.542,-7.10276,22.3944,26.3321,372.439,215.271,5273.21,0.787067,0,0.0376351
169.25,0.0702757,289.815,290.748,291.074,238.539,-7.30536,21.6839,24.6171,372.439,215.271,5273.21,0.78968,0,0.0388892
169.75,0.0658533,289.718,290.683,291.049,238.537,-7.5052,20.9876,22.9015,372.439,215.271,4016.82,0.792264,0,0.0367774
170.25,0.0614296,289.599,290.612,291.022,238.534,-7.66197,20.1496,21.1854,371.531,215.049,490.937,0.79495,0,0.0379321
170.75,0.0570047,289.495,290.542,290.995,238.531,-7.87722,19.425,19.4688,371.531,215.049,490.937,0.797534,0,0.0365194
171.25,0.0525787,289.394,290.473,290.967,238.528,-8.08255,18.7379,17.7519,371.531,215.049,339.934,0.800063,0,0.0372594
171.75,0.0481517,289.294,290.405,290.938,238.541,-8.27453,18.0785,16.1129,371.531,215.049,339.934,0.80254,0,0.523052
172.25,0.0437237,289.166,290.329,290.908,238.546,-8.47723,17.2364,14.5829,370.144,214.9,339.934,0.805131,0,0.310124
172.75,0.0392948,289.06,290.256,290.877,238.541,-8.67593,16.5563,13.0527,370.144,214.9,339.934,0.807593,0,0.00758172
173.25,0.0348652,288.958,290.184,290.845,238.537,-8.85636,15.9288,11.5221,370.144,214.9,226.649,0.809989,0,0.0074961
173.75,0.0304349,288.858,290.112,290.813,238.533,-9.0317,15.3235,9.99139,370.144,214.9,226.649,0.812324,0,0.00749322
174.25,0.026004,288.731,290.034,290.78,238.528,-9.20912,14.554,8.46043,368.973,214.689,226.649,0.814755,0,0.00752651
174.75,0.0215725,288.624,289.958,290.745,238.524,-9.4056,13.921,6.9293,368.973,214.689,226.649,0.817045,0,0.00743917
175.25,0.0171407,288.521,289.884,290.711,238.52,-9.57718,13.3447,5.47299,368.973,214.689,226.649,0.819243,0,0.00743048
175.75,0.0127085,288.42,289.81,290.675,238.516,-9.73764,12.7987,4.0578,368.973,214.689,226.649,0.821359,0,0.00736225
176.25,0.00827608,288.297,289.731,290.639,238.512,-9.88706,12.1207,2.64253,367.983,214.422,226.649,0.823544,0,0.0074466
176.75,0.00384348,288.19,289.653,290.601,238.508,-10.0645,11.5609,1.22722,367.983,214.422,226.649,0.825594,0,0.00732053
177.25,0,288.091,289.578,290.564,238.504,-10.2059,11.0668,0,367.983,214.422,226.649,0.827557,0,0.00787748
177.75,0,288.02,289.508,290.525,238.501,-10.1832,10.758,0,367.983,214.422,226.649,0.829379,0,0.0268681
178.25,0,287.935,289.437,290.486,238.498,-10.1691,10.3725,0,366.976,214.184,226.649,0.831226,0,0.010287
178.75,0,287.872,289.371,290.447,238.494,-10.1202,10.1164,0,366.976,214.184,226.649,0.832948,0,0.0233098
179.25,0,287.816,289.309,290.407,238.491,-10.0493,9.90863,0,366.976,214.184,226.649,0.8346,0,0.0116888
179.75,0,287.765,289.25,290.366,238.488,-9.96917,9.72416,0,366.976,214.184,226.649,0.836196,0,0.0205898
180.25,0,287.697,289.19,290.326,238.485,-10.0361,9.44421,0,366.055,214.023,226.649,0.837761,0,0.0195699
180.75,0,287.646,289.133,290.285,238.483,-9.97587,9.25234,0,366.055,214.023,226.649,0.839261,0,0.0305867
181.25,0,287.599,289.078,290.244,238.48,-9.89919,9.09182,0,366.055,214.023,226.649,0.840724,0,0.0259902
181.75,0,287.555,289.025,290.204,238.478,-9.81655,8.94497,0,366.055,214.023,226.649,0.842155,0,0.0304824
182.25,0,287.496,288.972,290.163,238.475,-9.88444,8.70803,0,365.208,213.894,226.649,0.843569,0,0.0267367
182.75,0,287.452,288.921,290.123,238.473,-9.82316,8.54612,0,365.208,213.894,226.649,0.844935,0,0.0294729
183.25,0,287.411,288.872,290.082,238.47,-9.74754,8.40977,0,365.208,213.894,226.649,0.846277,0,0.0259575
183.75,0,287.372,288.824,290.042,238.468,-9.66699,8.28367,0,365.208,213.894,226.649,0.847598,0,0.0273721
184.25,0,287.319,288.775,290.002,238.466,-9.72996,8.07428,0,364.427,213.78,226.649,0.848908,0,0.025234
184.75,0,287.278,288.728,289.963,238.464,-9.66977,7.9315,0,364.427,213.78,226.649,0.850179,0,0.0262204
185.25,0,287.241,288.683,289.923,238.462,-9.5966,7.81092,0,364.427,213.78,226.649,0.851431,0,0.0246816
185.75,0,287.206,288.639,289.884,238.46,-9.5191,7.69884,0,364.427,213.78,226.649,0.852666,0,0.0252652
186.25,0,287.157,288.594,289.845,238.457,-9.57742,7.50965,0,363.702,213.677,226.649,0.853894,0,0.0241578
186.75,0,287.121,288.55,289.806,238.455,-9.51907,7.38087,0,363.702,213.677,226.649,0.855088,0,0.0244538
187.25,0,287.086,288.508,289.768,238.453,-9.44878,7.27199,0,363.702,213.677,226.649,0.856266,0,0.0235844
187.75,0,287.054,288.467,289.73,238.452,-9.37456,7.17052,0,363.702,213.677,226.649,0.857429,0,0.0236898
188.25,0,287.009,288.425,289.692,238.45,-9.42925,6.99702,0,363.022,213.582,226.649,0.858589,0,0.0230389
188.75,0,286.975,288.385,289.655,238.448,-9.37312,6.87923,0,363.022,213.582,226.649,0.859717,0,0.0230137
189.25,0,286.943,288.345,289.617,238.446,-9.30583,6.77969,0,363.022,213.582,226.649,0.86083,0,0.0224655
189.75,0,286.913,288.307,289.581,238.444,-9.23491,6.68681,0,363.022,213.582,226.649,0.86193,0,0.0223629
190.25,0,286.871,288.267,289.544,238.442,-9.28648,6.52627,0,362.38,213.493,226.649,0.863028,0,0.021936
190.75,0,286.839,288.229,289.508,238.441,-9.23266,6.41763,0,362.38,213.493,226.649,0.864097,0,0.0217686
191.25,0,286.809,288.192,289.472,238.439,-9.16834,6.32592,0,362.38,213.493,226.649,0.865152,0,0.0213416
191.75,0,286.781,288.156,289.436,238.437,-9.10062,6.2403,0,362.38,213.493,226.649,0.866195,0,0.0201344
192.25,0,286.741,288.119,289.401,238.436,-9.14937,6.09094,0,361.771,213.411,226.649,0.867238,0,0.0215853
192.75,0,286.711,288.083,289.365,238.434,-9.09784,5.99019,0,361.771,213.411,226.649,0.868252,0,0.0196961
193.25,0,286.683,288.047,289.331,238.432,-9.03636,5.90527,0,361.771,213.411,226.649,0.869254,0,0.0189796
193.75,0,286.656,288.013,289.296,238.431,-8.97167,5.82598,0,361.771,213.411,226.649,0.870245,0,0.0186475
194.25,0,286.619,287.978,289.262,238.429,-9.0179,5.68645,0,361.194,213.332,226.649,0.871237,0,0.0183474
194.75,0,286.59,287.944,289.228,238.428,-8.96856,5.59266,0,361.194,213.332,226.649,0.872202,0,0.0180957
195.25,0,286.564,287.91,289.194,238.426,-8.90976,5.51373,0,361.194,213.332,226.649,0.873155,0,0.0178187
195.75,0,286.539,287.878,289.16,238.425,-8.84791,5.44005,0,361.194,213.332,226.649,0.874098,0,0.0215678
196.25,0,286.503,287.844,289.127,238.423,-8.89267,5.30867,0,360.638,213.258,226.649,0.875042,0,0.00867038
196.75,0,286.476,287.811,289.094,238.422,-8.84553,5.22087,0,360.638,213.258,226.649,0.875962,0,0.0291115
197.25,0,286.45,287.78,289.062,238.42,-8.7893,5.14722,0,360.638,213.258,226.649,0.87687,0,0.00700033
197.75,0,286.426,287.748,289.029,238.419,-8.73013,5.07853,0,360.638,213.258,226.649,0.877768,0,0.0269141
198.25,0,286.392,287.716,288.997,238.417,-8.77311,4.95466,0,360.105,213.188,226.649,0.878669,0,0.00668484
198.75,0,286.366,287.685,288.965,238.416,-8.72798,4.87233,0,360.105,213.188,226.649,0.879546,0,0.0259702
199.25,0,286.342,287.655,288.933,238.415,-8.67411,4.80345,0,360.105,213.188,226.649,0.880412,0,0.00905308
199.75,0,286.319,287.625,288.902,238.414,-8.61741,4.73926,0,360.105,213.188,226.649,0.881269,0,0.0263184
200.25,0,286.286,287.594,288.871,238.412,-8.65848,4.62251,0,359.595,213.121,226.649,0.88213,0,0.00844864
200.75,0,286.262,287.564,288.84,238.411,-8.61517,4.54522,0,359.595,213.121,226.649,0.882967,0,0.0259105
201.25,0,286.239,287.535,288.809,238.41,-8.56348,4.48072,0,359.595,213.121,226.649,0.883794,0,0.00790292
201.75,0,286.216,287.507,288.778,238.409,-8.50907,4.42065,0,359.595,213.121,226.649,0.884612,0,0.0254749
202.25,0,286.185,287.477,288.748,238.407,-8.54898,4.30998,0,359.102,213.058,226.649,0.885436,0,0.00744667
202.75,0,286.161,287.448,288.718,238.406,-8.50746,4.23717,0,359.102,213.058,226.649,0.886236,0,0.0250314
203.25,0,286.139,287.42,288.688,238.405,-8.45783,4.17662,0,359.102,213.058,226.649,0.887027,0,0.00701631
203.75,0,286.118,287.393,288.658,238.404,-8.40555,4.12028,0,359.102,213.058,226.649,0.887809,0,0.0245775
204.25,0,286.087,287.364,288.629,238.402,-8.44407,4.01534,0,358.627,212.996,226.649,0.888597,0,0.00665246
204.75,0,286.064,287.336,288.6,238.401,-8.40417,3.94668,0,358.627,212.996,226.649,0.889364,0,0.0211934
205.25,0,286.043,287.309,288.57,238.4,-8.35644,3.88976,0,358.627,212.996,226.649,0.890121,0,0.00629578
205.75,0,286.022,287.283,288.541,238.399,-8.30615,3.83685,0,358.627,212.996,226.649,0.890869,0,0.0258041
206.25,0,285.993,287.255,288.513,238.398,-8.34337,3.73721,0,358.168,212.937,226.649,0.891625,0,0.00599333
206.75,0,285.971,287.229,288.484,238.397,-8.30498,3.67238,0,358.168,212.937,226.649,0.892359,0,0.0100487
207.25,0,285.95,287.203,288.456,238.396,-8.25901,3.6188,0,358.168,212.937,226.649,0.893084,0,0.0268958
207.75,0,285.93,287.177,288.428,238.395,-8.21056,3.56906,0,358.168,212.937,226.649,0.893802,0,0.00541376
208.25,0,285.902,287.15,288.4,238.393,-8.24587,3.47488,0,357.73,212.878,226.649,0.894526,0,0.0078969
208.75,0,285.881,287.125,288.372,238.393,-8.20875,3.41376,0,357.73,212.878,226.649,0.89523,0,0.0237626
209.25,0,285.861,287.099,288.345,238.391,-8.16437,3.36334,0,357.73,212.878,226.649,0.895925,0,0.00516028
209.75,0,285.842,287.074,288.317,238.39,-8.11761,3.31656,0,357.73,212.878,226.649,0.896614,0,0.00887735
210.25,0,285.814,287.049,288.29,238.389,-8.15185,3.22701,0,357.307,212.822,226.649,0.897309,0,0.021416
210.75,0,285.794,287.024,288.263,238.388,-8.11602,3.1692,0,357.307,212.822,226.649,0.897985,0,0.00474416
211.25,0,285.774,286.999,288.236,238.387,-8.07317,3.12165,0,357.307,212.822,226.649,0.898652,0,0.00961021
211.75,0,285.756,286.975,288.21,238.386,-8.028,3.07758,0,357.307,212.822,226.649,0.899313,0,0.0194333
212.25,0,285.729,286.95,288.183,238.385,-8.0624,2.99133,0,356.889,212.769,226.649,0.899982,0,0.00449074
212.75,0,285.709,286.926,288.157,238.384,-8.02801,2.93625,0,356.889,212.769,226.649,0.900631,0,0.00984072
213.25,0,285.69,286.902,288.131,238.383,-7.98667,2.89122,0,356.889,212.769,226.649,0.901273,0,0.0180338
213.75,0,285.672,286.879,288.105,238.382,-7.94305,2.84957,0,356.889,212.769,226.649,0.901908,0,0.00414055
214.25,0,285.646,286.855,288.079,238.381,-7.97498,2.76813,0,356.493,212.715,226.649,0.902551,0,0.00981863
214.75,0,285.627,286.831,288.053,238.38,-7.94151,2.71614,0,356.493,212.715,226.649,0.903176,0,0.0169727
215.25,0,285.608,286.808,288.028,238.379,-7.90142,2.67365,0,356.493,212.715,226.649,0.903793,0,0.00390034
215.75,0,285.591,286.786,288.002,238.378,-7.85914,2.63436,0,356.493,212.715,226.649,0.904404,0,0.00939899
216.25,0,285.566,286.762,287.977,238.377,-7.89095,2.55616,0,356.104,212.664,226.649,0.905024,0,0.0163491
216.75,0,285.547,286.739,287.952,238.376,-7.85865,2.50665,0,356.104,212.664,226.649,0.905625,0,0.00361796
217.25,0,285.529,286.717,287.927,238.375,-7.81986,2.46638,0,356.104,212.664,226.649,0.90622,0,0.00879855
217.75,0,285.512,286.695,287.902,238.374,-7.77892,2.4292,0,356.104,212.664,226.649,0.906808,0,0.00673893
218.25,0,285.487,286.672,287.877,238.373,-7.80969,2.35441,0,355.727,212.614,226.649,0.907405,0,0.0183803
218.75,0,285.469,286.649,287.853,238.372,-7.77838,2.30732,0,355.727,212.614,226.649,0.907985,0,0.00330584
219.25,0,285.452,286.628,287.828,238.371,-7.74076,2.26915,0,355.727,212.614,226.649,0.908558,0,0.00547612
219.75,0,285.435,286.606,287.804,238.37,-7.70104,2.23395,0,355.727,212.614,226.649,0.909126,0,0.00870422
220.25,0,285.411,286.584,287.78,238.369,-7.73134,2.16205,0,355.359,212.565,226.649,0.909702,0,0.00551035
220.75,0,285.393,286.562,287.756,238.369,-7.70103,2.11711,0,355.359,212.565,226.649,0.910262,0,0.0209844
221.25,0,285.376,286.541,287.732,238.367,-7.66454,2.08085,0,355.359,212.565,226.649,0.910815,0,0.00297575
221.75,0,285.36,286.52,287.708,238.366,-7.626,2.04748,0,355.359,212.565,226.649,0.911362,0,0.00288676
222.25,0,285.337,286.498,287.685,238.365,-7.65546,1.97848,0,355,212.517,226.649,0.911919,0,0.00838442
222.75,0,285.319,286.477,287.661,238.364,-7.62604,1.93562,0,355,212.517,226.649,0.91246,0,0.00464478
223.25,0,285.302,286.456,287.638,238.364,-7.59059,1.90117,0,355,212.517,226.649,0.912994,0,0.00773336
223.75,0,285.286,286.436,287.615,238.363,-7.55313,1.86949,0,355,212.517,226.649,0.913523,0,0.00468944
224.25,0,285.264,286.414,287.592,238.362,-7.58147,1.80353,0,354.653,212.47,226.649,0.914061,0,0.00718998
224.75,0,285.247,286.394,287.569,238.361,-7.55281,1.76271,0,354.653,212.47,226.649,0.914583,0,0.00469252
225.25,0,285.23,286.373,287.546,238.36,-7.51832,1.72998,0,354.653,212.47,226.649,0.915099,0,0.00668205
225.75,0,285.215,286.354,287.523,238.359,-7.48187,1.69992,0,354.653,212.47,226.649,0.915611,0,0.00465328
226.25,0,285.193,286.333,287.501,238.358,-7.50961,1.63652,0,354.315,212.424,226.649,0.916131,0,0.00626165
226.75,0,285.176,286.313,287.478,238.357,-7.48174,1.59752,0,354.315,212.424,226.649,0.916637,0,0.00459053
227.25,0,285.16,286.293,287.456,238.356,-7.44817,1.56637,0,354.315,212.424,226.649,0.917136,0,0.00585627
227.75,0,285.145,286.273,287.433,238.355,-7.41269,1.5378,0,354.315,212.424,226.649,0.917631,0,0.00450034
228.25,0,285.123,286.253,287.411,238.355,-7.43981,1.47678,0,353.985,212.379,226.649,0.918135,0,0.00552458
228.75,0,285.107,286.233,287.389,238.354,-7.4127,1.43947,0,353.985,212.379,226.649,0.918624,0,0.00439894
229.25,0,285.091,286.214,287.367,238.353,-7.38001,1.40979,0,353.985,212.379,226.649,0.919108,1.34933e-07,0.00519314
229.75,0,285.077,286.195,287.345,238.352,-7.34544,1.38261,0,353.985,212.379,226.649,0.919587,3.8462e-07,0.00428008
230.25,0,285.056,286.175,287.324,238.351,-7.37149,1.32051,0,353.663,212.335,226.649,0.92007,4.14551e-06,0.00492605
230.75,0,285.04,286.156,287.302,238.35,-7.34484,1.28505,0,353.663,212.335,226.649,0.920541,5.02981e-06,0.00415819
231.25,0,285.025,286.137,287.28,238.349,-7.31286,1.25659,0,353.663,212.335,226.649,0.921007,5.91515e-06,0.00464858
231.75,0,285.01,286.118,287.259,238.349,-7.27906,1.23053,0,353.663,212.335,226.649,0.921469,6.75616e-06,0.00402538
232.25,0,284.99,286.099,287.238,238.348,-7.30484,1.16803,0,353.348,212.292,226.649,0.92193,1.43014e-05,0.00442897
232.75,0,284.975,286.08,287.217,238.347,-7.27877,1.13454,0,353.348,212.292,226.649,0.922382,1.56857e-05,0.00389479
233.25,0,284.96,286.061,287.195,238.346,-7.24754,1.10743,0,353.348,212.292,226.649,0.92283,1.7079e-05,0.00419162
233.75,0,284.946,286.043,287.174,238.345,-7.21395,1.08014,0,353.348,212.292,226.649,0.92327,2.03821e-05,0.00375749
234.25,0,284.926,286.024,287.153,238.344,-7.23931,1.02079,0,353.04,212.25,226.649,0.923713,2.90611e-05,0.00400799
234.75,0,284.911,286.006,287.133,238.344,-7.21334,0.986564,0,353.04,212.25,226.649,0.924144,3.26148e-05,0.00362574
235.25,0,284.896,285.987,287.112,238.343,-7.18274,0.960847,0,353.04,212.25,226.649,0.924573,3.49207e-05,0.00380107
235.75,0,284.883,285.97,287.091,238.342,-7.15044,0.937093,0,353.04,212.25,226.649,0.924999,3.7121e-05,0.00348987
236.25,0,284.863,285.951,287.071,238.341,-7.17435,0.876106,0,352.738,212.209,226.649,0.92542,4.95833e-05,0.00364528
236.75,0,284.848,285.933,287.05,238.34,-7.14945,0.845691,0,352.738,212.209,226.649,0.925837,5.22256e-05,0.00336158
237.25,0,284.834,285.915,287.03,238.34,-7.11961,0.820963,0,352.738,212.209,226.649,0.92625,5.48743e-05,0.00346202
237.75,0,284.821,285.898,287.01,238.339,-7.08806,0.798318,0,352.738,212.209,226.649,0.926661,5.73799e-05,0.00323069
238.25,0,284.802,285.88,286.99,238.338,-7.11112,0.738048,0,352.443,212.169,226.649,0.927065,7.20457e-05,0.00332827
238.75,0,284.787,285.862,286.97,238.337,-7.08683,0.709152,0,352.443,212.169,226.649,0.927466,7.49536e-05,0.00310851
239.25,0,284.773,285.844,286.95,238.336,-7.05768,0.685625,0,352.443,212.169,226.649,0.927864,7.78728e-05,0.0031639
239.75,0,284.76,285.827,286.93,238.336,-7.02646,0.662618,0,352.443,212.169,226.649,0.928258,8.1745e-05,0.00298456
240.25,0,284.741,285.81,286.91,238.335,-7.04917,0.605061,0,352.154,212.129,226.649,0.928648,9.71315e-05,0.00304804
240.75,0,284.727,285.792,286.89,238.334,-7.02547,0.577366,0,352.154,212.129,226.649,0.929034,0.000100302,0.00286991
241.25,0,284.713,285.775,286.871,238.333,-6.99661,0.553527,0,352.154,212.129,226.649,0.929416,0.00010459,0.00289913
241.75,0,284.7,285.758,286.851,238.333,-6.96647,0.533133,0,352.154,212.129,226.649,0.929797,0.000107936,0.00275386
242.25,0,284.682,285.741,286.832,238.332,-6.98855,0.47657,0,351.87,212.09,226.649,0.930173,0.000124533,0.00279816
242.75,0,284.668,285.724,286.812,238.331,-6.96506,0.448813,0,351.87,212.09,226.649,0.930544,0.000128974,0.00264732
243.25,0,284.654,285.707,286.793,238.33,-6.9372,0.427504,0,351.87,212.09,226.649,0.930915,0.000132723,0.00266221
243.75,0,284.641,285.691,286.774,238.33,-6.90774,0.407955,0,351.87,212.09,226.649,0.931283,0.000136269,0.00253947
244.25,0,284.624,285.674,286.755,238.329,-6.92895,0.351367,0,351.591,212.052,226.649,0.931644,0.000154808,0.00257388
244.75,0,284.61,285.657,286.736,238.328,-6.90632,0.326117,0,351.591,212.052,226.649,0.932004,0.000158813,0.00244114
245.25,0,284.596,285.64,286.717,238.327,-6.87907,0.305668,0,351.591,212.052,226.649,0.932362,0.000162762,0.00244903
245.75,0,284.584,285.624,286.698,238.327,-6.85026,0.287035,0,351.591,212.052,226.649,0.932718,0.000166464,0.00234142
246.25,0,284.566,285.607,286.679,238.326,-6.87097,0.231544,0,351.318,212.014,226.649,0.933067,0.000186204,0.00237162
246.75,0,284.552,285.591,286.66,238.325,-6.84886,0.207407,0,351.318,212.014,226.649,0.933415,0.000190381,0.00225109
247.25,0,284.54,285.575,286.642,238.324,-6.82222,0.187906,0,351.318,212.014,226.649,0.933762,0.000194482,0.00225641
247.75,0,284.527,285.559,286.623,238.324,-6.79403,0.170165,0,351.318,212.014,226.649,0.934107,0.000198317,0.0021592
248.25,0,284.51,285.543,286.605,238.323,-6.8141,0.122058,0,351.049,211.977,226.649,0.934453,0.000229929,0.0021886
248.75,0,284.496,285.526,286.586,238.322,-6.79255,0.0973825,0,351.049,211.977,226.649,0.934793,0.000234071,0.00207649
249.25,0,284.484,285.511,286.568,238.321,-6.76662,0.0780711,0,351.049,211.977,226.649,0.93513,0.000238096,0.00208189
249.75,0,284.471,285.495,286.55,238.321,-6.73892,0.0597282,0,351.049,211.977,226.649,0.935465,0.000242737,0.001992
250.25,0,284.454,285.479,286.531,238.32,-6.75923,0.00684765,0,350.784,211.941,226.649,0.935792,0.000263987,0.0020225
250.75,0,284.441,285.463,286.513,238.319,-6.73817,-0.0158447,0,350.784,211.941,226.649,0.936119,0.000267888,0.00191644
251.25,0,284.428,285.447,286.495,238.319,-6.71254,-0.0346713,0,350.784,211.941,226.649,0.936444,0.000272471,0.00192337
251.75,0,284.416,285.432,286.477,238.318,-6.68555,-0.0509353,0,350.784,211.941,226.649,0.936768,0.000276536,0.00183886
252.25,0,284.399,285.416,286.459,238.317,-6.70523,-0.102633,0,350.523,211.905,226.649,0.937085,0.000298437,0.00187159
252.75,0,284.386,285.4,286.442,238.316,-6.6846,-0.124303,0,350.523,211.905,226.649,0.937403,0.000302445,0.00176996
253.25,0,284.374,285.385,286.424,238.316,-6.65949,-0.142193,0,350.523,211.905,226.649,0.937718,0.000307117,0.00177924
253.75,0,284.362,285.37,286.406,238.315,-6.63302,-0.157629,0,350.523,211.905,226.649,0.938032,0.000311248,0.00169878
254.25,0,284.345,285.354,286.389,238.314,-6.65238,-0.208155,0,350.267,211.87,226.649,0.93834,0.00033374,0.00173423
254.75,0,284.332,285.339,286.371,238.314,-6.63217,-0.228913,0,350.267,211.87,226.649,0.938648,0.000337876,0.00163602
255.25,0,284.32,285.324,286.353,238.313,-6.60757,-0.245952,0,350.267,211.87,226.649,0.938954,0.000342627,0.00164799
255.75,0,284.309,285.309,286.336,238.312,-6.58163,-0.260644,0,350.267,211.87,226.649,0.93926,0.000346835,0.00157074
256.25,0,284.292,285.293,286.319,238.311,-6.60067,-0.31006,0,350.014,211.835,226.649,0.939558,0.00036988,0.00160908
256.75,0,284.279,285.278,286.301,238.311,-6.58088,-0.329985,0,350.014,211.835,226.649,0.939858,0.000374158,0.00151363
257.25,0,284.267,285.263,286.284,238.31,-6.55679,-0.346237,0,350.014,211.835,226.649,0.940155,0.000378992,0.00152839
257.75,0,284.256,285.249,286.267,238.309,-6.53134,-0.36024,0,350.014,211.835,226.649,0.940453,0.000383281,0.00145377
258.25,0,284.24,285.233,286.25,238.309,-6.5501,-0.408596,0,349.766,211.8,226.649,0.940743,0.000406841,0.00149499
258.75,0,284.227,285.219,286.233,238.308,-6.53071,-0.427748,0,349.766,211.8,226.649,0.941034,0.000411274,0.00140184
259.25,0,284.215,285.204,286.216,238.307,-6.5071,-0.443268,0,349.766,211.8,226.649,0.941324,0.00041621,0.00141932
259.75,0,284.204,285.189,286.199,238.307,-6.48213,-0.456628,0,349.766,211.8,226.649,0.941614,0.000420583,0.00134695
260.25,0,284.188,285.174,286.182,238.306,-6.50063,-0.503965,0,349.52,211.766,226.649,0.941896,0.000444622,0.00139091
260.75,0,284.176,285.16,286.165,238.305,-6.48163,-0.522395,0,349.52,211.766,226.649,0.94218,0.000449223,0.00129974
261.25,0,284.164,285.145,286.149,238.305,-6.45848,-0.537235,0,349.52,211.766,226.649,0.942462,0.000454304,0.00131983
261.75,0,284.153,285.131,286.132,238.304,-6.43397,-0.54999,0,349.52,211.766,226.649,0.942745,0.000458764,0.00124939
262.25,0,284.137,285.116,286.115,238.303,-6.4521,-0.59515,0,349.279,211.732,226.649,0.943021,0.000488695,0.00129594
262.75,0,284.125,285.102,286.099,238.303,-6.43346,-0.613787,0,349.279,211.732,226.649,0.943297,0.000496065,0.00120652
263.25,0,284.113,285.088,286.082,238.302,-6.41083,-0.627639,0,349.279,211.732,226.649,0.943573,0.000502033,0.00122903
263.75,0,284.102,285.074,286.066,238.301,-6.38679,-0.639996,0,349.279,211.732,226.649,0.943849,0.000507418,0.00116032
264.25,0,284.086,285.059,286.05,238.301,-6.40487,-0.685561,0,349.04,211.699,226.649,0.944117,0.000533337,0.00120923
264.75,0,284.074,285.045,286.033,238.3,-6.3866,-0.703286,0,349.04,211.699,226.649,0.944385,0.000540762,0.00112139
265.25,0,284.063,285.031,286.017,238.299,-6.36434,-0.716467,0,349.04,211.699,226.649,0.944654,0.000546739,0.00114614
265.75,0,284.052,285.017,286.001,238.299,-6.34071,-0.728213,0,349.04,211.699,226.649,0.944923,0.000552129,0.00107898
266.25,0,284.037,285.002,285.985,238.298,-6.35852,-0.773165,0,348.805,211.666,226.649,0.945184,0.000578707,0.00113008
266.75,0,284.025,284.988,285.968,238.297,-6.34061,-0.789812,0,348.805,211.666,226.649,0.945446,0.000586049,0.00104366
267.25,0,284.014,284.975,285.952,238.297,-6.31868,-0.802087,0,348.805,211.666,226.649,0.945709,0.000595333,0.00107046
267.75,0,284.003,284.961,285.936,238.296,-6.29547,-0.813443,0,348.805,211.666,226.649,0.945971,0.00060142,0.00100471
268.25,0,283.987,284.947,285.92,238.295,-6.31312,-0.857649,0,348.573,211.634,226.649,0.946226,0.000629707,0.00105777
268.75,0,283.976,284.933,285.905,238.295,-6.29556,-0.873807,0,348.573,211.634,226.649,0.946482,0.00063841,0.000972668
269.25,0,283.965,284.919,285.889,238.294,-6.27408,-0.88621,0,348.573,211.634,226.649,0.946738,0.000645529,0.00100133
269.75,0,283.954,284.906,285.873,238.293,-6.25124,-0.896884,0,348.573,211.634,226.649,0.946994,0.000653192,0.000936875
270.25,0,283.939,284.892,285.857,238.293,-6.26869,-0.940229,0,348.344,211.602,226.649,0.947242,0.000683108,0.000991713
270.75,0,283.927,284.878,285.842,238.292,-6.25144,-0.955983,0,348.344,211.602,226.649,0.947492,0.000694547,0.000907833
271.25,0,283.916,284.864,285.826,238.291,-6.23032,-0.967728,0,348.344,211.602,226.649,0.947742,0.000703073,0.000938185
271.75,0,283.906,284.851,285.81,238.291,-6.20786,-0.978059,0,348.344,211.602,226.649,0.947992,0.000710572,0.000874921
272.25,0,283.891,284.837,285.795,238.29,-6.22511,-1.02033,0,348.117,211.57,226.649,0.948234,0.000741275,0.000931348
272.75,0,283.879,284.824,285.779,238.289,-6.20816,-1.03549,0,348.117,211.57,226.649,0.948479,0.00075228,0.000848611
273.25,0,283.869,284.811,285.764,238.289,-6.18738,-1.04671,0,348.117,211.57,226.649,0.948723,0.000760424,0.00088048
273.75,0,283.858,284.797,285.749,238.288,-6.16529,-1.05655,0,348.117,211.57,226.649,0.948968,0.000767564,0.000818326
274.25,0,283.843,284.784,285.733,238.287,-6.18237,-1.09789,0,347.893,211.539,226.649,0.949205,0.000797592,0.000876162
274.75,0,283.832,284.77,285.718,238.287,-6.16572,-1.11252,0,347.893,211.539,226.649,0.949444,0.000808208,0.000794502
275.25,0,283.821,284.757,285.703,238.286,-6.14528,-1.12326,0,347.893,211.539,226.649,0.949684,0.000816007,0.000827731
275.75,0,283.811,284.744,285.688,238.286,-6.12354,-1.13265,0,347.893,211.539,226.649,0.949923,0.000822822,0.000766615
276.25,0,283.797,284.731,285.672,238.285,-6.14047,-1.17313,0,347.672,211.508,226.649,0.950156,0.000852216,0.000825699
276.75,0,283.785,284.718,285.657,238.284,-6.1241,-1.18726,0,347.672,211.508,226.649,0.95039,0.000862471,0.000745057
277.25,0,283.775,284.705,285.642,238.284,-6.10399,-1.19757,0,347.672,211.508,226.649,0.950625,0.000869951,0.0007795
277.75,0,283.765,284.692,285.627,238.283,-6.0826,-1.20654,0,347.672,211.508,226.649,0.950859,0.000876463,0.000719355
278.25,0,283.75,284.678,285.612,238.282,-6.09938,-1.2462,0,347.454,211.477,226.649,0.951087,0.000905258,0.000779543
278.75,0,283.739,284.665,285.597,238.282,-6.08329,-1.25986,0,347.454,211.477,226.649,0.951317,0.000915174,0.000699862
279.25,0,283.729,284.653,285.583,238.281,-6.06349,-1.26976,0,347.454,211.477,226.649,0.951547,0.000922356,0.000735391
279.75,0,283.719,284.64,285.568,238.28,-6.04243,-1.27835,0,347.454,211.477,226.649,0.951777,0.000928586,0.000676155
280.25,0,283.704,284.627,285.553,238.28,-6.05906,-1.31721,0,347.238,211.446,226.649,0.952,0.00095681,0.000737315
280.75,0,283.693,284.614,285.538,238.279,-6.04325,-1.33044,0,347.238,211.446,226.649,0.952225,0.000966407,0.000658544
281.25,0,283.683,284.601,285.524,238.279,-6.02376,-1.33995,0,347.238,211.446,226.649,0.952451,0.000973309,0.000695038
281.75,0,283.673,284.589,285.509,238.278,-6.00302,-1.34818,0,347.238,211.446,226.649,0.952677,0.000979272,0.000636657
282.25,0,283.659,284.576,285.494,238.277,-6.01951,-1.3863,0,347.024,211.416,226.649,0.952896,0.00100695,0.000698667
282.75,0,283.648,284.563,285.48,238.277,-6.00396,-1.39911,0,347.024,211.416,226.649,0.953117,0.00101625,0.00062076
283.25,0,283.638,284.55,285.465,238.276,-5.98477,-1.40826,0,347.024,211.416,226.649,0.953338,0.00102288,0.000658111
283.75,0,283.628,284.538,285.451,238.275,-5.96434,-1.41614,0,347.024,211.416,226.649,0.953559,0.0010286,0.000600533
284.25,0,283.614,284.525,285.436,238.275,-5.98069,-1.45354,0,346.813,211.387,226.649,0.953775,0.00105575,0.000663285
284.75,0,283.603,284.513,285.422,238.274,-5.96539,-1.46596,0,346.813,211.387,226.649,0.953991,0.00106476,0.000586198
285.25,0,283.593,284.5,285.408,238.274,-5.94649,-1.47477,0,346.813,211.387,226.649,0.954209,0.00107115,0.000624309
285.75,0,283.583,284.488,285.393,238.273,-5.92636,-1.48232,0,346.813,211.387,226.649,0.954426,0.00107663,0.000567488
286.25,0,283.57,284.475,285.379,238.272,-5.94258,-1.51904,0,346.603,211.357,226.649,0.954637,0.00110328,0.00063088
286.75,0,283.559,284.463,285.365,238.272,-5.92752,-1.53108,0,346.603,211.357,226.649,0.95485,0.00111202,0.000554576
287.25,0,283.549,284.45,285.351,238.271,-5.9089,-1.53956,0,346.603,211.357,226.649,0.955064,0.00111817,0.000593355
287.75,0,283.539,284.438,285.337,238.271,-5.88907,-1.54681,0,346.603,211.357,226.649,0.955277,0.00112342,0.000537248
288.25,0,283.526,284.426,285.323,238.27,-5.90515,-1.58287,0,346.396,211.328,226.649,0.955485,0.0011496,0.000601192
288.75,0,283.515,284.413,285.308,238.269,-5.89033,-1.59456,0,346.396,211.328,226.649,0.955694,0.00115808,0.000525634
289.25,0,283.505,284.401,285.294,238.269,-5.87198,-1.60273,0,346.396,211.328,226.649,0.955903,0.001164,0.000565
289.75,0,283.496,284.389,285.28,238.268,-5.85243,-1.60968,0,346.396,211.328,226.649,0.956113,0.00116904,0.000509569
290.25,0,283.482,284.377,285.267,238.268,-5.86839,-1.6451,0,346.192,211.299,226.649,0.956317,0.00119475,0.00057398
290.75,0,283.472,284.365,285.253,238.267,-5.85379,-1.65646,0,346.192,211.299,226.649,0.956523,0.00120299,0.000499136
291.25,0,283.462,284.353,285.239,238.266,-5.83571,-1.66433,0,346.192,211.299,226.649,0.956729,0.00120869,0.000539015
291.75,0,283.453,284.341,285.225,238.266,-5.81643,-1.671,0,346.192,211.299,226.649,0.956935,0.00121353,0.000484223
292.25,0,283.439,284.329,285.211,238.265,-5.83226,-1.70582,0,345.989,211.27,226.649,0.957135,0.0012388,0.000549027
292.75,0,283.429,284.317,285.197,238.264,-5.81789,-1.71685,0,345.989,211.27,226.649,0.957337,0.0012468,0.000474867
293.25,0,283.419,284.305,285.184,238.264,-5.80006,-1.72444,0,345.989,211.27,226.649,0.95754,0.0012523,0.00051519
293.75,0,283.41,284.293,285.17,238.263,-5.78104,-1.73085,0,345.989,211.27,226.649,0.957742,0.00125694,0.000461006
294.25,0,283.397,284.281,285.156,238.263,-5.79675,-1.76508,0,345.788,211.242,226.649,0.95794,0.00128179,0.000526135
294.75,0,283.386,284.269,285.143,238.262,-5.7826,-1.7758,0,345.788,211.242,226.649,0.958139,0.00128956,0.000452631
295.25,0,283.377,284.257,285.129,238.261,-5.76501,-1.78313,0,345.788,211.242,226.649,0.958338,0.00129487,0.000493337
295.75,0,283.367,284.246,285.116,238.261,-5.74625,-1.78928,0,345.788,211.242,226.649,0.958537,0.00129933,0.000439731
296.25,0,283.354,284.233,285.102,238.26,-5.76185,-1.82295,0,345.589,211.213,226.649,0.958731,0.00132376,0.000505122
296.75,0,283.344,284.222,285.089,238.26,-5.7479,-1.83337,0,345.589,211.213,226.649,0.958927,0.00133132,0.000432249
297.25,0,283.335,284.21,285.075,238.259,-5.73055,-1.84044,0,345.589,211.213,226.649,0.959122,0.00133644,0.000473283
297.75,0,283.325,284.199,285.062,238.259,-5.71204,-1.84635,0,345.589,211.213,226.649,0.959319,0.00134072,0.000420227
298.25,0,283.312,284.187,285.049,238.258,-5.72752,-1.87947,0,345.392,211.185,226.649,0.95951,0.00136476,0.000485825
298.75,0,283.302,284.175,285.035,238.257,-5.71377,-1.88962,0,345.392,211.185,226.649,0.959702,0.00137211,0.000413559
299.25,0,283.293,284.163,285.022,238.257,-5.69666,-1.89644,0,345.392,211.185,226.649,0.959895,0.00137706,0.000454869
299.75,0,283.284,284.152,285.009,238.256,-5.67839,-1.90212,0,345.392,211.185,226.649,0.960088,0.00138117,0.000402339
300.25,0,283.271,284.14,284.995,238.256,-5.69376,-1.93472,0,345.197,211.158,226.649,0.960276,0.00140482,0.000468092
300.75,0,283.261,284.129,284.982,238.255,-5.68021,-1.94459,0,345.197,211.158,226.649,0.960465,0.00141198,0.000396412
301.25,0,283.252,284.117,284.969,238.254,-5.66332,-1.95118,0,345.197,211.158,226.649,0.960655,0.00141675,0.000437952
301.75,0,283.243,284.106,284.956,238.254,-5.64528,-1.95664,0,345.197,211.158,226.649,0.960845,0.0014207,0.000385924
302.25,0,283.23,284.094,284.943,238.253,-5.66054,-1.98873,0,345.003,211.13,226.649,0.96103,0.00144399,0.000451786
302.75,0,283.22,284.083,284.93,238.253,-5.64718,-1.99834,0,345.003,211.13,226.649,0.961217,0.00145095,0.000380672
303.25,0,283.211,284.072,284.917,238.252,-5.63051,-2.00471,0,345.003,211.13,226.649,0.961404,0.00145557,0.000422401
303.75,0,283.202,284.06,284.904,238.251,-5.6127,-2.00996,0,345.003,211.13,226.649,0.961591,0.00145936,0.000370854
304.25,0,283.189,284.049,284.891,238.251,-5.62785,-2.04155,0,344.811,211.103,226.649,0.961773,0.00148229,0.000436783
304.75,0,283.179,284.037,284.878,238.25,-5.61468,-2.05092,0,344.811,211.103,226.649,0.961957,0.00148908,0.000366217
305.25,0,283.17,284.026,284.865,238.25,-5.59822,-2.05707,0,344.811,211.103,226.649,0.962141,0.00149353,0.000408096
305.75,0,283.161,284.015,284.852,238.249,-5.58063,-2.06212,0,344.811,211.103,226.649,0.962325,0.00149718,0.000357011
306.25,0,283.149,284.004,284.839,238.249,-5.59568,-2.09324,0,344.621,211.076,226.649,0.962505,0.00151976,0.000422969
306.75,0,283.139,283.993,284.827,238.248,-5.58268,-2.10236,0,344.621,211.076,226.649,0.962686,0.00152637,0.000352933
307.25,0,283.13,283.981,284.814,238.247,-5.56643,-2.10831,0,344.621,211.076,339.934,0.962867,0.00153068,0.000394928
307.75,0,283.121,283.971,284.801,238.247,-5.54906,-2.11317,0,344.621,211.076,339.934,0.963049,0.00153419,0.000344286
308.25,0,283.109,283.959,284.788,238.246,-5.564,-2.14383,0,344.433,211.049,339.934,0.963226,0.00155644,0.00041024
308.75,0,283.099,283.948,284.776,238.246,-5.55118,-2.15272,0,344.433,211.049,339.934,0.963404,0.00156288,0.000340719
309.25,0,283.09,283.937,284.763,238.245,-5.53513,-2.15848,0,344.433,211.049,339.934,0.963583,0.00156704,0.000382798
309.75,0,283.082,283.926,284.75,238.244,-5.51797,-2.16315,0,344.433,211.049,339.934,0.963762,0.00157042,0.000332583
310.25,0,283.069,283.915,284.738,238.244,-5.53281,-2.19336,0,344.246,211.022,339.934,0.963937,0.00159234,0.000398501
310.75,0,283.06,283.904,284.725,238.243,-5.52016,-2.20203,0,344.246,211.022,339.934,0.964112,0.00159862,0.000329481
311.25,0,283.051,283.893,284.713,238.243,-5.50431,-2.2076,0,344.246,211.022,339.934,0.964289,0.00160265,0.000371615
311.75,0,283.042,283.882,284.7,238.242,-5.48735,-2.21209,0,344.246,211.022,339.934,0.964465,0.0016059,0.000321813
312.25,0,283.03,283.871,284.688,238.242,-5.50209,-2.24187,0,344.061,210.996,339.934,0.964637,0.00162751,0.000387666
312.75,0,283.021,283.86,284.676,238.241,-5.48961,-2.25034,0,344.061,210.996,339.934,0.96481,0.00163363,0.000319133
313.25,0,283.012,283.849,284.663,238.24,-5.47394,-2.25572,0,344.061,210.996,339.934,0.964984,0.00163753,0.000361297
313.75,0,283.003,283.839,284.651,238.24,-5.45719,-2.26004,0,344.061,210.996,339.934,0.965158,0.00164065,0.000311892
314.25,0,282.991,283.828,284.638,238.239,-5.47183,-2.28941,0,343.877,210.969,339.934,0.965328,0.00166195,0.000377656
314.75,0,282.982,283.817,284.626,238.239,-5.4595,-2.29766,0,343.877,210.969,339.934,0.965499,0.00166793,0.000309597
315.25,0,282.973,283.806,284.614,238.238,-5.44403,-2.30287,0,343.877,210.969,339.934,0.96567,0.0016717,0.000351768
315.75,0,282.964,283.796,284.602,238.238,-5.42746,-2.30703,0,343.877,210.969,339.934,0.965842,0.00167471,0.000302749
316.25,0,282.952,283.785,284.589,238.237,-5.44201,-2.33599,0,343.695,210.943,339.934,0.966009,0.00169571,0.000368399
316.75,0,282.943,283.774,284.577,238.236,-5.42984,-2.34405,0,343.695,210.943,339.934,0.966178,0.00170155,0.000300804
317.25,0,282.934,283.763,284.565,238.236,-5.41454,-2.34909,0,343.695,210.943,339.934,0.966347,0.00170519,0.00034296
317.75,0,282.926,283.753,284.553,238.235,-5.39817,-2.3531,0,343.695,210.943,339.934,0.966516,0.00170809,0.000294314
318.25,0,282.914,283.742,284.541,238.235,-5.41262,-2.38166,0,343.515,210.918,339.934,0.966682,0.0017288,0.000359831
318.75,0,282.905,283.731,284.529,238.234,-5.40061,-2.38953,0,343.515,210.918,339.934,0.966848,0.0017345,0.000292688
319.25,0,282.896,283.721,284.517,238.234,-5.38549,-2.39441,0,343.515,210.918,339.934,0.967015,0.00173803,0.00033481
319.75,0,282.888,283.711,284.504,238.233,-5.3693,-2.39826,0,343.515,210.918,339.934,0.967182,0.00174081,0.000286526
320.25,0,282.876,283.7,284.492,238.233,-5.38366,-2.42644,0,343.335,210.892,339.934,0.967345,0.00176125,0.000351892
320.75,0,282.867,283.689,284.481,238.232,-5.37179,-2.43413,0,343.335,210.892,339.934,0.967509,0.00176682,0.00028519
321.25,0,282.858,283.679,284.469,238.231,-5.35684,-2.43886,0,343.335,210.892,339.934,0.967674,0.00177023,0.000327261
321.75,0,282.85,283.669,284.457,238.231,-5.34083,-2.44257,0,343.335,210.892,339.934,0.967839,0.00177291,0.000279328
322.25,0,282.838,283.658,284.445,238.23,-5.3551,-2.47038,0,343.158,210.866,339.934,0.968,0.00179308,0.000344526
322.75,0,282.829,283.647,284.433,238.23,-5.34338,-2.47789,0,343.158,210.866,339.934,0.968162,0.00179852,0.000278256
323.25,0,282.821,283.637,284.421,238.229,-5.3286,-2.48247,0,343.158,210.866,339.934,0.968325,0.00180183,0.000320261
323.75,0,282.812,283.627,284.409,238.229,-5.31276,-2.48604,0,343.158,210.866,339.934,0.968487,0.0018044,0.000272671
324.25,0,282.801,283.616,284.397,238.228,-5.32696,-2.51348,0,342.981,210.841,339.934,0.968646,0.00182431,0.000337685
324.75,0,282.792,283.606,284.386,238.228,-5.31538,-2.52082,0,342.981,210.841,339.934,0.968806,0.00182962,0.000271839
325.25,0,282.783,283.596,284.374,238.227,-5.30076,-2.52526,0,342.981,210.841,339.934,0.968967,0.00183282,0.000313763
325.75,0,282.775,283.586,284.362,238.226,-5.28509,-2.5287,0,342.981,210.841,339.934,0.969127,0.00183531,0.000266506
326.25,0,282.764,283.575,284.35,238.226,-5.2993,-2.5558,0,342.806,210.816,339.934,0.969284,0.00185496,0.000331325
326.75,0,282.755,283.565,284.339,238.225,-5.28786,-2.56297,0,342.806,210.816,339.934,0.969442,0.00186015,0.000265892
327.25,0,282.746,283.555,284.327,238.225,-5.27341,-2.56727,0,342.806,210.816,339.934,0.969601,0.00186325,0.000307725
327.75,0,282.738,283.545,284.316,238.224,-5.25791,-2.57058,0,342.806,210.816,339.934,0.96976,0.00186564,0.000260791
328.25,0,282.727,283.534,284.304,238.224,-5.27204,-2.59735,0,342.632,210.791,339.934,0.969914,0.00188506,0.000325404
328.75,0,282.718,283.524,284.292,238.223,-5.26076,-2.60437,0,342.632,210.791,339.934,0.97007,0.00189013,0.000260377
329.25,0,282.71,283.514,284.281,238.223,-5.24648,-2.60853,0,342.632,210.791,339.934,0.970227,0.00189314,0.000302106
329.75,0,282.701,283.504,284.269,238.222,-5.23115,-2.61172,0,342.632,210.791,339.934,0.970384,0.00189544,0.000255489
330.25,0,282.69,283.494,284.258,238.221,-5.2452,-2.63817,0,342.459,210.766,339.934,0.970536,0.00191462,0.000319886
330.75,0,282.681,283.484,284.246,238.221,-5.23407,-2.64503,0,342.459,210.766,339.934,0.97069,0.00191958,0.000255256
331.25,0,282.673,283.474,284.235,238.22,-5.21994,-2.64907,0,342.459,210.766,339.934,0.970845,0.0019225,0.000296872
331.75,0,282.665,283.464,284.223,238.22,-5.20478,-2.65213,0,342.459,210.766,339.934,0.971,0.00192471,0.000250563
332.25,0,282.654,283.453,284.212,238.219,-5.21878,-2.67829,0,342.287,210.742,339.934,0.971151,0.00194367,0.000314736
332.75,0,282.645,283.443,284.201,238.219,-5.20779,-2.685,0,342.287,210.742,339.934,0.971303,0.00194853,0.000250495
333.25,0,282.637,283.434,284.189,238.218,-5.19383,-2.68892,0,342.287,210.742,339.934,0.971455,0.00195135,0.00029199
333.75,0,282.629,283.424,284.178,238.218,-5.17884,-2.69187,0,342.287,210.742,339.934,0.971608,0.00195348,0.000245981
334.25,0,282.618,283.414,284.167,238.217,-5.19276,-2.71772,0,342.117,210.717,339.934,0.971757,0.00197222,0.000309923
334.75,0,282.609,283.404,284.155,238.217,-5.18192,-2.7243,0,342.117,210.717,339.934,0.971907,0.00197698,0.000246063
335.25,0,282.601,283.394,284.144,238.216,-5.16812,-2.72809,0,342.117,210.717,339.934,0.972058,0.00197972,0.000287431
335.75,0,282.593,283.384,284.133,238.215,-5.15329,-2.73093,0,342.117,210.717,339.934,0.972209,0.00198176,0.000241715
336.25,0,282.582,283.374,284.122,238.215,-5.16713,-2.75647,0,341.948,210.693,339.934,0.972356,0.00200028,0.000305415
336.75,0,282.573,283.364,284.111,238.214,-5.15642,-2.7629,0,341.948,210.693,339.934,0.972504,0.00200493,0.000241933
337.25,0,282.565,283.354,284.099,238.214,-5.14276,-2.76658,0,341.948,210.693,339.934,0.972653,0.00200758,0.000283163
337.75,0,282.557,283.345,284.088,238.213,-5.12809,-2.76931,0,341.948,210.693,339.934,0.972802,0.00200955,0.000237737
338.25,0,282.546,283.335,284.077,238.213,-5.14191,-2.79461,0,341.779,210.669,339.934,0.972948,0.00202789,0.000301195
338.75,0,282.538,283.325,284.066,238.212,-5.13133,-2.80092,0,341.779,210.669,339.934,0.973094,0.00203245,0.000238079
339.25,0,282.53,283.315,284.055,238.212,-5.11783,-2.80448,0,341.779,210.669,339.934,0.973241,0.00203502,0.000279168
339.75,0,282.522,283.306,284.044,238.211,-5.10332,-2.80711,0,341.779,210.669,339.934,0.973389,0.00203692,0.000234022
340.25,0,282.511,283.296,284.033,238.211,-5.11713,-2.83219,0,341.611,210.645,339.934,0.973532,0.0020551,0.000297249
340.75,0,282.503,283.286,284.022,238.21,-5.10669,-2.83838,0,341.611,210.645,339.934,0.973677,0.00205957,0.000234481
341.25,0,282.495,283.276,284.011,238.21,-5.09335,-2.84184,0,341.611,210.645,339.934,0.973822,0.00206207,0.000275434
341.75,0,282.487,283.267,284,238.209,-5.07899,-2.84437,0,341.611,210.645,339.934,0.973968,0.00206389,0.000230555
342.25,0,282.476,283.257,283.989,238.208,-5.09272,-2.86917,0,341.445,210.621,339.934,0.97411,0.00208186,0.000293535
342.75,0,282.467,283.247,283.978,238.208,-5.0824,-2.87523,0,341.445,210.621,339.934,0.974253,0.00208625,0.000231116
343.25,0,282.46,283.238,283.967,238.207,-5.0692,-2.87859,0,341.445,210.621,339.934,0.974397,0.00208867,0.000271923
343.75,0,282.452,283.229,283.956,238.207,-5.05499,-2.88103,0,341.445,210.621,339.934,0.974541,0.00209042,0.00022731
344.25,0,282.441,283.219,283.945,238.206,-5.06865,-2.90554,0,341.279,210.597,339.934,0.974681,0.00210819,0.000290031
344.75,0,282.433,283.209,283.935,238.206,-5.05845,-2.91148,0,341.279,210.597,339.934,0.974823,0.00211248,0.000227964
345.25,0,282.425,283.2,283.924,238.205,-5.04539,-2.91474,0,341.279,210.597,339.934,0.974964,0.00211483,0.000268614
345.75,0,282.417,283.19,283.913,238.205,-5.03132,-2.91708,0,341.279,210.597,339.934,0.975107,0.00211652,0.000224267
346.25,0,282.406,283.181,283.902,238.204,-5.04498,-2.9414,0,341.114,210.573,339.934,0.975246,0.00213414,0.000286732
346.75,0,282.398,283.171,283.891,238.204,-5.03491,-2.94724,0,341.114,210.573,339.934,0.975386,0.00213836,0.000225005
347.25,0,282.39,283.162,283.881,238.203,-5.02199,-2.95041,0,341.114,210.573,339.934,0.975526,0.00214065,0.0002655
347.75,0,282.383,283.152,283.87,238.203,-5.00806,-2.95266,0,341.114,210.573,339.934,0.975666,0.00214227,0.00022141
348.25,0,282.372,283.143,283.859,238.202,-5.02164,-2.97672,0,340.951,210.55,339.934,0.975804,0.0021597,0.000283613
348.75,0,282.364,283.133,283.849,238.202,-5.01169,-2.98244,0,340.951,210.55,339.934,0.975942,0.00216383,0.000222225
349.25,0,282.356,283.124,283.838,238.201,-4.9989,-2.98551,0,340.951,210.55,339.934,0.976081,0.00216605,0.000262558
349.75,0,282.349,283.115,283.827,238.201,-4.98511,-2.98768,0,340.951,210.55,339.934,0.97622,0.00216761,0.000218723
350.25,0,282.338,283.105,283.817,238.2,-4.99862,-3.01147,0,340.788,210.527,339.934,0.976356,0.00218485,0.000280654
350.75,0,282.33,283.096,283.806,238.199,-4.98878,-3.01708,0,340.788,210.527,339.934,0.976493,0.0021889,0.000219606
351.25,0,282.322,283.087,283.796,238.199,-4.97612,-3.02006,0,340.788,210.527,339.934,0.97663,0.00219105,0.000259769
351.75,0,282.315,283.077,283.785,238.198,-4.96247,-3.02214,0,340.788,210.527,339.934,0.976767,0.00219254,0.00021619
352.25,0,282.304,283.068,283.775,238.198,-4.9759,-3.04567,0,340.626,210.504,339.934,0.976902,0.00220959,0.000277843
352.75,0,282.296,283.059,283.764,238.197,-4.96617,-3.05117,0,340.626,210.504,339.934,0.977037,0.00221356,0.000217133
353.25,0,282.288,283.049,283.754,238.197,-4.95364,-3.05406,0,340.626,210.504,339.934,0.977173,0.00221565,0.000257122
353.75,0,282.281,283.04,283.743,238.196,-4.94012,-3.05606,0,340.626,210.504,339.934,0.977309,0.00221708,0.000213796
354.25,0,282.27,283.031,283.733,238.196,-4.95357,-3.07942,0,340.465,210.481,339.934,0.977442,0.00223401,0.000275183
354.75,0,282.262,283.022,283.722,238.195,-4.94396,-3.08483,0,340.465,210.481,339.934,0.977576,0.00223792,0.000214797
355.25,0,282.254,283.013,283.712,238.195,-4.93155,-3.08764,0,340.465,210.481,339.934,0.97771,0.00223994,0.000254618
355.75,0,282.247,283.004,283.702,238.194,-4.91817,-3.08957,0,340.465,210.481,339.934,0.977844,0.00224133,0.000211534
356.25,0,282.237,282.994,283.691,238.194,-4.93154,-3.11269,0,340.305,210.458,339.934,0.977975,0.00225808,0.000272804
356.75,0,282.229,282.985,283.681,238.193,-4.92208,-3.11795,0,340.305,210.458,339.934,0.978106,0.00226188,0.000213108
357.25,0,282.221,282.976,283.671,238.193,-4.90991,-3.12057,0,340.305,210.458,339.934,0.978236,0.00226376,0.000253123
357.75,0,282.214,282.967,283.66,238.192,-4.89681,-3.12226,0,340.305,210.458,339.934,0.978366,0.00226498,0.000210647
358.25,0,282.203,282.958,283.65,238.192,-4.91019,-3.14496,0,340.146,210.435,339.934,0.978494,0.00228142,0.000271745
358.75,0,282.195,282.949,283.64,238.191,-4.90095,-3.15001,0,340.146,210.435,339.934,0.978622,0.00228507,0.000212362
359.25,0,282.188,282.94,283.629,238.191,-4.88897,-3.15247,0,340.146,210.435,339.934,0.97875,0.00228684,0.00025219
359.75,0,282.181,282.931,283.619,238.19,-4.87604,-3.15404,0,340.146,210.435,339.934,0.978878,0.00228796,0.000209946
360.25,0,282.17,282.922,283.609,238.19,-4.88934,-3.17646,0,339.988,210.412,339.934,0.979004,0.0023042,0.000270754
360.75,0,282.162,282.913,283.599,238.189,-4.88022,-3.18137,0,339.988,210.412,339.934,0.97913,0.00230775,0.000211688
361.25,0,282.155,282.904,283.589,238.189,-4.86839,-3.18372,0,339.988,210.412,339.934,0.979257,0.00230944,0.000251326
361.75,0,282.148,282.895,283.579,238.188,-4.8556,-3.1852,0,339.988,210.412,339.934,0.979383,0.00231049,0.000209317
362.25,0,282.137,282.886,283.568,238.188,-4.86895,-3.20746,0,339.831,210.39,339.934,0.979507,0.00232662,0.000269853
362.75,0,282.129,282.877,283.558,238.187,-4.86,-3.21224,0,339.831,210.39,339.934,0.979633,0.00233007,0.00021092
363.25,0,282.122,282.868,283.548,238.187,-4.8483,-3.2145,0,339.831,210.39,339.934,0.97976,0.0023317,0.000250088
363.75,0,282.115,282.859,283.538,238.186,-4.8356,-3.21595,0,339.831,210.39,339.934,0.979887,0.00233274,0.00020801
364.25,0,282.105,282.85,283.528,238.186,-4.84888,-3.23813,0,339.674,210.367,339.934,0.980012,0.0023488,0.000268075
364.75,0,282.097,282.841,283.518,238.185,-4.83994,-3.24293,0,339.674,210.367,339.934,0.980138,0.00235227,0.000209317
365.25,0,282.089,282.832,283.508,238.185,-4.82827,-3.24523,0,339.674,210.367,339.934,0.980264,0.00235392,0.000248319
365.75,0,282.082,282.824,283.498,238.184,-4.81563,-3.24667,0,339.674,210.367,339.934,0.980391,0.00235495,0.000206462
366.25,0,282.072,282.814,283.488,238.184,-4.8289,-3.26871,0,339.517,210.345,339.934,0.980515,0.00237092,0.000266267
366.75,0,282.064,282.806,283.478,238.183,-4.82004,-3.27347,0,339.517,210.345,339.934,0.98064,0.00237434,0.000207803
367.25,0,282.057,282.797,283.468,238.183,-4.80845,-3.27572,0,339.517,210.345,339.934,0.980765,0.00237596,0.000246636
367.75,0,282.05,282.788,283.458,238.182,-4.79591,-3.27712,0,339.517,210.345,339.934,0.980891,0.00237696,0.000204998
368.25,0,282.04,282.779,283.448,238.182,-4.80911,-3.29897,0,339.362,210.323,339.934,0.981014,0.00239279,0.000264531
368.75,0,282.032,282.77,283.439,238.181,-4.80034,-3.30364,0,339.362,210.323,339.934,0.981137,0.00239616,0.000206617
369.25,0,282.025,282.762,283.429,238.181,-4.78892,-3.30576,0,339.362,210.323,339.934,0.981259,0.00239768,0.000245591
369.75,0,282.018,282.753,283.419,238.18,-4.77661,-3.30698,0,339.362,210.323,339.934,0.981381,0.00239856,0.00020449
370.25,0,282.008,282.744,283.409,238.18,-4.78982,-3.32848,0,339.207,210.301,339.934,0.981501,0.00241413,0.00026397
370.75,0,282,282.735,283.399,238.179,-4.78125,-3.33295,0,339.207,210.301,339.934,0.981622,0.00241735,0.000206416
371.25,0,281.993,282.727,283.389,238.179,-4.77002,-3.33493,0,339.207,210.301,339.934,0.981742,0.00241877,0.000245197
371.75,0,281.986,282.718,283.38,238.178,-4.75786,-3.33605,0,339.207,210.301,339.934,0.981863,0.00241957,0.000204311
372.25,0,281.976,282.709,283.37,238.178,-4.77099,-3.3573,0,339.054,210.279,339.934,0.981981,0.00243496,0.0002635
372.75,0,281.968,282.701,283.36,238.177,-4.76253,-3.36165,0,339.054,210.279,339.934,0.9821,0.0024381,0.000206243
373.25,0,281.961,282.692,283.35,238.177,-4.75141,-3.36354,0,339.054,210.279,339.934,0.982219,0.00243946,0.000244829
373.75,0,281.954,282.684,283.341,238.176,-4.73938,-3.36459,0,339.054,210.279,339.934,0.982338,0.0024402,0.000204156
374.25,0,281.944,282.675,283.331,238.176,-4.75249,-3.38557,0,338.901,210.257,339.934,0.982456,0.00245539,0.000262878
374.75,0,281.936,282.666,283.321,238.175,-4.74413,-3.38983,0,338.901,210.257,339.934,0.982575,0.00245846,0.000205687
375.25,0,281.929,282.658,283.312,238.175,-4.73309,-3.39168,0,338.901,210.257,339.934,0.982695,0.00245979,0.000243846
375.75,0,281.922,282.649,283.302,238.174,-4.7211,-3.39272,0,338.901,210.257,339.934,0.982815,0.00246053,0.000203163
376.25,0,281.912,282.64,283.292,238.174,-4.7341,-3.41362,0,338.75,210.235,339.934,0.982933,0.00247567,0.000261599
376.75,0,281.905,282.632,283.283,238.173,-4.72576,-3.41786,0,338.75,210.235,339.934,0.983052,0.00247872,0.000204712
377.25,0,281.897,282.623,283.273,238.173,-4.71478,-3.4197,0,338.75,210.235,339.934,0.983171,0.00248004,0.000242683
377.75,0,281.891,282.615,283.264,238.172,-4.70287,-3.42071,0,338.75,210.235,339.934,0.98329,0.00248076,0.000202223
378.25,0,281.881,282.606,283.254,238.172,-4.71581,-3.44144,0,338.599,210.214,339.934,0.983407,0.00249577,0.000260371
378.75,0,281.873,282.598,283.245,238.171,-4.70753,-3.44562,0,338.599,210.214,339.934,0.983525,0.00249879,0.000203787
379.25,0,281.866,282.589,283.235,238.171,-4.69665,-3.44739,0,338.599,210.214,339.934,0.983642,0.00250005,0.000241821
379.75,0,281.859,282.581,283.225,238.17,-4.68492,-3.44828,0,338.599,210.214,339.934,0.983758,0.00250068,0.000201854
380.25,0,281.849,282.572,283.216,238.17,-4.69787,-3.46871,0,338.449,210.192,339.934,0.983873,0.00251548,0.000259911
380.75,0,281.842,282.564,283.206,238.169,-4.68978,-3.47271,0,338.449,210.192,339.934,0.983988,0.00251836,0.000203889
381.25,0,281.835,282.555,283.197,238.169,-4.6791,-3.47432,0,338.449,210.192,339.934,0.984103,0.00251951,0.000241744
381.75,0,281.828,282.547,283.188,238.168,-4.66752,-3.4751,0,338.449,210.192,339.934,0.984218,0.00252006,0.000201986
382.25,0,281.818,282.539,283.178,238.168,-4.68039,-3.4953,0,338.3,210.171,339.934,0.984331,0.00253469,0.000259749
382.75,0,281.811,282.53,283.169,238.167,-4.6724,-3.49921,0,338.3,210.171,339.934,0.984444,0.00253751,0.000204016
383.25,0,281.804,282.522,283.159,238.167,-4.66183,-3.50074,0,338.3,210.171,339.934,0.984558,0.0025386,0.000241673
383.75,0,281.797,282.514,283.15,238.166,-4.65041,-3.5014,0,338.3,210.171,339.934,0.984673,0.00253906,0.000201974
384.25,0,281.788,282.505,283.141,238.166,-4.66322,-3.5214,0,338.152,210.15,339.934,0.984786,0.00255355,0.000259309
384.75,0,281.78,282.497,283.131,238.165,-4.65531,-3.52523,0,338.152,210.15,339.934,0.9849,0.00255631,0.000203685
385.25,0,281.773,282.488,283.122,238.165,-4.64481,-3.52673,0,338.152,210.15,339.934,0.985014,0.00255738,0.000240967
385.75,0,281.766,282.48,283.113,238.164,-4.6334,-3.52743,0,338.152,210.15,339.934,0.985129,0.00255787,0.000201451
386.25,0,281.757,282.472,283.103,238.164,-4.64615,-3.54731,0,338.005,210.129,339.934,0.985241,0.00257226,0.000258502
386.75,0,281.749,282.463,283.094,238.163,-4.63829,-3.5511,0,338.005,210.129,339.934,0.985354,0.002575,0.000203171
387.25,0,281.742,282.455,283.085,238.163,-4.62785,-3.55257,0,338.005,210.129,339.934,0.985468,0.00257605,0.000240265
387.75,0,281.736,282.447,283.075,238.162,-4.61653,-3.55323,0,338.005,210.129,339.934,0.985581,0.00257651,0.000201089
388.25,0,281.726,282.439,283.066,238.162,-4.62927,-3.57289,0,337.859,210.108,339.934,0.985692,0.00259074,0.000258029
388.75,0,281.719,282.43,283.057,238.161,-4.62155,-3.57655,0,337.859,210.108,339.934,0.985803,0.00259338,0.00020322
389.25,0,281.712,282.422,283.048,238.161,-4.6113,-3.57787,0,337.859,210.108,339.934,0.985914,0.00259432,0.000240353
389.75,0,281.705,282.414,283.039,238.16,-4.60017,-3.57838,0,337.859,210.108,339.934,0.986026,0.00259467,0.000201491
390.25,0,281.696,282.406,283.029,238.16,-4.61286,-3.59779,0,337.713,210.087,339.934,0.986135,0.00260873,0.000258138
390.75,0,281.689,282.398,283.02,238.159,-4.60524,-3.60135,0,337.713,210.087,339.934,0.986245,0.00261129,0.000203608
391.25,0,281.682,282.389,283.011,238.159,-4.5951,-3.6026,0,337.713,210.087,339.934,0.986355,0.00261218,0.000240545
391.75,0,281.675,282.381,283.002,238.158,-4.58414,-3.603,0,337.713,210.087,339.934,0.986465,0.00261245,0.000201758
392.25,0,281.666,282.373,282.993,238.158,-4.59678,-3.62222,0,337.569,210.066,339.934,0.986575,0.00262637,0.000258017
392.75,0,281.658,282.365,282.984,238.157,-4.58926,-3.62569,0,337.569,210.066,339.934,0.986685,0.00262887,0.000203633
393.25,0,281.652,282.357,282.975,238.157,-4.5792,-3.62689,0,337.569,210.066,339.934,0.986795,0.00262972,0.000240243
393.75,0,281.645,282.349,282.965,238.157,-4.56825,-3.62732,0,337.569,210.066,339.934,0.986905,0.00263001,0.000201654
394.25,0,281.636,282.34,282.956,238.156,-4.58083,-3.6464,0,337.425,210.046,339.934,0.987014,0.00264384,0.000257633
394.75,0,281.628,282.332,282.947,238.156,-4.57335,-3.64984,0,337.425,210.046,339.934,0.987124,0.00264631,0.000203532
395.25,0,281.622,282.324,282.938,238.155,-4.5634,-3.65097,0,337.425,210.046,339.934,0.987232,0.00264711,0.000240159
395.75,0,281.615,282.316,282.929,238.155,-4.55262,-3.65128,0,337.425,210.046,339.934,0.987341,0.00264732,0.00020198
396.25,0,281.606,282.308,282.92,238.154,-4.56522,-3.67012,0,337.282,210.025,339.934,0.987448,0.00266096,0.000257827
396.75,0,281.599,282.3,282.911,238.154,-4.5579,-3.6734,0,337.282,210.025,339.934,0.987555,0.00266332,0.000204206
397.25,0,281.592,282.292,282.902,238.153,-4.5481,-3.67442,0,337.282,210.025,339.934,0.987663,0.00266404,0.00024064
397.75,0,281.585,282.284,282.893,238.153,-4.53742,-3.67467,0,337.282,210.025,339.934,0.98777,0.0026642,0.000202657
398.25,0,281.576,282.276,282.884,238.152,-4.55,-3.69326,0,337.139,210.005,339.934,0.987876,0.00267767,0.000258157
398.75,0,281.569,282.268,282.875,238.152,-4.54281,-3.69642,0,337.139,210.005,339.934,0.987983,0.00267994,0.000204712
399.25,0,281.562,282.26,282.866,238.151,-4.53312,-3.69736,0,337.139,210.005,339.934,0.988091,0.0026806,0.000240861
399.75,0,281.556,282.252,282.858,238.151,-4.52256,-3.69754,0,337.139,210.005,339.934,0.988198,0.00268072,0.000202984
400.25,0,281.547,282.244,282.849,238.15,-4.53506,-3.71603,0,336.998,209.984,339.934,0.988304,0.0026941,0.000258198
400.75,0,281.539,282.236,282.84,238.15,-4.5279,-3.71916,0,336.998,209.984,339.934,0.988411,0.00269635,0.000205053
401.25,0,281.533,282.228,282.831,238.149,-4.51834,-3.72002,0,336.998,209.984,339.934,0.988517,0.00269696,0.000241205
401.75,0,281.526,282.22,282.822,238.149,-4.50794,-3.72008,0,336.998,209.984,339.934,0.988623,0.00269699,0.000203712
402.25,0,281.517,282.212,282.813,238.149,-4.52046,-3.73832,0,336.857,209.964,339.934,0.988727,0.00271019,0.000258783
402.75,0,281.51,282.204,282.804,238.148,-4.51346,-3.74131,0,336.857,209.964,339.934,0.988832,0.00271234,0.000206068
403.25,0,281.503,282.197,282.796,238.148,-4.50403,-3.74207,0,336.857,209.964,339.934,0.988937,0.00271287,0.000242018
403.75,0,281.497,282.189,282.787,238.147,-4.49382,-3.74199,0,336.857,209.964,339.934,0.989043,0.0027128,0.000204655
404.25,0,281.488,282.181,282.778,238.147,-4.50631,-3.76002,0,336.718,209.944,339.934,0.989147,0.00272585,0.000259406
404.75,0,281.481,282.173,282.769,238.146,-4.49944,-3.76289,0,336.718,209.944,339.934,0.989251,0.00272791,0.000206902
405.25,0,281.474,282.165,282.76,238.146,-4.49012,-3.76357,0,336.718,209.944,339.934,0.989356,0.00272839,0.000242616
405.75,0,281.468,282.157,282.752,238.145,-4.47998,-3.76346,0,336.718,209.944,339.934,0.989461,0.0027283,0.000205555
406.25,0,281.459,282.149,282.743,238.145,-4.4925,-3.78129,0,336.579,209.924,339.934,0.989564,0.0027412,0.000260161
406.75,0,281.452,282.141,282.734,238.144,-4.48578,-3.78401,0,336.579,209.924,339.934,0.989667,0.00274315,0.000208097
407.25,0,281.445,282.134,282.725,238.144,-4.47664,-3.78455,0,336.579,209.924,339.934,0.989771,0.00274353,0.000243795
407.75,0,281.439,282.126,282.717,238.143,-4.4667,-3.78429,0,336.579,209.924,339.934,0.989874,0.00274332,0.000206982
408.25,0,281.43,282.118,282.708,238.143,-4.47923,-3.80187,0,336.44,209.904,339.934,0.989977,0.00275604,0.000261292
408.75,0,281.423,282.11,282.699,238.142,-4.47267,-3.80444,0,336.44,209.904,339.934,0.99008,0.00275789,0.000209468
409.25,0,281.416,282.103,282.691,238.142,-4.46368,-3.80486,0,336.44,209.904,339.934,0.990183,0.00275818,0.000244959
409.75,0,281.41,282.095,282.682,238.142,-4.45392,-3.80447,0,336.44,209.904,339.934,0.990286,0.00275788,0.000208455
410.25,0,281.401,282.087,282.673,238.141,-4.46647,-3.82184,0,336.303,209.884,339.934,0.990387,0.00277045,0.000262621
410.75,0,281.394,282.079,282.665,238.141,-4.46008,-3.82425,0,336.303,209.884,339.934,0.990489,0.00277218,0.000211227
411.25,0,281.388,282.072,282.656,238.14,-4.45133,-3.82447,0,336.303,209.884,339.934,0.990591,0.00277232,0.000246704
411.75,0,281.382,282.064,282.648,238.14,-4.44182,-3.82387,0,336.303,209.884,339.934,0.990693,0.00277187,0.000210439
412.25,0,281.373,282.056,282.639,238.139,-4.4544,-3.841,0,336.166,209.865,339.934,0.990794,0.00278427,0.000264342
412.75,0,281.366,282.048,282.631,238.139,-4.44821,-3.84321,0,336.166,209.865,339.934,0.990896,0.00278586,0.00021327
413.25,0,281.359,282.041,282.622,238.138,-4.43973,-3.8432,0,336.166,209.865,339.934,0.990997,0.00278583,0.00024875
413.75,0,281.353,282.033,282.613,238.138,-4.43042,-3.84244,0,336.166,209.865,339.934,0.991098,0.00278526,0.000212847
414.25,0,281.344,282.025,282.605,238.137,-4.44314,-3.85923,0,336.03,209.845,339.934,0.991198,0.00279742,0.000266628
414.75,0,281.337,282.018,282.596,238.137,-4.43727,-3.86114,0,336.03,209.845,339.934,0.991299,0.00279878,0.000215984
415.25,0,281.331,282.01,282.588,238.137,-4.42905,-3.8609,0,336.03,209.845,339.934,0.991399,0.00279859,0.000251366
415.75,0,281.325,282.003,282.579,238.136,-4.42013,-3.8598,0,336.03,209.845,339.934,0.9915,0.00279778,0.000215886
416.25,0,281.316,281.995,282.571,238.136,-4.43295,-3.8763,0,335.894,209.826,339.934,0.991599,0.00280971,0.000269549
416.75,0,281.309,281.987,282.562,238.135,-4.42748,-3.87781,0,335.894,209.826,339.934,0.991699,0.00281079,0.000219424
417.25,0,281.303,281.98,282.554,238.135,-4.41967,-3.8772,0,335.894,209.826,339.934,0.991799,0.00281033,0.000254866
417.75,0,281.296,281.972,282.545,238.134,-4.41123,-3.87566,0,335.894,209.826,339.934,0.991899,0.0028092,0.000219866
418.25,0,281.288,281.965,282.537,238.134,-4.42432,-3.89169,0,335.76,209.806,339.934,0.991997,0.0028208,0.000273494
418.75,0,281.281,281.957,282.529,238.133,-4.41938,-3.89268,0,335.76,209.806,339.934,0.992097,0.0028215,0.000223971
419.25,0,281.274,281.949,282.52,238.133,-4.41224,-3.89143,0,335.76,209.806,339.934,0.992196,0.00282058,0.000259706
419.75,0,281.268,281.942,282.512,238.132,-4.40445,-3.88929,0,335.76,209.806,339.934,0.992295,0.00281901,0.000225297
420.25,0,281.26,281.934,282.503,238.132,-4.41807,-3.9046,0,335.626,209.787,339.934,0.992393,0.00283009,0.000279052
420.75,0,281.253,281.927,282.495,238.132,-4.41398,-3.90475,0,335.626,209.787,339.934,0.992491,0.00283017,0.000230403
421.25,0,281.247,281.919,282.487,238.131,-4.40787,-3.90251,0,335.626,209.787,339.934,0.99259,0.00282853,0.000266651
421.75,0,281.24,281.912,282.478,238.131,-4.40131,-3.89917,0,335.626,209.787,339.934,0.992688,0.0028261,0.000233253
422.25,0,281.232,281.904,282.47,238.13,-4.4158,-3.91342,0,335.492,209.768,339.934,0.992785,0.00283641,0.000287443
422.75,0,281.225,281.897,282.462,238.13,-4.41327,-3.91202,0,335.492,209.768,339.934,0.992883,0.00283537,0.000240125
423.25,0,281.219,281.889,282.453,238.129,-4.409,-3.90797,0,335.492,209.768,339.934,0.992981,0.00283242,0.000277494
423.75,0,281.213,281.882,282.445,238.129,-4.40447,-3.90265,0,335.492,209.768,339.934,0.993079,0.00282855,0.000245701
424.25,0,281.204,281.874,282.437,238.128,-4.42032,-3.91534,0,335.36,209.749,339.934,0.993175,0.00283773,0.000300665
424.75,0,281.197,281.867,282.429,238.128,-4.41975,-3.912,0,335.36,209.749,339.934,0.993272,0.00283529,0.000254967
425.25,0,281.191,281.86,282.42,238.127,-4.41722,-3.90624,0,335.36,209.749,339.934,0.993369,0.0028311,0.000293395
425.75,0,281.185,281.852,282.412,238.127,-4.41419,-3.89946,0,335.36,209.749,339.934,0.993466,0.00282617,0.000262811
426.25,0,281.176,281.845,282.404,238.127,-4.43089,-3.91113,0,335.228,209.73,339.934,0.993562,0.0028346,0.000318162
426.75,0,281.17,281.837,282.396,238.126,-4.43138,-3.90674,0,335.228,209.73,339.934,0.993659,0.00283141,0.000273475
427.25,0,281.163,281.83,282.387,238.126,-4.4298,-3.90007,0,335.228,209.73,339.934,0.993755,0.00282656,0.000312338
427.75,0,281.157,281.823,282.379,238.125,-4.42753,-3.89257,0,335.228,209.73,339.934,0.993852,0.00282111,0.000282452
428.25,0,281.149,281.815,282.371,238.125,-4.44466,-3.90363,0,335.097,209.711,339.934,0.993947,0.0028291,0.000337912
428.75,0,281.142,281.808,282.363,238.124,-4.44574,-3.89866,0,335.097,209.711,339.934,0.994042,0.00282548,0.000293849
429.25,0,281.136,281.8,282.355,238.124,-4.44466,-3.89153,0,335.097,209.711,339.934,0.994138,0.0028203,0.000332853
429.75,0,281.13,281.793,282.346,238.123,-4.44287,-3.8836,0,335.097,209.711,339.934,0.994234,0.00281453,0.000303451
430.25,0,281.122,281.786,282.338,238.123,-4.4602,-3.89429,0,334.966,209.692,339.934,0.994329,0.00282226,0.000358836
430.75,0,281.115,281.778,282.33,238.123,-4.4616,-3.889,0,334.966,209.692,339.934,0.994423,0.00281841,0.000315229
431.25,0,281.109,281.771,282.322,238.122,-4.46086,-3.88156,0,334.966,209.692,339.934,0.994519,0.002813,0.000354267
431.75,0,281.103,281.764,282.314,238.122,-4.45933,-3.87342,0,334.966,209.692,339.934,0.994614,0.00280709,0.000325157
432.25,0,281.094,281.756,282.306,238.121,-4.47676,-3.88383,0,334.837,209.673,339.934,0.994708,0.00281461,0.000380398
432.75,0,281.088,281.749,282.298,238.121,-4.47843,-3.87829,0,334.837,209.673,339.934,0.994802,0.00281058,0.000337206
433.25,0,281.082,281.742,282.29,238.12,-4.47782,-3.87076,0,334.837,209.673,339.934,0.994897,0.0028051,0.000376168
433.75,0,281.076,281.735,282.281,238.12,-4.47653,-3.86241,0,334.837,209.673,339.934,0.994991,0.00279904,0.000347362
434.25,0,281.067,281.727,282.273,238.12,-4.49398,-3.87263,0,334.707,209.655,339.934,0.995085,0.00280642,0.000402374
434.75,0,281.061,281.72,282.265,238.119,-4.49575,-3.86699,0,334.707,209.655,339.934,0.995179,0.00280232,0.000359424
435.25,0,281.055,281.713,282.257,238.119,-4.49534,-3.85929,0,334.707,209.655,339.934,0.995273,0.00279673,0.000398316
435.75,0,281.049,281.706,282.249,238.118,-4.49417,-3.85088,0,334.707,209.655,339.934,0.995366,0.00279061,0.000369774
436.25,0,281.04,281.698,282.241,238.118,-4.51158,-3.86096,0,334.579,209.636,339.934,0.995459,0.0027979,0.000424576
436.75,0,281.034,281.691,282.233,238.117,-4.51344,-3.85526,0,334.579,209.636,339.934,0.995552,0.00279375,0.000381926
437.25,0,281.028,281.684,282.226,238.117,-4.51314,-3.84748,0,334.579,209.636,339.934,0.995644,0.0027881,0.000468009
437.75,0,281.022,281.677,282.218,238.116,-4.51201,-3.83907,0,334.579,209.636,339.934,0.995723,0.00278199,0.000571754
438.25,0,281.013,281.67,282.211,238.116,-4.52877,-3.8493,0,334.452,209.618,339.934,0.995783,0.00278938,0.000609939
438.75,0,281.007,281.663,282.204,238.116,-4.52959,-3.84464,0,334.452,209.618,339.934,0.995829,0.00278598,0.000616875
439.25,0,281.001,281.656,282.197,238.115,-4.52766,-3.83852,0,334.452,209.618,339.934,0.995863,0.00278154,0.00064109
439.75,0,280.995,281.65,282.189,238.115,-4.52459,-3.83209,0,334.452,209.618,339.934,0.995888,0.00277686,0.000646877
440.25,0,280.987,281.643,282.182,238.114,-4.53857,-3.84245,0,334.331,209.599,339.934,0.995907,0.00278435,0.000694042
440.75,0,280.98,281.636,282.175,238.114,-4.53783,-3.83906,0,334.331,209.599,339.934,0.995921,0.00278187,0.000673205
441.25,0,280.974,281.63,282.168,238.114,-4.53477,-3.83396,0,334.331,209.599,339.934,0.995932,0.00277817,0.000706864
441.75,0,280.969,281.623,282.162,238.113,-4.53083,-3.82832,0,334.331,209.599,339.934,0.99594,0.00277406,0.000800297
442.25,0,280.961,281.617,282.156,238.113,-4.54368,-3.83831,0,334.212,209.581,339.934,0.995947,0.00278128,0.000822664
442.75,0,280.954,281.61,282.15,238.112,-4.54241,-3.83524,0,334.212,209.581,339.934,0.995952,0.00277904,0.000826306
443.25,0,280.948,281.604,282.143,238.112,-4.53896,-3.83042,0,334.212,209.581,339.934,0.995956,0.00277553,0.000838461
443.75,0,280.942,281.597,282.137,238.111,-4.53475,-3.82499,0,334.212,209.581,339.934,0.995959,0.00277158,0.000847179
444.25,0,280.934,281.591,282.131,238.111,-4.54716,-3.8348,0,334.095,209.563,339.934,0.995962,0.00277867,0.000883327
444.75,0,280.928,281.584,282.125,238.111,-4.5457,-3.83181,0,334.095,209.563,339.934,0.995965,0.00277649,0.00086996
445.25,0,280.922,281.578,282.118,238.11,-4.54214,-3.82706,0,334.095,209.563,339.934,0.995967,0.00277304,0.00089357
445.75,0,280.916,281.572,282.112,238.11,-4.53784,-3.8217,0,334.095,209.563,339.934,0.995969,0.00276914,0.000888581
446.25,0,280.908,281.565,282.106,238.109,-4.55009,-3.83142,0,333.979,209.546,339.934,0.995971,0.00277616,0.00093361
446.75,0,280.902,281.559,282.1,238.109,-4.54857,-3.82846,0,333.979,209.546,339.934,0.995972,0.002774,0.000909685
447.25,0,280.896,281.552,282.093,238.108,-4.54497,-3.82374,0,333.979,209.546,339.934,0.995974,0.00277056,0.000940396
447.75,0,280.89,281.546,282.087,238.108,-4.54065,-3.81841,0,333.979,209.546,339.934,0.995976,0.00276669,0.000926966
448.25,0,280.882,281.54,282.081,238.108,-4.5528,-3.82805,0,333.864,209.528,339.934,0.995977,0.00277365,0.00097725
448.75,0,280.876,281.533,282.075,238.107,-4.55125,-3.82509,0,333.864,209.528,339.934,0.995979,0.00277149,0.000946911
449.25,0,280.87,281.527,282.069,238.107,-4.54764,-3.82039,0,333.864,209.528,339.934,0.99598,0.00276807,0.000981749
449.75,0,280.865,281.521,282.062,238.106,-4.54332,-3.81508,0,333.864,209.528,339.934,0.995982,0.00276421,0.000963189
450.25,0,280.857,281.514,282.056,238.106,-4.55539,-3.82465,0,333.749,209.51,339.934,0.995984,0.00277113,0.00101637
450.75,0,280.85,281.508,282.05,238.106,-4.55382,-3.8217,0,333.749,209.51,339.934,0.995985,0.00276897,0.00123174
451.25,0,280.845,281.501,282.044,238.105,-4.55021,-3.81701,0,333.749,209.51,339.934,0.995986,0.00276556,0.0010526
451.75,0,280.839,281.495,282.038,238.105,-4.54589,-3.81172,0,333.749,209.51,339.934,0.995988,0.00276171,0.00124185
452.25,0,280.831,281.489,282.032,238.104,-4.55783,-3.82119,0,333.635,209.493,339.934,0.995989,0.00276855,0.00110468
452.75,0,280.825,281.482,282.026,238.104,-4.55625,-3.81824,0,333.635,209.493,339.934,0.99599,0.0027664,0.00125536
453.25,0,280.819,281.476,282.019,238.104,-4.55263,-3.81358,0,333.635,209.493,339.934,0.995992,0.00276301,0.00112419
453.75,0,280.813,281.47,282.014,238.103,-4.54832,-3.80831,0,333.635,209.493,339.934,0.995993,0.00275918,0.00126605
454.25,0,280.805,281.463,282.007,238.103,-4.56019,-3.81772,0,333.522,209.475,339.934,0.995995,0.00276598,0.00117141
454.75,0,280.799,281.457,282.001,238.102,-4.55861,-3.81478,0,333.522,209.475,339.934,0.995996,0.00276383,0.00127987
455.25,0,280.794,281.451,281.995,238.102,-4.555,-3.81014,0,333.522,209.475,339.934,0.995997,0.00276046,0.00118705
455.75,0,280.788,281.445,281.989,238.102,-4.5507,-3.8049,0,333.522,209.475,339.934,0.995998,0.00275664,0.00129084
456.25,0,280.78,281.438,281.983,238.101,-4.5625,-3.81425,0,333.409,209.458,339.934,0.996,0.0027634,0.00123044
456.75,0,280.774,281.432,281.977,238.101,-4.56093,-3.81132,0,333.409,209.458,339.934,0.996001,0.00276126,0.00130495
457.25,0,280.768,281.426,281.971,238.1,-4.55733,-3.80671,0,333.409,209.458,339.934,0.996002,0.0027579,0.00124292
457.75,0,280.763,281.42,281.965,238.1,-4.55304,-3.80149,0,333.409,209.458,339.934,0.996003,0.00275411,0.00131625
458.25,0,280.755,281.413,281.959,238.1,-4.56479,-3.81078,0,333.297,209.441,339.934,0.996005,0.00276082,0.00128308
458.75,0,280.749,281.407,281.953,238.099,-4.56321,-3.80786,0,333.297,209.441,339.934,0.996006,0.00275869,0.00133068
459.25,0,280.743,281.401,281.947,238.099,-4.55962,-3.80327,0,333.297,209.441,339.934,0.996008,0.00275535,0.00129292
459.75,0,280.738,281.395,281.941,238.098,-4.55535,-3.79808,0,333.297,209.441,339.934,0.996008,0.00275158,0.00134232
460.25,0,280.73,281.389,281.935,238.098,-4.56703,-3.80731,0,333.185,209.424,339.934,0.99601,0.00275825,0.00133039
460.75,0,280.724,281.382,281.929,238.098,-4.56546,-3.80441,0,333.185,209.424,339.934,0.996011,0.00275613,0.00135703
461.25,0,280.718,281.376,281.923,238.097,-4.56188,-3.79983,0,333.185,209.424,339.934,0.996013,0.0027528,0.00133804
461.75,0,280.712,281.37,281.917,238.097,-4.55762,-3.79467,0,333.185,209.424,339.934,0.996014,0.00274904,0.00136894
462.25,0,280.705,281.364,281.911,238.096,-4.56925,-3.80384,0,333.074,209.406,339.934,0.996015,0.00275567,0.00137326
462.75,0,280.699,281.358,281.905,238.096,-4.56767,-3.80095,0,333.074,209.406,339.934,0.996016,0.00275356,0.00138387
463.25,0,280.693,281.352,281.899,238.096,-4.5641,-3.79639,0,333.074,209.406,339.934,0.996018,0.00275025,0.00156569
463.75,0,280.688,281.346,281.893,238.095,-4.55985,-3.79125,0,333.074,209.406,339.934,0.996019,0.00274651,0.00162124
464.25,0,280.68,281.339,281.887,238.095,-4.57141,-3.80035,0,332.963,209.39,339.934,0.99602,0.00275308,0.00160502
464.75,0,280.674,281.333,281.881,238.095,-4.56983,-3.79748,0,332.963,209.39,339.934,0.996021,0.00275098,0.00164262
465.25,0,280.668,281.327,281.875,238.094,-4.56628,-3.79295,0,332.963,209.39,339.934,0.996023,0.00274769,0.00161694
465.75,0,280.663,281.321,281.869,238.094,-4.56204,-3.78783,0,332.963,209.39,339.934,0.996024,0.00274397,0.00166075
466.25,0,280.655,281.315,281.863,238.093,-4.57352,-3.79687,0,332.853,209.373,339.934,0.996025,0.0027505,0.00165468
466.75,0,280.649,281.309,281.857,238.093,-4.57194,-3.794,0,332.853,209.373,339.934,0.996026,0.00274841,0.00168123
467.25,0,280.644,281.303,281.851,238.093,-4.5684,-3.7895,0,332.853,209.373,339.934,0.996027,0.00274513,0.00166492
467.75,0,280.638,281.297,281.845,238.092,-4.56418,-3.78441,0,332.853,209.373,339.934,0.996028,0.00274143,0.00169853
468.25,0,280.63,281.29,281.839,238.092,-4.57561,-3.79339,0,332.744,209.356,339.934,0.99603,0.00274792,0.00170081
468.75,0,280.625,281.284,281.833,238.092,-4.57403,-3.79055,0,332.744,209.356,339.934,0.996031,0.00274584,0.0017182
469.25,0,280.619,281.278,281.828,238.091,-4.5705,-3.78606,0,332.744,209.356,339.934,0.996032,0.00274258,0.00170964
469.75,0,280.614,281.272,281.822,238.091,-4.5663,-3.78101,0,332.744,209.356,339.934,0.996033,0.0027389,0.00173474
470.25,0,280.606,281.266,281.816,238.09,-4.57768,-3.78993,0,332.635,209.339,339.934,0.996035,0.00274535,0.00174395
470.75,0,280.6,281.26,281.81,238.09,-4.57611,-3.7871,0,332.635,209.339,339.934,0.996036,0.00274329,0.00175368
471.25,0,280.594,281.254,281.804,238.09,-4.5726,-3.78265,0,332.635,209.339,339.934,0.996037,0.00274004,0.00175158
471.75,0,280.589,281.248,281.798,238.089,-4.56841,-3.77762,0,332.635,209.339,339.934,0.996038,0.00273639,0.00176955
472.25,0,280.582,281.242,281.792,238.089,-4.57974,-3.78649,0,332.527,209.323,339.934,0.996039,0.0027428,0.0017845
472.75,0,280.576,281.236,281.786,238.089,-4.57818,-3.78368,0,332.527,209.323,339.934,0.99604,0.00274074,0.00178783
473.25,0,280.57,281.23,281.781,238.088,-4.57468,-3.77924,0,332.527,209.323,339.934,0.996042,0.00273752,0.00179109
473.75,0,280.565,281.224,281.775,238.088,-4.5705,-3.77424,0,332.527,209.323,339.934,0.996043,0.00273388,0.00180309
474.25,0,280.557,281.218,281.769,238.087,-4.58179,-3.78306,0,332.419,209.306,339.934,0.996044,0.00274025,0.00182279
474.75,0,280.551,281.212,281.763,238.087,-4.58023,-3.78026,0,332.419,209.306,339.934,0.996045,0.00273821,0.00182079
475.25,0,280.546,281.206,281.757,238.087,-4.57674,-3.77585,0,332.419,209.306,339.934,0.996046,0.002735,0.00182848
475.75,0,280.541,281.2,281.751,238.086,-4.57259,-3.77088,0,332.419,209.306,339.934,0.996047,0.00273139,0.0018355
476.25,0,280.533,281.194,281.746,238.086,-4.58382,-3.77965,0,332.312,209.29,339.934,0.996049,0.00273772,0.00185909
476.75,0,280.527,281.188,281.74,238.086,-4.58227,-3.77686,0,332.312,209.29,339.934,0.99605,0.00273569,0.00185266
477.25,0,280.522,281.182,281.734,238.085,-4.5788,-3.77248,0,332.312,209.29,339.934,0.996051,0.0027325,0.00186399
477.75,0,280.516,281.176,281.728,238.085,-4.57466,-3.76753,0,332.312,209.29,339.934,0.996052,0.0027289,0.00186689
478.25,0,280.509,281.17,281.722,238.085,-4.58584,-3.77625,0,332.205,209.274,339.934,0.996053,0.0027352,0.00189363
478.75,0,280.503,281.164,281.717,238.084,-4.58429,-3.77348,0,332.205,209.274,339.934,0.996055,0.00273318,0.00239165
479.25,0,280.498,281.158,281.711,238.084,-4.58084,-3.76911,0,332.205,209.274,339.934,0.996056,0.00273,0.00206713
479.75,0,280.492,281.153,281.705,238.083,-4.57671,-3.76419,0,332.205,209.274,339.934,0.996057,0.00272642,0.00240377
480.25,0,280.485,281.146,281.699,238.083,-4.58785,-3.77287,0,332.098,209.258,339.934,0.996058,0.00273269,0.00210563
480.75,0,280.479,281.141,281.694,238.083,-4.58631,-3.77012,0,332.098,209.258,339.934,0.996059,0.00273068,0.00241811
481.25,0,280.474,281.135,281.688,238.082,-4.58287,-3.76578,0,332.098,209.258,339.934,0.99606,0.00272753,0.00212144
481.75,0,280.469,281.129,281.682,238.082,-4.57876,-3.76089,0,332.098,209.258,339.934,0.996061,0.00272397,0.00242955
482.25,0,280.461,281.123,281.676,238.082,-4.58986,-3.76951,0,331.992,209.242,339.934,0.996063,0.0027302,0.00215892
482.75,0,280.455,281.117,281.671,238.081,-4.58833,-3.76678,0,331.992,209.242,339.934,0.996064,0.00272821,0.00244325
483.25,0,280.45,281.111,281.665,238.081,-4.5849,-3.76247,0,331.992,209.242,339.934,0.996065,0.00272507,0.00217386
483.75,0,280.445,281.105,281.659,238.081,-4.58081,-3.7576,0,331.992,209.242,339.934,0.996066,0.00272153,0.00245412
484.25,0,280.437,281.099,281.654,238.08,-4.59186,-3.76618,0,331.887,209.226,339.934,0.996067,0.00272773,0.00221025
484.75,0,280.432,281.093,281.648,238.08,-4.59034,-3.76346,0,331.887,209.226,339.934,0.996068,0.00272575,0.00246728
485.25,0,280.426,281.088,281.642,238.08,-4.58692,-3.75917,0,331.887,209.226,339.934,0.996069,0.00272263,0.00222435
485.75,0,280.421,281.082,281.636,238.079,-4.58285,-3.75434,0,331.887,209.226,339.934,0.99607,0.00271911,0.00247768
486.25,0,280.414,281.076,281.631,238.079,-4.59386,-3.76287,0,331.782,209.21,339.934,0.996072,0.00272527,0.00225967
486.75,0,280.408,281.07,281.625,238.079,-4.59234,-3.76016,0,331.782,209.21,339.934,0.996073,0.0027233,0.0024904
487.25,0,280.403,281.064,281.619,238.078,-4.58894,-3.7559,0,331.782,209.21,339.934,0.996074,0.0027202,0.00227293
487.75,0,280.398,281.059,281.614,238.078,-4.58489,-3.75109,0,331.782,209.21,339.934,0.996075,0.0027167,0.00250044
488.25,0,280.39,281.053,281.608,238.078,-4.59585,-3.75957,0,331.677,209.194,339.934,0.996076,0.00272283,0.0023072
488.75,0,280.385,281.047,281.602,238.077,-4.59434,-3.75689,0,331.677,209.194,339.934,0.996077,0.00272087,0.00251282
489.25,0,280.379,281.041,281.597,238.077,-4.59096,-3.75265,0,331.677,209.194,339.934,0.996078,0.00271778,0.00231962
489.75,0,280.374,281.035,281.591,238.076,-4.58693,-3.74786,0,331.677,209.194,339.934,0.996079,0.00271431,0.00252258
490.25,0,280.367,281.03,281.586,238.076,-4.59784,-3.7563,0,331.573,209.179,339.934,0.996081,0.0027204,0.00235284
490.75,0,280.361,281.024,281.58,238.076,-4.59634,-3.75363,0,331.573,209.179,339.934,0.996082,0.00271845,0.00253472
491.25,0,280.356,281.018,281.574,238.075,-4.59298,-3.74941,0,331.573,209.179,339.934,0.996083,0.00271538,0.00236443
491.75,0,280.351,281.012,281.569,238.075,-4.58896,-3.74465,0,331.573,209.179,339.934,0.996084,0.00271192,0.00254429
492.25,0,280.344,281.006,281.563,238.075,-4.59983,-3.75304,0,331.469,209.163,339.934,0.996085,0.00271799,0.0023966
492.75,0,280.338,281.001,281.557,238.074,-4.59834,-3.75038,0,331.469,209.163,339.934,0.996086,0.00271604,0.00255626
493.25,0,280.333,280.995,281.552,238.074,-4.59498,-3.74619,0,331.469,209.163,339.934,0.996087,0.00271299,0.00240736
493.75,0,280.328,280.989,281.546,238.074,-4.59098,-3.74146,0,331.469,209.163,339.934,0.996088,0.00270956,0.00256572
494.25,0,280.32,280.983,281.541,238.073,-4.60181,-3.74981,0,331.366,209.148,339.934,0.99609,0.00271558,0.00243851
494.75,0,280.315,280.978,281.535,238.073,-4.60033,-3.74716,0,331.366,209.148,339.934,0.996091,0.00271365,0.00257758
495.25,0,280.309,280.972,281.53,238.073,-4.59699,-3.74299,0,331.366,209.148,339.934,0.996092,0.00271062,0.00244845
495.75,0,280.304,280.966,281.524,238.072,-4.593,-3.73829,0,331.366,209.148,339.934,0.996093,0.0027072,0.00258697
496.25,0,280.297,280.961,281.518,238.072,-4.60379,-3.74658,0,331.263,209.132,339.934,0.996094,0.00271319,0.00346283
496.75,0,280.292,280.955,281.513,238.072,-4.60231,-3.74395,0,331.263,209.132,339.934,0.996095,0.00271127,0.00272816
497.25,0,280.286,280.949,281.507,238.071,-4.59899,-3.73981,0,331.263,209.132,339.934,0.996096,0.00270826,0.00346327
497.75,0,280.281,280.944,281.502,238.071,-4.59502,-3.73513,0,331.263,209.132,339.934,0.996097,0.00270486,0.0027534
498.25,0,280.274,280.938,281.496,238.071,-4.60584,-3.74345,0,331.16,209.117,339.934,0.996098,0.00271087,0.00347929
498.75,0,280.269,280.932,281.491,238.071,-4.60439,-3.74085,0,331.16,209.117,339.934,0.9961,0.00270897,0.00278087
499.25,0,280.263,280.927,281.485,238.07,-4.60109,-3.73674,0,331.16,209.117,339.934,0.996101,0.00270598,0.00347888
499.75,0,280.258,280.921,281.48,238.07,-4.59714,-3.73209,0,331.16,209.117,339.934,0.996102,0.0027026,0.00280603
500.25,0,280.251,280.915,281.474,238.07,-4.60793,-3.74036,0,331.057,209.102,339.934,0.996103,0.00270858,0.00349388
500.75,0,280.246,280.909,281.469,238.069,-4.60648,-3.73778,0,331.057,209.102,339.934,0.996104,0.00270669,0.00283342
501.25,0,280.241,280.904,281.463,238.069,-4.6032,-3.73369,0,331.057,209.102,339.934,0.996105,0.00270371,0.00349268
501.75,0,280.236,280.898,281.458,238.069,-4.59927,-3.72907,0,331.057,209.102,339.934,0.996106,0.00270036,0.00285849
502.25,0,280.228,280.893,281.452,238.068,-4.61002,-3.7373,0,330.955,209.087,339.934,0.996107,0.0027063,0.00464361
502.75,0,280.223,280.887,281.447,238.068,-4.60858,-3.73473,0,330.955,209.087,339.934,0.996108,0.00270443,0.00404549
503.25,0,280.218,280.881,281.441,238.068,-4.60531,-3.73066,0,330.955,209.087,339.934,0.996109,0.00270147,0.00550541
503.75,0,280.213,280.876,281.436,238.068,-4.6014,-3.72607,0,330.955,209.087,339.934,0.99611,0.00269813,0.00423666
504.25,0,280.206,280.87,281.43,238.067,-4.61251,-3.7346,0,330.851,209.072,339.934,0.996112,0.00270429,0.00550896
504.75,0,280.2,280.864,281.425,238.067,-4.61116,-3.73211,0,330.851,209.072,339.934,0.996113,0.00270248,0.00428318
505.25,0,280.195,280.859,281.419,238.067,-4.60795,-3.72809,0,330.851,209.072,339.934,0.996114,0.00269955,0.00550905
505.75,0,280.19,280.853,281.414,238.067,-4.60408,-3.72354,0,330.851,209.072,339.934,0.996115,0.00269624,0.00432709
506.25,0,280.183,280.848,281.409,238.066,-4.61523,-3.73206,0,330.747,209.058,339.934,0.996116,0.0027024,0.00551126
506.75,0,280.177,280.842,281.403,238.066,-4.61392,-3.72961,0,330.747,209.058,339.934,0.996117,0.00270061,0.00437207
507.25,0,280.172,280.837,281.398,238.066,-4.61074,-3.72562,0,330.747,209.058,339.934,0.996119,0.00269771,0.0055103
507.75,0,280.167,280.831,281.392,238.066,-4.60689,-3.7211,0,330.747,209.058,339.934,0.99612,0.00269442,0.00441446
508.25,0,280.16,280.825,281.387,238.065,-4.61802,-3.72957,0,330.642,209.044,339.934,0.996121,0.00270054,0.00551139
508.75,0,280.155,280.82,281.381,238.065,-4.61672,-3.72713,0,330.642,209.044,339.934,0.996122,0.00269876,0.0044579
509.25,0,280.15,280.814,281.376,238.065,-4.61355,-3.72317,0,330.642,209.044,339.934,0.996123,0.00269588,0.00550953
509.75,0,280.145,280.809,281.371,238.064,-4.60973,-3.71868,0,330.642,209.044,339.934,0.996124,0.00269261,0.00449873
510.25,0,280.138,280.803,281.365,238.064,-4.62082,-3.7271,0,330.539,209.029,339.934,0.996126,0.0026987,0.00550967
510.75,0,280.132,280.798,281.36,238.064,-4.61953,-3.72468,0,330.539,209.029,339.934,0.996127,0.00269693,0.00454057
511.25,0,280.127,280.792,281.354,238.064,-4.61638,-3.72074,0,330.539,209.029,339.934,0.996128,0.00269406,0.0055071
511.75,0,280.122,280.787,281.349,238.063,-4.61258,-3.71627,0,330.539,209.029,339.934,0.996129,0.00269081,0.00457977
512.25,0,280.115,280.781,281.344,238.063,-4.62363,-3.72466,0,330.435,209.015,339.934,0.99613,0.00269687,0.0055213
512.75,0,280.11,280.775,281.338,238.063,-4.62235,-3.72225,0,330.435,209.015,339.934,0.996132,0.00269511,0.00598831
513.25,0,280.105,280.77,281.333,238.063,-4.61922,-3.71833,0,330.435,209.015,339.934,0.996133,0.00269226,0.00551198
513.75,0,280.1,280.765,281.328,238.063,-4.61543,-3.71388,0,330.435,209.015,339.934,0.996134,0.00268903,0.00599626
514.25,0,280.093,280.759,281.322,238.062,-4.6266,-3.72236,0,330.331,209.001,339.934,0.996135,0.00269515,0.00549638
514.75,0,280.087,280.753,281.317,238.062,-4.62536,-3.71999,0,330.331,209.001,339.934,0.996136,0.00269343,0.00600489
515.25,0,280.082,280.748,281.312,238.062,-4.62225,-3.71611,0,330.331,209.001,339.934,0.996137,0.0026906,0.00548926
515.75,0,280.077,280.742,281.306,238.062,-4.61849,-3.71169,0,330.331,209.001,339.934,0.996138,0.00268739,0.00601096
516.25,0,280.07,280.737,281.301,238.061,-4.62961,-3.7201,0,330.228,208.987,339.934,0.99614,0.00269346,0.00547592
516.75,0,280.065,280.731,281.296,238.061,-4.62838,-3.71775,0,330.228,208.987,339.934,0.996141,0.00269175,0.00601779
517.25,0,280.06,280.726,281.29,238.061,-4.6253,-3.71389,0,330.228,208.987,339.934,0.996142,0.00268894,0.00547083
517.75,0,280.055,280.72,281.285,238.061,-4.62155,-3.70949,0,330.228,208.987,339.934,0.996143,0.00268574,0.00602212
518.25,0,280.048,280.715,281.28,238.061,-4.63262,-3.71785,0,330.125,208.974,339.934,0.996145,0.00269178,0.00545957
518.75,0,280.043,280.709,281.274,238.06,-4.6314,-3.71551,0,330.125,208.974,339.934,0.996146,0.00269007,0.00602724
519.25,0,280.037,280.704,281.269,238.06,-4.62833,-3.71167,0,330.125,208.974,339.934,0.996147,0.00268728,0.00545637
519.75,0,280.033,280.699,281.264,238.06,-4.6246,-3.7073,0,330.125,208.974,339.934,0.996148,0.0026841,0.00602992
520.25,0,280.026,280.693,281.259,238.06,-4.63562,-3.71561,0,330.022,208.96,339.934,0.996149,0.0026901,0.00544704
520.75,0,280.02,280.687,281.253,238.059,-4.6344,-3.71328,0,330.022,208.96,339.934,0.996151,0.0026884,0.00603343
521.25,0,280.015,280.682,281.248,238.059,-4.63134,-3.70945,0,330.022,208.96,339.934,0.996152,0.00268562,0.00544562
521.75,0,280.01,280.677,281.243,238.059,-4.62763,-3.70511,0,330.022,208.96,339.934,0.996153,0.00268246,0.00603457
522.25,0,280.003,280.671,281.237,238.059,-4.6386,-3.71336,0,329.92,208.946,339.934,0.996154,0.00268842,0.0054381
522.75,0,279.998,280.666,281.232,238.059,-4.63739,-3.71105,0,329.92,208.946,339.934,0.996155,0.00268673,0.00603657
523.25,0,279.993,280.66,281.227,238.058,-4.63434,-3.70724,0,329.92,208.946,339.934,0.996157,0.00268396,0.00543834
523.75,0,279.988,280.655,281.222,238.058,-4.63064,-3.70292,0,329.92,208.946,339.934,0.996158,0.00268082,0.00603627
524.25,0,279.981,280.649,281.216,238.058,-4.64156,-3.71112,0,329.819,208.933,339.934,0.996159,0.00268675,0.00543249
524.75,0,279.976,280.644,281.211,238.058,-4.64035,-3.70881,0,329.819,208.933,339.934,0.99616,0.00268506,0.00603688
525.25,0,279.971,280.639,281.206,238.057,-4.63732,-3.70503,0,329.819,208.933,339.934,0.996161,0.00268231,0.00543424
525.75,0,279.966,280.633,281.201,238.057,-4.63364,-3.70072,0,329.819,208.933,339.934,0.996162,0.00267918,0.00603527
526.25,0,279.959,280.628,281.196,238.057,-4.6445,-3.70888,0,329.718,208.919,339.934,0.996164,0.00268507,0.00542991
526.75,0,279.954,280.622,281.19,238.057,-4.6433,-3.70658,0,329.718,208.919,339.934,0.996165,0.00268339,0.00603462
527.25,0,279.949,280.617,281.185,238.057,-4.64027,-3.70281,0,329.718,208.919,339.934,0.996166,0.00268065,0.00543302
527.75,0,279.944,280.612,281.18,238.056,-4.63661,-3.69853,0,329.718,208.919,339.934,0.996167,0.00267754,0.00603182
528.25,0,279.938,280.606,281.175,238.056,-4.64742,-3.70664,0,329.617,208.905,339.934,0.996168,0.00268339,0.00543007
528.75,0,279.932,280.601,281.169,238.056,-4.64622,-3.70435,0,329.617,208.905,339.934,0.99617,0.00268172,0.00603005
529.25,0,279.927,280.596,281.164,238.056,-4.64321,-3.7006,0,329.617,208.905,339.934,0.996171,0.002679,0.0054344
529.75,0,279.923,280.59,281.159,238.055,-4.63956,-3.69634,0,329.617,208.905,339.934,0.996172,0.0026759,0.00602622
530.25,0,279.916,280.585,281.154,238.055,-4.65032,-3.7044,0,329.517,208.892,339.934,0.996173,0.00268172,0.00543265
530.75,0,279.91,280.58,281.149,238.055,-4.64912,-3.70212,0,329.517,208.892,339.934,0.996174,0.00268006,0.00602346
531.25,0,279.906,280.574,281.144,238.055,-4.64612,-3.69839,0,329.517,208.892,339.934,0.996176,0.00267734,0.00543804
531.75,0.00176758,279.913,280.571,281.138,238.055,-4.56092,-3.63109,0.564383,329.517,208.892,339.934,0.996171,0.00262863,0.00594666
532.25,0.00620022,279.941,280.573,281.133,238.054,-4.35093,-3.47369,1.97972,329.422,208.884,339.934,0.996146,0.00251472,0.00525823
532.75,0.0106327,279.979,280.579,281.128,238.054,-4.0946,-3.27279,3.39501,329.422,208.884,339.934,0.996115,0.00236934,0.00581018
533.25,0.015065,280.023,280.588,281.123,238.054,-3.82109,-3.05737,4.81024,329.422,208.884,339.934,0.99608,0.00221346,0.00516
533.75,0.0194971,280.072,280.6,281.119,238.054,-3.53787,-2.83322,6.22537,329.422,208.884,339.934,0.996042,0.00205126,0.0057063
534.25,0.0239287,280.128,280.618,281.114,238.054,-3.2696,-2.66257,7.74339,329.425,208.952,339.934,0.995893,0.00192779,0.00477569
534.75,0.0283599,280.188,280.637,281.111,238.054,-2.96804,-2.40077,9.27444,329.425,208.952,339.934,0.995781,0.00173831,0.00551028
535.25,0.0327905,280.25,280.658,281.107,238.054,-2.6688,-2.12741,10.8053,329.425,208.952,339.934,0.99569,0.00154046,0.00471342
535.75,0.0372204,280.315,280.682,281.104,238.054,-2.36924,-1.84806,12.3359,329.425,208.952,339.934,0.995613,0.00133825,0.0054111
536.25,0.0416497,280.387,280.71,281.101,238.055,-2.19621,-1.5377,13.8663,329.551,209.059,490.937,0.995422,0.00111357,0.00432631
536.75,0.0460781,280.459,280.739,281.099,238.055,-1.90101,-1.24075,15.3964,329.551,209.059,490.937,0.995286,0.000898572,0.00526198
537.25,0.0505056,280.532,280.77,281.098,238.055,-1.60198,-0.943307,16.9476,329.551,209.059,490.937,0.995177,0.000683201,0.0043081
537.75,0.0549321,280.611,280.803,281.097,238.055,-1.27745,-0.623768,18.6648,329.551,209.059,490.937,0.995085,0.000451798,0.00516314
538.25,0.0593575,280.7,280.841,281.097,238.056,-1.0783,-0.255848,20.3816,329.782,209.192,490.937,0.994873,0.000189528,0.00391899
538.75,0.0637818,280.788,280.881,281.098,238.056,-0.712245,0.0108627,22.0979,329.782,209.192,490.937,0.994582,4.12416e-05,0.00501589
539.25,0.0682048,280.876,280.923,281.099,238.056,-0.327024,0.295609,23.8137,329.782,209.192,490.937,0.994162,0,0.00388155
539.75,0.0726265,280.959,280.966,281.101,238.057,0.0569918,0.640913,25.529,329.782,209.192,490.937,0.993644,0,0.0048983
540.25,0.0770467,281.04,281.017,281.104,238.057,0.624597,1.179,27.2438,330.124,209.351,490.937,0.992703,0,0.00344329
540.75,0.0814655,281.113,281.068,281.108,238.058,1.24853,1.55683,28.9579,330.124,209.351,490.937,0.991407,0,0.0047445
541.25,0.0858826,281.183,281.117,281.113,238.058,1.92003,1.92756,30.6715,330.124,209.351,692.2,0.990498,0,0.0034194
541.75,0.090298,281.254,281.17,281.119,238.059,2.55802,2.25661,32.3844,330.124,209.351,692.2,0.989473,0,0.00458535
542.25,0.0947117,281.332,281.227,281.127,238.059,3.28487,2.64354,34.0966,330.602,209.488,692.2,0.988224,0,0.00308466
542.75,0.0991235,281.401,281.276,281.137,238.06,3.92105,3.05943,35.8081,330.602,209.488,692.2,0.986583,0,0.00444877
543.25,0.103533,281.471,281.328,281.148,238.061,4.66847,3.46332,37.7326,330.602,209.488,692.2,0.985444,0,0.00306282
543.75,0.107941,281.543,281.381,281.161,238.061,5.41181,3.85007,39.7091,330.602,209.488,692.2,0.984219,0,0.00430146
544.25,0.112347,281.623,281.439,281.175,238.062,6.31384,4.3017,41.6848,331.148,209.625,692.2,0.982834,0,0.00270304
544.75,0.11675,281.699,281.498,281.193,238.063,7.03587,4.72493,43.6594,331.148,209.625,692.2,0.980685,0,0.00406331
545.25,0.121152,281.769,281.548,281.218,238.064,7.77426,5.22905,45.633,331.148,209.625,692.2,0.979496,0,0.00274409
545.75,0.12555,281.84,281.6,281.245,238.064,8.5812,5.64316,47.6056,331.148,209.625,692.2,0.978244,0,0.00394279
546.25,0.129947,281.918,281.655,281.275,238.065,9.56305,6.12148,49.577,331.751,209.768,956.226,0.976876,0,0.00244223
546.75,0.134341,281.992,281.712,281.308,238.066,10.3396,6.55553,51.5473,331.751,209.768,956.226,0.975459,0,0.00369145
547.25,0.138732,282.066,281.771,281.342,238.067,11.0555,6.98219,53.5164,331.751,209.768,956.226,0.974005,0,0.00245519
547.75,0.14312,282.139,281.829,281.383,238.068,11.7437,7.43283,55.4843,331.751,209.768,956.226,0.971475,0,0.00401604
548.25,0.147506,282.216,281.88,281.431,238.069,12.7084,8.05918,57.4509,332.416,209.914,956.226,0.970219,0,0.00219981
548.75,0.151889,282.286,281.933,281.482,238.07,13.5754,8.5089,59.4163,332.416,209.914,956.226,0.96891,0,0.00332821
549.25,0.156268,282.357,281.987,281.533,238.071,14.3579,8.94564,61.3803,332.416,209.914,956.226,0.967561,0,0.00216888
549.75,0.160645,282.428,282.042,281.586,238.072,15.1087,9.38232,63.3429,332.416,209.914,956.226,0.966178,0,0.00323365
550.25,0.165019,282.507,282.099,281.641,238.073,16.0876,9.89218,65.3041,333.071,210.056,956.226,0.964724,0,0.00192187
550.75,0.169389,282.58,282.158,281.697,238.074,16.8452,10.353,67.2638,333.071,210.056,956.226,0.963237,0,0.00311849
551.25,0.173756,282.655,282.218,281.756,238.076,17.6318,10.8692,69.473,333.071,210.056,1308.03,0.960479,0,0.00466989
551.75,0.178119,282.728,282.271,281.808,238.077,18.3863,11.5595,71.7212,333.071,210.056,1308.03,0.958323,0,0.00294424
552.25,0.182479,282.806,282.322,281.859,238.078,19.6309,12.1856,73.9676,333.796,210.207,1308.03,0.95707,0,0.00171476
552.75,0.186836,282.878,282.374,281.911,238.079,20.6463,12.6901,76.2122,333.796,210.207,1308.03,0.95576,0,0.00276211
553.25,0.191189,282.95,282.427,281.964,238.081,21.5815,13.1853,78.4549,333.796,210.207,1308.03,0.954404,0,0.0016657
553.75,0.195538,283.023,282.482,282.019,238.082,22.4852,13.6829,80.6957,333.796,210.207,1308.03,0.953007,0,0.00248336
554.25,0.199883,283.105,282.539,282.076,238.083,23.6412,14.262,82.9344,334.501,210.356,1308.03,0.951538,0,0.00138155
554.75,0.204224,283.18,282.598,282.134,238.085,24.554,14.788,85.1712,334.501,210.356,1308.03,0.950031,0,0.00233119
555.25,0.208561,283.256,282.657,282.193,238.086,25.4031,15.3076,87.4059,334.501,210.356,1308.03,0.948493,0,0.00138738
555.75,0.212894,283.331,282.718,282.254,238.088,26.1757,15.9582,89.6385,334.501,210.356,1308.03,0.945249,0,0.00921425
556.25,0.217223,283.411,282.776,282.311,238.089,27.185,16.7984,91.8689,335.298,210.514,1308.03,0.942072,0,0.00211074
556.75,0.221548,283.481,282.826,282.361,238.09,28.1446,17.4833,94.0971,335.298,210.514,1308.03,0.940844,0,0.00187504
557.25,0.225868,283.551,282.877,282.413,238.092,29.1263,17.9973,96.3231,335.298,210.514,1759.97,0.939576,0,0.00129039
557.75,0.230184,283.622,282.929,282.465,238.093,30.0646,18.5101,98.5468,335.298,210.514,1759.97,0.938271,0,0.00174818
558.25,0.234496,283.7,282.983,282.519,238.095,31.2759,19.1084,100.768,336.049,210.665,1759.97,0.936909,0,0.00102017
558.75,0.238802,283.772,283.038,282.574,238.097,32.2213,19.6474,102.987,336.049,210.665,1759.97,0.935513,0,0.00160847
559.25,0.243104,283.845,283.095,282.63,238.098,33.0995,20.1784,105.204,336.049,210.665,1759.97,0.934089,0,0.00103755
559.75,0.247402,283.918,283.152,282.687,238.1,33.9533,20.712,107.418,336.049,210.665,1759.97,0.93264,0,0.00154237
560.25,0.251694,284.001,283.21,282.745,238.101,35.1629,21.3506,109.742,336.857,210.82,1759.97,0.93114,0,0.000937033
560.75,0.255982,284.075,283.27,282.805,238.104,36.0893,22.1395,112.235,336.857,210.82,1759.97,0.927013,0,0.0189338
561.25,0.260264,284.153,283.331,282.866,238.105,36.8862,22.9336,114.725,336.857,210.82,1759.97,0.925501,0,0.000956845
561.75,0.264542,284.226,283.389,282.924,238.107,37.7103,23.7837,117.212,336.857,210.82,1759.97,0.920955,0,0.00391685
562.25,0.268814,284.304,283.438,282.973,238.109,39.0474,24.6871,119.696,337.725,210.985,1759.97,0.919782,0,0.000847467
562.75,0.273081,284.375,283.489,283.023,238.111,40.2297,25.2749,122.178,337.725,210.985,1759.97,0.918568,0,0.00099753
563.25,0.277342,284.446,283.54,283.074,238.112,41.3217,25.8508,124.656,337.725,210.985,2361.86,0.917318,0,0.000834618
563.75,0.281598,284.518,283.592,283.127,238.114,42.3802,26.4283,127.13,337.725,210.985,2361.86,0.916036,0,0.000942684
564.25,0.285849,284.597,283.646,283.181,238.116,43.7366,27.0992,129.602,338.518,211.141,2361.86,0.914703,0,0.000761639
564.75,0.290094,284.67,283.701,283.235,238.118,44.81,27.7054,132.071,338.518,211.141,2361.86,0.913338,0,0.00091864
565.25,0.294333,284.744,283.757,283.291,238.12,45.8153,28.3043,134.536,338.518,211.141,2361.86,0.911946,0,0.000749489
565.75,0.298566,284.818,283.814,283.348,238.122,46.7963,28.9067,136.997,338.518,211.141,2361.86,0.910528,0,0.000894869
566.25,0.302794,284.901,283.872,283.406,238.124,48.1165,29.6119,139.456,339.388,211.303,2361.86,0.909068,0,0.0006734
566.75,0.307015,284.971,283.93,283.464,238.127,48.8723,30.7785,141.91,339.388,211.303,2361.86,0.903562,0,0.0418919
567.25,0.311231,285.047,283.991,283.525,238.129,49.6726,31.5109,144.362,339.388,211.303,2361.86,0.902119,0,0.000659726
567.75,0.31544,285.124,284.052,283.586,238.131,50.5729,32.1269,146.809,339.388,211.303,2361.86,0.900657,0,0.000838468
568.25,0.319644,285.202,284.113,283.647,238.133,51.6389,33.3341,149.254,340.315,211.475,2361.86,0.894023,0,0.00902024
568.75,0.323841,285.27,284.161,283.695,238.136,52.4929,34.3644,151.694,340.315,211.475,3113.18,0.892757,0,0.000809184
569.25,0.328031,285.338,284.21,283.743,238.138,53.6116,34.9614,154.131,340.315,211.475,3113.18,0.891643,0,0.000540902
569.75,0.332215,285.406,284.259,283.793,238.14,54.6824,35.5544,156.564,340.315,211.475,3113.18,0.890503,0,0.000780047
570.25,0.336393,285.482,284.31,283.843,238.142,56.0781,36.247,158.993,341.169,211.631,3113.18,0.889324,0,0.000445334
570.75,0.340564,285.551,284.361,283.895,238.144,57.1624,36.8657,161.419,341.169,211.631,3113.18,0.888119,0,0.000747683
571.25,0.344728,285.621,284.413,283.947,238.146,58.1756,37.4751,163.84,341.169,211.631,3113.18,0.886892,0,0.000435676
571.75,0.348886,285.691,284.466,283.999,238.149,59.1638,38.087,166.258,341.169,211.631,3113.18,0.885644,0,0.000715584
572.25,0.353037,285.771,284.52,284.053,238.151,60.5912,38.8285,168.886,342.052,211.79,3113.18,0.884359,0,0.000338174
572.75,0.35718,285.845,284.575,284.108,238.153,61.7506,39.5074,171.589,342.052,211.79,3113.18,0.883048,0,0.000680327
573.25,0.361317,285.908,284.63,284.163,238.158,62.379,41.1387,174.287,342.052,211.79,3113.18,0.875583,0,0.0831266
573.75,0.365447,285.983,284.687,284.22,238.16,63.296,41.8832,176.98,342.052,211.79,3113.18,0.874314,0,0.000479657
574.25,0.369569,286.066,284.745,284.278,238.163,64.7073,42.6538,179.669,342.953,211.968,3113.18,0.873006,0,3.60727e-05
574.75,0.373685,286.143,284.804,284.336,238.165,65.8097,43.3511,182.353,342.953,211.968,3113.18,0.871676,0,0.000445133
575.25,0.377792,286.22,284.864,284.396,238.168,66.8498,44.042,185.032,342.953,211.968,3113.18,0.870326,0,3.19994e-05
575.75,0.381893,286.286,284.923,284.456,238.171,67.5323,45.4671,187.706,342.953,211.968,3113.18,0.86248,0,0.0175122
576.25,0.385986,286.366,284.979,284.512,238.173,68.5886,46.8264,190.376,343.951,212.14,3113.18,0.859584,0,0.004323
576.75,0.390071,286.435,285.027,284.559,238.176,69.7768,47.6512,193.04,343.951,212.14,3113.18,0.858558,0,0.00073154
577.25,0.394149,286.503,285.075,284.607,238.178,70.9804,48.3148,195.7,343.951,212.14,3113.18,0.85751,0,4.73186e-05
577.75,0.398219,286.571,285.124,284.656,238.181,72.1449,48.9773,198.354,343.951,212.14,3113.18,0.856441,0,0.000660455
578.25,0.402281,286.632,285.174,284.706,238.19,73.382,50.4222,201.004,344.866,212.303,3113.18,0.845286,0,0.208184
578.75,0.406335,286.699,285.225,284.757,238.192,73.8214,52.1985,203.648,344.866,212.303,3113.18,0.844276,0,0
579.25,0.410381,286.769,285.277,284.808,238.195,74.8632,52.8439,206.287,344.866,212.303,3113.18,0.843249,0,0
579.75,0.41442,286.838,285.329,284.86,238.197,75.9292,53.5044,208.92,344.866,212.303,3113.18,0.842204,0,0
580.25,0.41845,286.915,285.382,284.913,238.2,77.323,54.2689,211.549,345.669,212.494,3113.18,0.841124,0,0
580.75,0.422471,286.987,285.436,284.967,238.203,78.4301,54.9629,214.172,345.669,212.494,3113.18,0.840027,0,0
581.25,0.426485,287.058,285.49,285.021,238.205,79.479,55.6503,216.79,345.669,212.494,3113.18,0.838913,0,0
581.75,0.43049,287.13,285.545,285.076,238.208,80.5091,56.3415,219.402,345.669,212.494,3113.18,0.837784,0,0
582.25,0.434487,287.21,285.601,285.132,238.211,81.9487,57.1586,222.008,346.681,212.663,3113.18,0.83663,0,0
582.75,0.438475,287.284,285.657,285.188,238.214,83.0234,57.8827,224.61,346.681,212.663,3113.18,0.835459,0,0
583.25,0.442454,287.338,285.714,285.245,238.218,83.4727,59.8002,227.205,346.681,212.663,3113.18,0.822945,0,0.0502287
583.75,0.446425,287.409,285.771,285.302,238.221,83.8043,61.3445,229.795,346.681,212.663,3113.18,0.821955,0,0
584.25,0.450387,287.486,285.828,285.359,238.224,85.0806,62.2837,232.379,347.661,212.835,3113.18,0.818027,0,0.011968
584.75,0.454341,287.553,285.878,285.409,238.227,85.8704,63.4968,234.957,347.661,212.835,3113.18,0.816303,0,0.00288423
585.25,0.458285,287.616,285.923,285.453,238.23,87.044,64.2017,237.53,347.661,212.835,3113.18,0.815534,0,0
585.75,0.46222,287.68,285.968,285.498,238.233,88.1972,64.8558,240.096,347.661,212.835,3113.18,0.814746,0,0
586.25,0.466146,287.751,286.014,285.544,238.236,89.7186,65.6263,242.657,348.61,212.997,3113.18,0.813934,0,0
586.75,0.470063,287.816,286.06,285.591,238.239,90.8885,66.3047,245.212,348.61,212.997,3113.18,0.813105,0,0
587.25,0.473971,287.88,286.107,285.638,238.242,91.9859,66.9718,247.76,348.61,212.997,3113.18,0.812259,0,0
587.75,0.47787,287.945,286.155,285.685,238.245,93.0587,67.6404,250.303,348.61,212.997,3113.18,0.811397,0,0
588.25,0.481759,288.017,286.203,285.733,238.248,94.5122,68.4294,252.84,349.563,213.155,3113.18,0.810514,0,0
588.75,0.485638,288.083,286.252,285.782,238.251,95.6183,69.1264,255.37,349.563,213.155,3113.18,0.809615,0,0
589.25,0.489508,288.148,286.301,285.831,238.254,96.6555,69.8129,257.894,349.563,213.155,3113.18,0.808701,0,0
589.75,0.493369,288.214,286.351,285.881,238.257,97.6706,70.5014,260.412,349.563,213.155,3113.18,0.807774,0,0
590.25,0.49722,288.288,286.402,285.932,238.26,99.0908,71.3174,262.923,350.567,213.317,3113.18,0.806828,0,0
590.75,0.501061,288.356,286.453,285.983,238.263,100.174,72.0438,265.494,350.567,213.317,3113.18,0.805867,0,0
591.25,0.504892,288.425,286.505,286.034,238.267,101.265,72.7814,268.232,350.567,213.317,3113.18,0.804891,0,0
591.75,0.508713,288.494,286.557,286.086,238.27,102.348,73.5254,270.962,350.567,213.317,3113.18,0.803902,0,0
592.25,0.512524,288.571,286.61,286.139,238.273,103.836,74.399,273.685,351.566,213.488,3113.18,0.802892,0,0
592.75,0.516325,288.642,286.663,286.193,238.276,104.961,75.1757,276.401,351.566,213.488,3113.18,0.801868,0,0
593.25,0.520117,288.712,286.717,286.247,238.28,106.018,75.9422,279.109,351.566,213.488,3113.18,0.800831,0,0
593.75,0.523897,288.783,286.772,286.301,238.283,107.053,76.7117,281.81,351.566,213.488,3113.18,0.799782,0,0
594.25,0.527668,288.862,286.827,286.356,238.286,108.504,77.6148,284.504,352.595,213.666,3113.18,0.798714,0,0
594.75,0.531428,288.934,286.883,286.412,238.29,109.579,78.4166,287.191,352.595,213.666,3113.18,0.797633,0,0
595.25,0.535178,289.006,286.939,286.468,238.293,110.584,79.2076,289.87,352.595,213.666,3113.18,0.796541,0,0
595.75,0.538917,289.078,286.996,286.525,238.296,111.568,80.0014,292.541,352.595,213.666,3113.18,0.795439,0,0
596.25,0.542645,289.158,287.054,286.583,238.3,112.988,80.9354,295.205,353.672,213.847,3113.18,0.794319,0,0
596.75,0.546363,289.231,287.112,286.64,238.303,114.014,81.7622,297.862,353.672,213.847,3113.18,0.793189,0,0
597.25,0.550071,289.305,287.17,286.699,238.307,114.969,82.5775,300.51,353.672,213.847,3113.18,0.792049,0,0
597.75,0.553767,289.378,287.229,286.758,238.31,115.901,83.3953,303.151,353.672,213.847,3113.18,0.790901,0,0
598.25,0.557453,289.46,287.289,286.817,238.314,117.291,84.3601,305.785,354.795,214.033,3113.18,0.789737,0,0
598.75,0.561127,289.535,287.349,286.877,238.317,118.269,85.2116,308.41,354.795,214.033,3113.18,0.788565,0,0
599.25,0.564791,289.609,287.41,286.938,238.321,119.173,86.0508,311.027,354.795,214.033,3113.18,0.787384,0,0
599.75,0.568443,289.684,287.471,286.999,238.325,120.055,86.8924,313.637,354.795,214.033,3113.18,0.786196,0,0
600.25,0.572084,289.767,287.533,287.061,238.328,121.408,87.8859,316.238,355.95,214.224,3113.18,0.784995,0,0
600.75,0.575714,289.843,287.595,287.123,238.332,122.338,88.7617,318.832,355.95,214.224,3113.18,0.783786,0,0
601.25,0.579333,289.919,287.657,287.185,238.336,123.192,89.6244,321.417,355.95,214.224,3113.18,0.782571,0,0
601.75,0.58294,289.995,287.72,287.248,238.339,124.024,90.4893,323.995,355.95,214.224,3113.18,0.78135,0,0
602.25,0.586536,290.079,287.784,287.312,238.343,125.344,91.5124,326.564,357.143,214.419,3113.18,0.780118,0,0
602.75,0.590121,290.156,287.848,287.376,238.347,126.226,92.4121,329.125,357.143,214.419,3113.18,0.778879,0,0
603.25,0.593693,290.233,287.913,287.44,238.351,127.031,93.2981,331.677,357.143,214.419,3113.18,0.777636,0,0
603.75,0.597255,290.31,287.978,287.505,238.354,127.815,94.1861,334.222,357.143,214.419,3113.18,0.776388,0,0
604.25,0.600804,290.396,288.043,287.57,238.358,129.103,95.239,336.758,358.378,214.618,3113.18,0.775131,0,0
604.75,0.604341,290.474,288.109,287.636,238.362,129.939,96.1624,339.285,358.378,214.618,3113.18,0.773868,0,0
605.25,0.607867,290.552,288.176,287.703,238.366,130.696,97.0711,341.804,358.378,214.618,3113.18,0.772602,0,0
605.75,0.611381,290.63,288.242,287.769,238.37,131.431,97.9817,344.315,358.378,214.618,3113.18,0.771334,0,0
606.25,0.614883,290.718,288.31,287.836,238.374,132.689,99.0641,346.816,359.656,214.82,3113.18,0.770056,0,0
606.75,0.618372,290.796,288.377,287.904,238.377,133.478,100.011,349.31,359.656,214.82,3113.18,0.768776,0,0
607.25,0.62185,290.875,288.445,287.972,238.381,134.188,100.942,351.794,359.656,214.82,3113.18,0.767493,0,0
607.75,0.625315,290.954,288.514,288.04,238.385,134.875,101.874,354.27,359.656,214.82,3113.18,0.766209,0,0
608.25,0.628768,291.043,288.583,288.109,238.389,136.103,102.986,356.737,360.975,215.026,3113.18,0.764917,0,0
608.75,0.632209,291.123,288.652,288.178,238.393,136.847,103.955,359.195,360.975,215.026,3113.18,0.763624,0,0
609.25,0.635637,291.203,288.722,288.248,238.397,137.509,104.908,361.645,360.975,215.026,3113.18,0.762329,0,0
609.75,0.639053,291.283,288.792,288.318,238.401,138.15,105.862,364.085,360.975,215.026,3113.18,0.761034,0,0
610.25,0.642456,291.372,288.863,288.388,238.405,139.347,107.002,366.516,362.333,215.234,3113.18,0.759734,0,0
610.75,0.645846,291.453,288.934,288.459,238.409,140.046,107.994,368.939,362.333,215.234,3113.18,0.758433,0,0
611.25,0.649224,291.534,289.005,288.53,238.413,140.662,108.968,371.352,362.333,215.234,3113.18,0.757131,0,0
611.75,0.652589,291.615,289.076,288.602,238.417,141.306,109.959,373.873,362.333,215.234,3113.18,0.75583,0,0
612.25,0.655941,291.707,289.149,288.674,238.421,142.544,111.15,376.42,363.731,215.446,3113.18,0.754523,0,0
612.75,0.659281,291.79,289.221,288.746,238.426,143.273,112.187,378.956,363.731,215.446,3113.18,0.753215,0,0
613.25,0.662607,291.873,289.294,288.819,238.43,143.919,113.208,381.483,363.731,215.446,4016.82,0.751907,0,0
613.75,0.665921,291.955,289.367,288.892,238.434,144.543,114.229,383.999,363.731,215.446,4016.82,0.7506,0,0
614.25,0.669221,292.048,289.441,288.966,238.438,145.754,115.452,386.506,365.169,215.662,4016.82,0.749289,0,0
614.75,0.672508,292.132,289.515,289.039,238.442,146.439,116.514,389.003,365.169,215.662,4016.82,0.747977,0,0
615.25,0.675782,292.215,289.589,289.114,238.446,147.038,117.556,391.49,365.169,215.662,4016.82,0.746667,0,0
615.75,0.679043,292.299,289.664,289.188,238.451,147.614,118.6,393.966,365.169,215.662,4016.82,0.745358,0,0
616.25,0.68229,292.393,289.739,289.263,238.455,148.794,119.853,396.433,366.647,215.881,4016.82,0.744046,0,0
616.75,0.685524,292.477,289.814,289.339,238.459,149.434,120.936,398.889,366.647,215.881,4016.82,0.742735,0,0
617.25,0.688745,292.562,289.89,289.414,238.463,149.985,122,401.335,366.647,215.881,4016.82,0.741427,0,0
617.75,0.691952,292.646,289.966,289.49,238.468,150.514,123.065,403.771,366.647,215.881,5273.21,0.740121,0,0
618.25,0.695145,292.741,290.043,289.567,238.472,151.662,124.346,406.197,368.164,216.102,5273.21,0.738813,0,0
618.75,0.698325,292.826,290.119,289.643,238.476,152.255,125.451,408.612,368.164,216.102,5273.21,0.737507,0,0
619.25,0.701491,292.91,290.197,289.72,238.48,152.76,126.536,411.017,368.164,216.102,5273.21,0.736204,0,0
619.75,0.704643,292.995,290.274,289.797,238.485,153.241,127.62,413.411,368.164,216.102,5273.21,0.734905,0,0
620.25,0.707781,293,290.333,289.857,238.533,149.888,137.983,415.795,369.718,216.326,3113.18,0.695198,0,1.42694
620.75,0.710905,293.079,290.409,289.932,238.546,149.685,139.02,418.168,369.718,216.326,3113.18,0.694406,0,0.336914
621.25,0.714016,293.161,290.485,290.008,238.548,149.999,139.955,420.53,369.718,216.326,3113.18,0.693614,0,0
621.75,0.717112,293.244,290.561,290.084,238.55,150.407,140.929,422.882,369.718,216.326,3113.18,0.692822,0,0
622.25,0.720195,293.331,290.638,290.161,238.552,151.068,141.997,425.223,370.264,216.825,3113.18,0.692013,0,0
622.75,0.723263,293.415,290.715,290.238,238.554,151.532,143.013,427.554,370.264,216.825,4016.82,0.691203,0,0
623.25,0.726317,293.499,290.792,290.315,238.557,151.969,144.029,429.874,370.264,216.825,5273.21,0.690393,0,0
623.75,0.729357,293.584,290.87,290.392,238.559,152.398,145.049,432.182,370.264,216.825,5273.21,0.689582,0,0
624.25,0.732382,293.679,290.947,290.47,238.562,153.472,146.303,434.48,371.827,217.008,5273.21,0.688771,0,0
624.75,0.735393,293.764,291.025,290.548,238.565,153.981,147.37,436.767,371.827,217.008,5273.21,0.687958,0,0
625.25,0.738389,293.849,291.104,290.626,238.567,154.405,148.414,439.043,371.827,217.008,5273.21,0.687145,0,0
625.75,0.741371,293.934,291.182,290.704,238.57,154.807,149.459,441.308,371.827,217.008,5273.21,0.686332,0,0
626.25,0.744339,294.029,291.261,290.783,238.573,155.863,150.746,443.562,373.43,217.203,7026.68,0.685518,0,0
626.75,0.747292,294.033,291.334,290.856,238.604,154.968,155.155,445.805,373.43,217.203,3113.18,0.64255,0,0.903551
627.25,0.75023,294.103,291.411,290.933,238.618,150.805,163.373,448.037,373.43,217.203,5273.21,0.642284,0,0.387526
627.75,0.753153,294.183,291.488,291.009,238.619,150.824,164.174,450.257,373.43,217.203,5273.21,0.642016,0,0
628.25,0.756062,294.272,291.565,291.086,238.62,151.48,165.208,452.467,374.318,217.553,5273.21,0.641728,0,0
628.75,0.758956,294.355,291.642,291.164,238.622,151.865,166.164,454.665,374.318,217.553,7026.68,0.641435,0,0
629.25,0.761834,294.439,291.72,291.241,238.624,152.226,167.119,456.851,374.318,217.553,7026.68,0.641138,0,0
629.75,0.764698,294.522,291.798,291.319,238.626,152.585,168.081,459.027,374.318,217.553,7026.68,0.640836,0,0
630.25,0.767547,294.541,291.866,291.387,238.643,151.301,174.324,461.19,375.937,217.72,3113.18,0.607058,0,0.503178
630.75,0.770381,294.617,291.943,291.463,238.644,149.203,178.76,463.343,375.937,217.72,7026.68,0.607176,0,0
631.25,0.7732,294.698,292.019,291.539,238.646,149.372,179.562,465.484,375.937,217.72,7026.68,0.607287,0,0
631.75,0.776003,294.78,292.095,291.616,238.647,149.678,180.422,467.613,375.937,217.72,7026.68,0.60739,0,0
632.25,0.778791,294.824,292.164,291.685,238.657,149.358,184.293,469.731,377.32,217.868,9270.94,0.58683,0,0.262301
632.75,0.781564,294.901,292.24,291.761,238.664,148.039,187.725,471.837,377.32,217.868,9270.94,0.58716,0,0.179028
633.25,0.784322,294.96,292.314,291.835,238.682,148.098,188.975,473.932,377.32,217.868,9270.94,0.575166,0,0.540292
633.75,0.787064,295.034,292.39,291.91,238.683,146.836,192.563,476.014,377.32,217.868,9270.94,0.57563,0,0
634.25,0.78979,295.08,292.439,291.959,238.7,146.017,196.785,478.085,378.391,218.127,9270.94,0.55325,0,0.556556
634.75,0.792502,295.106,292.479,291.999,238.705,145.707,199.988,480.145,378.391,218.127,9270.94,0.554451,0,0.13291
635.25,0.795197,295.158,292.518,292.038,238.732,146.444,200.326,482.192,378.391,218.127,7026.68,0.555655,0,0.89018
635.75,0.797877,295.212,292.557,292.077,238.731,147.371,200.74,484.228,378.391,218.127,7026.68,0.556854,0,0
636.25,0.800541,295.267,292.596,292.116,238.73,148.413,201.202,486.268,378.616,218.534,7026.68,0.558047,0,0
636.75,0.80319,295.32,292.636,292.155,238.73,149.402,201.645,488.362,378.616,218.534,7026.68,0.559233,0,0
637.25,0.805823,295.374,292.675,292.194,238.729,150.379,202.086,490.443,378.616,218.534,7026.68,0.560414,0,0
637.75,0.80844,295.428,292.698,292.217,238.742,151.347,202.526,492.511,378.616,218.534,7026.68,0.543711,0,0.414708
638.25,0.811041,295.433,292.737,292.256,238.741,150.502,207.898,494.568,379.435,218.629,7026.68,0.545006,0,0
638.75,0.813626,295.485,292.776,292.295,238.74,151.034,208.135,496.611,379.435,218.629,7026.68,0.546304,0,0
639.25,0.816195,295.537,292.815,292.334,238.739,151.895,208.505,498.642,379.435,218.629,9270.94,0.547597,0,0
639.75,0.818748,295.589,292.849,292.368,238.745,152.796,208.891,500.66,379.435,218.629,9270.94,0.529542,0,0.19026
640.25,0.821285,295.598,292.887,292.406,238.759,151.374,214.659,502.666,380.152,218.606,9270.94,0.530948,0,0.465651
640.75,0.823806,295.648,292.921,292.44,238.759,151.916,214.862,504.658,380.152,218.606,9270.94,0.521285,0,0.0578487
641.25,0.82631,295.67,292.956,292.475,238.76,151.304,218.204,506.638,380.152,218.606,9270.94,0.521514,0,0.0622157
641.75,0.828799,295.715,292.992,292.511,238.761,151.825,218.759,508.605,380.152,218.606,9270.94,0.52166,0,0.0649207
642.25,0.831271,295.765,293.029,292.548,238.762,152.71,219.509,510.559,380.734,218.726,9270.94,0.521754,0,0.0666686
642.75,0.833727,295.812,293.067,292.586,238.764,153.392,220.21,512.501,380.734,218.726,9270.94,0.521834,0,0.0678606
643.25,0.836166,295.859,293.104,292.623,238.765,154.046,220.913,514.429,380.734,218.726,9270.94,0.521959,0,0.0685739
643.75,0.838589,295.906,293.142,292.66,238.766,154.694,221.62,516.344,380.734,218.726,9270.94,0.521963,0,0.0697686
644.25,0.840996,295.96,293.161,292.68,238.801,155.758,222.505,518.247,381.772,218.801,5273.21,0.506027,0,1.13637
644.75,0.843386,295.957,293.17,292.689,238.811,154.61,227.58,520.136,381.772,218.801,7026.68,0.507931,0,0.393733
645.25,0.845759,295.985,293.18,292.699,238.808,155.713,227.511,522.012,381.772,218.801,7026.68,0.509831,0,0
645.75,0.848116,296.015,293.19,292.709,238.806,157.008,227.527,523.875,381.772,218.801,7026.68,0.511719,0,0
646.25,0.850456,296.04,293.201,292.72,238.804,158.069,227.465,525.725,381.226,219.123,9270.94,0.513588,0,0
646.75,0.852779,296.07,293.212,292.731,238.802,159.317,227.479,527.562,381.226,219.123,9270.94,0.515446,0,0
647.25,0.855086,296.099,293.223,292.741,238.8,160.578,227.503,529.385,381.226,219.123,9270.94,0.517293,0,0
647.75,0.857376,296.128,293.234,292.753,238.799,161.829,227.529,531.195,381.226,219.123,9270.94,0.519129,0,0.0259062
648.25,0.859649,296.163,293.255,292.774,238.799,163.395,227.696,532.992,382.052,219.078,9270.94,0.520291,0,0.0453634
648.75,0.861905,296.198,293.284,292.803,238.799,164.338,227.957,534.776,382.052,219.078,9270.94,0.520955,0,0.0566644
649.25,0.864144,296.238,293.318,292.836,238.8,165.037,228.383,536.546,382.052,219.078,9270.94,0.521337,0,0.063357
649.75,0.866367,296.28,293.332,292.851,238.827,165.634,228.916,538.302,382.052,219.078,5273.21,0.496028,0,0.922491
650.25,0.868572,296.247,293.342,292.861,238.845,162.822,236.539,540.045,381.736,219.259,7026.68,0.497988,0,0.671175
650.75,0.87076,296.273,293.353,292.871,238.879,163.526,236.294,541.775,381.736,219.259,7026.68,0.499948,0,1.20614
651.25,0.872931,296.3,293.363,292.882,238.874,164.639,236.221,543.491,381.736,219.259,7026.68,0.501896,0,0
651.75,0.875085,296.327,293.374,292.892,238.87,165.794,236.17,545.194,381.736,219.259,7026.68,0.503834,0,0
652.25,0.877222,296.354,293.385,292.903,238.866,166.931,236.11,546.883,381.654,219.692,7026.68,0.505773,0,0
652.75,0.879341,296.382,293.395,292.914,238.862,168.093,236.063,548.558,381.654,219.692,7026.68,0.507701,0,0
653.25,0.881443,296.409,293.406,292.924,238.859,169.252,236.02,550.22,381.654,219.692,9270.94,0.509618,0,0
653.75,0.883528,296.437,293.417,292.935,238.855,170.403,235.979,551.868,381.654,219.692,9270.94,0.511524,0,0
654.25,0.885595,296.47,293.428,292.947,238.852,171.889,236.087,553.503,382.522,219.605,9270.94,0.513422,0,0
654.75,0.887646,296.498,293.439,292.957,238.875,173.072,236.068,555.123,382.522,219.605,9270.94,0.493186,0,0.840969
655.25,0.889678,296.473,293.449,292.968,238.871,170.985,242.262,556.73,382.522,219.605,9270.94,0.495167,0,0
655.75,0.891693,296.498,293.46,292.978,238.867,171.656,241.995,558.323,382.522,219.605,9270.94,0.497159,0,0
656.25,0.893691,296.521,293.471,292.99,238.864,172.488,241.807,559.902,382.07,219.64,9270.94,0.49913,0,0
656.75,0.895671,296.548,293.483,293.001,238.86,173.519,241.704,561.467,382.07,219.64,9270.94,0.50109,0,0
657.25,0.897634,296.574,293.494,293.012,238.858,174.581,241.618,563.019,382.07,219.64,9270.94,0.503041,0,0.0259476
657.75,0.899578,296.601,293.506,293.024,238.855,175.644,241.537,564.556,382.07,219.64,9270.94,0.504981,0,0.0119353
658.25,0.901506,296.634,293.517,293.035,238.853,177.052,241.607,566.079,382.94,219.567,9270.94,0.506913,0,0.0220624
658.75,0.903415,296.661,293.529,293.047,238.851,178.158,241.552,567.589,382.94,219.567,9270.94,0.508835,0,0.0133706
659.25,0.905307,296.688,293.541,293.059,238.849,179.216,241.481,569.084,382.94,219.567,9270.94,0.510747,0,0.0194403
659.75,0.907181,296.715,293.553,293.071,238.847,180.26,241.409,570.565,382.94,219.567,9270.94,0.512649,0,0.013976
660.25,0.909037,296.748,293.549,293.067,238.867,181.639,241.486,572.033,383.811,219.518,9270.94,0.487489,0,0.72412
660.75,0.910875,296.699,293.561,293.079,238.888,179.108,249.052,573.486,383.811,219.518,7026.68,0.489514,0,0.76913
661.25,0.912695,296.722,293.572,293.09,238.884,179.48,248.663,574.925,383.811,219.518,7026.68,0.491536,0,0
661.75,0.914498,296.747,293.584,293.102,238.88,180.365,248.488,576.349,383.811,219.518,7026.68,0.493548,0,0
662.25,0.916282,296.768,293.596,293.114,238.877,180.974,248.211,577.76,383.001,219.725,7026.68,0.495539,0,0
662.75,0.918049,296.793,293.608,293.126,238.873,181.884,248.062,579.156,383.001,219.725,9270.94,0.49752,0,0
663.25,0.919797,296.819,293.62,293.138,238.87,182.836,247.933,580.538,383.001,219.725,9270.94,0.499492,0,0
663.75,0.921527,296.845,293.632,293.15,238.867,183.803,247.815,581.935,383.001,219.725,9270.94,0.501455,0,0
664.25,0.923239,296.878,293.631,293.149,238.884,185.138,247.856,583.32,383.914,219.632,9270.94,0.484051,0,0.625046
664.75,0.924934,296.848,293.643,293.161,238.88,183.62,253.232,584.691,383.914,219.632,9270.94,0.486096,0,0
665.25,0.926609,296.872,293.655,293.173,238.877,184.106,252.89,586.047,383.914,219.632,9270.94,0.488137,0,0
665.75,0.928267,296.897,293.667,293.185,238.874,184.972,252.705,587.388,383.914,219.632,9270.94,0.490168,0,0
666.25,0.929907,296.922,293.679,293.197,238.871,185.857,252.541,588.715,383.879,219.616,9270.94,0.492181,0,0
666.75,0.931528,296.948,293.692,293.21,238.868,186.769,252.391,590.026,383.879,219.616,9270.94,0.494184,0,0
667.25,0.933131,296.973,293.704,293.222,238.866,187.685,252.245,591.323,383.879,219.616,9270.94,0.496178,0,0
667.75,0.934715,296.999,293.717,293.235,238.864,188.599,252.102,592.606,383.879,219.616,9270.94,0.498163,0,0.00961002
668.25,0.936281,297.03,293.727,293.245,238.886,189.877,252.117,593.873,384.8,219.533,9270.94,0.489641,0,0.793534
668.75,0.937829,297.03,293.74,293.258,238.906,189.326,255,595.125,384.8,219.533,7026.68,0.491664,0,0.752152
669.25,0.939359,297.054,293.752,293.27,238.939,190.008,254.749,596.363,384.8,219.533,7026.68,0.493683,0,1.19132
669.75,0.940869,297.079,293.765,293.283,238.934,190.863,254.57,597.585,384.8,219.533,7026.68,0.495693,0,0
670.25,0.942362,297.099,293.777,293.295,238.929,191.421,254.274,598.793,384.038,220.217,9270.94,0.4977,0,0
670.75,0.943836,297.123,293.789,293.307,238.924,192.253,254.087,599.985,384.038,220.217,9270.94,0.499698,0,0
671.25,0.945291,297.148,293.802,293.32,238.92,193.114,253.915,601.163,384.038,220.217,9270.94,0.501687,0,0
671.75,0.946728,297.173,293.808,293.326,238.935,193.973,253.745,602.325,384.038,220.217,9270.94,0.483807,0,0.626361
672.25,0.948146,297.146,293.82,293.338,238.93,191.969,259.279,603.473,384.011,220.204,9270.94,0.485873,0,0
672.75,0.949546,297.168,293.832,293.35,238.925,192.369,258.892,604.605,384.011,220.204,9270.94,0.487937,0,0
673.25,0.950926,297.191,293.845,293.362,238.921,193.122,258.653,605.723,384.011,220.204,9270.94,0.489991,0,0
673.75,0.952289,297.215,293.857,293.374,238.917,193.918,258.434,606.825,384.011,220.204,9270.94,0.492037,0,0
674.25,0.953632,297.245,293.869,293.387,238.913,195.113,258.378,607.912,384.949,220.054,9270.94,0.494079,0,0
674.75,0.954957,297.269,293.881,293.399,238.909,195.978,258.19,608.984,384.949,220.054,9270.94,0.496111,0,0
675.25,0.956263,297.292,293.894,293.411,238.906,196.799,257.987,610.04,384.949,220.054,9270.94,0.498134,0,0
675.75,0.95755,297.316,293.892,293.409,238.927,197.608,257.782,611.082,384.949,220.054,9270.94,0.489996,0,0.786453
676.25,0.958818,297.307,293.904,293.422,238.924,197.267,260.495,612.108,385.109,220.155,9270.94,0.492045,0,0.0510836
676.75,0.960068,297.329,293.917,293.434,238.92,197.763,260.154,613.119,385.109,220.155,9270.94,0.49409,0,0.00204767
677.25,0.961299,297.352,293.929,293.446,238.917,198.485,259.908,614.115,385.109,220.155,9270.94,0.496125,0,0.0401481
677.75,0.96251,297.375,293.941,293.459,238.914,199.231,259.674,615.096,385.109,220.155,9270.94,0.498152,0,0.00880627
678.25,0.963703,297.402,293.954,293.471,238.912,200.262,259.557,616.061,385.786,220.031,9270.94,0.500175,0,0.0327152
678.75,0.964877,297.425,293.966,293.483,238.909,201.052,259.343,617.011,385.786,220.031,9270.94,0.50219,0,0.0127831
679.25,0.966032,297.448,293.956,293.473,238.922,201.807,259.117,617.945,385.786,220.031,9270.94,0.47928,0,0.545451
679.75,0.967168,297.395,293.968,293.485,238.945,199.323,266.043,618.864,385.786,220.031,7026.68,0.481405,0,0.876389
680.25,0.968285,297.41,293.98,293.497,238.941,199.104,265.378,619.768,385.069,220.227,7026.68,0.483516,0,0
680.75,0.969383,297.431,293.992,293.509,238.936,199.657,265.035,620.657,385.069,220.227,7026.68,0.485619,0,0
681.25,0.970462,297.452,294.004,293.521,238.932,200.309,264.735,621.53,385.069,220.227,9270.94,0.487714,0,0
681.75,0.971522,297.474,294.012,293.529,238.939,200.986,264.447,622.387,385.069,220.227,9270.94,0.473168,0,0.364045
682.25,0.972563,297.456,294.024,293.541,238.935,199.337,269.05,623.229,385.34,220.124,9270.94,0.475325,0,0
682.75,0.973584,297.475,294.035,293.552,238.931,199.677,268.596,624.056,385.34,220.124,9270.94,0.477479,0,0
683.25,0.974587,297.496,294.047,293.564,238.927,200.298,268.261,624.867,385.34,220.124,9270.94,0.479625,0,0
683.75,0.97557,297.517,294.058,293.576,238.923,200.953,267.942,625.663,385.34,220.124,9270.94,0.481762,0,0
684.25,0.976535,297.544,294.053,293.57,238.935,202.005,267.787,626.443,386.277,219.976,9270.94,0.47799,0,0.488349
684.75,0.97748,297.539,294.064,293.582,238.956,202.253,269.146,627.208,386.277,219.976,7026.68,0.480136,0,0.812159
685.25,0.978405,297.559,294.076,293.593,238.99,202.688,268.735,627.957,386.277,219.976,7026.68,0.482275,0,1.24337
685.75,0.979312,297.579,294.088,293.605,238.983,203.303,268.401,628.69,386.277,219.976,9270.94,0.484406,0,0
686.25,0.980199,297.596,294.099,293.616,238.978,203.695,267.976,629.408,385.683,220.6,9270.94,0.486537,0,0
686.75,0.981068,297.616,294.11,293.627,238.972,204.305,267.636,630.111,385.683,220.6,9270.94,0.488659,0,0
687.25,0.981916,297.636,294.107,293.624,238.979,204.937,267.308,630.798,385.683,220.6,9270.94,0.474156,0,0.391914
687.75,0.982746,297.606,294.118,293.635,238.973,203.387,271.789,631.469,385.683,220.6,9270.94,0.476344,0,0
688.25,0.983556,297.625,294.129,293.646,238.968,203.641,271.28,632.124,385.847,220.464,9270.94,0.478521,0,0
688.75,0.984347,297.645,294.14,293.657,238.963,204.183,270.893,632.764,385.847,220.464,9270.94,0.480689,0,0
689.25,0.985119,297.664,294.151,293.668,238.958,204.76,270.524,633.389,385.847,220.464,9270.94,0.482848,0,0
689.75,0.985871,297.683,294.149,293.666,238.969,205.348,270.161,633.997,385.847,220.464,9270.94,0.478739,0,0.510832
690.25,0.986604,297.681,294.16,293.677,238.968,205.481,271.654,634.59,386.274,220.451,9270.94,0.480907,0,0.138819
690.75,0.987317,297.699,294.171,293.688,238.963,205.869,271.206,635.167,386.274,220.451,9270.94,0.483068,0,0
691.25,0.988011,297.718,294.182,293.699,238.959,206.41,270.823,635.729,386.274,220.451,9270.94,0.485221,0,0
691.75,0.988686,297.737,294.193,293.71,238.955,206.967,270.448,636.275,386.274,220.451,9270.94,0.487365,0,0.0337796
692.25,0.989341,297.76,294.196,293.713,238.958,207.795,270.185,636.805,386.925,220.33,9270.94,0.467757,0,0.248005
692.75,0.989977,297.721,294.206,293.724,238.955,205.239,276.2,637.319,386.925,220.33,9270.94,0.470002,0,0.029664
693.25,0.990593,297.737,294.217,293.734,238.951,205.317,275.579,637.818,386.925,220.33,9270.94,0.472245,0,0.0196798
693.75,0.99119,297.754,294.218,293.735,238.957,205.785,275.122,638.301,386.925,220.33,9270.94,0.470757,0,0.334006
694.25,0.991767,297.756,294.229,293.746,238.983,205.849,275.713,638.768,386.726,220.229,7026.68,0.472984,0,0.988773
694.75,0.992325,297.773,294.239,293.756,238.978,206.221,275.226,639.219,386.726,220.229,7026.68,0.475204,0,0
695.25,0.992863,297.79,294.248,293.765,238.976,206.712,274.791,639.655,386.726,220.229,9270.94,0.463436,0,0.118663
695.75,0.993382,297.773,294.257,293.774,238.971,205.11,278.484,640.075,386.726,220.229,9270.94,0.465708,0,0
696.25,0.993882,297.788,294.251,293.768,238.972,205.298,277.888,640.479,386.639,220.33,9270.94,0.466093,0,0.187618
696.75,0.994361,297.789,294.261,293.778,238.967,205.847,277.89,640.867,386.639,220.33,9270.94,0.468356,0,0
697.25,0.994822,297.805,294.271,293.788,238.962,206.182,277.368,641.24,386.639,220.33,9270.94,0.470611,0,0
697.75,0.995262,297.822,294.26,293.777,238.967,206.638,276.899,641.596,386.639,220.33,9270.94,0.469907,0,0.28635
698.25,0.995684,297.818,294.27,293.787,238.962,207.33,277.271,641.937,386.995,220.296,12021.5,0.472147,0,0
698.75,0.996085,297.834,294.28,293.797,238.958,207.61,276.738,642.262,386.995,220.296,12021.5,0.474381,0,0
699.25,0.996467,297.85,294.29,293.807,238.954,208.038,276.268,642.571,386.995,220.296,12021.5,0.476605,0,0
699.75,0.99683,297.867,294.279,293.796,238.962,208.482,275.806,642.864,386.995,220.296,12021.5,0.474354,0,0.401892
700.25,0.997173,297.86,294.29,293.807,238.985,208.96,276.654,643.142,387.486,220.247,7026.68,0.476575,0,0.896046
700.75,0.997496,297.876,294.3,293.817,239.019,209.19,276.107,643.404,387.486,220.247,9270.94,0.478789,0,1.26551
701.25,0.9978,297.892,294.31,293.827,239.012,209.582,275.628,643.649,387.486,220.247,9270.94,0.480995,0,0
701.75,0.998084,297.908,294.313,293.83,239.013,209.992,275.159,643.879,387.486,220.247,9270.94,0.467827,0,0.233416
702.25,0.998348,297.877,294.322,293.839,239.007,207.909,279.079,644.093,386.72,220.751,9270.94,0.470097,0,0
702.75,0.998593,297.89,294.332,293.849,239.001,207.92,278.408,644.291,386.72,220.751,9270.94,0.472363,0,0
703.25,0.998818,297.905,294.331,293.847,239.004,208.256,277.874,644.473,386.72,220.751,9270.94,0.470934,0,0.314532
703.75,0.999024,297.903,294.34,293.857,238.998,208.325,278.401,644.64,386.72,220.751,9270.94,0.473198,0,0
704.25,0.99921,297.921,294.349,293.866,238.993,208.816,277.925,644.79,387.325,220.622,9270.94,0.475457,0,0
704.75,0.999376,297.935,294.358,293.875,238.987,209.21,277.413,644.925,387.325,220.622,9270.94,0.477708,0,0
705.25,0.999523,297.95,294.352,293.869,238.995,209.592,276.898,645.044,387.325,220.622,9270.94,0.475067,0,0.422498
705.75,0.99965,297.941,294.361,293.878,238.996,209.598,277.761,645.146,387.325,220.622,9270.94,0.477319,0,0.209563
706.25,0.999758,297.956,294.371,293.887,238.99,209.83,277.184,645.233,387.484,220.602,9270.94,0.479565,0,0
706.75,0.999845,297.97,294.38,293.896,238.985,210.167,276.65,645.304,387.484,220.602,9270.94,0.481803,0,0
707.25,0.999913,297.984,294.376,293.893,238.984,210.513,276.121,645.36,387.484,220.602,9270.94,0.463582,0,0.123991
707.75,0.999962,297.94,294.385,293.901,238.98,207.996,281.617,645.399,387.484,220.602,9270.94,0.465905,0,0.0394033
708.25,0.999991,297.952,294.377,293.894,238.981,207.92,280.871,645.422,387.673,220.341,9270.94,0.466292,0,0.211405
