hour,mu0,ground_k,air_k,air_300m_k,column_mean_k,sensible_w_m2,latent_w_m2,sw_ground_w_m2,lw_down_w_m2,olr_w_m2,mixed_layer_m,rh_ground,dew_kg_m2,condensed_kg_m2
0.25,0.999998,296.114,294.097,293.614,238.939,190.293,254.093,645.428,385.96,219.373,9270.94,0.47555,0,0.0245907
0.75,0.999978,296.125,294.103,293.621,238.936,190.761,253.469,645.412,385.96,219.373,9270.94,0.477709,0,0.0205307
1.25,0.999939,296.135,294.106,293.624,238.945,191.157,252.829,645.38,385.96,219.373,9270.94,0.474729,0,0.429428
1.75,0.99988,296.133,294.112,293.63,238.969,190.741,253.911,645.332,385.96,219.373,7026.68,0.476895,0,0.937802
2.25,0.999801,296.141,294.118,293.636,238.963,190.943,253.209,645.269,385.815,219.637,7026.68,0.479057,0,0
2.75,0.999703,296.15,294.124,293.641,238.958,191.269,252.543,645.189,385.815,219.637,9270.94,0.48121,0,0
3.25,0.999585,296.159,294.124,293.641,238.96,191.599,251.882,645.094,385.815,219.637,9270.94,0.468165,0,0.23871
3.75,0.999447,296.136,294.129,293.647,238.955,189.506,256.362,644.983,385.815,219.637,9270.94,0.470379,0,0
4.25,0.99929,296.145,294.135,293.652,238.95,189.646,255.619,644.855,386.03,219.454,9270.94,0.472583,0,0
4.75,0.999113,296.153,294.139,293.657,238.955,189.923,254.918,644.712,386.03,219.454,9270.94,0.470865,0,0.308314
5.25,0.998917,296.154,294.145,293.662,238.95,189.577,255.554,644.553,386.03,219.454,9270.94,0.473068,0,0
5.75,0.998701,296.162,294.15,293.667,238.945,189.807,254.836,644.379,386.03,219.454,9270.94,0.475265,0,0
6.25,0.998465,296.172,294.155,293.672,238.941,190.299,254.191,644.188,386.539,219.377,9270.94,0.477453,0,0
6.75,0.99821,296.18,294.154,293.671,238.949,190.603,253.499,643.981,386.539,219.377,9270.94,0.474673,0,0.406559
7.25,0.997935,296.174,294.159,293.676,238.971,190.2,254.452,643.759,386.539,219.377,7026.68,0.476866,0,0.865515
7.75,0.997641,296.181,294.164,293.681,239.005,190.354,253.714,643.521,386.539,219.377,9270.94,0.479051,0,1.26516
8.25,0.997327,296.186,294.169,293.686,238.998,190.333,252.925,643.266,385.871,219.965,9270.94,0.481237,0,0
8.75,0.996993,296.193,294.173,293.691,238.991,190.567,252.206,642.996,385.871,219.965,9270.94,0.483412,0,0
9.25,0.99664,296.2,294.171,293.688,238.994,190.817,251.494,642.711,385.871,219.965,9270.94,0.469992,0,0.286573
9.75,0.996267,296.173,294.175,293.692,238.987,188.599,256.064,642.409,385.871,219.965,9270.94,0.472231,0,0
10.25,0.995874,296.179,294.179,293.696,238.981,188.608,255.254,642.091,385.992,219.773,9270.94,0.474459,0,0
10.75,0.995462,296.186,294.183,293.7,238.975,188.802,254.501,641.758,385.992,219.773,9270.94,0.476678,0,0
11.25,0.995031,296.192,294.175,293.693,238.981,189.016,253.756,641.409,385.992,219.773,9270.94,0.474302,0,0.397633
11.75,0.994579,296.18,294.18,293.697,238.975,188.746,254.494,641.044,385.992,219.773,9270.94,0.476519,0,0
12.25,0.994109,296.188,294.184,293.701,238.97,188.949,253.746,640.663,386.358,219.693,9270.94,0.47873,0,0
12.75,0.993619,296.194,294.188,293.705,238.964,189.142,252.998,640.266,386.358,219.693,9270.94,0.480931,0,0
13.25,0.993109,296.199,294.192,293.709,238.959,189.334,252.252,639.854,386.358,219.693,9270.94,0.483122,0,0
13.75,0.99258,296.205,294.189,293.706,238.97,189.523,251.508,639.425,386.358,219.693,9270.94,0.479014,0,0.519281
14.25,0.992031,296.195,294.192,293.71,238.971,188.926,252.9,638.981,386.631,219.661,9270.94,0.481216,0,0.226784
14.75,0.991463,296.2,294.196,293.713,238.966,188.967,252.109,638.522,386.631,219.661,9270.94,0.483411,0,0
15.25,0.990875,296.206,294.2,293.717,238.96,189.116,251.35,638.046,386.631,219.661,9270.94,0.485597,0,0
15.75,0.990268,296.211,294.204,293.721,238.955,189.272,250.595,637.555,386.631,219.661,9270.94,0.487773,0,0
16.25,0.989641,296.218,294.188,293.706,238.959,189.614,249.886,637.048,387.066,219.537,9270.94,0.468735,0,0.266499
16.75,0.988995,296.169,294.191,293.708,238.954,186.65,256.261,636.525,387.066,219.537,9270.94,0.471005,0,0.0348777
17.25,0.988329,296.172,294.194,293.711,238.95,186.342,255.335,635.987,387.066,219.537,9270.94,0.473271,0,0.0154732
17.75,0.987644,296.176,294.197,293.714,238.946,186.411,254.514,635.432,387.066,219.537,9270.94,0.475527,0,0.0299524
18.25,0.98694,296.18,294.18,293.698,238.954,186.456,253.692,634.862,386.924,219.339,9270.94,0.473704,0,0.400077
18.75,0.986216,296.16,294.184,293.701,238.978,186.349,254.137,634.277,386.924,219.339,7026.68,0.475942,0,0.957041
19.25,0.985473,296.164,294.187,293.704,238.972,186.244,253.286,633.675,386.924,219.339,7026.68,0.478173,0,0
19.75,0.984711,296.168,294.19,293.707,238.967,186.308,252.483,633.059,386.924,219.339,9270.94,0.480394,0,0
20.25,0.983929,296.171,294.183,293.7,238.968,186.3,251.658,632.426,386.695,219.558,9270.94,0.467775,0,0.229778
20.75,0.983128,296.14,294.186,293.703,238.963,184.114,255.862,631.778,386.695,219.558,9270.94,0.470058,0,0
21.25,0.982307,296.142,294.188,293.705,238.957,183.903,254.951,631.114,386.695,219.558,9270.94,0.472335,0,0
21.75,0.981467,296.145,294.187,293.705,238.962,183.939,254.11,630.434,386.695,219.558,9270.94,0.470845,0,0.308944
22.25,0.980608,296.138,294.19,293.707,238.956,183.375,254.531,629.739,386.561,219.433,9270.94,0.473114,0,0.00912353
22.75,0.97973,296.141,294.192,293.709,238.952,183.355,253.678,629.028,386.561,219.433,9270.94,0.475375,0,0.00911508
23.25,0.978832,296.144,294.195,293.712,238.947,183.404,252.847,628.302,386.561,219.433,9270.94,0.477627,0,0.00874999
23.75,0.977916,296.147,294.192,293.709,238.955,183.458,252.02,627.56,386.561,219.433,12021.5,0.474905,0,0.422228
24.25,0.97698,296.138,294.194,293.711,238.977,182.939,252.891,626.803,386.89,219.381,7026.68,0.477163,0,0.877051
24.75,0.976024,296.14,294.196,293.713,239.01,182.886,252.028,626.03,386.89,219.381,9270.94,0.479413,0,1.27183
25.25,0.97505,296.143,294.198,293.715,239.003,182.913,251.19,625.242,386.89,219.381,9270.94,0.481654,0,0
25.75,0.974056,296.145,294.2,293.717,238.996,182.945,250.356,624.438,386.89,219.381,9270.94,0.483885,0,0
26.25,0.973044,296.145,294.197,293.714,238.998,182.843,249.477,623.618,386.54,219.837,9270.94,0.470461,0,0.29916
26.75,0.972012,296.115,294.198,293.715,238.991,180.312,253.965,622.783,386.54,219.837,9270.94,0.472768,0,0
27.25,0.970961,296.115,294.199,293.716,238.985,180.077,253.013,621.933,386.54,219.837,9270.94,0.475072,0,0
27.75,0.969891,296.116,294.199,293.717,238.978,180.061,252.124,621.067,386.54,219.837,9270.94,0.477366,0,0
28.25,0.968802,296.117,294.194,293.711,238.985,180.087,251.249,620.186,386.592,219.637,9270.94,0.474808,0,0.411155
28.75,0.967694,296.104,294.195,293.712,238.978,179.43,251.985,619.29,386.592,219.637,9270.94,0.477098,0,0
29.25,0.966567,296.104,294.195,293.712,238.972,179.31,251.072,618.378,386.592,219.637,9270.94,0.479381,0,0
29.75,0.965421,296.105,294.196,293.713,238.966,179.286,250.188,617.45,386.592,219.637,9270.94,0.481654,0,0
30.25,0.964255,296.107,294.197,293.714,238.96,179.399,249.342,616.508,386.899,219.547,9270.94,0.483919,0,0
30.75,0.963071,296.107,294.196,293.713,238.971,179.393,248.468,615.55,386.899,219.547,9270.94,0.479607,0,0.534628
31.25,0.961869,296.095,294.197,293.714,238.972,178.277,249.838,614.576,386.899,219.547,9270.94,0.481882,0,0.22925
31.75,0.960647,296.095,294.197,293.714,238.966,178.148,248.92,613.588,386.899,219.547,9270.94,0.484155,0,0
32.25,0.959406,296.094,294.197,293.714,238.961,178.06,248.009,612.584,386.786,219.541,9270.94,0.48642,0,0
32.75,0.958146,296.093,294.197,293.714,238.955,178.012,247.117,611.564,386.786,219.541,9270.94,0.488677,0,0
33.25,0.956868,296.093,294.185,293.702,238.958,177.965,246.227,610.53,386.786,219.541,9270.94,0.469482,0,0.28783
33.75,0.955571,296.044,294.184,293.701,238.954,174.562,252.592,609.48,386.786,219.541,9270.94,0.471826,0,0.0342034
34.25,0.954255,296.041,294.184,293.701,238.949,174.026,251.523,608.416,386.617,219.319,9270.94,0.474157,0,0.0173005
34.75,0.95292,296.039,294.183,293.7,238.945,173.887,250.572,607.336,386.617,219.319,9270.94,0.476479,0,0.0297695
35.25,0.951567,296.037,294.171,293.688,238.952,173.79,249.636,606.241,386.617,219.319,9270.94,0.474349,0,0.417523
35.75,0.950195,296.018,294.17,293.687,238.976,173.231,250.138,605.13,386.617,219.319,7026.68,0.476668,0,0.949422
36.25,0.948804,296.015,294.169,293.686,238.97,172.867,249.124,604.005,386.312,219.547,7026.68,0.478984,0,0
36.75,0.947394,296.013,294.168,293.686,238.964,172.738,248.178,602.865,386.312,219.547,9270.94,0.481291,0,0
37.25,0.945966,296.011,294.166,293.683,238.965,172.631,247.24,601.709,386.312,219.547,9270.94,0.468455,0,0.246645
37.75,0.94452,295.98,294.165,293.682,238.959,169.988,251.472,600.539,386.312,219.547,9270.94,0.470811,0,0
38.25,0.943054,295.977,294.163,293.68,238.954,169.689,250.447,599.353,386.406,219.335,9270.94,0.473166,0,0.000618865
38.75,0.941571,295.974,294.161,293.679,238.948,169.547,249.473,598.152,386.406,219.335,9270.94,0.475512,0,0.0166932
39.25,0.940068,295.971,294.142,293.66,238.955,169.422,248.506,596.937,386.406,219.335,9270.94,0.473824,0,0.389857
39.75,0.938548,295.947,294.141,293.658,238.95,169.034,248.792,595.707,386.406,219.335,9270.94,0.47616,0,0.0126297
40.25,0.937009,295.944,294.139,293.656,238.944,168.806,247.801,594.461,386.63,219.251,9270.94,0.478491,0,0.00732262
40.75,0.935451,295.941,294.138,293.655,238.939,168.645,246.832,593.201,386.63,219.251,9270.94,0.480812,0,0.0105209
41.25,0.933875,295.938,294.136,293.653,238.934,168.49,245.868,591.926,386.63,219.251,9270.94,0.483124,0,0.00799524
41.75,0.932281,295.935,294.131,293.649,238.946,168.335,244.908,590.636,386.63,219.251,9270.94,0.479174,0,0.530678
42.25,0.930668,295.918,294.129,293.646,238.967,167.255,246.079,589.331,386.788,219.219,7026.68,0.481497,0,0.884843
42.75,0.929037,295.914,294.127,293.644,239,166.985,245.078,588.011,386.788,219.219,7026.68,0.483814,0,1.26639
43.25,0.927388,295.91,294.125,293.642,238.992,166.801,244.103,586.677,386.788,219.219,9270.94,0.486121,0,0
43.75,0.925721,295.906,294.123,293.64,238.985,166.622,243.132,585.328,386.788,219.219,9270.94,0.488418,0,0
44.25,0.924035,295.9,294.12,293.637,238.978,166.274,242.106,583.964,386.35,219.654,9270.94,0.490721,0,0
44.75,0.922331,295.895,294.104,293.621,238.985,166.08,241.125,582.585,386.35,219.654,9270.94,0.476359,0,0.448258
45.25,0.92061,295.849,294.101,293.618,238.977,163.396,245.731,581.192,386.35,219.654,9270.94,0.478721,0,0
45.75,0.91887,295.843,294.098,293.615,238.97,162.863,244.627,579.805,386.35,219.654,9270.94,0.481079,0,0
46.25,0.917112,295.837,294.094,293.612,238.964,162.54,243.581,578.416,386.147,219.475,9270.94,0.48342,0,0
46.75,0.915336,295.832,294.091,293.608,238.957,162.317,242.573,577.012,386.147,219.475,9270.94,0.485752,0,0
47.25,0.913542,295.826,294.088,293.605,238.951,162.109,241.572,575.594,386.147,219.475,9270.94,0.488074,0,0
47.75,0.91173,295.821,294.08,293.597,238.964,161.901,240.575,574.161,386.147,219.475,9270.94,0.483073,0,0.619223
48.25,0.9099,295.798,294.076,293.594,238.961,160.579,242.04,572.715,386.185,219.433,9270.94,0.48541,0,0.133026
48.75,0.908052,295.792,294.073,293.59,238.955,160.222,240.992,571.254,386.185,219.433,9270.94,0.487741,0,0
49.25,0.906187,295.786,294.069,293.586,238.949,159.979,239.978,569.78,386.185,219.433,9270.94,0.490062,0,0
49.75,0.904303,295.78,294.065,293.583,238.944,159.744,238.97,568.291,386.185,219.433,9270.94,0.492373,0,0.0422151
50.25,0.902402,295.775,294.061,293.579,238.938,159.642,237.991,566.788,386.478,219.26,9270.94,0.494681,0,0.0130862
50.75,0.900483,295.769,294.057,293.575,238.934,159.416,236.988,565.271,386.478,219.26,9270.94,0.49698,0,0.0353513
51.25,0.898547,295.762,294.041,293.559,238.942,159.176,235.985,563.74,386.478,219.26,9270.94,0.476309,0,0.461444
51.75,0.896592,295.704,294.036,293.554,238.965,155.35,242.691,562.195,386.478,219.26,7026.68,0.478698,0,0.922533
52.25,0.89462,295.691,294.032,293.549,238.958,154.272,241.409,560.637,385.539,219.356,7026.68,0.481077,0,0
52.75,0.892631,295.683,294.027,293.544,238.951,153.902,240.33,559.064,385.539,219.356,7026.68,0.483446,0,0
53.25,0.890624,295.675,294.022,293.539,238.945,153.602,239.273,557.478,385.539,219.356,7026.68,0.485805,0,0
53.75,0.8886,295.668,294.017,293.535,238.939,153.316,238.224,555.877,385.539,219.356,9270.94,0.488155,0,0
54.25,0.886558,295.662,294.004,293.522,238.945,153.27,237.237,554.263,386.094,219.154,9270.94,0.474685,0,0.402512
54.75,0.884498,295.619,293.999,293.516,238.939,150.533,241.5,552.635,386.094,219.154,9270.94,0.477094,0,0
55.25,0.882422,295.61,293.993,293.511,238.933,149.958,240.341,550.994,386.094,219.154,9270.94,0.479498,0,0
55.75,0.880328,295.601,293.987,293.505,238.927,149.626,239.252,549.338,386.094,219.154,9270.94,0.481892,0,0
56.25,0.878216,295.591,293.982,293.499,238.921,149.255,238.156,547.669,385.942,218.978,9270.94,0.48427,0,0.00196407
56.75,0.876088,295.583,293.976,293.494,238.916,148.942,237.084,545.987,385.942,218.978,9270.94,0.486639,0,0.0158114
57.25,0.873942,295.574,293.963,293.481,238.929,148.632,236.018,544.29,385.942,218.978,9270.94,0.482196,0,0.5982
57.75,0.871779,295.547,293.958,293.475,238.949,147.349,237.204,542.581,385.942,218.978,7026.68,0.484575,0,0.831094
58.25,0.869599,295.535,293.952,293.469,238.982,146.679,236.028,540.857,385.457,219.184,7026.68,0.48695,0,1.2855
58.75,0.867401,295.525,293.945,293.463,238.974,146.312,234.939,539.12,385.457,219.184,7026.68,0.489316,0,0
59.25,0.865187,295.516,293.939,293.457,238.966,145.97,233.862,537.37,385.457,219.184,7026.68,0.491672,0,0
59.75,0.862956,295.506,293.933,293.451,238.958,145.63,232.79,535.606,385.457,219.184,9270.94,0.494018,0,0
60.25,0.860708,295.496,293.927,293.444,238.951,145.285,231.71,533.829,385.427,219.342,9270.94,0.496366,0,0
60.75,0.858443,295.486,293.92,293.438,238.944,144.943,230.636,532.038,385.427,219.342,9270.94,0.498704,0,0
61.25,0.856161,295.476,293.905,293.422,238.956,144.595,229.564,530.235,385.427,219.342,9270.94,0.483123,0,0.613173
61.75,0.853862,295.426,293.898,293.415,238.949,141.446,234.467,528.417,385.427,219.342,9270.94,0.485524,0,0
62.25,0.851546,295.412,293.891,293.408,238.941,140.586,233.22,526.587,385.031,219.205,9270.94,0.487916,0,0
62.75,0.849214,295.401,293.883,293.401,238.935,140.147,232.097,524.743,385.031,219.205,9270.94,0.490297,0,0
63.25,0.846865,295.39,293.876,293.394,238.928,139.749,230.988,522.886,385.031,219.205,9270.94,0.492669,0,0
63.75,0.844499,295.378,293.869,293.386,238.922,139.359,229.886,521.016,385.031,219.205,9270.94,0.495031,0,0
64.25,0.842117,295.369,293.861,293.379,238.915,139.182,228.84,519.133,385.525,218.998,9270.94,0.497389,0,0
64.75,0.839718,295.358,293.854,293.372,238.909,138.812,227.748,517.237,385.525,218.998,9270.94,0.499736,0,0
65.25,0.837303,295.347,293.847,293.364,238.904,138.42,226.655,515.328,385.525,218.998,9270.94,0.502073,0,0.00812863
65.75,0.834871,295.335,293.835,293.353,238.926,138.02,225.564,513.405,385.525,218.998,5273.21,0.493947,0,0.882998
66.25,0.832423,295.3,293.828,293.345,238.923,135.829,227.923,511.47,385.222,219.027,9270.94,0.496311,0,0.131175
66.75,0.829959,295.287,293.82,293.337,238.916,135.216,226.758,509.522,385.222,219.027,9270.94,0.498671,0,0
67.25,0.827478,295.275,293.812,293.329,238.91,134.764,225.64,507.561,385.222,219.027,9270.94,0.501021,0,0
67.75,0.824981,295.262,293.804,293.321,238.905,134.325,224.53,505.587,385.222,219.027,9270.94,0.503361,0,0.0347329
68.25,0.822467,295.25,293.795,293.313,238.9,133.982,223.436,503.6,385.414,218.842,9270.94,0.505698,0,0.016222
68.75,0.819938,295.238,293.787,293.305,238.895,133.551,222.332,501.601,385.414,218.842,9270.94,0.508026,0,0.0299692
69.25,0.817392,295.225,293.779,293.297,238.89,133.109,221.229,499.589,385.414,218.842,9270.94,0.510344,0,0.0180308
69.75,0.814831,295.212,293.771,293.288,238.886,132.66,220.128,497.564,385.414,218.842,9270.94,0.512653,0,0.0265556
70.25,0.812253,295.2,293.759,293.277,238.904,132.306,219.053,495.526,385.648,218.699,9270.94,0.48907,0,0.774841
70.75,0.80966,295.137,293.75,293.268,238.922,127.613,226.578,493.476,385.648,218.699,7026.68,0.491481,0,0.766034
71.25,0.80705,295.121,293.74,293.258,238.915,126.741,225.305,491.413,385.648,218.699,7026.68,0.493896,0,0
71.75,0.804425,295.106,293.73,293.248,238.908,126.213,224.129,489.338,385.648,218.699,7026.68,0.4963,0,0.00121546
72.25,0.801784,295.087,293.721,293.239,238.902,125.306,222.852,487.25,384.642,218.782,7026.68,0.498687,0,0.0166306
72.75,0.799127,295.073,293.711,293.229,238.896,124.787,221.693,485.177,384.642,218.782,7026.68,0.501065,0,0.00581781
73.25,0.796454,295.058,293.702,293.22,238.89,124.327,220.554,483.147,384.642,218.782,7026.68,0.503432,0,0.0127081
73.75,0.793766,295.044,293.692,293.21,238.885,123.871,219.421,481.105,384.642,218.782,9270.94,0.50579,0,0.00767486
74.25,0.791062,295.032,293.682,293.2,238.879,123.591,218.333,479.051,385.05,218.598,9270.94,0.508143,0,0.0106922
74.75,0.788343,295.017,293.673,293.191,238.874,123.148,217.21,476.986,385.05,218.598,9270.94,0.510485,0,0.00829067
75.25,0.785608,295.003,293.655,293.173,238.895,122.686,216.086,474.908,385.05,218.598,9270.94,0.492542,0,0.847064
75.75,0.782857,294.944,293.644,293.162,238.91,119.047,221.642,472.819,385.05,218.598,7026.68,0.494955,0,0.691468
76.25,0.780092,294.923,293.634,293.152,238.944,117.767,220.256,470.719,384,218.741,7026.68,0.497361,0,1.33397
76.75,0.777311,294.907,293.623,293.141,238.936,117.18,219.066,468.606,384,218.741,7026.68,0.499757,0,0
77.25,0.774514,294.891,293.613,293.131,238.928,116.662,217.9,466.482,384,218.741,7026.68,0.502143,0,0
77.75,0.771703,294.875,293.602,293.12,238.92,116.156,216.741,464.347,384,218.741,7026.68,0.504518,0,0
78.25,0.768876,294.858,293.591,293.109,238.912,115.594,215.562,462.2,383.829,218.893,7026.68,0.506897,0,0
78.75,0.766034,294.842,293.58,293.098,238.905,115.088,214.404,460.041,383.829,218.893,7026.68,0.509265,0,0
79.25,0.763178,294.826,293.569,293.087,238.898,114.584,213.252,457.871,383.829,218.893,7026.68,0.511623,0,0
79.75,0.760306,294.81,293.558,293.076,238.891,114.074,212.104,455.69,383.829,218.893,7026.68,0.513971,0,0
80.25,0.757419,294.795,293.547,293.065,238.884,113.707,210.992,453.497,384.168,218.682,9270.94,0.516314,0,0
80.75,0.754517,294.778,293.536,293.054,238.878,113.202,209.851,451.293,384.168,218.682,9270.94,0.518647,0,0.020481
81.25,0.751601,294.762,293.533,293.051,238.874,112.678,208.71,449.078,384.168,218.682,9270.94,0.520451,0,0.0508658
81.75,0.74867,294.751,293.529,293.047,238.899,111.873,207.786,446.852,384.168,218.682,5273.21,0.500155,0,1.01865
82.25,0.745724,294.695,293.517,293.035,238.892,107.165,214.061,444.614,383.406,218.697,9270.94,0.502562,0,0
82.75,0.742763,294.676,293.504,293.023,238.886,106.317,212.786,442.365,383.406,218.697,9270.94,0.50497,0,0.0246794
83.25,0.739788,294.658,293.492,293.01,238.88,105.733,211.586,440.106,383.406,218.697,9270.94,0.507368,0,0.0249409
83.75,0.736798,294.64,293.48,292.998,238.874,105.172,210.398,437.835,383.406,218.697,9270.94,0.509755,0,0.0237033
84.25,0.733794,294.622,293.467,292.986,238.868,104.688,209.221,435.553,383.534,218.465,9270.94,0.51214,0,0.0236402
84.75,0.730775,294.604,293.455,292.973,238.863,104.139,208.041,433.26,383.534,218.465,9270.94,0.514514,0,0.0227122
85.25,0.727742,294.586,293.442,292.961,238.857,103.581,206.865,430.956,383.534,218.465,9270.94,0.516878,0,0.0224945
85.75,0.724695,294.567,293.43,292.948,238.853,103.017,205.693,428.642,383.534,218.465,9270.94,0.519232,0,0.05111
86.25,0.721633,294.55,293.428,292.947,238.849,102.541,204.544,426.316,383.743,218.31,9270.94,0.520833,0,0.0775197
86.75,0.718558,294.539,293.437,292.956,238.847,101.586,203.682,423.98,383.743,218.31,9270.94,0.521753,0,0.0924004
87.25,0.715468,294.535,293.448,292.967,238.842,100.343,203.113,421.633,383.743,218.31,9270.94,0.523853,0,0.0203597
87.75,0.712364,294.536,293.438,292.956,238.841,99.3243,202.184,419.276,383.743,218.31,9270.94,0.524652,0,0.14014
88.25,0.709246,294.518,293.448,292.966,238.836,98.7373,201.605,416.907,383.951,218.242,9270.94,0.526758,0,0.0193157
88.75,0.706114,294.517,293.441,292.96,238.861,97.6289,200.641,414.529,383.951,218.242,5273.21,0.498959,0,1.00216
89.25,0.702968,294.448,293.425,292.944,238.875,92.1364,209.411,412.139,383.951,218.242,7026.68,0.50145,0,0.646655
89.75,0.699809,294.425,293.409,292.927,238.868,91.2298,208.048,409.739,383.951,218.242,7026.68,0.503946,0,0
90.25,0.696636,294.398,293.393,292.911,238.861,90.1669,206.648,407.329,382.822,218.344,7026.68,0.506422,0,0
90.75,0.693449,294.376,293.377,292.896,238.854,89.5408,205.381,404.908,382.822,218.344,7026.68,0.508886,0,0
91.25,0.690248,294.354,293.361,292.88,238.848,88.9558,204.132,402.477,382.822,218.344,7026.68,0.511339,0,0.00173355
91.75,0.687034,294.332,293.346,292.864,238.842,88.3713,202.89,400.036,382.822,218.344,7026.68,0.513781,0,0.013952
92.25,0.683806,294.311,293.33,292.848,238.836,87.8982,201.677,397.584,383.077,218.138,7026.68,0.516217,0,0.0054131
92.75,0.680565,294.289,293.314,292.833,238.831,87.316,200.446,395.123,383.077,218.138,7026.68,0.518641,0,0.0293088
93.25,0.677311,294.267,293.306,292.824,238.827,86.7172,199.217,392.651,383.077,218.138,7026.68,0.520582,0,0.0575501
93.75,0.674043,294.25,293.309,292.828,238.824,85.8643,198.181,390.169,383.077,218.138,7026.68,0.521695,0,0.0783698
94.25,0.670762,294.242,293.315,292.834,238.819,84.7332,197.503,387.677,383.299,217.996,9270.94,0.523918,0,0.00731161
94.75,0.667468,294.237,293.303,292.821,238.818,83.7283,196.48,385.175,383.299,217.996,9270.94,0.524772,0,0.161097
95.25,0.664161,294.216,293.308,292.826,238.817,82.9603,195.826,382.662,383.299,217.996,9270.94,0.526995,0,0.140045
95.75,0.66084,294.21,293.304,292.823,238.813,81.8685,194.772,380.14,383.299,217.996,9270.94,0.515738,0,0.0353089
96.25,0.657507,294.173,293.286,292.805,238.809,78.8881,198.078,377.609,383.273,217.86,9270.94,0.518205,0,0.0339747
96.75,0.654161,294.149,293.273,292.791,238.807,78.222,196.788,375.067,383.273,217.86,9270.94,0.52039,0,0.110227
97.25,0.650802,294.127,293.273,292.792,238.805,77.4753,195.635,372.516,383.273,217.86,9270.94,0.521642,0,0.106849
97.75,0.64743,294.116,293.276,292.794,238.819,76.3229,194.872,370.07,383.273,217.86,9270.94,0.52393,0,0.616035
98.25,0.644045,294.108,293.258,292.776,238.814,75.3125,193.779,367.652,383.05,217.926,9270.94,0.517569,0,0.0237596
98.75,0.640648,294.068,293.239,292.757,238.81,73.5005,195.429,365.225,383.05,217.926,9270.94,0.520057,0,0.0678479
99.25,0.637238,294.043,293.236,292.754,238.807,72.8708,194.137,362.789,383.05,217.926,9270.94,0.521482,0,0.0880549
99.75,0.633816,294.029,293.237,292.755,238.802,71.7798,193.29,360.343,383.05,217.926,9270.94,0.523814,0,0.0248067
100.25,0.630381,294.022,293.221,292.74,238.801,70.9032,192.208,357.889,383.179,217.759,9270.94,0.524795,0,0.142075
100.75,0.626934,293.998,293.222,292.741,238.797,70.1946,191.496,355.426,383.179,217.759,9270.94,0.527122,0,0.0233706
101.25,0.623474,293.989,293.222,292.741,238.792,69.2034,190.385,352.955,383.179,217.759,9270.94,0.529446,0,0.0218269
101.75,0.620002,293.98,293.206,292.725,238.794,68.3374,189.306,350.474,383.179,217.759,9270.94,0.529206,0,0.214292
102.25,0.616518,293.953,293.206,292.725,238.804,67.4378,188.982,347.985,383.164,217.708,9270.94,0.531533,0,0.500544
102.75,0.613022,293.943,293.205,292.724,238.825,66.4415,187.857,345.487,383.164,217.708,7026.68,0.533859,0,0.863363
103.25,0.609514,293.933,293.202,292.72,238.822,65.5802,186.769,342.981,383.164,217.708,7026.68,0.525042,0,0.12789
103.75,0.605994,293.899,293.2,292.718,238.816,62.983,189.261,340.466,383.164,217.708,7026.68,0.527403,0,0.00517912
104.25,0.602462,293.885,293.197,292.716,238.809,61.7542,188.02,337.942,382.626,217.889,7026.68,0.529799,0,0.00505148
104.75,0.598918,293.873,293.181,292.7,238.809,60.8862,186.882,335.41,382.626,217.889,7026.68,0.529495,0,0.201392
105.25,0.595363,293.846,293.178,292.697,238.803,59.9085,186.568,332.87,382.626,217.889,7026.68,0.531893,0,0.00484289
105.75,0.591795,293.833,293.174,292.693,238.797,58.9558,185.399,330.321,382.626,217.889,7026.68,0.534288,0,0.00474573
106.25,0.588216,293.821,293.17,292.689,238.792,58.1571,184.265,327.764,382.695,217.767,7026.68,0.536682,0,0.00465067
106.75,0.584626,293.807,293.161,292.68,238.795,57.3429,183.129,325.199,382.695,217.767,7026.68,0.534687,0,0.286044
107.25,0.581024,293.782,293.156,292.675,238.79,55.9215,183.383,322.626,382.695,217.767,7026.68,0.537092,0,0.0195766
107.75,0.577411,293.768,293.151,292.67,238.785,55.015,182.207,320.044,382.695,217.767,7026.68,0.539499,0,0.0358326
108.25,0.573786,293.753,293.145,292.664,238.78,54.1497,181.037,317.454,382.57,217.669,9270.94,0.541905,0,0.0203864
108.75,0.57015,293.739,293.13,292.649,238.781,53.3368,179.883,314.856,382.57,217.669,9270.94,0.527864,0,0.20115
109.25,0.566503,293.685,293.123,292.642,238.791,50.0801,183.949,312.25,382.57,217.669,9270.94,0.53035,0,0.527918
109.75,0.562844,293.668,293.116,292.635,238.786,48.9602,182.652,309.637,382.57,217.669,9270.94,0.532844,0,0.00401748
110.25,0.559175,293.651,293.106,292.625,238.783,48.0104,181.406,307.015,382.312,217.618,9270.94,0.524758,0,0.120183
110.75,0.555494,293.612,293.098,292.617,238.778,45.5124,183.572,304.386,382.312,217.618,9270.94,0.527265,0,0.00383738
111.25,0.551803,293.594,293.089,292.608,238.772,44.5289,182.294,301.748,382.312,217.618,9270.94,0.529806,0,0.0117738
111.75,0.548101,293.577,293.072,292.59,238.773,43.7086,181.06,299.103,382.312,217.618,9270.94,0.529618,0,0.221132
112.25,0.544388,293.547,293.062,292.581,238.768,42.6624,180.659,296.45,382.293,217.482,9270.94,0.532156,0,0.0138985
112.75,0.540664,293.528,293.053,292.572,238.763,41.7606,179.401,293.79,382.293,217.482,9270.94,0.53469,0,0.0216248
113.25,0.53693,293.51,293.043,292.562,238.758,40.9515,178.168,291.122,382.293,217.482,9270.94,0.537217,0,0.0149409
113.75,0.533185,293.491,293.033,292.552,238.754,40.155,176.94,288.446,382.293,217.482,9270.94,0.539738,0,0.0336972
114.25,0.52943,293.473,293.014,292.533,238.76,39.4021,175.714,285.763,382.355,217.34,9270.94,0.537413,0,0.377405
114.75,0.525664,293.437,293.003,292.522,238.769,38.0358,175.988,283.073,382.355,217.34,9270.94,0.539951,0,0.453491
115.25,0.521888,293.417,292.992,292.511,238.79,37.1044,174.711,280.375,382.355,217.34,7026.68,0.542486,0,0.87458
115.75,0.518102,293.397,292.98,292.499,238.783,36.2902,173.467,277.67,382.355,217.34,7026.68,0.545015,0,0.0031591
116.25,0.514306,293.372,292.968,292.487,238.777,35.1266,172.117,274.958,381.466,217.603,7026.68,0.547549,0,0.00307743
116.75,0.510499,293.351,292.956,292.475,238.77,34.2956,170.863,272.238,381.466,217.603,7026.68,0.550077,0,0.00303481
117.25,0.506683,293.33,292.93,292.449,238.775,33.4973,169.619,269.511,381.466,217.603,7026.68,0.539264,0,0.353159
117.75,0.502856,293.272,292.916,292.436,238.768,30.8911,172.516,266.777,381.466,217.603,7026.68,0.541848,0,0.00292076
118.25,0.49902,293.247,292.903,292.422,238.762,29.6737,171.118,264.097,381.15,217.436,7026.68,0.54443,0,0.0028847
118.75,0.495173,293.226,292.889,292.408,238.756,28.9132,169.853,261.589,381.15,217.436,7026.68,0.547006,0,0.00282234
119.25,0.491318,293.204,292.875,292.395,238.75,28.2063,168.606,259.074,381.15,217.436,7026.68,0.549573,0,0.00279998
119.75,0.487452,293.182,292.861,292.38,238.745,27.5136,167.366,256.553,381.15,217.436,7026.68,0.552132,0,0.0434886
120.25,0.483577,293.161,292.847,292.366,238.74,26.8413,166.125,254.025,381.161,217.273,7026.68,0.554691,0,0.00705232
120.75,0.479692,293.139,292.832,292.352,238.735,26.1596,164.89,251.492,381.161,217.273,7026.68,0.557241,0,0.037698
121.25,0.475798,293.116,292.813,292.332,238.742,25.4769,163.657,248.952,381.161,217.273,7026.68,0.54092,0,0.383297
121.75,0.471895,293.053,292.797,292.316,238.749,21.9125,168.276,246.406,381.161,217.273,7026.68,0.543538,0,0.419749
122.25,0.467982,293.026,292.781,292.3,238.743,20.6928,166.837,243.854,380.686,217.23,7026.68,0.546173,0,0.0024483
122.75,0.46406,293.002,292.765,292.284,238.737,19.9342,165.537,241.296,380.686,217.23,7026.68,0.548799,0,0.00244817
123.25,0.460129,292.978,292.748,292.268,238.731,19.2289,164.255,238.732,380.686,217.23,7026.68,0.551417,0,0.00238137
123.75,0.456189,292.954,292.732,292.251,238.725,18.5374,162.981,236.163,380.686,217.23,7026.68,0.554027,0,0.00236014
124.25,0.45224,292.929,292.715,292.234,238.719,17.8515,161.702,233.587,380.663,217.054,7026.68,0.556634,0,0.00234512
124.75,0.448282,292.904,292.697,292.216,238.728,17.1683,160.433,231.006,380.663,217.054,7026.68,0.544781,0,0.443945
125.25,0.444315,292.85,292.679,292.198,238.733,14.2227,163.63,228.419,380.663,217.054,5273.21,0.547345,0,0.367197
125.75,0.44034,292.824,292.661,292.18,238.727,13.2977,162.255,225.826,380.663,217.054,7026.68,0.550011,0,0.0143751
126.25,0.436356,292.795,292.642,292.162,238.722,12.3728,160.873,223.227,380.154,217.029,7026.68,0.552669,0,0.0155285
126.75,0.432363,292.769,292.624,292.144,238.716,11.6547,159.563,220.623,380.154,217.029,7026.68,0.555318,0,0.0140764
127.25,0.428362,292.742,292.605,292.125,238.711,10.9635,158.263,218.014,380.154,217.029,7026.68,0.557958,0,0.0146461
127.75,0.424352,292.716,292.587,292.106,238.706,10.2766,156.968,215.399,380.154,217.029,7026.68,0.560589,0,0.0136727
128.25,0.420334,292.689,292.568,292.087,238.701,9.56132,155.66,212.778,380.062,216.867,7026.68,0.563218,0,0.0139329
128.75,0.416308,292.662,292.549,292.068,238.697,8.87249,154.368,210.152,380.062,216.867,7026.68,0.565838,0,0.0528894
129.25,0.412274,292.635,292.531,292.051,238.693,8.13413,153.114,207.521,380.062,216.867,7026.68,0.56834,0,0.0590299
129.75,0.408231,292.62,292.529,292.048,238.691,6.89214,152.218,204.884,380.062,216.867,7026.68,0.569731,0,0.0977547
130.25,0.404181,292.608,292.522,292.042,238.705,5.72476,151.122,202.243,379.931,216.763,7026.68,0.555036,0,0.613375
130.75,0.400122,292.541,292.501,292.021,238.708,2.79676,154.878,199.596,379.931,216.763,5273.21,0.557739,0,0.310303
131.25,0.396056,292.511,292.479,291.999,238.731,1.84457,153.421,196.944,379.931,216.763,5273.21,0.560443,0,0.926842
131.75,0.391982,292.482,292.458,291.978,238.724,1.15226,152.041,194.286,379.931,216.763,7026.68,0.563141,0,0.00186691
132.25,0.3879,292.447,292.436,291.956,238.717,0.0996693,150.445,191.624,378.889,216.983,7026.68,0.565938,0,0.00293778
132.75,0.383811,292.446,292.415,291.935,238.711,0.116226,147.53,188.957,378.889,216.983,7026.68,0.568438,0,0.0362278
133.25,0.379714,292.409,292.41,291.93,238.706,-0.274341,145.391,186.285,378.889,216.983,7026.68,0.574609,0,0.0527223
133.75,0.375609,292.407,292.408,291.928,238.7,0.131225,141.463,183.608,378.889,216.983,7026.68,0.576852,0,0.00176761
134.25,0.371497,292.379,292.39,291.912,238.697,-0.453235,140.577,180.926,378.836,216.831,7026.68,0.578182,0,0.094038
134.75,0.367378,292.385,292.387,291.909,238.691,-0.243566,136.971,178.24,378.836,216.831,7026.68,0.584467,0,0.00173002
135.25,0.363252,292.376,292.384,291.907,238.685,-0.195013,134.212,175.549,378.836,216.831,7026.68,0.586703,0,0.00171791
135.75,0.359119,292.385,292.368,291.891,238.684,-0.361061,132.431,172.853,378.836,216.831,7026.68,0.594368,0,0.146664
136.25,0.354978,292.399,292.367,291.888,238.681,-0.0982995,128.807,170.152,378.749,216.748,7026.68,0.600019,0,0.114968
136.75,0.350831,292.356,292.36,291.885,238.676,-0.532421,127.398,167.447,378.749,216.748,7026.68,0.600154,0,0.00165497
137.25,0.346676,292.331,292.341,291.87,238.673,-0.546033,125.47,164.973,378.749,216.748,7026.68,0.593229,0,0.0807197
137.75,0.342515,292.29,292.334,291.867,238.668,-0.973705,123.804,162.553,378.749,216.748,7026.68,0.592595,0,0.00347929
138.25,0.338347,292.276,292.338,291.864,238.663,-0.504029,119.857,160.13,378.696,216.601,7026.68,0.581331,0,0.0355687
138.75,0.334173,292.375,292.322,291.843,238.662,-0.385742,117.979,157.702,378.696,216.601,7026.68,0.609879,0,0.133612
139.25,0.329992,292.348,292.314,291.84,238.667,-0.764799,116.79,155.271,378.696,216.601,7026.68,0.612211,0,0.307171
139.75,0.325804,292.267,292.299,291.837,238.666,-1.11477,115.289,152.836,378.696,216.601,7026.68,0.607932,0,0.135574
140.25,0.32161,292.162,292.275,291.819,238.663,-1.41673,113.599,150.397,378.257,216.621,7026.68,0.591665,0,0.0995365
140.75,0.31741,292.161,292.28,291.816,238.658,-1.0261,109.339,147.955,378.257,216.621,7026.68,0.586601,0,0.00151959
141.25,0.313203,292.187,292.283,291.812,238.653,-0.891296,106.844,145.508,378.257,216.621,7026.68,0.583902,0,0.00149403
141.75,0.30899,292.342,292.278,291.8,238.652,-0.747938,104.819,143.059,378.257,216.621,7026.68,0.622963,0,0.139575
142.25,0.304771,292.278,292.264,291.797,238.648,-0.94619,103.556,140.606,378.199,216.58,7026.68,0.622501,0,0.023694
142.75,0.300547,292.214,292.249,291.793,238.644,-1.45464,102.29,138.149,378.199,216.58,7026.68,0.62197,0,0.0154089
143.25,0.296316,292.085,292.221,291.787,238.641,-2.39296,102.794,135.689,378.199,216.58,7026.68,0.606058,0,0.0600476
143.75,0.29208,292.052,292.207,291.777,238.656,-2.70571,99.9895,133.225,378.199,216.58,4016.82,0.607578,0,0.63525
144.25,0.287837,291.979,292.174,291.754,238.659,-3.05106,98.6903,130.759,377.803,216.452,5273.21,0.599509,0,0.284654
144.75,0.283589,292.112,292.178,291.732,238.654,-2.00043,92.13,128.288,377.803,216.452,7026.68,0.647388,0,0.00956542
145.25,0.279336,291.859,292.127,291.71,238.649,-2.98009,95.9609,125.815,377.803,216.452,7026.68,0.590867,0,0.012104
145.75,0.275077,291.983,292.119,291.688,238.644,-2.53432,90.0144,123.339,377.803,216.452,7026.68,0.643107,0,0.00979047
146.25,0.270813,292.106,292.127,291.666,238.639,-1.41926,83.1087,120.859,377.304,216.383,7026.68,0.67428,0,0.0199453
146.75,0.266543,291.778,292.073,291.649,238.636,-2.74532,89.3807,118.376,377.304,216.383,7026.68,0.588781,0,0.0600311
147.25,0.262268,291.874,292.064,291.644,238.631,-2.39737,83.282,115.89,377.304,216.383,7026.68,0.638498,0,0.0105736
147.75,0.257988,291.933,292.053,291.631,238.629,-2.20982,79.5494,113.401,377.304,216.383,7026.68,0.675783,0,0.0819413
148.25,0.253703,292.003,292.056,291.625,238.625,-1.57263,74.5466,110.91,377.069,216.301,7026.68,0.701889,0,0.0202136
148.75,0.249413,291.904,292.035,291.611,238.622,-2.14206,75.3408,108.454,377.069,216.301,7026.68,0.699943,0,0.0783979
149.25,0.245118,292.013,292.045,291.605,238.618,-1.17817,68.7142,106.241,377.069,216.301,7026.68,0.72889,0,0.0208759
149.75,0.240818,291.949,292.031,291.591,238.616,-1.52543,69.191,104.025,377.069,216.301,7026.68,0.728808,0,0.0784573
150.25,0.236513,291.95,292.024,291.585,238.616,-1.50882,66.3689,101.808,376.971,216.267,7026.68,0.739641,0,0.150598
150.75,0.232204,291.952,292.018,291.572,238.613,-1.35685,63.8506,99.5874,376.971,216.267,7026.68,0.748869,0,0.0271044
151.25,0.22789,291.886,291.985,291.551,238.61,-2.3519,73.5714,97.3648,376.971,216.267,7026.68,0.639688,0,0.0603789
151.75,0.223572,291.955,291.98,291.545,238.606,-1.91803,64.0795,95.1399,376.971,216.267,7026.68,0.67042,0,0.0252785
152.25,0.219249,291.942,291.971,291.528,238.604,-1.82908,61.681,92.9127,376.676,216.205,7026.68,0.688877,0,0.0643568
152.75,0.214922,291.951,291.966,291.522,238.601,-1.62996,58.158,90.6833,376.676,216.205,7026.68,0.704089,0,0.0438996
153.25,0.210591,291.952,291.961,291.508,238.599,-1.49639,55.4214,88.4517,376.676,216.205,7026.68,0.714967,0,0.0773216
153.75,0.206256,291.859,291.935,291.502,238.606,-2.17204,57.4476,86.218,376.676,216.205,7026.68,0.714471,0,0.353378
154.25,0.201916,291.863,291.921,291.489,238.602,-1.99333,52.5587,83.9822,376.269,216.215,7026.68,0.729844,0,0.0220132
154.75,0.197573,291.855,291.907,291.469,238.598,-1.84836,49.9421,81.7444,376.269,216.215,7026.68,0.736404,0,0.0234458
155.25,0.193226,291.823,291.888,291.448,238.595,-1.96348,48.6772,79.5045,376.269,216.215,7026.68,0.739688,0,0.03812
155.75,0.188875,291.775,291.864,291.436,238.592,-2.20944,47.8003,77.2628,376.269,216.215,7026.68,0.741766,0,0.0481102
156.25,0.18452,291.754,291.843,291.428,238.59,-2.1766,44.8701,75.0191,376.011,216.108,7026.68,0.745464,0,0.0454833
156.75,0.180162,291.706,291.818,291.419,238.587,-2.3727,43.9624,72.7735,376.011,216.108,7026.68,0.748907,0,0.0463192
157.25,0.1758,291.651,291.79,291.411,238.584,-2.62485,43.012,70.5261,376.011,216.108,7026.68,0.752976,0,0.0432281
157.75,0.171434,291.593,291.759,291.401,238.581,-2.87574,41.941,68.2769,376.011,216.108,7026.68,0.757409,0,0.0427479
158.25,0.167066,291.568,291.734,291.391,238.579,-2.6957,38.7346,66.222,375.634,215.989,7026.68,0.760382,0,0.0418965
158.75,0.162694,291.518,291.705,291.38,238.576,-2.85941,37.9805,64.2615,375.634,215.989,7026.68,0.763995,0,0.0439198
159.25,0.158318,291.463,291.674,291.369,238.574,-3.03866,37.0794,62.2996,375.634,215.989,7026.68,0.767787,0,0.0647707
159.75,0.15394,291.405,291.642,291.358,238.572,-3.22458,36.1366,60.3362,375.634,215.989,7026.68,0.771558,0,0.0457084
160.25,0.149559,291.334,291.605,291.347,238.569,-3.39138,35.0946,58.3715,375.179,215.878,7026.68,0.775294,0,0.0604233
160.75,0.145174,291.268,291.568,291.335,238.567,-3.59223,34.1322,56.4055,375.179,215.878,7026.68,0.778862,0,0.0480529
161.25,0.140787,291.202,291.53,291.323,238.565,-3.79574,33.2019,54.4382,375.179,215.878,7026.68,0.782273,0,0.0587929
161.75,0.136397,291.134,291.491,291.31,238.563,-4.00375,32.2958,52.4696,375.179,215.878,7026.68,0.785533,0,0.044722
162.25,0.132005,291.051,291.446,291.296,238.561,-4.14456,31.2824,50.4999,374.616,215.736,7026.68,0.788754,0,0.0549201
162.75,0.12761,290.975,291.402,291.281,238.558,-4.36546,30.3824,48.529,374.616,215.736,7026.68,0.79181,0,0.0444792
163.25,0.123212,290.898,291.356,291.266,238.556,-4.58709,29.5186,46.5569,374.616,215.736,7026.68,0.794747,0,0.0529868
163.75,0.118812,290.821,291.31,291.25,238.554,-4.81124,28.6765,44.5838,374.616,215.736,7026.68,0.79758,0,0.0447863
164.25,0.114409,290.727,291.258,291.233,238.568,-4.96667,27.7064,42.6097,373.959,215.573,4016.82,0.800427,0,0.592687
164.75,0.110005,290.642,291.206,291.215,238.572,-5.20182,26.8572,40.6345,373.959,215.573,4016.82,0.803137,0,0.281122
165.25,0.105598,290.557,291.154,291.196,238.568,-5.43547,26.0438,38.6583,373.959,215.573,4016.82,0.80575,0,0.00898279
165.75,0.101189,290.472,291.101,291.175,238.564,-5.67017,25.2505,36.6813,373.959,215.573,4016.82,0.80819,0,0.00891286
166.25,0.0967781,290.36,291.04,291.152,238.56,-5.90294,24.2678,34.8982,372.61,215.519,4016.82,0.81056,0,0.00878601
166.75,0.0923653,290.269,290.982,291.129,238.555,-6.11817,23.5148,33.1863,372.61,215.519,4016.82,0.812611,0,0.00876691
167.25,0.0879506,290.181,290.924,291.106,238.551,-6.32725,22.8405,31.4738,372.61,215.519,4016.82,0.81445,0,0.00868262
167.75,0.0835343,290.093,290.865,291.082,238.547,-6.53653,22.208,29.7605,372.61,215.519,4016.82,0.816134,0,0.00864177
168.25,0.0791163,289.986,290.801,291.056,238.543,-6.68399,21.4453,28.0466,371.849,215.276,4016.82,0.817837,0,0.0086735
168.75,0.0746968,289.891,290.738,291.029,238.54,-6.90469,20.8158,26.3321,371.849,215.276,4016.82,0.819426,0,0.00856054
169.25,0.0702757,289.798,290.675,291.002,238.536,-7.12112,20.2214,24.6171,371.849,215.276,4016.82,0.820978,0,0.015618
169.75,0.0658533,289.705,290.612,290.975,238.533,-7.33586,19.6407,22.9015,371.849,215.276,4016.82,0.822517,0,0.0426413
170.25,0.0614296,289.592,290.543,290.946,238.53,-7.51302,18.9044,21.1854,371.007,215.046,4016.82,0.824176,0,0.0283368
170.75,0.0570047,289.491,290.476,290.917,238.528,-7.7363,18.2908,19.4688,371.007,215.046,490.937,0.825786,0,0.0424502
171.25,0.0525787,289.393,290.408,290.888,238.525,-7.95268,17.7055,17.7519,371.007,215.046,339.934,0.827396,0,0.0300269
171.75,0.0481517,289.297,290.341,290.859,238.522,-8.15377,17.1406,16.1129,371.007,215.046,339.934,0.829006,0,0.0399087
172.25,0.0437237,289.182,290.268,290.828,238.519,-8.31501,16.4278,14.5829,370.076,214.823,339.934,0.830741,0,0.0314523
172.75,0.0392948,289.082,290.198,290.797,238.517,-8.5051,15.8489,13.0527,370.076,214.823,339.934,0.832414,0,0.0382746
173.25,0.0348652,288.985,290.128,290.765,238.514,-8.68625,15.3032,11.5221,370.076,214.823,339.934,0.834077,0,0.0323511
173.75,0.0304349,288.89,290.058,290.734,238.511,-8.86334,14.7699,9.99139,370.076,214.823,226.649,0.835735,0,0.035997
174.25,0.026004,288.773,289.983,290.701,238.508,-9.04395,14.0748,8.46043,369.1,214.603,226.649,0.837508,0,0.031482
174.75,0.0215725,288.671,289.91,290.667,238.506,-9.23199,13.5089,6.9293,369.1,214.603,226.649,0.839211,0,0.0343467
175.25,0.0171407,288.573,289.838,290.633,238.503,-9.4002,12.986,5.47299,369.1,214.603,226.649,0.84089,0,0.0313124
175.75,0.0127085,288.477,289.766,290.599,238.5,-9.55732,12.4843,4.0578,369.1,214.603,226.649,0.842552,0,0.0332775
176.25,0.00827608,288.361,289.689,290.563,238.498,-9.73016,11.825,2.64253,368.095,214.382,226.649,0.844323,0,0.0312774
176.75,0.00384348,288.259,289.614,290.528,238.495,-9.8981,11.2957,1.22722,368.095,214.382,226.649,0.846013,0,0.0325559
177.25,0,288.165,289.541,290.491,238.507,-10.0316,10.8262,0,368.095,214.382,226.649,0.847666,0,0.495461
177.75,0,288.097,289.474,290.455,238.513,-9.98946,10.5441,0,368.095,214.382,226.649,0.849207,0,0.314005
178.25,0,288.005,289.404,290.417,238.508,-10.0757,10.0877,0,366.496,214.3,226.649,0.850854,0,0.00725417
178.75,0,287.941,289.339,290.379,238.504,-10.0229,9.82427,0,366.496,214.3,226.649,0.852371,0,0.00710644
179.25,0,287.885,289.278,290.341,238.501,-9.9501,9.6177,0,366.496,214.3,226.649,0.853841,0,0.00688061
179.75,0,287.835,289.22,290.302,238.497,-9.86774,9.43442,0,366.496,214.3,226.649,0.855274,0,0.00671944
180.25,0,287.769,289.161,290.263,238.493,-9.92613,9.15063,0,365.593,214.114,226.649,0.856711,0,0.00660665
180.75,0,287.719,289.106,290.224,238.489,-9.85462,8.96037,0,365.593,214.114,226.649,0.858074,0,0.00638661
181.25,0,287.674,289.052,290.185,238.486,-9.77339,8.79979,0,365.593,214.114,226.649,0.859405,0,0.00624203
181.75,0,287.631,289.001,290.146,238.482,-9.68776,8.65215,0,365.593,214.114,226.649,0.860706,0,0.00605653
182.25,0,287.576,288.949,290.107,238.479,-9.75509,8.41997,0,364.801,213.965,226.649,0.862,0,0.00597494
182.75,0,287.533,288.9,290.068,238.476,-9.68354,8.26158,0,364.801,213.965,226.649,0.863231,0,0.00576247
183.25,0,287.493,288.852,290.029,238.473,-9.60447,8.12683,0,364.801,213.965,226.649,0.864434,0,0.0056425
183.75,0,287.455,288.806,289.99,238.47,-9.52226,8.00201,0,364.801,213.965,226.649,0.865612,0,0.00546811
184.25,0,287.406,288.759,289.952,238.467,-9.58546,7.80114,0,364.081,213.835,226.649,0.866784,0,0.00539746
184.75,0,287.367,288.714,289.913,238.464,-9.5169,7.66476,0,364.081,213.835,226.649,0.867899,0,0.0196156
185.25,0,287.331,288.67,289.875,238.461,-9.44187,7.54887,0,364.081,213.835,226.649,0.86899,0,0.0073726
185.75,0,287.297,288.628,289.837,238.459,-9.36422,7.44129,0,364.081,213.835,226.649,0.870059,0,0.0168829
186.25,0,287.251,288.585,289.8,238.456,-9.42494,7.26252,0,363.405,213.725,226.649,0.871126,0,0.00946582
186.75,0,287.216,288.543,289.762,238.454,-9.36025,7.14276,0,363.405,213.725,226.649,0.872142,0,0.0224547
187.25,0,287.183,288.502,289.725,238.452,-9.28959,7.04145,0,363.405,213.725,226.649,0.873137,0,0.01964
187.75,0,287.151,288.463,289.688,238.45,-9.21653,6.94732,0,363.405,213.725,226.649,0.874114,0,0.0243065
188.25,0,287.109,288.423,289.651,238.448,-9.27608,6.78459,0,362.756,213.629,226.649,0.875095,0,0.0205293
188.75,0,287.076,288.384,289.615,238.446,-9.21529,6.67745,0,362.756,213.629,226.649,0.876029,0,0.0233026
189.25,0,287.045,288.346,289.579,238.444,-9.14876,6.58733,0,362.756,213.629,226.649,0.876947,0,0.0205501
189.75,0,287.015,288.309,289.543,238.442,-9.07991,6.50352,0,362.756,213.629,226.649,0.87785,0,0.0222869
190.25,0,286.975,288.271,289.507,238.44,-9.137,6.35413,0,362.138,213.541,226.649,0.878761,0,0.0203681
190.75,0,286.944,288.234,289.472,238.439,-9.0796,6.25698,0,362.138,213.541,226.649,0.87963,0,0.0205528
191.25,0,286.915,288.198,289.437,238.437,-9.01668,6.17556,0,362.138,213.541,226.649,0.880486,0,0.0206208
191.75,0,286.887,288.163,289.402,238.435,-8.95149,6.09974,0,362.138,213.541,226.649,0.881329,0,0.0198867
192.25,0,286.849,288.127,289.368,238.433,-9.00555,5.96173,0,361.552,213.458,226.649,0.882185,0,0.0185579
192.75,0,286.82,288.092,289.334,238.432,-8.95099,5.87262,0,361.552,213.458,226.649,0.883002,0,0.0187975
193.25,0,286.792,288.058,289.3,238.43,-8.89116,5.79808,0,361.552,213.458,226.649,0.883808,0,0.018003
193.75,0,286.766,288.025,289.266,238.429,-8.82912,5.72855,0,361.552,213.458,226.649,0.884604,0,0.0214472
194.25,0,286.73,287.991,289.232,238.427,-8.88072,5.59977,0,360.993,213.38,226.649,0.885414,0,0.00969993
194.75,0,286.702,287.958,289.199,238.425,-8.82866,5.51711,0,360.993,213.38,226.649,0.886189,0,0.0264469
195.25,0,286.676,287.925,289.166,238.424,-8.77153,5.44805,0,360.993,213.38,226.649,0.886954,0,0.0077647
195.75,0,286.651,287.894,289.133,238.422,-8.71226,5.38358,0,360.993,213.38,226.649,0.887711,0,0.0261383
196.25,0,286.616,287.861,289.101,238.42,-8.76131,5.26276,0,360.461,213.306,226.649,0.888483,0,0.00743929
196.75,0,286.59,287.829,289.069,238.419,-8.71143,5.1855,0,360.461,213.306,226.649,0.889223,0,0.0256176
197.25,0,286.565,287.799,289.037,238.418,-8.65669,5.121,0,360.461,213.306,226.649,0.889953,0,0.0070996
197.75,0,286.541,287.768,289.005,238.416,-8.59987,5.06073,0,360.461,213.306,226.649,0.890677,0,0.0250446
198.25,0,286.508,287.737,288.974,238.415,-8.6471,4.94645,0,359.949,213.236,226.649,0.891417,0,0.00679224
198.75,0,286.483,287.707,288.943,238.414,-8.59923,4.87368,0,359.949,213.236,226.649,0.892126,0,0.0245014
199.25,0,286.459,287.677,288.912,238.412,-8.54666,4.81304,0,359.949,213.236,226.649,0.892827,0,0.00647293
199.75,0,286.436,287.648,288.881,238.411,-8.49208,4.75636,0,359.949,213.236,226.649,0.893521,0,0.0239576
200.25,0,286.404,287.618,288.85,238.409,-8.53754,4.64784,0,359.456,213.169,226.649,0.894232,0,0.00618875
200.75,0,286.38,287.589,288.82,238.408,-8.4915,4.57901,0,359.456,213.169,226.649,0.894913,0,0.0234616
201.25,0,286.357,287.561,288.79,238.407,-8.44091,4.52175,0,359.456,213.169,226.649,0.895587,0,0.00589367
201.75,0,286.335,287.533,288.76,238.406,-8.38838,4.46823,0,359.456,213.169,226.649,0.896255,0,0.0202307
202.25,0,286.305,287.504,288.73,238.404,-8.43175,4.36524,0,358.984,213.104,226.649,0.89694,0,0.00563557
202.75,0,286.281,287.476,288.701,238.403,-8.38735,4.30005,0,358.984,213.104,226.649,0.897596,0,0.0244891
203.25,0,286.259,287.449,288.671,238.402,-8.33858,4.24586,0,358.984,213.104,226.649,0.898245,0,0.00536474
203.75,0,286.238,287.422,288.642,238.4,-8.28793,4.19523,0,358.984,213.104,226.649,0.898889,0,0.00949493
204.25,0,286.209,287.394,288.613,238.399,-8.32917,4.09752,0,358.533,213.041,226.649,0.899549,0,0.0253646
204.75,0,286.186,287.367,288.585,238.398,-8.28627,4.03573,0,358.533,213.041,226.649,0.900182,0,0.00499627
205.25,0,286.165,287.34,288.556,238.397,-8.23917,3.98438,0,358.533,213.041,226.649,0.900807,0,0.00729708
205.75,0,286.145,287.315,288.528,238.396,-8.19027,3.93641,0,358.533,213.041,226.649,0.901428,0,0.0225817
206.25,0,286.116,287.288,288.5,238.394,-8.23185,3.84187,0,358.086,212.983,226.649,0.902066,0,0.0046677
206.75,0,286.094,287.262,288.472,238.393,-8.19058,3.78271,0,358.086,212.983,226.649,0.902677,0,0.00826483
207.25,0,286.074,287.236,288.444,238.392,-8.14517,3.7338,0,358.086,212.983,226.649,0.903281,0,0.0203492
207.75,0,286.054,287.211,288.417,238.391,-8.09797,3.68819,0,358.086,212.983,226.649,0.90388,0,0.00433137
208.25,0,286.027,287.185,288.389,238.39,-8.13599,3.59914,0,357.667,212.924,226.649,0.904496,0,0.00885015
208.75,0,286.006,287.16,288.362,238.389,-8.0959,3.54315,0,357.667,212.924,226.649,0.905085,2.54927e-08,0.0186076
209.25,0,285.986,287.135,288.335,238.388,-8.0519,3.49679,0,357.667,212.924,226.649,0.905669,2.36605e-07,0.00404953
209.75,0,285.967,287.111,288.308,238.387,-8.0062,3.45352,0,357.667,212.924,226.649,0.906248,4.39026e-07,0.00901466
210.25,0,285.942,287.086,288.282,238.386,-8.0395,3.3584,0,357.257,212.868,226.649,0.906823,8.9256e-06,0.0173384
210.75,0,285.922,287.062,288.255,238.384,-8.00057,3.30678,0,357.257,212.868,226.649,0.907384,9.88303e-06,0.00376552
211.25,0,285.903,287.038,288.229,238.383,-7.95773,3.26277,0,357.257,212.868,226.649,0.907941,1.09736e-05,0.008893
211.75,0,285.885,287.014,288.203,238.383,-7.91324,3.22156,0,357.257,212.868,226.649,0.908494,1.20227e-05,0.0164103
212.25,0,285.86,286.99,288.177,238.381,-7.9462,3.12656,0,356.856,212.817,226.649,0.909003,2.50367e-05,0.00353871
212.75,0,285.841,286.967,288.151,238.38,-7.91119,3.08075,0,356.856,212.817,226.649,0.909518,2.63048e-05,0.00848739
213.25,0,285.822,286.944,288.126,238.379,-7.87105,3.04054,0,356.856,212.817,226.649,0.910031,2.78528e-05,0.00682477
213.75,0,285.805,286.922,288.1,238.378,-7.82921,3.00284,0,356.856,212.817,226.649,0.910541,2.93443e-05,0.0179969
214.25,0,285.781,286.898,288.075,238.377,-7.86708,2.92206,0,356.473,212.765,226.649,0.911054,3.7185e-05,0.00323804
214.75,0,285.762,286.876,288.05,238.376,-7.82655,2.8698,0,356.473,212.765,226.649,0.911547,4.39238e-05,0.00558571
215.25,0,285.744,286.853,288.025,238.375,-7.7881,2.8331,0,356.473,212.765,226.649,0.912047,4.5146e-05,0.00842822
215.75,0,285.727,286.831,288,238.374,-7.74763,2.79779,0,356.473,212.765,226.649,0.912546,4.6376e-05,0.00556176
216.25,0,285.704,286.809,287.975,238.374,-7.78172,2.7181,0,356.108,212.714,226.649,0.91302,5.72828e-05,0.0203905
216.75,0,285.686,286.787,287.951,238.372,-7.74923,2.67814,0,356.108,212.714,226.649,0.913494,5.79292e-05,0.00287769
217.25,0,285.669,286.765,287.926,238.371,-7.70746,2.63662,0,356.108,212.714,226.649,0.913979,6.40143e-05,0.00282215
217.75,0,285.652,286.744,287.902,238.37,-7.66752,2.60318,0,356.108,212.714,226.649,0.914454,6.55412e-05,0.008716
218.25,0,285.63,286.722,287.878,238.369,-7.70112,2.52431,0,355.746,212.666,226.649,0.914906,7.89528e-05,0.00418888
218.75,0,285.612,286.701,287.854,238.369,-7.67051,2.48742,0,355.746,212.666,226.649,0.915368,7.92154e-05,0.0080082
219.25,0,285.595,286.68,287.83,238.368,-7.63527,2.45491,0,355.746,212.666,226.649,0.915831,7.98423e-05,0.00430374
219.75,0,285.579,286.659,287.806,238.367,-7.59161,2.41626,0,355.746,212.666,226.649,0.916284,8.6426e-05,0.00737879
220.25,0,285.557,286.638,287.783,238.366,-7.624,2.34184,0,355.398,212.619,226.649,0.916735,0.000100436,0.00438202
220.75,0,285.54,286.617,287.759,238.365,-7.59239,2.30555,0,355.398,212.619,226.649,0.917184,0.000101308,0.00683797
221.25,0,285.523,286.596,287.736,238.364,-7.55762,2.27435,0,355.398,212.619,226.649,0.917628,0.000102277,0.00438788
221.75,0,285.508,286.576,287.713,238.363,-7.52165,2.24535,0,355.398,212.619,226.649,0.91807,0.00010314,0.00635802
222.25,0,285.487,286.556,287.69,238.362,-7.54782,2.16605,0,355.06,212.572,226.649,0.918495,0.000123039,0.00438233
222.75,0,285.47,286.535,287.667,238.361,-7.51757,2.13247,0,355.06,212.572,226.649,0.918922,0.00012398,0.00593792
223.25,0,285.454,286.515,287.644,238.36,-7.48376,2.10298,0,355.06,212.572,226.649,0.919348,0.000125345,0.00432023
223.75,0,285.438,286.496,287.622,238.359,-7.44849,2.07527,0,355.06,212.572,226.649,0.919773,0.000126672,0.00555989
224.25,0,285.418,286.476,287.599,238.358,-7.47399,1.9992,0,354.731,212.527,226.649,0.920183,0.000146487,0.00426195
224.75,0,285.401,286.456,287.577,238.358,-7.44502,1.96776,0,354.731,212.527,226.649,0.920597,0.000147254,0.00522643
225.25,0,285.386,286.436,287.555,238.357,-7.41234,1.94,0,354.731,212.527,226.649,0.921012,0.000148495,0.00415826
225.75,0,285.37,286.417,287.533,238.356,-7.37814,1.91384,0,354.731,212.527,226.649,0.921427,0.000149715,0.00492133
226.25,0,285.35,286.398,287.511,238.355,-7.40854,1.84656,0,354.41,212.483,226.649,0.921832,0.000165125,0.00407248
226.75,0,285.334,286.378,287.489,238.354,-7.37515,1.81034,0,354.41,212.483,226.649,0.922233,0.000169908,0.00465044
227.25,0,285.319,286.359,287.467,238.353,-7.34283,1.78367,0,354.41,212.483,226.649,0.922635,0.000171566,0.00394367
227.75,0,285.304,286.341,287.445,238.352,-7.30907,1.75842,0,354.41,212.483,226.649,0.923036,0.000173194,0.00439861
228.25,0,285.285,286.321,287.424,238.351,-7.33808,1.69245,0,354.097,212.44,226.649,0.923421,0.000190094,0.0038442
228.75,0,285.269,286.302,287.402,238.351,-7.31072,1.66383,0,354.097,212.44,226.649,0.923808,0.000190849,0.0041784
229.25,0,285.254,286.284,287.381,238.35,-7.2799,1.63881,0,354.097,212.44,226.649,0.924195,0.000192062,0.00370949
229.75,0,285.24,286.266,287.36,238.349,-7.24767,1.61536,0,354.097,212.44,226.649,0.924581,0.000193236,0.00396782
230.25,0,285.22,286.247,287.339,238.348,-7.27043,1.54533,0,353.791,212.398,226.649,0.924955,0.000215165,0.00360046
230.75,0,285.205,286.228,287.318,238.347,-7.24309,1.51775,0,353.791,212.398,226.649,0.92533,0.000216306,0.00377657
231.25,0,285.19,286.21,287.297,238.347,-7.21323,1.49426,0,353.791,212.398,226.649,0.925707,0.000217441,0.00346274
231.75,0,285.176,286.193,287.276,238.346,-7.18191,1.47214,0,353.791,212.398,226.649,0.926083,0.000218544,0.00359565
232.25,0,285.157,286.174,287.256,238.345,-7.2106,1.41138,0,353.491,212.357,226.649,0.926449,0.000234989,0.00335853
232.75,0,285.142,286.156,287.235,238.344,-7.17909,1.37924,0,353.491,212.357,226.649,0.926814,0.000240161,0.00343162
233.25,0,285.128,286.138,287.215,238.343,-7.14939,1.35651,0,353.491,212.357,226.649,0.92718,0.000241717,0.00321943
233.75,0,285.114,286.121,287.194,238.343,-7.11836,1.33505,0,353.491,212.357,226.649,0.927545,0.000243234,0.00327355
234.25,0,285.096,286.103,287.174,238.342,-7.14485,1.27442,0,353.198,212.317,226.649,0.927899,0.000261659,0.00311848
234.75,0,285.081,286.085,287.154,238.341,-7.1196,1.24979,0,353.198,212.317,226.649,0.928253,0.000262268,0.00313341
235.25,0,285.067,286.068,287.134,238.34,-7.09123,1.22845,0,353.198,212.317,226.649,0.928608,0.000263349,0.00298907
235.75,0,285.053,286.051,287.114,238.339,-7.06154,1.2085,0,353.198,212.317,226.649,0.928961,0.000264385,0.00299519
236.25,0,285.035,286.033,287.094,238.339,-7.08267,1.14428,0,352.911,212.277,226.649,0.929304,0.000286988,0.00289141
236.75,0,285.021,286.016,287.074,238.338,-7.0575,1.12051,0,352.911,212.277,226.649,0.929648,0.000288026,0.00286778
237.25,0,285.007,285.999,287.054,238.337,-7.02933,1.09982,0,352.911,212.277,226.649,0.929991,0.00028953,0.00276778
237.75,0,284.994,285.982,287.035,238.336,-6.99991,1.08046,0,352.911,212.277,226.649,0.930335,0.000290956,0.00274409
238.25,0,284.976,285.965,287.015,238.336,-7.02622,1.02425,0,352.63,212.238,226.649,0.930668,0.000308939,0.00268135
238.75,0,284.962,285.948,286.996,238.335,-7.00246,1.00206,0,352.63,212.238,226.649,0.931003,0.000309372,0.00263508
239.25,0,284.949,285.931,286.977,238.334,-6.97556,0.982822,0,352.63,212.238,226.649,0.931339,0.000310301,0.00256552
239.75,0,284.935,285.915,286.957,238.333,-6.94135,0.958348,0,352.63,212.238,226.649,0.931672,0.00031613,0.00252049
240.25,0,284.918,285.898,286.938,238.333,-6.96607,0.90282,0,352.354,212.2,226.649,0.931997,0.000335466,0.00248182
240.75,0,284.904,285.881,286.919,238.332,-6.94223,0.881125,0,352.354,212.2,226.649,0.932323,0.000336406,0.00242189
241.25,0,284.891,285.865,286.9,238.331,-6.91543,0.862336,0,352.354,212.2,226.649,0.932649,0.000337791,0.00237274
241.75,0,284.878,285.849,286.881,238.33,-6.8874,0.844799,0,352.354,212.2,226.649,0.932975,0.000339093,0.0023218
242.25,0,284.861,285.832,286.862,238.33,-6.91315,0.792009,0,352.083,212.163,226.649,0.93329,0.000356992,0.00230186
242.75,0,284.847,285.815,286.844,238.329,-6.88451,0.765323,0,352.083,212.163,226.649,0.933608,0.000362252,0.00223039
243.25,0,284.834,285.799,286.825,238.328,-6.85824,0.747518,0,352.083,212.163,226.649,0.933926,0.000363694,0.00219598
243.75,0,284.822,285.784,286.806,238.327,-6.83089,0.730932,0,352.083,212.163,226.649,0.934242,0.000365035,0.00214009
244.25,0,284.805,285.767,286.788,238.327,-6.85485,0.678264,0,351.817,212.126,226.649,0.934549,0.000384511,0.00213161
244.75,0,284.791,285.751,286.77,238.326,-6.83227,0.658502,0,351.817,212.126,226.649,0.934857,0.000385393,0.00206093
245.25,0,284.779,285.735,286.751,238.325,-6.80678,0.641462,0,351.817,212.126,226.649,0.935166,0.000386703,0.00203712
245.75,0,284.766,285.72,286.733,238.325,-6.78008,0.625603,0,351.817,212.126,226.649,0.935474,0.00038792,0.00197897
246.25,0,284.75,285.704,286.715,238.324,-6.7995,0.569767,0,351.555,212.09,226.649,0.935774,0.000410346,0.0019763
246.75,0,284.737,285.688,286.697,238.323,-6.77692,0.550526,0,351.555,212.09,226.649,0.936074,0.000411633,0.00190396
247.25,0,284.724,285.673,286.679,238.322,-6.75159,0.533945,0,351.555,212.09,226.649,0.936375,0.000413303,0.00188784
247.75,0,284.712,285.657,286.661,238.322,-6.72548,0.518894,0,351.555,212.09,226.649,0.936676,0.00041458,0.00182916
248.25,0,284.696,285.642,286.643,238.321,-6.74897,0.468949,0,351.297,212.054,226.649,0.936968,0.000434101,0.00183666
248.75,0,284.682,285.626,286.625,238.32,-6.72745,0.450843,0,351.297,212.054,226.649,0.937262,0.000434919,0.00176459
249.25,0,284.67,285.611,286.607,238.32,-6.7031,0.435325,0,351.297,212.054,226.649,0.937556,0.000436148,0.00175488
249.75,0,284.658,285.596,286.59,238.319,-6.67757,0.420924,0,351.297,212.054,226.649,0.93785,0.000437276,0.00169672
250.25,0,284.642,285.58,286.572,238.318,-6.69612,0.367306,0,351.044,212.019,226.649,0.938135,0.000460074,0.00170639
250.75,0,284.629,285.565,286.555,238.318,-6.67458,0.349667,0,351.044,212.019,226.649,0.938421,0.000461319,0.00163479
251.25,0,284.617,285.55,286.537,238.317,-6.65034,0.334529,0,351.044,212.019,226.649,0.938708,0.000462926,0.00162976
251.75,0,284.605,285.535,286.52,238.316,-6.62499,0.320492,0,351.044,212.019,226.649,0.938995,0.000464397,0.00157244
252.25,0,284.59,285.52,286.503,238.315,-6.64734,0.272572,0,350.794,211.985,226.649,0.939273,0.000484312,0.00158966
252.75,0,284.577,285.505,286.485,238.315,-6.62683,0.256022,0,350.794,211.985,226.649,0.939553,0.000485098,0.00151968
253.25,0,284.565,285.49,286.468,238.314,-6.60355,0.241911,0,350.794,211.985,226.649,0.939832,0.000486271,0.00151903
253.75,0,284.553,285.476,286.451,238.313,-6.57912,0.228858,0,350.794,211.985,226.649,0.940112,0.000487331,0.00146341
254.25,0,284.538,285.461,286.434,238.313,-6.60159,0.182546,0,350.548,211.951,226.649,0.940383,0.000506481,0.00148465
254.75,0,284.525,285.446,286.417,238.312,-6.57656,0.161337,0,350.548,211.951,226.649,0.940657,0.000511332,0.00141225
255.25,0,284.514,285.432,286.4,238.311,-6.55325,0.147581,0,350.548,211.951,226.649,0.94093,0.000512868,0.00141473
255.75,0,284.502,285.417,286.383,238.311,-6.52891,0.134838,0,350.548,211.951,226.649,0.941203,0.000514277,0.00136037
256.25,0,284.487,285.402,286.367,238.31,-6.54989,0.0884768,0,350.306,211.917,226.649,0.941468,0.000534779,0.00138383
256.75,0,284.475,285.388,286.35,238.309,-6.55206,0.097671,0,350.306,211.917,226.649,0.941735,0.000682217,0.00133346
257.25,0,284.462,285.374,286.333,238.309,-6.53535,0.0782842,0,350.306,211.917,226.649,0.942002,0.000685821,0.00133903
257.75,0,284.451,285.359,286.317,238.308,-6.5149,0.0625538,0,350.306,211.917,226.649,0.94227,0.000687679,0.00128628
258.25,0,284.435,285.344,286.3,238.307,-6.53664,0.0143955,0,350.067,211.883,226.649,0.94253,0.000709806,0.00131258
258.75,0,284.423,285.33,286.284,238.307,-6.51825,-0.00237165,0,350.067,211.883,226.649,0.942791,0.000710155,0.00124642
259.25,0,284.411,285.316,286.267,238.306,-6.49687,-0.0162749,0,350.067,211.883,226.649,0.943053,0.000711074,0.0012545
259.75,0,284.399,285.302,286.251,238.305,-6.47416,-0.0288653,0,350.067,211.883,226.649,0.943315,0.00071179,0.00120301
260.25,0,284.384,285.287,286.235,238.305,-6.49447,-0.0744507,0,349.831,211.85,226.649,0.94357,0.000732944,0.00123173
260.75,0,284.372,285.273,286.218,238.304,-6.47537,-0.0896017,0,349.831,211.85,226.649,0.943826,0.000732785,0.00116688
261.25,0,284.361,285.259,286.202,238.303,-6.45363,-0.102249,0,349.831,211.85,226.649,0.944082,0.000733307,0.00117724
261.75,0,284.35,285.245,286.186,238.303,-6.42677,-0.117988,0,349.831,211.85,226.649,0.944338,0.000736964,0.00112416
262.25,0,284.335,285.231,286.17,238.302,-6.44609,-0.162592,0,349.597,211.817,226.649,0.944587,0.000758744,0.00115432
262.75,0,284.323,285.217,286.154,238.301,-6.42672,-0.177002,0,349.597,211.817,226.649,0.944837,0.000758789,0.00109077
263.25,0,284.312,285.203,286.138,238.301,-6.40486,-0.189031,0,349.597,211.817,226.649,0.945088,0.000759487,0.0011029
263.75,0,284.301,285.19,286.122,238.3,-6.38198,-0.20004,0,349.597,211.817,226.649,0.945339,0.000760054,0.00105403
264.25,0,284.286,285.176,286.106,238.299,-6.40162,-0.243071,0,349.368,211.785,226.649,0.945582,0.00078103,0.00108624
264.75,0,284.275,285.162,286.091,238.299,-6.38284,-0.256534,0,349.368,211.785,226.649,0.945827,0.000780695,0.00102436
265.25,0,284.264,285.148,286.075,238.298,-6.36157,-0.267712,0,349.368,211.785,226.649,0.946072,0.000781041,0.00103839
265.75,0,284.253,285.135,286.059,238.298,-6.33927,-0.277922,0,349.368,211.785,226.649,0.946318,0.000781279,0.000991059
266.25,0,284.238,285.121,286.043,238.297,-6.35884,-0.31973,0,349.141,211.753,226.649,0.946556,0.000801656,0.00102492
266.75,0,284.227,285.108,286.028,238.296,-6.34033,-0.332653,0,349.141,211.753,226.649,0.946796,0.000801212,0.000964372
267.25,0,284.216,285.094,286.012,238.296,-6.31937,-0.343341,0,349.141,211.753,226.649,0.947036,0.000801442,0.000979903
267.75,0,284.205,285.081,285.997,238.295,-6.2974,-0.353087,0,349.141,211.753,226.649,0.947276,0.00080157,0.000933829
268.25,0,284.191,285.067,285.981,238.294,-6.31206,-0.398781,0,348.918,211.722,226.649,0.94751,0.000825692,0.000965576
268.75,0,284.18,285.054,285.966,238.294,-6.29346,-0.411307,0,348.918,211.722,226.649,0.947744,0.000825546,0.0009061
269.25,0,284.169,285.041,285.951,238.293,-6.27254,-0.421667,0,348.918,211.722,226.649,0.94798,0.000826045,0.000922832
269.75,0,284.159,285.028,285.935,238.292,-6.25068,-0.431113,0,348.918,211.722,226.649,0.948215,0.000826419,0.000877796
270.25,0,284.145,285.015,285.92,238.292,-6.26913,-0.471674,0,348.697,211.691,226.649,0.948444,0.00084713,0.000913739
270.75,0,284.134,285.001,285.905,238.291,-6.25093,-0.483839,0,348.697,211.691,226.649,0.948674,0.000846945,0.000855443
271.25,0,284.123,284.988,285.89,238.291,-6.23039,-0.493829,0,348.697,211.691,226.649,0.948905,0.00084736,0.000873382
271.75,0,284.113,284.976,285.875,238.29,-6.20889,-0.502905,0,348.697,211.691,226.649,0.949135,0.000847648,0.000829443
272.25,0,284.099,284.962,285.86,238.289,-6.22717,-0.542606,0,348.479,211.661,226.649,0.94936,0.000867941,0.000866476
272.75,0,284.088,284.949,285.845,238.289,-6.20961,-0.554028,0,348.479,211.661,226.649,0.949585,0.000867432,0.00081632
273.25,0,284.078,284.937,285.83,238.288,-6.18968,-0.563356,0,348.479,211.661,226.649,0.949811,0.000867551,0.000900353
273.75,0,284.067,284.924,285.815,238.287,-6.16879,-0.571806,0,348.479,211.661,226.649,0.950038,0.00086756,0.000801104
274.25,0,284.054,284.911,285.8,238.287,-6.18743,-0.610171,0,348.264,211.63,226.649,0.950258,0.00088708,0.000897385
274.75,0,284.043,284.898,285.786,238.286,-6.16561,-0.625892,0,348.264,211.63,226.649,0.950479,0.000890054,0.000787239
275.25,0,284.033,284.885,285.771,238.286,-6.14566,-0.634935,0,348.264,211.63,226.649,0.950701,0.000890433,0.000848446
275.75,0,284.023,284.873,285.756,238.285,-6.12483,-0.643153,0,348.264,211.63,226.649,0.950923,0.000890708,0.000769893
276.25,0,284.009,284.86,285.741,238.284,-6.14266,-0.681309,0,348.052,211.601,226.649,0.951139,0.000910953,0.000849649
276.75,0,283.998,284.847,285.727,238.284,-6.12538,-0.692168,0,348.052,211.601,226.649,0.951356,0.00091076,0.000757843
277.25,0,283.988,284.835,285.712,238.283,-6.10584,-0.700969,0,348.052,211.601,226.649,0.951573,0.000911112,0.000807804
277.75,0,283.978,284.823,285.698,238.282,-6.08537,-0.708907,0,348.052,211.601,226.649,0.951791,0.000911324,0.000740285
278.25,0,283.965,284.81,285.683,238.282,-6.10304,-0.746362,0,347.842,211.571,226.649,0.952003,0.000931221,0.00081209
278.75,0,283.954,284.797,285.669,238.281,-6.08606,-0.756887,0,347.842,211.571,226.649,0.952216,0.000930962,0.000728443
279.25,0,283.944,284.785,285.655,238.281,-6.06682,-0.765377,0,347.842,211.571,226.649,0.95243,0.000931238,0.000772953
279.75,0,283.935,284.773,285.64,238.28,-6.04667,-0.773016,0,347.842,211.571,226.649,0.952644,0.000931377,0.000711435
280.25,0,283.921,284.76,285.626,238.279,-6.06416,-0.809785,0,347.634,211.542,226.649,0.952852,0.000950933,0.000779414
280.75,0,283.911,284.748,285.612,238.279,-6.04745,-0.819982,0,347.634,211.542,226.649,0.953061,0.000950607,0.000700315
281.25,0,283.901,284.736,285.598,238.278,-6.02851,-0.828171,0,347.634,211.542,226.649,0.953271,0.00095081,0.000742302
281.75,0,283.891,284.724,285.583,238.278,-6.00867,-0.835521,0,347.634,211.542,226.649,0.953481,0.000950878,0.00068419
282.25,0,283.878,284.712,285.569,238.277,-6.02283,-0.874901,0,347.429,211.513,226.649,0.953685,0.000972534,0.000748079
282.75,0,283.868,284.699,285.555,238.276,-6.00608,-0.884809,0,347.429,211.513,226.649,0.953891,0.000972509,0.000671547
283.25,0,283.858,284.687,285.541,238.276,-5.98722,-0.892764,0,347.429,211.513,226.649,0.954097,0.000972972,0.000712373
283.75,0,283.849,284.676,285.527,238.275,-5.96749,-0.899903,0,347.429,211.513,226.649,0.954303,0.000973281,0.000656232
284.25,0,283.836,284.663,285.513,238.275,-5.98428,-0.935685,0,347.226,211.485,226.649,0.954504,0.00099305,0.000721445
284.75,0,283.826,284.651,285.5,238.274,-5.96788,-0.945378,0,347.226,211.485,226.649,0.954706,0.000993011,0.000646645
285.25,0,283.816,284.639,285.486,238.273,-5.94941,-0.953025,0,347.226,211.485,226.649,0.954908,0.000993366,0.000687175
285.75,0,283.806,284.628,285.472,238.273,-5.9302,-0.959726,0,347.226,211.485,226.649,0.955111,0.000993472,0.000632543
286.25,0,283.794,284.615,285.458,238.272,-5.94717,-0.994563,0,347.026,211.456,226.649,0.955308,0.00101268,0.000697761
286.75,0,283.784,284.604,285.444,238.272,-5.93128,-1.00373,0,347.026,211.456,226.649,0.955507,0.0010124,0.000624355
287.25,0,283.774,284.592,285.431,238.271,-5.91322,-1.01099,0,347.026,211.456,226.649,0.955706,0.00101259,0.000664972
287.75,0,283.765,284.58,285.417,238.27,-5.89429,-1.01745,0,347.026,211.456,226.649,0.955905,0.00101264,0.000611324
288.25,0,283.752,284.568,285.404,238.27,-5.91111,-1.0517,0,346.827,211.428,226.649,0.956099,0.00103154,0.00067652
288.75,0,283.742,284.557,285.39,238.269,-5.89546,-1.0606,0,346.827,211.428,226.649,0.956294,0.00103121,0.000604049
289.25,0,283.732,284.545,285.376,238.269,-5.87766,-1.06761,0,346.827,211.428,226.649,0.95649,0.00103133,0.000644802
289.75,0,283.723,284.534,285.363,238.268,-5.859,-1.07383,0,346.827,211.428,339.934,0.956685,0.00103132,0.00059193
290.25,0,283.711,284.522,285.35,238.267,-5.87567,-1.10752,0,346.631,211.401,339.934,0.956876,0.00104993,0.000657193
290.75,0,283.701,284.51,285.336,238.267,-5.85685,-1.11964,0,346.631,211.401,339.934,0.957068,0.00105219,0.000583
291.25,0,283.691,284.499,285.323,238.266,-5.83904,-1.12641,0,346.631,211.401,339.934,0.957261,0.00105255,0.00062384
291.75,0,283.682,284.487,285.309,238.266,-5.82043,-1.13245,0,346.631,211.401,339.934,0.957453,0.00105278,0.000571531
292.25,0,283.67,284.476,285.296,238.265,-5.83659,-1.16586,0,346.436,211.373,339.934,0.957641,0.00107189,0.000636633
292.75,0,283.66,284.464,285.283,238.265,-5.82118,-1.17436,0,346.436,211.373,339.934,0.95783,0.00107187,0.000565521
293.25,0,283.651,284.453,285.27,238.264,-5.8037,-1.181,0,346.436,211.373,339.934,0.958019,0.00107222,0.000606553
293.75,0,283.642,284.442,285.257,238.263,-5.7854,-1.18686,0,346.436,211.373,339.934,0.958208,0.00107241,0.000554835
294.25,0,283.63,284.43,285.243,238.263,-5.80145,-1.21976,0,346.244,211.346,339.934,0.958393,0.00109124,0.000620015
294.75,0,283.62,284.419,285.23,238.262,-5.78628,-1.22804,0,346.244,211.346,339.934,0.958579,0.00109117,0.000549546
295.25,0,283.611,284.407,285.217,238.262,-5.76906,-1.23447,0,346.244,211.346,339.934,0.958765,0.00109147,0.000590754
295.75,0,283.602,284.396,285.204,238.261,-5.75101,-1.24012,0,346.244,211.346,339.934,0.958952,0.00109159,0.000539579
296.25,0,283.59,284.385,285.191,238.26,-5.76693,-1.27251,0,346.053,211.319,339.934,0.959133,0.00111015,0.000604817
296.75,0,283.58,284.374,285.178,238.26,-5.75198,-1.28056,0,346.053,211.319,339.934,0.959316,0.00111003,0.00053495
297.25,0,283.571,284.363,285.165,238.259,-5.735,-1.28678,0,346.053,211.319,339.934,0.9595,0.00111027,0.00057631
297.75,0,283.562,284.352,285.152,238.259,-5.71724,-1.29219,0,346.053,211.319,339.934,0.959683,0.0011103,0.000525672
298.25,0,283.55,284.34,285.14,238.258,-5.73333,-1.32379,0,345.865,211.292,339.934,0.959862,0.00112837,0.00059116
298.75,0,283.541,284.329,285.127,238.258,-5.71884,-1.33137,0,345.865,211.292,339.934,0.960042,0.00112802,0.000522039
299.25,0,283.532,284.318,285.114,238.257,-5.70229,-1.33719,0,345.865,211.292,339.934,0.960223,0.00112805,0.00056367
299.75,0,283.523,284.307,285.101,238.256,-5.68161,-1.34562,0,345.865,211.292,339.934,0.960404,0.00113037,0.000511196
300.25,0,283.511,284.296,285.088,238.256,-5.69694,-1.3771,0,345.678,211.266,339.934,0.96058,0.00114899,0.000576315
300.75,0,283.502,284.285,285.076,238.255,-5.68237,-1.38458,0,345.678,211.266,339.934,0.960757,0.00114902,0.000507604
301.25,0,283.493,284.274,285.063,238.255,-5.66584,-1.39028,0,345.678,211.266,339.934,0.960935,0.00114935,0.000549224
301.75,0,283.484,284.264,285.051,238.254,-5.64851,-1.39525,0,345.678,211.266,339.934,0.961113,0.0011495,0.000499528
302.25,0,283.472,284.252,285.038,238.254,-5.66404,-1.42616,0,345.493,211.239,339.934,0.961287,0.00116777,0.000564741
302.75,0,283.463,284.241,285.025,238.253,-5.64973,-1.43346,0,345.493,211.239,339.934,0.961461,0.00116777,0.000496577
303.25,0,283.454,284.231,285.013,238.252,-5.63344,-1.439,0,345.493,211.239,339.934,0.961637,0.00116806,0.000538253
303.75,0,283.446,284.22,285,238.252,-5.61635,-1.44381,0,345.493,211.239,339.934,0.961812,0.00116816,0.000489001
304.25,0,283.434,284.209,284.988,238.251,-5.63176,-1.47428,0,345.309,211.213,339.934,0.961983,0.00118618,0.000554153
304.75,0,283.425,284.198,284.976,238.251,-5.61764,-1.4814,0,345.309,211.213,339.934,0.962155,0.00118613,0.000486502
305.25,0,283.416,284.188,284.963,238.25,-5.60157,-1.48677,0,345.309,211.213,339.934,0.962328,0.00118637,0.000528216
305.75,0,283.407,284.177,284.951,238.25,-5.5847,-1.49142,0,345.309,211.213,339.934,0.9625,0.00118642,0.000479384
306.25,0,283.396,284.166,284.938,238.249,-5.59999,-1.52146,0,345.127,211.188,339.934,0.962669,0.0012042,0.000544452
306.75,0,283.387,284.156,284.926,238.248,-5.58607,-1.52839,0,345.127,211.188,339.934,0.962839,0.0012041,0.000477296
307.25,0,283.378,284.145,284.914,238.248,-5.5702,-1.53359,0,345.127,211.188,339.934,0.963009,0.00120429,0.000519025
307.75,0,283.37,284.135,284.902,238.247,-5.55355,-1.53807,0,345.127,211.188,339.934,0.963179,0.00120429,0.000470596
308.25,0,283.358,284.124,284.889,238.247,-5.56873,-1.56769,0,344.947,211.162,339.934,0.963345,0.00122184,0.000535557
308.75,0,283.349,284.113,284.877,238.246,-5.55499,-1.57444,0,344.947,211.162,339.934,0.963513,0.00122169,0.000468883
309.25,0,283.34,284.103,284.865,238.246,-5.53683,-1.582,0,344.947,211.162,339.934,0.96368,0.0012239,0.000508788
309.75,0,283.332,284.093,284.853,238.245,-5.52016,-1.58628,0,344.947,211.162,339.934,0.963848,0.00122409,0.000460682
310.25,0,283.321,284.082,284.841,238.245,-5.53497,-1.61558,0,344.769,211.137,339.934,0.964012,0.00124197,0.000525372
310.75,0,283.312,284.071,284.829,238.244,-5.52122,-1.62221,0,344.769,211.137,339.934,0.964177,0.00124219,0.000459083
311.25,0,283.303,284.061,284.817,238.243,-5.5056,-1.62713,0,344.769,211.137,339.934,0.964342,0.0012426,0.000500704
311.75,0,283.295,284.051,284.805,238.243,-5.48922,-1.63136,0,344.769,211.137,339.934,0.964508,0.00124281,0.000452979
312.25,0,283.284,284.04,284.793,238.242,-5.50399,-1.6603,0,344.592,211.111,339.934,0.964669,0.00126048,0.00051751
312.75,0,283.275,284.03,284.781,238.242,-5.49045,-1.66679,0,344.592,211.111,339.934,0.964832,0.00126066,0.000451689
313.25,0,283.266,284.02,284.769,238.241,-5.47503,-1.67158,0,344.592,211.111,339.934,0.964995,0.00126103,0.00049326
313.75,0,283.258,284.01,284.757,238.241,-5.45887,-1.67567,0,344.592,211.111,339.934,0.965158,0.0012612,0.000445907
314.25,0,283.247,283.999,284.745,238.24,-5.47352,-1.70423,0,344.416,211.086,339.934,0.965318,0.00127864,0.000510272
314.75,0,283.238,283.989,284.734,238.24,-5.46016,-1.71056,0,344.416,211.086,339.934,0.965478,0.00127878,0.0004449
315.25,0,283.23,283.979,284.722,238.239,-5.44494,-1.71521,0,344.416,211.086,339.934,0.965639,0.0012791,0.000486409
315.75,0,283.222,283.969,284.71,238.238,-5.42897,-1.71916,0,344.416,211.086,339.934,0.9658,0.00127922,0.000439413
316.25,0,283.211,283.958,284.698,238.238,-5.44352,-1.74735,0,344.243,211.062,339.934,0.965957,0.00129644,0.000503597
316.75,0,283.202,283.948,284.687,238.237,-5.43033,-1.75352,0,344.243,211.062,339.934,0.966116,0.00129654,0.000438663
317.25,0,283.194,283.938,284.675,238.237,-5.41534,-1.75798,0,344.243,211.062,339.934,0.966274,0.00129678,0.000480132
317.75,0,283.186,283.928,284.663,238.236,-5.3997,-1.76165,0,344.243,211.062,339.934,0.966433,0.00129675,0.000433587
318.25,0,283.175,283.918,284.652,238.236,-5.41236,-1.79128,0,344.07,211.037,339.934,0.966588,0.00131534,0.000496268
318.75,0,283.166,283.908,284.64,238.235,-5.39911,-1.79726,0,344.07,211.037,339.934,0.966745,0.00131575,0.000431699
319.25,0,283.158,283.898,284.628,238.235,-5.3841,-1.80161,0,344.07,211.037,339.934,0.966901,0.00131627,0.000472995
319.75,0,283.15,283.888,284.617,238.234,-5.36838,-1.8053,0,344.07,211.037,339.934,0.967058,0.00131658,0.000426635
320.25,0,283.139,283.878,284.605,238.234,-5.38262,-1.83282,0,343.899,211.012,339.934,0.967211,0.00133384,0.000490328
320.75,0,283.13,283.868,284.594,238.233,-5.37037,-1.838,0,343.899,211.012,339.934,0.967365,0.00134641,0.000426728
321.25,0,283.122,283.858,284.582,238.232,-5.35568,-1.84229,0,343.899,211.012,339.934,0.96752,0.00134802,0.000467942
321.75,0,283.114,283.848,284.571,238.232,-5.34023,-1.84587,0,343.899,211.012,339.934,0.967675,0.00134925,0.000421946
322.25,0,283.104,283.838,284.56,238.231,-5.35439,-1.87306,0,343.729,210.988,339.934,0.967826,0.00136716,0.000485426
322.75,0,283.095,283.828,284.548,238.231,-5.34158,-1.87882,0,343.729,210.988,339.934,0.967978,0.00136935,0.000421718
323.25,0,283.087,283.818,284.537,238.23,-5.32699,-1.88292,0,343.729,210.988,339.934,0.968131,0.00137086,0.00046282
323.75,0,283.079,283.809,284.526,238.23,-5.31169,-1.88635,0,343.729,210.988,339.934,0.968283,0.001372,0.000417144
324.25,0,283.068,283.799,284.514,238.229,-5.32574,-1.91318,0,343.561,210.964,339.934,0.968433,0.00138967,0.000480393
324.75,0,283.06,283.789,284.503,238.229,-5.31189,-1.91995,0,343.561,210.964,339.934,0.968583,0.00139388,0.000416241
325.25,0,283.052,283.779,284.492,238.228,-5.29732,-1.92388,0,343.561,210.964,339.934,0.968734,0.00139672,0.000457185
325.75,0,283.044,283.77,284.481,238.228,-5.28208,-1.92716,0,343.561,210.964,339.934,0.968885,0.0013991,0.00041179
326.25,0,283.034,283.76,284.469,238.227,-5.29594,-1.95368,0,343.394,210.94,339.934,0.969032,0.00141834,0.000474734
326.75,0,283.025,283.75,284.458,238.227,-5.28331,-1.95917,0,343.394,210.94,339.934,0.969181,0.00142232,0.000411795
327.25,0,283.017,283.74,284.447,238.226,-5.26897,-1.96304,0,343.394,210.94,339.934,0.969329,0.00142511,0.000452601
327.75,0,283.009,283.731,284.436,238.225,-5.25392,-1.96624,0,343.394,210.94,339.934,0.969478,0.00142743,0.000407519
328.25,0,282.999,283.721,284.425,238.225,-5.2677,-1.99245,0,343.229,210.916,339.934,0.969624,0.00144644,0.000470209
328.75,0,282.991,283.711,284.414,238.224,-5.25524,-1.99782,0,343.229,210.916,339.934,0.969771,0.00145033,0.000407668
329.25,0,282.983,283.702,284.403,238.224,-5.24105,-2.00157,0,343.229,210.916,339.934,0.969918,0.00145304,0.00044833
329.75,0,282.975,283.692,284.392,238.223,-5.22617,-2.00467,0,343.229,210.916,339.934,0.970065,0.00145528,0.000403553
330.25,0,282.965,283.683,284.381,238.223,-5.23987,-2.03057,0,343.064,210.893,339.934,0.970209,0.00147407,0.000465987
330.75,0,282.956,283.673,284.37,238.222,-5.22755,-2.03582,0,343.064,210.893,339.934,0.970354,0.00147787,0.000403834
331.25,0,282.949,283.664,284.359,238.222,-5.21352,-2.03946,0,343.064,210.893,339.934,0.970499,0.0014805,0.000444349
331.75,0,282.941,283.654,284.348,238.221,-5.1988,-2.04245,0,343.064,210.893,339.934,0.970644,0.00148267,0.000399867
332.25,0,282.931,283.645,284.337,238.221,-5.21241,-2.06804,0,342.901,210.87,339.934,0.970786,0.00150123,0.00046204
332.75,0,282.922,283.635,284.326,238.22,-5.20023,-2.07317,0,342.901,210.87,339.934,0.970929,0.00150494,0.000400268
333.25,0,282.915,283.626,284.315,238.22,-5.18635,-2.07671,0,342.901,210.87,339.934,0.971073,0.0015075,0.000440629
333.75,0,282.907,283.617,284.304,238.219,-5.17179,-2.0796,0,342.901,210.87,339.934,0.971217,0.00150959,0.000396438
334.25,0,282.897,283.607,284.293,238.219,-5.18532,-2.10489,0,342.739,210.846,339.934,0.971357,0.00152793,0.000458345
334.75,0,282.889,283.598,284.283,238.218,-5.17327,-2.1099,0,342.739,210.846,339.934,0.971499,0.00153156,0.000396948
335.25,0,282.881,283.588,284.272,238.218,-5.15954,-2.11334,0,342.739,210.846,339.934,0.97164,0.00153404,0.00043715
335.75,0,282.873,283.579,284.261,238.217,-5.14513,-2.11613,0,342.739,210.846,339.934,0.971782,0.00153606,0.000393242
336.25,0,282.863,283.57,284.25,238.216,-5.15858,-2.14113,0,342.579,210.823,339.934,0.971921,0.00155419,0.000454879
336.75,0,282.855,283.56,284.24,238.216,-5.14667,-2.14603,0,342.579,210.823,339.934,0.972061,0.00155774,0.000393851
337.25,0,282.848,283.551,284.229,238.215,-5.13309,-2.14936,0,342.579,210.823,339.934,0.972201,0.00156015,0.00043389
337.75,0,282.84,283.542,284.218,238.215,-5.11882,-2.15206,0,342.579,210.823,339.934,0.972342,0.0015621,0.000390261
338.25,0,282.83,283.532,284.208,238.214,-5.13228,-2.17678,0,342.419,210.8,339.934,0.972479,0.00158002,0.000451624
338.75,0,282.822,283.523,284.197,238.214,-5.12051,-2.18157,0,342.419,210.8,339.934,0.972617,0.00158349,0.000390958
339.25,0,282.814,283.514,284.187,238.213,-5.10707,-2.1848,0,342.419,210.8,339.934,0.972756,0.00158583,0.000430831
339.75,0,282.807,283.505,284.176,238.213,-5.09295,-2.18741,0,342.419,210.8,339.934,0.972894,0.00158771,0.000387475
340.25,0,282.797,283.496,284.165,238.212,-5.10634,-2.21186,0,342.261,210.778,339.934,0.97303,0.00160544,0.000448562
340.75,0,282.789,283.486,284.155,238.212,-5.09471,-2.21655,0,342.261,210.778,339.934,0.973167,0.00160883,0.000388252
341.25,0,282.782,283.477,284.144,238.211,-5.08142,-2.21969,0,342.261,210.778,339.934,0.973303,0.0016111,0.000427955
341.75,0,282.774,283.468,284.134,238.211,-5.06745,-2.22221,0,342.261,210.778,339.934,0.973441,0.00161292,0.000384867
342.25,0,282.764,283.459,284.124,238.21,-5.08077,-2.2464,0,342.103,210.755,339.934,0.973575,0.00163046,0.000445676
342.75,0,282.756,283.45,284.113,238.21,-5.06928,-2.25098,0,342.103,210.755,339.934,0.97371,0.00163378,0.000385718
343.25,0,282.749,283.441,284.103,238.209,-5.05613,-2.25403,0,342.103,210.755,339.934,0.973845,0.00163598,0.000425248
343.75,0,282.742,283.432,284.092,238.209,-5.04231,-2.25647,0,342.103,210.755,339.934,0.97398,0.00163773,0.000382423
344.25,0,282.732,283.423,284.082,238.208,-5.05557,-2.28041,0,341.947,210.732,339.934,0.974113,0.0016551,0.000442953
344.75,0,282.724,283.414,284.072,238.208,-5.04421,-2.28489,0,341.947,210.732,339.934,0.974246,0.00165834,0.00038334
345.25,0,282.716,283.405,284.061,238.207,-5.0312,-2.28785,0,341.947,210.732,339.934,0.97438,0.00166048,0.000422695
345.75,0,282.709,283.396,284.051,238.207,-5.01752,-2.2902,0,341.947,210.732,339.934,0.974514,0.00166217,0.000380129
346.25,0,282.699,283.387,284.041,238.206,-5.03073,-2.31391,0,341.791,210.71,339.934,0.974645,0.00167937,0.000440378
346.75,0,282.692,283.378,284.03,238.206,-5.01951,-2.31829,0,341.791,210.71,339.934,0.974777,0.00168253,0.000381106
347.25,0,282.684,283.369,284.02,238.205,-5.00665,-2.32117,0,341.791,210.71,339.934,0.974909,0.00168461,0.000420284
347.75,0,282.677,283.36,284.01,238.205,-4.99312,-2.32344,0,341.791,210.71,339.934,0.975041,0.00168625,0.000377972
348.25,0,282.667,283.351,284,238.204,-5.00625,-2.34689,0,341.637,210.688,339.934,0.975171,0.00170326,0.000437938
348.75,0,282.66,283.342,283.99,238.204,-4.99514,-2.35118,0,341.637,210.688,339.934,0.975301,0.00170635,0.000379003
349.25,0,282.652,283.334,283.979,238.203,-4.98242,-2.35397,0,341.637,210.688,339.934,0.975432,0.00170837,0.000418001
349.75,0,282.645,283.325,283.969,238.203,-4.96902,-2.35617,0,341.637,210.688,339.934,0.975563,0.00170995,0.00037594
350.25,0,282.635,283.316,283.959,238.202,-4.98211,-2.37939,0,341.483,210.666,339.934,0.975691,0.00172679,0.000435622
350.75,0,282.628,283.307,283.949,238.202,-4.97112,-2.38359,0,341.483,210.666,339.934,0.97582,0.00172983,0.00037702
351.25,0,282.621,283.298,283.939,238.201,-4.95853,-2.38631,0,341.483,210.666,339.934,0.975949,0.00173179,0.000415836
351.75,0,282.613,283.29,283.929,238.2,-4.94528,-2.38842,0,341.483,210.666,339.934,0.976079,0.00173331,0.000374026
352.25,0,282.604,283.281,283.919,238.2,-4.95838,-2.41138,0,341.331,210.644,339.934,0.976205,0.00174996,0.000433468
352.75,0,282.596,283.272,283.909,238.199,-4.94761,-2.41541,0,341.331,210.644,339.934,0.976333,0.00175287,0.000375253
353.25,0,282.589,283.263,283.899,238.199,-4.93523,-2.41796,0,341.331,210.644,339.934,0.97646,0.00175471,0.00041395
353.75,0,282.582,283.255,283.889,238.198,-4.9222,-2.41992,0,341.331,210.644,339.934,0.976589,0.00175612,0.00037244
354.25,0,282.572,283.246,283.879,238.198,-4.93523,-2.44264,0,341.179,210.622,339.934,0.976714,0.0017726,0.000431596
354.75,0,282.565,283.237,283.869,238.197,-4.92457,-2.44659,0,341.179,210.622,339.934,0.97684,0.00177545,0.000373704
355.25,0,282.558,283.229,283.859,238.197,-4.91232,-2.44907,0,341.179,210.622,339.934,0.976966,0.00177723,0.000412217
355.75,0,282.551,283.22,283.849,238.196,-4.89942,-2.45095,0,341.179,210.622,339.934,0.977093,0.00177859,0.000370947
356.25,0,282.541,283.211,283.839,238.196,-4.91244,-2.4735,0,341.028,210.601,339.934,0.977217,0.00179494,0.000429829
356.75,0,282.534,283.203,283.829,238.195,-4.9019,-2.47737,0,341.028,210.601,339.934,0.977341,0.00179773,0.000372247
357.25,0,282.526,283.194,283.819,238.195,-4.88978,-2.47978,0,341.028,210.601,339.934,0.977467,0.00179947,0.000410582
357.75,0,282.52,283.186,283.81,238.194,-4.877,-2.4816,0,341.028,210.601,339.934,0.977592,0.00180078,0.000369542
358.25,0,282.51,283.177,283.8,238.194,-4.88999,-2.50397,0,340.878,210.579,339.934,0.977714,0.001817,0.000428151
358.75,0,282.503,283.168,283.79,238.193,-4.87957,-2.50777,0,340.878,210.579,339.934,0.977838,0.00181974,0.000370875
359.25,0,282.496,283.16,283.78,238.193,-4.86757,-2.51011,0,340.878,210.579,339.934,0.977962,0.00182143,0.000409031
359.75,0,282.489,283.152,283.77,238.192,-4.85492,-2.51187,0,340.878,210.579,339.934,0.978086,0.0018227,0.000368218
360.25,0,282.479,283.143,283.761,238.192,-4.86787,-2.53405,0,340.728,210.558,339.934,0.978207,0.00183878,0.00042655
360.75,0,282.472,283.134,283.751,238.191,-4.85756,-2.53777,0,340.728,210.558,339.934,0.978329,0.00184146,0.000369579
361.25,0,282.465,283.126,283.741,238.191,-4.84568,-2.54005,0,340.728,210.558,339.934,0.978452,0.00184311,0.000407555
361.75,0,282.458,283.118,283.732,238.19,-4.83315,-2.54175,0,340.728,210.558,339.934,0.978574,0.00184433,0.000366967
362.25,0,282.449,283.109,283.722,238.19,-4.84603,-2.56371,0,340.579,210.536,339.934,0.978694,0.00186025,0.000425017
362.75,0,282.441,283.101,283.712,238.19,-4.83582,-2.56735,0,340.579,210.536,339.934,0.978815,0.00186288,0.000368351
363.25,0,282.434,283.092,283.703,238.189,-4.82406,-2.56957,0,340.579,210.536,339.934,0.978936,0.00186447,0.000406143
363.75,0,282.427,283.084,283.693,238.189,-4.81165,-2.5712,0,340.579,210.536,339.934,0.979058,0.00186565,0.00036578
364.25,0,282.418,283.075,283.684,238.188,-4.82446,-2.59295,0,340.432,210.515,339.934,0.979177,0.00188141,0.000423543
364.75,0,282.411,283.067,283.674,238.188,-4.81436,-2.59652,0,340.432,210.515,339.934,0.979296,0.00188399,0.000367185
365.25,0,282.404,283.059,283.664,238.187,-4.80271,-2.59866,0,340.432,210.515,339.934,0.979416,0.00188554,0.000404789
365.75,0,282.397,283.05,283.655,238.187,-4.79041,-2.60024,0,340.432,210.515,339.934,0.979536,0.00188667,0.000364652
366.25,0,282.388,283.042,283.645,238.186,-4.80318,-2.6218,0,340.285,210.494,339.934,0.979654,0.00190229,0.000422129
366.75,0,282.381,283.034,283.636,238.186,-4.79319,-2.6253,0,340.285,210.494,339.934,0.979772,0.00190482,0.000366074
367.25,0,282.374,283.025,283.626,238.185,-4.78164,-2.62738,0,340.285,210.494,339.934,0.979891,0.00190632,0.000403491
367.75,0,282.367,283.017,283.617,238.185,-4.76946,-2.6289,0,340.285,210.494,339.934,0.98001,0.00190741,0.000363576
368.25,0,282.358,283.009,283.607,238.184,-4.78223,-2.65031,0,340.138,210.473,339.934,0.980127,0.00192293,0.000420777
368.75,0,282.351,283,283.598,238.184,-4.77234,-2.65375,0,340.138,210.473,339.934,0.980244,0.00192541,0.000365016
369.25,0,282.344,282.992,283.589,238.183,-4.76091,-2.65578,0,340.138,210.473,339.934,0.980362,0.00192688,0.00040225
369.75,0,282.337,282.984,283.579,238.183,-4.74884,-2.65725,0,340.138,210.473,339.934,0.980479,0.00192793,0.000362552
370.25,0,282.328,282.976,283.57,238.182,-4.76153,-2.67846,0,339.993,210.452,339.934,0.980595,0.0019433,0.000419472
370.75,0,282.321,282.968,283.561,238.182,-4.75174,-2.68183,0,339.993,210.452,339.934,0.980711,0.00194573,0.000364007
371.25,0,282.314,282.959,283.551,238.181,-4.74041,-2.6838,0,339.993,210.452,339.934,0.980827,0.00194715,0.000401055
371.75,0,282.307,282.951,283.542,238.181,-4.72846,-2.68521,0,339.993,210.452,339.934,0.980944,0.00194816,0.000361574
372.25,0,282.298,282.943,283.533,238.18,-4.74108,-2.70622,0,339.848,210.432,339.934,0.981058,0.00196339,0.000418208
372.75,0,282.291,282.935,283.523,238.18,-4.73139,-2.70952,0,339.848,210.432,339.934,0.981173,0.00196577,0.000363039
373.25,0,282.284,282.927,283.514,238.179,-4.72016,-2.71144,0,339.848,210.432,339.934,0.981288,0.00196715,0.000399899
373.75,0,282.278,282.919,283.505,238.179,-4.70831,-2.71279,0,339.848,210.432,339.934,0.981404,0.00196813,0.000360635
374.25,0,282.269,282.91,283.496,238.178,-4.72089,-2.73362,0,339.705,210.411,339.934,0.981517,0.00198322,0.000416986
374.75,0,282.261,282.902,283.486,238.178,-4.71129,-2.73686,0,339.705,210.411,339.934,0.981631,0.00198556,0.00036211
375.25,0,282.255,282.894,283.477,238.177,-4.70017,-2.73873,0,339.705,210.411,339.934,0.981745,0.0019869,0.000398783
375.75,0,282.248,282.886,283.468,238.177,-4.68843,-2.74003,0,339.705,210.411,339.934,0.98186,0.00198783,0.000359733
376.25,0,282.239,282.878,283.459,238.176,-4.70103,-2.76075,0,339.561,210.391,339.934,0.981972,0.00200285,0.000415814
376.75,0,282.232,282.87,283.45,238.176,-4.69153,-2.76394,0,339.561,210.391,339.934,0.982085,0.00200515,0.000361219
377.25,0,282.225,282.862,283.44,238.175,-4.68054,-2.76573,0,339.561,210.391,339.934,0.982198,0.00200644,0.000397728
377.75,0,282.219,282.854,283.431,238.175,-4.66901,-2.76688,0,339.561,210.391,339.934,0.982311,0.00200726,0.000358963
378.25,0,282.21,282.846,283.422,238.174,-4.68166,-2.78738,0,339.418,210.37,339.934,0.982422,0.00202212,0.000414837
378.75,0,282.203,282.838,283.413,238.174,-4.67236,-2.79041,0,339.418,210.37,339.934,0.982534,0.0020243,0.000360593
379.25,0,282.196,282.83,283.404,238.174,-4.66156,-2.79207,0,339.418,210.37,339.934,0.982646,0.00202549,0.000396989
379.75,0,282.19,282.822,283.395,238.173,-4.65013,-2.79317,0,339.418,210.37,339.934,0.982758,0.00202628,0.000358425
380.25,0,282.181,282.814,283.386,238.173,-4.66276,-2.81354,0,339.276,210.35,339.934,0.982868,0.00204104,0.000414035
380.75,0,282.174,282.806,283.377,238.172,-4.65356,-2.81651,0,339.276,210.35,339.934,0.982979,0.00204319,0.000360061
381.25,0,282.167,282.798,283.368,238.172,-4.64285,-2.81813,0,339.276,210.35,339.934,0.98309,0.00204434,0.000396281
381.75,0,282.161,282.791,283.359,238.171,-4.63152,-2.81919,0,339.276,210.35,339.934,0.983201,0.0020451,0.000357915
382.25,0,282.152,282.782,283.35,238.171,-4.64408,-2.83938,0,339.134,210.33,339.934,0.98331,0.00205973,0.000413253
382.75,0,282.145,282.775,283.341,238.17,-4.63496,-2.84229,0,339.134,210.33,339.934,0.98342,0.00206183,0.000359555
383.25,0,282.138,282.767,283.332,238.17,-4.62435,-2.84386,0,339.134,210.33,339.934,0.98353,0.00206296,0.000395594
383.75,0,282.132,282.759,283.323,238.169,-4.61311,-2.84488,0,339.134,210.33,339.934,0.98364,0.00206368,0.000357429
384.25,0,282.123,282.751,283.314,238.169,-4.62561,-2.86488,0,338.994,210.31,339.934,0.983748,0.00207818,0.00041249
384.75,0,282.116,282.743,283.305,238.168,-4.61658,-2.86775,0,338.994,210.31,339.934,0.983857,0.00208024,0.00035907
385.25,0,282.11,282.735,283.296,238.168,-4.60605,-2.86927,0,338.994,210.31,339.934,0.983966,0.00208133,0.000394924
385.75,0,282.103,282.728,283.287,238.167,-4.59491,-2.87024,0,338.994,210.31,339.934,0.984075,0.00208203,0.000356962
386.25,0,282.095,282.72,283.279,238.167,-4.60735,-2.89007,0,338.854,210.29,339.934,0.984183,0.0020964,0.000411743
386.75,0,282.088,282.712,283.27,238.166,-4.5984,-2.89288,0,338.854,210.29,339.934,0.98429,0.00209842,0.000358603
387.25,0,282.081,282.704,283.261,238.166,-4.58796,-2.89435,0,338.854,210.29,339.934,0.984398,0.00209948,0.000394271
387.75,0,282.075,282.696,283.252,238.166,-4.57692,-2.89528,0,338.854,210.29,339.934,0.984507,0.00210014,0.000356512
388.25,0,282.066,282.688,283.243,238.165,-4.5893,-2.91494,0,338.715,210.27,339.934,0.984613,0.00211439,0.000411013
388.75,0,282.059,282.681,283.235,238.165,-4.58042,-2.9177,0,338.715,210.27,339.934,0.98472,0.00211637,0.000358152
389.25,0,282.053,282.673,283.226,238.164,-4.57008,-2.91912,0,338.715,210.27,339.934,0.984827,0.00211739,0.000393632
389.75,0,282.047,282.665,283.217,238.164,-4.55912,-2.92002,0,338.715,210.27,339.934,0.984934,0.00211803,0.000356076
390.25,0,282.038,282.658,283.208,238.163,-4.57144,-2.9395,0,338.577,210.25,339.934,0.985039,0.00213215,0.000410298
390.75,0,282.031,282.65,283.2,238.163,-4.56265,-2.9422,0,338.577,210.25,339.934,0.985145,0.00213409,0.000357714
391.25,0,282.025,282.642,283.191,238.162,-4.55239,-2.94359,0,338.577,210.25,339.934,0.985251,0.00213509,0.000393008
391.75,0,282.019,282.635,283.182,238.162,-4.54152,-2.94444,0,338.577,210.25,339.934,0.985358,0.00213569,0.000355653
392.25,0,282.01,282.627,283.174,238.161,-4.55378,-2.96376,0,338.439,210.231,339.934,0.985462,0.00214969,0.000409596
392.75,0,282.003,282.619,283.165,238.161,-4.54506,-2.96641,0,338.439,210.231,339.934,0.985567,0.0021516,0.000357289
393.25,0,281.997,282.612,283.156,238.16,-4.53489,-2.96775,0,338.439,210.231,339.934,0.985672,0.00215256,0.000392396
393.75,0,281.991,282.604,283.148,238.16,-4.52411,-2.96857,0,338.439,210.231,339.934,0.985778,0.00215314,0.000355242
394.25,0,281.982,282.596,283.139,238.16,-4.53631,-2.98772,0,338.303,210.211,339.934,0.985881,0.00216701,0.000408907
394.75,0,281.975,282.589,283.13,238.159,-4.52767,-2.99032,0,338.303,210.211,339.934,0.985985,0.00216888,0.000356874
395.25,0,281.969,282.581,283.122,238.159,-4.51758,-2.99162,0,338.303,210.211,339.934,0.986089,0.00216982,0.000391796
395.75,0,281.963,282.574,283.113,238.158,-4.50689,-2.9924,0,338.303,210.211,339.934,0.986194,0.00217037,0.000354841
396.25,0,281.954,282.566,283.105,238.158,-4.51904,-3.01137,0,338.167,210.192,339.934,0.986297,0.00218411,0.000408239
396.75,0,281.948,282.558,283.096,238.157,-4.51062,-3.01378,0,338.167,210.192,339.934,0.9864,0.00218585,0.000356585
397.25,0,281.941,282.551,283.087,238.157,-4.50076,-3.01489,0,338.167,210.192,339.934,0.986503,0.00218664,0.000391429
397.75,0,281.935,282.543,283.079,238.156,-4.49031,-3.01549,0,338.167,210.192,339.934,0.986607,0.00218706,0.000354779
398.25,0,281.927,282.536,283.07,238.156,-4.50249,-3.03421,0,338.032,210.172,339.934,0.986708,0.00220062,0.000407968
398.75,0,281.92,282.528,283.062,238.155,-4.49414,-3.03657,0,338.032,210.172,339.934,0.986811,0.00220232,0.000356584
399.25,0,281.914,282.521,283.053,238.155,-4.48436,-3.03765,0,338.032,210.172,339.934,0.986913,0.00220309,0.000391242
399.75,0,281.908,282.513,283.045,238.154,-4.47399,-3.03821,0,338.032,210.172,339.934,0.987016,0.00220348,0.000354787
400.25,0,281.899,282.506,283.037,238.154,-4.48612,-3.05677,0,337.897,210.153,339.934,0.987117,0.00221694,0.000407702
400.75,0,281.893,282.498,283.028,238.154,-4.47784,-3.05909,0,337.897,210.153,339.934,0.987218,0.0022186,0.000356586
401.25,0,281.886,282.491,283.02,238.153,-4.46813,-3.06013,0,337.897,210.153,339.934,0.98732,0.00221934,0.00039106
401.75,0,281.88,282.483,283.011,238.153,-4.45784,-3.06066,0,337.897,210.153,339.934,0.987422,0.00221971,0.000354799
402.25,0,281.872,282.476,283.003,238.152,-4.46991,-3.07907,0,337.764,210.134,339.934,0.987522,0.00223305,0.000407441
402.75,0,281.865,282.468,282.994,238.152,-4.4617,-3.08134,0,337.764,210.134,339.934,0.987623,0.00223469,0.000356591
403.25,0,281.859,282.461,282.986,238.151,-4.45208,-3.08235,0,337.764,210.134,339.934,0.987724,0.00223541,0.000390882
403.75,0,281.853,282.454,282.978,238.151,-4.44186,-3.08285,0,337.764,210.134,339.934,0.987825,0.00223575,0.000354814
404.25,0,281.845,282.446,282.969,238.15,-4.45388,-3.10111,0,337.631,210.115,339.934,0.987924,0.00224898,0.000407185
404.75,0,281.838,282.439,282.961,238.15,-4.44573,-3.10334,0,337.631,210.115,339.934,0.988024,0.00225058,0.000356599
405.25,0,281.832,282.431,282.953,238.15,-4.43618,-3.10432,0,337.631,210.115,339.934,0.988124,0.00225128,0.000390708
405.75,0,281.826,282.424,282.944,238.149,-4.42604,-3.10478,0,337.631,210.115,339.934,0.988224,0.0022516,0.000354831
406.25,0,281.818,282.417,282.936,238.149,-4.438,-3.12289,0,337.499,210.096,339.934,0.988322,0.00226472,0.000406932
406.75,0,281.811,282.409,282.928,238.148,-4.42993,-3.12508,0,337.499,210.096,339.934,0.988421,0.0022663,0.000356608
407.25,0,281.805,282.402,282.92,238.148,-4.42045,-3.12602,0,337.499,210.096,339.934,0.988521,0.00226697,0.000390536
407.75,0,281.799,282.395,282.911,238.147,-4.41039,-3.12646,0,337.499,210.096,339.934,0.98862,0.00226727,0.000354849
408.25,0,281.791,282.387,282.903,238.147,-4.42229,-3.14442,0,337.368,210.077,339.934,0.988718,0.00228028,0.000406682
408.75,0,281.784,282.38,282.895,238.146,-4.41428,-3.14657,0,337.368,210.077,339.934,0.988816,0.00228183,0.000356619
409.25,0,281.778,282.373,282.887,238.146,-4.40487,-3.14748,0,337.368,210.077,339.934,0.988915,0.00228248,0.000390367
409.75,0,281.772,282.366,282.878,238.145,-4.39489,-3.14789,0,337.368,210.077,339.934,0.989013,0.00228276,0.00035487
410.25,0,281.764,282.358,282.87,238.145,-4.40689,-3.16556,0,337.237,210.059,339.934,0.98911,0.00229555,0.000406545
410.75,0,281.758,282.351,282.862,238.145,-4.39915,-3.16746,0,337.237,210.059,339.934,0.989208,0.00229692,0.00035689
411.25,0,281.751,282.344,282.854,238.144,-4.39002,-3.16814,0,337.237,210.059,339.934,0.989305,0.0022974,0.00039061
411.75,0,281.746,282.337,282.846,238.144,-4.38031,-3.16831,0,337.237,210.059,339.934,0.989403,0.00229751,0.000355448
412.25,0,281.737,282.329,282.838,238.143,-4.39225,-3.18584,0,337.108,210.04,339.934,0.989499,0.00231021,0.000406857
412.75,0,281.731,282.322,282.829,238.143,-4.38457,-3.18771,0,337.108,210.04,339.934,0.989596,0.00231155,0.000357457
413.25,0,281.725,282.315,282.821,238.142,-4.37551,-3.18836,0,337.108,210.04,339.934,0.989693,0.002312,0.000390997
413.75,0,281.719,282.308,282.813,238.142,-4.36588,-3.1885,0,337.108,210.04,339.934,0.98979,0.0023121,0.000356019
414.25,0,281.711,282.3,282.805,238.142,-4.37776,-3.20589,0,336.978,210.022,339.934,0.989886,0.00232469,0.000407165
414.75,0,281.705,282.293,282.797,238.141,-4.37014,-3.20773,0,336.978,210.022,339.934,0.989982,0.00232601,0.000358018
415.25,0,281.699,282.286,282.789,238.141,-4.36115,-3.20835,0,336.978,210.022,339.934,0.990078,0.00232645,0.000391381
415.75,0,281.693,282.279,282.781,238.14,-4.35159,-3.20847,0,336.978,210.022,339.934,0.990174,0.00232652,0.000356585
416.25,0,281.685,282.272,282.773,238.14,-4.36341,-3.22573,0,336.85,210.003,339.934,0.990269,0.00233902,0.000407469
416.75,0,281.678,282.264,282.765,238.139,-4.35585,-3.22753,0,336.85,210.003,339.934,0.990364,0.00234031,0.000358574
417.25,0,281.672,282.257,282.757,238.139,-4.34692,-3.22812,0,336.85,210.003,339.934,0.990459,0.00234073,0.00039176
417.75,0,281.666,282.25,282.749,238.138,-4.33743,-3.22822,0,336.85,210.003,339.934,0.990555,0.00234079,0.000357146
418.25,0,281.658,282.243,282.741,238.138,-4.3492,-3.24534,0,336.722,209.985,339.934,0.990649,0.00235319,0.000407769
418.75,0,281.652,282.236,282.733,238.138,-4.3417,-3.24711,0,336.722,209.985,339.934,0.990744,0.00235446,0.000359124
419.25,0,281.646,282.229,282.725,238.137,-4.33283,-3.24768,0,336.722,209.985,339.934,0.990838,0.00235486,0.000392134
419.75,0,281.64,282.222,282.717,238.137,-4.32366,-3.24751,0,336.722,209.985,339.934,0.990933,0.00235472,0.000357882
420.25,0,281.632,282.215,282.709,238.136,-4.33559,-3.26428,0,336.595,209.967,339.934,0.991027,0.00236687,0.000408401
420.75,0,281.626,282.208,282.701,238.136,-4.32844,-3.26572,0,336.595,209.967,339.934,0.991121,0.0023679,0.000360219
421.25,0,281.62,282.201,282.693,238.135,-4.31994,-3.26597,0,336.595,209.967,339.934,0.991215,0.00236806,0.000393271
421.75,0,281.614,282.194,282.685,238.135,-4.31087,-3.26573,0,336.595,209.967,339.934,0.991309,0.00236788,0.000359232
422.25,0,281.606,282.187,282.677,238.135,-4.32275,-3.28237,0,336.469,209.949,339.934,0.991402,0.00237993,0.000409494
422.75,0,281.6,282.18,282.669,238.134,-4.31565,-3.28379,0,336.469,209.949,339.934,0.991495,0.00238094,0.000361556
423.25,0,281.594,282.173,282.661,238.134,-4.30721,-3.28401,0,336.469,209.949,339.934,0.991588,0.00238109,0.000394432
423.75,0,281.589,282.166,282.654,238.133,-4.29821,-3.28375,0,336.469,209.949,339.934,0.991682,0.00238089,0.000360568
424.25,0,281.581,282.159,282.646,238.133,-4.31002,-3.30027,0,336.343,209.931,339.934,0.991774,0.00239285,0.000410574
424.75,0,281.574,282.152,282.638,238.132,-4.30298,-3.30166,0,336.343,209.931,339.934,0.991866,0.00239384,0.000362878
425.25,0,281.569,282.145,282.63,238.132,-4.2946,-3.30186,0,336.343,209.931,339.934,0.991959,0.00239398,0.000395581
425.75,0,281.563,282.138,282.622,238.132,-4.28566,-3.30159,0,336.343,209.931,339.934,0.992052,0.00239376,0.000361891
426.25,0,281.555,282.131,282.614,238.131,-4.29763,-3.31777,0,336.218,209.913,339.934,0.992143,0.00240549,0.000411793
426.75,0,281.549,282.124,282.607,238.131,-4.29107,-3.31869,0,336.218,209.913,339.934,0.992235,0.00240614,0.000364654
427.25,0,281.543,282.117,282.599,238.13,-4.28319,-3.31844,0,336.218,209.913,339.934,0.992327,0.00240594,0.000397501
427.75,0,281.537,282.11,282.591,238.13,-4.27474,-3.31771,0,336.218,209.913,339.934,0.992419,0.0024054,0.000364301
428.25,0,281.53,282.103,282.583,238.129,-4.28676,-3.33367,0,336.094,209.895,339.934,0.99251,0.00241696,0.000414025
428.75,0,281.523,282.096,282.575,238.129,-4.28025,-3.33457,0,336.094,209.895,339.934,0.992601,0.0024176,0.000367122
429.25,0,281.518,282.089,282.568,238.129,-4.27242,-3.33431,0,336.094,209.895,339.934,0.992692,0.00241739,0.000399794
429.75,0,281.512,282.082,282.56,238.128,-4.26403,-3.33357,0,336.094,209.895,339.934,0.992784,0.00241684,0.000366763
430.25,0,281.504,282.075,282.552,238.128,-4.27599,-3.34941,0,335.97,209.877,339.934,0.992874,0.00242831,0.000416233
430.75,0,281.498,282.068,282.545,238.127,-4.2699,-3.34992,0,335.97,209.877,339.934,0.992964,0.00242867,0.000369833
431.25,0,281.492,282.062,282.537,238.127,-4.26276,-3.34899,0,335.97,209.877,339.934,0.993055,0.00242798,0.000402802
431.75,0,281.487,282.055,282.529,238.126,-4.25508,-3.34759,0,335.97,209.877,339.934,0.993146,0.00242695,0.000370408
432.25,0,281.479,282.048,282.522,238.126,-4.26745,-3.36285,0,335.847,209.859,339.934,0.993236,0.002438,0.000419962
432.75,0,281.473,282.041,282.514,238.126,-4.26167,-3.36307,0,335.847,209.859,339.934,0.993325,0.00243814,0.000373991
433.25,0,281.467,282.034,282.506,238.125,-4.25458,-3.36213,0,335.847,209.859,339.934,0.993416,0.00243745,0.000406784
433.75,0,281.461,282.028,282.499,238.125,-4.24754,-3.36013,0,335.847,209.859,339.934,0.993506,0.00243598,0.000374987
434.25,0,281.454,282.021,282.491,238.124,-4.26054,-3.37459,0,335.724,209.842,339.934,0.993595,0.00244646,0.00042479
434.75,0,281.448,282.014,282.483,238.124,-4.25576,-3.37383,0,335.724,209.842,339.934,0.993684,0.00244589,0.000379741
435.25,0,281.442,282.007,282.476,238.123,-4.24968,-3.37193,0,335.724,209.842,339.934,0.993773,0.0024445,0.000413056
435.75,0,281.436,282,282.468,238.123,-4.2437,-3.3689,0,335.724,209.842,339.934,0.993863,0.00244229,0.000382153
436.25,0,281.429,281.993,282.46,238.123,-4.25767,-3.38223,0,335.602,209.824,339.934,0.993951,0.00245194,0.000432451
436.75,0,281.423,281.987,282.453,238.122,-4.25435,-3.38003,0,335.602,209.824,339.934,0.99404,0.00245033,0.000388661
437.25,0,281.417,281.98,282.445,238.122,-4.24974,-3.3767,0,335.602,209.824,339.934,0.994129,0.0024479,0.000422836
437.75,0,281.411,281.973,282.438,238.121,-4.24461,-3.37287,0,335.602,209.824,339.934,0.994218,0.00244511,0.000392676
438.25,0,281.404,281.966,282.43,238.121,-4.25915,-3.38546,0,335.481,209.807,339.934,0.994306,0.00245422,0.000443179
438.75,0,281.398,281.96,282.423,238.12,-4.25674,-3.38238,0,335.481,209.807,339.934,0.994394,0.00245198,0.000400243
439.25,0,281.392,281.953,282.415,238.12,-4.25304,-3.37816,0,335.481,209.807,339.934,0.994482,0.00244891,0.000434878
439.75,0,281.387,281.947,282.408,238.12,-4.2488,-3.37348,0,335.481,209.807,339.934,0.99457,0.0024455,0.000405489
440.25,0,281.379,281.94,282.4,238.119,-4.26326,-3.38599,0,335.361,209.79,339.934,0.994658,0.00245456,0.00045573
440.75,0,281.373,281.933,282.393,238.119,-4.26085,-3.38293,0,335.361,209.79,339.934,0.994745,0.00245232,0.000412993
441.25,0,281.367,281.926,282.385,238.118,-4.25732,-3.37858,0,335.361,209.79,339.934,0.994833,0.00244916,0.000447549
441.75,0,281.362,281.92,282.378,238.118,-4.25369,-3.37335,0,335.361,209.79,339.934,0.994921,0.00244535,0.000418719
442.25,0,281.354,281.913,282.37,238.118,-4.26848,-3.38536,0,335.241,209.772,339.934,0.995007,0.00245404,0.000469
442.75,0,281.348,281.906,282.363,238.117,-4.26666,-3.38174,0,335.241,209.772,339.934,0.995094,0.0024514,0.00042688
443.25,0,281.343,281.9,282.355,238.117,-4.26356,-3.37699,0,335.241,209.772,339.934,0.99518,0.00244795,0.000499271
443.75,0,281.337,281.893,282.349,238.116,-4.25993,-3.3718,0,335.241,209.772,339.934,0.995261,0.00244417,0.000578611
444.25,0,281.33,281.886,282.342,238.116,-4.2745,-3.38366,0,335.122,209.755,339.934,0.995333,0.00245275,0.000584762
444.75,0,281.324,281.88,282.335,238.116,-4.27262,-3.38012,0,335.122,209.755,339.934,0.995399,0.00245017,0.000606016
445.25,0,281.318,281.874,282.328,238.115,-4.26944,-3.3755,0,335.122,209.755,339.934,0.995457,0.00244681,0.000628817
445.75,0,281.313,281.867,282.322,238.115,-4.2657,-3.37045,0,335.122,209.755,339.934,0.9955,0.00244314,0.00067278
446.25,0,281.305,281.861,282.315,238.114,-4.27933,-3.38168,0,335.007,209.738,339.934,0.995532,0.00245127,0.000692006
446.75,0,281.3,281.855,282.31,238.114,-4.27724,-3.37831,0,335.007,209.738,339.934,0.995555,0.0024488,0.000845721
447.25,0,281.294,281.849,282.304,238.114,-4.27386,-3.37387,0,335.007,209.738,339.934,0.995573,0.00244558,0.000754071
447.75,0,281.289,281.843,282.298,238.113,-4.26995,-3.369,0,335.007,209.738,339.934,0.995586,0.00244204,0.000861449
448.25,0,281.281,281.837,282.292,238.113,-4.28239,-3.37929,0,334.896,209.721,339.934,0.995596,0.00244948,0.000811608
448.75,0,281.275,281.831,282.286,238.112,-4.28014,-3.37595,0,334.896,209.721,339.934,0.995603,0.00244704,0.000878421
449.25,0,281.27,281.825,282.28,238.112,-4.27666,-3.37156,0,334.896,209.721,339.934,0.995609,0.00244385,0.000832335
449.75,0,281.265,281.819,282.275,238.112,-4.27267,-3.36673,0,334.896,209.721,339.934,0.995613,0.00244034,0.000891811
450.25,0,281.257,281.813,282.269,238.111,-4.28468,-3.37664,0,334.787,209.705,339.934,0.995617,0.0024475,0.000879195
450.75,0,281.251,281.807,282.263,238.111,-4.28236,-3.3733,0,334.787,209.705,339.934,0.995619,0.00244507,0.000907986
451.25,0,281.246,281.801,282.257,238.11,-4.27884,-3.36892,0,334.787,209.705,339.934,0.995622,0.00244188,0.000892448
451.75,0,281.241,281.795,282.252,238.11,-4.27483,-3.36411,0,334.787,209.705,339.934,0.995624,0.00243838,0.000921131
452.25,0,281.233,281.789,282.246,238.11,-4.28668,-3.37387,0,334.678,209.688,339.934,0.995626,0.00244544,0.000933132
452.75,0,281.228,281.783,282.24,238.109,-4.28433,-3.37052,0,334.678,209.688,339.934,0.995628,0.002443,0.000937396
453.25,0,281.222,281.777,282.234,238.109,-4.2808,-3.36615,0,334.678,209.688,339.934,0.99563,0.00243982,0.000941826
453.75,0,281.217,281.772,282.229,238.108,-4.27679,-3.36135,0,334.678,209.688,339.934,0.995631,0.00243633,0.000950696
454.25,0,281.21,281.766,282.223,238.108,-4.28854,-3.37102,0,334.571,209.671,339.934,0.995633,0.00244333,0.000978491
454.75,0,281.204,281.76,282.217,238.108,-4.28619,-3.36768,0,334.571,209.671,339.934,0.995634,0.00244089,0.00108064
455.25,0,281.198,281.754,282.211,238.107,-4.28267,-3.36332,0,334.571,209.671,339.934,0.995635,0.00243772,0.00113756
455.75,0,281.193,281.748,282.206,238.107,-4.27865,-3.35853,0,334.571,209.671,339.934,0.995636,0.00243424,0.00110424
456.25,0,281.186,281.742,282.2,238.106,-4.2903,-3.36811,0,334.464,209.655,339.934,0.995638,0.00244116,0.00117527
456.75,0,281.18,281.736,282.194,238.106,-4.28794,-3.36477,0,334.464,209.655,339.934,0.995639,0.00243873,0.00112945
457.25,0,281.175,281.73,282.189,238.106,-4.28442,-3.36042,0,334.464,209.655,339.934,0.99564,0.00243557,0.00118342
457.75,0,281.169,281.725,282.183,238.105,-4.28042,-3.35566,0,334.464,209.655,339.934,0.995641,0.0024321,0.00115069
458.25,0,281.162,281.719,282.177,238.105,-4.29199,-3.36516,0,334.357,209.639,339.934,0.995643,0.00243897,0.00121909
458.75,0,281.157,281.713,282.172,238.105,-4.28964,-3.36183,0,334.357,209.639,339.934,0.995644,0.00243655,0.0011739
459.25,0,281.151,281.707,282.166,238.104,-4.28612,-3.35751,0,334.357,209.639,339.934,0.995645,0.0024334,0.00122544
459.75,0,281.146,281.702,282.16,238.104,-4.28213,-3.35277,0,334.357,209.639,339.934,0.995646,0.00242995,0.00119342
460.25,0,281.139,281.696,282.155,238.103,-4.29365,-3.36221,0,334.252,209.623,339.934,0.995647,0.00243678,0.00125915
460.75,0,281.133,281.69,282.149,238.103,-4.2913,-3.3589,0,334.252,209.623,339.934,0.995648,0.00243437,0.00121507
461.25,0,281.128,281.684,282.143,238.103,-4.2878,-3.35459,0,334.252,209.623,339.934,0.995649,0.00243124,0.00126407
461.75,0,281.123,281.678,282.138,238.102,-4.28382,-3.34988,0,334.252,209.623,339.934,0.99565,0.00242781,0.0012332
462.25,0,281.115,281.672,282.132,238.102,-4.29528,-3.35926,0,334.146,209.606,339.934,0.995652,0.00243459,0.00129622
462.75,0,281.11,281.667,282.126,238.101,-4.29294,-3.35596,0,334.146,209.606,339.934,0.995653,0.00243219,0.00125355
463.25,0,281.104,281.661,282.121,238.101,-4.28945,-3.35168,0,334.146,209.606,339.934,0.995654,0.00242907,0.00130005
463.75,0,281.099,281.655,282.115,238.101,-4.28548,-3.34698,0,334.146,209.606,339.934,0.995655,0.00242566,0.00127051
464.25,0,281.092,281.649,282.11,238.1,-4.29689,-3.35631,0,334.041,209.59,339.934,0.995656,0.00243241,0.00133093
464.75,0,281.087,281.644,282.104,238.1,-4.29455,-3.35303,0,334.041,209.59,339.934,0.995657,0.00243002,0.00128976
465.25,0,281.081,281.638,282.098,238.1,-4.29107,-3.34877,0,334.041,209.59,339.934,0.995658,0.00242691,0.0013339
465.75,0,281.076,281.632,282.093,238.099,-4.28712,-3.34409,0,334.041,209.59,339.934,0.995659,0.00242351,0.0013057
466.25,0,281.069,281.626,282.087,238.099,-4.29848,-3.35336,0,333.937,209.574,339.934,0.99566,0.00243022,0.00136376
466.75,0,281.063,281.621,282.082,238.098,-4.29615,-3.3501,0,333.937,209.574,339.934,0.995662,0.00242784,0.001324
467.25,0,281.058,281.615,282.076,238.098,-4.29268,-3.34585,0,333.937,209.574,339.934,0.995663,0.00242475,0.00162442
467.75,0,281.053,281.609,282.071,238.098,-4.28874,-3.3412,0,333.937,209.574,339.934,0.995664,0.00242137,0.00148518
468.25,0,281.046,281.604,282.065,238.097,-4.30003,-3.3504,0,333.833,209.559,339.934,0.995665,0.00242802,0.00165512
468.75,0,281.04,281.598,282.059,238.097,-4.29771,-3.34715,0,333.833,209.559,339.934,0.995666,0.00242566,0.00151255
469.25,0,281.035,281.592,282.054,238.097,-4.29425,-3.34293,0,333.833,209.559,339.934,0.995667,0.00242258,0.00166014
469.75,0,281.03,281.587,282.048,238.096,-4.29032,-3.3383,0,333.833,209.559,339.934,0.995668,0.00241922,0.00153632
470.25,0,281.023,281.581,282.043,238.096,-4.30155,-3.34744,0,333.73,209.543,339.934,0.995669,0.00242583,0.00169025
470.75,0,281.018,281.575,282.037,238.096,-4.29923,-3.34421,0,333.73,209.543,339.934,0.99567,0.00242347,0.00156194
471.25,0,281.012,281.57,282.032,238.095,-4.29579,-3.34,0,333.73,209.543,339.934,0.995671,0.00242041,0.00169447
471.75,0,281.007,281.564,282.026,238.095,-4.29187,-3.3354,0,333.73,209.543,339.934,0.995672,0.00241706,0.00158412
472.25,0,281,281.558,282.021,238.094,-4.30306,-3.34449,0,333.627,209.527,339.934,0.995673,0.00242364,0.00172354
472.75,0,280.995,281.553,282.015,238.094,-4.30075,-3.34127,0,333.627,209.527,339.934,0.995674,0.00242129,0.00160827
473.25,0,280.99,281.547,282.01,238.094,-4.29732,-3.33709,0,333.627,209.527,339.934,0.995675,0.00241825,0.00172708
473.75,0,280.985,281.542,282.004,238.093,-4.29342,-3.33251,0,333.627,209.527,339.934,0.995676,0.00241492,0.00162908
474.25,0,280.978,281.536,281.999,238.093,-4.30456,-3.34155,0,333.525,209.512,339.934,0.995677,0.00242146,0.00175523
474.75,0,280.972,281.53,281.993,238.093,-4.30226,-3.33835,0,333.525,209.512,339.934,0.995678,0.00241913,0.00165193
475.25,0,280.967,281.525,281.988,238.092,-4.29884,-3.3342,0,333.525,209.512,339.934,0.995679,0.0024161,0.00175819
475.75,0,280.962,281.519,281.982,238.092,-4.29496,-3.32964,0,333.525,209.512,339.934,0.99568,0.00241279,0.00167152
476.25,0,280.955,281.513,281.977,238.092,-4.30605,-3.33863,0,333.423,209.496,339.934,0.995681,0.00241929,0.00178556
476.75,0,280.95,281.508,281.971,238.091,-4.30376,-3.33545,0,333.423,209.496,339.934,0.995682,0.00241698,0.00169319
477.25,0,280.944,281.502,281.966,238.091,-4.30036,-3.33132,0,333.423,209.496,339.934,0.995683,0.00241397,0.00178804
477.75,0,280.939,281.497,281.961,238.091,-4.29649,-3.32679,0,333.423,209.496,339.934,0.995684,0.00241068,0.00171167
478.25,0,280.933,281.491,281.955,238.09,-4.30754,-3.33572,0,333.322,209.481,339.934,0.995685,0.00241714,0.00181475
478.75,0,280.927,281.485,281.95,238.09,-4.30526,-3.33256,0,333.322,209.481,339.934,0.995686,0.00241483,0.00173227
479.25,0,280.922,281.48,281.944,238.09,-4.30187,-3.32845,0,333.322,209.481,339.934,0.995687,0.00241184,0.00181685
479.75,0,280.917,281.474,281.939,238.089,-4.29802,-3.32395,0,333.322,209.481,339.934,0.995688,0.00240857,0.00174974
480.25,0,280.91,281.469,281.933,238.089,-4.30902,-3.33283,0,333.221,209.465,339.934,0.995689,0.00241499,0.00184298
480.75,0,280.905,281.463,281.928,238.088,-4.30675,-3.32969,0,333.221,209.465,339.934,0.99569,0.0024127,0.00176936
481.25,0,280.9,281.458,281.923,238.088,-4.30337,-3.3256,0,333.221,209.465,339.934,0.995691,0.00240973,0.00184477
481.75,0,280.895,281.452,281.917,238.088,-4.29954,-3.32112,0,333.221,209.465,339.934,0.995692,0.00240647,0.00178592
482.25,0,280.888,281.447,281.912,238.087,-4.3105,-3.32995,0,333.12,209.45,339.934,0.995693,0.00241285,0.00217426
482.75,0,280.882,281.441,281.906,238.087,-4.30824,-3.32682,0,333.12,209.45,339.934,0.995694,0.00241058,0.00215273
483.25,0,280.877,281.436,281.901,238.087,-4.30487,-3.32275,0,333.12,209.45,339.934,0.995695,0.00240762,0.00218222
483.75,0,280.872,281.43,281.896,238.086,-4.30105,-3.3183,0,333.12,209.45,339.934,0.995696,0.00240438,0.00217233
484.25,0,280.866,281.425,281.89,238.086,-4.31198,-3.32709,0,333.02,209.435,339.934,0.995697,0.00241074,0.0022112
484.75,0,280.86,281.419,281.885,238.086,-4.30973,-3.32398,0,333.02,209.435,339.934,0.995698,0.00240847,0.00219392
485.25,0,280.855,281.414,281.88,238.085,-4.30638,-3.31994,0,333.02,209.435,339.934,0.995699,0.00240553,0.00221863
485.75,0,280.85,281.408,281.874,238.085,-4.30257,-3.31551,0,333.02,209.435,339.934,0.9957,0.00240231,0.00221254
486.25,0,280.843,281.403,281.869,238.085,-4.31346,-3.32425,0,332.92,209.42,339.934,0.995701,0.00240863,0.00224686
486.75,0,280.838,281.397,281.864,238.084,-4.31122,-3.32116,0,332.92,209.42,339.934,0.995702,0.00240638,0.00223318
487.25,0,280.833,281.392,281.858,238.084,-4.30789,-3.31714,0,332.92,209.42,339.934,0.995703,0.00240346,0.0022538
487.75,0,280.828,281.387,281.853,238.084,-4.3041,-3.31274,0,332.92,209.42,339.934,0.995704,0.00240026,0.00225091
488.25,0,280.821,281.381,281.848,238.083,-4.31494,-3.32144,0,332.821,209.405,339.934,0.995705,0.00240655,0.00228134
488.75,0,280.816,281.375,281.842,238.083,-4.31271,-3.31837,0,332.821,209.405,339.934,0.995706,0.00240431,0.00227068
489.25,0,280.811,281.37,281.837,238.083,-4.30939,-3.31437,0,332.821,209.405,339.934,0.995707,0.0024014,0.00228785
489.75,0,280.806,281.365,281.832,238.082,-4.30562,-3.30999,0,332.821,209.405,339.934,0.995708,0.00239821,0.00228759
490.25,0,280.8,281.359,281.826,238.082,-4.31642,-3.31864,0,332.722,209.39,339.934,0.995709,0.00240447,0.00231475
490.75,0,280.794,281.354,281.821,238.082,-4.3142,-3.31559,0,332.722,209.39,339.934,0.99571,0.00240225,0.00230655
491.25,0,280.789,281.348,281.816,238.081,-4.3109,-3.31161,0,332.722,209.39,339.934,0.995711,0.00239935,0.00232085
491.75,0,280.784,281.343,281.81,238.081,-4.30715,-3.30726,0,332.722,209.39,339.934,0.995712,0.00239619,0.0023227
492.25,0,280.778,281.338,281.805,238.081,-4.3179,-3.31586,0,332.624,209.376,339.934,0.995713,0.00240241,0.00234715
492.75,0,280.772,281.332,281.8,238.08,-4.3157,-3.31283,0,332.624,209.376,339.934,0.995714,0.0024002,0.00234092
493.25,0,280.767,281.327,281.795,238.08,-4.31241,-3.30887,0,332.624,209.376,339.934,0.995715,0.00239732,0.00235288
493.75,0,280.763,281.322,281.789,238.08,-4.30867,-3.30454,0,332.624,209.376,339.934,0.995716,0.00239417,0.00235637
494.25,0,280.756,281.316,281.784,238.079,-4.31939,-3.3131,0,332.526,209.361,339.934,0.995717,0.00240037,0.00237862
494.75,0,280.751,281.311,281.779,238.079,-4.31719,-3.31009,0,332.526,209.361,339.934,0.995718,0.00239817,0.00237391
495.25,0,280.746,281.305,281.774,238.079,-4.31391,-3.30615,0,332.526,209.361,339.934,0.995719,0.00239531,0.00238401
495.75,0,280.741,281.3,281.768,238.078,-4.31019,-3.30185,0,332.526,209.361,339.934,0.99572,0.00239217,0.00238872
496.25,0,280.734,281.295,281.763,238.078,-4.32087,-3.31036,0,332.428,209.346,339.934,0.995721,0.00239833,0.00240921
496.75,0,280.729,281.289,281.758,238.078,-4.31868,-3.30736,0,332.428,209.346,339.934,0.995722,0.00239615,0.00240564
497.25,0,280.724,281.284,281.753,238.078,-4.31542,-3.30345,0,332.428,209.346,339.934,0.995723,0.0023933,0.00241427
497.75,0,280.719,281.279,281.748,238.077,-4.31171,-3.29917,0,332.428,209.346,339.934,0.995723,0.00239019,0.00241986
498.25,0,280.713,281.273,281.742,238.077,-4.32235,-3.30764,0,332.331,209.332,339.934,0.995725,0.00239631,0.00243896
498.75,0,280.708,281.268,281.737,238.077,-4.32017,-3.30465,0,332.331,209.332,339.934,0.995725,0.00239414,0.0024362
499.25,0,280.703,281.263,281.732,238.076,-4.31692,-3.30077,0,332.331,209.332,339.934,0.995726,0.00239131,0.00257205
499.75,0,280.698,281.257,281.727,238.076,-4.31323,-3.2965,0,332.331,209.332,339.934,0.995727,0.00238821,0.0033954
500.25,0,280.691,281.252,281.722,238.076,-4.32386,-3.30497,0,332.234,209.317,339.934,0.995728,0.00239433,0.00260255
500.75,0,280.686,281.247,281.716,238.075,-4.3217,-3.30201,0,332.234,209.317,339.934,0.995729,0.00239217,0.00340689
501.25,0,280.681,281.241,281.711,238.075,-4.31847,-3.29814,0,332.234,209.317,339.934,0.99573,0.00238936,0.00261828
501.75,0,280.677,281.236,281.706,238.075,-4.3148,-3.29391,0,332.234,209.317,339.934,0.995731,0.00238628,0.00341546
502.25,0,280.67,281.231,281.701,238.074,-4.32544,-3.30236,0,332.137,209.303,339.934,0.995732,0.0023924,0.00264932
502.75,0,280.665,281.225,281.696,238.074,-4.32329,-3.29942,0,332.137,209.303,339.934,0.995733,0.00239026,0.00342564
503.25,0,280.66,281.22,281.691,238.074,-4.32008,-3.29558,0,332.137,209.303,339.934,0.995734,0.00238746,0.0026654
503.75,0,280.655,281.215,281.685,238.074,-4.31643,-3.29137,0,332.137,209.303,339.934,0.995735,0.0023844,0.00343301
504.25,0,280.649,281.21,281.68,238.073,-4.32702,-3.29979,0,332.041,209.289,339.934,0.995736,0.00239049,0.00333599
504.75,0,280.644,281.204,281.675,238.073,-4.32488,-3.29686,0,332.041,209.289,339.934,0.995737,0.00238835,0.00488673
505.25,0,280.639,281.199,281.67,238.073,-4.32169,-3.29304,0,332.041,209.289,339.934,0.995738,0.00238558,0.00449639
505.75,0,280.634,281.194,281.665,238.073,-4.31805,-3.28886,0,332.041,209.289,339.934,0.995739,0.00238253,0.00490865
506.25,0,280.628,281.189,281.66,238.072,-4.329,-3.29757,0,331.942,209.276,339.934,0.99574,0.00238884,0.00452285
506.75,0,280.622,281.183,281.655,238.072,-4.32692,-3.29471,0,331.942,209.276,339.934,0.995741,0.00238675,0.00493123
507.25,0,280.618,281.178,281.65,238.072,-4.32377,-3.29093,0,331.942,209.276,339.934,0.995742,0.002384,0.00454665
507.75,0,280.613,281.173,281.645,238.072,-4.32016,-3.28678,0,331.942,209.276,339.934,0.995742,0.00238098,0.00495091
508.25,0,280.606,281.168,281.639,238.071,-4.33114,-3.29551,0,331.843,209.262,339.934,0.995744,0.0023873,0.00457234
508.75,0,280.601,281.163,281.634,238.071,-4.3291,-3.29268,0,331.843,209.262,339.934,0.995745,0.00238523,0.00497138
509.25,0,280.596,281.157,281.629,238.071,-4.32597,-3.28893,0,331.843,209.262,339.934,0.995746,0.00238251,0.00459559
509.75,0,280.592,281.152,281.624,238.071,-4.32238,-3.2848,0,331.843,209.262,339.934,0.995746,0.00237951,0.00498911
510.25,0,280.585,281.147,281.619,238.07,-4.33333,-3.2935,0,331.744,209.249,339.934,0.995748,0.00238579,0.00462052
510.75,0,280.58,281.142,281.614,238.07,-4.3313,-3.29068,0,331.744,209.249,339.934,0.995749,0.00238374,0.00500774
511.25,0,280.575,281.137,281.609,238.07,-4.32818,-3.28696,0,331.744,209.249,339.934,0.99575,0.00238103,0.0046431
511.75,0,280.571,281.132,281.604,238.07,-4.32461,-3.28285,0,331.744,209.249,339.934,0.99575,0.00237805,0.00502377
512.25,0,280.564,281.126,281.599,238.069,-4.33552,-3.29151,0,331.646,209.235,339.934,0.995752,0.00238431,0.00466716
512.75,0,280.559,281.121,281.594,238.069,-4.3335,-3.28871,0,331.646,209.235,339.934,0.995753,0.00238227,0.00504077
513.25,0,280.554,281.116,281.589,238.069,-4.3304,-3.285,0,331.646,209.235,339.934,0.995754,0.00237957,0.00468901
513.75,0,280.55,281.111,281.584,238.069,-4.32685,-3.28092,0,331.646,209.235,339.934,0.995755,0.0023766,0.00505528
514.25,0,280.543,281.105,281.579,238.068,-4.33772,-3.28953,0,331.548,209.222,339.934,0.995756,0.00238283,0.00471215
514.75,0,280.538,281.1,281.574,238.068,-4.33571,-3.28675,0,331.548,209.222,339.934,0.995757,0.0023808,0.00507083
515.25,0,280.533,281.095,281.569,238.068,-4.33262,-3.28306,0,331.548,209.222,339.934,0.995758,0.00237812,0.00473323
515.75,0,280.529,281.09,281.564,238.068,-4.32909,-3.279,0,331.548,209.222,339.934,0.995759,0.00237517,0.00590111
516.25,0,280.522,281.085,281.559,238.067,-4.33997,-3.28761,0,331.45,209.209,339.934,0.99576,0.00238139,0.00525218
516.75,0,280.517,281.08,281.554,238.067,-4.33798,-3.28485,0,331.45,209.209,339.934,0.995761,0.00237938,0.00590025
517.25,0,280.512,281.075,281.549,238.067,-4.33491,-3.28118,0,331.45,209.209,339.934,0.995762,0.00237671,0.00525415
517.75,0,280.508,281.07,281.544,238.067,-4.33139,-3.27715,0,331.45,209.209,339.934,0.995763,0.00237378,0.00589724
518.25,0,280.501,281.064,281.539,238.067,-4.34233,-3.28581,0,331.352,209.196,339.934,0.995764,0.00238004,0.00524905
518.75,0,280.496,281.059,281.534,238.066,-4.34036,-3.28307,0,331.352,209.196,339.934,0.995765,0.00237805,0.00589534
519.25,0,280.492,281.054,281.529,238.066,-4.33731,-3.27943,0,331.352,209.196,339.934,0.995766,0.0023754,0.00525223
519.75,0,280.487,281.049,281.524,238.066,-4.33381,-3.27542,0,331.352,209.196,339.934,0.995767,0.00237248,0.00589144
520.25,0,280.481,281.044,281.519,238.066,-4.3447,-3.28402,0,331.255,209.183,339.934,0.995768,0.0023787,0.00524835
520.75,0,280.476,281.039,281.514,238.066,-4.34275,-3.2813,0,331.255,209.183,339.934,0.995769,0.00237672,0.00588875
521.25,0,280.471,281.034,281.509,238.065,-4.33971,-3.27768,0,331.255,209.183,339.934,0.99577,0.00237409,0.0052525
521.75,0,280.466,281.029,281.504,238.065,-4.33623,-3.27369,0,331.255,209.183,339.934,0.995771,0.00237118,0.00588415
522.25,0,280.46,281.023,281.499,238.065,-4.34707,-3.28224,0,331.158,209.17,339.934,0.995772,0.00237737,0.00524962
522.75,0,280.455,281.018,281.494,238.065,-4.34512,-3.27953,0,331.158,209.17,339.934,0.995773,0.0023754,0.00588081
523.25,0,280.45,281.013,281.489,238.065,-4.3421,-3.27593,0,331.158,209.17,339.934,0.995774,0.00237278,0.00525458
523.75,0,280.446,281.008,281.484,238.064,-4.33863,-3.27196,0,331.158,209.17,339.934,0.995775,0.00236989,0.00587563
524.25,0,280.439,281.003,281.479,238.064,-4.34942,-3.28046,0,331.061,209.158,339.934,0.995776,0.00237604,0.00525254
524.75,0,280.434,280.998,281.474,238.064,-4.34748,-3.27777,0,331.061,209.158,339.934,0.995777,0.00237407,0.00587175
525.25,0,280.43,280.993,281.469,238.064,-4.34447,-3.27418,0,331.061,209.158,339.934,0.995778,0.00237147,0.0052582
525.75,0,280.425,280.988,281.464,238.063,-4.34102,-3.27023,0,331.061,209.158,339.934,0.995779,0.0023686,0.0058661
526.25,0,280.419,280.983,281.459,238.063,-4.35176,-3.27868,0,330.965,209.145,339.934,0.99578,0.00237471,0.00525687
526.75,0,280.414,280.978,281.455,238.063,-4.34983,-3.276,0,330.965,209.145,339.934,0.995781,0.00237275,0.00586178
527.25,0,280.409,280.973,281.45,238.063,-4.34683,-3.27244,0,330.965,209.145,339.934,0.995782,0.00237016,0.0052631
527.75,0,280.404,280.968,281.445,238.063,-4.34339,-3.2685,0,330.965,209.145,339.934,0.995783,0.0023673,0.00585575
528.25,0,280.398,280.963,281.44,238.062,-4.35408,-3.27691,0,330.869,209.132,339.934,0.995784,0.00237337,0.00526239
528.75,0,280.393,280.957,281.435,238.062,-4.35216,-3.27424,0,330.869,209.132,339.934,0.995785,0.00237143,0.00585107
529.25,0,280.389,280.953,281.43,238.062,-4.34917,-3.27069,0,330.869,209.132,339.934,0.995786,0.00236885,0.0052691
529.75,0,280.384,280.948,281.425,238.062,-4.34575,-3.26677,0,330.869,209.132,339.934,0.995787,0.002366,0.00584474
530.25,0,280.378,280.942,281.42,238.062,-4.35639,-3.27513,0,330.773,209.12,339.934,0.995788,0.00237204,0.0052689
530.75,0,280.373,280.937,281.415,238.061,-4.35447,-3.27247,0,330.773,209.12,339.934,0.995789,0.00237011,0.00583979
531.25,0,280.368,280.932,281.411,238.061,-4.3515,-3.26894,0,330.773,209.12,339.934,0.99579,0.00236754,0.005276
531.75,0.00176758,280.375,280.93,281.406,238.061,-4.26797,-3.1961,0.564383,330.773,209.12,339.934,0.995786,0.00231478,0.00576401
532.25,0.00620022,280.399,280.932,281.401,238.061,-4.06929,-3.02512,1.97972,330.683,209.112,339.934,0.995764,0.00219098,0.0051116
532.75,0.0106327,280.433,280.938,281.396,238.061,-3.83273,-2.82124,3.39501,330.683,209.112,339.934,0.995737,0.00204335,0.00564164
533.25,0.015065,280.471,280.947,281.392,238.061,-3.58507,-2.60648,4.81024,330.683,209.112,339.934,0.995707,0.00188786,0.00502711
533.75,0.0194971,280.513,280.958,281.387,238.061,-3.33192,-2.38486,6.22537,330.683,209.112,339.934,0.995675,0.00172738,0.00555186
534.25,0.0239287,280.563,280.974,281.383,238.061,-3.13855,-2.1573,7.74339,330.688,209.171,490.937,0.995549,0.00156261,0.004726
534.75,0.0283599,280.615,280.992,281.38,238.061,-2.87489,-1.89588,9.27444,330.688,209.171,490.937,0.995454,0.00137331,0.00542421
535.25,0.0327905,280.669,281.012,281.376,238.061,-2.60852,-1.63307,10.8053,330.688,209.171,490.937,0.995378,0.00118298,0.00467948
535.75,0.0372204,280.725,281.034,281.373,238.061,-2.34133,-1.36805,12.3359,330.688,209.171,490.937,0.995313,0.000991047,0.00533731
536.25,0.0416497,280.789,281.06,281.371,238.061,-2.18298,-1.07104,13.8663,330.806,209.265,490.937,0.995149,0.000775923,0.00436295
536.75,0.0460781,280.851,281.087,281.369,238.061,-1.92733,-0.782055,15.3964,330.806,209.265,490.937,0.995021,0.000566593,0.0052303
537.25,0.0505056,280.915,281.115,281.367,238.062,-1.65271,-0.516969,16.9476,330.806,209.265,490.937,0.994925,0.000375911,0.00433616
537.75,0.0549321,280.984,281.145,281.367,238.062,-1.32121,-0.261892,18.6648,330.806,209.265,490.937,0.994844,0.000198891,0.0050982
538.25,0.0593575,281.062,281.18,281.366,238.062,-1.06652,0.0161481,20.3816,331.018,209.381,490.937,0.994662,2.16817e-05,0.00389905
538.75,0.0637818,281.138,281.215,281.367,238.062,-0.639753,0.192019,22.0979,331.018,209.381,490.937,0.994484,0,0.00483367
539.25,0.0682048,281.217,281.254,281.368,238.063,-0.276283,0.432419,23.8137,331.018,209.381,490.937,0.994095,0,0.00377549
539.75,0.0726265,281.283,281.293,281.37,238.063,0.117835,0.914429,25.529,331.018,209.381,490.937,0.993514,0,0.00472499
540.25,0.0770467,281.348,281.342,281.373,238.064,0.759479,1.36771,27.2438,331.332,209.518,692.2,0.992786,0,0.0033839
540.75,0.0814655,281.405,281.387,281.377,238.064,1.372,1.71561,28.9579,331.332,209.518,692.2,0.991471,0,0.00458896
541.25,0.0858826,281.461,281.435,281.381,238.065,2.01936,2.01018,30.6715,331.332,209.518,692.2,0.99053,0,0.00335538
541.75,0.090298,281.519,281.484,281.387,238.065,2.60444,2.28251,32.3844,331.332,209.518,692.2,0.98947,0,0.00444291
542.25,0.0947117,281.579,281.534,281.394,238.066,3.32372,2.63297,34.0966,331.785,209.629,692.2,0.987602,0,0.00306115
542.75,0.0991235,281.632,281.58,281.403,238.066,3.93444,3.02181,35.8081,331.785,209.629,692.2,0.986566,0,0.00432846
543.25,0.103533,281.688,281.628,281.414,238.067,4.64133,3.33024,37.7326,331.785,209.629,692.2,0.985419,0,0.00302836
543.75,0.107941,281.746,281.678,281.426,238.068,5.33106,3.65327,39.7091,331.785,209.629,692.2,0.984178,0,0.00418683
544.25,0.112347,281.809,281.731,281.44,238.069,6.20508,4.02389,41.6848,332.29,209.738,692.2,0.982797,0,0.00270127
544.75,0.11675,281.868,281.782,281.458,238.069,6.85538,4.41835,43.6594,332.29,209.738,692.2,0.980698,0,0.00396679
545.25,0.121152,281.923,281.828,281.481,238.07,7.57166,4.85488,45.633,332.29,209.738,956.226,0.979508,0,0.00274566
545.75,0.12555,281.979,281.876,281.506,238.071,8.30481,5.19776,47.6056,332.29,209.738,956.226,0.978251,0,0.00384006
546.25,0.129947,282.04,281.927,281.534,238.072,9.24007,5.58534,49.577,332.844,209.852,956.226,0.976898,0,0.0024637
546.75,0.134341,282.1,281.979,281.564,238.073,9.92528,5.95184,51.5473,332.844,209.852,956.226,0.975499,0,0.00362147
547.25,0.138732,282.16,282.033,281.596,238.073,10.5712,6.32175,53.5164,332.844,209.852,956.226,0.974066,0,0.00245824
547.75,0.14312,282.219,282.085,281.636,238.074,11.1812,6.75777,55.4843,332.844,209.852,956.226,0.971441,0,0.00418999
548.25,0.147506,282.277,282.131,281.681,238.075,12.1129,7.31103,57.4509,333.454,209.97,956.226,0.97023,0,0.00223581
548.75,0.151889,282.333,282.179,281.726,238.076,12.8866,7.67471,59.4163,333.454,209.97,956.226,0.968964,0,0.00329699
549.25,0.156268,282.39,282.228,281.773,238.077,13.5953,8.0398,61.3803,333.454,209.97,956.226,0.967656,0,0.00218766
549.75,0.160645,282.447,282.278,281.821,238.078,14.2779,8.41049,63.3429,333.454,209.97,956.226,0.966314,0,0.00319901
550.25,0.165019,282.509,282.33,281.871,238.079,15.2059,8.82755,65.3041,334.053,210.085,956.226,0.964911,0,0.00196761
550.75,0.169389,282.569,282.383,281.922,238.08,15.8749,9.21921,67.2638,334.053,210.085,1308.03,0.963478,0,0.00309549
551.25,0.173756,282.63,282.438,281.976,238.082,16.592,9.69276,69.473,334.053,210.085,1308.03,0.960696,0,0.00517755
551.75,0.178119,282.689,282.487,282.024,238.083,17.254,10.3499,71.7212,334.053,210.085,1308.03,0.958456,0,0.00290499
552.25,0.182479,282.748,282.532,282.069,238.084,18.43,10.8827,73.9676,334.715,210.207,1308.03,0.957267,0,0.00180495
552.75,0.186836,282.804,282.579,282.116,238.085,19.3474,11.2808,76.2122,334.715,210.207,1308.03,0.956019,0,0.0027407
553.25,0.191189,282.862,282.628,282.164,238.086,20.2034,11.6823,78.4549,334.715,210.207,1308.03,0.954722,0,0.00164706
553.75,0.195538,282.921,282.678,282.214,238.088,21.0319,12.0918,80.6957,334.715,210.207,1308.03,0.95338,0,0.00247888
554.25,0.199883,282.984,282.729,282.265,238.089,22.1199,12.5539,82.9344,335.354,210.327,1308.03,0.951976,0,0.00141553
554.75,0.204224,283.045,282.782,282.318,238.09,22.9343,12.9883,85.1712,335.354,210.327,1308.03,0.950533,0,0.0023874
555.25,0.208561,283.107,282.835,282.371,238.091,23.7081,13.4265,87.4059,335.354,210.327,1308.03,0.949057,0,0.00139204
555.75,0.212894,283.167,282.89,282.425,238.093,24.4093,14.0037,89.6385,335.354,210.327,1308.03,0.945774,0,0.0101918
556.25,0.217223,283.234,282.946,282.481,238.094,25.327,14.7327,91.8689,336.074,210.456,1308.03,0.942441,0,0.00212058
556.75,0.221548,283.289,282.991,282.526,238.096,26.0663,15.4709,94.0971,336.074,210.456,1759.97,0.941266,0,0.00196024
557.25,0.225868,283.345,283.037,282.572,238.097,26.9869,15.8818,96.3231,336.074,210.456,1759.97,0.940079,0,0.00132115
557.75,0.230184,283.401,283.084,282.619,238.099,27.8557,16.2943,98.5468,336.074,210.456,1759.97,0.938851,0,0.00182733
558.25,0.234496,283.462,283.132,282.667,238.1,28.9987,16.762,100.768,336.763,210.579,1759.97,0.93757,0,0.00104973
558.75,0.238802,283.52,283.181,282.717,238.101,29.8467,17.1968,102.987,336.763,210.579,1759.97,0.936255,0,0.00167352
559.25,0.243104,283.579,283.232,282.767,238.103,30.6504,17.6342,105.204,336.763,210.579,1759.97,0.934909,0,0.00105685
559.75,0.247402,283.638,283.283,282.818,238.104,31.4352,18.0786,107.418,336.763,210.579,1759.97,0.933535,0,0.0016102
560.25,0.251694,283.703,283.336,282.871,238.106,32.5739,18.5877,109.742,337.487,210.706,1759.97,0.932115,0,0.000957611
560.75,0.255982,283.764,283.389,282.924,238.108,33.465,19.1446,112.235,337.487,210.706,1759.97,0.927931,0,0.0205462
561.25,0.260264,283.827,283.444,282.979,238.11,34.0935,20.0748,114.725,337.487,210.706,1759.97,0.926504,0,0.00097611
561.75,0.264542,283.893,283.5,283.035,238.111,34.94,20.5628,117.212,337.487,210.706,1759.97,0.925048,0,0.0010542
562.25,0.268814,283.953,283.548,283.083,238.113,35.9863,21.5898,119.696,338.281,210.844,1759.97,0.920676,0,0.00318225
562.75,0.273081,284.009,283.593,283.128,238.115,37.0134,22.161,122.178,338.281,210.844,1759.97,0.919551,0,0.000974087
563.25,0.277342,284.066,283.639,283.173,238.116,38.0314,22.612,124.656,338.281,210.844,2361.86,0.918387,0,0.000861735
563.75,0.281598,284.123,283.686,283.22,238.118,39.0149,23.0688,127.13,338.281,210.844,2361.86,0.917186,0,0.000989586
564.25,0.285849,284.184,283.734,283.268,238.12,40.2883,23.5845,129.602,339,210.97,2361.86,0.915939,0,0.000797216
564.75,0.290094,284.243,283.783,283.317,238.122,41.2589,24.0646,132.071,339,210.97,2361.86,0.914658,0,0.000931139
565.25,0.294333,284.303,283.833,283.367,238.123,42.1847,24.5477,134.536,339,210.97,2361.86,0.913348,0,0.000784184
565.75,0.298566,284.363,283.883,283.417,238.125,43.0916,25.0379,136.997,339,210.97,2361.86,0.912009,0,0.000908818
566.25,0.302794,284.428,283.935,283.469,238.127,44.3234,25.5914,139.456,339.777,211.102,2361.86,0.910631,0,0.000716599
566.75,0.307015,284.486,283.988,283.522,238.13,45.2039,26.1888,141.91,339.777,211.102,2361.86,0.905002,0,0.0444995
567.25,0.311231,284.548,284.042,283.576,238.132,45.6611,27.4371,144.362,339.777,211.102,2361.86,0.90365,0,0.000701694
567.75,0.31544,284.612,284.097,283.63,238.134,46.4831,27.9427,146.809,339.777,211.102,2361.86,0.902276,0,0.000855716
568.25,0.319644,284.68,284.152,283.686,238.136,47.6772,28.5189,149.254,340.601,211.246,2361.86,0.900866,0,0.000596699
568.75,0.323841,284.74,284.209,283.742,238.138,48.345,29.4717,151.694,340.601,211.246,3113.18,0.894932,0,0.00738591
569.25,0.328031,284.796,284.253,283.787,238.14,48.9493,30.5893,154.131,340.601,211.246,3113.18,0.893069,0,0.00134982
569.75,0.332215,284.85,284.297,283.831,238.142,49.9765,31.0728,156.564,340.601,211.246,3113.18,0.892022,0,0.00080152
570.25,0.336393,284.91,284.342,283.875,238.144,51.3162,31.5985,158.993,341.411,211.38,3113.18,0.890937,0,0.000505702
570.75,0.340564,284.965,284.388,283.921,238.146,52.3101,32.0788,161.419,341.411,211.38,3113.18,0.889823,0,0.000772032
571.25,0.344728,285.021,284.434,283.967,238.148,53.2528,32.5604,163.84,341.411,211.38,3113.18,0.888685,0,0.000494787
571.75,0.348886,285.078,284.481,284.014,238.15,54.1746,33.0477,166.258,341.411,211.38,3113.18,0.887523,0,0.000742629
572.25,0.353037,285.141,284.529,284.062,238.152,55.5167,33.6147,168.886,342.194,211.51,3113.18,0.886326,0,0.000407466
572.75,0.35718,285.2,284.578,284.111,238.154,56.5797,34.1463,171.589,342.194,211.51,3113.18,0.885101,0,0.000710547
573.25,0.361317,285.26,284.628,284.161,238.156,57.6032,34.6819,174.287,342.194,211.51,3113.18,0.88385,0,0.000396582
573.75,0.365447,285.314,284.678,284.211,238.161,58.2454,35.992,176.98,342.194,211.51,3113.18,0.876328,0,0.0857565
574.25,0.369569,285.38,284.73,284.262,238.163,59.2454,37.0871,179.669,342.988,211.66,3113.18,0.875112,0,0.00034598
574.75,0.373685,285.442,284.782,284.315,238.166,60.2422,37.6352,182.353,342.988,211.66,3113.18,0.873872,0,0.000238674
575.25,0.377792,285.505,284.835,284.368,238.168,61.2098,38.1882,185.032,342.988,211.66,3113.18,0.87261,0,0.000324695
575.75,0.381893,285.569,284.889,284.422,238.17,62.1658,38.7489,187.706,342.988,211.66,3113.18,0.871327,0,0.000223564
576.25,0.385986,285.638,284.944,284.476,238.172,63.5067,39.3852,190.376,343.896,211.805,3113.18,0.870014,0,0.000219064
576.75,0.390071,285.696,284.999,284.531,238.175,63.997,40.9624,193.04,343.896,211.805,3113.18,0.86219,0,0.016018
577.25,0.394149,285.755,285.049,284.581,238.178,64.6174,42.0867,195.7,343.896,211.805,3113.18,0.859529,0,0.00413998
577.75,0.398219,285.81,285.092,284.624,238.18,65.6838,42.7268,198.354,343.896,211.805,3113.18,0.858551,0,0.000562272
578.25,0.402281,285.87,285.137,284.669,238.182,67.1557,43.3086,201.004,344.767,211.947,3113.18,0.857539,0,0.000232719
578.75,0.406335,285.926,285.182,284.714,238.185,68.2555,43.8377,203.648,344.767,211.947,3113.18,0.856505,0,0.000505478
579.25,0.410381,285.97,285.227,284.759,238.194,68.7311,45.5769,206.287,344.767,211.947,3113.18,0.845353,0,0.210598
579.75,0.41442,286.027,285.273,284.805,238.196,69.1663,46.9949,208.92,344.767,211.947,3113.18,0.844402,0,0
580.25,0.41845,286.087,285.321,284.852,238.198,70.4416,47.5632,211.549,345.455,212.11,3113.18,0.843418,0,0
580.75,0.422471,286.146,285.368,284.9,238.201,71.4566,48.0965,214.172,345.455,212.11,3113.18,0.842414,0,0
581.25,0.426485,286.204,285.417,284.948,238.203,72.4398,48.6326,216.79,345.455,212.11,3113.18,0.84139,0,0
581.75,0.43049,286.263,285.466,284.997,238.206,73.4103,49.1752,219.402,345.455,212.11,3113.18,0.840349,0,0
582.25,0.434487,286.327,285.516,285.047,238.208,74.7589,49.7934,222.008,346.352,212.251,3113.18,0.839283,0,0
582.75,0.438475,286.387,285.566,285.097,238.211,75.7456,50.3582,224.61,346.352,212.251,3113.18,0.838199,0,0
583.25,0.442454,286.448,285.617,285.148,238.213,76.688,50.9239,227.205,346.352,212.251,3113.18,0.837098,0,0
583.75,0.446425,286.509,285.668,285.199,238.216,77.6152,51.4955,229.795,346.352,212.251,3113.18,0.835982,0,0
584.25,0.450387,286.575,285.72,285.251,238.219,78.9414,52.1465,232.379,347.3,212.397,3113.18,0.834845,0,0
584.75,0.454341,286.623,285.772,285.303,238.223,78.9321,54.6941,234.957,347.3,212.397,3113.18,0.822491,0,0.0482372
585.25,0.458285,286.684,285.825,285.356,238.225,79.4701,55.7136,237.53,347.3,212.397,3113.18,0.821543,0,0
585.75,0.46222,286.743,285.878,285.408,238.228,80.2427,56.5107,240.096,347.3,212.397,3113.18,0.817812,0,0.0109522
586.25,0.466146,286.802,285.922,285.452,238.231,81.3321,57.6268,242.657,348.186,212.547,3113.18,0.816249,0,0.00246317
586.75,0.470063,286.854,285.963,285.493,238.234,82.4606,58.1669,245.212,348.186,212.547,3113.18,0.815509,0,0
587.25,0.473971,286.907,286.004,285.535,238.236,83.5194,58.6721,247.76,348.186,212.547,3113.18,0.81475,0,0
587.75,0.47787,286.959,286.046,285.577,238.239,84.5485,59.1804,250.303,348.186,212.547,3113.18,0.813974,0,0
588.25,0.481759,287.016,286.089,285.62,238.242,85.9228,59.7608,252.84,349.033,212.681,3113.18,0.813175,0,0
588.75,0.485638,287.07,286.132,285.663,238.245,86.9519,60.2872,255.37,349.033,212.681,3113.18,0.812359,0,0
589.25,0.489508,287.123,286.176,285.707,238.248,87.9351,60.8137,257.894,349.033,212.681,3113.18,0.811526,0,0
589.75,0.493369,287.177,286.221,285.751,238.25,88.9007,61.3451,260.412,349.033,212.681,3113.18,0.810678,0,0
590.25,0.49722,287.236,286.265,285.796,238.253,90.2339,61.9524,262.923,349.918,212.816,3113.18,0.80981,0,0
590.75,0.501061,287.292,286.311,285.841,238.256,91.2398,62.5082,265.494,349.918,212.816,3113.18,0.808926,0,0
591.25,0.504892,287.348,286.357,285.887,238.259,92.2793,63.0781,268.232,349.918,212.816,3113.18,0.808026,0,0
591.75,0.508713,287.405,286.403,285.933,238.262,93.3102,63.6551,270.962,349.918,212.816,3113.18,0.80711,0,0
592.25,0.512524,287.467,286.45,285.98,238.265,94.7284,64.3127,273.685,350.844,212.958,3113.18,0.806173,0,0
592.75,0.516325,287.525,286.498,286.028,238.268,95.7756,64.9112,276.401,350.844,212.958,3113.18,0.805221,0,0
593.25,0.520117,287.583,286.546,286.076,238.271,96.7774,65.5103,279.109,350.844,212.958,3113.18,0.804253,0,0
593.75,0.523897,287.642,286.595,286.124,238.274,97.7634,66.1149,281.81,350.844,212.958,3113.18,0.803272,0,0
594.25,0.527668,287.705,286.644,286.173,238.277,99.1272,66.7994,284.504,351.753,213.108,3113.18,0.802271,0,0
594.75,0.531428,287.765,286.694,286.223,238.28,100.127,67.4252,287.191,351.753,213.108,3113.18,0.801257,0,0
595.25,0.535178,287.824,286.744,286.273,238.283,101.083,68.0513,289.87,351.753,213.108,3113.18,0.800229,0,0
595.75,0.538917,287.885,286.794,286.324,238.286,102.023,68.6828,292.541,351.753,213.108,3113.18,0.799189,0,0
596.25,0.542645,287.95,286.846,286.375,238.289,103.359,69.3981,295.205,352.705,213.262,3113.18,0.798132,0,0
596.75,0.546363,288.011,286.898,286.427,238.293,104.315,70.0508,297.862,352.705,213.262,3113.18,0.797063,0,0
597.25,0.550071,288.073,286.95,286.479,238.296,105.226,70.7036,300.51,352.705,213.262,3113.18,0.795982,0,0
597.75,0.553767,288.134,287.003,286.532,238.299,106.122,71.3615,303.151,352.705,213.262,3113.18,0.794891,0,0
598.25,0.557453,288.201,287.056,286.585,238.302,107.432,72.1069,305.785,353.699,213.42,3113.18,0.793784,0,0
598.75,0.561127,288.264,287.11,286.638,238.305,108.345,72.7862,308.41,353.699,213.42,3113.18,0.792667,0,0
599.25,0.564791,288.327,287.164,286.693,238.309,109.213,73.465,311.027,353.699,213.42,3113.18,0.79154,0,0
599.75,0.568443,288.39,287.219,286.747,238.312,110.065,74.1488,313.637,353.699,213.42,3113.18,0.790404,0,0
600.25,0.572084,288.459,287.274,286.802,238.315,111.349,74.9239,316.238,354.733,213.583,3113.18,0.789255,0,0
600.75,0.575714,288.523,287.33,286.858,238.319,112.221,75.6291,318.832,354.733,213.583,3113.18,0.788096,0,0
601.25,0.579333,288.587,287.386,286.914,238.322,113.045,76.3334,321.417,354.733,213.583,3113.18,0.78693,0,0
601.75,0.58294,288.652,287.442,286.97,238.325,113.855,77.0425,323.995,354.733,213.583,3113.18,0.785755,0,0
602.25,0.586536,288.722,287.499,287.027,238.329,115.109,77.846,326.564,355.798,213.751,3113.18,0.784569,0,0
602.75,0.590121,288.788,287.557,287.085,238.332,115.939,78.5765,329.125,355.798,213.751,3113.18,0.783375,0,0
603.25,0.593693,288.854,287.615,287.143,238.336,116.722,79.3058,331.677,355.798,213.751,3113.18,0.782175,0,0
603.75,0.597255,288.92,287.673,287.201,238.339,117.49,80.0397,334.222,355.798,213.751,3113.18,0.780969,0,0
604.25,0.600804,288.991,287.732,287.259,238.342,118.715,80.8711,336.758,356.894,213.923,3113.18,0.779752,0,0
604.75,0.604341,289.058,287.791,287.319,238.346,119.505,81.6264,339.285,356.894,213.923,3113.18,0.778529,0,0
605.25,0.607867,289.125,287.851,287.378,238.349,120.246,82.38,341.804,356.894,213.923,3113.18,0.777301,0,0
605.75,0.611381,289.193,287.911,287.438,238.353,120.972,83.1381,344.315,356.894,213.923,3113.18,0.776068,0,0
606.25,0.614883,289.266,287.971,287.498,238.357,122.172,83.9976,346.816,358.027,214.099,3113.18,0.774826,0,0
606.75,0.618372,289.334,288.032,287.559,238.36,122.923,84.7771,349.31,358.027,214.099,3113.18,0.773579,0,0
607.25,0.62185,289.402,288.093,287.62,238.364,123.623,85.5546,351.794,358.027,214.099,3113.18,0.772329,0,0
607.75,0.625315,289.471,288.155,287.682,238.367,124.309,86.3362,354.27,358.027,214.099,3113.18,0.771075,0,0
608.25,0.628768,289.545,288.217,287.744,238.371,125.483,87.2232,356.737,359.198,214.279,3113.18,0.769813,0,0
608.75,0.632209,289.614,288.28,287.806,238.375,126.195,88.0264,359.195,359.198,214.279,3113.18,0.768548,0,0
609.25,0.635637,289.684,288.342,287.869,238.378,126.855,88.8271,361.645,359.198,214.279,3113.18,0.76728,0,0
609.75,0.639053,289.754,288.406,287.932,238.382,127.501,89.6317,364.085,359.198,214.279,3113.18,0.76601,0,0
610.25,0.642456,289.829,288.469,287.996,238.386,128.65,90.5456,366.516,360.405,214.462,3113.18,0.764734,0,0
610.75,0.645846,289.9,288.533,288.06,238.389,129.323,91.3719,368.939,360.405,214.462,3113.18,0.763456,0,0
611.25,0.649224,289.97,288.598,288.124,238.393,129.944,92.1951,371.352,360.405,214.462,3113.18,0.762176,0,0
611.75,0.652589,290.042,288.662,288.188,238.397,130.6,93.0322,373.873,360.405,214.462,3113.18,0.760894,0,0
612.25,0.655941,290.119,288.727,288.253,238.4,131.794,93.9869,376.42,361.647,214.649,3113.18,0.759606,0,0
612.75,0.659281,290.192,288.793,288.319,238.404,132.5,94.851,378.956,361.647,214.649,3113.18,0.758315,0,0
613.25,0.662607,290.264,288.859,288.385,238.408,133.152,95.7121,381.483,361.647,214.649,3113.18,0.757023,0,0
613.75,0.665921,290.337,288.925,288.451,238.412,133.79,96.5774,383.999,361.647,214.649,3113.18,0.75573,0,0
614.25,0.669221,290.416,288.992,288.517,238.416,134.96,97.5611,386.506,362.926,214.84,3113.18,0.754431,0,0
614.75,0.672508,290.489,289.059,288.584,238.419,135.626,98.4493,389.003,362.926,214.84,3113.18,0.753131,0,0
615.25,0.675782,290.563,289.126,288.651,238.423,136.238,99.334,391.49,362.926,214.84,3113.18,0.751831,0,0
615.75,0.679043,290.636,289.194,288.719,238.427,136.835,100.223,393.966,362.926,214.84,3113.18,0.75053,0,0
616.25,0.68229,290.716,289.262,288.787,238.431,137.979,101.234,396.433,364.242,215.034,4016.82,0.749226,0,0
616.75,0.685524,290.791,289.33,288.855,238.435,138.605,102.145,398.889,364.242,215.034,4016.82,0.747921,0,0
617.25,0.688745,290.865,289.399,288.924,238.439,139.176,103.053,401.335,364.242,215.034,4016.82,0.746617,0,0
617.75,0.691952,290.94,289.468,288.993,238.443,139.731,103.964,403.771,364.242,215.034,4016.82,0.745314,0,0
618.25,0.695145,291.021,289.537,289.062,238.447,140.849,105.002,406.197,365.593,215.231,4016.82,0.744008,0,0
618.75,0.698325,291.096,289.607,289.132,238.45,141.435,105.936,408.612,365.593,215.231,4016.82,0.742703,0,0
619.25,0.701491,291.172,289.677,289.202,238.454,141.965,106.865,411.017,365.593,215.231,4016.82,0.741399,0,0
619.75,0.704643,291.247,289.747,289.272,238.458,142.48,107.798,413.411,365.593,215.231,4016.82,0.740097,0,0
620.25,0.707781,291.33,289.818,289.342,238.462,143.571,108.863,415.795,366.979,215.431,4016.82,0.738794,0,0
620.75,0.710905,291.406,289.889,289.413,238.466,144.118,109.818,418.168,366.979,215.431,4016.82,0.737492,0,0
621.25,0.714016,291.482,289.96,289.484,238.47,144.608,110.769,420.53,366.979,215.431,5273.21,0.736193,0,0
621.75,0.717112,291.559,290.032,289.556,238.474,145.082,111.723,422.882,366.979,215.431,5273.21,0.734897,0,0
622.25,0.720195,291.642,290.104,289.628,238.478,146.146,112.813,425.223,368.398,215.633,5273.21,0.7336,0,0
622.75,0.723263,291.719,290.176,289.7,238.482,146.654,113.789,427.554,368.398,215.633,5273.21,0.732306,0,0
623.25,0.726317,291.796,290.248,289.772,238.486,147.104,114.76,429.874,368.398,215.633,5273.21,0.731015,0,0
623.75,0.729357,291.811,290.311,289.834,238.533,144.602,122.116,432.182,368.398,215.633,3113.18,0.692074,0,1.38991
624.25,0.732382,291.887,290.382,289.905,238.546,142.837,127.149,434.48,369.205,216.074,3113.18,0.691285,0,0.349381
624.75,0.735393,291.962,290.453,289.976,238.548,143.161,127.989,436.767,369.205,216.074,3113.18,0.690497,0,0
625.25,0.738389,292.038,290.524,290.047,238.55,143.563,128.852,439.043,369.205,216.074,3113.18,0.689707,0,0
625.75,0.741371,292.114,290.596,290.119,238.552,143.984,129.726,441.308,369.205,216.074,3113.18,0.688916,0,0
626.25,0.744339,292.195,290.667,290.19,238.554,144.889,130.713,443.562,370.328,216.299,4016.82,0.688128,0,0
626.75,0.747292,292.272,290.74,290.262,238.556,145.359,131.61,445.805,370.328,216.299,5273.21,0.687338,0,0
627.25,0.75023,292.348,290.812,290.334,238.558,145.787,132.506,448.037,370.328,216.299,5273.21,0.686547,0,0
627.75,0.753153,292.425,290.884,290.407,238.561,146.202,133.405,450.257,370.328,216.299,5273.21,0.685754,0,0
628.25,0.756062,292.509,290.957,290.48,238.563,147.227,134.45,452.467,371.786,216.47,5273.21,0.684961,0,0
628.75,0.758956,292.586,291.03,290.552,238.566,147.683,135.374,454.665,371.786,216.47,5273.21,0.684166,0,0
629.25,0.761834,292.664,291.103,290.626,238.568,148.082,136.292,456.851,371.786,216.47,5273.21,0.68337,0,0
629.75,0.764698,292.741,291.177,290.699,238.571,148.465,137.213,459.027,371.786,216.47,5273.21,0.682574,0,0
630.25,0.767547,292.826,291.251,290.773,238.574,149.469,138.284,461.19,373.28,216.648,7026.68,0.681777,0,0
630.75,0.770381,292.827,291.308,290.829,238.603,144.297,150.884,463.343,373.28,216.648,3113.18,0.64032,0,0.87536
631.25,0.7732,292.9,291.379,290.901,238.617,144.025,151.903,465.484,373.28,216.648,5273.21,0.640077,0,0.400818
631.75,0.776003,292.975,291.45,290.972,238.618,144.297,152.671,467.613,373.28,216.648,5273.21,0.639831,0,0
632.25,0.778791,293.054,291.523,291.044,238.62,144.96,153.538,469.731,374.023,216.976,5273.21,0.63956,0,0
632.75,0.781564,293.13,291.595,291.116,238.621,145.349,154.358,471.837,374.023,216.976,5273.21,0.639283,0,0
633.25,0.784322,293.207,291.668,291.189,238.623,145.719,155.181,473.932,374.023,216.976,7026.68,0.639001,0,0
633.75,0.787064,293.284,291.741,291.262,238.624,146.084,156.01,476.014,374.023,216.976,7026.68,0.638713,0,0
634.25,0.78979,293.324,291.811,291.332,238.641,146.709,158.027,478.085,375.531,217.129,3113.18,0.60537,0,0.480334
634.75,0.792502,293.388,291.882,291.403,238.642,142.424,167.771,480.145,375.531,217.129,7026.68,0.605516,0,0
635.25,0.795197,293.462,291.954,291.474,238.643,142.515,168.427,482.192,375.531,217.129,7026.68,0.605656,0,0
635.75,0.797877,293.537,292.025,291.545,238.645,142.845,169.147,484.228,375.531,217.129,7026.68,0.605786,0,0
636.25,0.800541,293.588,292.093,291.614,238.654,143.255,171.284,486.268,376.842,217.271,7026.68,0.58569,0,0.246326
636.75,0.80319,293.658,292.164,291.685,238.661,141.051,176.92,488.362,376.842,217.271,9270.94,0.586051,0,0.189838
637.25,0.805823,293.733,292.235,291.755,238.678,141.324,177.581,490.443,376.842,217.271,9270.94,0.574567,0,0.511347
637.75,0.80844,293.788,292.305,291.826,238.678,139.887,181.952,492.511,376.842,217.271,9270.94,0.574967,0,0
638.25,0.811041,293.853,292.362,291.882,238.682,140.356,183.459,494.568,377.863,217.535,9270.94,0.572707,0,0.088496
638.75,0.813626,293.926,292.413,291.933,238.699,140.796,184.118,496.611,377.863,217.535,9270.94,0.551578,0,0.529186
639.25,0.816195,293.922,292.449,291.969,238.704,139.003,191.107,498.642,377.863,217.535,9270.94,0.552806,0,0.169422
639.75,0.818748,293.966,292.484,292.004,238.73,139.634,191.211,500.66,377.863,217.535,7026.68,0.554035,0,0.868412
640.25,0.821285,294.012,292.52,292.039,238.729,140.648,191.413,502.666,378.05,217.935,7026.68,0.555252,0,0
640.75,0.823806,294.057,292.555,292.075,238.728,141.606,191.606,504.658,378.05,217.935,7026.68,0.556459,0,0
641.25,0.82631,294.102,292.591,292.11,238.728,142.552,191.8,506.638,378.05,217.935,7026.68,0.557657,0,0
641.75,0.828799,294.147,292.626,292.146,238.727,143.489,191.995,508.605,378.05,217.935,7026.68,0.558846,0,0
642.25,0.831271,294.197,292.643,292.163,238.739,144.828,192.297,510.559,379.04,217.971,7026.68,0.542722,0,0.397176
642.75,0.833727,294.196,292.678,292.198,238.738,143.504,197.866,512.501,379.04,217.971,7026.68,0.544039,0,0
643.25,0.836166,294.239,292.713,292.233,238.737,144.036,197.92,514.429,379.04,217.971,7026.68,0.545355,0,0
643.75,0.838589,294.283,292.748,292.268,238.736,144.881,198.053,516.344,379.04,217.971,7026.68,0.546662,0,0
644.25,0.840996,294.33,292.784,292.303,238.735,145.973,198.258,518.247,379.577,218.012,9270.94,0.547951,0,0
644.75,0.843386,294.374,292.799,292.318,238.741,146.868,198.416,520.136,379.577,218.012,9270.94,0.53024,0,0.201033
645.25,0.845759,294.369,292.834,292.353,238.755,145.203,204.506,522.012,379.577,218.012,9270.94,0.531669,0,0.468412
645.75,0.848116,294.411,292.865,292.384,238.756,145.658,204.504,523.875,379.577,218.012,9270.94,0.521876,0,0.066658
646.25,0.850456,294.433,292.899,292.418,238.755,144.854,208.194,525.725,379.845,218.091,9270.94,0.523355,0,0
646.75,0.852779,294.475,292.911,292.43,238.757,145.516,208.226,527.562,379.845,218.091,9270.94,0.523561,0,0.0949945
647.25,0.855086,294.497,292.946,292.465,238.756,146.659,208.584,529.385,379.845,218.091,9270.94,0.525043,0,0
647.75,0.857376,294.54,292.968,292.487,238.758,147.303,208.619,531.195,379.845,218.091,9270.94,0.524549,0,0.111804
648.25,0.859649,294.573,293.003,292.522,238.757,148.451,209.351,532.992,380.713,218.13,9270.94,0.526024,0,0
648.75,0.861905,294.616,293.03,292.549,238.76,149.177,209.411,534.776,380.713,218.13,9270.94,0.525137,0,0.122282
649.25,0.864144,294.648,293.065,292.584,238.774,149.783,210.208,536.546,380.713,218.13,9270.94,0.52661,0,0.478368
649.75,0.866367,294.691,293.082,292.601,238.794,150.503,210.267,538.302,380.713,218.13,7026.68,0.518041,0,0.681423
650.25,0.868572,294.702,293.094,292.613,238.793,150.107,213.501,540.045,380.781,218.438,7026.68,0.519667,0,0.0335099
650.75,0.87076,294.725,293.115,292.634,238.792,151.202,213.323,541.775,380.781,218.438,7026.68,0.520596,0,0.0489598
651.25,0.872931,294.755,293.143,292.662,238.792,151.985,213.447,543.491,380.781,218.438,9270.94,0.521127,0,0.0579701
651.75,0.875085,294.79,293.174,292.693,238.793,152.623,213.749,545.194,380.781,218.438,9270.94,0.521433,0,0.0633314
652.25,0.877222,294.83,293.207,292.726,238.793,153.542,214.244,546.883,381.621,218.446,9270.94,0.521615,0,0.0666673
652.75,0.879341,294.869,293.233,292.751,238.819,154.106,214.716,548.558,381.621,218.446,5273.21,0.496202,0,0.902704
653.25,0.881443,294.856,293.239,292.758,238.831,150.68,223.473,550.22,381.621,218.446,7026.68,0.498158,0,0.485262
653.75,0.883528,294.874,293.246,292.764,238.828,151.672,223.084,551.868,381.621,218.446,7026.68,0.500123,0,0
654.25,0.885595,294.89,293.253,292.771,238.825,152.539,222.68,553.503,380.911,218.668,7026.68,0.502061,0,0
654.75,0.887646,294.909,293.26,292.779,238.822,153.678,222.354,555.123,380.911,218.668,7026.68,0.503985,0,0
655.25,0.889678,294.928,293.268,292.786,238.82,154.828,222.038,556.73,380.911,218.668,7026.68,0.505895,0,0
655.75,0.891693,294.947,293.275,292.794,238.817,155.968,221.727,558.323,380.911,218.668,7026.68,0.50779,0,0
656.25,0.893691,294.969,293.283,292.802,238.815,157.405,221.505,559.902,381.666,218.593,9270.94,0.509675,0,0
656.75,0.895671,294.989,293.292,292.81,238.813,158.551,221.209,561.467,381.666,218.593,9270.94,0.511545,0,0
657.25,0.897634,295.008,293.3,292.819,238.811,159.658,220.91,563.019,381.666,218.593,9270.94,0.513402,0,0
657.75,0.899578,295.028,293.309,292.827,238.809,160.748,220.614,564.556,381.666,218.593,9270.94,0.515246,0,0
658.25,0.901506,295.051,293.318,292.836,238.807,162.142,220.409,566.079,382.441,218.532,9270.94,0.517079,0,0.00766525
658.75,0.903415,295.07,293.321,292.839,238.834,163.237,220.127,567.589,382.441,218.532,5273.21,0.495269,0,0.910735
659.25,0.905307,295.043,293.329,292.847,238.852,160.601,227.531,569.084,382.441,218.532,7026.68,0.49721,0,0.676749
659.75,0.907181,295.061,293.337,292.856,238.886,161.262,227.088,570.565,382.441,218.532,7026.68,0.499147,0,1.20719
660.25,0.909037,295.073,293.346,292.864,238.881,161.68,226.592,572.033,381.108,219.131,7026.68,0.501069,0,0
660.75,0.910875,295.092,293.354,292.873,238.876,162.632,226.238,573.486,381.108,219.131,7026.68,0.502979,0,0
661.25,0.912695,295.111,293.363,292.881,238.872,163.629,225.902,574.925,381.108,219.131,7026.68,0.504876,0,0
661.75,0.914498,295.13,293.372,292.89,238.868,164.628,225.572,576.349,381.108,219.131,7026.68,0.50676,0,0
662.25,0.916282,295.152,293.381,292.899,238.864,165.949,225.336,577.76,381.9,219.026,7026.68,0.508635,0,0
662.75,0.918049,295.171,293.39,292.909,238.86,166.969,225.022,579.156,381.9,219.026,9270.94,0.510497,0,0
663.25,0.919797,295.19,293.4,292.918,238.857,167.954,224.706,580.538,381.9,219.026,9270.94,0.512348,0,0
663.75,0.921527,295.21,293.409,292.928,238.853,168.937,224.395,581.935,381.9,219.026,9270.94,0.514186,0,0
664.25,0.923239,295.233,293.418,292.936,238.877,170.244,224.178,583.32,382.709,218.94,5273.21,0.494253,0,0.866142
664.75,0.924934,295.213,293.426,292.945,238.873,167.725,231.03,584.691,382.709,218.94,9270.94,0.496187,0,0
665.25,0.926609,295.23,293.435,292.954,238.869,168.371,230.589,586.047,382.709,218.94,9270.94,0.498126,0,0
665.75,0.928267,295.248,293.444,292.963,238.865,169.281,230.222,587.388,382.709,218.94,9270.94,0.500053,0,0
666.25,0.929907,295.265,293.454,292.972,238.862,169.99,229.814,588.715,382.189,218.963,9270.94,0.501959,0,0.00162001
666.75,0.931528,295.283,293.463,292.981,238.86,170.896,229.464,590.026,382.189,218.963,9270.94,0.503853,0,0.0316442
667.25,0.933131,295.302,293.473,292.991,238.857,171.815,229.123,591.323,382.189,218.963,9270.94,0.505736,0,0.00726698
667.75,0.934715,295.321,293.483,293.001,238.854,172.729,228.786,592.606,382.189,218.963,9270.94,0.507607,0,0.02563
668.25,0.936281,295.344,293.493,293.011,238.852,173.963,228.54,593.873,382.981,218.898,9270.94,0.509469,0,0.010401
668.75,0.937829,295.362,293.503,293.021,238.85,174.895,228.217,595.125,382.981,218.898,9270.94,0.51132,0,0.0215962
669.25,0.939359,295.381,293.513,293.031,238.848,175.791,227.889,596.363,382.981,218.898,9270.94,0.51316,0,0.0121301
669.75,0.940869,295.4,293.516,293.034,238.868,176.675,227.563,597.585,382.981,218.898,9270.94,0.487835,0,0.732395
670.25,0.942362,295.364,293.526,293.044,238.888,173.077,236.14,598.793,382.58,218.922,7026.68,0.489794,0,0.763857
670.75,0.943836,295.381,293.535,293.054,238.884,173.478,235.639,599.985,382.58,218.922,7026.68,0.49175,0,0
671.25,0.945291,295.399,293.545,293.063,238.88,174.262,235.242,601.163,382.58,218.922,7026.68,0.493696,0,0
671.75,0.946728,295.417,293.555,293.073,238.877,175.085,234.859,602.325,382.58,218.922,7026.68,0.495631,0,0
672.25,0.948146,295.437,293.565,293.083,238.873,176.083,234.518,603.473,382.953,219.017,7026.68,0.497563,0,0
672.75,0.949546,295.455,293.575,293.093,238.87,176.933,234.146,604.605,382.953,219.017,9270.94,0.499483,0,0
673.25,0.950926,295.473,293.585,293.103,238.867,177.767,233.775,605.723,382.953,219.017,9270.94,0.501392,0,0
673.75,0.952289,295.492,293.591,293.109,238.883,178.593,233.407,606.825,382.953,219.017,9270.94,0.483878,0,0.618975
674.25,0.953632,295.472,293.6,293.118,238.879,176.274,239.461,607.912,382.897,219.017,9270.94,0.485866,0,0
674.75,0.954957,295.489,293.61,293.128,238.876,176.771,238.973,608.984,382.897,219.017,9270.94,0.487852,0,0
675.25,0.956263,295.507,293.62,293.138,238.873,177.526,238.556,610.04,382.897,219.017,9270.94,0.489826,0,0
675.75,0.95755,295.524,293.63,293.148,238.869,178.306,238.15,611.082,382.897,219.017,9270.94,0.49179,0,0
676.25,0.958818,295.545,293.639,293.157,238.867,179.436,237.836,612.108,383.721,218.902,9270.94,0.493746,0,0
676.75,0.960068,295.563,293.649,293.167,238.864,180.251,237.446,613.119,383.721,218.902,9270.94,0.495692,0,0
677.25,0.961299,295.581,293.659,293.177,238.861,181.034,237.052,614.115,383.721,218.902,9270.94,0.497627,0,0.00806623
677.75,0.96251,295.598,293.669,293.187,238.86,181.807,236.659,615.096,383.721,218.902,9270.94,0.499551,0,0.0254225
678.25,0.963703,295.62,293.663,293.181,238.882,182.907,236.361,616.061,384.541,218.831,9270.94,0.491135,0,0.813999
678.75,0.964877,295.606,293.673,293.191,238.902,182.377,239.311,617.011,384.541,218.831,7026.68,0.493093,0,0.738891
679.25,0.966032,295.622,293.683,293.201,238.898,182.854,238.832,617.945,384.541,218.831,7026.68,0.495044,0,0
679.75,0.967168,295.639,293.693,293.211,238.894,183.546,238.413,618.864,384.541,218.831,7026.68,0.496985,0,0
680.25,0.968285,295.655,293.703,293.221,238.89,184.087,237.959,619.768,384.139,219.131,7026.68,0.498915,0,0
680.75,0.969383,295.672,293.713,293.231,238.887,184.783,237.548,620.657,384.139,219.131,9270.94,0.500836,0,0
681.25,0.970462,295.689,293.723,293.241,238.884,185.487,237.143,621.53,384.139,219.131,9270.94,0.502747,0,0
681.75,0.971522,295.706,293.733,293.251,238.881,186.186,236.741,622.387,384.139,219.131,9270.94,0.504648,0,0
682.25,0.972563,295.727,293.731,293.249,238.899,187.227,236.434,623.229,384.981,219.033,9270.94,0.48637,0,0.687316
682.75,0.973584,295.698,293.74,293.258,238.895,184.917,242.701,624.056,384.981,219.033,9270.94,0.488367,0,0
683.25,0.974587,295.713,293.75,293.268,238.892,185.216,242.153,624.867,384.981,219.033,9270.94,0.49036,0,0
683.75,0.97557,295.729,293.76,293.277,238.888,185.833,241.691,625.663,384.981,219.033,9270.94,0.492343,0,0
684.25,0.976535,295.745,293.769,293.287,238.885,186.402,241.227,626.443,384.81,219.016,9270.94,0.494306,0,0
684.75,0.97748,295.761,293.779,293.297,238.882,187.043,240.787,627.208,384.81,219.016,9270.94,0.496259,0,0
685.25,0.978405,295.777,293.789,293.307,238.88,187.688,240.351,627.957,384.81,219.016,9270.94,0.498203,0,0.0334544
685.75,0.979312,295.794,293.799,293.317,238.878,188.33,239.918,628.69,384.81,219.016,9270.94,0.500137,0,0.00969214
686.25,0.980199,295.814,293.809,293.327,238.876,189.306,239.578,629.408,385.633,218.935,9270.94,0.502064,0,0.027499
686.75,0.981068,295.83,293.808,293.325,238.9,189.969,239.156,630.111,385.633,218.935,9270.94,0.492911,0,0.868004
687.25,0.981916,295.817,293.817,293.335,238.919,189.043,242.364,630.798,385.633,218.935,7026.68,0.494878,0,0.725901
687.75,0.982746,295.832,293.827,293.345,238.954,189.411,241.845,631.469,385.633,218.935,7026.68,0.496839,0,1.27155
688.25,0.983556,295.843,293.837,293.354,238.949,189.574,241.271,632.124,384.646,219.624,9270.94,0.498798,0,0
688.75,0.984347,295.858,293.846,293.364,238.943,190.126,240.8,632.764,384.646,219.624,9270.94,0.500747,0,0
689.25,0.985119,295.874,293.856,293.373,238.938,190.711,240.341,633.389,384.646,219.624,9270.94,0.502687,0,0
689.75,0.985871,295.889,293.865,293.383,238.933,191.295,239.885,633.997,384.646,219.624,9270.94,0.504618,0,0
690.25,0.986604,295.908,293.875,293.392,238.929,192.202,239.52,634.59,385.439,219.494,9270.94,0.506542,0,0
690.75,0.987317,295.923,293.863,293.381,238.947,192.809,239.074,635.167,385.439,219.494,9270.94,0.487934,0,0.73292
691.25,0.988011,295.885,293.873,293.39,238.942,190.458,245.394,635.729,385.439,219.494,9270.94,0.48995,0,0
691.75,0.988686,295.898,293.881,293.399,238.937,190.567,244.775,636.275,385.439,219.494,9270.94,0.491963,0,0
692.25,0.989341,295.91,293.891,293.408,238.933,190.853,244.21,636.805,384.98,219.434,9270.94,0.493956,0,0.0374781
692.75,0.989977,295.924,293.9,293.417,238.929,191.348,243.706,637.319,384.98,219.434,9270.94,0.495941,0,0.0137127
693.25,0.990593,295.939,293.909,293.427,238.926,191.869,243.212,637.818,384.98,219.434,9270.94,0.497916,0,0.0316637
693.75,0.99119,295.953,293.918,293.436,238.922,192.392,242.722,638.301,384.98,219.434,9270.94,0.499882,0,0.0163384
694.25,0.991767,295.971,293.928,293.445,238.919,193.245,242.324,638.768,385.783,219.341,9270.94,0.501843,0,0.0274529
694.75,0.992325,295.986,293.932,293.449,238.931,193.795,241.844,639.219,385.783,219.341,9270.94,0.478818,0,0.522755
695.25,0.992863,295.951,293.94,293.457,238.954,190.258,249.767,639.655,385.783,219.341,7026.68,0.480902,0,0.885502
695.75,0.993382,295.963,293.948,293.465,238.949,190.377,249.111,640.075,385.783,219.341,7026.68,0.482985,0,0
696.25,0.993882,295.973,293.956,293.474,238.944,190.526,248.467,640.479,385.062,219.496,7026.68,0.485049,0,0
696.75,0.994361,295.986,293.965,293.482,238.939,190.977,247.912,640.867,385.062,219.496,9270.94,0.487104,0,0
697.25,0.994822,295.999,293.973,293.49,238.934,191.459,247.368,641.24,385.062,219.496,9270.94,0.489149,0,0
697.75,0.995262,296.012,293.967,293.484,238.942,191.943,246.828,641.596,385.062,219.496,9270.94,0.474861,0,0.405959
698.25,0.995684,295.985,293.975,293.492,238.937,190.063,251.73,641.937,385.148,219.396,9270.94,0.476966,0,0
698.75,0.996085,295.997,293.983,293.501,238.933,190.192,251.07,642.262,385.148,219.396,9270.94,0.479066,0,0
699.25,0.996467,296.009,293.991,293.509,238.929,190.604,250.488,642.571,385.148,219.396,9270.94,0.481156,0,0
699.75,0.99683,296.022,293.999,293.517,238.924,191.046,249.917,642.864,385.148,219.396,9270.94,0.483236,0,0
700.25,0.997173,296.038,294.007,293.524,238.936,191.843,249.436,643.142,385.969,219.244,9270.94,0.478705,0,0.504599
700.75,0.997496,296.038,294.014,293.532,238.957,191.227,251.121,643.404,385.969,219.244,7026.68,0.480797,0,0.825939
701.25,0.9978,296.05,294.022,293.539,238.989,191.583,250.515,643.649,385.969,219.244,7026.68,0.482893,0,1.18642
701.75,0.998084,296.062,294.03,293.547,238.982,192.017,249.931,643.879,385.969,219.244,7026.68,0.484979,0,0
702.25,0.998348,296.071,294.037,293.554,238.976,192.192,249.277,644.093,385.324,219.82,9270.94,0.487065,0,0
702.75,0.998593,296.083,294.044,293.562,238.97,192.607,248.687,644.291,385.324,219.82,9270.94,0.489141,0,0
703.25,0.998818,296.094,294.047,293.564,238.977,193.035,248.103,644.473,385.324,219.82,9270.94,0.474527,0,0.39966
703.75,0.999024,296.072,294.054,293.571,238.971,190.77,253.159,644.64,385.324,219.82,9270.94,0.476676,0,0
704.25,0.99921,296.082,294.06,293.578,238.965,190.942,252.471,644.79,385.405,219.682,9270.94,0.478815,0,0
704.75,0.999376,296.093,294.067,293.584,238.959,191.314,251.842,644.925,385.405,219.682,9270.94,0.480943,0,0
705.25,0.999523,296.104,294.074,293.591,238.954,191.706,251.222,645.044,385.405,219.682,9270.94,0.483062,0,0
705.75,0.99965,296.115,294.077,293.594,238.965,192.1,250.605,645.146,385.405,219.682,9270.94,0.478729,0,0.508045
706.25,0.999758,296.112,294.083,293.601,238.963,191.638,252.197,645.233,385.745,219.656,9270.94,0.480863,0,0.111742
706.75,0.999845,296.122,294.09,293.607,238.958,191.915,251.54,645.304,385.745,219.656,9270.94,0.482988,0,0
707.25,0.999913,296.132,294.097,293.614,238.953,192.28,250.91,645.36,385.745,219.656,9270.94,0.485104,0,0.00603646
707.75,0.999962,296.143,294.103,293.62,238.949,192.649,250.283,645.399,385.745,219.656,9270.94,0.487211,0,0.0409554
708.25,0.999991,296.155,294.11,293.627,238.945,193.237,249.714,645.422,386.264,219.528,9270.94,0.489312,0,0.0118011
