hour,mu0,ground_k,air_k,air_300m_k,column_mean_k,sensible_w_m2,latent_w_m2,sw_ground_w_m2,lw_down_w_m2,olr_w_m2,mixed_layer_m,rh_ground,dew_kg_m2,condensed_kg_m2
0.25,0.999998,294.904,292.059,291.579,238.625,228.076,225.499,645.428,373.199,218.023,7026.68,0.519177,0,0.0820274
0.75,0.999978,294.918,292.078,291.599,238.624,228.114,225.355,645.412,373.199,218.023,7026.68,0.519746,0,0.092131
1.25,0.999939,294.935,292.1,291.621,238.624,227.946,225.351,645.38,373.199,218.023,7026.68,0.520082,0,0.0988513
1.75,0.99988,294.954,292.12,291.641,238.649,227.695,225.432,645.332,373.199,218.023,5273.21,0.499269,0,0.93142
2.25,0.999801,294.931,292.103,291.624,238.661,224.198,231.647,645.269,372.861,218.169,7026.68,0.502212,0,0.599891
2.75,0.999703,294.923,292.087,291.608,238.651,224.877,230.642,645.189,372.861,218.169,7026.68,0.505129,0,0
3.25,0.999585,294.915,292.073,291.593,238.644,225.59,229.677,645.094,372.861,218.169,7026.68,0.508002,0,0
3.75,0.999447,294.909,292.059,291.58,238.637,226.263,228.731,644.983,372.861,218.169,7026.68,0.510834,0,0
4.25,0.99929,294.903,292.046,291.567,238.631,226.896,227.799,644.855,372.852,218.113,7026.68,0.513632,0,0
4.75,0.999113,294.897,292.034,291.555,238.628,227.499,226.883,644.712,372.852,218.113,7026.68,0.516393,0,0.0375996
5.25,0.998917,294.892,292.038,291.559,238.625,228.071,225.983,644.553,372.852,218.113,7026.68,0.518112,0,0.064264
5.75,0.998701,294.897,292.052,291.573,238.624,228.12,225.468,644.379,372.852,218.113,7026.68,0.519118,0,0.0806683
6.25,0.998465,294.911,292.071,291.592,238.623,228.1,225.29,644.188,373.291,218.006,7026.68,0.519713,0,0.0911513
6.75,0.99821,294.927,292.094,291.614,238.623,227.796,225.235,643.981,373.291,218.006,7026.68,0.520065,0,0.0981093
7.25,0.997935,294.944,292.114,291.635,238.649,227.421,225.274,643.759,373.291,218.006,5273.21,0.499221,0,0.929459
7.75,0.997641,294.922,292.097,291.618,238.66,223.924,231.51,643.521,373.291,218.006,7026.68,0.502164,0,0.597385
8.25,0.997327,294.909,292.082,291.602,238.651,224.21,230.389,643.266,372.559,218.271,7026.68,0.505078,0,0
8.75,0.996993,294.9,292.067,291.588,238.643,224.788,229.387,642.996,372.559,218.271,7026.68,0.507949,0,0
9.25,0.99664,294.893,292.053,291.574,238.636,225.355,228.411,642.711,372.559,218.271,7026.68,0.510779,0,0
9.75,0.996267,294.885,292.041,291.561,238.631,225.89,227.454,642.409,372.559,218.271,7026.68,0.51357,0,0
10.25,0.995874,294.881,292.029,291.55,238.627,226.538,226.556,642.091,372.903,218.058,7026.68,0.516329,0,0.0362527
10.75,0.995462,294.875,292.032,291.553,238.625,227.031,225.634,641.758,372.903,218.058,7026.68,0.518083,0,0.0633982
11.25,0.995031,294.878,292.046,291.566,238.623,227.007,225.079,641.409,372.903,218.058,7026.68,0.519109,0,0.080089
11.75,0.994579,294.889,292.065,291.585,238.623,226.713,224.814,641.044,372.903,218.058,7026.68,0.519713,0,0.0906883
12.25,0.994109,294.905,292.087,291.607,238.622,226.515,224.779,640.663,373.401,217.991,7026.68,0.520075,0,0.0977816
12.75,0.993619,294.922,292.109,291.629,238.648,226.072,224.792,640.266,373.401,217.991,5273.21,0.499205,0,0.927944
13.25,0.993109,294.899,292.092,291.612,238.659,222.447,231.017,639.854,373.401,217.991,7026.68,0.502137,0,0.596629
13.75,0.99258,294.889,292.075,291.596,238.65,222.966,229.961,639.425,373.401,217.991,7026.68,0.505059,0,0
14.25,0.992031,294.875,292.061,291.581,238.642,223.151,228.84,638.981,372.589,218.196,7026.68,0.507932,0,0
14.75,0.991463,294.866,292.047,291.567,238.636,223.599,227.827,638.522,372.589,218.196,7026.68,0.510765,0,0
15.25,0.990875,294.858,292.034,291.555,238.63,224.041,226.84,638.046,372.589,218.196,7026.68,0.513559,0,0
15.75,0.990268,294.85,292.022,291.543,238.626,224.455,225.871,637.555,372.589,218.196,7026.68,0.516316,0,0.0356009
16.25,0.989641,294.844,292.025,291.545,238.624,224.987,224.96,637.048,372.934,218.011,7026.68,0.518091,0,0.0630136
16.75,0.988995,294.847,292.038,291.558,238.622,224.897,224.373,636.525,372.934,218.011,7026.68,0.51913,0,0.0798603
17.25,0.988329,294.856,292.056,291.577,238.622,224.521,224.074,635.987,372.934,218.011,7026.68,0.519741,0,0.0905517
17.75,0.987644,294.869,292.078,291.599,238.621,224.022,223.95,635.432,372.934,218.011,7026.68,0.520104,0,0.0976406
18.25,0.98694,294.887,292.101,291.622,238.622,223.718,223.992,634.862,373.506,217.971,7026.68,0.520328,0,0.102665
18.75,0.986216,294.903,292.11,291.631,238.648,223.17,224.031,634.277,373.506,217.971,5273.21,0.499607,0,0.940844
19.25,0.985473,294.869,292.092,291.612,238.659,219.802,230.113,633.675,373.506,217.971,7026.68,0.502586,0,0.596969
19.75,0.984711,294.857,292.075,291.595,238.65,220.167,228.993,633.059,373.506,217.971,7026.68,0.505528,0,0
20.25,0.983929,294.841,292.059,291.58,238.642,220.225,227.819,632.426,372.614,218.174,7026.68,0.50842,0,0
20.75,0.983128,294.83,292.044,291.565,238.635,220.582,226.764,631.778,372.614,218.174,7026.68,0.51127,0,0
21.25,0.982307,294.82,292.031,291.551,238.63,220.938,225.737,631.114,372.614,218.174,7026.68,0.514081,0,0.00183334
21.75,0.981467,294.81,292.018,291.539,238.626,221.265,224.727,630.434,372.614,218.174,7026.68,0.516805,0,0.0428648
22.25,0.980608,294.803,292.023,291.544,238.624,221.679,223.792,629.739,372.937,217.987,7026.68,0.518401,0,0.0676705
22.75,0.97973,294.805,292.037,291.557,238.622,221.413,223.237,629.028,372.937,217.987,7026.68,0.519337,0,0.0829911
23.25,0.978832,294.814,292.056,291.576,238.621,220.915,222.946,628.302,372.937,217.987,7026.68,0.519889,0,0.0927802
23.75,0.977916,294.825,292.077,291.598,238.621,220.311,222.812,627.56,372.937,217.987,7026.68,0.520219,0,0.0993282
24.25,0.97698,294.842,292.1,291.62,238.621,219.912,222.831,626.803,373.505,217.947,7026.68,0.520423,0,0.104024
24.75,0.976024,294.856,292.108,291.629,238.647,219.273,222.843,626.03,373.505,217.947,5273.21,0.499659,0,0.939586
25.25,0.97505,294.821,292.089,291.609,238.658,215.806,228.903,625.242,373.505,217.947,7026.68,0.502661,0,0.597287
25.75,0.974056,294.807,292.071,291.591,238.649,216.099,227.741,624.438,373.505,217.947,7026.68,0.505627,0,0
26.25,0.973044,294.789,292.054,291.574,238.641,216.071,226.521,623.618,372.592,218.145,7026.68,0.50854,0,0
26.75,0.972012,294.776,292.038,291.559,238.634,216.347,225.424,622.783,372.592,218.145,7026.68,0.511411,0,0
27.25,0.970961,294.764,292.023,291.544,238.629,216.623,224.355,621.933,372.592,218.145,7026.68,0.514241,0,0.00382168
27.75,0.969891,294.752,292.011,291.531,238.625,216.869,223.306,621.067,372.592,218.145,7026.68,0.51693,0,0.0442805
28.25,0.968802,294.744,292.015,291.536,238.623,217.165,222.347,620.186,372.894,217.954,7026.68,0.518507,0,0.0687444
28.75,0.967694,294.744,292.028,291.549,238.621,216.803,221.765,619.29,372.894,217.954,7026.68,0.519432,0,0.0838533
29.25,0.966567,294.751,292.046,291.567,238.62,216.213,221.443,618.378,372.894,217.954,7026.68,0.519979,0,0.0935055
29.75,0.965421,294.761,292.067,291.588,238.62,215.52,221.276,617.45,372.894,217.954,7026.68,0.520306,0,0.0999591
30.25,0.964255,294.776,292.089,291.609,238.62,215.026,221.258,616.508,373.442,217.91,7026.68,0.52051,0,0.104587
30.75,0.963071,294.789,292.099,291.62,238.646,214.298,221.234,615.55,373.442,217.91,5273.21,0.499714,0,0.938821
31.25,0.961869,294.754,292.079,291.599,238.657,210.682,227.276,614.576,373.442,217.91,7026.68,0.502733,0,0.596909
31.75,0.960647,294.737,292.059,291.58,238.648,210.914,226.079,613.588,373.442,217.91,7026.68,0.505717,0,0
32.25,0.959406,294.717,292.042,291.562,238.64,210.806,224.819,612.584,372.522,218.104,7026.68,0.508648,0,0
32.75,0.958146,294.702,292.025,291.545,238.633,211.002,223.683,611.564,372.522,218.104,7026.68,0.511535,0,0
33.25,0.956868,294.688,292.009,291.53,238.627,211.196,222.576,610.53,372.522,218.104,7026.68,0.514379,0,0.00503663
33.75,0.955571,294.675,291.996,291.517,238.624,211.359,221.488,609.48,372.522,218.104,7026.68,0.517049,0,0.0451358
34.25,0.954255,294.665,292,291.52,238.621,211.548,220.501,608.416,372.802,217.91,7026.68,0.518615,0,0.0693827
34.75,0.95292,294.664,292.012,291.533,238.62,211.093,219.889,607.336,372.802,217.91,7026.68,0.519536,0,0.0843528
35.25,0.951567,294.669,292.03,291.551,238.619,210.414,219.534,606.241,372.802,217.91,7026.68,0.52008,0,0.0939104
35.75,0.950195,294.677,292.05,291.57,238.618,209.634,219.332,605.13,372.802,217.91,7026.68,0.520407,0,0.100295
36.25,0.948804,294.69,292.071,291.591,238.618,209.045,219.276,604.005,373.33,217.862,7026.68,0.520613,0,0.104863
36.75,0.947394,294.701,292.085,291.605,238.644,208.231,219.217,602.865,373.33,217.862,5273.21,0.499766,0,0.937735
37.25,0.945966,294.667,292.063,291.583,238.655,204.424,225.251,601.709,373.33,217.862,7026.68,0.502794,0,0.595192
37.75,0.94452,294.649,292.043,291.563,238.646,204.607,224.025,600.539,373.33,217.862,7026.68,0.505794,0,0
38.25,0.943054,294.627,292.024,291.544,238.638,204.426,222.728,599.353,372.41,218.052,7026.68,0.508739,0,0
38.75,0.941571,294.61,292.006,291.527,238.631,204.543,221.555,598.152,372.41,218.052,7026.68,0.511638,0,0
39.25,0.940068,294.594,291.989,291.51,238.625,204.656,220.412,596.937,372.41,218.052,7026.68,0.514495,0,0.00553904
39.75,0.938548,294.579,291.976,291.496,238.621,204.738,219.289,595.707,372.41,218.052,7026.68,0.517161,0,0.0454947
40.25,0.937009,294.567,291.978,291.499,238.619,204.828,218.267,594.461,372.666,217.855,7026.68,0.518728,0,0.0696497
40.75,0.935451,294.564,291.99,291.511,238.617,204.287,217.622,593.201,372.666,217.855,7026.68,0.519649,0,0.0845536
41.25,0.933875,294.567,292.007,291.528,238.617,203.523,217.232,591.926,372.666,217.855,7026.68,0.520195,0,0.0940575
41.75,0.932281,294.574,292.026,291.547,238.616,202.658,216.994,590.636,372.666,217.855,7026.68,0.520523,0,0.100391
42.25,0.930668,294.585,292.046,291.567,238.616,201.976,216.899,589.331,373.174,217.804,7026.68,0.520737,0,0.1049
42.75,0.929037,294.594,292.065,291.585,238.642,201.076,216.802,588.011,373.174,217.804,5273.21,0.499894,0,0.935081
43.25,0.927388,294.562,292.042,291.563,238.634,197.046,222.839,586.677,373.174,217.804,7026.68,0.502847,0,0.00821806
43.75,0.925721,294.542,292.02,291.541,238.628,197.189,221.589,585.328,373.174,217.804,7026.68,0.50586,0,0.00572175
44.25,0.924035,294.52,292.001,291.521,238.623,197.076,220.299,583.964,372.584,217.84,7026.68,0.508815,0,0.00661429
44.75,0.922331,294.502,291.982,291.502,238.618,197.132,219.097,582.585,372.584,217.84,7026.68,0.511724,0,0.00503403
45.25,0.92061,294.484,291.964,291.485,238.614,197.169,217.922,581.192,372.584,217.84,7026.68,0.514588,0,0.0106601
45.75,0.91887,294.467,291.95,291.47,238.611,197.18,216.768,579.805,372.584,217.84,7026.68,0.517266,0,0.0496978
46.25,0.917112,294.453,291.951,291.472,238.61,197.197,215.714,578.416,372.819,217.676,7026.68,0.51884,0,0.0737838
46.75,0.915336,294.449,291.962,291.483,238.61,196.589,215.038,577.012,372.819,217.676,7026.68,0.519766,0,0.0880857
47.25,0.913542,294.45,291.978,291.499,238.61,195.759,214.617,575.594,372.819,217.676,7026.68,0.520316,0,0.097398
47.75,0.91173,294.455,291.997,291.517,238.61,194.829,214.347,574.161,372.819,217.676,7026.68,0.520649,0,0.103278
48.25,0.9099,294.465,292.016,291.536,238.607,194.071,214.217,572.715,373.302,217.641,7026.68,0.522889,0,0.00282758
48.75,0.908052,294.476,291.995,291.515,238.609,193.414,213.497,571.254,373.302,217.641,7026.68,0.52378,0,0.158961
49.25,0.906187,294.454,292.014,291.534,238.622,193.514,212.99,569.78,373.302,217.641,7026.68,0.52601,0,0.491691
49.75,0.904303,294.464,292.001,291.522,238.619,192.584,212.193,568.291,373.302,217.641,7026.68,0.519008,0,0.0775795
50.25,0.902402,294.433,292.009,291.53,238.618,191.239,213.991,566.788,373.261,217.695,7026.68,0.519912,0,0.0919088
50.75,0.900483,294.431,292.023,291.543,238.617,190.239,213.497,565.271,373.261,217.695,7026.68,0.520451,0,0.100859
51.25,0.898547,294.434,292.039,291.559,238.616,189.291,213.196,563.74,373.261,217.695,7026.68,0.520796,0,0.106675
51.75,0.896592,294.438,292.054,291.575,238.612,188.307,212.983,562.195,373.261,217.695,7026.68,0.52311,0,0.00150056
52.25,0.89462,294.449,292.03,291.551,238.614,187.904,212.246,560.637,373.797,217.62,7026.68,0.524023,0,0.155854
52.75,0.892631,294.424,292.045,291.566,238.624,188.025,211.704,559.064,373.797,217.62,7026.68,0.526344,0,0.4593
53.25,0.890624,294.43,292.037,291.557,238.622,187.119,210.841,557.478,373.797,217.62,7026.68,0.519018,0,0.0791868
53.75,0.8886,294.401,292.042,291.563,238.62,185.569,212.736,555.877,373.797,217.62,7026.68,0.519969,0,0.0941186
54.25,0.886558,294.396,292.053,291.574,238.619,184.539,212.179,554.263,373.605,217.647,7026.68,0.520535,0,0.103429
54.75,0.884498,294.396,292.066,291.587,238.614,183.58,211.833,552.635,373.605,217.647,7026.68,0.522935,0,0.000886565
55.25,0.882422,294.401,292.039,291.559,238.615,182.9,210.98,550.994,373.605,217.647,7026.68,0.523975,0,0.155215
55.75,0.880328,294.373,292.052,291.573,238.612,183.006,210.359,549.338,373.605,217.647,7026.68,0.526347,0,0.000749679
56.25,0.878216,294.38,292.043,291.563,238.614,182.252,209.488,547.669,373.995,217.565,7026.68,0.526059,0,0.187391
56.75,0.876088,294.363,292.055,291.576,238.625,181.711,209.324,545.987,373.995,217.565,7026.68,0.528441,0,0.484211
57.25,0.873942,294.366,292.043,291.564,238.623,180.881,208.426,544.29,373.995,217.565,7026.68,0.520957,0,0.108859
57.75,0.871779,294.333,292.055,291.575,238.618,179.309,210.329,542.581,373.995,217.565,7026.68,0.52339,0,0.00053826
58.25,0.869599,294.335,292.029,291.55,238.618,178.297,209.345,540.857,373.863,217.585,7026.68,0.524284,0,0.158964
58.75,0.867401,294.307,292.04,291.561,238.614,178.231,208.742,539.12,373.863,217.585,7026.68,0.526694,0,0.000468482
59.25,0.865187,294.31,292.032,291.553,238.616,177.282,207.791,537.37,373.863,217.585,7026.68,0.5263,0,0.190071
59.75,0.862956,294.292,292.043,291.564,238.612,176.61,207.637,535.606,373.863,217.585,7026.68,0.528714,0,0.000407331
60.25,0.860708,294.295,292.045,291.565,238.615,175.867,206.729,533.829,374.08,217.517,7026.68,0.527559,0,0.210206
60.75,0.858443,294.284,292.054,291.575,238.625,174.871,206.842,532.038,374.08,217.517,7026.68,0.529997,0,0.472751
61.25,0.856161,294.285,292.044,291.565,238.623,174.114,205.912,530.235,374.08,217.517,7026.68,0.522103,0,0.126275
61.75,0.853862,294.253,292.053,291.574,238.618,172.357,207.924,528.417,374.08,217.517,7026.68,0.524595,0,0.00030097
62.25,0.851546,294.252,292.031,291.552,238.618,171.367,206.892,526.587,373.933,217.537,7026.68,0.525088,0,0.171271
62.75,0.849214,294.225,292.04,291.561,238.614,171.067,206.404,524.743,373.933,217.537,7026.68,0.527563,0,0.000272825
63.25,0.846865,294.225,292.034,291.555,238.616,170.159,205.408,522.886,373.933,217.537,7026.68,0.5269,0,0.199238
63.75,0.844499,294.208,292.042,291.562,238.625,169.318,205.321,521.016,373.933,217.537,7026.68,0.529382,0,0.448012
64.25,0.842117,294.206,292.043,291.564,238.623,168.462,204.322,519.133,373.808,217.594,7026.68,0.521395,0,0.115052
64.75,0.839718,294.181,292.049,291.57,238.617,166.361,206.383,517.237,373.808,217.594,7026.68,0.523939,0,0.000223632
65.25,0.837303,294.178,292.023,291.543,238.617,165.507,205.351,515.328,373.808,217.594,7026.68,0.524735,0,0.165106
65.75,0.834871,294.148,292.029,291.55,238.613,165.319,204.743,513.405,373.808,217.594,7026.68,0.527258,0,0.000203829
66.25,0.832423,294.146,292.021,291.541,238.614,164.456,203.715,511.47,373.938,217.45,7026.68,0.526754,0,0.195891
66.75,0.829959,294.127,292.026,291.547,238.61,163.642,203.554,509.522,373.938,217.45,7026.68,0.529278,0,0.00145665
67.25,0.827478,294.124,292.028,291.549,238.614,162.816,202.536,507.561,373.938,217.45,7026.68,0.528008,0,0.248228
67.75,0.824981,294.111,292.033,291.553,238.623,161.653,202.638,505.587,373.938,217.45,7026.68,0.530545,0,0.459133
68.25,0.822467,294.107,292.029,291.549,238.621,160.856,201.603,503.6,373.804,217.536,7026.68,0.522465,0,0.13047
68.75,0.819938,294.076,292.032,291.553,238.616,158.794,203.646,501.601,373.804,217.536,7026.68,0.525061,0,0.000161456
69.25,0.817392,294.071,292.01,291.531,238.616,157.912,202.56,499.589,373.804,217.536,7026.68,0.525473,0,0.175456
69.75,0.814831,294.043,292.014,291.535,238.611,157.48,202.061,497.564,373.804,217.536,7026.68,0.528053,0,0.000153625
70.25,0.812253,294.038,292.008,291.529,238.613,156.625,200.987,495.526,373.875,217.392,7026.68,0.527296,0,0.203187
70.75,0.80966,294.02,292.011,291.532,238.608,155.636,200.888,493.476,373.875,217.392,7026.68,0.529878,0,0.000143065
71.25,0.80705,294.014,292.014,291.534,238.605,154.837,199.828,491.413,373.875,217.392,7026.68,0.53246,0,0.0221354
71.75,0.804425,294.008,291.98,291.501,238.61,154.149,198.797,489.338,373.875,217.392,7026.68,0.531628,0,0.27999
72.25,0.801784,293.969,291.983,291.504,238.619,153.784,198.612,487.25,373.858,217.372,7026.68,0.534176,0,0.441776
72.75,0.799127,293.962,291.986,291.507,238.613,152.782,197.507,485.177,373.858,217.372,7026.68,0.536723,0,0.000119037
73.25,0.796454,293.957,291.954,291.475,238.614,152.069,196.483,483.147,373.858,217.372,7026.68,0.528274,0,0.21399
73.75,0.793766,293.903,291.957,291.478,238.609,150.549,198.5,481.105,373.858,217.372,7026.68,0.53084,0,0.000112103
74.25,0.791062,293.895,291.959,291.48,238.604,149.363,197.321,479.051,373.664,217.314,7026.68,0.533411,0,0.000169536
74.75,0.788343,293.888,291.933,291.454,238.608,148.601,196.271,476.986,373.664,217.314,7026.68,0.532168,0,0.271865
75.25,0.785608,293.853,291.935,291.456,238.617,147.974,196.224,474.908,373.664,217.314,7026.68,0.534718,0,0.422
75.75,0.782857,293.846,291.937,291.458,238.611,146.999,195.122,472.819,373.664,217.314,7026.68,0.537266,0,0.000129259
76.25,0.780092,293.838,291.922,291.443,238.612,146.225,194.067,470.719,373.572,217.327,7026.68,0.528502,0,0.215057
76.75,0.777311,293.797,291.923,291.444,238.606,144.214,196.217,468.606,373.572,217.327,7026.68,0.531097,0,0.00013666
77.25,0.774514,293.788,291.924,291.445,238.602,143.205,195.076,466.482,373.572,217.327,7026.68,0.533692,0,0.00015704
77.75,0.771703,293.78,291.901,291.422,238.606,142.459,194.01,464.347,373.572,217.327,7026.68,0.532331,0,0.271763
78.25,0.768876,293.746,291.902,291.423,238.614,141.645,193.976,462.2,373.409,217.243,7026.68,0.534904,0,0.433696
78.75,0.766034,293.737,291.902,291.423,238.608,140.677,192.855,460.041,373.409,217.243,7026.68,0.537474,0,0.000125029
79.25,0.763178,293.728,291.892,291.413,238.609,139.921,191.794,457.871,373.409,217.243,7026.68,0.528777,0,0.216807
79.75,0.760306,293.69,291.892,291.413,238.604,137.761,193.927,455.69,373.409,217.243,7026.68,0.531388,0,0.000119492
80.25,0.757419,293.68,291.891,291.412,238.599,136.743,192.752,453.497,373.279,217.191,7026.68,0.534006,0,0.000160669
80.75,0.754517,293.67,291.87,291.391,238.603,135.984,191.661,451.293,373.279,217.191,7026.68,0.532529,0,0.272318
81.25,0.751601,293.637,291.87,291.391,238.611,135.119,191.677,449.078,373.279,217.191,7026.68,0.535131,0,0.428182
81.75,0.74867,293.627,291.869,291.39,238.605,134.174,190.538,446.852,373.279,217.191,7026.68,0.537728,0,0.000132302
82.25,0.745724,293.616,291.864,291.384,238.606,133.37,189.431,444.614,373.157,217.202,7026.68,0.528935,0,0.216782
82.75,0.742763,293.58,291.861,291.382,238.601,131.032,191.588,442.365,373.157,217.202,7026.68,0.531573,0,0.00013783
83.25,0.739788,293.569,291.859,291.38,238.596,130.093,190.418,440.106,373.157,217.202,7026.68,0.534222,0,0.000152427
83.75,0.736798,293.557,291.84,291.361,238.6,129.339,189.303,437.835,373.157,217.202,7026.68,0.532663,0,0.27191
84.25,0.733794,293.524,291.837,291.358,238.595,128.31,189.315,435.553,373.015,217.118,7026.68,0.535296,0,0.00758763
84.75,0.730775,293.512,291.835,291.356,238.592,127.374,188.153,433.26,373.015,217.118,7026.68,0.537922,0,0.0274822
85.25,0.727742,293.5,291.832,291.353,238.588,126.603,187.041,430.956,373.015,217.118,7026.68,0.540539,0,0.011279
85.75,0.724695,293.488,291.801,291.322,238.596,125.855,185.936,428.642,373.015,217.118,7026.68,0.537987,0,0.37002
86.25,0.721633,293.445,291.799,291.32,238.604,124.995,186.208,426.316,373.025,217.065,7026.68,0.540585,0,0.392626
86.75,0.718558,293.432,291.796,291.317,238.598,123.943,185.025,423.98,373.025,217.065,7026.68,0.543177,0,0.000115893
87.25,0.715468,293.42,291.793,291.314,238.593,123.127,183.912,421.633,373.025,217.065,7026.68,0.545761,0,9.78045e-05
87.75,0.712364,293.407,291.767,291.288,238.598,122.342,182.809,419.276,373.025,217.065,7026.68,0.535791,0,0.313247
88.25,0.709246,293.351,291.763,291.285,238.592,120.12,185.149,416.907,372.708,217.038,7026.68,0.538403,0,0.00015033
88.75,0.706114,293.336,291.76,291.281,238.588,118.936,183.917,414.529,372.708,217.038,7026.68,0.541014,0,0.000125041
89.25,0.702968,293.323,291.756,291.277,238.584,118.08,182.78,412.139,372.708,217.038,7026.68,0.543615,0,0.00464718
89.75,0.699809,293.309,291.742,291.263,238.593,117.266,181.658,409.739,372.708,217.038,7026.68,0.539931,0,0.400196
90.25,0.696636,293.275,291.738,291.259,238.599,115.82,182.283,407.329,372.752,216.961,7026.68,0.542541,0,0.377755
90.75,0.693449,293.261,291.733,291.254,238.593,114.842,181.104,404.908,372.752,216.961,7026.68,0.545145,0,0.000127428
91.25,0.690248,293.246,291.729,291.25,238.588,114.015,179.972,402.477,372.752,216.961,7026.68,0.54774,0,0.000119202
91.75,0.687034,293.232,291.716,291.238,238.594,113.208,178.847,400.036,372.752,216.961,7026.68,0.537188,0,0.33
92.25,0.683806,293.184,291.711,291.232,238.588,110.539,181.37,397.584,372.457,216.936,7026.68,0.539824,0,0.000163564
92.75,0.680565,293.168,291.705,291.227,238.583,109.444,180.135,395.123,372.457,216.936,7026.68,0.542463,0,0.00013651
93.25,0.677311,293.152,291.7,291.221,238.58,108.591,178.975,392.651,372.457,216.936,7026.68,0.54509,0,0.0136469
93.75,0.674043,293.136,291.694,291.215,238.577,107.768,177.826,390.169,372.457,216.936,7026.68,0.547705,0,0.029183
94.25,0.670762,293.122,291.668,291.189,238.587,107.121,176.716,387.677,372.804,216.775,7026.68,0.543495,0,0.433076
94.75,0.667468,293.077,291.662,291.183,238.593,105.789,177.44,385.175,372.804,216.775,7026.68,0.546111,0,0.359243
95.25,0.664161,293.06,291.655,291.177,238.587,104.705,176.217,382.662,372.804,216.775,7026.68,0.548719,0,0.000187086
95.75,0.66084,293.043,291.649,291.17,238.582,103.833,175.059,380.14,372.804,216.775,7026.68,0.551316,0,0.000159495
96.25,0.657507,293.025,291.643,291.164,238.577,102.846,173.863,377.609,372.457,216.794,7026.68,0.553907,0,0.000186304
96.75,0.654161,293.008,291.621,291.143,238.586,101.989,172.713,375.067,372.457,216.794,7026.68,0.542609,0,0.403382
97.25,0.650802,292.952,291.615,291.136,238.591,99.4606,175.419,372.516,372.457,216.794,7026.68,0.545236,0,0.344312
97.75,0.64743,292.934,291.607,291.129,238.584,98.3176,174.166,370.07,372.457,216.794,7026.68,0.547859,0,0.000162821
98.25,0.644045,292.914,291.6,291.121,238.579,97.3121,172.951,367.652,372.048,216.768,7026.68,0.55047,0,0.00016988
98.75,0.640648,292.897,291.593,291.114,238.574,96.4882,171.799,365.225,372.048,216.768,7026.68,0.553069,0,0.000162341
99.25,0.637238,292.88,291.585,291.107,238.57,95.6935,170.661,362.789,372.048,216.768,7026.68,0.555655,0,0.000165373
99.75,0.633816,292.863,291.559,291.081,238.58,94.9043,169.528,360.343,372.048,216.768,7026.68,0.544634,0,0.43235
100.25,0.630381,292.803,291.552,291.073,238.586,92.4868,172.116,357.889,371.845,216.693,5273.21,0.547244,0,0.359726
100.75,0.626934,292.784,291.544,291.066,238.58,91.3,170.855,355.426,371.845,216.693,7026.68,0.549849,0,0.000147745
101.25,0.623474,292.766,291.536,291.058,238.574,90.4249,169.691,352.955,371.845,216.693,7026.68,0.552441,0,0.000119754
101.75,0.620002,292.748,291.529,291.05,238.569,89.5889,168.543,350.474,371.845,216.693,7026.68,0.55502,0,0.000142809
102.25,0.616518,292.73,291.52,291.042,238.565,88.81,167.4,347.985,371.902,216.594,7026.68,0.557598,0,0.000218781
102.75,0.613022,292.712,291.504,291.026,238.576,87.9991,166.261,345.487,371.902,216.594,7026.68,0.546204,0,0.446455
103.25,0.609514,292.66,291.496,291.017,238.581,85.3516,168.98,342.981,371.902,216.594,5273.21,0.548817,0,0.344309
103.75,0.605994,292.64,291.487,291.008,238.575,84.2361,167.729,340.466,371.902,216.594,7026.68,0.551431,0,0.000167213
104.25,0.602462,292.618,291.478,291,238.569,83.1839,166.496,337.942,371.462,216.587,7026.68,0.554031,0,0.000173996
104.75,0.598918,292.598,291.469,290.991,238.565,82.3152,165.328,335.41,371.462,216.587,7026.68,0.556617,0,0.000166994
105.25,0.595363,292.579,291.46,290.982,238.561,81.4736,164.174,332.87,371.462,216.587,7026.68,0.559189,0,0.000169953
105.75,0.591795,292.559,291.451,290.973,238.557,80.6356,163.026,330.321,371.462,216.587,7026.68,0.561747,0,0.00242045
106.25,0.588216,292.542,291.431,290.953,238.57,79.8931,161.937,327.764,371.743,216.434,7026.68,0.549778,0,0.51779
106.75,0.584626,292.484,291.421,290.943,238.574,77.2759,164.756,325.199,371.743,216.434,5273.21,0.55238,0,0.31323
107.25,0.581024,292.462,291.412,290.933,238.568,76.098,163.487,322.626,371.743,216.434,7026.68,0.554979,0,0.00018886
107.75,0.577411,292.441,291.402,290.924,238.563,75.1902,162.305,320.044,371.743,216.434,7026.68,0.557562,0,0.000173818
108.25,0.573786,292.418,291.392,290.914,238.558,74.0994,161.069,317.454,371.223,216.43,7026.68,0.560132,0,0.00016753
108.75,0.57015,292.397,291.382,290.904,238.555,73.2018,159.9,314.856,371.223,216.43,7026.68,0.562687,0,0.00971867
109.25,0.566503,292.379,291.377,290.899,238.552,72.1745,158.848,312.25,371.223,216.43,7026.68,0.564884,0,0.0360755
109.75,0.562844,292.369,291.384,290.906,238.566,70.7619,158.086,309.637,371.223,216.43,7026.68,0.551791,0,0.532276
110.25,0.559175,292.316,291.373,290.894,238.57,67.775,161.089,307.015,371.01,216.403,5273.21,0.553608,0,0.303977
110.75,0.555494,292.292,291.361,290.883,238.564,66.6669,159.826,304.386,371.01,216.403,5273.21,0.556228,0,0.000151011
111.25,0.551803,292.27,291.349,290.871,238.558,65.7735,158.628,301.748,371.01,216.403,7026.68,0.558833,0,0.000113137
111.75,0.548101,292.247,291.338,290.86,238.554,64.8991,157.443,299.103,371.01,216.403,7026.68,0.56142,0,0.000145074
112.25,0.544388,292.224,291.326,290.848,238.551,64.0404,156.256,296.45,370.999,216.29,7026.68,0.564003,0,0.0221903
112.75,0.540664,292.208,291.325,290.847,238.548,62.8182,155.312,293.79,370.999,216.29,7026.68,0.565777,0,0.0431257
113.25,0.53693,292.198,291.334,290.856,238.548,61.3231,154.614,291.122,370.999,216.29,7026.68,0.566795,0,0.0847957
113.75,0.533185,292.192,291.339,290.861,238.561,59.7105,154.069,288.446,370.999,216.29,7026.68,0.552256,0,0.52539
114.25,0.52943,292.129,291.325,290.846,238.565,57.0311,157.018,285.763,370.77,216.299,5273.21,0.554931,0,0.303675
114.75,0.525664,292.103,291.31,290.832,238.559,55.8963,155.698,283.073,370.77,216.299,5273.21,0.557599,0,0.000156245
115.25,0.521888,292.077,291.296,290.818,238.553,55.0085,154.465,280.375,370.77,216.299,7026.68,0.560248,0,0.000120937
115.75,0.518102,292.052,291.282,290.804,238.549,54.1387,153.248,277.67,370.77,216.299,7026.68,0.562877,0,0.0062402
116.25,0.514306,292.028,291.271,290.792,238.546,53.1604,152.085,274.958,370.7,216.179,7026.68,0.565279,0,0.0340903
116.75,0.510499,292.013,291.273,290.795,238.544,51.7652,151.233,272.238,370.7,216.179,7026.68,0.566663,0,0.0505203
117.25,0.506683,292.003,291.283,290.804,238.543,50.1954,150.584,269.511,370.7,216.179,7026.68,0.567457,0,0.0790079
117.75,0.502856,291.995,291.296,290.818,238.556,48.5463,150.052,266.777,370.7,216.179,7026.68,0.552853,0,0.530596
118.25,0.49902,291.935,291.278,290.8,238.56,45.7264,153.021,264.097,370.492,216.189,5273.21,0.555301,0,0.298183
118.75,0.495173,291.908,291.261,290.783,238.554,44.7729,151.712,261.589,370.492,216.189,5273.21,0.558026,0,0.000164263
119.25,0.491318,291.881,291.244,290.766,238.549,44.0259,150.482,259.074,370.492,216.189,5273.21,0.560727,0,0.000131106
119.75,0.487452,291.855,291.227,290.749,238.544,43.2888,149.267,256.553,370.492,216.189,7026.68,0.563405,0,0.00937636
120.25,0.483577,291.83,291.215,290.737,238.541,42.3624,148.133,254.025,370.364,216.069,7026.68,0.565737,0,0.0362424
120.75,0.479692,291.814,291.216,290.738,238.539,41.0681,147.303,251.492,370.364,216.069,7026.68,0.567082,0,0.0520789
121.25,0.475798,291.804,291.224,290.746,238.538,39.6105,146.667,248.952,370.364,216.069,7026.68,0.567856,0,0.0741837
121.75,0.471895,291.795,291.236,290.758,238.537,38.0781,146.143,246.406,370.364,216.069,7026.68,0.5683,0,0.0821595
122.25,0.467982,291.79,291.245,290.767,238.551,36.6336,145.699,243.854,370.594,216,7026.68,0.553328,0,0.538038
122.75,0.46406,291.726,291.224,290.746,238.554,34.1789,148.641,241.296,370.594,216,5273.21,0.556119,0,0.290559
123.25,0.460129,291.696,291.204,290.726,238.548,33.2669,147.282,238.732,370.594,216,5273.21,0.558906,0,0.000209494
123.75,0.456189,291.666,291.184,290.706,238.543,32.5476,146.013,236.163,370.594,216,5273.21,0.561665,0,0.000194833
124.25,0.45224,291.633,291.164,290.686,238.539,31.5781,144.683,233.587,369.99,215.985,7026.68,0.564395,0,0.0174479
124.75,0.448282,291.608,291.153,290.675,238.536,30.545,143.595,231.006,369.99,215.985,7026.68,0.566472,0,0.0412066
125.25,0.444315,291.591,291.154,290.676,238.534,29.2136,142.766,228.419,369.99,215.985,7026.68,0.567673,0,0.0553296
125.75,0.44034,291.578,291.161,290.683,238.532,27.7339,142.122,225.826,369.99,215.985,7026.68,0.568365,0,0.0684284
126.25,0.436356,291.569,291.171,290.693,238.532,26.3231,141.483,223.227,370.12,215.882,7026.68,0.568772,0,0.088019
126.75,0.432363,291.562,291.182,290.704,238.529,24.962,140.67,220.623,370.12,215.882,7026.68,0.570895,0,0.00607918
127.25,0.428362,291.528,291.16,290.682,238.53,24.2972,139.929,218.014,370.12,215.882,7026.68,0.57178,0,0.11797
127.75,0.424352,291.52,291.17,290.692,238.531,22.8465,138.933,215.399,370.12,215.882,7026.68,0.573908,0,0.139947
128.25,0.420334,291.47,291.15,290.672,238.529,21.0307,140.38,212.778,370.246,215.849,7026.68,0.566206,0,0.0486733
128.75,0.416308,291.448,291.145,290.667,238.528,19.6226,139.504,210.152,370.246,215.849,7026.68,0.567627,0,0.060169
129.25,0.412274,291.431,291.147,290.669,238.527,18.2002,138.773,207.521,370.246,215.849,7026.68,0.568449,0,0.072506
129.75,0.408231,291.418,291.154,290.676,238.526,16.9019,137.802,204.884,370.246,215.849,7026.68,0.568919,0,0.0753857
130.25,0.404181,291.406,291.161,290.683,238.533,15.5052,137.164,202.243,370.255,215.753,7026.68,0.571161,0,0.304865
130.75,0.400122,291.357,291.135,290.657,238.53,14.1518,137.736,199.596,370.255,215.753,7026.68,0.566662,0,0.0471374
131.25,0.396056,291.335,291.13,290.652,238.528,12.7639,136.837,196.944,370.255,215.753,7026.68,0.567965,0,0.0627415
131.75,0.391982,291.316,291.132,290.654,238.527,11.3511,136.087,194.286,370.255,215.753,7026.68,0.568721,0,0.0704685
132.25,0.3879,291.302,291.135,290.657,238.524,10.0838,135,191.624,370.105,215.716,7026.68,0.57103,0,0.00460131
132.75,0.383811,291.264,291.11,290.632,238.524,9.41855,134.16,188.957,370.105,215.716,7026.68,0.572035,0,0.10735
133.25,0.379714,291.249,291.112,290.634,238.521,8.09414,133.026,186.285,370.105,215.716,7026.68,0.574346,0,0.00382477
133.75,0.375609,291.22,291.103,290.625,238.522,6.90075,132.474,183.608,370.105,215.716,7026.68,0.574036,0,0.1298
134.25,0.371497,291.205,291.104,290.626,238.528,5.69874,131.354,180.926,370.143,215.643,7026.68,0.576367,0,0.273334
134.75,0.367378,291.162,291.092,290.615,238.526,3.87137,132.146,178.24,370.143,215.643,7026.68,0.570334,0,0.0853344
135.25,0.363252,291.144,291.092,290.614,238.522,2.56367,130.945,175.549,370.143,215.643,7026.68,0.572722,0,0.00269192
135.75,0.359119,291.11,291.073,290.595,238.523,1.67279,130.123,172.853,370.143,215.643,7026.68,0.573133,0,0.11632
136.25,0.354978,291.091,291.072,290.594,238.519,0.480159,128.722,170.152,369.937,215.597,7026.68,0.57554,0,0.00230542
136.75,0.350831,291.075,291.067,290.589,238.52,0.0360439,126.42,167.447,369.937,215.597,7026.68,0.579168,0,0.133972
137.25,0.346676,291.064,291.064,290.587,238.525,-0.28465,124.266,164.973,369.937,215.597,7026.68,0.58151,0,0.256954
137.75,0.342515,291.095,291.063,290.585,238.521,-0.168556,121.325,162.553,369.937,215.597,7026.68,0.579462,0,0.00179445
138.25,0.338347,291.028,291.035,290.559,238.521,-0.30705,120.418,160.13,369.915,215.598,7026.68,0.582056,0,0.113936
138.75,0.334173,291.06,291.034,290.557,238.517,-0.184944,116.914,157.702,369.915,215.598,7026.68,0.591671,0,0.00156255
139.25,0.329992,291.065,291.031,290.554,238.518,-0.0966398,114.476,155.271,369.915,215.598,7026.68,0.594387,0,0.127561
139.75,0.325804,291.001,291.024,290.551,238.515,-0.364796,112.945,152.836,369.915,215.598,7026.68,0.589674,0,0.00136685
140.25,0.32161,291.083,291.026,290.549,238.512,-0.314901,109.567,150.397,369.798,215.507,7026.68,0.579339,0,0.00319301
140.75,0.31741,290.991,290.995,290.524,238.515,-0.490255,109.213,147.955,369.798,215.507,7026.68,0.597708,0,0.182969
141.25,0.313203,290.933,290.993,290.522,238.519,-0.515703,106.119,145.508,369.798,215.507,7026.68,0.588648,0,0.249704
141.75,0.30899,291.058,290.996,290.519,238.515,-0.37971,102.886,143.059,369.798,215.507,7026.68,0.613691,0,0.00106756
142.25,0.304771,290.947,290.967,290.504,238.516,-0.859726,103.202,140.606,369.628,215.562,7026.68,0.601679,0,0.127493
142.75,0.300547,290.872,290.962,290.501,238.512,-0.925209,100.116,138.149,369.628,215.562,7026.68,0.593685,0,0.000948963
143.25,0.296316,290.858,290.965,290.498,238.509,-0.761987,96.8895,135.689,369.628,215.562,7026.68,0.588358,0,0.000902291
143.75,0.29208,290.864,290.95,290.478,238.511,-0.658152,94.8248,133.225,369.628,215.562,7026.68,0.5823,0,0.160125
144.25,0.287837,290.993,290.945,290.475,238.508,-0.639864,92.5376,130.759,369.384,215.436,7026.68,0.621557,0,0.000802102
144.75,0.283589,290.958,290.935,290.471,238.506,-0.969596,91.2623,128.288,369.384,215.436,7026.68,0.624542,0,0.0190365
145.25,0.279336,290.857,290.914,290.465,238.509,-1.45901,90.4898,125.815,369.384,215.436,7026.68,0.616739,0,0.172664
145.75,0.275077,290.84,290.909,290.46,238.514,-1.46403,86.952,123.339,369.384,215.436,7026.68,0.6288,0,0.251038
146.25,0.270813,290.878,290.909,290.455,238.51,-1.44523,83.7544,120.859,369.18,215.462,7026.68,0.651647,0,0.00140404
146.75,0.266543,290.67,290.878,290.448,238.51,-2.25343,85.7493,118.376,369.18,215.462,7026.68,0.602448,0,0.126479
147.25,0.262268,290.797,290.885,290.442,238.507,-1.63253,79.0205,115.89,369.18,215.462,7026.68,0.650859,0,0.00150401
147.75,0.257988,290.787,290.879,290.437,238.504,-1.44284,76.7293,113.401,369.18,215.462,7026.68,0.66463,0,0.00150396
148.25,0.253703,290.84,290.879,290.423,238.505,-1.33011,73.3983,110.91,369.084,215.377,7026.68,0.687252,0,0.113323
148.75,0.249413,290.74,290.86,290.418,238.502,-1.78675,73.7837,108.454,369.084,215.377,7026.68,0.674365,0,0.00155939
149.25,0.245118,290.779,290.859,290.412,238.5,-1.35673,69.1148,106.241,369.084,215.377,7026.68,0.698099,0,0.00739802
149.75,0.240818,290.976,290.874,290.396,238.503,-0.481571,67.9381,104.025,369.084,215.377,7026.68,0.579146,0,0.179756
150.25,0.236513,290.921,290.861,290.393,238.508,-1.09098,68.5059,101.808,368.893,215.47,7026.68,0.646532,0,0.244538
150.75,0.232204,290.867,290.847,290.389,238.504,-1.3929,67.0831,99.5874,368.893,215.47,7026.68,0.648544,0,0.00157565
151.25,0.22789,290.818,290.833,290.385,238.501,-1.79048,65.7542,97.3648,368.893,215.47,7026.68,0.653436,0,0.0015446
151.75,0.223572,290.717,290.795,290.364,238.502,-2.48076,66.8625,95.1399,368.893,215.47,5273.21,0.643134,0,0.123485
152.25,0.219249,290.754,290.788,290.358,238.499,-1.98498,59.9387,92.9127,368.505,215.349,5273.21,0.672235,0,0.00162611
152.75,0.214922,290.79,290.787,290.352,238.496,-1.47315,55.5863,90.6833,368.505,215.349,5273.21,0.692356,0,0.00159314
153.25,0.210591,290.741,290.773,290.344,238.497,-1.74542,55.8051,88.4517,368.505,215.349,5273.21,0.698943,0,0.101553
153.75,0.206256,290.774,290.772,290.338,238.494,-1.37139,50.9028,86.218,368.505,215.349,5273.21,0.717693,0,0.00160334
154.25,0.201916,290.723,290.758,290.331,238.493,-1.6924,51.1475,83.9822,368.444,215.349,5273.21,0.722082,0,0.0143821
154.75,0.197573,290.696,290.745,290.318,238.494,-1.84779,49.1509,81.7444,368.444,215.349,5273.21,0.731276,0,0.098562
155.25,0.193226,290.714,290.74,290.312,238.492,-1.5762,45.1204,79.5045,368.444,215.349,5273.21,0.74528,0,0.0114022
155.75,0.188875,290.647,290.72,290.305,238.49,-2.00091,45.909,77.2628,368.444,215.349,5273.21,0.746239,0,0.00484263
156.25,0.18452,290.644,290.706,290.292,238.491,-1.85902,42.1601,75.0191,368.279,215.272,5273.21,0.758357,0,0.101049
156.75,0.180162,290.624,290.691,290.285,238.489,-1.84721,40.2264,72.7735,368.279,215.272,5273.21,0.765434,0,0.00483602
157.25,0.1758,290.589,290.673,290.278,238.487,-1.98893,38.8959,70.5261,368.279,215.272,5273.21,0.770678,0,0.00760745
157.75,0.171434,290.544,290.651,290.266,238.488,-2.20806,37.7603,68.2769,368.279,215.272,5273.21,0.775172,0,0.0865396
158.25,0.167066,290.522,290.631,290.258,238.486,-2.1772,35.0757,66.222,367.977,215.224,5273.21,0.779855,0,0.00638512
158.75,0.162694,290.481,290.608,290.249,238.484,-2.32271,34.1356,64.2615,367.977,215.224,5273.21,0.783235,0,0.0043974
159.25,0.158318,290.431,290.582,290.237,238.485,-2.53658,33.3195,62.2996,367.977,215.224,5273.21,0.786441,0,0.083351
159.75,0.15394,290.376,290.553,290.228,238.483,-2.77221,32.5036,60.3362,367.977,215.224,5273.21,0.789561,0,0.00410493
160.25,0.149559,290.31,290.518,290.218,238.482,-3.01238,31.6275,58.3715,367.664,215.127,5273.21,0.792704,0,0.00478333
160.75,0.145174,290.275,290.49,290.206,238.482,-2.97392,29.3096,56.4055,367.664,215.127,5273.21,0.794373,0,0.0804098
161.25,0.140787,290.215,290.457,290.195,238.481,-3.19424,28.76,54.4382,367.664,215.127,5273.21,0.796445,0,0.00420695
161.75,0.136397,290.148,290.422,290.184,238.479,-3.43579,28.1069,52.4696,367.664,215.127,5273.21,0.798637,0,0.00354792
162.25,0.132005,290.067,290.382,290.171,238.48,-3.62456,27.3328,50.4999,367.256,215.003,5273.21,0.800925,0,0.0719661
162.75,0.12761,289.99,290.34,290.158,238.478,-3.88436,26.6113,48.529,367.256,215.003,5273.21,0.803167,0,0.00330936
163.25,0.123212,289.912,290.297,290.145,238.476,-4.14557,25.9009,46.5569,367.256,215.003,5273.21,0.805378,0,0.00343784
163.75,0.118812,289.832,290.253,290.131,238.477,-4.4089,25.1943,44.5838,367.256,215.003,5273.21,0.807559,0,0.0671663
164.25,0.114409,289.735,290.202,290.116,238.475,-4.5724,24.3683,42.6097,366.696,214.847,5273.21,0.80983,0,0.00320981
164.75,0.110005,289.647,290.152,290.1,238.474,-4.84317,23.6352,40.6345,366.696,214.847,5273.21,0.812022,0,0.00290276
165.25,0.105598,289.559,290.1,290.083,238.474,-5.1119,22.9255,38.6583,366.696,214.847,5273.21,0.814168,0,0.0651441
165.75,0.101189,289.47,290.048,290.067,238.472,-5.3809,22.2267,36.6813,366.696,214.847,5273.21,0.816274,0,0.00273267
166.25,0.0967781,289.368,289.99,290.048,238.471,-5.51814,21.4312,34.8982,366.078,214.656,5273.21,0.818457,0,0.00283364
166.75,0.0923653,289.277,289.933,290.029,238.471,-5.74934,20.7563,33.1863,366.078,214.656,5273.21,0.820541,0,0.05812
167.25,0.0879506,289.188,289.877,290.01,238.47,-5.97436,20.115,31.4738,366.078,214.656,4016.82,0.822571,0,0.00262378
167.75,0.0835343,289.1,289.821,289.99,238.468,-6.19738,19.4893,29.7605,366.078,214.656,4016.82,0.824556,0,0.0024648
168.25,0.0791163,288.995,289.759,289.968,238.468,-6.35171,18.7397,28.0466,365.386,214.463,4016.82,0.826619,0,0.0542899
168.75,0.0746968,288.9,289.698,289.946,238.467,-6.58275,18.0972,26.3321,365.386,214.463,4016.82,0.82859,0,0.00237052
169.25,0.0702757,288.807,289.637,289.924,238.465,-6.80881,17.4845,24.6171,365.386,214.463,4016.82,0.830514,0,0.00240148
169.75,0.0658533,288.714,289.576,289.9,238.465,-7.0335,16.8859,22.9015,365.386,214.463,3113.18,0.832398,0,0.0517436
170.25,0.0614296,288.602,289.509,289.876,238.464,-7.20944,16.1527,21.1854,364.595,214.271,692.2,0.834374,0,0.00237437
170.75,0.0570047,288.501,289.443,289.85,238.462,-7.44489,15.532,19.4688,364.595,214.271,490.937,0.836258,0,0.00220779
171.25,0.0525787,288.403,289.377,289.825,238.462,-7.67431,14.9425,17.7519,364.595,214.271,490.937,0.838098,0,0.0466652
171.75,0.0481517,288.307,289.312,289.798,238.461,-7.88958,14.3775,16.1129,364.595,214.271,339.934,0.839899,0,0.00213077
172.25,0.0437237,288.193,289.241,289.77,238.459,-8.04099,13.6949,14.5829,363.786,214.059,339.934,0.84179,0,0.00224683
172.75,0.0392948,288.093,289.172,289.742,238.459,-8.24584,13.1297,13.0527,363.786,214.059,339.934,0.843587,0,0.0433123
173.25,0.0348652,287.996,289.104,289.713,238.458,-8.44282,12.5978,11.5221,363.786,214.059,339.934,0.845342,0,0.00211823
173.75,0.0304349,287.899,289.036,289.684,238.456,-8.63683,12.0808,9.99139,363.786,214.059,339.934,0.847064,0,0.00201069
174.25,0.026004,287.783,288.963,289.653,238.456,-8.81067,11.4302,8.46043,362.934,213.849,226.649,0.848881,0,0.0411807
174.75,0.0215725,287.68,288.891,289.622,238.455,-9.01635,10.891,6.9293,362.934,213.849,226.649,0.850609,0,0.00197546
175.25,0.0171407,287.581,288.82,289.59,238.453,-9.2027,10.3928,5.47299,362.934,213.849,226.649,0.852295,0,0.00202049
175.75,0.0127085,287.485,288.75,289.558,238.453,-9.37838,9.91648,4.0578,362.934,213.849,226.649,0.853948,0,0.0365988
176.25,0.00827608,287.367,288.674,289.524,238.452,-9.54967,9.30428,2.64253,362.02,213.643,226.649,0.855702,0,0.00203551
176.75,0.00384348,287.265,288.6,289.49,238.45,-9.73658,8.80639,1.22722,362.02,213.643,226.649,0.857366,0,0.0018766
177.25,0,287.169,288.528,289.456,238.45,-9.88855,8.36542,0,362.02,213.643,226.649,0.85898,0,0.0338116
177.75,0,287.1,288.462,289.421,238.449,-9.86212,8.10513,0,362.02,213.643,226.649,0.860469,0,0.00158315
178.25,0,287.02,288.395,289.385,238.447,-9.84742,7.76848,0,361.117,213.444,226.649,0.862005,0,0.00161251
178.75,0,286.96,288.332,289.349,238.447,-9.7967,7.55459,0,361.117,213.444,226.649,0.863436,0,0.0283832
179.25,0,286.906,288.274,289.312,238.446,-9.7298,7.38125,0,361.117,213.444,226.649,0.864817,0,0.0012787
179.75,0,286.857,288.218,289.276,238.444,-9.65485,7.22704,0,361.117,213.444,226.649,0.866158,0,0.00108004
180.25,0,286.794,288.161,289.239,238.444,-9.71844,6.98878,0,360.313,213.315,226.649,0.86749,0,0.0253105
180.75,0,286.746,288.108,289.202,238.443,-9.65622,6.82842,0,360.313,213.315,226.649,0.868756,0,0.000897996
181.25,0,286.701,288.057,289.165,238.442,-9.58364,6.69392,0,360.313,213.315,226.649,0.869992,0,0.000876552
181.75,0,286.66,288.007,289.127,238.441,-9.50642,6.57063,0,360.313,213.315,226.649,0.871202,0,0.0190432
182.25,0,286.606,287.957,289.09,238.44,-9.57004,6.37129,0,359.588,213.211,226.649,0.872408,0,0.000763067
182.75,0,286.563,287.91,289.053,238.439,-9.50724,6.23668,0,359.588,213.211,226.649,0.873559,0,0.00129237
183.25,0,286.525,287.863,289.017,238.439,-9.43598,6.123,0,359.588,213.211,226.649,0.874688,0,0.015975
183.75,0,286.488,287.819,288.98,238.437,-9.36117,6.01781,0,359.588,213.211,226.649,0.875798,0,0.000510029
184.25,0,286.44,287.774,288.943,238.437,-9.41753,5.84531,0,358.941,213.117,226.649,0.876905,0,0.00123551
184.75,0,286.402,287.73,288.907,238.436,-9.35624,5.72833,0,358.941,213.117,226.649,0.877966,0,0.00558694
185.25,0,286.367,287.688,288.871,238.435,-9.28768,5.62909,0,358.941,213.117,226.649,0.87901,0,0.00136222
185.75,0,286.334,287.647,288.835,238.434,-9.21615,5.53678,0,358.941,213.117,226.649,0.880036,0,0.00439405
186.25,0,286.29,287.606,288.799,238.433,-9.26815,5.383,0,358.347,213.032,226.649,0.881064,0,0.00143301
186.75,0,286.256,287.565,288.764,238.432,-9.2093,5.27887,0,358.347,213.032,226.649,0.88205,0,0.00348808
187.25,0,286.224,287.527,288.728,238.432,-9.14388,5.19046,0,358.347,213.032,226.649,0.88302,0,0.00135935
187.75,0,286.193,287.489,288.693,238.431,-9.07582,5.10799,0,358.347,213.032,226.649,0.883977,0,0.00278174
188.25,0,286.153,287.45,288.659,238.43,-9.12413,4.96864,0,357.795,212.954,226.649,0.884937,0,0.00131066
188.75,0,286.121,287.413,288.624,238.429,-9.06789,4.87461,0,357.795,212.954,226.649,0.885858,0,0.00224091
189.25,0,286.092,287.376,288.59,238.428,-9.0056,4.79481,0,357.795,212.954,226.649,0.886767,0,0.00117174
189.75,0,286.063,287.341,288.556,238.428,-8.94088,4.72027,0,357.795,212.954,226.649,0.887663,0,0.00181072
190.25,0,286.026,287.305,288.523,238.427,-8.98614,4.59259,0,357.277,212.882,226.649,0.888563,0,0.00109282
190.75,0,285.996,287.27,288.489,238.426,-8.93248,4.50681,0,357.277,212.882,226.649,0.889429,0,0.00147935
191.25,0,285.969,287.236,288.456,238.425,-8.87316,4.43411,0,357.277,212.882,226.649,0.890283,0,0.000946733
191.75,0,285.942,287.202,288.423,238.425,-8.81158,4.36616,0,357.277,212.882,226.649,0.891126,0,0.00120963
192.25,0,285.907,287.168,288.391,238.424,-8.85428,4.2482,0,356.787,212.814,226.649,0.891975,0,0.000873657
192.75,0,285.879,287.135,288.358,238.423,-8.80308,4.16934,0,356.787,212.814,226.649,0.892791,0,0.00100151
193.25,0,285.853,287.103,288.326,238.423,-8.74653,4.10264,0,356.787,212.814,226.649,0.893597,0,0.0007421
193.75,0,285.828,287.071,288.294,238.422,-8.68784,4.04028,0,356.787,212.814,226.649,0.894392,0,0.000827608
194.25,0,285.795,287.039,288.263,238.421,-8.7284,3.93058,0,356.322,212.75,226.649,0.895195,0,0.000686571
194.75,0,285.768,287.008,288.232,238.42,-8.6795,3.85766,0,356.322,212.75,226.649,0.895967,0,0.000694058
195.25,0,285.744,286.977,288.2,238.42,-8.62551,3.79611,0,356.322,212.75,226.649,0.896729,0,0.000575073
195.75,0,285.72,286.947,288.17,238.419,-8.56949,3.73857,0,356.322,212.75,226.649,0.897483,0,0.000579032
196.25,0,285.688,286.917,288.139,238.418,-8.60821,3.63601,0,355.879,212.69,226.649,0.898244,0,0.000538444
196.75,0,285.664,286.887,288.109,238.418,-8.56145,3.56823,0,355.879,212.69,226.649,0.898977,0,0.000491871
197.25,0,285.64,286.858,288.079,238.417,-8.50982,3.51117,0,355.879,212.69,226.649,0.8997,0,0.000446004
197.75,0,285.618,286.829,288.049,238.416,-8.45625,3.45785,0,355.879,212.69,226.649,0.900416,0,0.00041402
198.25,0,285.587,286.8,288.019,238.415,-8.49337,3.36152,0,355.454,212.632,226.649,0.90114,0,0.000425809
198.75,0,285.564,286.771,287.99,238.415,-8.4486,3.29826,0,355.454,212.632,226.649,0.901837,0,0.000356463
199.25,0,285.541,286.744,287.96,238.414,-8.39915,3.24516,0,355.454,212.632,226.649,0.902525,0,0.000349294
199.75,0,285.52,286.716,287.931,238.413,-8.34783,3.19556,0,355.454,212.632,226.649,0.903206,0,0.00030267
200.25,0,285.491,286.688,287.903,238.413,-8.38355,3.10473,0,355.046,212.576,226.649,0.903896,0,0.000342119
200.75,0,285.468,286.661,287.874,238.412,-8.34062,3.04547,0,355.046,212.576,226.649,0.904561,0,0.000264427
201.25,0,285.447,286.634,287.846,238.411,-8.29318,2.99588,0,355.046,212.576,226.649,0.905217,0,0.00027812
201.75,0,285.426,286.608,287.818,238.411,-8.24393,2.94959,0,355.046,212.576,226.649,0.905866,0,0.000226531
202.25,0,285.398,286.581,287.79,238.41,-8.27842,2.86367,0,354.653,212.522,226.649,0.906526,6.78222e-07,0.000280746
202.75,0,285.376,286.555,287.762,238.409,-8.23719,2.80798,0,354.653,212.522,226.649,0.90716,9.35124e-07,0.000201122
203.25,0,285.356,286.529,287.735,238.408,-8.19161,2.76154,0,354.653,212.522,226.649,0.907787,1.20554e-06,0.000226272
203.75,0,285.336,286.504,287.707,238.408,-8.14427,2.71821,0,354.653,212.522,226.649,0.908408,1.46452e-06,0.000173912
204.25,0,285.311,286.478,287.68,238.407,-8.17396,2.62529,0,354.273,212.471,226.649,0.909018,1.23493e-05,0.000236042
204.75,0,285.29,286.453,287.653,238.406,-8.13393,2.57497,0,354.273,212.471,226.649,0.909616,1.34519e-05,0.000157152
205.25,0,285.271,286.429,287.626,238.406,-8.08981,2.53158,0,354.273,212.471,226.649,0.910208,1.46452e-05,0.000188694
205.75,0,285.252,286.405,287.6,238.405,-8.04181,2.48541,0,354.273,212.471,226.649,0.910785,1.99834e-05,0.000137225
206.25,0,285.227,286.38,287.574,238.404,-8.07389,2.40152,0,353.906,212.422,226.649,0.911361,3.07245e-05,0.000202729
206.75,0,285.207,286.355,287.547,238.404,-8.03551,2.35405,0,353.906,212.422,226.649,0.911926,3.24022e-05,0.000126206
207.25,0,285.189,286.332,287.521,238.403,-7.99114,2.30897,0,353.906,212.422,226.649,0.912478,3.76479e-05,0.00016091
207.75,0,285.17,286.309,287.496,238.402,-7.94691,2.27147,0,353.906,212.422,226.649,0.91303,3.99625e-05,0.000111258
208.25,0,285.147,286.285,287.47,238.402,-7.97579,2.18835,0,353.551,212.374,226.649,0.913575,5.36086e-05,0.000178852
208.75,0,285.127,286.261,287.444,238.401,-7.93737,2.14062,0,353.551,212.374,226.649,0.914105,5.83077e-05,0.00010432
209.25,0,285.109,286.239,287.419,238.4,-7.8963,2.1029,0,353.551,212.374,226.649,0.914634,6.10565e-05,0.000140997
209.75,0,285.092,286.216,287.394,238.4,-7.85357,2.06714,0,353.551,212.374,226.649,0.91516,6.37272e-05,9.28847e-05
210.25,0,285.068,286.193,287.369,238.399,-7.88074,1.986,0,353.207,212.328,226.649,0.915661,7.96042e-05,0.000165321
210.75,0,285.05,286.171,287.344,238.398,-7.84513,1.94277,0,353.207,212.328,226.649,0.916164,8.41581e-05,9.17043e-05
211.25,0,285.032,286.149,287.32,238.398,-7.80558,1.90747,0,353.207,212.328,226.649,0.91666,8.71241e-05,0.00013107
211.75,0,285.015,286.127,287.295,238.397,-7.76498,1.87454,0,353.207,212.328,226.649,0.917151,8.99457e-05,8.58708e-05
212.25,0,284.993,286.105,287.271,238.396,-7.79144,1.79686,0,352.873,212.283,226.649,0.917619,0.000107132,0.0001595
212.75,0,284.975,286.083,287.247,238.396,-7.75756,1.75702,0,352.873,212.283,226.649,0.91809,0.000111584,8.83848e-05
213.25,0,284.958,286.062,287.223,238.395,-7.72051,1.72498,0,352.873,212.283,226.649,0.918566,0.000114251,0.000126862
213.75,0,284.941,286.041,287.199,238.394,-7.6816,1.69447,0,352.873,212.283,226.649,0.919041,0.000116874,8.15535e-05
214.25,0,284.919,286.019,287.175,238.394,-7.70786,1.62019,0,352.549,212.239,226.649,0.919508,0.000134483,0.000150978
214.75,0,284.902,285.998,287.152,238.393,-7.67395,1.58189,0,352.549,212.239,226.649,0.919967,0.00013864,8.13993e-05
215.25,0,284.885,285.977,287.128,238.392,-7.63751,1.55112,0,352.549,212.239,226.649,0.920426,0.000141599,0.000120036
215.75,0,284.869,285.957,287.105,238.392,-7.59949,1.52208,0,352.549,212.239,226.649,0.920884,0.000144463,7.58873e-05
216.25,0,284.848,285.936,287.082,238.391,-7.62518,1.4496,0,352.231,212.197,226.649,0.921314,0.000163491,0.000149036
216.75,0,284.831,285.916,287.059,238.39,-7.5948,1.41686,0,352.231,212.197,226.649,0.921749,0.000165745,8.22499e-05
217.25,0,284.815,285.895,287.036,238.39,-7.55914,1.38612,0,352.231,212.197,226.649,0.922186,0.00017005,0.000119969
217.75,0,284.799,285.876,287.014,238.389,-7.52246,1.35912,0,352.231,212.197,226.649,0.92262,0.000172972,7.74134e-05
218.25,0,284.778,285.855,286.991,238.388,-7.54732,1.28933,0,351.922,212.155,226.649,0.923037,0.00019289,0.00014826
218.75,0,284.762,285.835,286.969,238.388,-7.51798,1.2586,0,351.922,212.155,226.649,0.923459,0.000194987,8.1567e-05
219.25,0,284.746,285.816,286.946,238.387,-7.48446,1.23166,0,351.922,212.155,226.649,0.923882,0.000197494,0.000120316
219.75,0,284.731,285.796,286.924,238.386,-7.44786,1.20401,0,351.922,212.155,226.649,0.924302,0.000201664,7.72357e-05
220.25,0,284.711,285.777,286.902,238.386,-7.47253,1.13682,0,351.619,212.114,226.649,0.924712,0.000222111,0.000145579
220.75,0,284.695,285.757,286.88,238.385,-7.44319,1.10698,0,351.619,212.114,226.649,0.925122,0.00022454,7.98198e-05
221.25,0,284.679,285.738,286.859,238.385,-7.41025,1.08115,0,351.619,212.114,226.649,0.925532,0.00022731,0.000118292
221.75,0,284.664,285.719,286.837,238.384,-7.37598,1.05713,0,351.619,212.114,226.649,0.925938,0.000229869,7.72006e-05
222.25,0,284.645,285.7,286.815,238.383,-7.39918,0.989824,0,351.324,212.074,226.649,0.926327,0.000252095,0.000145401
222.75,0,284.629,285.681,286.794,238.383,-7.37103,0.961984,0,351.324,212.074,226.649,0.926718,0.000254548,8.13056e-05
223.25,0,284.614,285.662,286.773,238.382,-7.33934,0.937865,0,351.324,212.074,226.649,0.927109,0.000257365,0.000120192
223.75,0,284.599,285.644,286.751,238.381,-7.30625,0.915378,0,351.324,212.074,226.649,0.927498,0.000260039,7.95243e-05
224.25,0,284.58,285.625,286.73,238.381,-7.32888,0.85053,0,351.035,212.035,226.649,0.927873,0.000282059,0.000146997
224.75,0,284.565,285.607,286.71,238.38,-7.30148,0.824019,0,351.035,212.035,226.649,0.92825,0.000284706,8.3483e-05
225.25,0,284.55,285.589,286.689,238.379,-7.27075,0.801247,0,351.035,212.035,226.649,0.928628,0.000287581,0.000121716
225.75,0,284.536,285.571,286.668,238.379,-7.2387,0.780125,0,351.035,212.035,226.649,0.929007,0.000290196,8.10702e-05
226.25,0,284.517,285.552,286.647,238.378,-7.26232,0.719309,0,350.751,211.996,226.649,0.929376,0.00031117,0.000147872
226.75,0,284.502,285.534,286.627,238.377,-7.23571,0.693966,0,350.751,211.996,226.649,0.929745,0.000313427,8.4744e-05
227.25,0,284.488,285.516,286.607,238.377,-7.20568,0.672196,0,350.751,211.996,226.649,0.930115,0.000316023,0.000122503
227.75,0,284.474,285.499,286.586,238.376,-7.1729,0.649831,0,350.751,211.996,226.649,0.930481,0.000320206,8.15717e-05
228.25,0,284.455,285.481,286.566,238.376,-7.19566,0.590326,0,350.474,211.959,226.649,0.930838,0.000342179,0.000147471
228.75,0,284.441,285.463,286.546,238.375,-7.16968,0.566175,0,350.474,211.959,226.649,0.931195,0.000344593,8.53756e-05
229.25,0,284.427,285.446,286.526,238.374,-7.1405,0.545603,0,350.474,211.959,226.649,0.93155,0.000347269,0.000123328
229.75,0,284.413,285.429,286.506,238.374,-7.11004,0.526559,0,350.474,211.959,226.649,0.931905,0.000349773,8.40523e-05
230.25,0,284.395,285.411,286.486,238.373,-7.13156,0.467154,0,350.201,211.922,226.649,0.932247,0.000372756,0.00014914
230.75,0,284.38,285.394,286.467,238.372,-7.10634,0.444321,0,350.201,211.922,226.649,0.932591,0.000375304,8.77087e-05
231.25,0,284.367,285.377,286.447,238.372,-7.07786,0.424762,0,350.201,211.922,226.649,0.932935,0.000378159,0.000125152
231.75,0,284.354,285.36,286.428,238.371,-7.04808,0.406619,0,350.201,211.922,226.649,0.933278,0.000380836,8.6104e-05
232.25,0,284.336,285.343,286.408,238.371,-7.07011,0.35051,0,349.934,211.885,226.649,0.933609,0.000402784,0.00015169
232.75,0,284.322,285.326,286.389,238.37,-7.04606,0.329066,0,349.934,211.885,226.649,0.933944,0.000404877,9.06504e-05
233.25,0,284.308,285.309,286.37,238.369,-7.01854,0.310651,0,349.934,211.885,226.649,0.93428,0.000407326,0.000127617
233.75,0,284.295,285.293,286.351,238.369,-6.98809,0.291339,0,349.934,211.885,226.649,0.934613,0.000411506,8.77676e-05
234.25,0,284.278,285.276,286.332,238.368,-7.0099,0.237009,0,349.672,211.849,226.649,0.934938,0.000433803,0.000152062
234.75,0,284.264,285.26,286.313,238.367,-6.98596,0.216135,0,349.672,211.849,226.649,0.935265,0.000436234,9.14889e-05
235.25,0,284.251,285.243,286.294,238.367,-6.95882,0.198376,0,349.672,211.849,226.649,0.935591,0.000438938,0.000128065
235.75,0,284.238,285.227,286.275,238.366,-6.93041,0.181947,0,349.672,211.849,226.649,0.935918,0.000441459,8.94973e-05
236.25,0,284.221,285.211,286.257,238.366,-6.95084,0.127198,0,349.414,211.814,226.649,0.936233,0.000464599,0.000152451
236.75,0,284.207,285.194,286.238,238.365,-6.92731,0.107138,0,349.414,211.814,226.649,0.936551,0.000467288,9.23388e-05
237.25,0,284.194,285.178,286.22,238.364,-6.90065,0.0900801,0,349.414,211.814,226.649,0.936869,0.000470215,0.000128545
237.75,0,284.182,285.163,286.201,238.364,-6.87637,0.0908599,0,349.414,211.814,226.649,0.937182,0.000552077,9.82898e-05
238.25,0,284.165,285.146,286.183,238.363,-6.89975,0.0341719,0,349.161,211.78,226.649,0.937487,0.000577921,0.000160311
238.75,0,284.152,285.131,286.165,238.362,-6.87863,0.0131534,0,349.161,211.78,226.649,0.937795,0.000579973,0.000100857
239.25,0,284.139,285.115,286.147,238.362,-6.85381,-0.00429228,0,349.161,211.78,226.649,0.938103,0.000582487,0.000136724
239.75,0,284.126,285.099,286.129,238.361,-6.82744,-0.0201359,0,349.161,211.78,226.649,0.938411,0.000584741,9.88428e-05
240.25,0,284.11,285.083,286.111,238.361,-6.84795,-0.0717793,0,348.911,211.745,226.649,0.93871,0.000607736,0.000161459
240.75,0,284.096,285.068,286.093,238.36,-6.82597,-0.0909035,0,348.911,211.745,226.649,0.939011,0.000609148,0.000102226
241.25,0,284.084,285.052,286.075,238.359,-6.80086,-0.106883,0,348.911,211.745,226.649,0.939312,0.000611195,0.000137973
241.75,0,284.072,285.037,286.057,238.359,-6.77447,-0.12152,0,348.911,211.745,226.649,0.939612,0.000613083,0.000100242
242.25,0,284.055,285.021,286.039,238.358,-6.7937,-0.173168,0,348.666,211.711,226.649,0.939904,0.000637356,0.000161474
242.75,0,284.042,285.006,286.022,238.358,-6.77189,-0.191102,0,348.666,211.711,226.649,0.940196,0.000638765,0.000102796
243.25,0,284.03,284.991,286.004,238.357,-6.74713,-0.206041,0,348.666,211.711,226.649,0.940489,0.000640804,0.000138422
243.75,0,284.018,284.976,285.987,238.356,-6.72118,-0.219722,0,348.666,211.711,226.649,0.940781,0.000642687,0.000101104
244.25,0,284.002,284.96,285.969,238.356,-6.74131,-0.268214,0,348.424,211.678,226.649,0.941064,0.000665352,0.000162913
244.75,0,283.989,284.945,285.952,238.355,-6.72003,-0.285302,0,348.424,211.678,226.649,0.941349,0.000666557,0.000104764
245.25,0,283.977,284.93,285.935,238.354,-6.69576,-0.299493,0,348.424,211.678,226.649,0.941633,0.000668397,0.000140098
245.75,0,283.966,284.916,285.918,238.354,-6.6703,-0.312472,0,348.424,211.678,226.649,0.941918,0.000670089,0.000103057
246.25,0,283.95,284.9,285.901,238.353,-6.68907,-0.361277,0,348.185,211.645,226.649,0.942195,0.000693732,0.000163237
246.75,0,283.937,284.886,285.884,238.353,-6.66798,-0.377684,0,348.185,211.645,226.649,0.942473,0.000695135,0.000105462
247.25,0,283.925,284.871,285.867,238.352,-6.64403,-0.391269,0,348.185,211.645,226.649,0.942751,0.000697149,0.000140438
247.75,0,283.914,284.857,285.85,238.351,-6.61893,-0.403681,0,348.185,211.645,226.649,0.943028,0.000698999,0.000103608
248.25,0,283.898,284.842,285.833,238.351,-6.6383,-0.449986,0,347.951,211.613,226.649,0.943298,0.000721649,0.000164174
248.75,0,283.886,284.827,285.816,238.35,-6.61772,-0.465773,0,347.951,211.613,226.649,0.943569,0.000722923,0.000106836
249.25,0,283.874,284.813,285.8,238.35,-6.59432,-0.478707,0,347.951,211.613,226.649,0.943841,0.000724728,0.000141558
249.75,0,283.863,284.798,285.783,238.349,-6.56986,-0.490415,0,347.951,211.613,226.649,0.944112,0.000726314,0.000105029
250.25,0,283.848,284.784,285.766,238.348,-6.58929,-0.535328,0,347.719,211.581,226.649,0.944376,0.000748247,0.00016519
250.75,0,283.836,284.769,285.75,238.348,-6.56808,-0.551997,0,347.719,211.581,226.649,0.944641,0.000750584,0.00010741
251.25,0,283.824,284.755,285.733,238.347,-6.54503,-0.564319,0,347.719,211.581,226.649,0.944907,0.000752503,0.000141833
251.75,0,283.813,284.741,285.717,238.347,-6.52087,-0.575566,0,347.719,211.581,226.649,0.945173,0.000754276,0.00010551
252.25,0,283.798,284.727,285.701,238.346,-6.53981,-0.619717,0,347.491,211.55,226.649,0.945431,0.000776745,0.000165049
252.75,0,283.786,284.713,285.685,238.345,-6.52002,-0.634288,0,347.491,211.55,226.649,0.94569,0.000778032,0.000108515
253.25,0,283.775,284.699,285.668,238.345,-6.49743,-0.646184,0,347.491,211.55,226.649,0.94595,0.000779852,0.000142698
253.75,0,283.764,284.685,285.652,238.344,-6.47374,-0.656975,0,347.491,211.55,226.649,0.94621,0.000781496,0.000106629
254.25,0,283.749,284.671,285.636,238.344,-6.49248,-0.700148,0,347.266,211.519,226.649,0.946462,0.0008035,0.000165734
254.75,0,283.737,284.657,285.62,238.343,-6.47308,-0.714202,0,347.266,211.519,226.649,0.946716,0.00080466,0.000109601
255.25,0,283.726,284.643,285.604,238.342,-6.45091,-0.725624,0,347.266,211.519,226.649,0.94697,0.000806344,0.000143547
255.75,0,283.715,284.63,285.588,238.342,-6.42765,-0.735959,0,347.266,211.519,226.649,0.947224,0.000807855,0.000107726
256.25,0,283.701,284.616,285.573,238.341,-6.44518,-0.779682,0,347.044,211.488,226.649,0.947471,0.000831238,0.00016559
256.75,0,283.689,284.602,285.557,238.341,-6.426,-0.793206,0,347.044,211.488,226.649,0.947719,0.000832624,0.000109787
257.25,0,283.678,284.588,285.541,238.34,-6.40412,-0.804183,0,347.044,211.488,226.649,0.947967,0.000834508,0.000143455
257.75,0,283.667,284.575,285.525,238.34,-6.38118,-0.814103,0,347.044,211.488,226.649,0.948216,0.000836201,0.00010783
258.25,0,283.653,284.561,285.51,238.339,-6.3995,-0.855439,0,346.825,211.458,226.649,0.948457,0.000858091,0.000166194
258.75,0,283.641,284.548,285.494,238.338,-6.38087,-0.868423,0,346.825,211.458,226.649,0.9487,0.000859301,0.00011091
259.25,0,283.631,284.534,285.479,238.338,-6.35955,-0.878868,0,346.825,211.458,226.649,0.948943,0.000860979,0.000144482
259.75,0,283.62,284.521,285.464,238.337,-6.33715,-0.888269,0,346.825,211.458,226.649,0.949186,0.000862468,0.000109205
260.25,0,283.606,284.508,285.448,238.337,-6.35531,-0.928725,0,346.609,211.428,226.649,0.949422,0.000883924,0.000167163
260.75,0,283.595,284.494,285.433,238.336,-6.33612,-0.942576,0,346.609,211.428,226.649,0.94966,0.000886086,0.000111384
261.25,0,283.584,284.481,285.418,238.335,-6.31502,-0.952618,0,346.609,211.428,226.649,0.949898,0.000887961,0.000144675
261.75,0,283.574,284.468,285.402,238.335,-6.2929,-0.961653,0,346.609,211.428,226.649,0.950136,0.000889646,0.000109571
262.25,0,283.56,284.455,285.387,238.334,-6.31068,-1.00146,0,346.395,211.398,226.649,0.950367,0.000911543,0.000167
262.75,0,283.548,284.442,285.372,238.334,-6.29262,-1.01363,0,346.395,211.398,226.649,0.9506,0.000912936,0.000112366
263.25,0,283.538,284.429,285.357,238.333,-6.27195,-1.02333,0,346.395,211.398,226.649,0.950833,0.000914721,0.000145442
263.75,0,283.528,284.416,285.342,238.333,-6.25024,-1.03201,0,346.395,211.398,226.649,0.951066,0.000916293,0.000110557
264.25,0,283.514,284.403,285.327,238.332,-6.26786,-1.07103,0,346.185,211.369,226.649,0.951293,0.000937783,0.000167602
264.75,0,283.503,284.39,285.312,238.331,-6.25014,-1.0828,0,346.185,211.369,226.649,0.951521,0.000939063,0.000113318
265.25,0,283.492,284.377,285.298,238.331,-6.22983,-1.09214,0,346.185,211.369,226.649,0.951749,0.000940728,0.00014618
265.75,0,283.482,284.365,285.283,238.33,-6.20849,-1.10048,0,346.185,211.369,226.649,0.951978,0.000942185,0.000111513
266.25,0,283.469,284.351,285.268,238.33,-6.22523,-1.13984,0,345.976,211.34,226.649,0.952201,0.000964345,0.000167491
266.75,0,283.458,284.339,285.253,238.329,-6.20766,-1.15123,0,345.976,211.34,226.649,0.952424,0.000965902,0.000113496
267.25,0,283.447,284.326,285.239,238.328,-6.18758,-1.16023,0,345.976,211.34,226.649,0.952648,0.000967792,0.000146107
267.75,0,283.438,284.314,285.224,238.328,-6.16651,-1.16826,0,345.976,211.34,226.649,0.952872,0.000969453,0.000111613
268.25,0,283.424,284.301,285.21,238.327,-6.18377,-1.2058,0,345.77,211.311,226.649,0.953091,0.000990861,0.000167875
268.75,0,283.413,284.288,285.195,238.327,-6.16668,-1.21676,0,345.77,211.311,226.649,0.95331,0.000992259,0.000114271
269.25,0,283.403,284.276,285.181,238.326,-6.14705,-1.22536,0,345.77,211.311,226.649,0.95353,0.000993973,0.000146729
269.75,0,283.393,284.264,285.166,238.326,-6.12641,-1.233,0,345.77,211.311,226.649,0.95375,0.000995459,0.000112492
270.25,0,283.38,284.251,285.152,238.325,-6.14355,-1.26983,0,345.567,211.283,226.649,0.953965,0.00101648,0.000168408
270.75,0,283.369,284.238,285.138,238.324,-6.12674,-1.28046,0,345.567,211.283,226.649,0.95418,0.00101777,0.000115137
271.25,0,283.359,284.226,285.123,238.324,-6.10743,-1.28875,0,345.567,211.283,226.649,0.954396,0.00101938,0.000147395
271.75,0,283.35,284.214,285.109,238.323,-6.08641,-1.29715,0,345.567,211.283,226.649,0.954612,0.00102156,0.000112751
272.25,0,283.336,284.202,285.095,238.323,-6.1032,-1.33338,0,345.366,211.255,226.649,0.954823,0.00104291,0.000168235
272.75,0,283.326,284.189,285.081,238.322,-6.08656,-1.3437,0,345.366,211.255,226.649,0.955034,0.00104453,0.000115235
273.25,0,283.316,284.177,285.067,238.322,-6.06745,-1.35172,0,345.366,211.255,226.649,0.955246,0.00104639,0.000147258
273.75,0,283.306,284.165,285.053,238.321,-6.04738,-1.3588,0,345.366,211.255,226.649,0.955458,0.00104799,0.000113392
274.25,0,283.293,284.153,285.039,238.32,-6.06409,-1.39444,0,345.167,211.227,226.649,0.955665,0.00106902,0.000168527
274.75,0,283.283,284.141,285.025,238.32,-6.04775,-1.40446,0,345.167,211.227,226.649,0.955873,0.00107055,0.000115852
275.25,0,283.273,284.129,285.011,238.319,-6.02896,-1.41221,0,345.167,211.227,226.649,0.956081,0.00107231,0.000147679
275.75,0,283.264,284.117,284.997,238.319,-6.0092,-1.41903,0,345.167,211.227,226.649,0.956289,0.00107381,0.000114017
276.25,0,283.251,284.105,284.983,238.318,-6.02576,-1.45404,0,344.97,211.2,226.649,0.956492,0.00109449,0.000168815
276.75,0,283.241,284.093,284.97,238.318,-6.00968,-1.46377,0,344.97,211.2,226.649,0.956696,0.00109592,0.000116457
277.25,0,283.231,284.081,284.956,238.317,-5.99065,-1.47211,0,344.97,211.2,226.649,0.956901,0.0010984,0.000147612
277.75,0,283.222,284.069,284.942,238.317,-5.97108,-1.47863,0,344.97,211.2,226.649,0.957106,0.00110009,0.000114118
278.25,0,283.209,284.057,284.929,238.316,-5.98738,-1.5131,0,344.775,211.173,226.649,0.957305,0.00112109,0.000168524
278.75,0,283.199,284.045,284.915,238.315,-5.97147,-1.52257,0,344.775,211.173,226.649,0.957506,0.00112287,0.000116434
279.25,0,283.189,284.034,284.901,238.315,-5.95356,-1.52883,0,344.775,211.173,226.649,0.957707,0.0011428,0.00014833
279.75,0,283.18,284.022,284.888,238.314,-5.93452,-1.5353,0,344.775,211.173,226.649,0.957908,0.00114546,0.000115066
280.25,0,283.167,284.01,284.874,238.314,-5.95085,-1.56929,0,344.582,211.146,226.649,0.958104,0.00116714,0.000169167
280.75,0,283.157,283.999,284.861,238.313,-5.93529,-1.57855,0,344.582,211.146,226.649,0.958301,0.00117081,0.000117417
281.25,0,283.148,283.987,284.848,238.313,-5.91686,-1.58633,0,344.582,211.146,226.649,0.958499,0.0011745,0.000148205
281.75,0,283.139,283.976,284.834,238.312,-5.89787,-1.59239,0,344.582,211.146,226.649,0.958696,0.00117718,0.000115111
282.25,0,283.126,283.964,284.821,238.312,-5.91384,-1.62579,0,344.392,211.119,226.649,0.958889,0.00119897,0.000168849
282.75,0,283.116,283.952,284.808,238.311,-5.8984,-1.63474,0,344.392,211.119,226.649,0.959083,0.00120285,0.000117355
283.25,0,283.107,283.941,284.794,238.31,-5.88062,-1.64148,0,344.392,211.119,226.649,0.959277,0.00120587,0.000148415
283.75,0,283.098,283.93,284.781,238.31,-5.86193,-1.64733,0,344.392,211.119,226.649,0.959471,0.00120844,0.000115505
284.25,0,283.086,283.918,284.768,238.309,-5.87781,-1.68018,0,344.203,211.092,226.649,0.959661,0.00122988,0.000168917
284.75,0,283.076,283.907,284.755,238.309,-5.8626,-1.68887,0,344.203,211.092,226.649,0.959852,0.00123362,0.000117727
285.25,0,283.067,283.895,284.742,238.308,-5.84508,-1.69537,0,344.203,211.092,226.649,0.960043,0.00123652,0.000148603
285.75,0,283.058,283.884,284.729,238.308,-5.82663,-1.70099,0,344.203,211.092,226.649,0.960234,0.00123896,0.000115884
286.25,0,283.045,283.873,284.716,238.307,-5.84209,-1.73382,0,344.016,211.066,226.649,0.96042,0.00126085,0.000168674
286.75,0,283.036,283.861,284.703,238.307,-5.82696,-1.74235,0,344.016,211.066,226.649,0.960608,0.00126489,0.000117704
287.25,0,283.027,283.85,284.69,238.306,-5.80959,-1.74864,0,344.016,211.066,226.649,0.960796,0.00126945,0.000148359
287.75,0,283.018,283.839,284.677,238.305,-5.79133,-1.75407,0,344.016,211.066,226.649,0.960984,0.00127338,0.000115792
288.25,0,283.006,283.828,284.664,238.305,-5.80686,-1.78595,0,343.831,211.04,226.649,0.961168,0.00129651,0.00016851
288.75,0,282.996,283.817,284.651,238.304,-5.792,-1.7942,0,343.831,211.04,226.649,0.961352,0.00130249,0.000117862
289.25,0,282.987,283.806,284.638,238.304,-5.77488,-1.80029,0,343.831,211.04,339.934,0.961537,0.0013069,0.000148339
289.75,0,282.978,283.795,284.626,238.303,-5.75686,-1.80552,0,343.831,211.04,339.934,0.961722,0.00131069,0.000115959
290.25,0,282.966,283.784,284.613,238.303,-5.77228,-1.8369,0,343.648,211.015,339.934,0.961903,0.00133345,0.000168366
290.75,0,282.957,283.772,284.6,238.302,-5.75763,-1.84492,0,343.648,211.015,339.934,0.962085,0.00133926,0.000118013
291.25,0,282.948,283.762,284.588,238.302,-5.74074,-1.85081,0,343.648,211.015,339.934,0.962267,0.00134353,0.000148313
291.75,0,282.939,283.751,284.575,238.301,-5.72297,-1.85584,0,343.648,211.015,339.934,0.962449,0.00134717,0.000116119
292.25,0,282.927,283.74,284.562,238.301,-5.73827,-1.88674,0,343.466,210.989,339.934,0.962627,0.00136959,0.000168222
292.75,0,282.918,283.729,284.55,238.3,-5.72383,-1.89454,0,343.466,210.989,339.934,0.962806,0.00137524,0.000118157
293.25,0,282.909,283.718,284.537,238.299,-5.70716,-1.90023,0,343.466,210.989,339.934,0.962986,0.00137936,0.000148284
293.75,0,282.901,283.707,284.525,238.299,-5.68962,-1.90508,0,343.466,210.989,339.934,0.963165,0.00138287,0.000116273
294.25,0,282.889,283.696,284.512,238.298,-5.70483,-1.93551,0,343.286,210.964,339.934,0.96334,0.00140494,0.000168076
294.75,0,282.88,283.685,284.5,238.298,-5.69059,-1.9431,0,343.286,210.964,339.934,0.963517,0.00141044,0.000118297
295.25,0,282.871,283.675,284.488,238.297,-5.67414,-1.9486,0,343.286,210.964,339.934,0.963693,0.00141443,0.000148252
295.75,0,282.862,283.664,284.475,238.297,-5.65683,-1.95328,0,343.286,210.964,339.934,0.96387,0.00141781,0.000116422
296.25,0,282.851,283.653,284.463,238.296,-5.67202,-1.98327,0,343.108,210.939,339.934,0.964043,0.00143957,0.000167933
296.75,0,282.841,283.643,284.451,238.296,-5.65799,-1.99066,0,343.108,210.939,339.934,0.964216,0.00144492,0.000118431
297.25,0,282.833,283.632,284.438,238.295,-5.64176,-1.99598,0,343.108,210.939,339.934,0.96439,0.00144877,0.000148219
297.75,0,282.824,283.622,284.426,238.295,-5.62467,-2.00049,0,343.108,210.939,339.934,0.964565,0.00145203,0.000116566
298.25,0,282.813,283.611,284.414,238.294,-5.63984,-2.03014,0,342.931,210.914,339.934,0.964735,0.00147354,0.000167804
298.75,0,282.804,283.6,284.402,238.294,-5.62603,-2.03734,0,342.931,210.914,339.934,0.964906,0.00147875,0.000118564
299.25,0,282.795,283.59,284.39,238.293,-5.61004,-2.0425,0,342.931,210.914,339.934,0.965077,0.00148248,0.000148194
299.75,0,282.787,283.58,284.378,238.292,-5.59317,-2.04683,0,342.931,210.914,339.934,0.965248,0.00148562,0.000116708
300.25,0,282.775,283.569,284.366,238.292,-5.60825,-2.0761,0,342.755,210.889,339.934,0.965416,0.00150685,0.000167671
300.75,0,282.766,283.558,284.354,238.291,-5.59464,-2.08312,0,342.755,210.889,339.934,0.965584,0.00151193,0.000118694
301.25,0,282.758,283.548,284.342,238.291,-5.57886,-2.0881,0,342.755,210.889,339.934,0.965753,0.00151554,0.000148166
301.75,0,282.75,283.538,284.33,238.29,-5.56222,-2.09229,0,342.755,210.889,339.934,0.965922,0.00151856,0.000116847
302.25,0,282.738,283.527,284.318,238.29,-5.57723,-2.12114,0,342.58,210.865,339.934,0.966087,0.00153949,0.000167551
302.75,0,282.729,283.517,284.306,238.289,-5.56387,-2.12793,0,342.58,210.865,339.934,0.966253,0.0015444,0.000118868
303.25,0,282.721,283.507,284.294,238.289,-5.54836,-2.13271,0,342.58,210.865,339.934,0.966419,0.00154786,0.000148214
303.75,0,282.713,283.496,284.282,238.288,-5.53198,-2.13669,0,342.58,210.865,339.934,0.966586,0.00155074,0.000117094
304.25,0,282.701,283.486,284.27,238.288,-5.54693,-2.16517,0,342.407,210.84,339.934,0.966748,0.00157139,0.00016753
304.75,0,282.692,283.476,284.258,238.287,-5.53376,-2.17179,0,342.407,210.84,339.934,0.966912,0.00157618,0.000119108
305.25,0,282.684,283.466,284.247,238.287,-5.51845,-2.17642,0,342.407,210.84,339.934,0.967076,0.00157953,0.000148295
305.75,0,282.676,283.456,284.235,238.286,-5.50228,-2.18025,0,342.407,210.84,339.934,0.96724,0.0015823,0.000117341
306.25,0,282.665,283.445,284.223,238.286,-5.51716,-2.20838,0,342.235,210.816,339.934,0.9674,0.00160271,0.000167506
306.75,0,282.656,283.435,284.212,238.285,-5.50418,-2.21484,0,342.235,210.816,339.934,0.967561,0.00160738,0.000119341
307.25,0,282.648,283.425,284.2,238.285,-5.48907,-2.21933,0,342.235,210.816,339.934,0.967723,0.00161062,0.000148372
307.75,0,282.64,283.415,284.188,238.284,-5.47311,-2.22302,0,342.235,210.816,339.934,0.967885,0.00161329,0.000117583
308.25,0,282.629,283.405,284.177,238.284,-5.48789,-2.25078,0,342.064,210.792,339.934,0.968043,0.00163342,0.000167476
308.75,0,282.62,283.395,284.165,238.283,-5.47508,-2.25708,0,342.064,210.792,339.934,0.968202,0.00163798,0.000119569
309.25,0,282.612,283.385,284.154,238.282,-5.46017,-2.26142,0,342.064,210.792,339.934,0.968361,0.00164111,0.000148442
309.75,0,282.604,283.375,284.142,238.282,-5.44441,-2.26498,0,342.064,210.792,339.934,0.96852,0.00164369,0.000117817
310.25,0,282.593,283.365,284.131,238.281,-5.45917,-2.29245,0,341.895,210.769,339.934,0.968676,0.00166361,0.000167449
310.75,0,282.584,283.355,284.119,238.281,-5.44655,-2.2986,0,341.895,210.769,339.934,0.968833,0.00166806,0.000119791
311.25,0,282.576,283.345,284.108,238.28,-5.43182,-2.30281,0,341.895,210.769,339.934,0.96899,0.0016711,0.000148513
311.75,0,282.568,283.335,284.096,238.28,-5.41626,-2.30624,0,341.895,210.769,339.934,0.969147,0.00167358,0.000118047
312.25,0,282.557,283.325,284.085,238.279,-5.43092,-2.33336,0,341.726,210.745,339.934,0.969301,0.00169324,0.000167416
312.75,0,282.549,283.315,284.074,238.279,-5.41846,-2.33936,0,341.726,210.745,339.934,0.969455,0.00169758,0.000120008
313.25,0,282.541,283.305,284.062,238.278,-5.40392,-2.34343,0,341.726,210.745,339.934,0.96961,0.00170053,0.000148577
313.75,0,282.533,283.296,284.051,238.278,-5.38855,-2.34674,0,341.726,210.745,339.934,0.969766,0.00170292,0.000118271
314.25,0,282.522,283.286,284.04,238.277,-5.40327,-2.37366,0,341.558,210.722,339.934,0.969917,0.00172243,0.0001674
314.75,0,282.513,283.276,284.029,238.277,-5.39099,-2.37953,0,341.558,210.722,339.934,0.97007,0.00172668,0.000120224
315.25,0,282.505,283.266,284.018,238.276,-5.37664,-2.38349,0,341.558,210.722,339.934,0.970222,0.00172954,0.000148652
315.75,0,282.498,283.257,284.006,238.276,-5.36146,-2.38669,0,341.558,210.722,339.934,0.970375,0.00173185,0.000118495
316.25,0,282.487,283.247,283.995,238.275,-5.37611,-2.41331,0,341.392,210.698,339.934,0.970525,0.00175115,0.000167381
316.75,0,282.479,283.237,283.984,238.275,-5.364,-2.41905,0,341.392,210.698,339.934,0.970675,0.00175531,0.000120436
317.25,0,282.471,283.227,283.973,238.274,-5.34982,-2.42289,0,341.392,210.698,339.934,0.970826,0.00175808,0.000148723
317.75,0,282.463,283.218,283.962,238.274,-5.33482,-2.42597,0,341.392,210.698,339.934,0.970977,0.0017603,0.000118714
318.25,0,282.452,283.208,283.951,238.273,-5.34937,-2.45226,0,341.226,210.675,339.934,0.971125,0.00177936,0.000167347
318.75,0,282.444,283.198,283.94,238.273,-5.33742,-2.45787,0,341.226,210.675,339.934,0.971273,0.00178342,0.000120643
319.25,0,282.436,283.189,283.929,238.272,-5.32341,-2.46159,0,341.226,210.675,339.934,0.971422,0.0017861,0.000148782
319.75,0,282.428,283.18,283.918,238.272,-5.30859,-2.46456,0,341.226,210.675,339.934,0.971571,0.00178824,0.000118927
320.25,0,282.418,283.17,283.907,238.271,-5.32305,-2.49052,0,341.062,210.652,339.934,0.971717,0.00180707,0.000167301
320.75,0,282.409,283.16,283.896,238.271,-5.31124,-2.496,0,341.062,210.652,339.934,0.971863,0.00181103,0.000120842
321.25,0,282.402,283.151,283.885,238.27,-5.29741,-2.4996,0,341.062,210.652,339.934,0.97201,0.00181363,0.00014883
321.75,0,282.394,283.141,283.875,238.27,-5.28276,-2.50246,0,341.062,210.652,339.934,0.972157,0.00181569,0.000119132
322.25,0,282.384,283.132,283.864,238.269,-5.29712,-2.5281,0,340.899,210.629,339.934,0.972301,0.00183428,0.000167245
322.75,0,282.375,283.122,283.853,238.269,-5.28547,-2.53345,0,340.899,210.629,339.934,0.972445,0.00183815,0.000121033
323.25,0,282.368,283.113,283.842,238.268,-5.27183,-2.5369,0,340.899,210.629,339.934,0.97259,0.00184064,0.000148898
323.75,0,282.36,283.104,283.831,238.268,-5.2574,-2.5396,0,340.899,210.629,339.934,0.972736,0.00184259,0.0001194
324.25,0,282.35,283.094,283.821,238.267,-5.27172,-2.5649,0,340.737,210.607,339.934,0.972878,0.00186092,0.000167283
324.75,0,282.341,283.085,283.81,238.267,-5.26026,-2.57006,0,340.737,210.607,339.934,0.97302,0.00186466,0.000121359
325.25,0,282.334,283.075,283.799,238.266,-5.24679,-2.57339,0,340.737,210.607,339.934,0.973163,0.00186706,0.000149086
325.75,0,282.326,283.066,283.789,238.266,-5.23253,-2.57599,0,340.737,210.607,339.934,0.973307,0.00186893,0.000119744
326.25,0,282.316,283.057,283.778,238.265,-5.24676,-2.60097,0,340.577,210.584,339.934,0.973447,0.00188704,0.000167369
326.75,0,282.308,283.047,283.767,238.265,-5.23543,-2.60602,0,340.577,210.584,339.934,0.973588,0.00189069,0.000121689
327.25,0,282.3,283.038,283.757,238.264,-5.22212,-2.60924,0,340.577,210.584,339.934,0.973729,0.00189301,0.000149264
327.75,0,282.293,283.029,283.746,238.264,-5.20802,-2.61174,0,340.577,210.584,339.934,0.973871,0.00189481,0.000120079
328.25,0,282.283,283.02,283.736,238.263,-5.22216,-2.63643,0,340.418,210.562,339.934,0.974009,0.00191271,0.000167446
328.75,0,282.275,283.011,283.725,238.263,-5.21097,-2.64136,0,340.418,210.562,339.934,0.974149,0.00191627,0.00012201
329.25,0,282.267,283.001,283.715,238.262,-5.19781,-2.64449,0,340.418,210.562,339.934,0.974288,0.00191853,0.000149435
329.75,0,282.26,282.992,283.704,238.262,-5.18386,-2.64689,0,340.418,210.562,339.934,0.974428,0.00192026,0.000120405
330.25,0,282.249,282.983,283.694,238.261,-5.19791,-2.6713,0,340.26,210.54,339.934,0.974565,0.00193795,0.000167517
330.75,0,282.241,282.974,283.683,238.261,-5.18685,-2.67611,0,340.26,210.54,339.934,0.974702,0.00194143,0.000122322
331.25,0,282.234,282.965,283.673,238.26,-5.17384,-2.67914,0,340.26,210.54,339.934,0.97484,0.00194361,0.000149598
331.75,0,282.227,282.956,283.663,238.26,-5.16003,-2.68146,0,340.26,210.54,339.934,0.974978,0.00194528,0.000120723
332.25,0,282.217,282.947,283.652,238.259,-5.174,-2.70558,0,340.103,210.518,339.934,0.975114,0.00196276,0.000167581
332.75,0,282.209,282.938,283.642,238.259,-5.16307,-2.71028,0,340.103,210.518,339.934,0.97525,0.00196616,0.000122627
333.25,0,282.201,282.929,283.632,238.258,-5.1502,-2.71322,0,340.103,210.518,339.934,0.975386,0.00196827,0.000149754
333.75,0,282.194,282.92,283.621,238.258,-5.13654,-2.71545,0,340.103,210.518,339.934,0.975522,0.00196988,0.000121034
334.25,0,282.184,282.911,283.611,238.257,-5.15043,-2.73929,0,339.947,210.496,339.934,0.975656,0.00198716,0.00016764
334.75,0,282.176,282.902,283.601,238.257,-5.13962,-2.74389,0,339.947,210.496,339.934,0.97579,0.00199048,0.000122924
335.25,0,282.169,282.893,283.591,238.256,-5.12688,-2.74674,0,339.947,210.496,339.934,0.975925,0.00199253,0.000149904
335.75,0,282.161,282.884,283.581,238.256,-5.11337,-2.74888,0,339.947,210.496,339.934,0.97606,0.00199408,0.000121337
336.25,0,282.151,282.875,283.57,238.255,-5.12717,-2.77246,0,339.793,210.474,339.934,0.976192,0.00201116,0.000167693
336.75,0,282.144,282.866,283.56,238.255,-5.11649,-2.77696,0,339.793,210.474,339.934,0.976325,0.00201441,0.000123215
337.25,0,282.136,282.857,283.55,238.254,-5.10388,-2.77972,0,339.793,210.474,339.934,0.976458,0.0020164,0.000150049
337.75,0,282.129,282.848,283.54,238.254,-5.09051,-2.78178,0,339.793,210.474,339.934,0.976591,0.00201788,0.000121633
338.25,0,282.119,282.839,283.53,238.253,-5.10423,-2.80509,0,339.639,210.453,339.934,0.976722,0.00203478,0.000167742
338.75,0,282.112,282.83,283.52,238.253,-5.09366,-2.80949,0,339.639,210.453,339.934,0.976853,0.00203796,0.000123498
339.25,0,282.104,282.822,283.51,238.252,-5.08119,-2.81217,0,339.639,210.453,339.934,0.976985,0.00203988,0.000150187
339.75,0,282.097,282.813,283.5,238.252,-5.06795,-2.81416,0,339.639,210.453,339.934,0.977117,0.00204131,0.000121922
340.25,0,282.087,282.804,283.49,238.251,-5.08159,-2.83721,0,339.487,210.431,339.934,0.977246,0.00205802,0.000167785
340.75,0,282.08,282.795,283.48,238.251,-5.07114,-2.84152,0,339.487,210.431,339.934,0.977376,0.00206113,0.000123775
341.25,0,282.072,282.786,283.47,238.25,-5.05879,-2.84411,0,339.487,210.431,339.934,0.977506,0.00206299,0.00015032
341.75,0,282.065,282.778,283.46,238.25,-5.04574,-2.84597,0,339.487,210.431,339.934,0.977636,0.00206433,0.000122244
342.25,0,282.056,282.769,283.45,238.249,-5.05934,-2.86873,0,339.336,210.41,339.934,0.977764,0.00208082,0.000167895
342.75,0,282.048,282.76,283.44,238.249,-5.04907,-2.87288,0,339.336,210.41,339.934,0.977892,0.00208382,0.000124161
343.25,0,282.041,282.752,283.43,238.248,-5.03691,-2.87533,0,339.336,210.41,339.934,0.978021,0.00208558,0.000150607
343.75,0,282.034,282.743,283.42,238.248,-5.02399,-2.87711,0,339.336,210.41,339.934,0.97815,0.00208686,0.000122685
344.25,0,282.024,282.734,283.41,238.247,-5.03752,-2.89962,0,339.186,210.389,339.934,0.978276,0.00210317,0.000168094
344.75,0,282.017,282.726,283.401,238.247,-5.02735,-2.90369,0,339.186,210.389,339.934,0.978403,0.0021061,0.00012459
345.25,0,282.009,282.717,283.391,238.246,-5.01531,-2.90607,0,339.186,210.389,339.934,0.978531,0.00210782,0.000150893
345.75,0,282.002,282.709,283.381,238.246,-5.00252,-2.90777,0,339.186,210.389,339.934,0.978658,0.00210904,0.000123118
346.25,0,281.993,282.7,283.371,238.245,-5.01597,-2.93005,0,339.037,210.368,339.934,0.978783,0.00212518,0.000168287
346.75,0,281.985,282.691,283.362,238.245,-5.00591,-2.93403,0,339.037,210.368,339.934,0.978909,0.00212805,0.00012501
347.25,0,281.978,282.683,283.352,238.245,-4.99399,-2.93633,0,339.037,210.368,339.934,0.979035,0.00212971,0.000151173
347.75,0,281.971,282.674,283.342,238.244,-4.98132,-2.93798,0,339.037,210.368,339.934,0.979161,0.00213089,0.000123544
348.25,0,281.962,282.666,283.332,238.244,-4.9947,-2.96002,0,338.889,210.347,339.934,0.979285,0.00214686,0.000168474
348.75,0,281.954,282.657,283.323,238.243,-4.98474,-2.96391,0,338.889,210.347,339.934,0.979409,0.00214967,0.000125424
349.25,0,281.947,282.649,283.313,238.243,-4.97293,-2.96615,0,338.889,210.347,339.934,0.979534,0.00215128,0.000151446
349.75,0,281.94,282.64,283.303,238.242,-4.96039,-2.96773,0,338.889,210.347,339.934,0.979659,0.00215241,0.000123962
350.25,0,281.931,282.632,283.294,238.242,-4.97368,-2.98954,0,338.742,210.326,339.934,0.979781,0.00216821,0.000168655
350.75,0,281.924,282.623,283.284,238.241,-4.96382,-2.99336,0,338.742,210.326,339.934,0.979904,0.00217096,0.00012583
351.25,0,281.917,282.615,283.275,238.241,-4.95213,-2.99552,0,338.742,210.326,339.934,0.980028,0.00217252,0.000151712
351.75,0,281.91,282.607,283.265,238.24,-4.9397,-2.99704,0,338.742,210.326,339.934,0.980151,0.00217361,0.000124373
352.25,0,281.9,282.598,283.256,238.24,-4.95292,-3.01863,0,338.596,210.305,339.934,0.980272,0.00218925,0.000168831
352.75,0,281.893,282.589,283.246,238.239,-4.94317,-3.02236,0,338.596,210.305,339.934,0.980394,0.00219194,0.000126229
353.25,0,281.886,282.581,283.237,238.239,-4.93159,-3.02447,0,338.596,210.305,339.934,0.980516,0.00219345,0.000151973
353.75,0,281.879,282.573,283.227,238.238,-4.91927,-3.02592,0,338.596,210.305,339.934,0.980639,0.0021945,0.000124777
354.25,0,281.87,282.564,283.218,238.238,-4.93242,-3.04729,0,338.451,210.285,339.934,0.980759,0.00220998,0.000169002
354.75,0,281.863,282.556,283.208,238.237,-4.92276,-3.05095,0,338.451,210.285,339.934,0.980879,0.00221262,0.000126621
355.25,0,281.856,282.548,283.199,238.237,-4.91129,-3.05299,0,338.451,210.285,339.934,0.981,0.00221408,0.000152228
355.75,0,281.849,282.54,283.189,238.236,-4.89909,-3.05439,0,338.451,210.285,339.934,0.981121,0.00221508,0.000125174
356.25,0,281.84,282.531,283.18,238.236,-4.91216,-3.07555,0,338.306,210.264,339.934,0.98124,0.00223041,0.000169168
356.75,0,281.832,282.523,283.171,238.236,-4.90259,-3.07913,0,338.306,210.264,339.934,0.98136,0.00223299,0.000127006
357.25,0,281.826,282.515,283.161,238.235,-4.89127,-3.08107,0,338.306,210.264,339.934,0.981479,0.00223438,0.000152509
357.75,0,281.819,282.507,283.152,238.235,-4.87926,-3.08234,0,338.306,210.264,339.934,0.981599,0.00223529,0.000125652
358.25,0,281.81,282.498,283.143,238.234,-4.89231,-3.10323,0,338.163,210.244,339.934,0.981717,0.00225042,0.000169456
358.75,0,281.802,282.49,283.133,238.234,-4.88291,-3.10667,0,338.163,210.244,339.934,0.981835,0.0022529,0.000127568
359.25,0,281.796,282.482,283.124,238.233,-4.87173,-3.10851,0,338.163,210.244,339.934,0.981953,0.00225423,0.000152959
359.75,0,281.789,282.474,283.115,238.233,-4.85982,-3.10972,0,338.163,210.244,339.934,0.982072,0.00225509,0.00012624
360.25,0,281.78,282.465,283.105,238.232,-4.8728,-3.13041,0,338.021,210.224,339.934,0.982189,0.00227007,0.000169816
360.75,0,281.773,282.457,283.096,238.232,-4.86349,-3.13378,0,338.021,210.224,339.934,0.982306,0.0022725,0.000128144
361.25,0,281.766,282.449,283.087,238.231,-4.85241,-3.13557,0,338.021,210.224,339.934,0.982423,0.00227379,0.0001534
361.75,0,281.759,282.441,283.078,238.231,-4.84061,-3.13673,0,338.021,210.224,339.934,0.982541,0.00227461,0.00012682
362.25,0,281.75,282.433,283.069,238.23,-4.85352,-3.15721,0,337.88,210.204,339.934,0.982656,0.00228945,0.000170169
362.75,0,281.743,282.425,283.059,238.23,-4.8443,-3.16052,0,337.88,210.204,339.934,0.982772,0.00229183,0.000128711
363.25,0,281.736,282.417,283.05,238.229,-4.83331,-3.16225,0,337.88,210.204,339.934,0.982888,0.00229308,0.000153833
363.75,0,281.73,282.409,283.041,238.229,-4.82161,-3.16336,0,337.88,210.204,339.934,0.983005,0.00229387,0.00012739
364.25,0,281.721,282.401,283.032,238.229,-4.83446,-3.18365,0,337.739,210.184,339.934,0.983119,0.00230856,0.000170515
364.75,0,281.714,282.393,283.023,238.228,-4.82532,-3.18689,0,337.739,210.184,339.934,0.983234,0.0023109,0.000129269
365.25,0,281.707,282.385,283.014,238.228,-4.81443,-3.18857,0,337.739,210.184,339.934,0.983349,0.0023121,0.000154258
365.75,0,281.701,282.377,283.005,238.227,-4.80284,-3.18963,0,337.739,210.184,339.934,0.983464,0.00231286,0.000127952
366.25,0,281.692,282.369,282.996,238.227,-4.81561,-3.20973,0,337.6,210.164,339.934,0.983577,0.00232741,0.000170853
366.75,0,281.684,282.361,282.987,238.226,-4.80656,-3.2129,0,337.6,210.164,339.934,0.983691,0.0023297,0.000129818
367.25,0,281.678,282.353,282.978,238.226,-4.79577,-3.21453,0,337.6,210.164,339.934,0.983805,0.00233087,0.000154676
367.75,0,281.671,282.345,282.969,238.225,-4.78427,-3.21555,0,337.6,210.164,339.934,0.98392,0.00233159,0.000128505
368.25,0,281.662,282.337,282.96,238.225,-4.79697,-3.23545,0,337.461,210.145,339.934,0.984032,0.002346,0.000171185
368.75,0,281.655,282.329,282.951,238.224,-4.78801,-3.23857,0,337.461,210.145,339.934,0.984145,0.00234825,0.00013036
369.25,0,281.649,282.321,282.942,238.224,-4.77731,-3.24015,0,337.461,210.145,339.934,0.984258,0.00234938,0.000155086
369.75,0,281.642,282.313,282.933,238.224,-4.76591,-3.24112,0,337.461,210.145,339.934,0.984371,0.00235007,0.00012905
370.25,0,281.634,282.305,282.924,238.223,-4.7786,-3.26078,0,337.323,210.125,339.934,0.984482,0.0023643,0.000171553
370.75,0,281.627,282.297,282.915,238.223,-4.76981,-3.26374,0,337.323,210.125,339.934,0.984594,0.00236644,0.000131002
371.25,0,281.62,282.289,282.906,238.222,-4.75929,-3.26518,0,337.323,210.125,339.934,0.984706,0.00236747,0.000155664
371.75,0,281.614,282.282,282.897,238.222,-4.74808,-3.26602,0,337.323,210.125,339.934,0.984818,0.00236806,0.000129828
372.25,0,281.605,282.274,282.888,238.221,-4.76072,-3.28549,0,337.186,210.106,339.934,0.984928,0.00238216,0.000172116
372.75,0,281.598,282.266,282.879,238.221,-4.752,-3.2884,0,337.186,210.106,339.934,0.985039,0.00238425,0.000131771
373.25,0,281.591,282.258,282.871,238.22,-4.74157,-3.28979,0,337.186,210.106,339.934,0.98515,0.00238525,0.000156304
373.75,0,281.585,282.25,282.862,238.22,-4.73045,-3.29059,0,337.186,210.106,339.934,0.985261,0.00238581,0.000130599
374.25,0,281.576,282.242,282.853,238.219,-4.74302,-3.30987,0,337.05,210.087,339.934,0.98537,0.00239978,0.000172671
374.75,0,281.569,282.235,282.844,238.219,-4.73438,-3.31273,0,337.05,210.087,339.934,0.98548,0.00240184,0.00013253
375.25,0,281.563,282.227,282.835,238.219,-4.72404,-3.31408,0,337.05,210.087,339.934,0.98559,0.0024028,0.000156933
375.75,0,281.557,282.219,282.827,238.218,-4.71301,-3.31484,0,337.05,210.087,339.934,0.9857,0.00240333,0.00013136
376.25,0,281.548,282.211,282.818,238.218,-4.72552,-3.33395,0,336.915,210.067,339.934,0.985808,0.00241718,0.000173216
376.75,0,281.541,282.204,282.809,238.217,-4.71695,-3.33675,0,336.915,210.067,339.934,0.985917,0.00241919,0.000133279
377.25,0,281.535,282.196,282.8,238.217,-4.7067,-3.33806,0,336.915,210.067,339.934,0.986026,0.00242013,0.000157554
377.75,0,281.528,282.188,282.792,238.216,-4.69576,-3.33878,0,336.915,210.067,339.934,0.986135,0.00242063,0.000132111
378.25,0,281.52,282.18,282.783,238.216,-4.7082,-3.35772,0,336.781,210.048,339.934,0.986243,0.00243435,0.000173753
378.75,0,281.513,282.173,282.774,238.215,-4.69971,-3.36047,0,336.781,210.048,339.934,0.986351,0.00243632,0.000134017
379.25,0,281.507,282.165,282.766,238.215,-4.68954,-3.36173,0,336.781,210.048,339.934,0.986459,0.00243723,0.000158166
379.75,0,281.5,282.158,282.757,238.215,-4.67868,-3.36241,0,336.781,210.048,339.934,0.986567,0.00243771,0.000132852
380.25,0,281.492,282.15,282.748,238.214,-4.69106,-3.38119,0,336.647,210.029,339.934,0.986674,0.0024513,0.000174281
380.75,0,281.485,282.142,282.74,238.214,-4.68274,-3.38378,0,336.647,210.029,339.934,0.98678,0.00245317,0.00013482
381.25,0,281.479,282.135,282.731,238.213,-4.67277,-3.3849,0,336.647,210.029,339.934,0.986888,0.00245396,0.000158926
381.75,0,281.473,282.127,282.723,238.213,-4.66212,-3.38542,0,336.647,210.029,339.934,0.986995,0.00245433,0.000133824
382.25,0,281.464,282.119,282.714,238.212,-4.67451,-3.40395,0,336.514,210.011,339.934,0.987101,0.00246774,0.000175103
382.75,0,281.457,282.112,282.706,238.212,-4.66628,-3.40648,0,336.514,210.011,339.934,0.987207,0.00246956,0.000135848
383.25,0,281.451,282.104,282.697,238.211,-4.65639,-3.40756,0,336.514,210.011,339.934,0.987313,0.00247033,0.000159829
383.75,0,281.445,282.097,282.689,238.211,-4.64582,-3.40805,0,336.514,210.011,339.934,0.987419,0.00247067,0.000134853
384.25,0,281.436,282.089,282.68,238.211,-4.65815,-3.42642,0,336.382,209.992,339.934,0.987524,0.00248397,0.000175922
384.75,0,281.43,282.082,282.672,238.21,-4.64999,-3.42891,0,336.382,209.992,339.934,0.987629,0.00248576,0.000136864
385.25,0,281.423,282.074,282.663,238.21,-4.64017,-3.42994,0,336.382,209.992,339.934,0.987734,0.00248649,0.000160719
385.75,0,281.417,282.067,282.655,238.209,-4.62968,-3.4304,0,336.382,209.992,339.934,0.98784,0.00248681,0.000135869
386.25,0,281.409,282.059,282.646,238.209,-4.64195,-3.44861,0,336.251,209.973,339.934,0.987944,0.0025,0.000176729
386.75,0,281.402,282.052,282.638,238.208,-4.63386,-3.45105,0,336.251,209.973,339.934,0.988048,0.00250175,0.000137867
387.25,0,281.396,282.044,282.629,238.208,-4.62412,-3.45205,0,336.251,209.973,339.934,0.988153,0.00250246,0.000161597
387.75,0,281.39,282.037,282.621,238.207,-4.61371,-3.45248,0,336.251,209.973,339.934,0.988257,0.00250276,0.000136872
388.25,0,281.381,282.029,282.612,238.207,-4.62592,-3.47053,0,336.12,209.955,339.934,0.98836,0.00251583,0.000177526
388.75,0,281.375,282.022,282.604,238.207,-4.61794,-3.47288,0,336.12,209.955,339.934,0.988464,0.00251751,0.000138893
389.25,0,281.369,282.014,282.596,238.206,-4.60842,-3.4737,0,336.12,209.955,339.934,0.988567,0.0025181,0.000162605
389.75,0,281.363,282.007,282.587,238.206,-4.59824,-3.47396,0,336.12,209.955,339.934,0.988671,0.00251827,0.000138109
390.25,0,281.354,281.999,282.579,238.205,-4.61049,-3.49175,0,335.991,209.936,339.934,0.988773,0.00253115,0.000178632
390.75,0,281.348,281.992,282.571,238.205,-4.60267,-3.49396,0,335.991,209.936,339.934,0.988876,0.00253273,0.000140259
391.25,0,281.341,281.985,282.562,238.204,-4.59322,-3.49475,0,335.991,209.936,339.934,0.988979,0.00253329,0.000163847
391.75,0,281.335,281.978,282.554,238.204,-4.58312,-3.49498,0,335.991,209.936,339.934,0.989082,0.00253344,0.000139473
392.25,0,281.327,281.97,282.546,238.204,-4.5953,-3.51262,0,335.862,209.918,339.934,0.989183,0.00254621,0.000179791
392.75,0,281.321,281.963,282.537,238.203,-4.58755,-3.51479,0,335.862,209.918,339.934,0.989285,0.00254777,0.000141608
393.25,0,281.314,281.955,282.529,238.203,-4.57817,-3.51555,0,335.862,209.918,339.934,0.989387,0.00254831,0.000165074
393.75,0,281.308,281.948,282.521,238.202,-4.56814,-3.51575,0,335.862,209.918,339.934,0.989489,0.00254844,0.000140821
394.25,0,281.3,281.941,282.513,238.202,-4.58026,-3.53324,0,335.733,209.9,339.934,0.98959,0.0025611,0.000180937
394.75,0,281.294,281.933,282.504,238.201,-4.57257,-3.53538,0,335.733,209.9,339.934,0.989691,0.00256263,0.000142942
395.25,0,281.288,281.926,282.496,238.201,-4.56333,-3.53604,0,335.733,209.9,339.934,0.989792,0.0025631,0.000166335
395.75,0,281.282,281.919,282.488,238.2,-4.55356,-3.53603,0,335.733,209.9,339.934,0.989893,0.00256308,0.000142336
396.25,0,281.273,281.911,282.48,238.2,-4.56576,-3.55324,0,335.606,209.881,339.934,0.989993,0.00257554,0.000182347
396.75,0,281.267,281.904,282.472,238.2,-4.55831,-3.55515,0,335.606,209.881,339.934,0.990093,0.00257691,0.000144673
397.25,0,281.261,281.897,282.464,238.199,-4.54926,-3.55567,0,335.606,209.881,339.934,0.990194,0.00257727,0.00016803
397.75,0,281.255,281.89,282.455,238.199,-4.53956,-3.55564,0,335.606,209.881,339.934,0.990294,0.00257723,0.00014415
398.25,0,281.247,281.882,282.447,238.198,-4.55169,-3.57271,0,335.479,209.863,339.934,0.990393,0.00258959,0.000183959
398.75,0,281.24,281.875,282.439,238.198,-4.5443,-3.57458,0,335.479,209.863,339.934,0.990493,0.00259093,0.00014647
399.25,0,281.234,281.868,282.431,238.197,-4.53532,-3.57508,0,335.479,209.863,339.934,0.990592,0.00259127,0.000169706
399.75,0,281.229,281.861,282.423,238.197,-4.52569,-3.57502,0,335.479,209.863,339.934,0.990692,0.00259121,0.000145943
400.25,0,281.22,281.854,282.415,238.197,-4.53776,-3.59195,0,335.353,209.845,339.934,0.99079,0.00260347,0.000185556
400.75,0,281.214,281.846,282.407,238.196,-4.53067,-3.59355,0,335.353,209.845,339.934,0.990889,0.00260461,0.000148422
401.25,0,281.208,281.839,282.399,238.196,-4.52199,-3.59378,0,335.353,209.845,339.934,0.990988,0.00260476,0.000171709
401.75,0,281.202,281.832,282.391,238.195,-4.51266,-3.59346,0,335.353,209.845,339.934,0.991087,0.00260452,0.000148235
402.25,0,281.194,281.825,282.383,238.195,-4.52484,-3.61009,0,335.227,209.828,339.934,0.991184,0.00261656,0.00018777
402.75,0,281.188,281.818,282.375,238.194,-4.5178,-3.61166,0,335.227,209.828,339.934,0.991282,0.00261768,0.000150816
403.25,0,281.182,281.811,282.367,238.194,-4.50918,-3.61187,0,335.227,209.828,339.934,0.99138,0.00261781,0.000173982
403.75,0,281.176,281.804,282.359,238.194,-4.49992,-3.61153,0,335.227,209.828,339.934,0.991479,0.00261756,0.000150622
404.25,0,281.168,281.797,282.351,238.193,-4.51207,-3.628,0,335.103,209.81,339.934,0.991576,0.00262948,0.000189975
404.75,0,281.162,281.789,282.343,238.193,-4.50538,-3.62924,0,335.103,209.81,339.934,0.991673,0.00263036,0.000153424
405.25,0,281.156,281.782,282.335,238.192,-4.49713,-3.62912,0,335.103,209.81,339.934,0.99177,0.00263025,0.000176692
405.75,0,281.15,281.775,282.327,238.192,-4.48824,-3.62845,0,335.103,209.81,339.934,0.991868,0.00262976,0.000153667
406.25,0,281.142,281.768,282.319,238.192,-4.50052,-3.6446,0,334.979,209.792,339.934,0.991964,0.00264144,0.000192967
406.75,0,281.136,281.761,282.311,238.191,-4.49389,-3.64581,0,334.979,209.792,339.934,0.99206,0.0026423,0.000156592
407.25,0,281.13,281.754,282.303,238.191,-4.48572,-3.64564,0,334.979,209.792,339.934,0.992157,0.00264217,0.000179756
407.75,0,281.124,281.747,282.295,238.19,-4.47729,-3.64456,0,334.979,209.792,339.934,0.992254,0.00264138,0.000157132
408.25,0,281.116,281.74,282.287,238.19,-4.4898,-3.66029,0,334.855,209.775,339.934,0.992349,0.00265276,0.000196444
408.75,0,281.11,281.733,282.279,238.189,-4.48361,-3.66108,0,334.855,209.775,339.934,0.992445,0.00265331,0.00016053
409.25,0,281.104,281.726,282.271,238.189,-4.47587,-3.66053,0,334.855,209.775,339.934,0.992541,0.0026529,0.000183844
409.75,0,281.098,281.719,282.264,238.189,-4.46767,-3.65926,0,334.855,209.775,339.934,0.992637,0.00265197,0.000161456
410.25,0,281.09,281.712,282.256,238.188,-4.48049,-3.67449,0,334.733,209.757,339.934,0.992732,0.00266299,0.000200843
410.75,0,281.084,281.705,282.248,238.188,-4.47486,-3.67474,0,334.733,209.757,339.934,0.992827,0.00266315,0.000165476
411.25,0,281.078,281.698,282.24,238.187,-4.46769,-3.67366,0,334.733,209.757,339.934,0.992922,0.00266235,0.000189042
411.75,0,281.073,281.691,282.232,238.187,-4.4603,-3.67163,0,334.733,209.757,339.934,0.993018,0.00266087,0.000167307
412.25,0,281.065,281.684,282.224,238.187,-4.47354,-3.68625,0,334.611,209.74,339.934,0.993112,0.00267145,0.000206851
412.75,0,281.058,281.677,282.217,238.186,-4.46863,-3.68581,0,334.611,209.74,339.934,0.993206,0.00267111,0.00017214
413.25,0,281.053,281.67,282.209,238.186,-4.46273,-3.68349,0,334.611,209.74,339.934,0.993301,0.00266942,0.000196467
413.75,0,281.047,281.664,282.201,238.185,-4.45654,-3.68031,0,334.611,209.74,339.934,0.993395,0.0026671,0.000175669
414.25,0,281.039,281.657,282.193,238.185,-4.47053,-3.69401,0,334.489,209.722,339.934,0.993489,0.00267701,0.000215605
414.75,0,281.033,281.65,282.186,238.184,-4.46769,-3.69151,0,334.489,209.722,339.934,0.993583,0.00267518,0.000182533
415.25,0,281.027,281.643,282.178,238.184,-4.46332,-3.68771,0,334.489,209.722,339.934,0.993676,0.00267241,0.000207816
415.75,0,281.022,281.636,282.17,238.184,-4.45897,-3.68273,0,334.489,209.722,339.934,0.993771,0.00266879,0.000188414
416.25,0,281.014,281.629,282.163,238.183,-4.47412,-3.69509,0,334.369,209.705,339.934,0.993863,0.00267773,0.000229048
416.75,0,281.008,281.622,282.155,238.183,-4.4721,-3.69179,0,334.369,209.705,339.934,0.993956,0.00267533,0.000196708
417.25,0,281.002,281.615,282.147,238.182,-4.46888,-3.68687,0,334.369,209.705,339.934,0.99405,0.00267174,0.00022267
417.75,0,280.996,281.609,282.139,238.182,-4.46534,-3.68114,0,334.369,209.705,339.934,0.994143,0.00266757,0.000203919
418.25,0,280.989,281.602,282.132,238.182,-4.48085,-3.69296,0,334.249,209.688,339.934,0.994235,0.00267613,0.00024466
418.75,0,280.983,281.595,282.124,238.181,-4.47944,-3.68908,0,334.249,209.688,339.934,0.994328,0.0026733,0.000212899
419.25,0,280.977,281.588,282.117,238.181,-4.47669,-3.68373,0,334.249,209.688,339.934,0.99442,0.0026694,0.000239051
419.75,0,280.971,281.581,282.109,238.18,-4.47362,-3.67757,0,334.249,209.688,339.934,0.994513,0.00266492,0.000220705
420.25,0,280.964,281.574,282.101,238.18,-4.48936,-3.68898,0,334.129,209.671,339.934,0.994604,0.00267318,0.000261472
420.75,0,280.958,281.568,282.094,238.179,-4.4884,-3.68467,0,334.129,209.671,339.934,0.994696,0.00267004,0.000230172
421.25,0,280.952,281.561,282.086,238.179,-4.48594,-3.67907,0,334.129,209.671,339.934,0.994788,0.00266597,0.000256375
421.75,0,280.946,281.554,282.079,238.179,-4.48288,-3.67294,0,334.129,209.671,339.934,0.99488,0.00266151,0.000238106
422.25,0,280.939,281.547,282.071,238.178,-4.49877,-3.68404,0,334.01,209.654,339.934,0.994971,0.00266954,0.000278838
422.75,0,280.933,281.54,282.063,238.178,-4.49814,-3.67942,0,334.01,209.654,339.934,0.995063,0.00266617,0.000247915
423.25,0,280.927,281.534,282.056,238.177,-4.49602,-3.67352,0,334.01,209.654,339.934,0.995154,0.00266188,0.000274212
423.75,0,280.921,281.527,282.048,238.177,-4.49329,-3.6671,0,334.01,209.654,339.934,0.995245,0.00265722,0.000256246
424.25,0,280.914,281.52,282.041,238.177,-4.50908,-3.67812,0,333.892,209.637,339.934,0.995336,0.00266519,0.000296763
424.75,0,280.908,281.514,282.033,238.176,-4.50844,-3.67354,0,333.892,209.637,339.934,0.995426,0.00266185,0.000272214
425.25,0,280.902,281.507,282.027,238.176,-4.50631,-3.66768,0,333.892,209.637,339.934,0.995511,0.0026576,0.00045639
425.75,0,280.897,281.501,282.02,238.175,-4.50366,-3.66123,0,333.892,209.637,339.934,0.99559,0.0026529,0.000362085
426.25,0,280.889,281.494,282.013,238.175,-4.51915,-3.67202,0,333.776,209.62,339.934,0.995646,0.00266071,0.000549438
426.75,0,280.883,281.488,282.006,238.175,-4.51813,-3.66782,0,333.776,209.62,339.934,0.995692,0.00265765,0.000439634
427.25,0,280.878,281.481,282,238.174,-4.51545,-3.66255,0,333.776,209.62,339.934,0.995725,0.00265382,0.000553891
427.75,0,280.872,281.475,281.993,238.174,-4.5119,-3.65703,0,333.776,209.62,339.934,0.99575,0.00264981,0.000488277
428.25,0,280.865,281.469,281.986,238.173,-4.52527,-3.66732,0,333.664,209.604,339.934,0.995768,0.00265724,0.000586659
428.75,0,280.859,281.463,281.98,238.173,-4.52344,-3.66377,0,333.664,209.604,339.934,0.995782,0.00265466,0.000586718
429.25,0,280.853,281.457,281.975,238.173,-4.52012,-3.65906,0,333.664,209.604,339.934,0.995792,0.00265123,0.000705694
429.75,0,280.848,281.451,281.968,238.172,-4.51614,-3.65394,0,333.664,209.604,339.934,0.9958,0.0026475,0.000625729
430.25,0,280.84,281.445,281.963,238.172,-4.52851,-3.66368,0,333.556,209.587,339.934,0.995805,0.00265455,0.000740317
430.75,0,280.834,281.439,281.957,238.172,-4.52639,-3.66028,0,333.556,209.587,339.934,0.995811,0.00265207,0.000661393
431.25,0,280.829,281.433,281.951,238.171,-4.52286,-3.6557,0,333.556,209.587,339.934,0.995814,0.00264874,0.000744955
431.75,0,280.824,281.427,281.945,238.171,-4.51873,-3.65069,0,333.556,209.587,339.934,0.995817,0.00264509,0.000690554
432.25,0,280.816,281.421,281.939,238.17,-4.53076,-3.66022,0,333.449,209.571,339.934,0.99582,0.00265198,0.000778077
432.75,0,280.81,281.415,281.934,238.17,-4.52854,-3.65685,0,333.449,209.571,339.934,0.995822,0.00264953,0.000719219
433.25,0,280.805,281.409,281.928,238.17,-4.52495,-3.65232,0,333.449,209.571,339.934,0.995824,0.00264623,0.000781825
433.75,0,280.8,281.403,281.922,238.169,-4.52079,-3.64734,0,333.449,209.571,339.934,0.995826,0.00264261,0.000743013
434.25,0,280.792,281.397,281.916,238.169,-4.53268,-3.65677,0,333.343,209.555,339.934,0.995828,0.00264943,0.000813897
434.75,0,280.786,281.391,281.91,238.168,-4.53043,-3.65342,0,333.343,209.555,339.934,0.995829,0.00264698,0.00076747
435.25,0,280.781,281.385,281.905,238.168,-4.52682,-3.64891,0,333.343,209.555,339.934,0.995831,0.0026437,0.000817155
435.75,0,280.776,281.379,281.899,238.168,-4.52265,-3.64395,0,333.343,209.555,339.934,0.995832,0.00264009,0.000787889
436.25,0,280.768,281.373,281.893,238.167,-4.53445,-3.65331,0,333.238,209.539,339.934,0.995834,0.00264686,0.000848426
436.75,0,280.763,281.367,281.887,238.167,-4.53219,-3.64996,0,333.238,209.539,339.934,0.995835,0.00264442,0.000809579
437.25,0,280.757,281.362,281.882,238.167,-4.52857,-3.64547,0,333.238,209.539,339.934,0.995837,0.00264115,0.000869778
437.75,0,280.752,281.356,281.876,238.166,-4.52441,-3.64052,0,333.238,209.539,339.934,0.995838,0.00263756,0.0010661
438.25,0,280.745,281.35,281.87,238.166,-4.5361,-3.64979,0,333.133,209.523,339.934,0.995839,0.00264426,0.000922729
438.75,0,280.739,281.344,281.865,238.165,-4.53384,-3.64645,0,333.133,209.523,339.934,0.995841,0.00264182,0.00107875
439.25,0,280.733,281.338,281.859,238.165,-4.53022,-3.64198,0,333.133,209.523,339.934,0.995842,0.00263857,0.000945485
439.75,0,280.728,281.332,281.853,238.165,-4.52606,-3.63705,0,333.133,209.523,339.934,0.995843,0.00263499,0.00108965
440.25,0,280.721,281.326,281.847,238.164,-4.53766,-3.64624,0,333.029,209.507,339.934,0.995844,0.00264163,0.000992835
440.75,0,280.715,281.32,281.842,238.164,-4.5354,-3.64291,0,333.029,209.507,339.934,0.995845,0.0026392,0.00110329
441.25,0,280.71,281.315,281.836,238.164,-4.53179,-3.63846,0,333.029,209.507,339.934,0.995847,0.00263596,0.00101083
441.75,0,280.705,281.309,281.83,238.163,-4.52764,-3.63356,0,333.029,209.507,339.934,0.995848,0.0026324,0.00111487
442.25,0,280.698,281.303,281.825,238.163,-4.53918,-3.64269,0,332.925,209.491,339.934,0.995849,0.002639,0.00105371
442.75,0,280.692,281.297,281.819,238.162,-4.53692,-3.63937,0,332.925,209.491,339.934,0.99585,0.00263658,0.00112905
443.25,0,280.686,281.291,281.813,238.162,-4.53332,-3.63495,0,332.925,209.491,339.934,0.995851,0.00263336,0.00106807
443.75,0,280.681,281.286,281.808,238.162,-4.52919,-3.63007,0,332.925,209.491,339.934,0.995852,0.00262981,0.00114114
444.25,0,280.674,281.28,281.802,238.161,-4.54067,-3.63914,0,332.822,209.475,339.934,0.995854,0.00263637,0.00110736
444.75,0,280.669,281.274,281.797,238.161,-4.53842,-3.63584,0,332.822,209.475,339.934,0.995855,0.00263396,0.00115576
445.25,0,280.663,281.268,281.791,238.161,-4.53483,-3.63143,0,332.822,209.475,339.934,0.995856,0.00263076,0.00111878
445.75,0,280.658,281.263,281.785,238.16,-4.53071,-3.62658,0,332.822,209.475,339.934,0.995857,0.00262723,0.00116827
446.25,0,280.651,281.257,281.78,238.16,-4.54213,-3.63559,0,332.72,209.459,339.934,0.995858,0.00263375,0.00115513
446.75,0,280.645,281.251,281.774,238.159,-4.53988,-3.63231,0,332.72,209.459,339.934,0.995859,0.00263135,0.00118324
447.25,0,280.64,281.245,281.768,238.159,-4.53631,-3.62793,0,332.72,209.459,339.934,0.995861,0.00262817,0.00116417
447.75,0,280.635,281.24,281.763,238.159,-4.53221,-3.6231,0,332.72,209.459,339.934,0.995862,0.00262465,0.00119604
448.25,0,280.628,281.234,281.757,238.158,-4.54357,-3.63205,0,332.618,209.444,339.934,0.995863,0.00263113,0.00119813
448.75,0,280.622,281.228,281.752,238.158,-4.54133,-3.62878,0,332.618,209.444,339.934,0.995864,0.00262874,0.00121123
449.25,0,280.617,281.222,281.746,238.158,-4.53777,-3.62442,0,332.618,209.444,339.934,0.995865,0.00262557,0.00120527
449.75,0,280.612,281.217,281.741,238.157,-4.53367,-3.61962,0,332.618,209.444,339.934,0.995866,0.00262208,0.0012242
450.25,0,280.605,281.211,281.735,238.157,-4.54499,-3.62852,0,332.516,209.428,339.934,0.995868,0.00262851,0.00148654
450.75,0,280.599,281.205,281.729,238.157,-4.54275,-3.62526,0,332.516,209.428,339.934,0.995869,0.00262614,0.00139415
451.25,0,280.594,281.2,281.724,238.156,-4.5392,-3.62092,0,332.516,209.428,339.934,0.99587,0.00262298,0.00149394
451.75,0,280.589,281.194,281.718,238.156,-4.53512,-3.61614,0,332.516,209.428,339.934,0.995871,0.00261951,0.00141876
452.25,0,280.582,281.188,281.713,238.155,-4.54634,-3.62496,0,332.415,209.413,339.934,0.995872,0.00262588,0.00152527
452.75,0,280.576,281.182,281.707,238.155,-4.5441,-3.62172,0,332.415,209.413,339.934,0.995873,0.00262352,0.00144462
453.25,0,280.571,281.177,281.702,238.155,-4.54056,-3.6174,0,332.415,209.413,339.934,0.995874,0.00262038,0.00153188
453.75,0,280.566,281.171,281.696,238.154,-4.5365,-3.61265,0,332.415,209.413,339.934,0.995875,0.00261692,0.00146748
454.25,0,280.559,281.166,281.691,238.154,-4.54767,-3.62141,0,332.315,209.398,339.934,0.995876,0.00262326,0.00156213
454.75,0,280.554,281.16,281.685,238.154,-4.54544,-3.61819,0,332.315,209.398,339.934,0.995877,0.00262091,0.00149172
455.25,0,280.548,281.154,281.68,238.153,-4.54192,-3.6139,0,332.315,209.398,339.934,0.995879,0.00261779,0.00156802
455.75,0,280.543,281.149,281.674,238.153,-4.53787,-3.60917,0,332.315,209.398,339.934,0.995879,0.00261435,0.00151309
456.25,0,280.536,281.143,281.669,238.153,-4.54899,-3.61789,0,332.215,209.383,339.934,0.995881,0.00262065,0.00159733
456.75,0,280.531,281.137,281.663,238.152,-4.54677,-3.61468,0,332.215,209.383,339.934,0.995882,0.00261831,0.00153591
457.25,0,280.526,281.132,281.658,238.152,-4.54326,-3.61042,0,332.215,209.383,339.934,0.995883,0.00261521,0.00160259
457.75,0,280.521,281.126,281.652,238.152,-4.53923,-3.60572,0,332.215,209.383,339.934,0.995884,0.00261179,0.00155596
458.25,0,280.514,281.121,281.647,238.151,-4.5503,-3.61438,0,332.115,209.368,339.934,0.995885,0.00261805,0.00163108
458.75,0,280.508,281.115,281.641,238.151,-4.54809,-3.6112,0,332.115,209.368,339.934,0.995886,0.00261573,0.00157753
459.25,0,280.503,281.109,281.636,238.151,-4.5446,-3.60695,0,332.115,209.368,339.934,0.995887,0.00261265,0.00163583
459.75,0,280.498,281.104,281.63,238.15,-4.54059,-3.60228,0,332.115,209.368,339.934,0.995888,0.00260925,0.0015964
460.25,0,280.491,281.098,281.625,238.15,-4.55161,-3.61089,0,332.017,209.353,339.934,0.995889,0.00261547,0.0016636
460.75,0,280.486,281.093,281.62,238.15,-4.54941,-3.60773,0,332.017,209.353,339.934,0.99589,0.00261317,0.00161683
461.25,0,280.481,281.087,281.614,238.149,-4.54593,-3.6035,0,332.017,209.353,339.934,0.995891,0.0026101,0.00166792
461.75,0,280.476,281.082,281.609,238.149,-4.54194,-3.59886,0,332.017,209.353,339.934,0.995892,0.00260672,0.00163464
462.25,0,280.469,281.076,281.603,238.149,-4.55291,-3.60742,0,331.918,209.338,339.934,0.995893,0.00261291,0.00169506
462.75,0,280.464,281.071,281.598,238.148,-4.55072,-3.60427,0,331.918,209.338,339.934,0.995894,0.00261061,0.00165405
463.25,0,280.458,281.065,281.592,238.148,-4.54726,-3.60007,0,331.918,209.338,339.934,0.995895,0.00260756,0.00169901
463.75,0,280.453,281.06,281.587,238.148,-4.54328,-3.59545,0,331.918,209.338,339.934,0.995896,0.0026042,0.00167091
464.25,0,280.447,281.054,281.582,238.147,-4.5542,-3.60397,0,331.82,209.323,339.934,0.995898,0.00261035,0.00172559
464.75,0,280.441,281.048,281.576,238.147,-4.55202,-3.60084,0,331.82,209.323,339.934,0.995899,0.00260807,0.00168941
465.25,0,280.436,281.043,281.571,238.147,-4.54857,-3.59666,0,331.82,209.323,339.934,0.9959,0.00260504,0.00172922
465.75,0,280.431,281.038,281.566,238.146,-4.54461,-3.59206,0,331.82,209.323,339.934,0.995901,0.00260169,0.00220788
466.25,0,280.425,281.032,281.56,238.146,-4.55549,-3.60053,0,331.722,209.308,339.934,0.995902,0.00260781,0.00190955
466.75,0,280.419,281.027,281.555,238.146,-4.55331,-3.59742,0,331.722,209.308,339.934,0.995903,0.00260554,0.0022195
467.25,0,280.414,281.021,281.549,238.145,-4.54988,-3.59326,0,331.722,209.308,339.934,0.995904,0.00260252,0.00192892
467.75,0,280.409,281.016,281.544,238.145,-4.54593,-3.58869,0,331.722,209.308,339.934,0.995905,0.0025992,0.0022291
468.25,0,280.403,281.01,281.539,238.145,-4.55677,-3.59712,0,331.625,209.293,339.934,0.995906,0.00260529,0.00196764
468.75,0,280.397,281.005,281.533,238.144,-4.5546,-3.59402,0,331.625,209.293,339.934,0.995907,0.00260303,0.00224062
469.25,0,280.392,280.999,281.528,238.144,-4.55118,-3.58989,0,331.625,209.293,339.934,0.995908,0.00260003,0.0019856
469.75,0,280.387,280.994,281.523,238.144,-4.54726,-3.58535,0,331.625,209.293,339.934,0.995909,0.00259673,0.00225017
470.25,0,280.381,280.988,281.517,238.143,-4.55804,-3.59373,0,331.528,209.279,339.934,0.99591,0.00260278,0.00202273
470.75,0,280.375,280.983,281.512,238.143,-4.55589,-3.59065,0,331.528,209.279,339.934,0.995911,0.00260054,0.00226164
471.25,0,280.37,280.978,281.507,238.143,-4.55249,-3.58655,0,331.528,209.279,339.934,0.995912,0.00259756,0.00203936
471.75,0,280.365,280.972,281.502,238.142,-4.54858,-3.58203,0,331.528,209.279,339.934,0.995913,0.00259427,0.00227118
472.25,0,280.359,280.967,281.496,238.142,-4.55932,-3.59036,0,331.432,209.265,339.934,0.995914,0.00260029,0.00207497
472.75,0,280.353,280.961,281.491,238.142,-4.55718,-3.5873,0,331.432,209.265,339.934,0.995915,0.00259806,0.00228265
473.25,0,280.348,280.956,281.486,238.141,-4.55379,-3.58322,0,331.432,209.265,339.934,0.995916,0.0025951,0.00209033
473.75,0,280.344,280.951,281.48,238.141,-4.5499,-3.57873,0,331.432,209.265,339.934,0.995917,0.00259183,0.00229222
474.25,0,280.337,280.945,281.475,238.141,-4.5606,-3.58701,0,331.336,209.25,339.934,0.995918,0.00259782,0.00212448
474.75,0,280.332,280.94,281.47,238.14,-4.55847,-3.58397,0,331.336,209.25,339.934,0.995919,0.0025956,0.00230374
475.25,0,280.327,280.934,281.465,238.14,-4.5551,-3.57992,0,331.336,209.25,339.934,0.99592,0.00259265,0.00213863
475.75,0,280.322,280.929,281.459,238.14,-4.55122,-3.57545,0,331.336,209.25,339.934,0.995921,0.00258941,0.00231338
476.25,0,280.315,280.924,281.454,238.139,-4.56188,-3.58369,0,331.241,209.236,339.934,0.995922,0.00259536,0.00217139
476.75,0,280.31,280.918,281.449,238.139,-4.55976,-3.58067,0,331.241,209.236,339.934,0.995923,0.00259316,0.00232498
477.25,0,280.305,280.913,281.444,238.139,-4.5564,-3.57664,0,331.241,209.236,339.934,0.995924,0.00259023,0.00218437
477.75,0,280.3,280.908,281.439,238.138,-4.55254,-3.5722,0,331.241,209.236,339.934,0.995925,0.002587,0.00233473
478.25,0,280.294,280.902,281.433,238.138,-4.56316,-3.58039,0,331.146,209.222,339.934,0.995926,0.00259292,0.0022158
478.75,0,280.289,280.897,281.428,238.138,-4.56105,-3.57738,0,331.146,209.222,339.934,0.995927,0.00259073,0.00234642
479.25,0,280.284,280.892,281.423,238.137,-4.5577,-3.57338,0,331.146,209.222,339.934,0.995928,0.00258781,0.00222769
479.75,0,280.279,280.886,281.418,238.137,-4.55387,-3.56896,0,331.146,209.222,339.934,0.995929,0.0025846,0.0023563
480.25,0,280.272,280.881,281.412,238.137,-4.56443,-3.57711,0,331.051,209.208,339.934,0.99593,0.00259049,0.00225786
480.75,0,280.267,280.876,281.407,238.137,-4.56233,-3.57412,0,331.051,209.208,339.934,0.995931,0.00258832,0.0023681
481.25,0,280.262,280.87,281.402,238.136,-4.55901,-3.57013,0,331.051,209.208,339.934,0.995932,0.00258542,0.0022687
481.75,0,280.258,280.865,281.397,238.136,-4.55519,-3.56574,0,331.051,209.208,339.934,0.995933,0.00258223,0.0023781
482.25,0,280.251,280.86,281.392,238.136,-4.56571,-3.57385,0,330.957,209.194,339.934,0.995934,0.00258808,0.00229769
482.75,0,280.246,280.854,281.387,238.135,-4.56362,-3.57088,0,330.957,209.194,339.934,0.995935,0.00258592,0.00239003
483.25,0,280.241,280.849,281.381,238.135,-4.56031,-3.56691,0,330.957,209.194,339.934,0.995936,0.00258304,0.00290083
483.75,0,280.236,280.844,281.376,238.135,-4.5565,-3.56255,0,330.957,209.194,339.934,0.995937,0.00257986,0.00287647
484.25,0,280.23,280.839,281.371,238.134,-4.56702,-3.57064,0,330.863,209.18,339.934,0.995938,0.00258571,0.0029242
484.75,0,280.225,280.833,281.366,238.134,-4.56495,-3.56769,0,330.863,209.18,339.934,0.995939,0.00258356,0.00289523
485.25,0,280.22,280.828,281.361,238.134,-4.56165,-3.56375,0,330.863,209.18,339.934,0.99594,0.0025807,0.00293328
485.75,0,280.215,280.823,281.356,238.134,-4.55787,-3.55941,0,330.863,209.18,339.934,0.995941,0.00257754,0.00291201
486.25,0,280.209,280.818,281.351,238.133,-4.56838,-3.56749,0,330.769,209.166,339.934,0.995942,0.00258338,0.00295647
486.75,0,280.204,280.812,281.345,238.133,-4.56632,-3.56457,0,330.769,209.166,339.934,0.995943,0.00258125,0.00293025
487.25,0,280.199,280.807,281.34,238.133,-4.56305,-3.56065,0,330.769,209.166,339.934,0.995944,0.0025784,0.00296519
487.75,0,280.194,280.802,281.335,238.132,-4.55928,-3.55634,0,330.769,209.166,339.934,0.995945,0.00257527,0.00386548
488.25,0,280.188,280.797,281.33,238.132,-4.56982,-3.56444,0,330.675,209.152,339.934,0.995946,0.00258112,0.00413003
488.75,0,280.183,280.792,281.325,238.132,-4.56778,-3.56154,0,330.675,209.152,339.934,0.995947,0.00257901,0.00499585
489.25,0,280.178,280.786,281.32,238.132,-4.56453,-3.55765,0,330.675,209.152,339.934,0.995948,0.00257618,0.00416943
489.75,0,280.173,280.781,281.315,238.131,-4.56078,-3.55336,0,330.675,209.152,339.934,0.995949,0.00257306,0.00500379
490.25,0,280.167,280.776,281.31,238.131,-4.57168,-3.56175,0,330.579,209.139,339.934,0.99595,0.00257913,0.0042102
490.75,0,280.161,280.771,281.305,238.131,-4.56971,-3.55892,0,330.579,209.139,339.934,0.995951,0.00257706,0.00501262
491.25,0,280.157,280.766,281.3,238.131,-4.5665,-3.55508,0,330.579,209.139,339.934,0.995952,0.00257427,0.00424802
491.75,0,280.152,280.761,281.295,238.131,-4.56279,-3.55083,0,330.579,209.139,339.934,0.995953,0.00257118,0.00501985
492.25,0,280.146,280.755,281.29,238.13,-4.57365,-3.55916,0,330.483,209.126,339.934,0.995954,0.0025772,0.004287
492.75,0,280.141,280.75,281.284,238.13,-4.5717,-3.55634,0,330.483,209.126,339.934,0.995955,0.00257515,0.00502814
493.25,0,280.136,280.745,281.279,238.13,-4.56852,-3.55253,0,330.483,209.126,339.934,0.995956,0.00257237,0.00432297
493.75,0,280.131,280.74,281.274,238.13,-4.56483,-3.5483,0,330.483,209.126,339.934,0.995957,0.0025693,0.00503491
494.25,0,280.125,280.735,281.269,238.129,-4.57565,-3.55659,0,330.388,209.113,339.934,0.995958,0.00257529,0.00435989
494.75,0,280.12,280.729,281.264,238.129,-4.57372,-3.5538,0,330.388,209.113,339.934,0.995959,0.00257326,0.00504278
495.25,0,280.115,280.724,281.259,238.129,-4.57055,-3.55,0,330.388,209.113,339.934,0.99596,0.0025705,0.00439394
495.75,0,280.11,280.719,281.254,238.129,-4.56687,-3.5458,0,330.388,209.113,339.934,0.995961,0.00256744,0.00504919
496.25,0,280.104,280.714,281.249,238.128,-4.57766,-3.55405,0,330.293,209.1,339.934,0.995962,0.0025734,0.0044288
496.75,0,280.099,280.709,281.244,238.128,-4.57574,-3.55127,0,330.293,209.1,339.934,0.995963,0.00257138,0.00505672
497.25,0,280.094,280.704,281.239,238.128,-4.57258,-3.5475,0,330.293,209.1,339.934,0.995964,0.00256864,0.00446094
497.75,0,280.089,280.699,281.234,238.128,-4.56893,-3.54332,0,330.293,209.1,339.934,0.995965,0.0025656,0.00506284
498.25,0,280.083,280.693,281.229,238.127,-4.57968,-3.55153,0,330.198,209.087,339.934,0.995966,0.00257153,0.00449375
498.75,0,280.078,280.688,281.224,238.127,-4.57777,-3.54877,0,330.198,209.087,339.934,0.995967,0.00256952,0.00507008
499.25,0,280.073,280.683,281.219,238.127,-4.57463,-3.54502,0,330.198,209.087,339.934,0.995968,0.00256679,0.00452401
499.75,0,280.069,280.678,281.214,238.127,-4.57099,-3.54086,0,330.198,209.087,339.934,0.995969,0.00256377,0.00507596
500.25,0,280.062,280.673,281.209,238.127,-4.58169,-3.54903,0,330.104,209.074,339.934,0.995971,0.00256967,0.00529408
500.75,0,280.057,280.668,281.204,238.126,-4.57979,-3.54628,0,330.104,209.074,339.934,0.995972,0.00256767,0.00561842
501.25,0,280.053,280.663,281.199,238.126,-4.57667,-3.54255,0,330.104,209.074,339.934,0.995973,0.00256496,0.00530124
501.75,0,280.048,280.658,281.195,238.126,-4.57305,-3.53842,0,330.104,209.074,339.934,0.995974,0.00256195,0.00561285
502.25,0,280.042,280.653,281.19,238.126,-4.58386,-3.54667,0,330.01,209.062,339.934,0.995975,0.00256791,0.00530129
502.75,0,280.037,280.648,281.185,238.126,-4.58198,-3.54395,0,330.01,209.062,339.934,0.995976,0.00256594,0.00560855
503.25,0,280.032,280.643,281.18,238.125,-4.57888,-3.54025,0,330.01,209.062,339.934,0.995977,0.00256324,0.0053085
503.75,0,280.028,280.638,281.175,238.125,-4.57528,-3.53614,0,330.01,209.062,339.934,0.995978,0.00256026,0.00560338
504.25,0,280.021,280.632,281.17,238.125,-4.58604,-3.54433,0,329.915,209.049,339.934,0.995979,0.00256618,0.00530861
504.75,0,280.016,280.627,281.165,238.125,-4.58418,-3.54164,0,329.915,209.049,339.934,0.99598,0.00256421,0.00559952
505.25,0,280.012,280.622,281.16,238.125,-4.5811,-3.53795,0,329.915,209.049,339.934,0.995981,0.00256153,0.00531567
505.75,0,280.007,280.617,281.155,238.124,-4.57752,-3.53387,0,329.915,209.049,339.934,0.995982,0.00255857,0.00559478
506.25,0,280.001,280.612,281.15,238.124,-4.58823,-3.54201,0,329.821,209.037,339.934,0.995983,0.00256445,0.00531568
506.75,0,279.996,280.607,281.145,238.124,-4.58638,-3.53933,0,329.821,209.037,339.934,0.995984,0.00256249,0.00559134
507.25,0,279.991,280.602,281.14,238.124,-4.5833,-3.53566,0,329.821,209.037,339.934,0.995985,0.00255983,0.00532252
507.75,0,279.987,280.597,281.135,238.124,-4.57974,-3.5316,0,329.821,209.037,339.934,0.995986,0.00255688,0.00558701
508.25,0,279.98,280.592,281.131,238.123,-4.5904,-3.5397,0,329.728,209.024,339.934,0.995987,0.00256272,0.00532237
508.75,0,279.975,280.587,281.126,238.123,-4.58856,-3.53703,0,329.728,209.024,339.934,0.995988,0.00256078,0.00558394
509.25,0,279.971,280.582,281.121,238.123,-4.5855,-3.53338,0,329.728,209.024,339.934,0.995989,0.00255813,0.00532896
509.75,0,279.966,280.577,281.116,238.123,-4.58195,-3.52934,0,329.728,209.024,339.934,0.99599,0.00255519,0.00557998
510.25,0,279.96,280.572,281.111,238.122,-4.59256,-3.53739,0,329.635,209.012,339.934,0.995991,0.002561,0.00532864
510.75,0,279.955,280.567,281.106,238.122,-4.59073,-3.53473,0,329.635,209.012,339.934,0.995992,0.00255907,0.00557725
511.25,0,279.95,280.562,281.101,238.122,-4.58768,-3.53111,0,329.635,209.012,339.934,0.995993,0.00255643,0.005335
511.75,0,279.946,280.557,281.097,238.122,-4.58415,-3.52709,0,329.635,209.012,339.934,0.995994,0.00255351,0.00557361
512.25,0,279.94,280.552,281.092,238.122,-4.59471,-3.53508,0,329.543,209,339.934,0.995996,0.00255929,0.00533451
512.75,0,279.935,280.547,281.087,238.121,-4.59288,-3.53244,0,329.543,209,339.934,0.995997,0.00255736,0.00557117
513.25,0,279.93,280.542,281.082,238.121,-4.58985,-3.52883,0,329.543,209,339.934,0.995998,0.00255474,0.00534064
513.75,0,279.926,280.537,281.077,238.121,-4.58633,-3.52484,0,329.543,209,339.934,0.995999,0.00255184,0.00556782
514.25,0,279.92,280.532,281.072,238.121,-4.59684,-3.53278,0,329.451,208.987,339.934,0.996,0.00255758,0.00534
514.75,0,279.915,280.527,281.068,238.121,-4.59502,-3.53015,0,329.451,208.987,339.934,0.996001,0.00255566,0.00556563
515.25,0,279.91,280.522,281.063,238.12,-4.592,-3.52657,0,329.451,208.987,339.934,0.996002,0.00255306,0.00534592
515.75,0,279.906,280.517,281.058,238.12,-4.5885,-3.52259,0,329.451,208.987,339.934,0.996003,0.00255017,0.00556252
516.25,0,279.9,280.512,281.053,238.12,-4.59896,-3.53049,0,329.359,208.975,339.934,0.996004,0.00255587,0.00534514
516.75,0,279.895,280.507,281.048,238.12,-4.59715,-3.52787,0,329.359,208.975,339.934,0.996005,0.00255397,0.00556055
517.25,0,279.89,280.502,281.043,238.12,-4.59415,-3.52431,0,329.359,208.975,339.934,0.996006,0.00255137,0.00535087
517.75,0,279.886,280.498,281.039,238.119,-4.59066,-3.52035,0,329.359,208.975,339.934,0.996007,0.0025485,0.00555766
518.25,0,279.88,280.493,281.034,238.119,-4.60107,-3.5282,0,329.268,208.963,339.934,0.996008,0.00255417,0.00534997
518.75,0,279.875,280.488,281.029,238.119,-4.59927,-3.5256,0,329.268,208.963,339.934,0.996009,0.00255227,0.00555588
519.25,0,279.87,280.483,281.024,238.119,-4.59627,-3.52205,0,329.268,208.963,339.934,0.99601,0.00254969,0.00535552
519.75,0,279.866,280.478,281.02,238.119,-4.5928,-3.51812,0,329.268,208.963,339.934,0.996011,0.00254683,0.00555318
520.25,0,279.86,280.473,281.015,238.118,-4.60316,-3.52592,0,329.177,208.951,339.934,0.996012,0.00255247,0.00535451
520.75,0,279.855,280.468,281.01,238.118,-4.60137,-3.52333,0,329.177,208.951,339.934,0.996013,0.00255058,0.00555156
521.25,0,279.85,280.463,281.005,238.118,-4.59839,-3.5198,0,329.177,208.951,339.934,0.996014,0.00254802,0.0053599
521.75,0,279.846,280.458,281.001,238.118,-4.59493,-3.51588,0,329.177,208.951,339.934,0.996015,0.00254517,0.00554904
522.25,0,279.84,280.453,280.996,238.118,-4.60524,-3.52364,0,329.087,208.939,339.934,0.996016,0.00255078,0.0053588
522.75,0,279.835,280.448,280.991,238.117,-4.60345,-3.52106,0,329.087,208.939,339.934,0.996017,0.0025489,0.00554757
523.25,0,279.831,280.444,280.986,238.117,-4.60049,-3.51755,0,329.087,208.939,339.934,0.996018,0.00254635,0.00536404
523.75,0,279.826,280.439,280.982,238.117,-4.59704,-3.51366,0,329.087,208.939,339.934,0.996019,0.00254352,0.00554519
524.25,0,279.82,280.434,280.977,238.117,-4.60731,-3.52137,0,328.997,208.927,339.934,0.996021,0.00254909,0.00536286
524.75,0,279.815,280.429,280.972,238.117,-4.60553,-3.5188,0,328.997,208.927,339.934,0.996022,0.00254722,0.00554386
525.25,0,279.811,280.424,280.967,238.116,-4.60257,-3.51531,0,328.997,208.927,339.934,0.996023,0.00254468,0.00536797
525.75,0,279.807,280.42,280.963,238.116,-4.59914,-3.51144,0,328.997,208.927,339.934,0.996023,0.00254187,0.00554162
526.25,0,279.8,280.414,280.958,238.116,-4.60936,-3.5191,0,328.908,208.915,339.934,0.996025,0.0025474,0.00536672
526.75,0,279.796,280.41,280.953,238.116,-4.60759,-3.51655,0,328.908,208.915,339.934,0.996026,0.00254554,0.0055404
527.25,0,279.791,280.405,280.949,238.116,-4.60465,-3.51307,0,328.908,208.915,339.934,0.996027,0.00254302,0.0053717
527.75,0,279.787,280.4,280.944,238.115,-4.60123,-3.50922,0,328.908,208.915,339.934,0.996028,0.00254022,0.00553828
528.25,0,279.781,280.395,280.939,238.115,-4.6114,-3.51684,0,328.819,208.903,339.934,0.996029,0.00254572,0.00537039
528.75,0,279.776,280.39,280.935,238.115,-4.60963,-3.5143,0,328.819,208.903,339.934,0.99603,0.00254387,0.00553717
529.25,0,279.772,280.386,280.93,238.115,-4.60671,-3.51084,0,328.819,208.903,339.934,0.996031,0.00254136,0.00537526
529.75,0,279.767,280.381,280.925,238.115,-4.60331,-3.50701,0,328.819,208.903,339.934,0.996032,0.00253857,0.00553517
530.25,0,279.761,280.376,280.921,238.114,-4.61343,-3.51458,0,328.73,208.891,339.934,0.996033,0.00254404,0.0053739
530.75,0,279.757,280.371,280.916,238.114,-4.61167,-3.51206,0,328.73,208.891,339.934,0.996034,0.0025422,0.00553415
531.25,0,279.752,280.366,280.911,238.114,-4.60875,-3.50862,0,328.73,208.891,339.934,0.996035,0.0025397,0.00537866
531.75,0.00176758,279.76,280.364,280.907,238.114,-4.52111,-3.43732,0.564383,328.73,208.891,339.934,0.99603,0.00248809,0.00549589
532.25,0.00620022,279.786,280.367,280.902,238.114,-4.30917,-3.2692,1.97972,328.646,208.884,339.934,0.996006,0.00236643,0.00526324
532.75,0.0106327,279.822,280.373,280.898,238.114,-4.05719,-3.06546,3.39501,328.646,208.884,339.934,0.995975,0.002219,0.00541298
533.25,0.015065,279.864,280.383,280.893,238.114,-3.79145,-2.85023,4.81024,328.646,208.884,339.934,0.995941,0.00206326,0.00519963
533.75,0.0194971,279.909,280.396,280.889,238.114,-3.51873,-2.62749,6.22537,328.646,208.884,339.934,0.995904,0.00190208,0.00533289
534.25,0.0239287,279.963,280.413,280.885,238.113,-3.28616,-2.42232,7.74339,328.661,208.948,339.934,0.995767,0.00175362,0.00487561
534.75,0.0283599,280.019,280.433,280.882,238.113,-3.0011,-2.15846,9.27444,328.661,208.948,339.934,0.995663,0.00156266,0.00518044
535.25,0.0327905,280.077,280.454,280.879,238.114,-2.7148,-1.89023,10.8053,328.661,208.948,339.934,0.995579,0.00136853,0.00482389
535.75,0.0372204,280.138,280.477,280.876,238.114,-2.42725,-1.6192,12.3359,328.661,208.948,490.937,0.995506,0.00117236,0.00509161
536.25,0.0416497,280.207,280.506,280.874,238.114,-2.25346,-1.31692,13.8663,328.793,209.048,490.937,0.995331,0.000953549,0.00447487
536.75,0.0460781,280.274,280.535,280.873,238.114,-1.96815,-1.03228,15.3964,328.793,209.048,490.937,0.995203,0.000747485,0.00495485
537.25,0.0505056,280.343,280.565,280.871,238.114,-1.68121,-0.745012,16.9476,328.793,209.048,490.937,0.995099,0.000539499,0.00445617
537.75,0.0549321,280.417,280.597,280.871,238.114,-1.35821,-0.453274,18.6648,328.793,209.048,490.937,0.995016,0.000331604,0.00485457
538.25,0.0593575,280.501,280.635,280.871,238.114,-1.12056,-0.137029,20.3816,329.024,209.172,490.937,0.994825,0.000114938,0.00405693
538.75,0.0637818,280.583,280.673,280.873,238.114,-0.720569,0.0960155,22.0979,329.024,209.172,490.937,0.994656,1.15351e-06,0.0046371
539.25,0.0682048,280.666,280.713,280.874,238.114,-0.354187,0.355974,23.8137,329.024,209.172,490.937,0.994319,0,0.00396847
539.75,0.0726265,280.743,280.756,280.877,238.114,0.051649,0.708775,25.529,329.024,209.172,490.937,0.993861,0,0.00452328
540.25,0.0770467,280.815,280.807,280.88,238.115,0.667093,1.24577,27.2438,329.359,209.318,490.937,0.992931,0,0.00356467
540.75,0.0814655,280.88,280.856,280.885,238.115,1.31008,1.59214,28.9579,329.359,209.318,490.937,0.991586,0,0.00437573
541.25,0.0858826,280.942,280.906,280.89,238.115,1.99767,1.92202,30.6715,329.359,209.318,692.2,0.990635,0,0.00353698
541.75,0.090298,281.005,280.958,280.896,238.115,2.62769,2.21052,32.3844,329.359,209.318,692.2,0.989553,0,0.00422409
542.25,0.0947117,281.074,281.014,280.904,238.116,3.37967,2.56228,34.0966,329.835,209.437,692.2,0.987645,0,0.0032304
542.75,0.0991235,281.134,281.062,280.914,238.116,4.0054,2.97319,35.8081,329.835,209.437,692.2,0.986582,0,0.0040936
543.25,0.103533,281.196,281.113,280.925,238.116,4.76307,3.30374,37.7326,329.835,209.437,692.2,0.985402,0,0.00320584
543.75,0.107941,281.26,281.167,280.938,238.117,5.49645,3.64639,39.7091,329.835,209.437,692.2,0.984125,0,0.00394651
544.25,0.112347,281.331,281.224,280.953,238.117,6.41883,4.04508,41.6848,330.372,209.554,692.2,0.982693,0,0.00288703
544.75,0.11675,281.398,281.28,280.971,238.117,7.10862,4.43626,43.6594,330.372,209.554,692.2,0.980584,0,0.00368148
545.25,0.121152,281.46,281.33,280.996,238.118,7.84782,4.89553,45.633,330.372,209.554,692.2,0.979356,0,0.00293787
545.75,0.12555,281.522,281.381,281.023,238.118,8.63624,5.26225,47.6056,330.372,209.554,956.226,0.978058,0,0.00355754
546.25,0.129947,281.591,281.435,281.053,238.119,9.62911,5.68143,49.577,330.962,209.676,956.226,0.976651,0,0.00264082
546.75,0.134341,281.656,281.491,281.085,238.119,10.3663,6.07056,51.5473,330.962,209.676,956.226,0.975196,0,0.00337184
547.25,0.138732,281.723,281.548,281.118,238.119,11.0523,6.46005,53.5164,330.962,209.676,956.226,0.973704,0,0.00261169
547.75,0.14312,281.789,281.604,281.158,238.12,11.7134,6.88119,55.4843,330.962,209.676,956.226,0.97138,0,0.00345354
548.25,0.147506,281.855,281.654,281.205,238.12,12.7193,7.43141,57.4509,331.606,209.8,956.226,0.97009,0,0.00240539
548.75,0.151889,281.917,281.706,281.255,238.121,13.5453,7.82685,59.4163,331.606,209.8,956.226,0.968745,0,0.00303827
549.25,0.156268,281.98,281.758,281.305,238.122,14.2953,8.21904,61.3803,331.606,209.8,956.226,0.96736,0,0.00234776
549.75,0.160645,282.044,281.812,281.357,238.122,15.0163,8.61464,63.3429,331.606,209.8,956.226,0.965941,0,0.00294944
550.25,0.165019,282.114,281.868,281.41,238.123,15.9937,9.06817,65.3041,332.242,209.922,956.226,0.964458,0,0.0021128
550.75,0.169389,282.18,281.925,281.465,238.123,16.7085,9.48583,67.2638,332.242,209.922,956.226,0.962944,0,0.00283523
551.25,0.173756,282.248,281.983,281.522,238.124,17.4811,9.9422,69.473,332.242,209.922,1308.03,0.960274,0,0.00440704
551.75,0.178119,282.313,282.035,281.573,238.125,18.208,10.602,71.7212,332.242,209.922,1308.03,0.958225,0,0.00268134
552.25,0.182479,282.381,282.085,281.622,238.125,19.4597,11.1497,73.9676,332.942,210.051,1308.03,0.956948,0,0.00188522
552.75,0.186836,282.444,282.135,281.673,238.126,20.4363,11.5883,76.2122,332.942,210.051,1308.03,0.955612,0,0.00245257
553.25,0.191189,282.509,282.188,281.725,238.127,21.3393,12.0268,78.4549,332.942,210.051,1308.03,0.954227,0,0.00166988
553.75,0.195538,282.574,282.241,281.778,238.128,22.212,12.471,80.6957,332.942,210.051,1308.03,0.952799,0,0.00232232
554.25,0.199883,282.645,282.296,281.833,238.128,23.3587,12.9793,82.9344,333.622,210.177,1308.03,0.951305,0,0.00143473
554.75,0.204224,282.713,282.353,281.89,238.129,24.2256,13.4495,85.1712,333.622,210.177,1308.03,0.949773,0,0.00221923
555.25,0.208561,282.782,282.411,281.947,238.13,25.0405,13.9202,87.4059,333.622,210.177,1308.03,0.948209,0,0.00141934
555.75,0.212894,282.85,282.47,282.006,238.131,25.8063,14.4667,89.6385,333.622,210.177,1308.03,0.945079,0,0.00827967
556.25,0.217223,282.923,282.527,282.063,238.132,26.7855,15.2593,91.8689,334.387,210.312,1308.03,0.942111,0,0.00174602
556.75,0.221548,282.985,282.576,282.112,238.133,27.6787,15.9145,94.0971,334.387,210.312,1308.03,0.940867,0,0.00193202
557.25,0.225868,283.047,282.625,282.161,238.134,28.6358,16.3663,96.3231,334.387,210.312,1759.97,0.93958,0,0.00119186
557.75,0.230184,283.11,282.676,282.212,238.134,29.5452,16.8201,98.5468,334.387,210.312,1759.97,0.938254,0,0.00177464
558.25,0.234496,283.179,282.728,282.264,238.135,30.7437,17.3408,100.768,335.111,210.441,1759.97,0.936874,0,0.00100873
558.75,0.238802,283.244,282.782,282.318,238.136,31.643,17.818,102.987,335.111,210.441,1759.97,0.935459,0,0.00154988
559.25,0.243104,283.309,282.836,282.372,238.137,32.4868,18.2944,105.204,335.111,210.441,1759.97,0.934015,0,0.00103702
559.75,0.247402,283.375,282.891,282.427,238.138,33.3092,18.7763,107.418,335.111,210.441,1759.97,0.932545,0,0.00148048
560.25,0.251694,283.448,282.948,282.484,238.139,34.5054,19.3384,109.742,335.882,210.573,1759.97,0.931028,0,0.000876287
560.75,0.255982,283.519,283.006,282.541,238.141,35.4723,19.8697,112.235,335.882,210.573,1759.97,0.929476,0,0.00131328
561.25,0.260264,283.586,283.064,282.6,238.142,36.2259,20.7465,114.725,335.882,210.573,1759.97,0.925562,0,0.0161894
561.75,0.264542,283.656,283.125,282.66,238.143,37.0252,21.425,117.212,335.882,210.573,1759.97,0.92167,0,0.00340252
562.25,0.268814,283.724,283.173,282.708,238.144,38.2204,22.3995,119.696,336.722,210.716,1759.97,0.920101,0,0.000927184
562.75,0.273081,283.787,283.221,282.756,238.146,39.3727,22.9165,122.178,336.722,210.716,1759.97,0.918873,0,0.000995443
563.25,0.277342,283.851,283.271,282.806,238.147,40.4362,23.4194,124.656,336.722,210.716,1759.97,0.917607,0,0.000845345
563.75,0.281598,283.915,283.321,282.856,238.148,41.4648,23.9265,127.13,336.722,210.716,2361.86,0.916306,0,0.000960169
564.25,0.285849,283.985,283.373,282.908,238.149,42.7996,24.5061,129.602,337.478,210.848,2361.86,0.914956,0,0.000732905
564.75,0.290094,284.051,283.426,282.961,238.15,43.8259,25.0379,132.071,337.478,210.848,2361.86,0.913574,0,0.000931661
565.25,0.294333,284.117,283.48,283.015,238.152,44.7962,25.5698,134.536,337.478,210.848,2361.86,0.912163,0,0.000724823
565.75,0.298566,284.184,283.535,283.07,238.153,45.7448,26.1075,136.997,337.478,210.848,2361.86,0.910725,0,0.000903994
566.25,0.302794,284.257,283.591,283.125,238.154,47.0406,26.7237,139.456,338.304,210.987,2361.86,0.909247,0,0.000658857
566.75,0.307015,284.326,283.648,283.182,238.156,48.0037,27.2874,141.91,338.304,210.987,2361.86,0.907744,0,0.000873831
567.25,0.311231,284.391,283.705,283.24,238.158,48.6239,28.4208,144.362,338.304,210.987,2361.86,0.902473,0,0.0378918
567.75,0.31544,284.461,283.764,283.298,238.16,49.3954,29.0837,146.809,338.304,210.987,2361.86,0.900996,0,0.000842694
568.25,0.319644,284.537,283.824,283.358,238.161,50.6462,29.7227,149.254,339.184,211.136,2361.86,0.899482,0,0.00055021
568.75,0.323841,284.6,283.88,283.414,238.163,51.2347,30.996,151.694,339.184,211.136,2361.86,0.893341,0,0.0079358
569.25,0.328031,284.661,283.926,283.46,238.164,52.1922,31.7094,154.131,339.184,211.136,3113.18,0.89222,0,0.000543857
569.75,0.332215,284.722,283.974,283.508,238.166,53.2518,32.2287,156.564,339.184,211.136,3113.18,0.89107,0,0.000777705
570.25,0.336393,284.789,284.023,283.557,238.167,54.6444,32.8247,158.993,340.024,211.274,3113.18,0.889882,0,0.000461688
570.75,0.340564,284.851,284.072,283.606,238.169,55.6896,33.3635,161.419,340.024,211.274,3113.18,0.888667,0,0.000742298
571.25,0.344728,284.914,284.122,283.656,238.17,56.6733,33.9,163.84,340.024,211.274,3113.18,0.887428,0,0.000455024
571.75,0.348886,284.977,284.173,283.707,238.172,57.6338,34.4412,166.258,340.024,211.274,3113.18,0.886167,0,0.00070774
572.25,0.353037,285.048,284.225,283.759,238.174,59.0398,35.0808,168.886,340.858,211.41,3113.18,0.88487,0,0.000367039
572.75,0.35718,285.114,284.278,283.812,238.175,60.1576,35.6742,171.589,340.858,211.41,3113.18,0.883546,0,0.000669823
573.25,0.361317,285.182,284.332,283.865,238.177,61.226,36.2684,174.287,340.858,211.41,3113.18,0.882197,0,0.000360183
573.75,0.365447,285.242,284.386,283.919,238.181,62.0507,37.3606,176.98,340.858,211.41,3113.18,0.8749,0,0.0775169
574.25,0.369569,285.315,284.442,283.975,238.183,63.041,38.656,179.669,341.713,211.564,3113.18,0.873583,0,0.000299323
574.75,0.373685,285.384,284.498,284.031,238.185,64.0807,39.2641,182.353,341.713,211.564,3113.18,0.872243,0,0.00025138
575.25,0.377792,285.454,284.556,284.088,238.186,65.0863,39.8754,185.032,341.713,211.564,3113.18,0.870883,0,0.000277945
575.75,0.381893,285.525,284.614,284.146,238.188,66.0792,40.4938,187.706,341.713,211.564,3113.18,0.869503,0,0.000233308
576.25,0.385986,285.594,284.672,284.205,238.19,67.2747,41.6772,190.376,342.676,211.716,3113.18,0.862063,0,0.0148087
576.75,0.390071,285.661,284.727,284.26,238.192,67.8334,43.1061,193.04,342.676,211.716,3113.18,0.859444,0,0.00321168
577.25,0.394149,285.722,284.773,284.306,238.194,68.9133,43.8544,195.7,342.676,211.716,3113.18,0.858389,0,0.000481943
577.75,0.398219,285.784,284.821,284.353,238.196,70.0699,44.4315,198.354,342.676,211.716,3113.18,0.85731,0,0.000269961
578.25,0.402281,285.851,284.869,284.401,238.198,71.5824,45.0927,201.004,343.566,211.859,3113.18,0.856199,0,0.000399242
578.75,0.406335,285.914,284.917,284.45,238.2,72.7304,45.69,203.648,343.566,211.859,3113.18,0.855066,0,0.00022807
579.25,0.410381,285.963,284.966,284.498,238.208,73.2213,47.5067,206.287,343.566,211.859,3113.18,0.84414,0,0.200626
579.75,0.41442,286.026,285.016,284.549,238.21,73.7712,48.7649,208.92,343.566,211.859,3113.18,0.843088,0,0
580.25,0.41845,286.094,285.067,284.599,238.212,75.1117,49.4145,211.549,344.323,212.026,3113.18,0.842004,0,0
580.75,0.422471,286.159,285.119,284.651,238.214,76.1729,50.0154,214.172,344.323,212.026,3113.18,0.8409,0,0
581.25,0.426485,286.224,285.171,284.703,238.216,77.1922,50.6169,216.79,344.323,212.026,3113.18,0.839779,0,0
581.75,0.43049,286.289,285.224,284.756,238.218,78.197,51.2242,219.402,344.323,212.026,3113.18,0.83864,0,0
582.25,0.434487,286.361,285.278,284.81,238.221,79.6075,51.9261,222.008,345.274,212.173,3113.18,0.837478,0,0
582.75,0.438475,286.427,285.332,284.864,238.223,80.6413,52.5592,224.61,345.274,212.173,3113.18,0.836298,0,0
583.25,0.442454,286.494,285.387,284.918,238.225,81.6183,53.1898,227.205,345.274,212.173,3113.18,0.835104,0,0
583.75,0.446425,286.562,285.442,284.974,238.227,82.5774,53.8253,229.795,345.274,212.173,3113.18,0.833895,0,0
584.25,0.450387,286.62,285.498,285.029,238.231,82.8721,56.6808,232.379,346.279,212.326,3113.18,0.821873,0,0.0457202
584.75,0.454341,286.687,285.554,285.085,238.233,83.6931,57.3486,234.957,346.279,212.326,3113.18,0.820838,0,0
585.25,0.458285,286.75,285.608,285.139,238.236,84.3741,58.4638,237.53,346.279,212.326,3113.18,0.816348,0,0.01412
585.75,0.46222,286.807,285.651,285.183,238.238,85.3654,59.2598,240.096,346.279,212.326,3113.18,0.815564,0,0
586.25,0.466146,286.87,285.695,285.226,238.24,86.8946,59.9093,242.657,347.173,212.475,3113.18,0.814754,0,0
586.75,0.470063,286.928,285.74,285.271,238.243,88.0414,60.4883,245.212,347.173,212.475,3113.18,0.813924,0,0
587.25,0.473971,286.987,285.785,285.316,238.245,89.123,61.0625,247.76,347.173,212.475,3113.18,0.813077,0,0
587.75,0.47787,287.045,285.831,285.361,238.247,90.1801,61.6401,250.303,347.173,212.475,3113.18,0.812214,0,0
588.25,0.481759,287.11,285.877,285.408,238.25,91.6084,62.3077,252.84,348.065,212.613,3113.18,0.811328,0,0
588.75,0.485638,287.169,285.924,285.454,238.252,92.6809,62.907,255.37,348.065,212.613,3113.18,0.810426,0,0
589.25,0.489508,287.229,285.971,285.501,238.255,93.6973,63.503,257.894,348.065,212.613,3113.18,0.809508,0,0
589.75,0.493369,287.289,286.019,285.549,238.257,94.6942,64.1031,260.412,348.065,212.613,3113.18,0.808576,0,0
590.25,0.49722,287.355,286.067,285.598,238.26,96.0867,64.7984,262.923,349.004,212.755,3113.18,0.807624,0,0
590.75,0.501061,287.416,286.116,285.647,238.262,97.1362,65.4276,265.494,349.004,212.755,3113.18,0.806657,0,0
591.25,0.504892,287.479,286.166,285.696,238.265,98.2097,66.0703,268.232,349.004,212.755,3113.18,0.805674,0,0
591.75,0.508713,287.542,286.216,285.746,238.267,99.2744,66.7199,270.962,349.004,212.755,3113.18,0.804677,0,0
592.25,0.512524,287.611,286.267,285.797,238.27,100.758,67.4711,273.685,349.991,212.903,3113.18,0.803659,0,0
592.75,0.516325,287.676,286.318,285.848,238.272,101.851,68.1464,276.401,349.991,212.903,3113.18,0.802626,0,0
593.25,0.520117,287.74,286.37,285.9,238.275,102.887,68.8185,279.109,349.991,212.903,3113.18,0.80158,0,0
593.75,0.523897,287.805,286.422,285.952,238.278,103.905,69.4953,281.81,349.991,212.903,3113.18,0.80052,0,0
594.25,0.527668,287.876,286.475,286.005,238.281,105.361,70.2787,284.504,351.026,213.056,3113.18,0.799442,0,0
594.75,0.531428,287.942,286.529,286.058,238.283,106.408,70.9811,287.191,351.026,213.056,3113.18,0.798351,0,0
595.25,0.535178,288.008,286.583,286.112,238.286,107.395,71.6797,289.87,351.026,213.056,3113.18,0.797247,0,0
595.75,0.538917,288.074,286.637,286.167,238.289,108.364,72.3828,292.541,351.026,213.056,3113.18,0.796133,0,0
596.25,0.542645,288.147,286.692,286.222,238.292,109.785,73.1963,295.205,352.095,213.214,3113.18,0.795002,0,0
596.75,0.546363,288.214,286.748,286.277,238.295,110.784,73.9252,297.862,352.095,213.214,3113.18,0.793859,0,0
597.25,0.550071,288.282,286.804,286.333,238.297,111.723,74.6497,300.51,352.095,213.214,3113.18,0.792706,0,0
597.75,0.553767,288.349,286.861,286.39,238.3,112.644,75.3786,303.151,352.095,213.214,3113.18,0.791544,0,0
598.25,0.557453,288.424,286.918,286.447,238.303,114.011,76.2178,305.785,353.154,213.38,3113.18,0.790366,0,0
598.75,0.561127,288.492,286.976,286.505,238.306,114.961,76.9723,308.41,353.154,213.38,3113.18,0.789179,0,0
599.25,0.564791,288.561,287.034,286.563,238.309,115.852,77.7224,311.027,353.154,213.38,3113.18,0.787983,0,0
599.75,0.568443,288.631,287.093,286.621,238.312,116.724,78.4767,313.637,353.154,213.38,3113.18,0.786779,0,0
600.25,0.572084,288.706,287.152,286.681,238.315,118.063,79.3462,316.238,354.255,213.549,3113.18,0.785562,0,0
600.75,0.575714,288.777,287.212,286.74,238.318,118.968,80.1264,318.832,354.255,213.549,3113.18,0.784337,0,0
601.25,0.579333,288.847,287.272,286.8,238.321,119.812,80.9017,321.417,354.255,213.549,3113.18,0.783105,0,0
601.75,0.58294,288.917,287.332,286.861,238.324,120.638,81.681,323.995,354.255,213.549,3113.18,0.781866,0,0
602.25,0.586536,288.995,287.393,286.922,238.328,121.948,82.5805,326.564,355.399,213.723,3113.18,0.780616,0,0
602.75,0.590121,289.066,287.455,286.983,238.331,122.809,83.386,329.125,355.399,213.723,3113.18,0.779359,0,0
603.25,0.593693,289.138,287.517,287.045,238.334,123.607,84.186,331.677,355.399,213.723,3113.18,0.778097,0,0
603.75,0.597255,289.21,287.579,287.107,238.337,124.387,84.9897,334.222,355.399,213.723,3113.18,0.776829,0,0
604.25,0.600804,289.289,287.642,287.17,238.34,125.665,85.9178,336.758,356.574,213.901,3113.18,0.775552,0,0
604.75,0.604341,289.361,287.706,287.233,238.343,126.481,86.7481,339.285,356.574,213.901,3113.18,0.77427,0,0
605.25,0.607867,289.434,287.77,287.297,238.347,127.234,87.5722,341.804,356.574,213.901,3113.18,0.772983,0,0
605.75,0.611381,289.507,287.834,287.361,238.35,127.969,88.3999,344.315,356.574,213.901,3113.18,0.771693,0,0
606.25,0.614883,289.587,287.898,287.426,238.353,129.214,89.3561,346.816,357.78,214.084,3113.18,0.770395,0,0
606.75,0.618372,289.661,287.963,287.491,238.357,129.987,90.2105,349.31,357.78,214.084,3113.18,0.769093,0,0
607.25,0.62185,289.735,288.029,287.556,238.36,130.695,91.0582,351.794,357.78,214.084,3113.18,0.767788,0,0
607.75,0.625315,289.809,288.095,287.622,238.363,131.385,91.9093,354.27,357.78,214.084,3113.18,0.76648,0,0
608.25,0.628768,289.891,288.161,287.688,238.367,132.603,92.8941,356.737,359.025,214.27,3113.18,0.765166,0,0
608.75,0.632209,289.966,288.228,287.755,238.37,133.333,93.7721,359.195,359.025,214.27,3113.18,0.763849,0,0
609.25,0.635637,290.041,288.295,287.822,238.373,133.997,94.6429,361.645,359.025,214.27,3113.18,0.762531,0,0
609.75,0.639053,290.116,288.362,287.889,238.377,134.643,95.5169,364.085,359.025,214.27,3113.18,0.761212,0,0
610.25,0.642456,290.199,288.43,287.957,238.38,135.833,96.5296,366.516,360.308,214.46,3113.18,0.759887,0,0
610.75,0.645846,290.275,288.498,288.025,238.384,136.521,97.4308,368.939,360.308,214.46,3113.18,0.75856,0,0
611.25,0.649224,290.351,288.567,288.093,238.387,137.142,98.324,371.352,360.308,214.46,3113.18,0.757234,0,0
611.75,0.652589,290.428,288.636,288.162,238.391,137.796,99.2323,373.873,360.308,214.46,3113.18,0.755906,0,0
612.25,0.655941,290.513,288.705,288.231,238.394,139.03,100.29,376.42,361.628,214.654,3113.18,0.754573,0,0
612.75,0.659281,290.591,288.775,288.301,238.398,139.75,101.233,378.956,361.628,214.654,3113.18,0.753239,0,0
613.25,0.662607,290.669,288.845,288.371,238.401,140.403,102.167,381.483,361.628,214.654,3113.18,0.751904,0,0
613.75,0.665921,290.747,288.916,288.441,238.405,141.037,103.105,383.999,361.628,214.654,3113.18,0.750569,0,0
614.25,0.669221,290.833,288.987,288.512,238.408,142.245,104.194,386.506,362.986,214.851,3113.18,0.74923,0,0
614.75,0.672508,290.912,289.058,288.583,238.412,142.923,105.16,389.003,362.986,214.851,3113.18,0.74789,0,0
615.25,0.675782,290.991,289.13,288.655,238.416,143.531,106.119,391.49,362.986,214.851,3113.18,0.746551,0,0
615.75,0.679043,291.07,289.201,288.727,238.419,144.121,107.08,393.966,362.986,214.851,3113.18,0.745213,0,0
616.25,0.68229,291.157,289.274,288.799,238.423,145.3,108.197,396.433,364.383,215.052,3113.18,0.743872,0,0
616.75,0.685524,291.237,289.347,288.872,238.426,145.934,109.187,398.889,364.383,215.052,4016.82,0.742531,0,0
617.25,0.688745,291.317,289.42,288.945,238.43,146.498,110.168,401.335,364.383,215.052,4016.82,0.741192,0,0
617.75,0.691952,291.397,289.493,289.018,238.434,147.043,111.151,403.771,364.383,215.052,4016.82,0.739855,0,0
618.25,0.695145,291.485,289.567,289.091,238.438,148.193,112.297,406.197,365.817,215.256,4016.82,0.738517,0,0
618.75,0.698325,291.566,289.641,289.165,238.441,148.784,113.309,408.612,365.817,215.256,4016.82,0.737179,0,0
619.25,0.701491,291.646,289.715,289.24,238.445,149.304,114.312,411.017,365.817,215.256,4016.82,0.735845,0,0
619.75,0.704643,291.727,289.79,289.314,238.449,149.804,115.317,413.411,365.817,215.256,4016.82,0.734514,0,0
620.25,0.707781,291.816,289.865,289.389,238.453,150.924,116.489,415.795,367.287,215.463,4016.82,0.733182,0,0
620.75,0.710905,291.898,289.94,289.464,238.456,151.473,117.524,418.168,367.287,215.463,5273.21,0.731852,0,0
621.25,0.714016,291.979,290.016,289.54,238.46,151.948,118.547,420.53,367.287,215.463,5273.21,0.730526,0,0
621.75,0.717112,292.061,290.092,289.616,238.464,152.405,119.573,422.882,367.287,215.463,5273.21,0.729204,0,0
622.25,0.720195,292.151,290.168,289.692,238.468,153.496,120.772,425.223,368.793,215.672,5273.21,0.727882,0,0
622.75,0.723263,292.233,290.245,289.768,238.472,154.002,121.828,427.554,368.793,215.672,5273.21,0.726564,0,0
623.25,0.726317,292.249,290.311,289.835,238.517,151.907,128.273,429.874,368.793,215.672,3113.18,0.689759,0,1.36604
623.75,0.729357,292.324,290.386,289.909,238.528,149.72,133.136,432.182,368.793,215.672,3113.18,0.688935,0,0.436431
624.25,0.732382,292.406,290.461,289.984,238.524,150.198,134.084,434.48,369.325,216.174,4016.82,0.6881,0,0
624.75,0.735393,292.487,290.536,290.06,238.522,150.591,135.022,436.767,369.325,216.174,5273.21,0.687265,0,0
625.25,0.738389,292.567,290.612,290.135,238.52,150.991,135.968,439.043,369.325,216.174,5273.21,0.68643,0,0
625.75,0.741371,292.648,290.688,290.211,238.519,151.395,136.923,441.308,369.325,216.174,5273.21,0.685595,0,0
626.25,0.744339,292.737,290.764,290.287,238.519,152.414,138.048,443.562,370.751,216.268,5273.21,0.684765,0,0
626.75,0.747292,292.819,290.84,290.363,238.52,152.886,139.034,445.805,370.751,216.268,5273.21,0.683933,0,0
627.25,0.75023,292.811,290.888,290.41,238.549,148.655,149.88,448.037,370.751,216.268,3113.18,0.645857,0,0.942112
627.75,0.753153,292.887,290.962,290.484,238.546,148.301,150.841,450.257,370.751,216.268,5273.21,0.645527,0,0
628.25,0.756062,292.971,291.037,290.559,238.544,148.956,151.767,452.467,371.687,216.492,7026.68,0.645176,0,0
628.75,0.758956,293.051,291.112,290.634,238.543,149.347,152.639,454.665,371.687,216.492,7026.68,0.64482,0,0
629.25,0.761834,293.131,291.187,290.709,238.542,149.728,153.515,456.851,371.687,216.492,7026.68,0.644459,0,0
629.75,0.764698,293.142,291.234,290.756,238.562,146.978,161.36,459.027,371.687,216.492,3113.18,0.61817,0,0.656953
630.25,0.767547,293.224,291.309,290.83,238.562,147.302,162.35,461.19,372.793,216.67,7026.68,0.618134,0,0.0710655
630.75,0.770381,293.303,291.383,290.905,238.561,147.621,163.145,463.343,372.793,216.67,7026.68,0.61809,0,0.0159719
631.25,0.7732,293.349,291.453,290.975,238.575,147.385,165.391,465.484,372.793,216.67,7026.68,0.599338,0,0.50742
631.75,0.776003,293.423,291.527,291.049,238.597,145.561,169.946,467.613,372.793,216.67,5273.21,0.599525,0,0.811434
632.25,0.778791,293.504,291.601,291.122,238.591,146.057,170.739,469.731,373.374,217.031,5273.21,0.599707,0,0
632.75,0.781564,293.51,291.628,291.149,238.594,144.559,176.831,471.837,373.374,217.031,7026.68,0.580113,0,0.234535
633.25,0.784322,293.585,291.701,291.222,238.595,144.392,177.538,473.932,373.374,217.031,7026.68,0.580527,0,0.170914
633.75,0.787064,293.595,291.714,291.235,238.594,144.442,180.872,476.014,373.374,217.031,7026.68,0.570645,0,0.125586
634.25,0.78979,293.668,291.779,291.3,238.61,144.583,181.732,478.085,374.131,217.043,4016.82,0.556558,0,0.627914
634.75,0.792502,293.668,291.785,291.306,238.608,144.565,185.662,480.145,374.131,217.043,7026.68,0.558826,0,0.143742
635.25,0.795197,293.693,291.792,291.313,238.602,146.024,185.395,482.192,374.131,217.043,7026.68,0.56109,0,0.0139328
635.75,0.797877,293.723,291.805,291.326,238.599,147.369,185.333,484.228,374.131,217.043,7026.68,0.562842,0,0.0585765
636.25,0.800541,293.76,291.83,291.351,238.598,148.388,185.558,486.268,374.17,217.154,7026.68,0.563798,0,0.089082
636.75,0.80319,293.801,291.834,291.355,238.61,149.272,185.96,488.362,374.17,217.154,7026.68,0.547389,0,0.515878
637.25,0.805823,293.774,291.84,291.361,238.615,149.117,190.54,490.443,374.17,217.154,7026.68,0.549737,0,0.345678
637.75,0.80844,293.797,291.847,291.368,238.609,150.249,190.155,492.511,374.17,217.154,7026.68,0.552072,0,0
638.25,0.811041,293.82,291.853,291.374,238.603,151.61,189.853,494.568,373.928,217.255,7026.68,0.55438,0,0
638.75,0.813626,293.844,291.856,291.376,238.612,153.091,189.591,496.611,373.928,217.255,7026.68,0.542199,0,0.417539
639.25,0.816195,293.837,291.862,291.383,238.618,152.551,193.467,498.642,373.928,217.255,7026.68,0.544546,0,0.369814
639.75,0.818748,293.86,291.869,291.39,238.611,153.757,193.109,500.66,373.928,217.255,7026.68,0.546894,0,0
640.25,0.821285,293.884,291.877,291.398,238.606,155.112,192.809,502.666,373.792,217.313,7026.68,0.54922,0,0
640.75,0.823806,293.908,291.875,291.396,238.612,156.543,192.534,504.658,373.792,217.313,7026.68,0.538412,0,0.361911
641.25,0.82631,293.9,291.883,291.404,238.607,156.252,195.994,506.638,373.792,217.313,7026.68,0.540774,0,0.00605376
641.75,0.828799,293.924,291.891,291.412,238.604,157.391,195.624,508.605,373.792,217.313,7026.68,0.543129,0,0.0471389
642.25,0.831271,293.949,291.899,291.42,238.6,158.815,195.35,510.559,373.947,217.279,7026.68,0.545462,0,0.0104474
642.75,0.833727,293.973,291.888,291.409,238.61,160.207,195.071,512.501,373.947,217.279,7026.68,0.541042,0,0.438145
643.25,0.836166,293.97,291.897,291.418,238.617,161.04,196.656,514.429,373.947,217.279,7026.68,0.543363,0,0.376023
643.75,0.838589,293.995,291.907,291.428,238.611,162.15,196.308,516.344,373.947,217.279,7026.68,0.545671,0,0
644.25,0.840996,294.019,291.916,291.437,238.606,163.428,196.021,518.247,373.889,217.391,7026.68,0.547965,0,0
644.75,0.843386,294.044,291.895,291.416,238.613,164.755,195.747,520.136,373.889,217.391,7026.68,0.53737,0,0.347905
645.25,0.845759,294.021,291.906,291.427,238.619,164.88,199.06,522.012,373.889,217.391,7026.68,0.539685,0,0.378206
645.75,0.848116,294.045,291.916,291.437,238.613,165.745,198.656,523.875,373.889,217.391,7026.68,0.541992,0,0
646.25,0.850456,294.069,291.927,291.448,238.609,166.905,198.349,525.725,373.771,217.434,7026.68,0.544281,0,0
646.75,0.852779,294.095,291.91,291.431,238.614,168.158,198.067,527.562,373.771,217.434,7026.68,0.534554,0,0.306258
647.25,0.855086,294.076,291.922,291.443,238.609,168.27,201.139,529.385,373.771,217.434,7026.68,0.536867,0,0
647.75,0.857376,294.101,291.933,291.454,238.606,169.122,200.742,531.195,373.771,217.434,7026.68,0.539173,0,0.0372677
648.25,0.859649,294.127,291.941,291.462,238.613,170.38,200.472,532.992,373.982,217.383,7026.68,0.535527,0,0.338747
648.75,0.861905,294.139,291.952,291.473,238.621,170.81,201.889,534.776,373.982,217.383,7026.68,0.537833,0,0.422211
649.25,0.864144,294.164,291.964,291.484,238.615,171.911,201.565,536.546,373.982,217.383,7026.68,0.540138,0,0
649.75,0.866367,294.189,291.961,291.482,238.618,173.117,201.274,538.302,373.982,217.383,7026.68,0.530595,0,0.24983
650.25,0.868572,294.18,291.973,291.493,238.613,172.783,204.322,540.045,373.726,217.52,7026.68,0.532931,0,0
650.75,0.87076,294.204,291.984,291.505,238.609,173.677,203.934,541.775,373.726,217.52,7026.68,0.535263,0,0
651.25,0.872931,294.23,291.972,291.493,238.614,174.827,203.621,543.491,373.726,217.52,7026.68,0.533102,0,0.289163
651.75,0.875085,294.228,291.985,291.505,238.623,175.899,204.514,545.194,373.726,217.52,7026.68,0.535411,0,0.442137
652.25,0.877222,294.253,291.997,291.518,238.618,176.848,204.159,546.883,373.811,217.597,7026.68,0.537717,0,0
652.75,0.879341,294.279,291.985,291.506,238.62,177.974,203.856,548.558,373.811,217.597,7026.68,0.528896,0,0.225786
653.25,0.881443,294.265,291.998,291.519,238.615,178.027,206.671,550.22,373.811,217.597,7026.68,0.531229,0,0
653.75,0.883528,294.289,292.011,291.531,238.611,178.804,206.263,551.868,373.811,217.597,7026.68,0.533557,0,0
654.25,0.885595,294.316,291.99,291.511,238.616,180.018,205.987,553.503,374.155,217.508,7026.68,0.53202,0,0.274081
654.75,0.887646,294.309,292.004,291.525,238.625,181.343,206.655,555.123,374.155,217.508,7026.68,0.53431,0,0.441942
655.25,0.889678,294.334,292.018,291.539,238.619,182.126,206.275,556.73,374.155,217.508,7026.68,0.536594,0,0
655.75,0.891693,294.36,292.002,291.523,238.621,183.164,205.968,558.323,374.155,217.508,7026.68,0.528008,0,0.213537
656.25,0.893691,294.341,292.017,291.538,238.616,183.142,208.662,559.902,373.844,217.621,7026.68,0.53031,0,0
656.75,0.895671,294.366,292.031,291.552,238.619,183.79,208.246,561.467,373.844,217.621,7026.68,0.528485,0,0.221729
657.25,0.897634,294.384,292.045,291.566,238.615,184.164,209.138,563.019,373.844,217.621,7026.68,0.530742,0,0
657.75,0.899578,294.41,292.059,291.579,238.612,185.127,208.801,564.556,373.844,217.621,7026.68,0.533056,0,0.0216396
658.25,0.901506,294.438,292.033,291.554,238.618,186.419,208.555,566.079,374.425,217.568,7026.68,0.53175,0,0.292897
658.75,0.903415,294.427,292.049,291.569,238.627,187.869,209.127,567.589,374.425,217.568,7026.68,0.534028,0,0.442271
659.25,0.905307,294.452,292.06,291.581,238.627,188.548,208.733,569.084,374.425,217.568,7026.68,0.524817,0,0.168449
659.75,0.907181,294.454,292.074,291.595,238.622,187.869,211.744,570.565,374.425,217.568,7026.68,0.527145,0,0
660.25,0.909037,294.478,292.07,291.59,238.623,188.568,211.331,572.033,374.229,217.658,7026.68,0.526516,0,0.195795
660.75,0.910875,294.483,292.085,291.605,238.619,189.523,211.77,573.486,374.229,217.658,9270.94,0.528845,0,0
661.25,0.912695,294.508,292.089,291.609,238.622,190.323,211.39,574.925,374.229,217.658,9270.94,0.527553,0,0.213188
661.75,0.914498,294.519,292.103,291.624,238.632,190.983,212.062,576.349,374.229,217.658,9270.94,0.529881,0,0.467222
662.25,0.916282,294.544,292.104,291.625,238.63,191.826,211.697,577.76,374.24,217.786,9270.94,0.52185,0,0.126331
662.75,0.918049,294.54,292.119,291.639,238.625,191.55,214.317,579.156,374.24,217.786,9270.94,0.524224,0,0
663.25,0.919797,294.564,292.098,291.618,238.626,192.258,213.89,580.538,374.24,217.786,9270.94,0.524751,0,0.170706
663.75,0.921527,294.558,292.113,291.634,238.621,193.744,213.906,581.935,374.24,217.786,9270.94,0.527086,0,0
664.25,0.923239,294.585,292.108,291.628,238.623,194.492,213.523,583.32,374.474,217.697,9270.94,0.526475,0,0.198047
664.75,0.924934,294.589,292.123,291.644,238.634,195.44,213.943,584.691,374.474,217.697,9270.94,0.528791,0,0.471932
665.25,0.926609,294.614,292.122,291.642,238.632,196.159,213.556,586.047,374.474,217.697,9270.94,0.521036,0,0.115058
665.75,0.928267,294.608,292.137,291.658,238.627,195.939,216.074,587.388,374.474,217.697,9270.94,0.523394,0,0
666.25,0.929907,294.632,292.112,291.633,238.627,196.54,215.641,588.715,374.434,217.756,9270.94,0.524228,0,0.163715
666.75,0.931528,294.623,292.129,291.65,238.622,198.124,215.533,590.026,374.434,217.756,9270.94,0.526537,0,0
667.25,0.933131,294.649,292.121,291.642,238.625,198.667,215.11,591.323,374.434,217.756,9270.94,0.526121,0,0.193599
667.75,0.934715,294.65,292.138,291.659,238.635,199.643,215.443,592.606,374.434,217.756,9270.94,0.528413,0,0.474828
668.25,0.936281,294.676,292.135,291.656,238.633,200.234,215.046,593.873,374.387,217.866,9270.94,0.520756,0,0.111672
668.75,0.937829,294.668,292.152,291.672,238.628,200.011,217.518,595.125,374.387,217.866,9270.94,0.523093,0,0
669.25,0.939359,294.693,292.125,291.646,238.628,200.545,217.081,596.363,374.387,217.866,9270.94,0.524026,0,0.161571
669.75,0.940869,294.682,292.143,291.664,238.624,202.13,216.923,597.585,374.387,217.866,9270.94,0.526316,0,0
670.25,0.942362,294.709,292.135,291.655,238.626,202.687,216.527,598.793,374.634,217.767,9270.94,0.525968,0,0.192263
670.75,0.943836,294.71,292.153,291.673,238.637,203.661,216.827,599.985,374.634,217.767,9270.94,0.528239,0,0.476438
671.25,0.945291,294.736,292.149,291.669,238.634,204.197,216.43,601.163,374.634,217.767,9270.94,0.520623,0,0.110578
671.75,0.946728,294.726,292.166,291.686,238.633,203.968,218.874,602.325,374.634,217.767,9270.94,0.520815,0,0.114176
672.25,0.948146,294.746,292.183,291.704,238.628,204.042,219.048,603.473,374.504,217.85,9270.94,0.523115,0,0
672.75,0.949546,294.772,292.156,291.677,238.629,204.726,218.667,604.605,374.504,217.85,9270.94,0.524044,0,0.164135
673.25,0.950926,294.761,292.175,291.695,238.625,206.31,218.5,605.723,374.504,217.85,9270.94,0.526324,0,0
673.75,0.952289,294.786,292.165,291.686,238.627,206.703,218.064,606.825,374.504,217.85,9270.94,0.525977,0,0.204595
674.25,0.953632,294.787,292.184,291.704,238.639,207.748,218.384,607.912,374.783,217.836,9270.94,0.52824,0,0.489856
674.75,0.954957,294.813,292.171,291.691,238.637,208.223,217.979,608.984,374.783,217.836,9270.94,0.520772,0,0.114461
675.25,0.956263,294.796,292.189,291.71,238.631,208.186,220.324,610.04,374.783,217.836,9270.94,0.523069,0,0
675.75,0.95755,294.821,292.163,291.683,238.632,208.491,219.86,611.082,374.783,217.836,9270.94,0.523992,0,0.163805
676.25,0.958818,294.809,292.183,291.703,238.627,209.919,219.66,612.108,374.664,217.882,9270.94,0.526243,0,0
676.75,0.960068,294.834,292.173,291.694,238.629,210.208,219.219,613.119,374.664,217.882,9270.94,0.525905,0,0.194229
677.25,0.961299,294.833,292.193,291.714,238.64,211.09,219.481,614.115,374.664,217.882,9270.94,0.528145,0,0.472681
677.75,0.96251,294.859,292.185,291.705,238.638,211.467,219.069,615.096,374.664,217.882,9270.94,0.520504,0,0.11131
678.25,0.963703,294.845,292.203,291.723,238.636,211.217,221.476,616.061,374.632,217.936,9270.94,0.520668,0,0.115007
678.75,0.964877,294.865,292.221,291.741,238.635,211.201,221.63,617.011,374.632,217.936,9270.94,0.520773,0,0.117725
679.25,0.966032,294.885,292.239,291.76,238.634,211.423,221.879,617.945,374.632,217.936,9270.94,0.520886,0,0.11966
679.75,0.967168,294.906,292.257,291.778,238.63,211.674,222.148,618.864,374.632,217.936,9270.94,0.523151,0,0
680.25,0.968285,294.934,292.228,291.748,238.632,212.54,221.819,619.768,375.211,217.892,9270.94,0.5241,0,0.187397
680.75,0.969383,294.92,292.247,291.767,238.644,214.122,221.612,620.657,375.211,217.892,9270.94,0.526388,0,0.500957
681.25,0.970462,294.945,292.222,291.743,238.641,214.389,221.142,621.53,375.211,217.892,9270.94,0.519465,0,0.097856
681.75,0.971522,294.919,292.234,291.754,238.639,214.582,223.245,622.387,375.211,217.892,9270.94,0.520042,0,0.107629
682.25,0.972563,294.932,292.248,291.769,238.637,214.491,223.167,623.229,374.914,217.962,9270.94,0.520377,0,0.113853
682.75,0.973584,294.949,292.264,291.785,238.637,214.708,223.291,624.056,374.914,217.962,9270.94,0.520574,0,0.118024
683.25,0.974587,294.968,292.281,291.802,238.636,214.93,223.482,624.867,374.914,217.962,9270.94,0.520693,0,0.120986
683.75,0.97557,294.987,292.291,291.812,238.666,215.148,223.709,625.663,374.914,217.962,5273.21,0.505581,0,1.09971
684.25,0.976535,294.97,292.26,291.781,238.673,213.03,228.335,626.443,374.446,218.188,7026.68,0.508908,0,0.523372
684.75,0.97748,294.957,292.232,291.752,238.663,214.534,227.267,627.208,374.446,218.188,7026.68,0.512176,0,0
685.25,0.978405,294.945,292.205,291.725,238.655,215.946,226.229,627.957,374.446,218.188,7026.68,0.515373,0,0.0331281
685.75,0.979312,294.934,292.193,291.714,238.649,217.278,225.219,628.69,374.446,218.188,7026.68,0.517622,0,0.0672515
686.25,0.980199,294.932,292.196,291.716,238.645,218.004,224.536,629.408,374.2,218.11,7026.68,0.518933,0,0.0877597
686.75,0.981068,294.94,292.206,291.727,238.642,218.43,224.247,630.111,374.2,218.11,7026.68,0.519695,0,0.100305
687.25,0.981916,294.953,292.221,291.741,238.64,218.687,224.19,630.798,374.2,218.11,7026.68,0.520139,0,0.108222
687.75,0.982746,294.97,292.238,291.758,238.639,218.86,224.267,631.469,374.2,218.11,7026.68,0.520398,0,0.113441
688.25,0.983556,294.991,292.249,291.77,238.663,219.177,224.472,632.124,374.624,218.059,5273.21,0.498441,0,0.932993
688.75,0.984347,294.963,292.221,291.742,238.673,216.134,231.145,632.764,374.624,218.059,7026.68,0.501695,0,0.61536
689.25,0.985119,294.951,292.196,291.716,238.663,217.382,230.063,633.389,374.624,218.059,7026.68,0.504901,0,0
689.75,0.985871,294.94,292.172,291.692,238.654,218.634,229.031,633.997,374.624,218.059,7026.68,0.508042,0,0
690.25,0.986604,294.925,292.15,291.67,238.646,219.332,227.896,634.59,373.485,218.182,7026.68,0.511114,0,0
690.75,0.987317,294.917,292.13,291.65,238.64,220.412,226.911,635.167,373.485,218.182,7026.68,0.514128,0,0.0089186
691.25,0.988011,294.909,292.114,291.635,238.635,221.488,225.967,635.729,373.485,218.182,7026.68,0.51685,0,0.0499676
691.75,0.988686,294.905,292.116,291.637,238.633,222.409,225.137,636.275,373.485,218.182,7026.68,0.518434,0,0.0745476
692.25,0.989341,294.913,292.128,291.648,238.631,222.891,224.77,636.805,373.743,218.024,7026.68,0.51936,0,0.0896384
692.75,0.989977,294.927,292.144,291.665,238.63,223.06,224.645,637.319,373.743,218.024,7026.68,0.519901,0,0.0991535
693.25,0.990593,294.944,292.164,291.684,238.629,223.113,224.679,637.818,373.743,218.024,7026.68,0.520218,0,0.113483
693.75,0.99119,294.964,292.169,291.689,238.655,223.118,224.807,638.301,373.743,218.024,5273.21,0.499804,0,0.966386
694.25,0.991767,294.931,292.148,291.668,238.666,220.154,230.886,638.768,373.257,218.18,7026.68,0.502875,0,0.595467
694.75,0.992325,294.923,292.128,291.649,238.656,221.084,229.86,639.219,373.257,218.18,7026.68,0.505899,0,0
695.25,0.992863,294.915,292.11,291.63,238.648,222.102,228.9,639.655,373.257,218.18,7026.68,0.508871,0,0
695.75,0.993382,294.909,292.093,291.614,238.641,223.085,227.966,640.075,373.257,218.18,7026.68,0.511792,0,0
696.25,0.993882,294.903,292.077,291.598,238.635,223.996,227.045,640.479,373.176,218.108,7026.68,0.514673,0,0.0139469
696.75,0.994361,294.898,292.068,291.589,238.631,224.903,226.153,640.867,373.176,218.108,7026.68,0.517136,0,0.051278
697.25,0.994822,294.897,292.074,291.595,238.629,225.596,225.42,641.24,373.176,218.108,7026.68,0.518571,0,0.0737912
697.75,0.995262,294.906,292.089,291.61,238.627,225.81,225.076,641.596,373.176,218.108,7026.68,0.519409,0,0.0877042
698.25,0.995684,294.924,292.108,291.629,238.626,226.006,225.027,641.937,373.584,218.01,7026.68,0.519903,0,0.0966586
698.75,0.996085,294.942,292.13,291.65,238.626,225.958,225.077,642.262,373.584,218.01,7026.68,0.520195,0,0.102654
699.25,0.996467,294.962,292.143,291.664,238.652,225.853,225.207,642.571,373.584,218.01,5273.21,0.499475,0,0.956262
699.75,0.99683,294.937,292.124,291.645,238.663,222.804,231.45,642.864,373.584,218.01,7026.68,0.502488,0,0.595838
700.25,0.997173,294.925,292.107,291.627,238.654,223.331,230.353,643.142,372.779,218.282,7026.68,0.505457,0,0
700.75,0.997496,294.918,292.09,291.611,238.646,224.201,229.394,643.404,372.779,218.282,7026.68,0.508377,0,0
701.25,0.9978,294.912,292.075,291.596,238.639,225.063,228.466,643.649,372.779,218.282,7026.68,0.511251,0,0
701.75,0.998084,294.907,292.061,291.582,238.633,225.89,227.559,643.879,372.779,218.282,7026.68,0.514082,0,0.00381418
702.25,0.998348,294.904,292.05,291.57,238.629,226.812,226.713,644.093,373.091,218.069,7026.68,0.516774,0,0.0444668
702.75,0.998593,294.901,292.055,291.576,238.627,227.541,225.885,644.291,373.091,218.069,7026.68,0.518343,0,0.0689483
703.25,0.998818,294.909,292.07,291.59,238.626,227.705,225.471,644.473,373.091,218.069,7026.68,0.519259,0,0.0840466
703.75,0.999024,294.923,292.089,291.61,238.625,227.651,225.324,644.64,373.091,218.069,7026.68,0.519797,0,0.0936768
704.25,0.99921,294.943,292.111,291.632,238.625,227.707,225.391,644.79,373.586,218.01,7026.68,0.520118,0,0.10016
704.75,0.999376,294.963,292.129,291.649,238.65,227.529,225.497,644.925,373.586,218.01,5273.21,0.499326,0,0.938458
705.25,0.999523,294.94,292.111,291.631,238.662,224.295,231.757,645.044,373.586,218.01,7026.68,0.502299,0,0.60089
705.75,0.99965,294.932,292.094,291.615,238.652,225.073,230.759,645.146,373.586,218.01,7026.68,0.505242,0,0
706.25,0.999758,294.921,292.079,291.6,238.644,225.517,229.701,645.233,372.739,218.222,7026.68,0.508132,0,0
706.75,0.999845,294.915,292.065,291.586,238.638,226.24,228.756,645.304,372.739,218.222,7026.68,0.510979,0,0
707.25,0.999913,294.909,292.052,291.573,238.632,226.957,227.84,645.36,372.739,218.222,7026.68,0.513785,0,0
707.75,0.999962,294.904,292.04,291.56,238.628,227.645,226.942,645.399,372.739,218.222,7026.68,0.516552,0,0.0404074
708.25,0.999991,294.902,292.044,291.565,238.626,228.445,226.105,645.422,373.079,218.042,7026.68,0.518206,0,0.0661286
