hour,mu0,ground_k,air_k,air_300m_k,column_mean_k,sensible_w_m2,latent_w_m2,sw_ground_w_m2,lw_down_w_m2,olr_w_m2,mixed_layer_m,rh_ground,dew_kg_m2,condensed_kg_m2
0.25,0.999998,298.785,294.407,293.923,238.943,362.344,4.14325,645.428,379.703,221.91,12021.5,0.384959,0,0.00735415
0.75,0.999978,298.789,294.409,293.926,238.943,362.583,4.14459,645.412,379.703,221.91,12021.5,0.384963,0,0.00747531
1.25,0.999939,298.792,294.411,293.928,238.943,362.701,4.1455,645.38,379.703,221.91,12021.5,0.384966,0,0.00757606
1.75,0.99988,298.795,294.413,293.93,238.944,362.768,4.14622,645.332,379.703,221.91,12021.5,0.384969,0,0.00767158
2.25,0.999801,298.798,294.415,293.932,238.944,362.838,4.14694,645.269,379.769,221.913,12021.5,0.384972,0,0.00776735
2.75,0.999703,298.8,294.417,293.934,238.944,362.86,4.14748,645.189,379.769,221.913,12021.5,0.384976,0,0.00786496
3.25,0.999585,298.802,294.419,293.936,238.945,362.863,4.14794,645.094,379.769,221.913,12021.5,0.384979,0,0.00796561
3.75,0.999447,298.804,294.421,293.938,238.945,362.851,4.14835,644.983,379.769,221.913,12021.5,0.384982,0,0.00806932
4.25,0.99929,298.806,294.423,293.94,238.945,362.858,4.14881,644.855,379.833,221.918,12021.5,0.384986,0,0.00817398
4.75,0.999113,298.807,294.425,293.942,238.945,362.825,4.14912,644.712,379.833,221.918,12021.5,0.384989,0,0.00828162
5.25,0.998917,298.809,294.427,293.944,238.946,362.779,4.14937,644.553,379.833,221.918,12021.5,0.384993,0,0.00839224
5.75,0.998701,298.81,294.429,293.946,238.946,362.722,4.14957,644.379,379.833,221.918,12021.5,0.384996,0,0.00850544
6.25,0.998465,298.812,294.431,293.948,238.946,362.682,4.14983,644.188,379.892,221.92,12021.5,0.385,0,0.00862049
6.75,0.99821,298.813,294.433,293.949,238.947,362.607,4.14995,643.981,379.892,221.92,12021.5,0.385004,0,0.00873732
7.25,0.997935,298.813,294.435,293.951,238.947,362.519,4.15001,643.759,379.892,221.92,12021.5,0.385008,0,0.00885625
7.75,0.997641,298.814,294.436,293.953,238.947,362.42,4.15003,643.521,379.892,221.92,12021.5,0.385012,0,0.0089771
8.25,0.997327,298.815,294.438,293.955,238.947,362.339,4.15009,643.266,379.947,221.921,12021.5,0.385015,0,0.00910059
8.75,0.996993,298.815,294.44,293.956,238.948,362.224,4.15003,642.996,379.947,221.921,12021.5,0.385019,0,0.00922494
9.25,0.99664,298.816,294.441,293.958,238.948,362.096,4.14991,642.711,379.947,221.921,12021.5,0.385023,0,0.00935076
9.75,0.996267,298.816,294.443,293.959,238.948,361.959,4.14975,642.409,379.947,221.921,12021.5,0.385027,0,0.00947806
10.25,0.995874,298.816,294.444,293.961,238.948,361.836,4.14962,642.091,379.998,221.921,12021.5,0.385032,0,0.00960889
10.75,0.995462,298.816,294.446,293.962,238.948,361.682,4.14937,641.758,379.998,221.921,12021.5,0.385036,0,0.00973984
11.25,0.995031,298.815,294.447,293.964,238.949,361.516,4.14908,641.409,379.998,221.921,12021.5,0.38504,0,0.00987174
11.75,0.994579,298.815,294.449,293.965,238.949,361.341,4.14873,641.044,379.998,221.921,12021.5,0.385044,0,0.0100048
12.25,0.994109,298.815,294.45,293.967,238.949,361.178,4.14841,640.663,380.044,221.919,12021.5,0.385048,0,0.0101423
12.75,0.993619,298.814,294.451,293.968,238.949,360.986,4.14799,640.266,380.044,221.919,12021.5,0.385052,0,0.0102792
13.25,0.993109,298.813,294.453,293.969,238.949,360.782,4.14751,639.854,380.044,221.919,12021.5,0.385057,0,0.0104166
13.75,0.99258,298.812,294.454,293.971,238.95,360.568,4.14699,639.425,380.044,221.919,12021.5,0.385061,0,0.0105549
14.25,0.992031,298.811,294.455,293.972,238.95,360.366,4.14648,638.981,380.085,221.916,12021.5,0.385065,0,0.0106986
14.75,0.991463,298.81,294.456,293.973,238.95,360.135,4.14588,638.522,380.085,221.916,12021.5,0.38507,0,0.010841
15.25,0.990875,298.808,294.457,293.974,238.95,359.894,4.14522,638.046,380.085,221.916,12021.5,0.385074,0,0.0109835
15.75,0.990268,298.807,294.458,293.975,238.95,359.643,4.14452,637.555,380.085,221.916,12021.5,0.385079,0,0.0111265
16.25,0.989641,298.805,294.459,293.976,238.95,359.4,4.14382,637.048,380.121,221.911,12021.5,0.385083,0,0.011276
16.75,0.988995,298.803,294.46,293.977,238.95,359.132,4.14304,636.525,380.121,221.911,12021.5,0.385088,0,0.0114236
17.25,0.988329,298.801,294.461,293.978,238.95,358.853,4.1422,635.987,380.121,221.911,12021.5,0.385092,0,0.0115707
17.75,0.987644,298.799,294.462,293.979,238.951,358.565,4.14132,635.432,380.121,221.911,12021.5,0.385097,0,0.0117182
18.25,0.98694,298.797,294.463,293.98,238.951,358.283,4.14043,634.862,380.152,221.904,12021.5,0.385101,0,0.011873
18.75,0.986216,298.794,294.464,293.98,238.951,357.978,4.13947,634.277,380.152,221.904,12021.5,0.385106,0,0.0120254
19.25,0.985473,298.791,294.464,293.981,238.951,357.662,4.13845,633.675,380.152,221.904,12021.5,0.385111,0,0.0121769
19.75,0.984711,298.789,294.465,293.982,238.951,357.336,4.13739,633.059,380.152,221.904,12021.5,0.385115,0,0.0123284
20.25,0.983929,298.786,294.466,293.982,238.951,357.015,4.13631,632.426,380.177,221.896,12021.5,0.38512,0,0.0124883
20.75,0.983128,298.783,294.466,293.983,238.951,356.672,4.13516,631.778,380.177,221.896,12021.5,0.385125,0,0.0126451
21.25,0.982307,298.78,294.467,293.984,238.951,356.319,4.13397,631.114,380.177,221.896,12021.5,0.385129,0,0.0128007
21.75,0.981467,298.776,294.467,293.984,238.951,355.957,4.13273,630.434,380.177,221.896,12021.5,0.385134,0,0.0129559
22.25,0.980608,298.773,294.468,293.985,238.951,355.596,4.13145,629.739,380.197,221.886,12021.5,0.385139,0,0.0131206
22.75,0.97973,298.769,294.468,293.985,238.951,355.216,4.13013,629.028,380.197,221.886,12021.5,0.385144,0,0.0132815
23.25,0.978832,298.765,294.469,293.985,238.951,354.826,4.12876,628.302,380.197,221.886,12021.5,0.385149,0,0.0134408
23.75,0.977916,298.761,294.469,293.986,238.951,354.427,4.12734,627.56,380.197,221.886,12021.5,0.385153,0,0.0135998
24.25,0.97698,298.757,294.469,293.986,238.951,354.028,4.12587,626.803,380.21,221.875,12021.5,0.385158,0,0.0137688
24.75,0.976024,298.753,294.469,293.986,238.951,353.611,4.12436,626.03,380.21,221.875,12021.5,0.385163,0,0.0139335
25.25,0.97505,298.748,294.47,293.986,238.951,353.184,4.12281,625.242,380.21,221.875,12021.5,0.385168,0,0.0140961
25.75,0.974056,298.744,294.47,293.986,238.951,352.748,4.12121,624.438,380.21,221.875,12021.5,0.385173,0,0.0142581
26.25,0.973044,298.739,294.47,293.986,238.951,352.309,4.11954,623.618,380.218,221.862,12021.5,0.385178,0,0.0144314
26.75,0.972012,298.734,294.47,293.986,238.951,351.856,4.11786,622.783,380.218,221.862,12021.5,0.385183,0,0.0145998
27.25,0.970961,298.729,294.47,293.986,238.951,351.392,4.11612,621.933,380.218,221.862,12021.5,0.385188,0,0.0147657
27.75,0.969891,298.724,294.47,293.986,238.951,350.92,4.11435,621.067,380.218,221.862,12021.5,0.385193,0,0.0149306
28.25,0.968802,298.719,294.469,293.986,238.951,350.442,4.11249,620.186,380.22,221.848,12021.5,0.385198,0,0.0151078
28.75,0.967694,298.713,294.469,293.986,238.951,349.952,4.11062,619.29,380.22,221.848,12021.5,0.385203,0,0.0152795
29.25,0.966567,298.708,294.469,293.986,238.95,349.452,4.1087,618.378,380.22,221.848,12021.5,0.385208,0,0.0154483
29.75,0.965421,298.702,294.469,293.985,238.95,348.944,4.10675,617.45,380.22,221.848,12021.5,0.385213,0,0.0156159
30.25,0.964255,298.696,294.468,293.985,238.95,348.427,4.1047,616.508,380.216,221.831,12021.5,0.385218,0,0.0157968
30.75,0.963071,298.69,294.468,293.984,238.95,347.9,4.10265,615.55,380.216,221.831,12021.5,0.385223,0,0.0159716
31.25,0.961869,298.684,294.467,293.984,238.95,347.364,4.10055,614.576,380.216,221.831,12021.5,0.385228,0,0.0161431
31.75,0.960647,298.677,294.467,293.983,238.95,346.82,4.09842,613.588,380.216,221.831,12021.5,0.385233,0,0.016313
32.25,0.959406,298.671,294.466,293.983,238.95,346.264,4.09617,612.584,380.206,221.814,12021.5,0.385239,0,0.0164974
32.75,0.958146,298.664,294.466,293.982,238.95,345.7,4.09394,611.564,380.206,221.814,12021.5,0.385244,0,0.016675
33.25,0.956868,298.657,294.465,293.982,238.949,345.129,4.09167,610.53,380.206,221.814,12021.5,0.385249,0,0.016849
33.75,0.955571,298.65,294.464,293.981,238.949,344.548,4.08935,609.48,380.206,221.814,12021.5,0.385254,0,0.0170211
34.25,0.954255,298.643,294.463,293.98,238.949,343.954,4.08692,608.416,380.189,221.795,12021.5,0.385259,0,0.0172087
34.75,0.95292,298.636,294.463,293.979,238.949,343.354,4.0845,607.336,380.189,221.795,12021.5,0.385265,0,0.017389
35.25,0.951567,298.628,294.462,293.978,238.949,342.746,4.08205,606.241,380.189,221.795,12021.5,0.38527,0,0.0175652
35.75,0.950195,298.621,294.461,293.977,238.948,342.13,4.07956,605.13,380.189,221.795,12021.5,0.385275,0,0.0177393
36.25,0.948804,298.613,294.46,293.976,238.948,341.497,4.07693,604.005,380.166,221.774,12021.5,0.38528,0,0.0179298
36.75,0.947394,298.605,294.459,293.975,238.948,340.861,4.07434,602.865,380.166,221.774,12021.5,0.385285,0,0.0181125
37.25,0.945966,298.597,294.458,293.974,238.948,340.218,4.07171,601.709,380.166,221.774,12021.5,0.385291,0,0.0182907
37.75,0.94452,298.588,294.456,293.973,238.947,339.566,4.06904,600.539,380.166,221.774,12021.5,0.385296,0,0.0184666
38.25,0.943054,298.58,294.455,293.972,238.947,338.895,4.06621,599.353,380.136,221.751,12021.5,0.385301,0,0.01866
38.75,0.941571,298.571,294.454,293.971,238.947,338.223,4.06344,598.152,380.136,221.751,12021.5,0.385306,0,0.0188448
39.25,0.940068,298.563,294.453,293.969,238.947,337.544,4.06064,596.937,380.136,221.751,12021.5,0.385312,0,0.0190248
39.75,0.938548,298.554,294.451,293.968,238.946,336.857,4.05779,595.707,380.136,221.751,12021.5,0.385317,0,0.0192025
40.25,0.937009,298.545,294.45,293.966,238.946,336.147,4.05477,594.461,380.1,221.727,12021.5,0.385322,0,0.0193983
40.75,0.935451,298.535,294.448,293.965,238.946,335.439,4.05183,593.201,380.1,221.727,12021.5,0.385328,0,0.019585
41.25,0.933875,298.526,294.447,293.963,238.945,334.725,4.04884,591.926,380.1,221.727,12021.5,0.385333,0,0.0197667
41.75,0.932281,298.517,294.445,293.962,238.945,334.003,4.04582,590.636,380.1,221.727,12021.5,0.385338,0,0.0199455
42.25,0.930668,298.507,294.443,293.96,238.945,333.255,4.04261,589.331,380.057,221.701,12021.5,0.385344,0,0.0201438
42.75,0.929037,298.497,294.442,293.958,238.944,332.512,4.03949,588.011,380.057,221.701,12021.5,0.385349,0,0.0203324
43.25,0.927388,298.487,294.44,293.957,238.944,331.762,4.03633,586.677,380.057,221.701,12021.5,0.385354,0,0.0205155
43.75,0.925721,298.477,294.438,293.955,238.944,331.005,4.03313,585.328,380.057,221.701,12021.5,0.385359,0,0.0206955
44.25,0.924035,298.467,294.436,293.953,238.943,330.219,4.02973,583.964,380.008,221.674,12021.5,0.385365,0,0.020896
44.75,0.922331,298.456,294.434,293.951,238.943,329.44,4.02643,582.585,380.008,221.674,12021.5,0.38537,0,0.0210862
45.25,0.92061,298.446,294.432,293.949,238.942,328.656,4.02309,581.192,380.008,221.674,12021.5,0.385375,0,0.0212706
45.75,0.91887,298.435,294.43,293.947,238.942,327.874,4.01976,579.805,380.008,221.674,12021.5,0.385381,0,0.0214504
46.25,0.917112,298.424,294.428,293.945,238.942,327.067,4.01624,578.416,379.951,221.645,12021.5,0.385386,0,0.02165
46.75,0.915336,298.413,294.426,293.942,238.941,326.272,4.01283,577.012,379.951,221.645,12021.5,0.385391,0,0.0218379
47.25,0.913542,298.402,294.423,293.94,238.941,325.471,4.00939,575.594,379.951,221.645,12021.5,0.385397,0,0.022019
47.75,0.91173,298.391,294.421,293.938,238.94,324.663,4.00591,574.161,379.951,221.645,12021.5,0.385402,0,0.0221962
48.25,0.9099,298.38,294.419,293.936,238.94,323.821,4.00222,572.715,379.889,221.615,12021.5,0.385407,0,0.0223952
48.75,0.908052,298.368,294.416,293.933,238.939,322.992,3.99864,571.254,379.889,221.615,12021.5,0.385412,0,0.0225829
49.25,0.906187,298.357,294.414,293.931,238.939,322.158,3.99503,569.78,379.889,221.615,12021.5,0.385417,0,0.022764
49.75,0.904303,298.345,294.411,293.928,238.938,321.317,3.99139,568.291,379.889,221.615,12021.5,0.385422,0,0.0229416
50.25,0.902402,298.333,294.409,293.926,238.938,320.438,3.98751,566.788,379.819,221.583,12021.5,0.385428,0,0.0231418
50.75,0.900483,298.321,294.406,293.923,238.938,319.575,3.98377,565.271,379.819,221.583,12021.5,0.385433,0,0.0233304
51.25,0.898547,298.309,294.404,293.92,238.937,318.708,3.97999,563.74,379.819,221.583,12021.5,0.385438,0,0.0235121
51.75,0.896592,298.296,294.401,293.918,238.936,317.833,3.97619,562.195,379.819,221.583,12021.5,0.385443,0,0.0236901
52.25,0.89462,298.284,294.398,293.915,238.936,316.918,3.97213,560.637,379.743,221.55,12021.5,0.385449,0,0.0238918
52.75,0.892631,298.271,294.395,293.912,238.935,316.022,3.96821,559.064,379.743,221.55,12021.5,0.385454,0,0.0240814
53.25,0.890624,298.258,294.392,293.909,238.935,315.122,3.96428,557.478,379.743,221.55,12021.5,0.385459,0,0.0242638
53.75,0.8886,298.245,294.389,293.906,238.934,314.213,3.96031,555.877,379.743,221.55,12021.5,0.385464,0,0.0244421
54.25,0.886558,298.232,294.386,293.903,238.934,313.263,3.95607,554.263,379.66,221.515,12021.5,0.38547,0,0.0246452
54.75,0.884498,298.219,294.383,293.9,238.933,312.333,3.95199,552.635,379.66,221.515,12021.5,0.385475,0,0.0248357
55.25,0.882422,298.205,294.38,293.897,238.933,311.399,3.94789,550.994,379.66,221.515,12021.5,0.38548,0,0.0250185
55.75,0.880328,298.192,294.377,293.894,238.932,310.458,3.94375,549.338,379.66,221.515,12021.5,0.385485,0,0.025197
56.25,0.878216,298.178,294.374,293.89,238.931,309.471,3.93934,547.669,379.571,221.478,12021.5,0.385491,0,0.0254013
56.75,0.876088,298.164,294.37,293.887,238.931,308.508,3.93509,545.987,379.571,221.478,12021.5,0.385496,0,0.0255925
57.25,0.873942,298.15,294.367,293.884,238.93,307.542,3.93083,544.29,379.571,221.478,12021.5,0.385501,0,0.0257756
57.75,0.871779,298.136,294.364,293.88,238.929,306.568,3.92653,542.581,379.571,221.478,12021.5,0.385506,0,0.0259544
58.25,0.869599,298.121,294.36,293.877,238.929,305.545,3.92194,540.857,379.474,221.439,12021.5,0.385512,0,0.0261596
58.75,0.867401,298.106,294.357,293.873,238.928,304.549,3.91753,539.12,379.474,221.439,12021.5,0.385517,0,0.0263513
59.25,0.865187,298.092,294.353,293.87,238.928,303.55,3.91311,537.37,379.474,221.439,12021.5,0.385522,0,0.0265346
59.75,0.862956,298.077,294.349,293.866,238.927,302.544,3.90865,535.606,379.474,221.439,12021.5,0.385527,0,0.0267132
60.25,0.860708,298.062,294.346,293.862,238.926,301.486,3.90389,533.829,379.371,221.399,12021.5,0.385533,0,0.0269194
60.75,0.858443,298.047,294.342,293.859,238.925,300.457,3.89932,532.038,379.371,221.399,12021.5,0.385538,0,0.0271115
61.25,0.856161,298.031,294.338,293.855,238.925,299.425,3.89473,530.235,379.371,221.399,12021.5,0.385543,0,0.0272949
61.75,0.853862,298.016,294.334,293.851,238.924,298.386,3.89012,528.417,379.371,221.399,12021.5,0.385548,0,0.0274733
62.25,0.851546,298,294.33,293.847,238.923,297.293,3.88518,526.587,379.261,221.358,12021.5,0.385554,0,0.0276803
62.75,0.849214,297.984,294.326,293.843,238.923,296.232,3.88045,524.743,379.261,221.358,12021.5,0.385559,0,0.0278726
63.25,0.846865,297.969,294.322,293.839,238.922,295.168,3.87571,522.886,379.261,221.358,12021.5,0.385564,0,0.0280559
63.75,0.844499,297.953,294.318,293.835,238.921,294.097,3.87094,521.016,379.261,221.358,12021.5,0.385569,0,0.0282341
64.25,0.842117,297.936,294.314,293.831,238.92,292.969,3.86583,519.133,379.145,221.315,12021.5,0.385574,0,0.0284415
64.75,0.839718,297.92,294.31,293.826,238.92,291.875,3.86094,517.237,379.145,221.315,12021.5,0.38558,0,0.0286339
65.25,0.837303,297.903,294.305,293.822,238.919,290.779,3.85605,515.328,379.145,221.315,12021.5,0.385585,0,0.028817
65.75,0.834871,297.887,294.301,293.818,238.918,289.677,3.85112,513.405,379.145,221.315,12021.5,0.38559,0,0.0289947
66.25,0.832423,297.869,294.296,293.813,238.917,288.514,3.84584,511.47,379.021,221.27,12021.5,0.385595,0,0.0292027
66.75,0.829959,297.852,294.292,293.809,238.916,287.388,3.8408,509.522,379.021,221.27,12021.5,0.385601,0,0.0293951
67.25,0.827478,297.835,294.288,293.804,238.916,286.26,3.83575,507.561,379.021,221.27,12021.5,0.385605,0,0.0295778
67.75,0.824981,297.818,294.283,293.8,238.915,285.126,3.83067,505.587,379.021,221.27,12021.5,0.38561,0,0.0297549
68.25,0.822467,297.8,294.278,293.795,238.914,283.929,3.82522,503.6,378.891,221.223,12021.5,0.385616,0,0.0299633
68.75,0.819938,297.783,294.274,293.791,238.913,282.771,3.82003,501.601,378.891,221.223,12021.5,0.385621,0,0.0301556
69.25,0.817392,297.765,294.269,293.786,238.912,281.612,3.81483,499.589,378.891,221.223,12021.5,0.385626,0,0.0303377
69.75,0.814831,297.748,294.264,293.781,238.911,280.447,3.80959,497.564,378.891,221.223,12021.5,0.385631,0,0.0305141
70.25,0.812253,297.729,294.259,293.776,238.911,279.215,3.80399,495.526,378.754,221.175,12021.5,0.385637,0,0.0307227
70.75,0.80966,297.711,294.254,293.771,238.91,278.025,3.79864,493.476,378.754,221.175,12021.5,0.385642,0,0.0309146
71.25,0.80705,297.692,294.249,293.766,238.909,276.836,3.79329,491.413,378.754,221.175,12021.5,0.385647,0,0.0310962
71.75,0.804425,297.674,294.244,293.761,238.908,275.639,3.7879,489.338,378.754,221.175,12021.5,0.385651,0,0.0312718
72.25,0.801784,297.655,294.239,293.756,238.907,274.373,3.78213,487.25,378.61,221.125,12021.5,0.385657,0,0.0314805
72.75,0.799127,297.636,294.234,293.751,238.906,273.166,3.77668,485.177,378.61,221.125,12021.5,0.385662,0,0.0316705
73.25,0.796454,297.618,294.229,293.746,238.905,271.987,3.77133,483.147,378.61,221.125,12021.5,0.385667,0,0.0318455
73.75,0.793766,297.6,294.224,293.741,238.904,270.806,3.76597,481.105,378.61,221.125,12021.5,0.385671,0,0.0320113
74.25,0.791062,297.58,294.218,293.735,238.903,269.553,3.76022,479.051,378.46,221.074,12021.5,0.385677,0,0.0322088
74.75,0.788343,297.561,294.213,293.73,238.902,268.349,3.75475,476.986,378.46,221.074,12021.5,0.385682,0,0.0323881
75.25,0.785608,297.542,294.207,293.724,238.901,267.146,3.74928,474.908,378.46,221.074,12021.5,0.385686,0,0.0325559
75.75,0.782857,297.524,294.202,293.719,238.9,265.937,3.74379,472.819,378.46,221.074,12021.5,0.38569,0,0.0327171
76.25,0.780092,297.503,294.196,293.713,238.899,264.653,3.73789,470.719,378.303,221.022,12021.5,0.385696,0,0.0329117
76.75,0.777311,297.484,294.191,293.708,238.898,263.421,3.73229,468.606,378.303,221.022,12021.5,0.3857,0,0.033089
77.25,0.774514,297.465,294.185,293.702,238.897,262.19,3.72669,466.482,378.303,221.022,12021.5,0.385705,0,0.0332551
77.75,0.771703,297.445,294.179,293.697,238.896,260.953,3.72106,464.347,378.303,221.022,12021.5,0.385709,0,0.0334149
78.25,0.768876,297.424,294.174,293.691,238.895,259.637,3.71502,462.2,378.14,220.968,12021.5,0.385714,0,0.0336091
78.75,0.766034,297.405,294.168,293.685,238.894,258.376,3.70928,460.041,378.14,220.968,12021.5,0.385719,0,0.0337857
79.25,0.763178,297.385,294.162,293.679,238.893,257.116,3.70355,457.871,378.14,220.968,12021.5,0.385724,0,0.0339509
79.75,0.760306,297.365,294.156,293.673,238.892,255.851,3.69779,455.69,378.14,220.968,12021.5,0.385728,0,0.0341098
80.25,0.757419,297.343,294.15,293.667,238.891,254.504,3.6916,453.497,377.971,220.913,12021.5,0.385733,0,0.0343037
80.75,0.754517,297.323,294.144,293.661,238.89,253.214,3.68573,451.293,377.971,220.913,12021.5,0.385738,0,0.0344796
81.25,0.751601,297.302,294.138,293.655,238.889,251.926,3.67986,449.078,377.971,220.913,12021.5,0.385742,0,0.0346437
81.75,0.74867,297.282,294.132,293.649,238.888,250.633,3.67397,446.852,377.971,220.913,12021.5,0.385747,0,0.0348008
82.25,0.745724,297.26,294.126,293.643,238.887,249.255,3.66764,444.614,377.795,220.856,12021.5,0.385752,0,0.0349926
82.75,0.742763,297.239,294.12,293.637,238.886,247.936,3.66164,442.365,377.795,220.856,12021.5,0.385759,0,0.0351587
83.25,0.739788,297.218,294.113,293.63,238.883,246.62,3.65564,440.106,377.795,220.856,12021.5,0.386047,0,0.00484083
83.75,0.736798,297.196,294.1,293.617,238.883,245.3,3.64834,437.835,377.795,220.856,12021.5,0.38615,0,0.048264
84.25,0.733794,297.168,294.093,293.611,238.881,244.034,3.64055,435.553,377.599,220.794,12021.5,0.386447,0,0
84.75,0.730775,297.146,294.082,293.599,238.88,242.627,3.63289,433.26,377.599,220.794,12021.5,0.386443,0,0.0579702
85.25,0.727742,297.12,294.075,293.593,238.878,241.372,3.62615,430.956,377.599,220.794,12021.5,0.386745,0,0
85.75,0.724695,297.098,294.066,293.584,238.878,239.979,3.61847,428.642,377.599,220.794,12021.5,0.386616,0,0.0637003
86.25,0.721633,297.072,294.059,293.576,238.875,238.568,3.61207,426.316,377.398,220.723,12021.5,0.386927,0,0
86.75,0.718558,297.05,294.052,293.569,238.875,237.173,3.60428,423.98,377.398,220.723,12021.5,0.386726,0,0.0672834
87.25,0.715468,297.026,294.044,293.561,238.873,235.806,3.59878,421.633,377.398,220.723,12021.5,0.387043,0,0
87.75,0.712364,297.003,294.036,293.554,238.871,234.43,3.59096,419.276,377.398,220.723,12021.5,0.387366,0,0.00890122
88.25,0.709246,296.979,294.024,293.542,238.871,232.986,3.58272,416.907,377.246,220.642,12021.5,0.387142,0,0.0810683
88.75,0.706114,296.952,294.016,293.534,238.869,231.68,3.5767,414.529,377.246,220.642,12021.5,0.387472,0,0
89.25,0.702968,296.928,294.008,293.526,238.866,230.253,3.56858,412.139,377.246,220.642,12021.5,0.387806,0,0
89.75,0.699809,296.904,293.998,293.515,238.867,228.851,3.56052,409.739,377.246,220.642,12021.5,0.38751,0,0.0931552
90.25,0.696636,296.876,293.99,293.507,238.865,227.373,3.55438,407.329,376.984,220.584,12021.5,0.387851,0,0
90.75,0.693449,296.851,293.981,293.498,238.862,225.928,3.54607,404.908,376.984,220.584,12021.5,0.388197,0,0
91.25,0.690248,296.826,293.972,293.49,238.86,224.508,3.53781,402.477,376.984,220.584,12021.5,0.388546,0,0.0155388
91.75,0.687034,296.801,293.962,293.48,238.861,223.087,3.52951,400.036,376.984,220.584,12021.5,0.388009,0,0.109464
92.25,0.683806,296.774,293.953,293.471,238.859,221.59,3.52445,397.584,376.77,220.51,12021.5,0.388365,0,0
92.75,0.680565,296.748,293.944,293.461,238.857,220.134,3.51594,395.123,376.77,220.51,12021.5,0.388726,0,0
93.25,0.677311,296.722,293.934,293.452,238.854,218.693,3.50744,392.651,376.77,220.51,12021.5,0.38909,0,0.00112921
93.75,0.674043,296.697,293.925,293.442,238.853,217.25,3.4989,390.169,376.77,220.51,12021.5,0.389457,0,0.0260714
94.25,0.670762,296.669,293.915,293.433,238.85,215.741,3.48994,387.677,376.626,220.41,12021.5,0.38983,0,0.00605992
94.75,0.667468,296.643,293.902,293.42,238.853,214.279,3.48124,385.175,376.626,220.41,12021.5,0.389043,0,0.143173
95.25,0.664161,296.614,293.892,293.41,238.85,212.881,3.47727,382.662,376.626,220.41,12021.5,0.38942,0,0
95.75,0.66084,296.587,293.882,293.4,238.848,211.387,3.46842,380.14,376.626,220.41,12021.5,0.389801,0,0
96.25,0.657507,296.558,293.872,293.39,238.845,209.79,3.45902,377.609,376.361,220.336,12021.5,0.390187,0,0
96.75,0.654161,296.531,293.862,293.379,238.843,208.293,3.45007,375.067,376.361,220.336,12021.5,0.390576,0,0
97.25,0.650802,296.503,293.851,293.369,238.841,206.805,3.44112,372.516,376.361,220.336,12021.5,0.390967,0,0.0241003
97.75,0.64743,296.476,293.841,293.358,238.839,205.371,3.43233,370.07,376.361,220.336,12021.5,0.391362,0,0.00595437
98.25,0.644045,296.448,293.83,293.347,238.837,203.886,3.42318,367.652,376.196,220.234,12021.5,0.391761,0,0.0194217
98.75,0.640648,296.421,293.819,293.337,238.835,202.46,3.41435,365.225,376.196,220.234,12021.5,0.392163,0,0.00847283
99.25,0.637238,296.393,293.808,293.325,238.839,201.04,3.40551,362.789,376.196,220.234,12021.5,0.390815,0,0.200075
99.75,0.633816,296.366,293.796,293.314,238.836,199.618,3.40429,360.343,376.196,220.234,12021.5,0.391215,0,0
100.25,0.630381,296.336,293.785,293.303,238.833,198.036,3.3947,357.889,375.868,220.18,12021.5,0.391626,0,0
100.75,0.626934,296.308,293.774,293.292,238.831,196.581,3.38565,355.426,375.868,220.18,12021.5,0.39204,0,0
101.25,0.623474,296.28,293.762,293.28,238.828,195.138,3.37662,352.955,375.868,220.18,12021.5,0.392456,0,0
101.75,0.620002,296.251,293.751,293.269,238.826,193.693,3.36757,350.474,375.868,220.18,12021.5,0.392874,0,0
102.25,0.616518,296.222,293.739,293.257,238.823,192.17,3.35808,347.985,375.7,220.064,12021.5,0.393297,0,0
102.75,0.613022,296.193,293.727,293.245,238.821,190.704,3.34889,345.487,375.7,220.064,12021.5,0.393722,0,0.020982
103.25,0.609514,296.164,293.715,293.233,238.819,189.242,3.3397,342.981,375.7,220.064,12021.5,0.394149,0,0.00569805
103.75,0.605994,296.135,293.703,293.221,238.817,187.777,3.33048,340.466,375.7,220.064,9270.94,0.394578,0,0.0169814
104.25,0.602462,296.104,293.691,293.209,238.815,186.22,3.32077,337.942,375.502,219.963,9270.94,0.395012,0,0.00781256
104.75,0.598918,296.075,293.679,293.197,238.813,184.731,3.31141,335.41,375.502,219.963,9270.94,0.395448,0,0.0143989
105.25,0.595363,296.045,293.666,293.184,238.811,183.248,3.30205,332.87,375.502,219.963,9270.94,0.395886,0,0.00888785
105.75,0.591795,296.015,293.654,293.172,238.809,181.762,3.29267,330.321,375.502,219.963,9270.94,0.396326,0,0.0126774
106.25,0.588216,295.984,293.641,293.159,238.807,180.18,3.28278,327.764,375.297,219.861,9270.94,0.396771,0,0.00933159
106.75,0.584626,295.954,293.628,293.146,238.805,178.669,3.27326,325.199,375.297,219.861,9270.94,0.397217,0,0.0114766
107.25,0.581024,295.923,293.616,293.134,238.802,177.165,3.26374,322.626,375.297,219.861,9270.94,0.397666,0,0.00942445
107.75,0.577411,295.893,293.603,293.121,238.8,175.658,3.2542,320.044,375.297,219.861,9270.94,0.398117,0,0.0105955
108.25,0.573786,295.86,293.59,293.108,238.798,174.051,3.24415,317.454,375.086,219.757,9270.94,0.398572,0,0.00930365
108.75,0.57015,295.829,293.577,293.095,238.796,172.519,3.23447,314.856,375.086,219.757,9270.94,0.399029,0,0.00991069
109.25,0.566503,295.798,293.563,293.081,238.794,170.994,3.2248,312.25,375.086,219.757,9270.94,0.399488,0,0.00907588
109.75,0.562844,295.767,293.55,293.068,238.792,169.465,3.21511,309.637,375.086,219.757,9270.94,0.399949,0,0.00935082
110.25,0.559175,295.734,293.537,293.055,238.79,167.835,3.2049,307.015,374.87,219.65,9270.94,0.400414,0,0.0087837
110.75,0.555494,295.702,293.523,293.041,238.787,166.282,3.19508,304.386,374.87,219.65,9270.94,0.400882,0,0.00887108
111.25,0.551803,295.67,293.509,293.028,238.785,164.736,3.18526,301.748,374.87,219.65,9270.94,0.401351,0,0.00846786
111.75,0.548101,295.638,293.496,293.014,238.783,163.186,3.17543,299.103,374.87,219.65,9270.94,0.401822,0,0.00844631
112.25,0.544388,295.605,293.482,293,238.781,161.533,3.16507,296.45,374.648,219.541,9270.94,0.402297,0,0.00814043
112.75,0.540664,295.572,293.468,292.986,238.779,159.958,3.1551,293.79,374.648,219.541,9270.94,0.402775,0,0.00806013
113.25,0.53693,295.54,293.454,292.972,238.777,158.391,3.14515,291.122,374.648,219.541,9270.94,0.403254,0,0.00781576
113.75,0.533185,295.507,293.44,292.958,238.775,156.82,3.13517,288.446,374.648,219.541,9270.94,0.403735,0,0.00770333
114.25,0.52943,295.472,293.426,292.944,238.772,155.144,3.12467,285.763,374.42,219.43,9270.94,0.40422,0,0.00749822
114.75,0.525664,295.439,293.411,292.93,238.77,153.548,3.11456,283.073,374.42,219.43,9270.94,0.404707,0,0.00736994
115.25,0.521888,295.406,293.397,292.915,238.768,151.96,3.10448,280.375,374.42,219.43,9270.94,0.405196,0,0.00719013
115.75,0.518102,295.373,293.382,292.901,238.766,150.369,3.09438,277.67,374.42,219.43,9270.94,0.405686,0,0.00705598
116.25,0.514306,295.337,293.368,292.886,238.764,148.67,3.08373,274.958,374.187,219.317,9270.94,0.406181,0,0.00689596
116.75,0.510499,295.304,293.353,292.872,238.761,147.053,3.0735,272.238,374.187,219.317,9270.94,0.406678,0,0.00675947
117.25,0.506683,295.27,293.339,292.857,238.759,145.445,3.06329,269.511,374.187,219.317,9270.94,0.407176,0,0.00661129
117.75,0.502856,295.235,293.324,292.842,238.757,143.834,3.05306,266.777,374.187,219.317,9270.94,0.407676,0,0.00647795
118.25,0.49902,295.2,293.309,292.827,238.755,142.141,3.04238,264.097,373.949,219.201,9270.94,0.40818,0,0.0063435
118.75,0.495173,295.167,293.294,292.812,238.752,140.625,3.03245,261.589,373.949,219.201,9270.94,0.408686,0,0.00621229
119.25,0.491318,295.134,293.279,292.797,238.75,139.132,3.02259,259.074,373.949,219.201,9270.94,0.409192,0,0.00608419
119.75,0.487452,295.101,293.264,292.782,238.748,137.639,3.01273,256.553,373.949,219.201,9270.94,0.409699,0,0.00595915
120.25,0.483577,295.066,293.249,292.767,238.746,136.035,3.00234,254.025,373.706,219.087,9270.94,0.41021,0,0.0058422
120.75,0.479692,295.033,293.233,292.752,238.744,134.52,2.99238,251.492,373.706,219.087,9270.94,0.410721,0,0.00571907
121.25,0.475798,294.999,293.218,292.737,238.741,133.015,2.98247,248.952,373.706,219.087,9270.94,0.411234,0,0.00560564
121.75,0.471895,294.966,293.203,292.722,238.739,131.508,2.97254,246.406,373.706,219.087,9270.94,0.411748,0,0.00548981
122.25,0.467982,294.93,293.187,292.706,238.737,129.886,2.96208,243.854,373.46,218.973,9270.94,0.412265,0,0.00538694
122.75,0.46406,294.896,293.172,292.691,238.735,128.355,2.95205,241.296,373.46,218.973,9270.94,0.412783,0,0.0052725
123.25,0.460129,294.862,293.157,292.675,238.732,126.833,2.94206,238.732,373.46,218.973,9270.94,0.413302,0,0.00517135
123.75,0.456189,294.828,293.141,292.66,238.73,125.31,2.93206,236.163,373.46,218.973,9270.94,0.413821,0,0.00506466
124.25,0.45224,294.792,293.126,292.644,238.728,123.67,2.92152,233.587,373.211,218.856,9270.94,0.414345,0,0.00497407
124.75,0.448282,294.758,293.11,292.629,238.725,122.121,2.91142,231.006,373.211,218.856,9270.94,0.414869,0,0.00486789
125.25,0.444315,294.723,293.094,292.613,238.723,120.583,2.90135,228.419,373.211,218.856,9270.94,0.415394,0,0.00477759
125.75,0.44034,294.689,293.079,292.597,238.721,119.043,2.89128,225.826,373.211,218.856,9270.94,0.415921,0,0.00467941
126.25,0.436356,294.652,293.063,292.582,238.719,117.385,2.88066,223.227,372.958,218.739,9270.94,0.41645,0,0.00459981
126.75,0.432363,294.617,293.047,292.566,238.716,115.819,2.87048,220.623,372.958,218.739,9270.94,0.416981,0,0.00450123
127.25,0.428362,294.582,293.031,292.55,238.714,114.263,2.86035,218.014,372.958,218.739,9270.94,0.417513,0,0.00442069
127.75,0.424352,294.547,293.015,292.534,238.712,112.706,2.8502,215.399,372.958,218.739,9270.94,0.418045,0,0.0043303
128.25,0.420334,294.51,292.999,292.518,238.709,111.03,2.8395,212.778,372.702,218.619,9270.94,0.418581,0,0.00426062
128.75,0.416308,294.474,292.983,292.502,238.707,109.446,2.82925,210.152,372.702,218.619,9270.94,0.419118,0,0.00416898
129.25,0.412274,294.439,292.967,292.486,238.705,107.874,2.81904,207.521,372.702,218.619,9270.94,0.419656,0,0.00409726
129.75,0.408231,294.403,292.951,292.47,238.702,106.3,2.80883,204.884,372.702,218.619,9270.94,0.420195,0,0.00401396
130.25,0.404181,294.365,292.934,292.454,238.7,104.606,2.79805,202.243,372.442,218.499,9270.94,0.420738,0,0.00395326
130.75,0.400122,294.329,292.918,292.437,238.698,103.005,2.78773,199.596,372.442,218.499,9270.94,0.421281,0,0.00386793
131.25,0.396056,294.293,292.902,292.421,238.695,101.417,2.77745,196.944,372.442,218.499,9270.94,0.421826,0,0.00380419
131.75,0.391982,294.257,292.886,292.405,238.693,99.8262,2.76716,194.286,372.442,218.499,9270.94,0.422371,0,0.00372733
132.25,0.3879,294.219,292.869,292.388,238.691,98.1135,2.75631,191.624,372.179,218.377,9270.94,0.42292,0,0.0036748
132.75,0.383811,294.182,292.853,292.372,238.688,96.4964,2.74591,188.957,372.179,218.377,9270.94,0.42347,0,0.00359517
133.25,0.379714,294.145,292.836,292.355,238.686,94.8912,2.73556,186.285,372.179,218.377,9270.94,0.424021,0,0.00353868
133.75,0.375609,294.109,292.82,292.339,238.684,93.2845,2.72521,183.608,372.179,218.377,9270.94,0.424573,0,0.00346766
134.25,0.371497,294.07,292.803,292.322,238.681,91.554,2.71428,180.926,371.912,218.253,9270.94,0.425128,0,0.00342254
134.75,0.367378,294.033,292.786,292.306,238.679,89.9203,2.70381,178.24,371.912,218.253,9270.94,0.425685,0,0.00334808
135.25,0.363252,293.995,292.769,292.289,238.677,88.2989,2.69339,175.549,371.912,218.253,9270.94,0.426242,0,0.00329816
135.75,0.359119,293.958,292.753,292.272,238.674,86.6761,2.68297,172.853,371.912,218.253,9270.94,0.426801,0,0.00323243
136.25,0.354978,293.919,292.736,292.255,238.672,84.928,2.67196,170.152,371.642,218.129,9270.94,0.427363,0,0.00319405
136.75,0.350831,293.881,292.719,292.238,238.67,83.2778,2.66142,167.447,371.642,218.129,9270.94,0.427926,0,0.00312428
137.25,0.346676,293.845,292.702,292.222,238.667,81.756,2.65133,164.973,371.642,218.129,9270.94,0.428489,0,0.00308096
137.75,0.342515,293.809,292.685,292.205,238.665,80.2795,2.64139,162.553,371.642,218.129,9270.94,0.429052,0,0.00302034
138.25,0.338347,293.771,292.668,292.188,238.662,78.6844,2.63091,160.13,371.369,218.005,9270.94,0.429619,0,0.00298832
138.75,0.334173,293.735,292.651,292.171,238.66,77.1923,2.62093,157.702,371.369,218.005,9270.94,0.430185,0,0.00292336
139.25,0.329992,293.699,292.634,292.154,238.658,75.7155,2.611,155.271,371.369,218.005,9270.94,0.430751,0,0.00288513
139.75,0.325804,293.663,292.617,292.137,238.655,74.2391,2.60109,152.836,371.369,218.005,9270.94,0.431317,0,0.00282903
140.25,0.32161,293.625,292.6,292.12,238.653,72.6356,2.59061,150.397,371.094,217.883,9270.94,0.431886,0,0.00280192
140.75,0.31741,293.589,292.583,292.103,238.65,71.1337,2.58061,147.955,371.094,217.883,9270.94,0.432455,0,0.00274123
141.25,0.313203,293.552,292.566,292.086,238.648,69.6461,2.57067,145.508,371.094,217.883,9270.94,0.433023,0,0.00270754
141.75,0.30899,293.516,292.549,292.069,238.646,68.1583,2.56073,143.059,371.094,217.883,9270.94,0.433592,0,0.00265561
142.25,0.304771,293.477,292.532,292.052,238.643,66.5425,2.55023,140.606,370.817,217.76,9270.94,0.434164,0,0.00263322
142.75,0.300547,293.441,292.515,292.035,238.641,65.0281,2.5402,138.149,370.817,217.76,9270.94,0.434736,0,0.0025762
143.25,0.296316,293.404,292.498,292.018,238.638,63.5281,2.53023,135.689,370.817,217.76,9270.94,0.435308,0,0.00254677
143.75,0.29208,293.367,292.481,292.001,238.636,62.0278,2.52027,133.225,370.817,217.76,9270.94,0.43588,0,0.00249852
144.25,0.287837,293.328,292.464,291.984,238.633,60.3988,2.50972,130.759,370.54,217.636,9270.94,0.436455,0,0.00248051
144.75,0.283589,293.291,292.446,291.966,238.631,58.8715,2.49966,128.288,370.54,217.636,9270.94,0.43703,0,0.00242674
145.25,0.279336,293.254,292.429,291.949,238.629,57.3587,2.48966,125.815,370.54,217.636,9270.94,0.437605,0,0.00240123
145.75,0.275077,293.216,292.412,291.932,238.626,55.8456,2.47966,123.339,370.54,217.636,9270.94,0.43818,0,0.00235626
146.25,0.270813,293.177,292.395,291.915,238.624,54.2033,2.46908,120.859,370.261,217.512,9270.94,0.438758,0,0.00234227
146.75,0.266543,293.139,292.378,291.898,238.621,52.6628,2.45897,118.376,370.261,217.512,9270.94,0.439337,0,0.00229142
147.25,0.262268,293.102,292.36,291.88,238.619,51.1371,2.44893,115.89,370.261,217.512,9270.94,0.439915,0,0.00226948
147.75,0.257988,293.064,292.343,291.863,238.616,49.6111,2.43889,113.401,370.261,217.512,9270.94,0.440494,0,0.00222747
148.25,0.253703,293.024,292.326,291.846,238.614,47.9554,2.42826,110.91,369.981,217.386,9270.94,0.441076,0,0.00221716
148.75,0.249413,292.986,292.308,291.829,238.611,46.4208,2.41817,108.454,369.981,217.386,9270.94,0.441658,0,0.00216893
149.25,0.245118,292.95,292.291,291.811,238.609,45.0252,2.40858,106.241,369.981,217.386,9270.94,0.442239,0,0.00215032
149.75,0.240818,292.914,292.274,291.794,238.607,43.6499,2.39907,104.025,369.981,217.386,9270.94,0.442819,0,0.002111
150.25,0.236513,292.876,292.257,291.777,238.604,42.1492,2.38899,101.808,369.699,217.263,9270.94,0.443402,0,0.00210375
150.75,0.232204,292.84,292.239,291.76,238.602,40.7538,2.37942,99.5874,369.699,217.263,9270.94,0.443984,0,0.00205817
151.25,0.22789,292.804,292.222,291.742,238.599,39.3758,2.36991,97.3648,369.699,217.263,9270.94,0.444565,0,0.00204231
151.75,0.223572,292.768,292.205,291.725,238.597,37.9992,2.36042,95.1399,369.699,217.263,9270.94,0.445145,0,0.00200556
152.25,0.219249,292.729,292.188,291.708,238.594,36.493,2.35036,92.9127,369.418,217.141,9270.94,0.445728,0,0.00200082
152.75,0.214922,292.693,292.17,291.691,238.592,35.0901,2.34078,90.6833,369.418,217.141,9270.94,0.44631,0,0.00195777
153.25,0.210591,292.656,292.153,291.674,238.589,33.7038,2.33127,88.4517,369.418,217.141,9270.94,0.44692,0,0.0019443
153.75,0.206256,292.62,292.136,291.656,238.587,32.3191,2.32165,86.218,369.418,217.141,9270.94,0.447535,0,0.00288768
154.25,0.201916,292.581,292.118,291.638,238.584,30.8088,2.31141,83.9822,369.137,217.019,9270.94,0.448159,0,0.0041319
154.75,0.197573,292.543,292.1,291.621,238.582,29.4039,2.30162,81.7444,369.137,217.019,9270.94,0.448788,0,0.00401526
155.25,0.193226,292.506,292.082,291.603,238.58,28.0173,2.29184,79.5045,369.137,217.019,7026.68,0.449421,0,0.0045794
155.75,0.188875,292.469,292.064,291.585,238.577,26.6329,2.28204,77.2628,369.137,217.019,7026.68,0.450059,0,0.00460869
156.25,0.18452,292.428,292.045,291.566,238.575,25.1151,2.27159,75.0191,368.845,216.899,7026.68,0.450706,0,0.00548577
156.75,0.180162,292.39,292.027,291.548,238.572,23.7057,2.2616,72.7735,368.845,216.899,7026.68,0.451357,0,0.00534813
157.25,0.1758,292.351,292.008,291.529,238.57,22.3147,2.25162,70.5261,368.845,216.899,7026.68,0.452012,0,0.00553611
157.75,0.171434,292.313,291.989,291.51,238.568,20.9255,2.24162,68.2769,368.845,216.899,7026.68,0.452672,0,0.00544263
158.25,0.167066,292.273,291.97,291.491,238.565,19.4926,2.23129,66.222,368.54,216.779,7026.68,0.45334,0,0.00558367
158.75,0.162694,292.236,291.951,291.472,238.563,18.2357,2.22166,64.2615,368.54,216.779,7026.68,0.454011,0,0.00555658
159.25,0.158318,292.199,291.932,291.452,238.56,17.0105,2.21213,62.2996,368.54,216.779,7026.68,0.454684,0,0.00565108
159.75,0.15394,292.161,291.912,291.433,238.558,15.7911,2.20259,60.3362,368.54,216.779,7026.68,0.455361,0,0.00563533
160.25,0.149559,292.121,291.893,291.414,238.556,14.4285,2.19238,58.3715,368.225,216.663,7026.68,0.456044,0,0.00572432
160.75,0.145174,292.084,291.873,291.394,238.553,13.1841,2.18267,56.4055,368.225,216.663,7026.68,0.45673,0,0.00569491
161.25,0.140787,292.046,291.853,291.374,238.551,11.961,2.17301,54.4382,368.225,216.663,7026.68,0.457418,0,0.00575315
161.75,0.136397,292.008,291.833,291.354,238.548,10.7407,2.16333,52.4696,368.225,216.663,7026.68,0.45811,0,0.00575471
162.25,0.132005,291.967,291.813,291.334,238.546,9.37211,2.15295,50.4999,367.902,216.545,7026.68,0.458808,0,0.00583379
162.75,0.12761,291.928,291.793,291.314,238.543,8.12246,2.14306,48.529,367.902,216.545,7026.68,0.459508,0,0.00580633
163.25,0.123212,291.889,291.773,291.294,238.541,6.89431,2.13322,46.5569,367.902,216.545,7026.68,0.460212,0,0.00584913
163.75,0.118812,291.85,291.753,291.274,238.538,5.6685,2.12335,44.5838,367.902,216.545,7026.68,0.460918,0,0.00584767
164.25,0.114409,291.807,291.733,291.254,238.536,4.2914,2.11272,42.6097,367.572,216.426,7026.68,0.46163,0,0.0059245
164.75,0.110005,291.767,291.712,291.233,238.533,3.03391,2.10259,40.6345,367.572,216.426,7026.68,0.462345,0,0.00589448
165.25,0.105598,291.727,291.691,291.213,238.531,1.79878,2.09246,38.6583,367.572,216.426,7026.68,0.463063,0,0.00593609
165.75,0.101189,291.686,291.671,291.192,238.528,0.5667,2.08222,36.6813,367.572,216.426,7026.68,0.463783,0,0.00592802
166.25,0.0967781,291.622,291.646,291.171,238.526,-0.359853,2.05667,34.8982,367.234,216.304,7026.68,0.466379,0,0.00600008
166.75,0.0923653,291.549,291.615,291.151,238.524,-0.874193,2.03837,33.1863,367.234,216.304,7026.68,0.467611,0,0.0059642
167.25,0.0879506,291.469,291.582,291.131,238.521,-1.40374,2.02206,31.4738,367.234,216.304,7026.68,0.468681,0,0.00600032
167.75,0.0835343,291.386,291.548,291.111,238.519,-1.96549,1.99996,29.7605,367.234,216.304,7026.68,0.470744,0,0.00598681
168.25,0.0791163,291.285,291.502,291.09,238.516,-2.38484,1.97211,28.0466,366.819,216.106,7026.68,0.472965,0,0.00608114
168.75,0.0746968,291.187,291.454,291.071,238.514,-2.77692,1.94808,26.3321,366.819,216.106,7026.68,0.475082,0,0.00602767
169.25,0.0702757,291.086,291.405,291.051,238.511,-3.18164,1.92428,24.6171,366.819,216.106,7026.68,0.477194,0,0.00607189
169.75,0.0658533,290.982,291.353,291.032,238.509,-3.58872,1.90032,22.9015,366.819,216.106,7026.68,0.479299,0,0.00604945
170.25,0.0614296,290.858,291.293,291.012,238.506,-3.8671,1.87247,21.1854,366.238,215.851,7026.68,0.48164,0,0.00616289
170.75,0.0570047,290.742,291.232,290.993,238.504,-4.28406,1.84612,19.4688,366.238,215.851,7026.68,0.483976,0,0.00609338
171.25,0.0525787,290.627,291.17,290.973,238.501,-4.69441,1.82032,17.7519,366.238,215.851,7026.68,0.486337,0,0.00614474
171.75,0.0481517,290.513,291.107,290.954,238.499,-5.0868,1.79487,16.1129,366.238,215.851,7026.68,0.488716,0,0.0061092
172.25,0.0437237,290.379,291.036,290.935,238.497,-5.33734,1.76569,14.5829,365.523,215.561,7026.68,0.491328,0,0.00622619
172.75,0.0392948,290.258,290.966,290.915,238.494,-5.71169,1.73873,13.0527,365.523,215.561,7026.68,0.493899,0,0.00613953
173.25,0.0348652,290.14,290.895,290.895,238.492,-6.07361,1.71281,11.5221,365.523,215.561,7026.68,0.496468,0,0.00618796
173.75,0.0304349,290.022,290.825,290.874,238.489,-6.42909,1.6873,9.99139,365.523,215.561,7026.68,0.49905,0,0.00614485
174.25,0.026004,289.88,290.746,290.851,238.487,-6.70152,1.65765,8.46043,364.705,215.261,5273.21,0.501886,0,0.00626695
174.75,0.0215725,289.753,290.668,290.829,238.485,-7.06742,1.63008,6.9293,364.705,215.261,5273.21,0.504687,0,0.00617481
175.25,0.0171407,289.63,290.591,290.806,238.482,-7.40668,1.60383,5.47299,364.705,215.261,5273.21,0.507478,0,0.00621774
175.75,0.0127085,289.509,290.514,290.782,238.48,-7.72958,1.5783,4.0578,364.705,215.261,5273.21,0.510268,0,0.00616473
176.25,0.00827608,289.363,290.429,290.757,238.477,-7.99258,1.54874,2.64253,363.804,214.952,5273.21,0.513311,0,0.00628229
176.75,0.00384348,289.234,290.346,290.731,238.475,-8.3256,1.52142,1.22722,363.804,214.952,5273.21,0.516303,0,0.00618029
177.25,0,289.113,290.265,290.704,238.472,-8.61288,1.49595,0,363.804,214.952,5273.21,0.519256,0,0.00619403
177.75,0,289.024,290.19,290.676,238.47,-8.68565,1.47545,0,363.804,214.952,339.934,0.521999,0,0.00592731
178.25,0,288.92,290.113,290.646,238.468,-8.71975,1.45378,0,362.855,214.66,339.934,0.524824,0,0.00591589
178.75,0,288.84,290.041,290.615,238.466,-8.7512,1.43561,0,362.855,214.66,339.934,0.527474,0,0.00565292
179.25,0,288.769,289.974,290.584,238.463,-8.75539,1.41967,0,362.855,214.66,339.934,0.530002,0,0.00556086
179.75,0,288.703,289.91,290.552,238.461,-8.74415,1.40505,0,362.855,214.66,226.649,0.532431,0,0.00536219
180.25,0,288.621,289.844,290.519,238.459,-8.84496,1.38849,0,361.992,214.462,226.649,0.534915,0,0.00531352
180.75,0,288.556,289.782,290.485,238.457,-8.84392,1.37386,0,361.992,214.462,226.649,0.537285,0,0.00509987
181.25,0,288.497,289.723,290.452,238.455,-8.82538,1.36068,0,361.992,214.462,226.649,0.539573,0,0.00500348
181.75,0,288.441,289.666,290.418,238.453,-8.79758,1.34835,0,361.992,214.462,226.649,0.541793,0,0.00483389
182.25,0,288.37,289.607,290.384,238.451,-8.89284,1.33419,0,361.218,214.297,226.649,0.544069,0,0.00478023
182.75,0,288.313,289.551,290.35,238.449,-8.87976,1.32151,0,361.218,214.297,226.649,0.546254,0,0.00459502
183.25,0,288.261,289.497,290.316,238.447,-8.85274,1.30998,0,361.218,214.297,226.649,0.548376,0,0.0045041
183.75,0,288.212,289.445,290.281,238.445,-8.81872,1.29908,0,361.218,214.297,226.649,0.550443,0,0.00435487
184.25,0,288.148,289.392,290.247,238.443,-8.90669,1.28649,0,360.505,214.152,226.649,0.552569,0,0.00430361
184.75,0,288.097,289.34,290.212,238.441,-8.88804,1.27515,0,360.505,214.152,226.649,0.554618,0,0.00413945
185.25,0,288.05,289.291,290.177,238.439,-8.8573,1.26476,0,360.505,214.152,226.649,0.556613,0,0.00405633
185.75,0,288.005,289.242,290.143,238.438,-8.82065,1.25492,0,360.505,214.152,226.649,0.558563,0,0.00392337
186.25,0,287.946,289.193,290.108,238.436,-8.90223,1.24347,0,359.841,214.021,226.649,0.560572,0,0.00387685
186.75,0,287.899,289.145,290.073,238.434,-8.88066,1.23312,0,359.841,214.021,226.649,0.562514,0,0.00372979
187.25,0,287.856,289.099,290.039,238.433,-8.84814,1.22361,0,359.841,214.021,226.649,0.564409,0,0.00463877
187.75,0,287.814,289.054,290.005,238.431,-8.8104,1.21457,0,359.841,214.021,226.649,0.566266,0,0.00377129
188.25,0,287.76,289.007,289.97,238.429,-8.88667,1.20402,0,359.217,213.9,226.649,0.568182,0,0.00433269
188.75,0,287.716,288.962,289.936,238.428,-8.86344,1.19445,0,359.217,213.9,226.649,0.570036,0,0.00369295
189.25,0,287.676,288.919,289.902,238.426,-8.83011,1.18564,0,359.217,213.9,226.649,0.571849,0,0.00401037
189.75,0,287.637,288.876,289.868,238.425,-8.79202,1.17724,0,359.217,213.9,226.649,0.573628,0,0.00357203
190.25,0,287.586,288.832,289.834,238.423,-8.86374,1.16743,0,358.625,213.788,226.649,0.575466,0,0.00380433
190.75,0,287.546,288.79,289.8,238.422,-8.83956,1.1585,0,358.625,213.788,226.649,0.577247,0,0.00344728
191.25,0,287.508,288.749,289.767,238.42,-8.80595,1.15027,0,358.625,213.788,226.649,0.57899,0,0.00355653
191.75,0,287.471,288.708,289.733,238.419,-8.76792,1.14241,0,358.625,213.788,226.649,0.580702,0,0.00330308
192.25,0,287.423,288.667,289.7,238.417,-8.83568,1.1332,0,358.063,213.683,226.649,0.582473,0,0.00340104
192.75,0,287.384,288.626,289.667,238.416,-8.811,1.12482,0,358.063,213.683,226.649,0.584191,0,0.00316842
193.25,0,287.349,288.587,289.634,238.415,-8.77741,1.11708,0,358.063,213.683,226.649,0.585873,0,0.00319461
193.75,0,287.314,288.549,289.601,238.413,-8.7397,1.10968,0,358.063,213.683,226.649,0.587527,0,0.00302376
194.25,0,287.268,288.509,289.569,238.412,-8.80407,1.101,0,357.526,213.584,226.649,0.589239,0,0.00306818
194.75,0,287.232,288.471,289.536,238.411,-8.77917,1.09308,0,357.526,213.584,226.649,0.590902,0,0.00289343
195.25,0,287.198,288.433,289.504,238.409,-8.74582,1.08576,0,357.526,213.584,226.649,0.592531,0,0.00288825
195.75,0,287.165,288.397,289.472,238.408,-8.70857,1.07876,0,357.526,213.584,226.649,0.594134,0,0.00275688
196.25,0,287.121,288.359,289.44,238.407,-8.76993,1.07053,0,357.011,213.49,226.649,0.595795,0,0.00278114
196.75,0,287.087,288.322,289.408,238.406,-8.74499,1.06302,0,357.011,213.49,226.649,0.597408,0,0.00263594
197.25,0,287.054,288.286,289.377,238.404,-8.71199,1.05608,0,357.011,213.49,226.649,0.598991,0,0.00262056
197.75,0,287.023,288.251,289.345,238.403,-8.67528,1.04942,0,357.011,213.49,226.649,0.600548,0,0.0025102
198.25,0,286.981,288.214,289.314,238.402,-8.73395,1.04159,0,356.516,213.4,226.649,0.602162,0,0.00252795
198.75,0,286.948,288.179,289.283,238.401,-8.70909,1.03444,0,356.516,213.4,226.649,0.603732,0,0.00239997
199.25,0,286.917,288.144,289.252,238.399,-8.6765,1.02782,0,356.516,213.4,226.649,0.605272,0,0.0023829
199.75,0,286.887,288.111,289.221,238.398,-8.64037,1.02147,0,356.516,213.4,226.649,0.606789,0,0.0022854
200.25,0,286.847,288.075,289.191,238.397,-8.69661,1.014,0,356.039,213.314,226.649,0.608362,0,0.00230212
200.75,0,286.815,288.041,289.16,238.396,-8.67189,1.00717,0,356.039,213.314,226.649,0.609892,0,0.00218575
201.25,0,286.785,288.008,289.13,238.395,-8.63975,1.00085,0,356.039,213.314,226.649,0.611395,0,0.00217025
201.75,0,286.756,287.976,289.1,238.394,-8.60422,0.994773,0,356.039,213.314,226.649,0.612874,0,0.00208183
202.25,0,286.717,287.942,289.07,238.393,-8.65823,0.987624,0,355.579,213.232,226.649,0.61441,0,0.00209951
202.75,0,286.687,287.909,289.04,238.392,-8.63371,0.98108,0,355.579,213.232,226.649,0.615904,0,0.00199204
203.25,0,286.658,287.877,289.01,238.391,-8.60204,0.975019,0,355.579,213.232,226.649,0.617372,0,0.00197917
203.75,0,286.63,287.845,288.981,238.389,-8.5671,0.969195,0,355.579,213.232,226.649,0.618818,0,0.00189792
204.25,0,286.593,287.812,288.951,238.388,-8.61914,0.962336,0,355.135,213.154,226.649,0.620319,0,0.00191718
204.75,0,286.564,287.781,288.922,238.387,-8.59485,0.956053,0,355.135,213.154,226.649,0.621781,0,0.00181714
205.25,0,286.536,287.75,288.893,238.386,-8.56367,0.95023,0,355.135,213.154,226.649,0.623216,0,0.00180709
205.75,0,286.509,287.719,288.864,238.385,-8.52933,0.944633,0,355.135,213.154,226.649,0.624632,0,0.00173192
206.25,0,286.473,287.687,288.835,238.384,-8.57956,0.938037,0,354.704,213.078,226.649,0.626101,0,0.00175288
206.75,0,286.445,287.657,288.807,238.383,-8.55553,0.931992,0,354.704,213.078,226.649,0.627532,0,0.00165929
207.25,0,286.418,287.627,288.778,238.382,-8.52483,0.926388,0,354.704,213.078,226.649,0.628939,0,0.00165196
207.75,0,286.392,287.597,288.75,238.381,-8.49109,0.920998,0,354.704,213.078,226.649,0.630326,0,0.00158212
208.25,0,286.357,287.566,288.721,238.38,-8.53964,0.914643,0,354.286,213.005,226.649,0.631766,0,0.00160468
208.75,0,286.329,287.536,288.693,238.379,-8.5159,0.908816,0,354.286,213.005,226.649,0.633169,0,0.00151683
209.25,0,286.303,287.507,288.666,238.379,-8.48568,0.903412,0,354.286,213.005,226.649,0.634548,0,0.001512
209.75,0,286.278,287.479,288.638,238.378,-8.45252,0.898212,0,354.286,213.005,226.649,0.635909,0,0.00144691
210.25,0,286.245,287.449,288.61,238.377,-8.49953,0.892079,0,353.88,212.935,226.649,0.637322,0,0.00147091
210.75,0,286.218,287.42,288.583,238.376,-8.47607,0.886453,0,353.88,212.935,226.649,0.638699,0,0.00138823
211.25,0,286.193,287.391,288.555,238.375,-8.44634,0.881234,0,353.88,212.935,226.649,0.640053,0,0.00138565
211.75,0,286.168,287.363,288.528,238.374,-8.41376,0.876209,0,353.88,212.935,226.649,0.641388,0,0.00132482
212.25,0,286.136,287.334,288.501,238.373,-8.45931,0.870282,0,353.486,212.866,226.649,0.642776,0,0.00135003
212.75,0,286.11,287.306,288.474,238.372,-8.43615,0.864843,0,353.486,212.866,226.649,0.644129,0,0.00127208
213.25,0,286.085,287.279,288.447,238.371,-8.40689,0.859794,0,353.486,212.866,226.649,0.645459,0,0.00127147
213.75,0,286.062,287.251,288.42,238.37,-8.37486,0.854932,0,353.486,212.866,226.649,0.646771,0,0.00121453
214.25,0,286.03,287.223,288.394,238.37,-8.4191,0.849196,0,353.102,212.8,226.649,0.648136,0,0.0012407
214.75,0,286.005,287.196,288.367,238.369,-8.39624,0.843929,0,353.102,212.8,226.649,0.649465,0,0.0011671
215.25,0,285.981,287.169,288.341,238.368,-8.36745,0.839039,0,353.102,212.8,226.649,0.650773,0,0.0011682
215.75,0,285.958,287.142,288.315,238.367,-8.33596,0.834328,0,353.102,212.8,226.649,0.652064,0,0.00111482
216.25,0,285.927,287.115,288.289,238.366,-8.37896,0.828769,0,352.727,212.736,226.649,0.653406,0,0.00114178
216.75,0,285.902,287.088,288.263,238.365,-8.35641,0.823663,0,352.727,212.736,226.649,0.654714,0,0.00107216
217.25,0,285.879,287.062,288.237,238.364,-8.32808,0.818921,0,352.727,212.736,226.649,0.656002,0,0.00107476
217.75,0,285.857,287.036,288.211,238.364,-8.29712,0.814352,0,352.727,212.736,226.649,0.657272,0,0.00102462
218.25,0,285.827,287.009,288.186,238.363,-8.33896,0.808958,0,352.362,212.674,226.649,0.658593,0,0.00105222
218.75,0,285.803,286.983,288.16,238.362,-8.3167,0.804002,0,352.362,212.674,226.649,0.659881,0,0.00098626
219.25,0,285.78,286.958,288.135,238.361,-8.28882,0.799398,0,352.362,212.674,226.649,0.661148,0,0.000990158
219.75,0,285.759,286.933,288.109,238.36,-8.25837,0.794961,0,352.362,212.674,226.649,0.6624,0,0.000942992
220.25,0,285.729,286.906,288.084,238.36,-8.29913,0.789723,0,352.005,212.614,226.649,0.663701,0,0.000971018
220.75,0,285.706,286.881,288.059,238.359,-8.27718,0.784907,0,352.005,212.614,226.649,0.66497,0,0.000908468
221.25,0,285.684,286.856,288.034,238.358,-8.24973,0.780433,0,352.005,212.614,226.649,0.666219,0,0.000913457
221.75,0,285.663,286.831,288.01,238.357,-8.21978,0.77612,0,352.005,212.614,226.649,0.667452,0,0.000869039
222.25,0,285.634,286.806,287.985,238.357,-8.25953,0.771027,0,351.657,212.555,226.649,0.668734,0,0.000897343
222.75,0,285.611,286.781,287.96,238.356,-8.23788,0.766343,0,351.657,212.555,226.649,0.669985,0,0.000837964
223.25,0,285.59,286.756,287.936,238.355,-8.21085,0.761991,0,351.657,212.555,226.649,0.671216,0,0.000843874
223.75,0,285.569,286.732,287.911,238.354,-8.18138,0.757794,0,351.657,212.555,226.649,0.672432,0,0.000801992
224.25,0,285.541,286.707,287.887,238.354,-8.2202,0.752837,0,351.316,212.497,226.649,0.673697,0,0.00083034
224.75,0,285.519,286.683,287.863,238.353,-8.19885,0.748278,0,351.316,212.497,226.649,0.674931,0,0.000773993
225.25,0,285.498,286.659,287.839,238.352,-8.17223,0.74404,0,351.316,212.497,226.649,0.676145,0,0.000780611
225.75,0,285.478,286.636,287.815,238.351,-8.14323,0.739953,0,351.316,212.497,226.649,0.677345,0,0.000741126
226.25,0,285.45,286.611,287.791,238.351,-8.18117,0.735125,0,350.982,212.441,226.649,0.678593,0,0.000769435
226.75,0,285.428,286.587,287.767,238.35,-8.1601,0.730683,0,350.982,212.441,226.649,0.67981,0,0.000715897
227.25,0,285.408,286.564,287.744,238.349,-8.13389,0.726553,0,350.982,212.441,226.649,0.681009,0,0.000723107
227.75,0,285.388,286.541,287.72,238.348,-8.10534,0.72257,0,350.982,212.441,226.649,0.682193,0,0.000685833
228.25,0,285.361,286.517,287.697,238.348,-8.14246,0.717863,0,350.655,212.387,226.649,0.683425,0,0.000714095
228.75,0,285.34,286.494,287.673,238.347,-8.12167,0.713532,0,350.655,212.387,226.649,0.684627,0,0.000663111
229.25,0,285.32,286.471,287.65,238.346,-8.09585,0.709504,0,350.655,212.387,226.649,0.68581,0,0.000670851
229.75,0,285.301,286.448,287.627,238.346,-8.06774,0.705618,0,350.655,212.387,226.649,0.686979,0,0.000635584
230.25,0,285.274,286.425,287.604,238.345,-8.10408,0.701026,0,350.334,212.334,226.649,0.688196,0,0.000663815
230.75,0,285.254,286.402,287.581,238.344,-8.08357,0.696799,0,350.334,212.334,226.649,0.689383,0,0.000615135
231.25,0,285.234,286.38,287.558,238.344,-8.05813,0.692869,0,350.334,212.334,226.649,0.690553,0,0.000623364
231.75,0,285.215,286.358,287.535,238.343,-8.03045,0.689076,0,350.334,212.334,226.649,0.691707,0,0.00058991
232.25,0,285.189,286.335,287.512,238.342,-8.06604,0.684592,0,350.019,212.281,226.649,0.69291,0,0.000618125
232.75,0,285.169,286.312,287.49,238.341,-8.04581,0.680465,0,350.019,212.281,226.649,0.694083,0,0.000571523
233.25,0,285.15,286.29,287.467,238.341,-8.02074,0.676626,0,350.019,212.281,226.649,0.695238,0,0.000580205
233.75,0,285.131,286.269,287.445,238.34,-7.99347,0.672921,0,350.019,212.281,226.649,0.69638,0,0.000548387
234.25,0,285.106,286.246,287.423,238.339,-8.02836,0.668541,0,349.71,212.23,226.649,0.697568,0,0.000576599
234.75,0,285.086,286.224,287.4,238.339,-8.0084,0.664508,0,349.71,212.23,226.649,0.698728,0,0.000531869
235.25,0,285.067,286.202,287.378,238.338,-7.98369,0.660756,0,349.71,212.23,226.649,0.69987,0,0.000540971
235.75,0,285.049,286.181,287.356,238.337,-7.95681,0.657135,0,349.71,212.23,226.649,0.700999,0,0.000510629
236.25,0,285.024,286.159,287.334,238.337,-7.99104,0.652853,0,349.407,212.18,226.649,0.702174,0,0.000538845
236.75,0,285.005,286.137,287.312,238.336,-7.97135,0.648909,0,349.407,212.18,226.649,0.703321,0,0.000495808
237.25,0,284.986,286.116,287.29,238.335,-7.94698,0.645241,0,349.407,212.18,226.649,0.70445,0,0.000505297
237.75,0,284.968,286.096,287.268,238.335,-7.92049,0.641699,0,349.407,212.18,226.649,0.705566,0,0.000476288
238.25,0,284.944,286.074,287.247,238.334,-7.95409,0.63751,0,349.109,212.131,226.649,0.706729,0,0.000504511
238.75,0,284.925,286.053,287.225,238.333,-7.93465,0.633653,0,349.109,212.131,226.649,0.707863,0,0.000463004
239.25,0,284.907,286.032,287.204,238.333,-7.91062,0.630063,0,349.109,212.131,226.649,0.708981,0,0.000472849
239.75,0,284.889,286.011,287.182,238.332,-7.8845,0.626597,0,349.109,212.131,226.649,0.710085,0,0.000445046
240.25,0,284.865,285.99,287.161,238.331,-7.9175,0.622498,0,348.815,212.083,226.649,0.711236,0,0.000473274
240.75,0,284.846,285.969,287.14,238.331,-7.89831,0.618721,0,348.815,212.083,226.649,0.712358,0,0.000433157
241.25,0,284.829,285.949,287.118,238.33,-7.87461,0.615207,0,348.815,212.083,226.649,0.713464,0,0.000443326
241.75,0,284.811,285.929,287.097,238.329,-7.84885,0.611814,0,348.815,212.083,226.649,0.714557,0,0.000416616
242.25,0,284.788,285.908,287.076,238.329,-7.88128,0.607799,0,348.527,212.036,226.649,0.715695,0,0.000444844
242.75,0,284.77,285.887,287.055,238.328,-7.86234,0.604101,0,348.527,212.036,226.649,0.716807,0,0.00040599
243.25,0,284.752,285.867,287.034,238.327,-7.83895,0.600659,0,348.527,212.036,226.649,0.717901,0,0.000416454
243.75,0,284.735,285.847,287.014,238.327,-7.81355,0.597336,0,348.527,212.036,226.649,0.718983,0,0.000390736
244.25,0,284.712,285.827,286.993,238.326,-7.84543,0.593402,0,348.243,211.989,226.649,0.720111,0,0.000418958
244.75,0,284.694,285.807,286.972,238.325,-7.82672,0.589778,0,348.243,211.989,226.649,0.721211,0,0.000381254
245.25,0,284.677,285.787,286.952,238.325,-7.80365,0.586405,0,348.243,211.989,226.649,0.722295,0,0.000391984
245.75,0,284.66,285.767,286.931,238.324,-7.77859,0.583148,0,348.243,211.989,226.649,0.723366,0,0.000367169
246.25,0,284.638,285.747,286.911,238.324,-7.80994,0.579292,0,347.964,211.943,226.649,0.724483,0,0.000395375
246.75,0,284.62,285.727,286.89,238.323,-7.79147,0.57574,0,347.964,211.943,226.649,0.725572,0,0.000358724
247.25,0,284.603,285.708,286.87,238.322,-7.76869,0.572433,0,347.964,211.943,226.649,0.726646,0,0.000369691
247.75,0,284.586,285.689,286.85,238.322,-7.74396,0.569239,0,347.964,211.943,226.649,0.727707,0,0.000345699
248.25,0,284.564,285.669,286.83,238.321,-7.77482,0.565458,0,347.688,211.898,226.649,0.728813,0,0.000373881
248.75,0,284.547,285.649,286.81,238.32,-7.75657,0.561974,0,347.688,211.898,226.649,0.729893,0,0.000338192
249.25,0,284.53,285.63,286.79,238.32,-7.73409,0.55873,0,347.688,211.898,226.649,0.730956,0,0.000349372
249.75,0,284.514,285.612,286.77,238.319,-7.70968,0.555598,0,347.688,211.898,226.649,0.732008,0,0.000326131
250.25,0,284.492,285.592,286.75,238.318,-7.74005,0.551888,0,347.417,211.854,226.649,0.733104,0,0.000354278
250.75,0,284.475,285.573,286.73,238.318,-7.72203,0.548469,0,347.417,211.854,226.649,0.734173,0,0.000319474
251.25,0,284.458,285.554,286.71,238.317,-7.69983,0.545287,0,347.417,211.854,226.649,0.735227,0,0.000330841
251.75,0,284.443,285.535,286.69,238.317,-7.67573,0.542212,0,347.417,211.854,226.649,0.736269,0,0.000308287
252.25,0,284.421,285.516,286.671,238.316,-7.70564,0.538571,0,347.15,211.811,226.649,0.737355,0,0.00033639
252.75,0,284.404,285.497,286.651,238.315,-7.68783,0.535216,0,347.15,211.811,226.649,0.738416,0,0.0003024
253.25,0,284.388,285.479,286.632,238.315,-7.66591,0.532092,0,347.15,211.811,226.649,0.73946,0,0.000313932
253.75,0,284.372,285.46,286.612,238.314,-7.64212,0.529074,0,347.15,211.811,226.649,0.740493,0,0.000292008
254.25,0,284.351,285.441,286.593,238.313,-7.67158,0.525498,0,346.887,211.768,226.649,0.74157,0,0.000320056
254.75,0,284.334,285.423,286.574,238.313,-7.65398,0.522204,0,346.887,211.768,226.649,0.742621,0,0.000286818
255.25,0,284.319,285.405,286.554,238.312,-7.63233,0.519136,0,346.887,211.768,226.649,0.743656,0,0.000298493
255.75,0,284.303,285.387,286.535,238.311,-7.60883,0.516172,0,346.887,211.768,226.649,0.74468,0,0.000277148
256.25,0,284.282,285.368,286.516,238.311,-7.63787,0.51266,0,346.627,211.726,226.649,0.745748,0,0.00030513
256.75,0,284.266,285.349,286.497,238.31,-7.62048,0.509423,0,346.627,211.726,226.649,0.74679,0,0.000272588
257.25,0,284.25,285.332,286.478,238.31,-7.59909,0.50641,0,346.627,211.726,226.649,0.747817,0,0.000284386
257.75,0,284.235,285.314,286.459,238.309,-7.57588,0.503498,0,346.627,211.726,226.649,0.748832,0,0.000263575
258.25,0,284.215,285.295,286.44,238.308,-7.6045,0.500047,0,346.371,211.684,226.649,0.749891,0,0.000291482
258.75,0,284.198,285.277,286.421,238.308,-7.58731,0.496867,0,346.371,211.684,226.649,0.750925,0,0.000259584
259.25,0,284.183,285.26,286.403,238.307,-7.56617,0.493905,0,346.371,211.684,226.649,0.751943,0,0.000271488
259.75,0,284.168,285.242,286.384,238.306,-7.54324,0.491043,0,346.371,211.684,226.649,0.75295,0,0.000251169
260.25,0,284.148,285.224,286.365,238.306,-7.57147,0.487652,0,346.118,211.643,226.649,0.754001,0,0.000278992
260.75,0,284.132,285.206,286.347,238.305,-7.55448,0.484525,0,346.118,211.643,226.649,0.755026,0,0.000247694
261.25,0,284.117,285.189,286.328,238.305,-7.53359,0.481614,0,346.118,211.643,226.649,0.756036,0,0.000259686
261.75,0,284.102,285.171,286.31,238.304,-7.51093,0.478801,0,346.118,211.643,226.649,0.757035,0,0.000239821
262.25,0,284.082,285.153,286.291,238.303,-7.53878,0.475466,0,345.868,211.602,226.649,0.758077,0,0.000267552
262.75,0,284.066,285.136,286.273,238.303,-7.52197,0.472392,0,345.868,211.602,226.649,0.759094,0,0.000236813
263.25,0,284.051,285.119,286.255,238.302,-7.50132,0.469529,0,345.868,211.602,226.649,0.760097,0,0.000248878
263.75,0,284.037,285.102,286.236,238.302,-7.47893,0.466762,0,345.868,211.602,226.649,0.761088,0,0.000229435
264.25,0,284.017,285.084,286.218,238.301,-7.5064,0.463482,0,345.622,211.562,226.649,0.762122,0,0.000257065
264.75,0,284.002,285.067,286.2,238.3,-7.48978,0.460459,0,345.622,211.562,226.649,0.763131,0,0.000226848
265.25,0,283.987,285.05,286.182,238.3,-7.46937,0.457643,0,345.622,211.562,226.649,0.764126,0,0.000238973
265.75,0,283.973,285.033,286.164,238.299,-7.44724,0.454921,0,345.622,211.562,226.649,0.76511,0,0.00021992
266.25,0,283.953,285.015,286.146,238.298,-7.47436,0.451694,0,345.378,211.523,226.649,0.766136,0,0.000247444
266.75,0,283.938,284.998,286.128,238.298,-7.45792,0.448719,0,345.378,211.523,226.649,0.767138,0,0.000217715
267.25,0,283.923,284.982,286.11,238.297,-7.43774,0.445948,0,345.378,211.523,226.649,0.768125,0,0.000229886
267.75,0,283.909,284.965,286.092,238.297,-7.41585,0.44327,0,345.378,211.523,226.649,0.769101,0,0.000211197
268.25,0,283.89,284.948,286.075,238.296,-7.44263,0.440095,0,345.138,211.484,226.649,0.77012,0,0.000238607
268.75,0,283.875,284.931,286.057,238.295,-7.42637,0.437167,0,345.138,211.484,226.649,0.771114,0,0.000209337
269.25,0,283.861,284.914,286.039,238.295,-7.40641,0.43444,0,345.138,211.484,226.649,0.772094,0,0.000221542
269.75,0,283.847,284.898,286.022,238.294,-7.38477,0.431804,0,345.138,211.484,226.649,0.773063,0,0.000203193
270.25,0,283.828,284.881,286.004,238.294,-7.41121,0.428678,0,344.9,211.446,226.649,0.774074,0,0.000230483
270.75,0,283.813,284.864,285.987,238.293,-7.39512,0.425795,0,344.9,211.446,226.649,0.775061,0,0.000201644
271.25,0,283.799,284.848,285.969,238.292,-7.37539,0.423111,0,344.9,211.446,226.649,0.776034,0,0.000213873
271.75,0,283.785,284.832,285.952,238.292,-7.35398,0.420516,0,344.9,211.446,226.649,0.776996,0,0.000195841
272.25,0,283.766,284.815,285.934,238.291,-7.3801,0.417438,0,344.666,211.408,226.649,0.778,0,0.000223006
272.75,0,283.751,284.799,285.917,238.291,-7.36418,0.414599,0,344.666,211.408,226.649,0.778981,0,0.000194574
273.25,0,283.737,284.783,285.9,238.29,-7.34466,0.411955,0,344.666,211.408,226.649,0.779947,0,0.000206817
273.75,0,283.724,284.767,285.883,238.289,-7.32349,0.4094,0,344.666,211.408,226.649,0.780902,0,0.000189081
274.25,0,283.706,284.75,285.865,238.289,-7.34929,0.406368,0,344.434,211.37,226.649,0.781899,0,0.000216117
274.75,0,283.691,284.734,285.848,238.288,-7.33354,0.403573,0,344.434,211.37,226.649,0.782872,0,0.00018807
275.25,0,283.677,284.718,285.831,238.288,-7.31423,0.400969,0,344.434,211.37,226.649,0.783832,0,0.000200318
275.75,0,283.664,284.702,285.814,238.287,-7.29329,0.398451,0,344.434,211.37,226.649,0.78478,0,0.00018286
276.25,0,283.646,284.686,285.797,238.286,-7.31878,0.395465,0,344.205,211.333,226.649,0.785771,0,0.000209762
276.75,0,283.631,284.67,285.78,238.286,-7.3032,0.39271,0,344.205,211.333,226.649,0.786737,0,0.000182079
277.25,0,283.618,284.654,285.763,238.285,-7.28408,0.390145,0,344.205,211.333,226.649,0.78769,0,0.000194326
277.75,0,283.604,284.639,285.747,238.285,-7.26337,0.387665,0,344.205,211.333,226.649,0.788632,0,0.000177129
278.25,0,283.586,284.622,285.73,238.284,-7.28856,0.384722,0,343.978,211.297,226.649,0.789616,0,0.000203894
278.75,0,283.572,284.606,285.713,238.283,-7.27314,0.382008,0,343.978,211.297,226.649,0.790576,0,0.000176556
279.25,0,283.559,284.591,285.696,238.283,-7.25423,0.37948,0,343.978,211.297,226.649,0.791523,0,0.000188793
279.75,0,283.546,284.576,285.68,238.282,-7.23372,0.377036,0,343.978,211.297,226.649,0.792459,0,0.000171843
280.25,0,283.528,284.56,285.663,238.282,-7.25863,0.374135,0,343.754,211.26,226.649,0.793436,0,0.000198467
280.75,0,283.514,284.544,285.647,238.281,-7.24337,0.37146,0,343.754,211.26,226.649,0.79439,0,0.000171457
281.25,0,283.501,284.529,285.63,238.28,-7.22465,0.368968,0,343.754,211.26,226.649,0.79533,0,0.000183679
281.75,0,283.488,284.513,285.614,238.28,-7.20436,0.366559,0,343.754,211.26,226.649,0.79626,0,0.000166961
282.25,0,283.47,284.498,285.597,238.279,-7.22899,0.363699,0,343.532,211.225,226.649,0.797231,0,0.000193442
282.75,0,283.456,284.482,285.581,238.279,-7.21387,0.361062,0,343.532,211.225,226.649,0.798179,0,0.000166745
283.25,0,283.443,284.467,285.564,238.278,-7.19535,0.358605,0,343.532,211.225,226.649,0.799113,0,0.000178945
283.75,0,283.431,284.452,285.548,238.277,-7.17526,0.35623,0,343.532,211.225,226.649,0.800037,0,0.000162447
284.25,0,283.413,284.436,285.532,238.277,-7.19962,0.35341,0,343.312,211.189,226.649,0.801002,0,0.000188784
284.75,0,283.399,284.421,285.516,238.276,-7.18466,0.35081,0,343.312,211.189,226.649,0.801943,0,0.000162385
285.25,0,283.386,284.406,285.5,238.276,-7.16631,0.348387,0,343.312,211.189,226.649,0.802872,0,0.000174559
285.75,0,283.374,284.391,285.483,238.275,-7.14643,0.346045,0,343.312,211.189,226.649,0.80379,0,0.000158269
286.25,0,283.357,284.376,285.467,238.274,-7.17053,0.343264,0,343.095,211.154,226.649,0.804749,0,0.000184458
286.75,0,283.343,284.361,285.451,238.274,-7.15571,0.340699,0,343.095,211.154,226.649,0.805685,0,0.000158344
287.25,0,283.33,284.346,285.435,238.273,-7.13755,0.33831,0,343.095,211.154,226.649,0.806607,0,0.000170488
287.75,0,283.318,284.331,285.419,238.273,-7.11787,0.335999,0,343.095,211.154,226.649,0.807519,0,0.000154395
288.25,0,283.301,284.316,285.403,238.272,-7.1417,0.333256,0,342.881,211.12,226.649,0.808472,0,0.000180437
288.75,0,283.287,284.301,285.387,238.272,-7.12703,0.330726,0,342.881,211.12,226.649,0.809403,0,0.000154596
289.25,0,283.275,284.286,285.372,238.271,-7.10905,0.328369,0,342.881,211.12,226.649,0.81032,0,0.000166704
289.75,0,283.263,284.272,285.356,238.27,-7.08956,0.32609,0,342.881,211.12,226.649,0.811226,0,0.0001508
290.25,0,283.246,284.257,285.34,238.27,-7.11314,0.323384,0,342.668,211.085,226.649,0.812173,0,0.000176692
290.75,0,283.232,284.242,285.324,238.269,-7.09861,0.320887,0,342.668,211.085,226.649,0.813098,0,0.000151113
291.25,0,283.22,284.227,285.309,238.269,-7.08081,0.318562,0,342.668,211.085,226.649,0.81401,0,0.000163183
291.75,0,283.208,284.213,285.293,238.268,-7.06151,0.316313,0,342.668,211.085,226.649,0.814911,0,0.000147458
292.25,0,283.191,284.198,285.277,238.267,-7.08485,0.313642,0,342.457,211.051,226.649,0.815852,0,0.0001732
292.75,0,283.178,284.183,285.262,238.267,-7.07045,0.311179,0,342.457,211.051,226.649,0.816772,0,0.000147872
293.25,0,283.166,284.169,285.246,238.266,-7.05282,0.308884,0,342.457,211.051,226.649,0.817678,0,0.000159901
293.75,0,283.154,284.155,285.231,238.266,-7.03371,0.306665,0,342.457,211.051,226.649,0.818574,0,0.000144346
294.25,0,283.137,284.14,285.215,238.265,-7.05681,0.304028,0,342.249,211.018,226.649,0.81951,0,0.000169939
294.75,0,283.124,284.126,285.2,238.265,-7.04255,0.301597,0,342.249,211.018,226.649,0.820424,0,0.000144852
295.25,0,283.112,284.111,285.185,238.264,-7.02508,0.299332,0,342.249,211.018,226.649,0.821324,0,0.000156837
295.75,0,283.1,284.097,285.169,238.263,-7.00615,0.297141,0,342.249,211.018,226.649,0.822215,0,0.000141446
296.25,0,283.084,284.083,285.154,238.263,-7.02902,0.294539,0,342.043,210.985,226.649,0.823146,0,0.000166887
296.75,0,283.071,284.068,285.139,238.262,-7.01489,0.292139,0,342.043,210.985,226.649,0.824054,0,0.000142034
297.25,0,283.059,284.054,285.123,238.262,-6.99759,0.289902,0,342.043,210.985,226.649,0.82495,0,0.000153972
297.75,0,283.047,284.041,285.108,238.261,-6.97884,0.28774,0,342.043,210.985,226.649,0.825836,0,0.000138738
298.25,0,283.031,284.026,285.093,238.26,-7.00148,0.285171,0,341.838,210.952,226.649,0.826761,0,0.000164029
298.75,0,283.018,284.012,285.078,238.26,-6.98748,0.282801,0,341.838,210.952,226.649,0.827665,0,0.0001394
299.25,0,283.006,283.998,285.063,238.259,-6.97034,0.280593,0,341.838,210.952,226.649,0.828555,0,0.00015129
299.75,0,282.995,283.984,285.048,238.259,-6.95176,0.278458,0,341.838,210.952,226.649,0.829436,0,0.000136205
300.25,0,282.979,283.97,285.033,238.258,-6.97418,0.275921,0,341.636,210.919,226.649,0.830356,0,0.000161346
300.75,0,282.966,283.956,285.018,238.258,-6.96032,0.27358,0,341.636,210.919,226.649,0.831255,0,0.000136935
301.25,0,282.954,283.942,285.003,238.257,-6.94333,0.2714,0,341.636,210.919,226.649,0.83214,0,0.000148773
301.75,0,282.943,283.928,284.988,238.256,-6.92493,0.269291,0,341.636,210.919,226.649,0.833016,0,0.000133833
302.25,0,282.927,283.914,284.973,238.256,-6.94713,0.266786,0,341.435,210.887,226.649,0.833931,0,0.000158824
302.75,0,282.915,283.9,284.958,238.255,-6.93339,0.264474,0,341.435,210.887,226.649,0.834825,0,0.000134623
303.25,0,282.903,283.887,284.943,238.255,-6.91656,0.262321,0,341.435,210.887,226.649,0.835706,0,0.000146409
303.75,0,282.891,283.873,284.929,238.254,-6.89832,0.260238,0,341.435,210.887,226.649,0.836577,0,0.000131608
304.25,0,282.876,283.859,284.914,238.254,-6.92031,0.257763,0,341.237,210.855,226.649,0.837487,0,0.000156449
304.75,0,282.863,283.845,284.899,238.253,-6.90669,0.255479,0,341.237,210.855,226.649,0.838376,0,0.000132451
305.25,0,282.852,283.832,284.884,238.252,-6.89002,0.253352,0,341.237,210.855,226.649,0.839252,0,0.000144185
305.75,0,282.841,283.819,284.87,238.252,-6.87194,0.251295,0,341.237,210.855,226.649,0.840118,0,0.000129517
306.25,0,282.825,283.805,284.855,238.251,-6.89373,0.248849,0,341.04,210.823,226.649,0.841024,0,0.000154209
306.75,0,282.813,283.791,284.841,238.251,-6.88023,0.246594,0,341.04,210.823,226.649,0.841908,0,0.000130409
307.25,0,282.801,283.778,284.826,238.25,-6.8637,0.244492,0,341.04,210.823,226.649,0.842779,0,0.000142088
307.75,0,282.79,283.765,284.812,238.25,-6.84579,0.242459,0,341.04,210.823,226.649,0.843641,0,0.000127549
308.25,0,282.775,283.751,284.797,238.249,-6.86738,0.240043,0,340.845,210.792,226.649,0.844542,0,0.000152093
308.75,0,282.763,283.737,284.783,238.248,-6.854,0.237814,0,340.845,210.792,226.649,0.845421,0,0.000128484
309.25,0,282.751,283.724,284.768,238.248,-6.83761,0.235737,0,340.845,210.792,226.649,0.846288,0,0.000140108
309.75,0,282.74,283.711,284.754,238.247,-6.81986,0.233729,0,340.845,210.792,226.649,0.847145,0,0.000125694
310.25,0,282.725,283.697,284.74,238.247,-6.84125,0.231341,0,340.652,210.761,226.649,0.848041,0,0.00015009
310.75,0,282.713,283.684,284.725,238.246,-6.82799,0.229138,0,340.652,210.761,226.649,0.848916,0,0.000126668
311.25,0,282.702,283.671,284.711,238.246,-6.81175,0.227086,0,340.652,210.761,226.649,0.849779,0,0.000138235
311.75,0,282.691,283.658,284.697,238.245,-6.79415,0.225101,0,340.652,210.761,226.649,0.850631,0,0.000123942
312.25,0,282.676,283.644,284.683,238.245,-6.81535,0.222741,0,340.46,210.73,226.649,0.851523,0,0.000148192
312.75,0,282.664,283.631,284.668,238.244,-6.8022,0.220563,0,340.46,210.73,226.649,0.852393,0,0.000124951
313.25,0,282.653,283.618,284.654,238.243,-6.7861,0.218535,0,340.46,210.73,226.649,0.853251,0,0.000136462
313.75,0,282.642,283.605,284.64,238.243,-6.76865,0.216573,0,340.46,210.73,226.649,0.8541,0,0.000122284
314.25,0,282.627,283.592,284.626,238.242,-6.78966,0.21424,0,340.27,210.699,226.649,0.854987,0,0.00014639
314.75,0,282.615,283.579,284.612,238.242,-6.77663,0.212088,0,340.27,210.699,226.649,0.855853,0,0.000123325
315.25,0,282.604,283.566,284.598,238.241,-6.76066,0.210083,0,340.27,210.699,226.649,0.856707,0,0.000134778
315.75,0,282.594,283.553,284.584,238.241,-6.74337,0.208143,0,340.27,210.699,226.649,0.857551,0,0.000120714
316.25,0,282.579,283.54,284.57,238.24,-6.7642,0.205837,0,340.082,210.669,226.649,0.858433,0,0.000144676
316.75,0,282.567,283.527,284.556,238.239,-6.75127,0.203709,0,340.082,210.669,226.649,0.859295,0,0.000121783
317.25,0,282.556,283.514,284.542,238.239,-6.73544,0.201726,0,340.082,210.669,226.649,0.860145,0,0.000133178
317.75,0,282.546,283.502,284.528,238.238,-6.71829,0.199809,0,340.082,210.669,226.649,0.860984,0,0.000119224
318.25,0,282.531,283.488,284.514,238.238,-6.73894,0.197528,0,339.895,210.639,226.649,0.861863,0,0.000143044
318.75,0,282.519,283.476,284.501,238.237,-6.72612,0.195425,0,339.895,210.639,226.649,0.86272,0,0.000120318
319.25,0,282.509,283.463,284.487,238.237,-6.71043,0.193464,0,339.895,210.639,226.649,0.863566,0,0.000131655
319.75,0,282.498,283.451,284.473,238.236,-6.69342,0.191568,0,339.895,210.639,226.649,0.864402,0,0.000117808
320.25,0,282.484,283.437,284.459,238.236,-6.7139,0.189313,0,339.71,210.609,226.649,0.865276,0,0.000141486
320.75,0,282.472,283.425,284.446,238.235,-6.70118,0.187233,0,339.71,210.609,226.649,0.866129,0,0.000118923
321.25,0,282.461,283.412,284.432,238.234,-6.68562,0.185294,0,339.71,210.609,226.649,0.86697,0,0.000130203
321.75,0,282.451,283.4,284.418,238.234,-6.66876,0.183419,0,339.71,210.609,226.649,0.867802,0,0.000116459
322.25,0,282.437,283.387,284.405,238.233,-6.68906,0.181189,0,339.526,210.58,226.649,0.868672,0,0.000139997
322.75,0,282.425,283.374,284.391,238.233,-6.67645,0.179131,0,339.526,210.58,226.649,0.869521,0,0.000117594
323.25,0,282.415,283.362,284.377,238.232,-6.66102,0.177214,0,339.526,210.58,226.649,0.870359,0,0.000128816
323.75,0,282.404,283.35,284.364,238.232,-6.64429,0.17536,0,339.526,210.58,226.649,0.871186,0,0.000115173
324.25,0,282.39,283.337,284.35,238.231,-6.66442,0.173154,0,339.344,210.551,226.649,0.872052,0,0.000138572
324.75,0,282.379,283.324,284.337,238.231,-6.65192,0.171118,0,339.344,210.551,226.649,0.872898,0,0.000116326
325.25,0,282.368,283.312,284.323,238.23,-6.63661,0.169222,0,339.344,210.551,226.649,0.873731,0,0.000127489
325.75,0,282.358,283.3,284.31,238.229,-6.62002,0.167388,0,339.344,210.551,226.649,0.874555,0,0.000113945
326.25,0,282.344,283.287,284.297,238.229,-6.63999,0.165205,0,339.164,210.522,226.649,0.875417,0,0.000137207
326.75,0,282.333,283.275,284.283,238.228,-6.62759,0.163192,0,339.164,210.522,226.649,0.876258,0,0.000115112
327.25,0,282.322,283.263,284.27,238.228,-6.6124,0.161316,0,339.164,210.522,226.649,0.877087,0,0.000126218
327.75,0,282.312,283.25,284.257,238.227,-6.59595,0.159501,0,339.164,210.522,226.649,0.877908,0,0.00011277
328.25,0,282.298,283.238,284.243,238.227,-6.61575,0.157342,0,338.985,210.493,226.649,0.878766,0,0.000135895
328.75,0,282.287,283.226,284.23,238.226,-6.60345,0.15535,0,338.985,210.493,226.649,0.879603,0,0.000113951
329.25,0,282.277,283.213,284.217,238.226,-6.58839,0.153494,0,338.985,210.493,226.649,0.880429,0,0.000124998
329.75,0,282.267,283.202,284.204,238.225,-6.57207,0.151699,0,338.985,210.493,226.649,0.881245,0,0.000111644
330.25,0,282.253,283.189,284.19,238.224,-6.59171,0.149563,0,338.807,210.464,226.649,0.882099,0,0.000134635
330.75,0,282.242,283.177,284.177,238.224,-6.57951,0.147592,0,338.807,210.464,226.649,0.882933,0,0.000112837
331.25,0,282.231,283.165,284.164,238.223,-6.56457,0.145755,0,338.807,210.464,226.649,0.883754,0,0.000123826
331.75,0,282.221,283.153,284.151,238.223,-6.54837,0.143979,0,338.807,210.464,226.649,0.884567,0,0.000110564
332.25,0,282.208,283.141,284.138,238.222,-6.56786,0.141865,0,338.631,210.436,226.649,0.885417,0,0.000133422
332.75,0,282.197,283.129,284.125,238.222,-6.55576,0.139915,0,338.631,210.436,226.649,0.886247,0,0.000111767
333.25,0,282.187,283.117,284.112,238.221,-6.54093,0.138097,0,338.631,210.436,226.649,0.887065,0,0.000122699
333.75,0,282.177,283.105,284.099,238.221,-6.52487,0.13634,0,338.631,210.436,226.649,0.887874,0,0.000109526
334.25,0,282.163,283.093,284.086,238.22,-6.5442,0.134247,0,338.456,210.408,226.649,0.888721,0,0.000132252
334.75,0,282.152,283.081,284.073,238.22,-6.53219,0.132317,0,338.456,210.408,226.649,0.889547,0,0.000110737
335.25,0,282.142,283.069,284.06,238.219,-6.51749,0.130519,0,338.456,210.408,226.649,0.890362,0,0.000121612
335.75,0,282.132,283.057,284.047,238.218,-6.50155,0.128779,0,338.456,210.408,226.649,0.891167,0,0.000108527
336.25,0,282.119,283.045,284.034,238.218,-6.52073,0.126708,0,338.282,210.38,226.649,0.89201,0,0.000131123
336.75,0,282.108,283.033,284.021,238.217,-6.50881,0.124798,0,338.282,210.38,226.649,0.892832,0,0.000109746
337.25,0,282.098,283.021,284.009,238.217,-6.49422,0.123018,0,338.282,210.38,226.649,0.893643,0,0.000120564
337.75,0,282.088,283.01,283.996,238.216,-6.47841,0.121296,0,338.282,210.38,226.649,0.894445,0,0.000107564
338.25,0,282.075,282.998,283.983,238.216,-6.49745,0.119246,0,338.11,210.353,226.649,0.895284,0,0.000130031
338.75,0,282.064,282.986,283.97,238.215,-6.48562,0.117355,0,338.11,210.353,226.649,0.896103,0,0.00010879
339.25,0,282.054,282.974,283.958,238.215,-6.47114,0.115593,0,338.11,210.353,226.649,0.896911,0,0.000119551
339.75,0,282.045,282.963,283.945,238.214,-6.45545,0.113888,0,338.11,210.353,226.649,0.897709,0,0.000106636
340.25,0,282.031,282.951,283.932,238.214,-6.47434,0.111859,0,337.939,210.325,226.649,0.898545,0,0.000128975
340.75,0,282.021,282.939,283.92,238.213,-6.4626,0.109987,0,337.939,210.325,226.649,0.89936,0,0.000107867
341.25,0,282.011,282.928,283.907,238.213,-6.44823,0.108243,0,337.939,210.325,226.649,0.900164,0,0.000118572
341.75,0,282.001,282.916,283.894,238.212,-6.43266,0.106555,0,337.939,210.325,226.649,0.900959,0,0.000105739
342.25,0,281.988,282.904,283.882,238.211,-6.45141,0.104546,0,337.769,210.298,226.649,0.901791,0,0.000127952
342.75,0,281.978,282.893,283.869,238.211,-6.43977,0.102693,0,337.769,210.298,226.649,0.902603,0,0.000106974
343.25,0,281.968,282.881,283.857,238.21,-6.42551,0.100966,0,337.769,210.298,226.649,0.903404,0,0.000117623
343.75,0,281.958,282.87,283.844,238.21,-6.41005,0.099295,0,337.769,210.298,226.649,0.904195,0,0.000104871
344.25,0,281.945,282.858,283.832,238.209,-6.42866,0.0973058,0,337.601,210.271,226.649,0.905024,0,0.000126959
344.75,0,281.935,282.847,283.819,238.209,-6.41711,0.0954704,0,337.601,210.271,226.649,0.905832,0,0.00010611
345.25,0,281.925,282.835,283.807,238.208,-6.40295,0.0937604,0,337.601,210.271,226.649,0.90663,0,0.000116703
345.75,0,281.916,282.824,283.794,238.208,-6.38761,0.0921063,0,337.601,210.271,226.649,0.907418,0,0.00010403
346.25,0,281.903,282.813,283.782,238.207,-6.40609,0.0901365,0,337.434,210.244,226.649,0.908243,0,0.000125996
346.75,0,281.893,282.801,283.77,238.207,-6.39462,0.0883191,0,337.434,210.244,226.649,0.909048,0,0.000105272
347.25,0,281.883,282.79,283.757,238.206,-6.38057,0.0866258,0,337.434,210.244,226.649,0.909842,0,0.00011581
347.75,0,281.874,282.779,283.745,238.206,-6.36534,0.0849878,0,337.434,210.244,226.649,0.910627,0,0.000103216
348.25,0,281.861,282.767,283.733,238.205,-6.38369,0.083037,0,337.268,210.217,226.649,0.911449,0,0.000125059
348.75,0,281.85,282.756,283.72,238.204,-6.3723,0.0812372,0,337.268,210.217,226.649,0.912251,0,0.00010446
349.25,0,281.841,282.745,283.708,238.204,-6.35836,0.0795603,0,337.268,210.217,226.649,0.913041,0,0.000114943
349.75,0,281.832,282.734,283.696,238.203,-6.34324,0.0779381,0,337.268,210.217,226.649,0.913823,0,0.000102425
350.25,0,281.819,282.722,283.684,238.203,-6.36145,0.0760061,0,337.103,210.191,226.649,0.914642,0,0.000124147
350.75,0,281.809,282.711,283.672,238.202,-6.35015,0.0742234,0,337.103,210.191,226.649,0.91544,0,0.00010367
351.25,0,281.799,282.7,283.659,238.202,-6.33631,0.0725626,0,337.103,210.191,226.649,0.916228,0,0.000114099
351.75,0,281.79,282.689,283.647,238.201,-6.32131,0.070956,0,337.103,210.191,226.649,0.917006,0,0.000101656
352.25,0,281.777,282.677,283.635,238.201,-6.33939,0.0690423,0,336.939,210.165,226.649,0.917821,0,0.00012326
352.75,0,281.767,282.666,283.623,238.2,-6.32817,0.0672766,0,336.939,210.165,226.649,0.918617,0,0.000102903
353.25,0,281.758,282.655,283.611,238.2,-6.31443,0.0656316,0,336.939,210.165,226.649,0.919401,0,0.000113278
353.75,0,281.749,282.644,283.599,238.199,-6.29954,0.0640403,0,336.939,210.165,226.649,0.920177,0,0.000100909
354.25,0,281.736,282.633,283.587,238.199,-6.31749,0.0621446,0,336.777,210.139,226.649,0.920989,0,0.000122394
354.75,0,281.726,282.622,283.575,238.198,-6.30635,0.0603955,0,336.777,210.139,226.649,0.921781,0,0.000102156
355.25,0,281.717,282.611,283.563,238.198,-6.29271,0.058766,0,336.777,210.139,226.649,0.922562,0,0.000112478
355.75,0,281.708,282.6,283.551,238.197,-6.27792,0.0571896,0,336.777,210.139,226.649,0.923334,0,0.000100181
356.25,0,281.695,282.589,283.539,238.197,-6.29575,0.0553117,0,336.615,210.113,226.649,0.924143,0,0.00012155
356.75,0,281.685,282.578,283.527,238.196,-6.2847,0.0535789,0,336.615,210.113,226.649,0.924932,0,0.000101428
357.25,0,281.676,282.567,283.515,238.195,-6.27115,0.0519646,0,336.615,210.113,226.649,0.92571,0,0.000111697
357.75,0,281.667,282.557,283.503,238.195,-6.25647,0.050403,0,336.615,210.113,226.649,0.92648,0,9.9472e-05
358.25,0,281.655,282.545,283.491,238.194,-6.27418,0.0485424,0,336.455,210.087,226.649,0.927285,0,0.000120726
358.75,0,281.645,282.534,283.479,238.194,-6.2632,0.0468257,0,336.455,210.087,226.649,0.928071,0,0.000100718
359.25,0,281.636,282.524,283.468,238.193,-6.24975,0.0452263,0,336.455,210.087,226.649,0.928846,0,0.000110935
359.75,0,281.627,282.513,283.456,238.193,-6.23518,0.0436792,0,336.455,210.087,226.649,0.929613,0,9.87804e-05
360.25,0,281.614,282.502,283.444,238.192,-6.25276,0.0418356,0,336.296,210.061,226.649,0.930415,0,0.00011992
360.75,0,281.605,282.491,283.432,238.192,-6.24186,0.0401347,0,336.296,210.061,226.649,0.931198,0,0.000100026
361.25,0,281.595,282.48,283.421,238.191,-6.22851,0.0385501,0,336.296,210.061,226.649,0.93197,0,0.00011019
361.75,0,281.586,282.47,283.409,238.191,-6.21404,0.0370171,0,336.296,210.061,226.649,0.932734,0,9.81053e-05
362.25,0,281.574,282.459,283.397,238.19,-6.2315,0.0351903,0,336.138,210.036,226.649,0.933533,0,0.000119132
362.75,0,281.565,282.448,283.385,238.19,-6.22068,0.0335049,0,336.138,210.036,226.649,0.934313,0,9.93497e-05
363.25,0,281.555,282.438,283.374,238.189,-6.20742,0.0319347,0,336.138,210.036,226.649,0.935082,0,0.000109463
363.75,0,281.547,282.427,283.362,238.189,-6.19305,0.0304157,0,336.138,210.036,226.649,0.935843,0,9.74458e-05
364.25,0,281.534,282.416,283.351,238.188,-6.21039,0.0286054,0,335.981,210.011,226.649,0.936639,0,0.000118361
364.75,0,281.525,282.405,283.339,238.188,-6.19965,0.0269352,0,335.981,210.011,226.649,0.937416,0,9.86887e-05
365.25,0,281.516,282.395,283.327,238.187,-6.18648,0.0253791,0,335.981,210.011,226.649,0.938182,0,0.00010875
365.75,0,281.507,282.385,283.316,238.187,-6.17221,0.0238739,0,335.981,210.011,226.649,0.93894,0,9.6801e-05
366.25,0,281.495,282.374,283.304,238.186,-6.18944,0.0220798,0,335.825,209.986,226.649,0.939733,0,0.000117606
366.75,0,281.485,282.363,283.293,238.186,-6.17877,0.0204245,0,335.825,209.986,226.649,0.940507,0,9.80422e-05
367.25,0,281.477,282.353,283.281,238.185,-6.1657,0.0188824,0,335.825,209.986,226.649,0.941271,0,0.000108053
367.75,0,281.468,282.342,283.27,238.185,-6.15152,0.0173907,0,335.825,209.986,226.649,0.942025,0,9.61702e-05
368.25,0,281.458,282.332,283.258,238.184,-6.16531,0.00473588,0,335.67,209.961,226.649,0.942791,7.91614e-06,0.000116866
368.75,0,281.456,282.323,283.247,238.184,-6.13032,0.0629386,0,335.67,209.961,226.649,0.9435,0.000178534,0.000121648
369.25,0,281.449,282.313,283.236,238.183,-6.11513,0.00405586,0,335.67,209.961,226.649,0.94409,0.0002121,0.000136902
369.75,0,281.442,282.304,283.224,238.182,-6.09528,-0.0417693,0,335.67,209.961,226.649,0.944638,0.000236912,0.000127456
370.25,0,281.433,282.295,283.213,238.182,-6.11019,-0.0981033,0,335.524,209.943,226.649,0.945143,0.00027016,0.000148726
370.75,0,281.427,282.286,283.202,238.181,-6.09168,-0.137252,0,335.524,209.943,226.649,0.945626,0.000290573,0.000133354
371.25,0,281.42,282.277,283.19,238.181,-6.07232,-0.170542,0,335.524,209.943,226.649,0.946093,0.000308068,0.000144561
371.75,0,281.414,282.268,283.179,238.18,-6.05083,-0.203678,0,335.524,209.943,226.649,0.946544,0.00032597,0.00013503
372.25,0,281.405,282.259,283.168,238.18,-6.06045,-0.249617,0,335.383,209.923,226.649,0.946976,0.000353254,0.000155586
372.75,0,281.399,282.25,283.157,238.179,-6.04172,-0.281885,0,335.383,209.923,226.649,0.947396,0.000370034,0.000139457
373.25,0,281.392,282.241,283.146,238.179,-6.02226,-0.309759,0,335.383,209.923,226.649,0.947807,0.000384705,0.000149799
373.75,0,281.386,282.233,283.135,238.178,-6.00248,-0.3358,0,335.383,209.923,226.649,0.948208,0.000398414,0.000141226
374.25,0,281.378,282.224,283.124,238.178,-6.01068,-0.379904,0,335.245,209.904,226.649,0.948595,0.000425226,0.000159491
374.75,0,281.371,282.215,283.113,238.177,-5.9937,-0.406098,0,335.245,209.904,226.649,0.948976,0.000438342,0.000144342
375.25,0,281.365,282.207,283.102,238.177,-5.97377,-0.432608,0,335.245,209.904,226.649,0.94935,0.000452685,0.000152942
375.75,0,281.359,282.198,283.091,238.176,-5.95408,-0.456199,0,335.245,209.904,226.649,0.949718,0.000465198,0.000143728
376.25,0,281.351,282.189,283.081,238.176,-5.96358,-0.494903,0,335.11,209.885,226.649,0.950074,0.000488622,0.000162974
376.75,0,281.344,282.181,283.07,238.175,-5.94595,-0.520752,0,335.11,209.885,226.649,0.950426,0.000502011,0.000146529
377.25,0,281.338,282.173,283.059,238.175,-5.92765,-0.542983,0,335.11,209.885,226.649,0.950772,0.000513703,0.000155891
377.75,0,281.332,282.164,283.049,238.174,-5.90878,-0.5642,0,335.11,209.885,226.649,0.951114,0.000524929,0.000146757
378.25,0,281.324,282.156,283.038,238.174,-5.91809,-0.600864,0,334.977,209.866,226.649,0.951446,0.000547268,0.00016544
378.75,0,281.317,282.148,283.028,238.173,-5.90084,-0.625052,0,334.977,209.866,226.649,0.951775,0.000559839,0.000148788
379.25,0,281.311,282.139,283.017,238.173,-5.88324,-0.645297,0,334.977,209.866,226.649,0.9521,0.000570436,0.000157975
379.75,0,281.305,282.131,283.007,238.172,-5.86507,-0.664665,0,334.977,209.866,226.649,0.952422,0.000580645,0.000148839
380.25,0,281.297,282.123,282.996,238.172,-5.87312,-0.701668,0,334.846,209.847,226.649,0.952735,0.000603533,0.000166016
380.75,0,281.291,282.115,282.986,238.171,-5.85741,-0.722267,0,334.846,209.847,226.649,0.953046,0.000613792,0.000150471
381.25,0,281.285,282.106,282.976,238.171,-5.84012,-0.741304,0,334.846,209.847,226.649,0.953353,0.000623805,0.000159322
381.75,0,281.279,282.099,282.965,238.17,-5.82236,-0.75941,0,334.846,209.847,226.649,0.953658,0.000633362,0.000150073
382.25,0,281.271,282.09,282.955,238.17,-5.83151,-0.793031,0,334.716,209.829,226.649,0.953955,0.000654047,0.000168144
382.75,0,281.265,282.082,282.945,238.169,-5.81543,-0.814062,0,334.716,209.829,226.649,0.95425,0.000664879,0.000151678
383.25,0,281.259,282.074,282.935,238.169,-5.79871,-0.831757,0,334.716,209.829,226.649,0.954543,0.000674138,0.000160478
383.75,0,281.253,282.066,282.925,238.168,-5.78141,-0.84869,0,334.716,209.829,226.649,0.954833,0.000683065,0.000151213
384.25,0,281.245,282.058,282.914,238.168,-5.79021,-0.88141,0,334.588,209.811,226.649,0.955116,0.000703309,0.000168837
384.75,0,281.238,282.05,282.904,238.167,-5.77555,-0.899431,0,334.588,209.811,226.649,0.955398,0.000712168,0.000153463
385.25,0,281.232,282.042,282.894,238.167,-5.75845,-0.917774,0,334.588,209.811,226.649,0.955678,0.000722106,0.000161217
385.75,0,281.227,282.034,282.884,238.166,-5.74143,-0.933833,0,334.588,209.811,226.649,0.955955,0.000730575,0.00015184
386.25,0,281.219,282.026,282.874,238.166,-5.75004,-0.965666,0,334.461,209.792,226.649,0.956227,0.000750356,0.000169147
386.75,0,281.212,282.018,282.865,238.165,-5.73584,-0.982668,0,334.461,209.792,226.649,0.956497,0.000758661,0.000153845
387.25,0,281.207,282.011,282.855,238.165,-5.72007,-0.99827,0,334.461,209.792,339.934,0.956766,0.000766779,0.000162518
387.75,0,281.201,282.003,282.845,238.165,-5.70371,-1.01318,0,334.461,209.792,339.934,0.957032,0.000774586,0.000153329
388.25,0,281.193,281.995,282.835,238.164,-5.71162,-1.04568,0,334.336,209.774,339.934,0.957293,0.000795009,0.000169599
388.75,0,281.187,281.987,282.825,238.164,-5.69759,-1.062,0,334.336,209.774,339.934,0.957553,0.000802972,0.000154218
389.25,0,281.181,281.979,282.815,238.163,-5.68203,-1.07695,0,334.336,209.774,339.934,0.957812,0.000810767,0.00016269
389.75,0,281.175,281.972,282.806,238.163,-5.66589,-1.09123,0,334.336,209.774,339.934,0.958069,0.000818265,0.000153408
390.25,0,281.167,281.964,282.796,238.162,-5.67457,-1.12112,0,334.211,209.756,339.934,0.958321,0.000836925,0.000170486
390.75,0,281.161,281.956,282.786,238.162,-5.66033,-1.13805,0,334.211,209.756,339.934,0.958572,0.000845479,0.000154452
391.25,0,281.155,281.948,282.777,238.161,-5.645,-1.15238,0,334.211,209.756,339.934,0.958821,0.00085295,0.00016278
391.75,0,281.15,281.941,282.767,238.161,-5.62911,-1.16607,0,334.211,209.756,339.934,0.95907,0.000860147,0.00015344
392.25,0,281.142,281.933,282.758,238.16,-5.63766,-1.19533,0,334.088,209.738,339.934,0.959313,0.000878476,0.000170292
392.75,0,281.136,281.925,282.748,238.16,-5.62421,-1.21033,0,334.088,209.738,339.934,0.959556,0.000885763,0.000154941
393.25,0,281.13,281.918,282.738,238.159,-5.60939,-1.22382,0,334.088,209.738,339.934,0.959797,0.000892755,0.000163345
393.75,0,281.124,281.91,282.729,238.159,-5.59398,-1.23669,0,334.088,209.738,339.934,0.960038,0.000899468,0.000154163
394.25,0,281.116,281.903,282.72,238.158,-5.6021,-1.26645,0,333.966,209.72,339.934,0.960273,0.000918277,0.000170259
394.75,0,281.11,281.895,282.71,238.158,-5.58922,-1.27885,0,333.966,209.72,339.934,0.960508,0.000948995,0.00015583
395.25,0,281.105,281.888,282.701,238.157,-5.57465,-1.2921,0,333.966,209.72,339.934,0.960743,0.000956595,0.000164014
395.75,0,281.099,281.88,282.691,238.157,-5.55947,-1.30471,0,333.966,209.72,339.934,0.960976,0.00096382,0.000154714
396.25,0,281.091,281.873,282.682,238.156,-5.56778,-1.33373,0,333.845,209.703,339.934,0.961204,0.000982671,0.000170776
396.75,0,281.085,281.865,282.673,238.156,-5.55487,-1.3478,0,333.845,209.703,339.934,0.961433,0.000990512,0.000155451
397.25,0,281.079,281.858,282.663,238.155,-5.54046,-1.3605,0,333.845,209.703,339.934,0.96166,0.00099777,0.000163541
397.75,0,281.074,281.85,282.654,238.155,-5.52547,-1.37258,0,333.845,209.703,339.934,0.961887,0.00100469,0.000154239
398.25,0,281.066,281.843,282.645,238.154,-5.53397,-1.39999,0,333.725,209.685,339.934,0.962109,0.00102244,0.000170699
398.75,0,281.06,281.835,282.636,238.154,-5.52131,-1.41349,0,333.725,209.685,339.934,0.962331,0.00102994,0.000155435
399.25,0,281.054,281.828,282.626,238.153,-5.50715,-1.42564,0,333.725,209.685,339.934,0.962552,0.00103687,0.000163501
399.75,0,281.049,281.821,282.617,238.153,-5.49226,-1.43787,0,333.725,209.685,339.934,0.962773,0.00104396,0.000153922
400.25,0,281.041,281.813,282.608,238.153,-5.50071,-1.46486,0,333.606,209.667,339.934,0.962989,0.00106152,0.000170208
400.75,0,281.035,281.806,282.599,238.152,-5.48822,-1.47798,0,333.606,209.667,339.934,0.963205,0.00107102,0.00015494
401.25,0,281.029,281.798,282.59,238.152,-5.47426,-1.48975,0,333.606,209.667,339.934,0.963421,0.00107955,0.000162908
401.75,0,281.024,281.791,282.581,238.151,-5.45973,-1.50093,0,333.606,209.667,339.934,0.963636,0.00108765,0.000153628
402.25,0,281.016,281.784,282.572,238.151,-5.46819,-1.52727,0,333.487,209.65,339.934,0.963847,0.00110673,0.000169863
402.75,0,281.01,281.776,282.563,238.15,-5.45594,-1.5399,0,333.487,209.65,339.934,0.964057,0.00111588,0.00015467
403.25,0,281.005,281.769,282.554,238.15,-5.44222,-1.55121,0,333.487,209.65,339.934,0.964268,0.00112407,0.000162607
403.75,0,280.999,281.762,282.545,238.149,-5.42792,-1.56193,0,333.487,209.65,339.934,0.964477,0.00113183,0.000153374
404.25,0,280.992,281.754,282.536,238.149,-5.43639,-1.58771,0,333.37,209.633,339.934,0.964683,0.0011505,0.000169537
404.75,0,280.986,281.747,282.527,238.148,-5.42436,-1.5999,0,333.37,209.633,339.934,0.964889,0.00115933,0.00015442
405.25,0,280.98,281.74,282.518,238.148,-5.41086,-1.61077,0,333.37,209.633,339.934,0.965094,0.0011672,0.000162324
405.75,0,280.975,281.733,282.509,238.147,-5.39679,-1.62107,0,333.37,209.633,339.934,0.965298,0.00117466,0.000153139
406.25,0,280.967,281.725,282.5,238.147,-5.40527,-1.64632,0,333.253,209.615,339.934,0.965499,0.00119295,0.00016923
406.75,0,280.961,281.718,282.491,238.146,-5.39344,-1.65809,0,333.253,209.615,339.934,0.9657,0.00120147,0.000154188
407.25,0,280.956,281.711,282.482,238.146,-5.38017,-1.66856,0,333.253,209.615,339.934,0.965901,0.00120905,0.000162063
407.75,0,280.95,281.704,282.474,238.146,-5.36637,-1.67841,0,333.253,209.615,339.934,0.966101,0.00121618,0.000152963
408.25,0,280.943,281.697,282.465,238.145,-5.3749,-1.70312,0,333.137,209.598,339.934,0.966297,0.00123408,0.000169012
408.75,0,280.937,281.69,282.456,238.145,-5.36332,-1.71445,0,333.137,209.598,339.934,0.966494,0.00124228,0.000154082
409.25,0,280.931,281.682,282.447,238.144,-5.3503,-1.7245,0,333.137,209.598,339.934,0.96669,0.00124956,0.000161957
409.75,0,280.926,281.675,282.439,238.144,-5.33671,-1.73399,0,333.137,209.598,339.934,0.966885,0.00125643,0.000152902
410.25,0,280.918,281.668,282.43,238.143,-5.34523,-1.75824,0,333.022,209.581,339.934,0.967078,0.00127399,0.00016888
410.75,0,280.913,281.661,282.421,238.143,-5.33384,-1.7692,0,333.022,209.581,339.934,0.96727,0.00128193,0.000154022
411.25,0,280.907,281.654,282.412,238.142,-5.32102,-1.77891,0,333.022,209.581,339.934,0.967462,0.00128896,0.000161863
411.75,0,280.902,281.647,282.404,238.142,-5.30763,-1.78806,0,333.022,209.581,339.934,0.967654,0.00129558,0.000152853
412.25,0,280.894,281.64,282.395,238.141,-5.31615,-1.81186,0,332.907,209.564,339.934,0.967842,0.00131282,0.000168758
412.75,0,280.888,281.633,282.387,238.141,-5.30494,-1.82249,0,332.907,209.564,339.934,0.96803,0.00132052,0.000153972
413.25,0,280.883,281.626,282.378,238.141,-5.2923,-1.83187,0,332.907,209.564,339.934,0.968218,0.0013273,0.000161779
413.75,0,280.878,281.619,282.369,238.14,-5.2791,-1.8407,0,332.907,209.564,339.934,0.968406,0.0013337,0.000152812
414.25,0,280.87,281.612,282.361,238.14,-5.28762,-1.86408,0,332.794,209.547,339.934,0.96859,0.00135063,0.000168646
414.75,0,280.864,281.605,282.352,238.139,-5.27658,-1.8744,0,332.794,209.547,339.934,0.968775,0.0013581,0.000153931
415.25,0,280.859,281.598,282.344,238.139,-5.26413,-1.88346,0,332.794,209.547,339.934,0.968959,0.00136466,0.000161703
415.75,0,280.854,281.591,282.335,238.138,-5.25111,-1.892,0,332.794,209.547,339.934,0.969143,0.00137084,0.00015278
416.25,0,280.846,281.584,282.327,238.138,-5.25962,-1.91499,0,332.681,209.53,339.934,0.969324,0.00138749,0.000168543
416.75,0,280.841,281.577,282.318,238.137,-5.24875,-1.925,0,332.681,209.53,339.934,0.969505,0.00139473,0.000153897
417.25,0,280.835,281.57,282.31,238.137,-5.23647,-1.93378,0,332.681,209.53,339.934,0.969686,0.00140109,0.000161636
417.75,0,280.83,281.563,282.301,238.136,-5.22363,-1.94203,0,332.681,209.53,339.934,0.969866,0.00140706,0.000152755
418.25,0,280.823,281.556,282.293,238.136,-5.23213,-1.96464,0,332.569,209.514,339.934,0.970044,0.00142343,0.000168448
418.75,0,280.817,281.549,282.285,238.136,-5.22142,-1.97436,0,332.569,209.514,339.934,0.970222,0.00143047,0.000153871
419.25,0,280.811,281.542,282.276,238.135,-5.20931,-1.98287,0,332.569,209.514,339.934,0.970399,0.00143663,0.000161575
419.75,0,280.806,281.536,282.268,238.135,-5.19664,-1.99086,0,332.569,209.514,339.934,0.970576,0.00144241,0.000152737
420.25,0,280.799,281.529,282.26,238.134,-5.20513,-2.0131,0,332.457,209.497,339.934,0.97075,0.00145852,0.000168359
420.75,0,280.793,281.522,282.251,238.134,-5.19457,-2.02256,0,332.457,209.497,339.934,0.970925,0.00146536,0.00015385
421.25,0,280.788,281.515,282.243,238.133,-5.18262,-2.03081,0,332.457,209.497,339.934,0.971099,0.00147133,0.000161521
421.75,0,280.783,281.508,282.235,238.133,-5.17011,-2.03854,0,332.457,209.497,339.934,0.971273,0.00147692,0.000152724
422.25,0,280.775,281.501,282.226,238.132,-5.1786,-2.06044,0,332.346,209.48,339.934,0.971444,0.00149278,0.000168277
422.75,0,280.77,281.495,282.218,238.132,-5.16819,-2.06964,0,332.346,209.48,339.934,0.971616,0.00149944,0.000153834
423.25,0,280.764,281.488,282.21,238.131,-5.15639,-2.07764,0,332.346,209.48,339.934,0.971787,0.00150523,0.000161471
423.75,0,280.759,281.481,282.202,238.131,-5.14404,-2.08514,0,332.346,209.48,339.934,0.971958,0.00151065,0.000152715
424.25,0,280.752,281.474,282.194,238.131,-5.15251,-2.10671,0,332.236,209.464,339.934,0.972126,0.00152627,0.000168199
424.75,0,280.746,281.468,282.185,238.13,-5.14224,-2.11567,0,332.236,209.464,339.934,0.972295,0.00153276,0.000153823
425.25,0,280.741,281.461,282.177,238.13,-5.13059,-2.12344,0,332.236,209.464,339.934,0.972463,0.00153838,0.000161426
425.75,0,280.736,281.454,282.169,238.129,-5.11842,-2.13067,0,332.236,209.464,339.934,0.972631,0.00154361,0.000152732
426.25,0,280.729,281.447,282.161,238.129,-5.12693,-2.15188,0,332.126,209.447,339.934,0.972796,0.00155897,0.00016818
426.75,0,280.723,281.441,282.153,238.128,-5.11686,-2.16055,0,332.126,209.447,339.934,0.972962,0.00156524,0.000153912
427.25,0,280.718,281.434,282.145,238.128,-5.10541,-2.16804,0,332.126,209.447,339.934,0.973128,0.00157066,0.000161524
427.75,0,280.713,281.427,282.137,238.127,-5.09341,-2.17503,0,332.126,209.447,339.934,0.973293,0.00157572,0.00015289
428.25,0,280.705,281.421,282.129,238.127,-5.10191,-2.19593,0,332.018,209.431,339.934,0.973456,0.00159085,0.000168269
428.75,0,280.7,281.414,282.12,238.127,-5.09197,-2.20438,0,332.018,209.431,339.934,0.973619,0.00159697,0.000154065
429.25,0,280.695,281.407,282.112,238.126,-5.08066,-2.21166,0,332.018,209.431,339.934,0.973782,0.00160223,0.000161643
429.75,0,280.689,281.401,282.104,238.126,-5.0688,-2.21845,0,332.018,209.431,339.934,0.973944,0.00160714,0.000153048
430.25,0,280.682,281.394,282.096,238.125,-5.07729,-2.23906,0,331.909,209.415,339.934,0.974104,0.00162206,0.000168358
430.75,0,280.677,281.387,282.088,238.125,-5.06747,-2.2473,0,331.909,209.415,339.934,0.974265,0.00162802,0.000154218
431.25,0,280.672,281.381,282.08,238.124,-5.05629,-2.25438,0,331.909,209.415,339.934,0.974425,0.00163315,0.000161761
431.75,0,280.667,281.374,282.072,238.124,-5.04457,-2.26097,0,331.909,209.415,339.934,0.974585,0.00163791,0.000153205
432.25,0,280.659,281.368,282.065,238.124,-5.05304,-2.2813,0,331.802,209.399,339.934,0.974743,0.00165263,0.000168446
432.75,0,280.654,281.361,282.057,238.123,-5.04335,-2.28934,0,331.802,209.399,339.934,0.974901,0.00165845,0.00015437
433.25,0,280.649,281.354,282.049,238.123,-5.0323,-2.29623,0,331.802,209.399,339.934,0.975059,0.00166343,0.000161879
433.75,0,280.644,281.348,282.041,238.122,-5.02072,-2.30263,0,331.802,209.399,339.934,0.975216,0.00166806,0.000153361
434.25,0,280.637,281.341,282.033,238.122,-5.02917,-2.32269,0,331.695,209.383,339.934,0.975372,0.00168258,0.000168534
434.75,0,280.631,281.335,282.025,238.121,-5.0196,-2.33054,0,331.695,209.383,339.934,0.975527,0.00168826,0.000154521
435.25,0,280.626,281.328,282.017,238.121,-5.00867,-2.33724,0,331.695,209.383,339.934,0.975683,0.00169311,0.000161996
435.75,0,280.621,281.322,282.009,238.12,-4.99721,-2.34347,0,331.695,209.383,339.934,0.975838,0.00169761,0.000153516
436.25,0,280.614,281.315,282.001,238.12,-5.00565,-2.36326,0,331.588,209.367,339.934,0.975991,0.00171194,0.000168621
436.75,0,280.608,281.309,281.994,238.12,-4.99619,-2.37093,0,331.588,209.367,339.934,0.976144,0.00171748,0.00015467
437.25,0,280.603,281.302,281.986,238.119,-4.98539,-2.37746,0,331.588,209.367,339.934,0.976297,0.0017222,0.000162111
437.75,0,280.598,281.296,281.978,238.119,-4.97406,-2.38351,0,331.588,209.367,339.934,0.976451,0.00172658,0.000153669
438.25,0,280.591,281.289,281.97,238.118,-4.98248,-2.40305,0,331.482,209.351,339.934,0.976601,0.00174072,0.000168706
438.75,0,280.586,281.283,281.963,238.118,-4.97313,-2.41054,0,331.482,209.351,339.934,0.976752,0.00174614,0.000154817
439.25,0,280.581,281.276,281.955,238.117,-4.96245,-2.4169,0,331.482,209.351,339.934,0.976903,0.00175074,0.000162225
439.75,0,280.576,281.27,281.947,238.117,-4.95123,-2.42279,0,331.482,209.351,339.934,0.977054,0.001755,0.000153819
440.25,0,280.569,281.263,281.939,238.117,-4.95964,-2.44208,0,331.377,209.335,339.934,0.977203,0.00176897,0.00016879
440.75,0,280.563,281.257,281.932,238.116,-4.9504,-2.4494,0,331.377,209.335,339.934,0.977352,0.00177426,0.000154962
441.25,0,280.558,281.251,281.924,238.116,-4.93983,-2.4556,0,331.377,209.335,339.934,0.977501,0.00177874,0.000162337
441.75,0,280.553,281.244,281.916,238.115,-4.92873,-2.46134,0,331.377,209.335,339.934,0.97765,0.00178289,0.000153968
442.25,0,280.546,281.238,281.909,238.115,-4.93716,-2.48035,0,331.272,209.319,339.934,0.977796,0.00179665,0.0001689
442.75,0,280.541,281.231,281.901,238.114,-4.92809,-2.48745,0,331.272,209.319,339.934,0.977943,0.00180178,0.00015518
443.25,0,280.536,281.225,281.893,238.114,-4.9177,-2.49343,0,331.272,209.319,339.934,0.97809,0.0018061,0.000162569
443.75,0,280.531,281.219,281.886,238.114,-4.90678,-2.49894,0,331.272,209.319,339.934,0.978237,0.00181009,0.000154285
444.25,0,280.524,281.212,281.878,238.113,-4.91521,-2.51772,0,331.168,209.303,339.934,0.978381,0.00182368,0.00016916
444.75,0,280.519,281.206,281.87,238.113,-4.90624,-2.52465,0,331.168,209.303,339.934,0.978526,0.0018287,0.0001555
445.25,0,280.514,281.2,281.863,238.112,-4.89596,-2.53049,0,331.168,209.303,339.934,0.978671,0.00183291,0.000162855
445.75,0,280.509,281.193,281.855,238.112,-4.88515,-2.53586,0,331.168,209.303,339.934,0.978816,0.0018368,0.000154606
446.25,0,280.502,281.187,281.848,238.111,-4.89355,-2.55441,0,331.064,209.288,339.934,0.978959,0.00185022,0.000169415
446.75,0,280.497,281.181,281.84,238.111,-4.88468,-2.5612,0,331.064,209.288,339.934,0.979102,0.00185513,0.000155814
447.25,0,280.491,281.174,281.833,238.111,-4.8745,-2.56689,0,331.064,209.288,339.934,0.979245,0.00185924,0.000163136
447.75,0,280.487,281.168,281.825,238.11,-4.8638,-2.57212,0,331.064,209.288,339.934,0.979388,0.00186303,0.000154922
448.25,0,280.48,281.162,281.818,238.11,-4.87219,-2.59046,0,330.961,209.272,339.934,0.979528,0.0018763,0.000169664
448.75,0,280.474,281.155,281.81,238.109,-4.86341,-2.5971,0,330.961,209.272,339.934,0.97967,0.0018811,0.000156122
449.25,0,280.469,281.149,281.803,238.109,-4.85334,-2.60265,0,330.961,209.272,339.934,0.979811,0.00188511,0.000163411
449.75,0,280.465,281.143,281.795,238.109,-4.84274,-2.60776,0,330.961,209.272,339.934,0.979952,0.0018888,0.000155232
450.25,0,280.458,281.137,281.788,238.108,-4.8511,-2.62588,0,330.859,209.256,339.934,0.980091,0.00190192,0.000169909
450.75,0,280.453,281.13,281.78,238.108,-4.84242,-2.63239,0,330.859,209.256,339.934,0.98023,0.00190662,0.000156426
451.25,0,280.448,281.124,281.773,238.107,-4.83245,-2.63781,0,330.859,209.256,339.934,0.98037,0.00191054,0.000163681
451.75,0,280.443,281.118,281.765,238.107,-4.82195,-2.64278,0,330.859,209.256,339.934,0.980509,0.00191413,0.000155537
452.25,0,280.436,281.112,281.758,238.106,-4.83029,-2.6607,0,330.757,209.241,339.934,0.980646,0.0019271,0.000170149
452.75,0,280.431,281.105,281.751,238.106,-4.8217,-2.66707,0,330.757,209.241,339.934,0.980784,0.00193171,0.000156724
453.25,0,280.426,281.099,281.743,238.106,-4.81182,-2.67237,0,330.757,209.241,339.934,0.980922,0.00193553,0.000163946
453.75,0,280.421,281.093,281.736,238.105,-4.80142,-2.67722,0,330.757,209.241,339.934,0.981059,0.00193904,0.000155837
454.25,0,280.414,281.087,281.729,238.105,-4.80975,-2.69494,0,330.655,209.226,339.934,0.981195,0.00195187,0.000170384
454.75,0,280.409,281.081,281.721,238.104,-4.80125,-2.70119,0,330.655,209.226,339.934,0.981331,0.00195638,0.000157017
455.25,0,280.404,281.075,281.714,238.104,-4.79146,-2.70636,0,330.655,209.226,339.934,0.981467,0.00196011,0.000164206
455.75,0,280.399,281.069,281.707,238.104,-4.78116,-2.71109,0,330.655,209.226,339.934,0.981603,0.00196353,0.000156132
456.25,0,280.392,281.062,281.699,238.103,-4.78951,-2.72857,0,330.554,209.21,339.934,0.981737,0.00197618,0.000170649
456.75,0,280.387,281.056,281.692,238.103,-4.78118,-2.73461,0,330.554,209.21,339.934,0.981871,0.00198055,0.000157396
457.25,0,280.382,281.05,281.685,238.102,-4.77156,-2.73959,0,330.554,209.21,339.934,0.982005,0.00198414,0.00016461
457.75,0,280.377,281.044,281.677,238.102,-4.76143,-2.74412,0,330.554,209.21,339.934,0.98214,0.00198742,0.000156627
458.25,0,280.371,281.038,281.67,238.101,-4.76978,-2.76141,0,330.454,209.195,339.934,0.982272,0.00199993,0.00017109
458.75,0,280.366,281.032,281.663,238.101,-4.76153,-2.76732,0,330.454,209.195,339.934,0.982405,0.0020042,0.000157893
459.25,0,280.361,281.026,281.656,238.101,-4.752,-2.77219,0,330.454,209.195,339.934,0.982538,0.00200772,0.000165074
459.75,0,280.356,281.02,281.648,238.1,-4.74196,-2.77661,0,330.454,209.195,339.934,0.98267,0.00201091,0.000157124
460.25,0,280.349,281.013,281.641,238.1,-4.75029,-2.79371,0,330.354,209.18,339.934,0.982801,0.00202329,0.000171522
460.75,0,280.344,281.007,281.634,238.099,-4.74211,-2.79952,0,330.354,209.18,339.934,0.982932,0.00202748,0.000158381
461.25,0,280.339,281.001,281.627,238.099,-4.73267,-2.80427,0,330.354,209.18,339.934,0.983064,0.00203091,0.000165529
461.75,0,280.335,280.995,281.62,238.099,-4.72272,-2.80859,0,330.354,209.18,339.934,0.983195,0.00203404,0.000157612
462.25,0,280.328,280.989,281.612,238.098,-4.73103,-2.82552,0,330.254,209.165,339.934,0.983324,0.00204628,0.000171947
462.75,0,280.323,280.983,281.605,238.098,-4.72293,-2.83121,0,330.254,209.165,339.934,0.983454,0.00205039,0.000158861
463.25,0,280.318,280.977,281.598,238.097,-4.71358,-2.83586,0,330.254,209.165,339.934,0.983584,0.00205375,0.000165977
463.75,0,280.313,280.971,281.591,238.097,-4.70371,-2.84008,0,330.254,209.165,339.934,0.983713,0.0020568,0.000158093
464.25,0,280.307,280.965,281.584,238.097,-4.712,-2.85683,0,330.155,209.15,339.934,0.983841,0.00206892,0.000172364
464.75,0,280.302,280.959,281.577,238.096,-4.70398,-2.86241,0,330.155,209.15,339.934,0.98397,0.00207295,0.000159334
465.25,0,280.297,280.953,281.57,238.096,-4.69471,-2.86696,0,330.155,209.15,339.934,0.984098,0.00207623,0.000166417
465.75,0,280.292,280.947,281.563,238.095,-4.68493,-2.87108,0,330.155,209.15,339.934,0.984226,0.00207921,0.000158565
466.25,0,280.285,280.941,281.556,238.095,-4.69319,-2.88766,0,330.056,209.135,339.934,0.984353,0.0020912,0.000172773
466.75,0,280.28,280.935,281.548,238.094,-4.68525,-2.89313,0,330.056,209.135,339.934,0.98448,0.00209516,0.000159798
467.25,0,280.276,280.929,281.541,238.094,-4.67606,-2.89758,0,330.056,209.135,339.934,0.984606,0.00209837,0.000166849
467.75,0,280.271,280.923,281.534,238.094,-4.66642,-2.90155,0,330.056,209.135,339.934,0.984733,0.00210123,0.000159073
468.25,0,280.264,280.917,281.527,238.093,-4.67474,-2.91789,0,329.958,209.12,339.934,0.984858,0.00211306,0.000173273
468.75,0,280.259,280.911,281.52,238.093,-4.66697,-2.92317,0,329.958,209.12,339.934,0.984984,0.00211687,0.000160422
469.25,0,280.254,280.905,281.513,238.092,-4.65795,-2.92742,0,329.958,209.12,339.934,0.985109,0.00211995,0.00016751
469.75,0,280.25,280.9,281.506,238.092,-4.64843,-2.93126,0,329.958,209.12,339.934,0.985235,0.00212271,0.000159792
470.25,0,280.243,280.893,281.499,238.092,-4.65672,-2.94744,0,329.861,209.105,339.934,0.985359,0.00213442,0.000173929
470.75,0,280.238,280.888,281.492,238.091,-4.64902,-2.95263,0,329.861,209.105,339.934,0.985483,0.00213817,0.000161131
471.25,0,280.233,280.882,281.485,238.091,-4.64008,-2.95679,0,329.861,209.105,339.934,0.985607,0.00214117,0.000168186
471.75,0,280.229,280.876,281.478,238.09,-4.63064,-2.96054,0,329.861,209.105,339.934,0.985731,0.00214388,0.0001605
472.25,0,280.222,280.87,281.471,238.09,-4.63891,-2.97656,0,329.763,209.09,339.934,0.985854,0.00215547,0.000174574
472.75,0,280.217,280.864,281.464,238.09,-4.63128,-2.98165,0,329.763,209.09,339.934,0.985977,0.00215915,0.000161829
473.25,0,280.213,280.858,281.457,238.089,-4.62241,-2.98573,0,329.763,209.09,339.934,0.9861,0.00216209,0.000168852
473.75,0,280.208,280.852,281.451,238.089,-4.61305,-2.98939,0,329.763,209.09,339.934,0.986222,0.00216473,0.000161197
474.25,0,280.202,280.846,281.444,238.088,-4.62129,-3.00526,0,329.667,209.076,339.934,0.986344,0.00217621,0.000175209
474.75,0,280.196,280.84,281.437,238.088,-4.61373,-3.01026,0,329.667,209.076,339.934,0.986465,0.00217982,0.000162517
475.25,0,280.192,280.835,281.43,238.088,-4.60494,-3.01425,0,329.667,209.076,339.934,0.986587,0.0021827,0.000169507
475.75,0,280.187,280.829,281.423,238.087,-4.59565,-3.01783,0,329.667,209.076,339.934,0.986708,0.00218528,0.000161883
476.25,0,280.181,280.823,281.416,238.087,-4.60387,-3.03355,0,329.57,209.061,339.934,0.986829,0.00219666,0.000175834
476.75,0,280.176,280.817,281.409,238.086,-4.59638,-3.03846,0,329.57,209.061,339.934,0.986949,0.0022002,0.000163194
477.25,0,280.171,280.811,281.402,238.086,-4.58775,-3.04227,0,329.57,209.061,339.934,0.987069,0.00220295,0.000170223
477.75,0,280.166,280.806,281.396,238.086,-4.57866,-3.04565,0,329.57,209.061,339.934,0.98719,0.00220539,0.000162717
478.25,0,280.16,280.8,281.389,238.085,-4.58695,-3.06114,0,329.475,209.047,339.934,0.987308,0.00221659,0.000176674
478.75,0,280.155,280.794,281.382,238.085,-4.57964,-3.06584,0,329.475,209.047,339.934,0.987428,0.00221999,0.000164173
479.25,0,280.15,280.788,281.375,238.085,-4.57111,-3.06955,0,329.475,209.047,339.934,0.987547,0.00222266,0.000171185
479.75,0,280.146,280.782,281.368,238.084,-4.56208,-3.07285,0,329.475,209.047,339.934,0.987666,0.00222504,0.000163709
480.25,0,280.14,280.777,281.361,238.084,-4.57035,-3.08819,0,329.379,209.032,339.934,0.987784,0.00223614,0.000177604
480.75,0,280.135,280.771,281.355,238.083,-4.5631,-3.09281,0,329.379,209.032,339.934,0.987902,0.00223948,0.000165154
481.25,0,280.13,280.765,281.348,238.083,-4.55464,-3.09644,0,329.379,209.032,339.934,0.98802,0.0022421,0.000172134
481.75,0,280.125,280.759,281.341,238.083,-4.54568,-3.09967,0,329.379,209.032,339.934,0.988137,0.00224442,0.000164687
482.25,0,280.119,280.753,281.334,238.082,-4.55393,-3.11487,0,329.284,209.018,339.934,0.988254,0.00225542,0.000178521
482.75,0,280.114,280.748,281.328,238.082,-4.54674,-3.11942,0,329.284,209.018,339.934,0.988371,0.0022587,0.000166121
483.25,0,280.109,280.742,281.321,238.081,-4.53834,-3.12297,0,329.284,209.018,339.934,0.988488,0.00226127,0.000173069
483.75,0,280.105,280.736,281.314,238.081,-4.52945,-3.12613,0,329.284,209.018,339.934,0.988605,0.00226354,0.000165652
484.25,0,280.099,280.731,281.307,238.081,-4.53767,-3.14119,0,329.19,209.003,339.934,0.98872,0.00227444,0.000179424
484.75,0,280.094,280.725,281.301,238.08,-4.53067,-3.14554,0,329.19,209.003,339.934,0.988836,0.00227757,0.000167165
485.25,0,280.089,280.719,281.294,238.08,-4.52249,-3.14887,0,329.19,209.003,339.934,0.988951,0.00227998,0.00017419
485.75,0,280.085,280.714,281.287,238.079,-4.51382,-3.1518,0,329.19,209.003,339.934,0.989067,0.00228209,0.000166911
486.25,0,280.078,280.708,281.281,238.079,-4.52213,-3.16662,0,329.096,208.989,339.934,0.989181,0.00229281,0.000180708
486.75,0,280.073,280.702,281.274,238.079,-4.51521,-3.17086,0,329.096,208.989,339.934,0.989296,0.00229587,0.000168518
487.25,0,280.069,280.696,281.267,238.078,-4.5071,-3.17412,0,329.096,208.989,339.934,0.989411,0.00229822,0.00017551
487.75,0,280.064,280.691,281.261,238.078,-4.49849,-3.17699,0,329.096,208.989,339.934,0.989525,0.00230028,0.000168259
488.25,0,280.058,280.685,281.254,238.077,-4.50678,-3.19168,0,329.002,208.975,339.934,0.989638,0.00231091,0.000181995
488.75,0,280.053,280.679,281.247,238.077,-4.49991,-3.19584,0,329.002,208.975,339.934,0.989752,0.00231392,0.000169854
489.25,0,280.049,280.674,281.241,238.077,-4.49186,-3.19904,0,329.002,208.975,339.934,0.989866,0.00231622,0.000176813
489.75,0,280.044,280.668,281.234,238.076,-4.48332,-3.20184,0,329.002,208.975,339.934,0.989979,0.00231824,0.00016959
490.25,0,280.038,280.662,281.228,238.076,-4.49158,-3.2164,0,328.909,208.961,339.934,0.990091,0.00232877,0.000183269
490.75,0,280.033,280.657,281.221,238.076,-4.48497,-3.2203,0,328.909,208.961,339.934,0.990204,0.00233158,0.000171317
491.25,0,280.028,280.651,281.214,238.075,-4.47716,-3.22324,0,328.909,208.961,339.934,0.990316,0.0023337,0.000178383
491.75,0,280.024,280.646,281.208,238.075,-4.46888,-3.22579,0,328.909,208.961,339.934,0.990429,0.00233553,0.000171328
492.25,0,280.018,280.64,281.201,238.074,-4.47726,-3.24008,0,328.816,208.946,339.934,0.99054,0.00234587,0.00018505
492.75,0,280.013,280.634,281.195,238.074,-4.4707,-3.24391,0,328.816,208.946,339.934,0.990651,0.00234864,0.000173145
493.25,0,280.008,280.629,281.188,238.074,-4.46295,-3.24679,0,328.816,208.946,339.934,0.990763,0.00235071,0.000180178
493.75,0,280.004,280.623,281.182,238.073,-4.45472,-3.24928,0,328.816,208.946,339.934,0.990874,0.0023525,0.000173149
494.25,0,279.998,280.618,281.175,238.073,-4.46308,-3.26345,0,328.723,208.932,339.934,0.990985,0.00236275,0.00018681
494.75,0,279.993,280.612,281.169,238.072,-4.45657,-3.26722,0,328.723,208.932,339.934,0.991095,0.00236547,0.000174951
495.25,0,279.988,280.606,281.162,238.072,-4.4491,-3.26982,0,328.723,208.932,339.934,0.991206,0.00236734,0.000182112
495.75,0,279.984,280.601,281.156,238.072,-4.44118,-3.272,0,328.723,208.932,339.934,0.991316,0.00236891,0.00017529
496.25,0,279.978,280.595,281.149,238.071,-4.4497,-3.28586,0,328.631,208.918,339.934,0.991425,0.00237893,0.000189029
496.75,0,279.973,280.59,281.143,238.071,-4.44349,-3.28932,0,328.631,208.918,339.934,0.991535,0.00238143,0.000177396
497.25,0,279.969,280.584,281.136,238.071,-4.4361,-3.29184,0,328.631,208.918,339.934,0.991644,0.00238324,0.00018454
497.75,0,279.964,280.579,281.13,238.07,-4.42823,-3.29396,0,328.631,208.918,339.934,0.991754,0.00238477,0.000177743
498.25,0,279.958,280.573,281.123,238.07,-4.43673,-3.30771,0,328.54,208.904,339.934,0.991862,0.00239471,0.00019142
498.75,0,279.953,280.568,281.117,238.069,-4.43078,-3.31089,0,328.54,208.904,339.934,0.991971,0.002397,0.000179994
499.25,0,279.949,280.562,281.11,238.069,-4.42377,-3.31303,0,328.54,208.904,339.934,0.992079,0.00239854,0.000187337
499.75,0,279.944,280.557,281.104,238.069,-4.41628,-3.31478,0,328.54,208.904,339.934,0.992188,0.0023998,0.000180797
500.25,0,279.938,280.551,281.097,238.068,-4.42499,-3.32817,0,328.449,208.89,339.934,0.992295,0.00240948,0.000194592
500.75,0,279.934,280.546,281.091,238.068,-4.41919,-3.3312,0,328.449,208.89,339.934,0.992403,0.00241166,0.00018328
501.25,0,279.929,280.54,281.085,238.068,-4.41232,-3.33319,0,328.449,208.89,339.934,0.99251,0.00241309,0.000190657
501.75,0,279.925,280.535,281.078,238.067,-4.4053,-3.33448,0,328.449,208.89,339.934,0.992618,0.00241401,0.000184444
502.25,0,279.919,280.529,281.072,238.067,-4.4143,-3.34743,0,328.358,208.877,339.934,0.992724,0.00242338,0.000198411
502.75,0,279.914,280.524,281.065,238.066,-4.40896,-3.34999,0,328.358,208.877,339.934,0.992831,0.00242522,0.000187442
503.25,0,279.909,280.518,281.059,238.066,-4.40246,-3.35162,0,328.358,208.877,339.934,0.992938,0.00242639,0.000195013
503.75,0,279.905,280.513,281.053,238.066,-4.39601,-3.35234,0,328.358,208.877,339.934,0.993044,0.0024269,0.0001892
504.25,0,279.899,280.507,281.046,238.065,-4.4054,-3.36477,0,328.267,208.863,339.934,0.99315,0.00243589,0.000203407
504.75,0,279.894,280.502,281.04,238.065,-4.40064,-3.36674,0,328.267,208.863,339.934,0.993256,0.0024373,0.000192872
505.25,0,279.89,280.496,281.034,238.065,-4.39514,-3.36736,0,328.267,208.863,339.934,0.993362,0.00243775,0.000201098
505.75,0,279.886,280.491,281.027,238.064,-4.38947,-3.3673,0,328.267,208.863,339.934,0.993467,0.00243769,0.000195837
506.25,0,279.88,280.485,281.021,238.064,-4.39937,-3.37909,0,328.177,208.849,339.934,0.993572,0.00244622,0.000210376
506.75,0,279.875,280.48,281.015,238.063,-4.39618,-3.37948,0,328.177,208.849,339.934,0.993677,0.00244649,0.000200987
507.25,0,279.87,280.475,281.008,238.063,-4.39194,-3.37884,0,328.177,208.849,339.934,0.993782,0.00244601,0.000210065
507.75,0,279.866,280.469,281.002,238.063,-4.38834,-3.37672,0,328.177,208.849,339.934,0.993887,0.00244447,0.000206284
508.25,0,279.86,280.464,280.996,238.062,-4.39986,-3.38676,0,328.088,208.836,339.934,0.993991,0.00245172,0.000221956
508.75,0,279.855,280.458,280.989,238.062,-4.39829,-3.38552,0,328.088,208.836,339.934,0.994095,0.00245081,0.000213757
509.25,0,279.851,280.453,280.983,238.062,-4.39611,-3.38283,0,328.088,208.836,339.934,0.994199,0.00244886,0.000224249
509.75,0,279.847,280.448,280.977,238.061,-4.39346,-3.37976,0,328.088,208.836,339.934,0.994303,0.00244663,0.000221146
510.25,0,279.841,280.442,280.971,238.061,-4.40566,-3.38899,0,327.998,208.822,339.934,0.994406,0.0024533,0.000237268
510.75,0,279.836,280.437,280.964,238.06,-4.40521,-3.38662,0,327.998,208.822,339.934,0.994509,0.00245157,0.000229895
511.25,0,279.832,280.432,280.958,238.06,-4.40363,-3.38333,0,327.998,208.822,339.934,0.994612,0.00244918,0.000240753
511.75,0,279.827,280.426,280.952,238.06,-4.40157,-3.37968,0,327.998,208.822,339.934,0.994715,0.00244652,0.000238075
512.25,0,279.822,280.421,280.946,238.059,-4.41413,-3.38842,0,327.909,208.808,339.934,0.994818,0.00245284,0.000254419
512.75,0,279.817,280.415,280.939,238.059,-4.41413,-3.3856,0,327.909,208.808,339.934,0.99492,0.00245079,0.000247375
513.25,0,279.812,280.41,280.933,238.059,-4.41298,-3.38188,0,327.909,208.808,339.934,0.995022,0.00244808,0.000258485
513.75,0,279.808,280.405,280.927,238.058,-4.41137,-3.37778,0,327.909,208.808,339.934,0.995125,0.00244511,0.000256116
514.25,0,279.802,280.399,280.921,238.058,-4.42411,-3.38622,0,327.821,208.795,339.934,0.995226,0.0024512,0.000272553
514.75,0,279.798,280.394,280.915,238.057,-4.42409,-3.38342,0,327.821,208.795,339.934,0.995328,0.00244916,0.000265509
515.25,0,279.793,280.389,280.908,238.057,-4.42326,-3.37937,0,327.821,208.795,339.934,0.995429,0.00244622,0.000276787
515.75,0,279.789,280.384,280.902,238.057,-4.42198,-3.37496,0,327.821,208.795,339.934,0.995531,0.00244302,0.000274642
516.25,0,279.783,280.378,280.896,238.056,-4.4349,-3.38308,0,327.733,208.781,339.934,0.995631,0.00244889,0.000307989
516.75,0,279.779,280.373,280.891,238.056,-4.43518,-3.37997,0,327.733,208.781,339.934,0.995715,0.00244663,0.000489086
517.25,0,279.774,280.368,280.885,238.056,-4.43413,-3.37615,0,327.733,208.781,339.934,0.995782,0.00244385,0.000445846
517.75,0,279.77,280.363,280.88,238.055,-4.43238,-3.37221,0,327.733,208.781,339.934,0.995831,0.00244099,0.000520461
518.25,0,279.764,280.358,280.875,238.055,-4.44382,-3.3802,0,327.648,208.768,339.934,0.995868,0.00244676,0.000508727
518.75,0,279.76,280.353,280.869,238.055,-4.44322,-3.37788,0,327.648,208.768,339.934,0.995894,0.00244507,0.000546219
519.25,0,279.755,280.349,280.864,238.054,-4.44138,-3.3748,0,327.648,208.768,339.934,0.995915,0.00244283,0.000543374
519.75,0,279.751,280.344,280.859,238.054,-4.43901,-3.37145,0,327.648,208.768,339.934,0.99593,0.0024404,0.000568001
520.25,0,279.745,280.339,280.854,238.054,-4.4489,-3.37861,0,327.568,208.755,339.934,0.995942,0.00244557,0.000581854
520.75,0,279.741,280.335,280.849,238.053,-4.44785,-3.3765,0,327.568,208.755,339.934,0.995951,0.00244403,0.000642214
521.25,0,279.737,280.33,280.845,238.053,-4.44573,-3.37357,0,327.568,208.755,339.934,0.995958,0.0024419,0.000723724
521.75,0,279.732,280.325,280.84,238.052,-4.44314,-3.37033,0,327.568,208.755,339.934,0.995963,0.00243955,0.000680968
522.25,0,279.727,280.321,280.836,238.052,-4.45246,-3.37715,0,327.49,208.742,339.934,0.995968,0.00244447,0.00075132
522.75,0,279.722,280.316,280.831,238.052,-4.45125,-3.37507,0,327.49,208.742,339.934,0.995972,0.00244296,0.000715993
523.25,0,279.718,280.312,280.827,238.051,-4.449,-3.37219,0,327.49,208.742,339.934,0.995974,0.00244086,0.000765298
523.75,0,279.714,280.307,280.822,238.051,-4.44631,-3.369,0,327.49,208.742,339.934,0.995977,0.00243854,0.000744993
524.25,0,279.708,280.302,280.818,238.051,-4.45541,-3.37568,0,327.413,208.729,339.934,0.995979,0.00244336,0.00079263
524.75,0,279.704,280.298,280.814,238.05,-4.45412,-3.3736,0,327.413,208.729,339.934,0.995982,0.00244185,0.000772959
525.25,0,279.699,280.293,280.809,238.05,-4.45183,-3.37074,0,327.413,208.729,339.934,0.995983,0.00243977,0.000806153
525.75,0,279.695,280.289,280.805,238.05,-4.44911,-3.36755,0,327.413,208.729,339.934,0.995985,0.00243745,0.000796621
526.25,0,279.69,280.284,280.8,238.049,-4.45811,-3.37416,0,327.336,208.716,339.934,0.995987,0.00244223,0.000832594
526.75,0,279.685,280.28,280.796,238.049,-4.45679,-3.37209,0,327.336,208.716,339.934,0.995989,0.00244072,0.000820466
527.25,0,279.681,280.275,280.792,238.049,-4.45447,-3.36922,0,327.336,208.716,339.934,0.99599,0.00243863,0.000845465
527.75,0,279.677,280.271,280.787,238.048,-4.45174,-3.36603,0,327.336,208.716,339.934,0.995991,0.00243631,0.000840932
528.25,0,279.671,280.266,280.783,238.048,-4.46067,-3.3726,0,327.259,208.703,339.934,0.995993,0.00244106,0.000870898
528.75,0,279.667,280.261,280.778,238.048,-4.45934,-3.37052,0,327.259,208.703,339.934,0.995995,0.00243954,0.000862221
529.25,0,279.662,280.257,280.774,238.047,-4.45701,-3.36765,0,327.259,208.703,339.934,0.995996,0.00243745,0.000882997
529.75,0,279.658,280.253,280.77,238.047,-4.45426,-3.36446,0,327.259,208.703,339.934,0.995997,0.00243514,0.00105009
530.25,0,279.653,280.248,280.765,238.047,-4.46312,-3.37097,0,327.183,208.69,339.934,0.995999,0.00243984,0.00101917
530.75,0,279.648,280.243,280.761,238.046,-4.46178,-3.36888,0,327.183,208.69,339.934,0.996,0.00243831,0.00106919
531.25,0,279.644,280.239,280.757,238.046,-4.45943,-3.36602,0,327.183,208.69,339.934,0.996002,0.00243623,0.0010447
531.75,0.00176758,279.651,280.237,280.752,238.046,-4.3725,-3.29556,0.564383,327.183,208.69,339.934,0.995997,0.00238524,0.00104158
532.25,0.00620022,279.679,280.24,280.748,238.045,-4.15966,-3.12673,1.97972,327.112,208.683,339.934,0.995974,0.00226307,0.000981346
532.75,0.0106327,279.715,280.247,280.744,238.045,-3.90792,-2.92438,3.39501,327.112,208.683,339.934,0.995945,0.00211666,0.00100004
533.25,0.015065,279.757,280.257,280.74,238.045,-3.64337,-2.7099,4.81024,327.112,208.683,339.934,0.995912,0.00196148,0.000963818
533.75,0.0194971,279.803,280.27,280.736,238.045,-3.37129,-2.48855,6.22537,327.112,208.683,339.934,0.995876,0.00180131,0.000978046
534.25,0.0239287,279.857,280.288,280.732,238.045,-3.14672,-2.2738,7.74339,327.139,208.749,339.934,0.995741,0.00164593,0.000817997
534.75,0.0283599,279.913,280.307,280.729,238.045,-2.86337,-2.0099,9.27444,327.139,208.749,339.934,0.995638,0.00145497,0.000898368
535.25,0.0327905,279.972,280.329,280.726,238.045,-2.57788,-1.7428,10.8053,327.139,208.749,490.937,0.995555,0.00126167,0.000815494
535.75,0.0372204,280.033,280.353,280.724,238.045,-2.29088,-1.47326,12.3359,327.139,208.749,490.937,0.995485,0.00106659,0.000873734
536.25,0.0416497,280.102,280.381,280.722,238.045,-2.11622,-1.17033,13.8663,327.283,208.854,490.937,0.995312,0.000847317,0.000678397
536.75,0.0460781,280.169,280.41,280.721,238.045,-1.83119,-0.887036,15.3964,327.283,208.854,490.937,0.995186,0.000642248,0.000805481
537.25,0.0505056,280.239,280.441,280.72,238.045,-1.54341,-0.604354,16.9476,327.283,208.854,490.937,0.995087,0.000437602,0.000697705
537.75,0.0549321,280.313,280.473,280.721,238.045,-1.20452,-0.336064,18.6648,327.283,208.854,490.937,0.995009,0.000243445,0.000760764
538.25,0.0593575,280.399,280.511,280.721,238.045,-0.94077,-0.0539173,20.3816,327.526,208.984,490.937,0.994786,3.9663e-05,0.000509572
538.75,0.0637818,280.485,280.551,280.723,238.046,-0.532732,0.0253482,22.0979,327.526,208.984,490.937,0.994127,0,0.000633504
539.25,0.0682048,280.575,280.595,280.724,238.046,-0.0710483,0.0114695,23.8137,327.526,208.984,490.937,0.992832,0,0.000485799
539.75,0.0726265,280.65,280.644,280.727,238.046,0.714769,0.018304,25.529,327.526,208.984,490.937,0.991052,0,0.000585614
540.25,0.0770467,280.729,280.7,280.731,238.047,1.60073,0.0251736,27.2438,327.894,209.142,490.937,0.988985,0,0.000311948
540.75,0.0814655,280.799,280.755,280.736,238.047,2.48133,0.0314333,28.9579,327.894,209.142,692.2,0.986513,0,0.000459231
541.25,0.0858826,280.87,280.814,280.742,238.047,3.24556,0.0383566,30.6715,327.894,209.142,692.2,0.983765,0,0.000321088
541.75,0.090298,280.941,280.87,280.75,238.048,3.98885,0.0448691,32.3844,327.894,209.142,692.2,0.982305,0,0.00040517
542.25,0.0947117,281.013,280.925,280.759,238.049,5.08916,0.0509194,34.0966,328.439,209.281,692.2,0.979709,0,0.000163647
542.75,0.0991235,281.082,280.982,280.771,238.049,5.92087,0.0581386,35.8081,328.439,209.281,692.2,0.976895,0,0.000267074
543.25,0.103533,281.155,281.042,280.785,238.05,6.7741,0.0659108,37.7326,328.439,209.281,692.2,0.973863,0,0.000160634
543.75,0.107941,281.23,281.104,280.802,238.05,7.63086,0.0738687,39.7091,328.439,209.281,692.2,0.972836,0,0.000211692
544.25,0.112347,281.305,281.159,280.828,238.051,8.89143,0.0789385,41.6848,329.054,209.422,692.2,0.970148,0,6.34173e-05
544.75,0.11675,281.376,281.216,280.857,238.052,9.93462,0.0869506,43.6594,329.054,209.422,956.226,0.967254,0,0.00011724
545.25,0.121152,281.449,281.275,280.889,238.053,10.8765,0.0951734,45.633,329.054,209.422,956.226,0.964189,0,0
545.75,0.12555,281.523,281.337,280.923,238.053,11.7816,0.103739,47.6056,329.054,209.422,956.226,0.960968,0,0
546.25,0.129947,281.605,281.402,280.961,238.054,12.9655,0.113361,49.577,329.707,209.567,956.226,0.957519,0,0
546.75,0.134341,281.677,281.458,281.011,238.055,13.9539,0.119315,51.5473,329.707,209.567,956.226,0.957427,0,0
547.25,0.138732,281.747,281.514,281.064,238.056,15.0041,0.125524,53.5164,329.707,209.567,956.226,0.954515,0,0
547.75,0.14312,281.819,281.572,281.12,238.057,15.9794,0.134105,55.4843,329.707,209.567,956.226,0.951474,0,0
548.25,0.147506,281.897,281.633,281.178,238.058,17.245,0.143699,57.4509,330.399,209.716,956.226,0.948253,0,0
548.75,0.151889,281.973,281.696,281.238,238.059,18.2035,0.153051,59.4163,330.399,209.716,956.226,0.944913,0,0
549.25,0.156268,282.049,281.76,281.3,238.06,19.1017,0.162564,61.3803,330.399,209.716,956.226,0.941468,0,0
549.75,0.160645,282.123,281.819,281.357,238.061,20.0206,0.169051,63.3429,330.399,209.716,956.226,0.942502,0,0
550.25,0.165019,282.197,281.873,281.411,238.062,21.4659,0.173495,65.3041,331.146,209.871,1308.03,0.939626,0,0
550.75,0.169389,282.267,281.929,281.467,238.064,22.5496,0.182535,67.2638,331.146,209.871,1308.03,0.936642,0,0
551.25,0.173756,282.34,281.987,281.524,238.065,23.662,0.191931,69.473,331.146,209.871,1308.03,0.933549,0,0
551.75,0.178119,282.414,282.046,281.583,238.066,24.7772,0.201643,71.7212,331.146,209.871,1308.03,0.930348,0,0
552.25,0.182479,282.496,282.108,281.645,238.067,26.2173,0.21242,73.9676,331.865,210.022,1308.03,0.926999,0,0
552.75,0.186836,282.574,282.171,281.708,238.069,27.3454,0.222887,76.2122,331.865,210.022,1308.03,0.923546,0,0
553.25,0.191189,282.653,282.236,281.773,238.07,28.4143,0.233542,78.4549,331.865,210.022,1308.03,0.919998,0,0
553.75,0.195538,282.732,282.298,281.835,238.071,29.4822,0.241942,80.6957,331.865,210.022,1308.03,0.921506,0,0
554.25,0.199883,282.81,282.353,281.89,238.073,31.1278,0.245064,82.9344,332.676,210.188,1308.03,0.91853,0,0
554.75,0.204224,282.882,282.409,281.946,238.074,32.4081,0.25517,85.1712,332.676,210.188,1308.03,0.915462,0,0
555.25,0.208561,282.955,282.467,282.003,238.076,33.585,0.265338,87.4059,332.676,210.188,1308.03,0.912313,0,0
555.75,0.212894,283.029,282.526,282.062,238.077,34.7255,0.275705,89.6385,332.676,210.188,1308.03,0.909086,0,0
556.25,0.217223,283.11,282.587,282.123,238.079,36.2068,0.287109,91.8689,333.436,210.347,1759.97,0.905751,0,0
556.75,0.221548,283.187,282.65,282.186,238.081,37.3578,0.298089,94.0971,333.436,210.347,1759.97,0.902342,0,0
557.25,0.225868,283.265,282.713,282.249,238.082,38.4476,0.309211,96.3231,333.436,210.347,1759.97,0.898866,0,0
557.75,0.230184,283.344,282.778,282.314,238.084,39.5174,0.32053,98.5468,333.436,210.347,1759.97,0.895324,0,0
558.25,0.234496,283.431,282.845,282.381,238.086,40.9806,0.33301,100.768,334.283,210.517,1759.97,0.891687,0,0
558.75,0.238802,283.509,282.907,282.442,238.087,42.1173,0.341074,102.987,334.283,210.517,1759.97,0.893406,0,0
559.25,0.243104,283.58,282.961,282.497,238.089,43.4115,0.344407,105.204,334.283,210.517,1759.97,0.890447,0,0
559.75,0.247402,283.651,283.016,282.552,238.091,44.6415,0.354966,107.418,334.283,210.517,1759.97,0.887427,0,0
560.25,0.251694,283.73,283.073,282.609,238.093,46.2719,0.366669,109.742,335.109,210.685,1759.97,0.884319,0,0
560.75,0.255982,283.805,283.132,282.667,238.095,47.6257,0.378028,112.235,335.109,210.685,1759.97,0.881143,0,0
561.25,0.260264,283.882,283.191,282.726,238.097,48.9224,0.389511,114.725,335.109,210.685,1759.97,0.877905,0,0
561.75,0.264542,283.959,283.252,282.787,238.099,50.1975,0.401199,117.212,335.109,210.685,1759.97,0.874608,0,0
562.25,0.268814,284.043,283.315,282.85,238.101,51.856,0.414024,119.696,335.94,210.856,1759.97,0.871225,0,0
562.75,0.273081,284.123,283.378,282.913,238.103,53.1582,0.426336,122.178,335.94,210.856,1759.97,0.867783,0,0
563.25,0.277342,284.204,283.443,282.978,238.105,54.3986,0.438768,124.656,335.94,210.856,2361.86,0.864288,0,0
563.75,0.281598,284.286,283.509,283.044,238.107,55.6201,0.451405,127.13,335.94,210.856,2361.86,0.86074,0,0
564.25,0.285849,284.375,283.577,283.112,238.109,57.2673,0.465278,129.602,336.851,211.039,2361.86,0.857115,0,0
564.75,0.290094,284.456,283.64,283.174,238.111,58.566,0.474714,132.071,336.851,211.039,2361.86,0.858089,0,0
565.25,0.294333,284.528,283.694,283.228,238.114,60.0351,0.480291,134.536,336.851,211.039,2361.86,0.855191,0,0
565.75,0.298566,284.601,283.749,283.283,238.116,61.4303,0.491858,136.997,336.851,211.039,2361.86,0.852243,0,0
566.25,0.302794,284.68,283.805,283.34,238.118,63.1943,0.504524,139.456,337.725,211.219,2361.86,0.849228,0,0
566.75,0.307015,284.754,283.863,283.397,238.12,64.5686,0.51654,141.91,337.725,211.219,2361.86,0.846165,0,0
567.25,0.311231,284.829,283.922,283.456,238.123,65.8707,0.528617,144.362,337.725,211.219,2361.86,0.84306,0,0
567.75,0.31544,284.905,283.981,283.515,238.125,67.1484,0.540846,146.809,337.725,211.219,3113.18,0.839914,0,0
568.25,0.319644,284.987,284.042,283.576,238.128,68.8231,0.554231,149.254,338.584,211.396,3113.18,0.836709,0,0
568.75,0.323841,285.065,284.104,283.637,238.13,70.1288,0.567003,151.694,338.584,211.396,3113.18,0.833463,0,0
569.25,0.328031,285.143,284.167,283.7,238.133,71.3723,0.579854,154.131,338.584,211.396,3113.18,0.830179,0,0
569.75,0.332215,285.222,284.23,283.764,238.135,72.5972,0.592872,156.564,338.584,211.396,3113.18,0.826861,0,0
570.25,0.336393,285.308,284.295,283.829,238.138,74.2556,0.607129,158.993,339.507,211.582,3113.18,0.823488,0,0
570.75,0.340564,285.389,284.361,283.894,238.14,75.5197,0.620717,161.419,339.507,211.582,3113.18,0.820079,0,0
571.25,0.344728,285.47,284.426,283.959,238.143,76.7263,0.633558,163.84,339.507,211.582,3113.18,0.819194,0,0
571.75,0.348886,285.541,284.478,284.011,238.146,78.1373,0.64109,166.258,339.507,211.582,3113.18,0.816483,0,0
572.25,0.353037,285.619,284.532,284.065,238.148,80.0888,0.654386,168.886,340.442,211.772,3113.18,0.813716,0,0
572.75,0.35718,285.693,284.587,284.12,238.151,81.6471,0.666982,171.589,340.442,211.772,3113.18,0.81091,0,0
573.25,0.361317,285.767,284.642,284.175,238.154,83.1301,0.679618,174.287,340.442,211.772,3113.18,0.808067,0,0
573.75,0.365447,285.841,284.699,284.232,238.157,84.5863,0.692395,176.98,340.442,211.772,3113.18,0.80519,0,0
574.25,0.369569,285.922,284.757,284.289,238.159,86.4348,0.706343,179.669,341.296,211.955,3113.18,0.802262,0,0
574.75,0.373685,285.998,284.815,284.348,238.162,87.9156,0.71963,182.353,341.296,211.955,3113.18,0.7993,0,0
575.25,0.377792,286.075,284.874,284.407,238.165,89.3345,0.732986,185.032,341.296,211.955,3113.18,0.796305,0,0
575.75,0.381893,286.152,284.935,284.467,238.168,90.7341,0.746498,187.706,341.296,211.955,3113.18,0.79328,0,0
576.25,0.385986,286.226,284.981,284.514,238.171,92.7504,0.758409,190.376,342.211,212.147,3113.18,0.791754,0,0
576.75,0.390071,286.292,285.029,284.561,238.174,94.424,0.770269,193.04,342.211,212.147,3113.18,0.789402,0,0
577.25,0.394149,286.359,285.076,284.608,238.177,95.9737,0.782103,195.7,342.211,212.147,3113.18,0.787018,0,0
577.75,0.398219,286.426,285.125,284.657,238.18,97.4833,0.79402,198.354,342.211,212.147,3113.18,0.784604,0,0
578.25,0.402281,286.498,285.175,284.707,238.184,99.3358,0.806989,201.004,342.979,212.323,3113.18,0.782148,0,0
578.75,0.406335,286.567,285.225,284.757,238.187,100.853,0.819313,203.648,342.979,212.323,3113.18,0.779664,0,0
579.25,0.410381,286.635,285.276,284.808,238.19,102.312,0.83168,206.287,342.979,212.323,3113.18,0.777151,0,0
579.75,0.41442,286.704,285.328,284.86,238.193,103.749,0.844173,208.92,342.979,212.323,3113.18,0.774612,0,0
580.25,0.41845,286.78,285.381,284.912,238.197,105.565,0.857795,211.549,343.795,212.504,3113.18,0.772035,0,0
580.75,0.422471,286.85,285.434,284.966,238.2,107.03,0.87074,214.172,343.795,212.504,3113.18,0.769431,0,0
581.25,0.426485,286.921,285.488,285.02,238.203,108.438,0.883734,216.79,343.795,212.504,3113.18,0.766802,0,0
581.75,0.43049,286.993,285.543,285.075,238.207,109.829,0.896861,219.402,343.795,212.504,3113.18,0.764149,0,0
582.25,0.434487,287.071,285.599,285.13,238.21,111.624,0.911189,222.008,344.661,212.692,3113.18,0.761461,0,0
582.75,0.438475,287.144,285.656,285.187,238.214,113.05,0.924791,224.61,344.661,212.692,3113.18,0.758748,0,0
583.25,0.442454,287.217,285.713,285.244,238.217,114.417,0.938442,227.205,344.661,212.692,3113.18,0.756013,0,0
583.75,0.446425,287.291,285.77,285.301,238.221,115.767,0.952231,229.795,344.661,212.692,3113.18,0.753257,0,0
584.25,0.450387,287.372,285.829,285.36,238.224,117.548,0.96729,232.379,345.577,212.888,3113.18,0.750468,0,0
584.75,0.454341,287.447,285.889,285.419,238.228,118.938,0.981573,234.957,345.577,212.888,3113.18,0.747657,0,0
585.25,0.458285,287.523,285.949,285.479,238.231,120.268,0.995902,237.53,345.577,212.888,3113.18,0.744826,0,0
585.75,0.46222,287.6,286.009,285.54,238.235,121.582,1.01037,240.096,345.577,212.888,3113.18,0.741975,0,0
586.25,0.466146,287.683,286.071,285.601,238.239,123.35,1.02618,242.657,346.542,213.092,3113.18,0.739095,0,0
586.75,0.470063,287.761,286.133,285.664,238.242,124.707,1.04117,245.212,346.542,213.092,3113.18,0.736195,0,0
587.25,0.473971,287.839,286.196,285.726,238.246,126.003,1.05619,247.76,346.542,213.092,3113.18,0.733277,0,0
587.75,0.47787,287.918,286.26,285.79,238.25,127.282,1.07137,250.303,346.542,213.092,3113.18,0.730342,0,0
588.25,0.481759,288.004,286.324,285.854,238.254,129.039,1.08795,252.84,347.555,213.303,3113.18,0.72738,0,0
588.75,0.485638,288.084,286.389,285.919,238.258,130.365,1.10365,255.37,347.555,213.303,3113.18,0.7244,0,0
589.25,0.489508,288.165,286.455,285.985,238.262,131.627,1.11939,257.894,347.555,213.303,3113.18,0.721405,0,0
589.75,0.493369,288.246,286.521,286.051,238.266,132.873,1.13529,260.412,347.555,213.303,3113.18,0.718394,0,0
590.25,0.49722,288.334,286.588,286.118,238.27,134.62,1.15267,262.923,348.615,213.521,3113.18,0.715359,0,0
590.75,0.501061,288.417,286.656,286.186,238.274,135.948,1.16918,265.494,348.615,213.521,3113.18,0.712307,0,0
591.25,0.504892,288.502,286.725,286.254,238.278,137.298,1.18596,268.232,348.615,213.521,3113.18,0.70924,0,0
591.75,0.508713,288.587,286.794,286.323,238.282,138.644,1.20293,270.962,348.615,213.521,3113.18,0.706157,0,0
592.25,0.512524,288.68,286.864,286.393,238.286,140.517,1.22149,273.685,349.723,213.749,3113.18,0.703048,0,0
592.75,0.516325,288.767,286.935,286.464,238.29,141.918,1.23907,276.401,349.723,213.749,3113.18,0.699923,0,0
593.25,0.520117,288.854,287.006,286.535,238.294,143.252,1.25669,279.109,349.723,213.749,3113.18,0.696785,0,0
593.75,0.523897,288.941,287.078,286.607,238.298,144.568,1.27449,281.81,349.723,213.749,3113.18,0.693633,0,0
594.25,0.527668,289.037,287.151,286.68,238.302,146.433,1.29396,284.504,350.88,213.986,3113.18,0.690457,0,0
594.75,0.531428,289.126,287.225,286.753,238.307,147.805,1.31237,287.191,350.88,213.986,3113.18,0.687268,0,0
595.25,0.535178,289.216,287.299,286.828,238.311,149.105,1.33084,289.87,350.88,213.986,3113.18,0.684066,0,0
595.75,0.538917,289.306,287.374,286.902,238.315,150.389,1.34947,292.541,350.88,213.986,3113.18,0.680854,0,0
596.25,0.542645,289.404,287.45,286.978,238.32,152.244,1.36987,295.205,352.088,214.231,3113.18,0.677621,0,0
596.75,0.546363,289.496,287.526,287.054,238.324,153.584,1.38914,297.862,352.088,214.231,3113.18,0.674376,0,0
597.25,0.550071,289.588,287.604,287.131,238.328,154.852,1.40846,300.51,352.088,214.231,3113.18,0.671121,0,0
597.75,0.553767,289.68,287.681,287.209,238.333,156.101,1.42796,303.151,352.088,214.231,3113.18,0.667858,0,0
598.25,0.557453,289.781,287.76,287.288,238.337,157.946,1.4493,305.785,353.345,214.484,3113.18,0.664575,0,0
598.75,0.561127,289.875,287.839,287.367,238.342,159.255,1.46946,308.41,353.345,214.484,3113.18,0.661283,0,0
599.25,0.564791,289.969,287.919,287.447,238.346,160.489,1.48965,311.027,353.345,214.484,3113.18,0.657984,0,0
599.75,0.568443,290.064,288,287.527,238.351,161.704,1.51003,313.637,353.345,214.484,3113.18,0.654678,0,0
600.25,0.572084,290.167,288.081,287.608,238.356,163.539,1.53235,316.238,354.651,214.745,3113.18,0.651355,0,0
600.75,0.575714,290.264,288.163,287.69,238.36,164.817,1.55341,318.832,354.651,214.745,3113.18,0.648025,0,0
601.25,0.579333,290.36,288.246,287.772,238.365,166.017,1.57451,321.417,354.651,214.745,3113.18,0.64469,0,0
601.75,0.58294,290.457,288.329,287.855,238.37,167.198,1.5958,323.995,354.651,214.745,3113.18,0.64135,0,0
602.25,0.586536,290.563,288.413,287.939,238.374,169.023,1.61912,326.564,356.005,215.014,3113.18,0.637995,0,0
602.75,0.590121,290.662,288.497,288.024,238.379,170.269,1.64111,329.125,356.005,215.014,3113.18,0.634636,0,0
603.25,0.593693,290.761,288.583,288.109,238.384,171.435,1.66313,331.677,356.005,215.014,3113.18,0.631272,0,0
603.75,0.597255,290.86,288.668,288.195,238.389,172.583,1.68535,334.222,356.005,215.014,3113.18,0.627907,0,0
604.25,0.600804,290.969,288.755,288.281,238.394,174.397,1.7097,336.758,357.407,215.29,3113.18,0.624528,0,0
604.75,0.604341,291.069,288.842,288.368,238.398,175.611,1.73264,339.285,357.407,215.29,3113.18,0.621146,0,0
605.25,0.607867,291.17,288.93,288.456,238.403,176.744,1.75562,341.804,357.407,215.29,3113.18,0.617763,0,0
605.75,0.611381,291.272,289.018,288.544,238.408,177.858,1.77879,344.315,357.407,215.29,3113.18,0.614379,0,0
606.25,0.614883,291.383,289.108,288.633,238.413,179.661,1.80419,346.816,358.856,215.574,3113.18,0.610984,0,0
606.75,0.618372,291.486,289.197,288.723,238.418,180.844,1.82811,349.31,358.856,215.574,3113.18,0.607588,0,0
607.25,0.62185,291.589,289.288,288.813,238.423,181.944,1.85207,351.794,358.856,215.574,4016.82,0.604192,0,0
607.75,0.625315,291.692,289.379,288.904,238.428,183.024,1.87622,354.27,358.856,215.574,4016.82,0.600797,0,0
608.25,0.628768,291.806,289.47,288.995,238.433,184.815,1.90271,356.737,360.352,215.866,4016.82,0.597394,0,0
608.75,0.632209,291.911,289.563,289.087,238.439,185.967,1.92763,359.195,360.352,215.866,4016.82,0.59399,0,0
609.25,0.635637,292.016,289.655,289.18,238.444,187.033,1.95259,361.645,360.352,215.866,4016.82,0.590589,0,0
609.75,0.639053,292.121,289.749,289.273,238.449,188.08,1.97775,364.085,360.352,215.866,4016.82,0.587191,0,0
610.25,0.642456,292.237,289.843,289.367,238.454,189.859,2.00535,366.516,361.894,216.165,4016.82,0.583785,0,0
610.75,0.645846,292.344,289.938,289.462,238.459,190.98,2.03131,368.939,361.894,216.165,5273.21,0.580382,0,0
611.25,0.649224,292.451,290.033,289.557,238.464,192.012,2.05729,371.352,361.894,216.165,5273.21,0.576982,0,0
611.75,0.652589,292.56,290.128,289.652,238.47,193.082,2.08365,373.873,361.894,216.165,5273.21,0.573586,0,0
612.25,0.655941,292.679,290.225,289.749,238.475,194.93,2.11264,376.42,363.482,216.472,5273.21,0.570183,0,0
612.75,0.659281,292.783,290.313,289.837,238.48,196.158,2.14882,378.956,363.482,216.472,5273.21,0.561133,0,0
613.25,0.662607,292.875,290.39,289.913,238.486,197.612,2.1848,381.483,363.482,216.472,5273.21,0.558514,0,0
613.75,0.665921,292.967,290.466,289.989,238.491,198.97,2.20762,383.999,363.482,216.472,5273.21,0.555915,0,0
614.25,0.669221,293.066,290.542,290.065,238.496,200.945,2.23244,386.506,364.873,216.756,5273.21,0.553326,0,0
614.75,0.672508,293.157,290.618,290.141,238.502,202.308,2.25545,389.003,364.873,216.756,5273.21,0.550759,0,0
615.25,0.675782,293.247,290.694,290.217,238.507,203.582,2.27826,391.49,364.873,216.756,5273.21,0.548212,0,0
615.75,0.679043,293.337,290.769,290.292,238.512,204.832,2.30104,393.966,364.873,216.756,5273.21,0.545686,0,0
616.25,0.68229,293.435,290.845,290.368,238.517,206.701,2.32585,396.433,366.188,217.032,7026.68,0.543174,0,0
616.75,0.685524,293.524,290.92,290.443,238.523,208.007,2.34894,398.889,366.188,217.032,7026.68,0.540682,0,0
617.25,0.688745,293.614,290.983,290.506,238.533,209.236,2.37186,401.335,366.188,217.032,7026.68,0.530639,0,0.173225
617.75,0.691952,293.692,291.059,290.581,238.538,210.695,2.422,403.771,366.188,217.032,7026.68,0.528222,0,0
618.25,0.695145,293.787,291.134,290.656,238.543,212.29,2.44627,406.197,367.255,217.325,7026.68,0.525819,0,0
618.75,0.698325,293.876,291.209,290.731,238.548,213.518,2.46939,408.612,367.255,217.325,7026.68,0.523437,0,0
619.25,0.701491,293.964,291.279,290.801,238.553,214.698,2.4924,411.017,367.255,217.325,7026.68,0.518616,0,0.0023647
619.75,0.704643,294.048,291.336,290.857,238.558,215.974,2.52431,413.411,367.255,217.325,7026.68,0.516804,0,0
620.25,0.707781,294.128,291.391,290.913,238.563,218.036,2.54577,415.795,368.437,217.581,7026.68,0.515076,0,0
620.75,0.710905,294.199,291.447,290.968,238.568,219.502,2.56485,418.168,368.437,217.581,7026.68,0.513369,0,0
621.25,0.714016,294.27,291.501,291.023,238.572,220.865,2.58357,420.53,368.437,217.581,7026.68,0.511685,0,0
621.75,0.717112,294.339,291.556,291.077,238.577,222.198,2.60212,422.882,368.437,217.581,7026.68,0.510023,0,0
622.25,0.720195,294.414,291.61,291.131,238.582,223.985,2.62217,425.223,369.428,217.813,7026.68,0.508377,0,0
622.75,0.723263,294.483,291.664,291.185,238.587,225.347,2.64073,427.554,369.428,217.813,7026.68,0.506753,0,0
623.25,0.726317,294.551,291.717,291.238,238.591,226.648,2.65903,429.874,369.428,217.813,7026.68,0.505149,0,0
623.75,0.729357,294.619,291.769,291.29,238.596,227.931,2.67721,432.182,369.428,217.813,7026.68,0.503567,0,0
624.25,0.732382,294.692,291.822,291.343,238.6,229.663,2.69687,434.48,370.393,218.037,7026.68,0.502,0,0
624.75,0.735393,294.759,291.869,291.39,238.626,230.986,2.71508,436.767,370.393,218.037,7026.68,0.48914,0,0.667582
625.25,0.738389,294.82,291.921,291.441,238.629,232.333,2.7768,439.043,370.393,218.037,7026.68,0.487655,0,0
625.75,0.741371,294.886,291.972,291.493,238.633,233.536,2.79447,441.308,370.393,218.037,7026.68,0.486193,0,0
626.25,0.744339,294.953,292.023,291.543,238.637,234.902,2.81275,443.562,370.696,218.392,7026.68,0.484742,0,0
626.75,0.747292,295.018,292.073,291.594,238.64,236.145,2.83048,445.805,370.696,218.392,7026.68,0.48331,0,0
627.25,0.75023,295.082,292.124,291.644,238.644,237.368,2.84808,448.037,370.696,218.392,9270.94,0.481896,0,0
627.75,0.753153,295.146,292.173,291.694,238.648,238.582,2.86558,450.257,370.696,218.392,9270.94,0.480501,0,0
628.25,0.756062,295.214,292.223,291.743,238.651,240.223,2.88451,452.467,371.603,218.588,9270.94,0.47912,0,0
628.75,0.758956,295.277,292.272,291.792,238.655,241.481,2.90204,454.665,371.603,218.588,9270.94,0.477756,0,0
629.25,0.761834,295.34,292.32,291.841,238.659,242.687,2.91936,456.851,371.603,218.588,9270.94,0.476409,0,0
629.75,0.764698,295.402,292.369,291.889,238.662,243.881,2.93656,459.027,371.603,218.588,9270.94,0.475079,0,0
630.25,0.767547,295.469,292.417,291.937,238.666,245.488,2.95517,461.19,372.487,218.783,9270.94,0.473763,0,0
630.75,0.770381,295.53,292.449,291.969,238.674,246.721,2.97241,463.343,372.487,218.783,9270.94,0.465735,0,0.153367
631.25,0.7732,295.577,292.496,292.016,238.678,248.219,3.01508,465.484,372.487,218.783,9270.94,0.464467,0,0
631.75,0.776003,295.637,292.543,292.063,238.681,249.241,3.03156,467.613,372.487,218.783,9270.94,0.463218,0,0
632.25,0.778791,295.701,292.583,292.102,238.685,250.627,3.04929,469.731,373.042,218.976,9270.94,0.460535,0,0.033973
632.75,0.781564,295.754,292.621,292.141,238.689,251.953,3.07126,471.837,373.042,218.976,9270.94,0.459159,0,0.00204969
633.25,0.784322,295.806,292.65,292.17,238.692,253.187,3.08759,473.932,373.042,218.976,9270.94,0.458405,0,0
633.75,0.787064,295.85,292.678,292.198,238.695,254.607,3.10031,476.014,373.042,218.976,9270.94,0.457699,0,0
634.25,0.78979,295.896,292.706,292.225,238.699,256.202,3.11347,478.085,373.611,219.143,9270.94,0.456999,0,0
634.75,0.792502,295.938,292.733,292.252,238.702,257.53,3.12553,480.145,373.611,219.143,9270.94,0.45631,0,0
635.25,0.795197,295.979,292.76,292.279,238.705,258.807,3.13737,482.192,373.611,219.143,9270.94,0.455631,0,0
635.75,0.797877,296.02,292.787,292.306,238.708,260.064,3.14907,484.228,373.611,219.143,9270.94,0.454962,0,0
636.25,0.800541,296.064,292.813,292.333,238.711,261.56,3.16165,486.268,374.135,219.284,9270.94,0.4543,0,0
636.75,0.80319,296.105,292.84,292.359,238.714,262.861,3.17339,488.362,374.135,219.284,9270.94,0.453647,0,0
637.25,0.805823,296.145,292.866,292.385,238.717,264.129,3.18497,490.443,374.135,219.284,9270.94,0.453004,0,0
637.75,0.80844,296.185,292.891,292.411,238.72,265.383,3.19643,492.511,374.135,219.284,9270.94,0.45237,0,0
638.25,0.811041,296.228,292.917,292.436,238.723,266.864,3.20873,494.568,374.642,219.421,9270.94,0.451742,0,0
638.75,0.813626,296.267,292.942,292.461,238.726,268.128,3.22013,496.611,374.642,219.421,9270.94,0.451124,0,0
639.25,0.816195,296.306,292.967,292.486,238.729,269.357,3.23136,498.642,374.642,219.421,9270.94,0.450514,0,0
639.75,0.818748,296.344,292.992,292.511,238.732,270.573,3.24248,500.66,374.642,219.421,9270.94,0.449913,0,0
640.25,0.821285,296.385,293.016,292.535,238.735,272.009,3.25442,502.666,375.131,219.552,9270.94,0.449318,0,0
640.75,0.823806,296.423,293.041,292.56,238.738,273.235,3.26548,504.658,375.131,219.552,9270.94,0.448731,0,0
641.25,0.82631,296.461,293.065,292.584,238.741,274.429,3.27637,506.638,375.131,219.552,9270.94,0.448153,0,0
641.75,0.828799,296.498,293.089,292.608,238.743,275.61,3.28716,508.605,375.131,219.552,9270.94,0.447583,0,0
642.25,0.831271,296.538,293.112,292.631,238.746,277.002,3.29875,510.559,375.605,219.679,9270.94,0.447019,0,0
642.75,0.833727,296.574,293.136,292.654,238.793,278.194,3.30949,512.501,375.605,219.679,7026.68,0.430621,0,1.43232
643.25,0.836166,296.61,293.159,292.677,238.794,279.325,3.38674,514.429,375.605,219.679,7026.68,0.430047,0,0
643.75,0.838589,296.646,293.182,292.7,238.795,280.466,3.39716,516.344,375.605,219.679,7026.68,0.429545,0,0
644.25,0.840996,296.677,293.205,292.723,238.796,281.224,3.4063,518.247,374.841,220.137,7026.68,0.429045,0,0
644.75,0.843386,296.712,293.227,292.746,238.797,282.302,3.41642,520.136,374.841,220.137,7026.68,0.428553,0,0
645.25,0.845759,296.747,293.25,292.768,238.798,283.409,3.42657,522.012,374.841,220.137,7026.68,0.428068,0,0
645.75,0.848116,296.781,293.272,292.79,238.799,284.513,3.43666,523.875,374.841,220.137,9270.94,0.427589,0,0
646.25,0.850456,296.818,293.294,292.812,238.801,285.814,3.44747,525.725,375.275,220.224,9270.94,0.427117,0,0
646.75,0.852779,296.852,293.316,292.834,238.802,286.932,3.45751,527.562,375.275,220.224,9270.94,0.426651,0,0
647.25,0.855086,296.886,293.337,292.856,238.803,288.02,3.4674,529.385,375.275,220.224,9270.94,0.426192,0,0
647.75,0.857376,296.92,293.359,292.877,238.804,289.098,3.4772,531.195,375.275,220.224,9270.94,0.425739,0,0
648.25,0.859649,296.955,293.38,292.898,238.806,290.365,3.48772,532.992,375.697,220.315,9270.94,0.425292,0,0
648.75,0.861905,296.988,293.401,292.919,238.807,291.451,3.49746,534.776,375.697,220.315,9270.94,0.424851,0,0
649.25,0.864144,297.021,293.422,292.94,238.808,292.509,3.50705,536.546,375.697,220.315,9270.94,0.424416,0,0
649.75,0.866367,297.053,293.442,292.961,238.81,293.556,3.51656,538.302,375.697,220.315,9270.94,0.423987,0,0
650.25,0.868572,297.088,293.463,292.981,238.811,294.785,3.52676,540.045,376.107,220.405,9270.94,0.423563,0,0
650.75,0.87076,297.119,293.483,293.001,238.813,295.839,3.53621,541.775,376.107,220.405,9270.94,0.423146,0,0
651.25,0.872931,297.151,293.503,293.021,238.814,296.865,3.54551,543.491,376.107,220.405,9270.94,0.422734,0,0
651.75,0.875085,297.182,293.523,293.041,238.815,297.88,3.55472,545.194,376.107,220.405,9270.94,0.422328,0,0
652.25,0.877222,297.215,293.542,293.061,238.817,299.071,3.56461,546.883,376.506,220.494,9270.94,0.421926,0,0
652.75,0.879341,297.246,293.562,293.08,238.818,300.092,3.57377,548.558,376.506,220.494,9270.94,0.42153,0,0
653.25,0.881443,297.276,293.581,293.099,238.82,301.086,3.58278,550.22,376.506,220.494,9270.94,0.42114,0,0
653.75,0.883528,297.306,293.6,293.119,238.821,302.068,3.5917,551.868,376.506,220.494,9270.94,0.420756,0,0
654.25,0.885595,297.339,293.619,293.137,238.823,303.222,3.60129,553.503,376.894,220.581,9270.94,0.420375,0,0
654.75,0.887646,297.368,293.638,293.156,238.824,304.21,3.61015,555.123,376.894,220.581,9270.94,0.42,0,0
655.25,0.889678,297.397,293.657,293.175,238.826,305.17,3.61888,556.73,376.894,220.581,9270.94,0.419631,0,0
655.75,0.891693,297.426,293.668,293.186,238.851,306.12,3.62752,558.323,376.894,220.581,9270.94,0.408356,0,0.763717
656.25,0.893691,297.447,293.687,293.205,238.852,306.995,3.68178,559.902,376.498,220.833,9270.94,0.408009,0,0
656.75,0.895671,297.475,293.705,293.223,238.852,307.827,3.68999,561.467,376.498,220.833,9270.94,0.40767,0,0
657.25,0.897634,297.503,293.723,293.241,238.853,308.725,3.69836,563.019,376.498,220.833,9270.94,0.407337,0,0
657.75,0.899578,297.531,293.741,293.259,238.854,309.626,3.70669,564.556,376.498,220.833,9270.94,0.407009,0,0
658.25,0.901506,297.561,293.759,293.277,238.854,310.694,3.71564,566.079,376.862,220.895,12021.5,0.406685,0,0
658.75,0.903415,297.589,293.777,293.295,238.855,311.606,3.72392,567.589,376.862,220.895,12021.5,0.406366,0,0
659.25,0.905307,297.617,293.795,293.312,238.856,312.494,3.73208,569.084,376.862,220.895,12021.5,0.406052,0,0
659.75,0.907181,297.644,293.812,293.33,238.857,313.372,3.74015,570.565,376.862,220.895,12021.5,0.405743,0,0
660.25,0.909037,297.673,293.829,293.347,238.858,314.408,3.74884,572.033,377.217,220.963,12021.5,0.405438,0,0
660.75,0.910875,297.699,293.846,293.364,238.859,315.291,3.75685,573.486,377.217,220.963,12021.5,0.405137,0,0
661.25,0.912695,297.726,293.863,293.381,238.86,316.149,3.76473,574.925,377.217,220.963,12021.5,0.404842,0,0
661.75,0.914498,297.752,293.88,293.397,238.861,316.996,3.77253,576.349,377.217,220.963,12021.5,0.40455,0,0
662.25,0.916282,297.78,293.896,293.414,238.862,317.996,3.78092,577.76,377.563,221.032,12021.5,0.404263,0,0
662.75,0.918049,297.806,293.905,293.423,238.876,318.847,3.78866,579.156,377.563,221.032,12021.5,0.398249,0,0.443759
663.25,0.919797,297.824,293.922,293.439,238.877,319.826,3.82035,580.538,377.563,221.032,12021.5,0.397977,0,0
663.75,0.921527,297.849,293.938,293.455,238.877,320.579,3.82769,581.935,377.563,221.032,12021.5,0.39771,0,0
664.25,0.923239,297.874,293.954,293.472,238.878,321.326,3.83504,583.32,377.454,221.191,12021.5,0.397445,0,0
664.75,0.924934,297.899,293.97,293.488,238.878,322.123,3.84247,584.691,377.454,221.191,12021.5,0.397184,0,0
665.25,0.926609,297.924,293.986,293.504,238.879,322.919,3.84986,586.047,377.454,221.191,12021.5,0.396928,0,0
665.75,0.928267,297.948,294.002,293.519,238.88,323.71,3.85717,587.388,377.454,221.191,12021.5,0.396676,0,0
666.25,0.929907,297.974,294.018,293.535,238.88,324.647,3.86505,588.715,377.782,221.248,12021.5,0.396427,0,0
666.75,0.931528,297.999,294.03,293.548,238.889,325.443,3.87231,590.026,377.782,221.248,12021.5,0.392817,0,0.267758
667.25,0.933131,298.02,294.046,293.563,238.89,326.269,3.89391,591.323,377.782,221.248,12021.5,0.392581,0,0
667.75,0.934715,298.043,294.061,293.578,238.89,327.002,3.90087,592.606,377.782,221.248,12021.5,0.39235,0,0
668.25,0.936281,298.067,294.076,293.593,238.891,327.774,3.90801,593.873,377.845,221.364,12021.5,0.392121,0,0
668.75,0.937829,298.09,294.091,293.608,238.891,328.517,3.91494,595.125,377.845,221.364,12021.5,0.391896,0,0
669.25,0.939359,298.113,294.102,293.619,238.897,329.251,3.92179,596.363,377.845,221.364,12021.5,0.389684,0,0.165035
669.75,0.940869,298.133,294.117,293.634,238.897,330.048,3.93689,597.585,377.845,221.364,12021.5,0.389469,0,0
670.25,0.942362,298.156,294.132,293.649,238.898,330.796,3.94381,598.793,377.991,221.452,12021.5,0.389256,0,0
670.75,0.943836,298.179,294.145,293.662,238.901,331.504,3.95048,599.985,377.991,221.452,12021.5,0.387797,0,0.102675
671.25,0.945291,298.2,294.159,293.677,238.902,332.222,3.96247,601.163,377.991,221.452,12021.5,0.387593,0,0
671.75,0.946728,298.222,294.171,293.688,238.904,332.9,3.96894,602.325,377.991,221.452,12021.5,0.386651,0,0.0647008
672.25,0.948146,298.242,294.186,293.703,238.904,333.688,3.97865,603.473,378.129,221.539,12021.5,0.386455,0,0
672.75,0.949546,298.263,294.188,293.706,238.906,334.345,3.985,604.605,378.129,221.539,12021.5,0.385998,0,0.0429948
673.25,0.950926,298.275,294.199,293.717,238.907,335.24,3.9909,605.723,378.129,221.539,12021.5,0.385539,0,0.0276849
673.75,0.952289,298.293,294.207,293.724,238.908,335.854,3.99758,606.825,378.129,221.539,12021.5,0.385277,0,0.0189482
674.25,0.953632,298.309,294.212,293.729,238.909,336.643,4.0033,607.912,378.257,221.597,12021.5,0.385126,0,0.0138958
674.75,0.954957,298.322,294.216,293.733,238.909,337.39,4.00783,608.984,378.257,221.597,12021.5,0.385038,0,0.0109706
675.25,0.956263,298.334,294.22,293.737,238.91,338.121,4.01177,610.04,378.257,221.597,12021.5,0.384987,0,0.00925627
675.75,0.95755,298.345,294.223,293.74,238.911,338.837,4.01536,611.082,378.257,221.597,12021.5,0.384957,0,0.00823233
676.25,0.958818,298.356,294.226,293.743,238.911,339.575,4.01894,612.108,378.344,221.634,12021.5,0.384938,0,0.00757633
676.75,0.960068,298.367,294.228,293.746,238.912,340.266,4.02218,613.119,378.344,221.634,12021.5,0.384926,0,0.0071581
677.25,0.961299,298.377,294.231,293.748,238.912,340.939,4.0253,614.115,378.344,221.634,12021.5,0.384918,0,0.00687851
677.75,0.96251,298.387,294.234,293.751,238.913,341.597,4.02834,615.096,378.344,221.634,12021.5,0.384912,0,0.00667996
678.25,0.963703,298.397,294.237,293.754,238.913,342.277,4.03153,616.061,378.424,221.661,12021.5,0.384908,0,0.00650847
678.75,0.964877,298.407,294.24,293.757,238.914,342.916,4.03448,617.011,378.424,221.661,12021.5,0.384904,0,0.00637556
679.25,0.966032,298.416,294.242,293.759,238.914,343.538,4.03738,617.945,378.424,221.661,12021.5,0.384901,0,0.00626725
679.75,0.967168,298.425,294.245,293.762,238.915,344.148,4.04023,618.864,378.424,221.661,12021.5,0.384899,0,0.00617507
680.25,0.968285,298.435,294.248,293.765,238.915,344.782,4.04324,619.768,378.506,221.686,12021.5,0.384896,0,0.00607456
680.75,0.969383,298.444,294.251,293.768,238.916,345.375,4.04603,620.657,378.506,221.686,12021.5,0.384894,0,0.00599044
681.25,0.970462,298.453,294.254,293.771,238.917,345.953,4.04878,621.53,378.506,221.686,12021.5,0.384892,0,0.00591809
681.75,0.971522,298.462,294.257,293.774,238.917,346.519,4.05148,622.387,378.506,221.686,12021.5,0.384891,0,0.00585437
682.25,0.972563,298.472,294.26,293.777,238.918,347.112,4.05435,623.229,378.591,221.71,12021.5,0.384889,0,0.00577908
682.75,0.973584,298.481,294.263,293.78,238.918,347.662,4.057,624.056,378.591,221.71,12021.5,0.384888,0,0.00571692
683.25,0.974587,298.489,294.265,293.782,238.919,348.197,4.05961,624.867,378.591,221.71,12021.5,0.384887,0,0.0056645
683.75,0.97557,298.498,294.268,293.785,238.919,348.722,4.06217,625.663,378.591,221.71,12021.5,0.384886,0,0.00561941
684.25,0.976535,298.507,294.271,293.788,238.92,349.274,4.0649,626.443,378.678,221.733,12021.5,0.384885,0,0.005563
684.75,0.97748,298.515,294.274,293.791,238.92,349.783,4.06742,627.208,378.678,221.733,12021.5,0.384884,0,0.00551855
685.25,0.978405,298.524,294.277,293.794,238.921,350.278,4.06988,627.957,378.678,221.733,12021.5,0.384883,0,0.00548308
685.75,0.979312,298.532,294.28,293.797,238.921,350.762,4.07231,628.69,378.678,221.733,12021.5,0.384883,0,0.00545436
686.25,0.980199,298.54,294.283,293.8,238.922,351.275,4.07489,629.408,378.766,221.754,12021.5,0.384882,0,0.00541497
686.75,0.981068,298.548,294.286,293.803,238.922,351.744,4.07727,630.111,378.766,221.754,12021.5,0.384882,0,0.00538668
687.25,0.981916,298.556,294.289,293.806,238.923,352.198,4.07959,630.798,378.766,221.754,12021.5,0.384881,0,0.00536677
687.75,0.982746,298.564,294.292,293.809,238.924,352.642,4.08188,631.469,378.766,221.754,12021.5,0.384881,0,0.00535316
688.25,0.983556,298.572,294.295,293.812,238.924,353.116,4.08432,632.124,378.855,221.775,12021.5,0.384881,0,0.00532959
688.75,0.984347,298.58,294.298,293.815,238.925,353.545,4.08656,632.764,378.855,221.775,12021.5,0.384881,0,0.00531635
689.25,0.985119,298.587,294.301,293.818,238.925,353.96,4.08874,633.389,378.855,221.775,12021.5,0.384882,0,0.00531092
689.75,0.985871,298.594,294.304,293.821,238.926,354.365,4.09088,633.997,378.855,221.775,12021.5,0.384882,0,0.00531139
690.25,0.986604,298.602,294.307,293.824,238.926,354.8,4.09318,634.59,378.944,221.794,12021.5,0.384882,0,0.00530278
690.75,0.987317,298.609,294.31,293.827,238.927,355.19,4.09526,635.167,378.944,221.794,12021.5,0.384883,0,0.00530356
691.25,0.988011,298.616,294.313,293.83,238.927,355.566,4.0973,635.729,378.944,221.794,12021.5,0.384884,0,0.00531166
691.75,0.988686,298.623,294.316,293.833,238.928,355.931,4.09929,636.275,378.944,221.794,12021.5,0.384884,0,0.00532508
692.25,0.989341,298.63,294.319,293.836,238.928,356.327,4.10144,636.805,379.033,221.812,12021.5,0.384885,0,0.00533038
692.75,0.989977,298.637,294.322,293.839,238.929,356.679,4.10338,637.319,379.033,221.812,12021.5,0.384886,0,0.00534447
693.25,0.990593,298.644,294.325,293.842,238.929,357.016,4.10527,637.818,379.033,221.812,12021.5,0.384887,0,0.00536533
693.75,0.99119,298.65,294.328,293.845,238.93,357.342,4.10712,638.301,379.033,221.812,12021.5,0.384888,0,0.00539131
694.25,0.991767,298.657,294.331,293.847,238.93,357.7,4.10911,638.768,379.121,221.828,12021.5,0.384889,0,0.00540968
694.75,0.992325,298.663,294.333,293.85,238.931,358.012,4.1109,639.219,379.121,221.828,12021.5,0.38489,0,0.00543615
695.25,0.992863,298.669,294.336,293.853,238.931,358.31,4.11264,639.655,379.121,221.828,12021.5,0.384892,0,0.00546891
695.75,0.993382,298.675,294.339,293.856,238.932,358.599,4.11433,640.075,379.121,221.828,12021.5,0.384893,0,0.00550645
696.25,0.993882,298.682,294.342,293.859,238.932,358.917,4.11617,640.479,379.208,221.844,12021.5,0.384895,0,0.00553721
696.75,0.994361,298.687,294.345,293.862,238.933,359.191,4.11781,640.867,379.208,221.844,12021.5,0.384896,0,0.00557535
697.25,0.994822,298.693,294.348,293.865,238.933,359.451,4.11939,641.24,379.208,221.844,12021.5,0.384898,0,0.00561932
697.75,0.995262,298.698,294.351,293.867,238.934,359.701,4.12093,641.596,379.208,221.844,12021.5,0.3849,0,0.00566773
698.25,0.995684,298.704,294.353,293.87,238.934,359.98,4.12261,641.937,379.293,221.858,12021.5,0.384902,0,0.00571018
698.75,0.996085,298.71,294.356,293.873,238.934,360.216,4.12409,642.262,379.293,221.858,12021.5,0.384904,0,0.00575934
699.25,0.996467,298.715,294.359,293.876,238.935,360.437,4.12552,642.571,379.293,221.858,12021.5,0.384906,0,0.00581384
699.75,0.99683,298.72,294.362,293.878,238.935,360.649,4.1269,642.864,379.293,221.858,12021.5,0.384908,0,0.00587245
700.25,0.997173,298.725,294.364,293.881,238.936,360.889,4.12842,643.142,379.377,221.871,12021.5,0.38491,0,0.00592596
700.75,0.997496,298.73,294.367,293.884,238.936,361.086,4.12974,643.404,379.377,221.871,12021.5,0.384912,0,0.00598549
701.25,0.9978,298.735,294.37,293.887,238.937,361.27,4.13101,643.649,379.377,221.871,12021.5,0.384914,0,0.0060499
701.75,0.998084,298.739,294.372,293.889,238.937,361.443,4.13224,643.879,379.377,221.871,12021.5,0.384917,0,0.0061181
702.25,0.998348,298.744,294.375,293.892,238.938,361.645,4.13358,644.093,379.458,221.882,12021.5,0.384919,0,0.00618207
702.75,0.998593,298.748,294.378,293.894,238.938,361.804,4.13475,644.291,379.458,221.882,12021.5,0.384922,0,0.00625138
703.25,0.998818,298.752,294.38,293.897,238.938,361.949,4.13585,644.473,379.458,221.882,12021.5,0.384924,0,0.00632511
703.75,0.999024,298.756,294.383,293.9,238.939,362.085,4.13692,644.64,379.458,221.882,12021.5,0.384927,0,0.00640232
704.25,0.99921,298.761,294.385,293.902,238.939,362.247,4.1381,644.79,379.537,221.892,12021.5,0.384929,0,0.00647618
704.75,0.999376,298.765,294.388,293.905,238.94,362.368,4.1391,644.925,379.537,221.892,12021.5,0.384932,0,0.00655471
705.25,0.999523,298.768,294.39,293.907,238.94,362.476,4.14004,645.044,379.537,221.892,12021.5,0.384935,0,0.00663722
705.75,0.99965,298.772,294.393,293.909,238.94,362.573,4.14094,645.146,379.537,221.892,12021.5,0.384938,0,0.00672289
706.25,0.999758,298.776,294.395,293.912,238.941,362.697,4.14195,645.233,379.612,221.901,12021.5,0.384941,0,0.0068061
706.75,0.999845,298.779,294.398,293.914,238.941,362.779,4.14278,645.304,379.612,221.901,12021.5,0.384944,0,0.00689333
707.25,0.999913,298.782,294.4,293.917,238.942,362.849,4.14356,645.36,379.612,221.901,12021.5,0.384947,0,0.0069841
707.75,0.999962,298.785,294.402,293.919,238.942,362.909,4.1443,645.399,379.612,221.901,12021.5,0.38495,0,0.00707772
708.25,0.999991,298.788,294.404,293.921,238.942,362.993,4.14513,645.422,379.685,221.908,12021.5,0.384953,0,0.00716979
