hour,mu0,ground_k,air_k,air_300m_k,column_mean_k,sensible_w_m2,latent_w_m2,sw_ground_w_m2,lw_down_w_m2,olr_w_m2,mixed_layer_m,rh_ground,dew_kg_m2,condensed_kg_m2
0.25,0.999998,296.926,294.289,293.806,243.852,205.898,264.977,652.671,387.696,224.63,9270.94,0.478458,0,1.23991
0.75,0.999978,296.939,294.297,293.814,243.845,206.333,264.412,652.655,387.696,224.63,9270.94,0.480623,0,0
1.25,0.999939,296.951,294.301,293.818,243.845,206.715,263.833,652.622,387.696,224.63,9270.94,0.467524,0,0.225325
1.75,0.99988,296.928,294.309,293.826,243.839,204.621,268.189,652.574,387.696,224.63,9270.94,0.469754,0,0
2.25,0.999801,296.937,294.316,293.833,243.833,204.555,267.427,652.509,387.426,224.792,9270.94,0.471981,0,0
2.75,0.999703,296.948,294.313,293.829,243.836,204.827,266.777,652.427,387.426,224.792,9270.94,0.470667,0,0.307172
3.25,0.999585,296.943,294.32,293.837,243.83,204.813,267.219,652.33,387.426,224.792,9270.94,0.472889,0,0
3.75,0.999447,296.954,294.327,293.844,243.824,204.974,266.534,652.216,387.426,224.792,9270.94,0.475103,0,0
4.25,0.99929,296.967,294.335,293.851,243.819,205.471,265.962,652.086,387.959,224.694,9270.94,0.47731,0,0
4.75,0.999113,296.978,294.327,293.844,243.826,205.783,265.329,651.94,387.959,224.694,9270.94,0.474767,0,0.413947
5.25,0.998917,296.967,294.334,293.851,243.826,205.648,266.142,651.777,387.959,224.694,9270.94,0.476974,0,0.200033
5.75,0.998701,296.976,294.341,293.858,243.821,205.734,265.436,651.598,387.959,224.694,9270.94,0.479174,0,0
6.25,0.998465,296.987,294.349,293.865,243.815,206.017,264.794,651.403,388.066,224.666,9270.94,0.481367,0,0
6.75,0.99821,296.997,294.348,293.865,243.814,206.273,264.145,651.192,388.066,224.666,9270.94,0.463124,0,0.111745
7.25,0.997935,296.958,294.354,293.871,243.81,203.283,270.117,650.964,388.066,224.666,9270.94,0.465408,0,0.0442225
7.75,0.997641,296.966,294.343,293.86,243.811,203.122,269.283,650.721,388.066,224.666,9270.94,0.465975,0,0.197938
8.25,0.997327,296.957,294.35,293.866,243.807,203.405,268.995,650.461,387.97,224.474,9270.94,0.468236,0,0.0370361
8.75,0.996993,296.965,294.356,293.873,243.802,203.444,268.245,650.184,387.97,224.474,9270.94,0.470488,0,0.0158667
9.25,0.99664,296.974,294.34,293.857,243.807,203.625,267.543,649.892,387.97,224.474,9270.94,0.469898,0,0.319573
9.75,0.996267,296.96,294.347,293.864,243.833,203.908,267.626,649.583,387.97,224.474,7026.68,0.472136,0,1.00472
10.25,0.995874,296.967,294.354,293.871,243.827,203.85,266.848,649.258,387.859,224.702,9270.94,0.474373,0,0
10.75,0.995462,296.976,294.347,293.864,243.825,204.001,266.14,648.917,387.859,224.702,9270.94,0.462959,0,0.107512
11.25,0.995031,296.945,294.353,293.87,243.819,202.21,269.809,648.56,387.859,224.702,9270.94,0.465247,0,0
11.75,0.994579,296.952,294.34,293.857,243.819,202.052,268.974,648.187,387.859,224.702,9270.94,0.46589,0,0.183687
12.25,0.994109,296.942,294.347,293.864,243.814,202.399,268.656,647.797,387.952,224.52,12021.5,0.468156,0,0
12.75,0.993619,296.95,294.353,293.87,243.809,202.375,267.88,647.392,387.952,224.52,12021.5,0.470414,0,0
13.25,0.993109,296.958,294.336,293.853,243.812,202.492,267.151,646.97,387.952,224.52,12021.5,0.469863,0,0.286835
13.75,0.99258,296.942,294.343,293.86,243.808,202.726,267.193,646.532,387.952,224.52,12021.5,0.472106,0,0.0127268
14.25,0.992031,296.952,294.349,293.866,243.803,202.841,266.468,646.077,388.426,224.418,12021.5,0.474345,0,0.0083895
14.75,0.991463,296.959,294.356,293.873,243.798,202.952,265.745,645.607,388.426,224.418,12021.5,0.476576,0,0.0109054
15.25,0.990875,296.967,294.342,293.858,243.807,203.066,265.024,645.121,388.426,224.418,12021.5,0.474412,0,0.41395
15.75,0.990268,296.949,294.348,293.865,243.83,202.95,265.604,644.618,388.426,224.418,7026.68,0.476638,0,0.91683
16.25,0.989641,296.955,294.354,293.871,243.863,202.771,264.787,644.1,388.278,224.634,9270.94,0.478863,0,1.26436
16.75,0.988995,296.962,294.36,293.877,243.856,202.827,264.045,643.565,388.278,224.634,9270.94,0.48108,0,0
17.25,0.988329,296.969,294.36,293.876,243.856,202.908,263.314,643.014,388.278,224.634,9270.94,0.46799,0,0.238494
17.75,0.987644,296.939,294.365,293.882,243.849,200.585,267.538,642.447,388.278,224.634,9270.94,0.47027,0,0
18.25,0.98694,296.942,294.37,293.887,243.842,200.216,266.619,641.864,387.937,224.791,9270.94,0.472547,0,0
18.75,0.986216,296.948,294.368,293.884,243.846,200.233,265.83,641.265,387.937,224.791,9270.94,0.47108,0,0.319145
19.25,0.985473,296.94,294.372,293.889,243.839,199.851,266.228,640.65,387.937,224.791,9270.94,0.473356,0,0
19.75,0.984711,296.945,294.377,293.894,243.833,199.796,265.413,640.019,387.937,224.791,9270.94,0.475625,0,0
20.25,0.983929,296.953,294.382,293.899,243.827,200.048,264.697,639.372,388.425,224.679,9270.94,0.477887,0,0
20.75,0.983128,296.958,294.375,293.892,243.834,200.129,263.928,638.709,388.425,224.679,9270.94,0.475216,0,0.42703
21.25,0.982307,296.944,294.38,293.896,243.834,199.648,264.69,638.03,388.425,224.679,9270.94,0.477481,0,0.213698
21.75,0.981467,296.949,294.384,293.901,243.828,199.531,263.853,637.335,388.425,224.679,9270.94,0.47974,0,0
22.25,0.980608,296.954,294.388,293.905,243.822,199.574,263.065,636.624,388.476,224.642,9270.94,0.481992,0,0
22.75,0.97973,296.958,294.386,293.903,243.821,199.607,262.278,635.897,388.476,224.642,9270.94,0.463772,0,0.129004
23.25,0.978832,296.914,294.389,293.906,243.816,196.37,268.136,635.154,388.476,224.642,9270.94,0.466113,0,0.0411637
23.75,0.977916,296.917,294.38,293.897,243.817,195.991,267.164,634.395,388.476,224.642,9270.94,0.466434,0,0.214714
24.25,0.97698,296.905,294.384,293.901,243.813,195.846,266.866,633.62,388.323,224.441,9270.94,0.468757,0,0.0354233
24.75,0.976024,296.909,294.387,293.904,243.808,195.702,265.985,632.83,388.323,224.441,9270.94,0.471072,0,0.0188901
25.25,0.97505,296.912,294.373,293.89,243.813,195.675,265.144,632.023,388.323,224.441,9270.94,0.470322,0,0.330616
25.75,0.974056,296.895,294.376,293.893,243.838,195.599,265.191,631.201,388.323,224.441,7026.68,0.472626,0,1.00326
26.25,0.973044,296.896,294.38,293.897,243.832,195.338,264.271,630.363,388.158,224.656,9270.94,0.474929,0,0
26.75,0.972012,296.899,294.374,293.891,243.829,195.283,263.422,629.509,388.158,224.656,9270.94,0.463418,0,0.119702
27.25,0.970961,296.866,294.377,293.893,243.823,193.159,267.031,628.639,388.158,224.656,9270.94,0.465771,0,0
27.75,0.969891,296.867,294.365,293.882,243.823,192.819,266.059,627.753,388.158,224.656,9270.94,0.466256,0,0.193557
28.25,0.968802,296.854,294.368,293.885,243.817,192.796,265.695,626.852,388.2,224.463,12021.5,0.468591,0,0
28.75,0.967694,296.856,294.371,293.887,243.811,192.597,264.782,625.935,388.2,224.463,12021.5,0.470918,0,9.25236e-05
29.25,0.966567,296.858,294.355,293.872,243.816,192.517,263.909,625.002,388.2,224.463,12021.5,0.470244,0,0.316367
29.75,0.965421,296.839,294.358,293.874,243.81,192.409,263.901,624.053,388.2,224.463,12021.5,0.47256,0,0.00578176
30.25,0.964255,296.843,294.36,293.877,243.805,192.325,263.028,623.089,388.606,224.353,12021.5,0.474871,0,0.0143931
30.75,0.963071,296.844,294.363,293.88,243.8,192.239,262.158,622.109,388.606,224.353,12021.5,0.477174,0,0.00811779
31.25,0.961869,296.846,294.351,293.867,243.808,192.155,261.29,621.113,388.606,224.353,12021.5,0.474866,0,0.429135
31.75,0.960647,296.826,294.353,293.87,243.831,191.672,261.831,620.102,388.606,224.353,7026.68,0.477167,0,0.920591
32.25,0.959406,296.826,294.355,293.872,243.864,191.305,260.865,619.075,388.392,224.558,9270.94,0.479467,0,1.26582
32.75,0.958146,296.826,294.358,293.874,243.856,191.167,259.976,618.033,388.392,224.558,9270.94,0.481758,0,0
33.25,0.956868,296.827,294.359,293.876,243.856,191.053,259.097,616.975,388.392,224.558,9270.94,0.468634,0,0.253812
33.75,0.955571,296.795,294.361,293.878,243.849,188.36,263.253,615.901,388.392,224.558,9270.94,0.470949,0,0
34.25,0.954255,296.792,294.362,293.879,243.841,187.811,262.188,614.812,387.986,224.702,9270.94,0.473301,0,0
34.75,0.95292,296.791,294.362,293.879,243.845,187.638,261.251,613.707,387.986,224.702,9270.94,0.471597,0,0.332326
35.25,0.951567,296.782,294.363,293.88,243.838,186.843,261.646,612.587,387.986,224.702,9270.94,0.473947,0,0
35.75,0.950195,296.781,294.364,293.881,243.831,186.642,260.693,611.451,387.986,224.702,9270.94,0.476294,0,0
36.25,0.948804,296.782,294.364,293.881,243.824,186.687,259.818,610.3,388.405,224.577,9270.94,0.478635,0,0
36.75,0.947394,296.781,294.361,293.877,243.832,186.578,258.898,609.134,388.405,224.577,9270.94,0.475743,0,0.440293
37.25,0.945966,296.766,294.361,293.878,243.831,185.678,259.652,607.952,388.405,224.577,9270.94,0.478089,0,0.211012
37.75,0.94452,296.764,294.361,293.878,243.825,185.421,258.677,606.755,388.405,224.577,9270.94,0.480429,0,0
38.25,0.943054,296.762,294.361,293.878,243.818,185.261,257.729,605.542,388.389,224.527,9270.94,0.482763,0,0
38.75,0.941571,296.761,294.361,293.878,243.812,185.109,256.79,604.314,388.389,224.527,9270.94,0.485088,0,0
39.25,0.940068,296.759,294.339,293.856,243.814,184.955,255.853,603.07,388.389,224.527,9270.94,0.466838,0,0.253586
39.75,0.938548,296.696,294.339,293.856,243.808,181.885,261.481,601.812,388.389,224.527,9270.94,0.469239,0,0.0134232
40.25,0.937009,296.691,294.338,293.855,243.804,181.127,260.306,600.538,388.24,224.28,9270.94,0.471627,0,0.0382417
40.75,0.935451,296.688,294.326,293.843,243.808,180.847,259.297,599.249,388.24,224.28,9270.94,0.470692,0,0.325284
41.25,0.933875,296.669,294.326,293.842,243.833,180.35,259.318,597.944,388.24,224.28,7026.68,0.473073,0,1.00338
41.75,0.932281,296.665,294.325,293.842,243.826,179.996,258.287,596.625,388.24,224.28,7026.68,0.475446,0,0
42.25,0.930668,296.66,294.324,293.841,243.819,179.68,257.264,595.29,388.022,224.472,9270.94,0.477816,0,0
42.75,0.929037,296.657,294.304,293.821,243.819,179.456,256.275,593.94,388.022,224.472,9270.94,0.466324,0,0.194342
43.25,0.927388,296.609,294.303,293.82,243.812,177.384,259.678,592.575,388.022,224.472,9270.94,0.468736,0,0
43.75,0.925721,296.604,294.301,293.818,243.806,176.78,258.543,591.195,388.022,224.472,9270.94,0.471143,0,0
44.25,0.924035,296.6,294.286,293.803,243.809,176.524,257.522,589.8,388.099,224.237,9270.94,0.470419,0,0.300168
44.75,0.922331,296.578,294.285,293.802,243.803,176.086,257.438,588.39,388.099,224.237,9270.94,0.472811,0,0.0183971
45.25,0.92061,296.573,294.284,293.8,243.798,175.68,256.378,586.965,388.099,224.237,9270.94,0.475196,0,0.00761867
45.75,0.91887,296.569,294.282,293.799,243.792,175.411,255.365,585.549,388.099,224.237,9270.94,0.477571,0,0.0144479
46.25,0.917112,296.566,294.272,293.789,243.8,175.303,254.403,584.13,388.422,224.127,9270.94,0.475134,0,0.43117
46.75,0.915336,296.545,294.271,293.788,243.821,174.471,254.918,582.697,388.422,224.127,7026.68,0.477514,0,0.889725
47.25,0.913542,296.54,294.269,293.786,243.854,174.083,253.863,581.249,388.422,224.127,7026.68,0.479886,0,1.27798
47.75,0.91173,296.535,294.267,293.784,243.846,173.81,252.849,579.787,388.422,224.127,9270.94,0.482249,0,0
48.25,0.9099,296.525,294.264,293.781,243.838,173.223,251.723,578.311,387.619,224.649,9270.94,0.484615,0,0
48.75,0.908052,296.519,294.261,293.778,243.84,172.93,250.697,576.82,387.619,224.649,9270.94,0.471239,0,0.319988
49.25,0.906187,296.48,294.258,293.775,243.832,170.05,254.779,575.314,387.619,224.649,9270.94,0.473643,0,0
49.75,0.904303,296.472,294.255,293.772,243.825,169.499,253.632,573.795,387.619,224.649,9270.94,0.476063,0,0
50.25,0.902402,296.465,294.251,293.768,243.818,169.183,252.561,572.261,387.599,224.433,9270.94,0.47847,0,0
50.75,0.900483,296.459,294.248,293.765,243.824,168.892,251.508,570.712,387.599,224.433,9270.94,0.475821,0,0.433682
51.25,0.898547,296.441,294.244,293.761,243.817,167.745,252.137,569.15,387.599,224.433,9270.94,0.478083,0,0
51.75,0.896592,296.433,294.24,293.757,243.81,167.365,251.054,567.573,387.599,224.433,9270.94,0.480488,0,0
52.25,0.89462,296.427,294.237,293.754,243.803,167.165,250.022,565.982,387.83,224.325,9270.94,0.482887,0,0
52.75,0.892631,296.42,294.233,293.75,243.797,166.882,248.969,564.376,387.83,224.325,9270.94,0.485275,0,0
53.25,0.890624,296.413,294.229,293.746,243.79,166.587,247.916,562.757,387.83,224.325,9270.94,0.487654,0,0
53.75,0.8886,296.405,294.21,293.727,243.803,166.286,246.865,561.123,387.83,224.325,9270.94,0.483131,0,0.626163
54.25,0.886558,296.371,294.205,293.723,243.804,165.199,247.954,559.476,387.823,224.282,9270.94,0.485516,0,0.232786
54.75,0.884498,296.362,294.201,293.718,243.797,164.643,246.816,557.814,387.823,224.282,9270.94,0.487895,0,0
55.25,0.882422,296.354,294.197,293.714,243.791,164.273,245.741,556.138,387.823,224.282,9270.94,0.490265,0,0
55.75,0.880328,296.345,294.193,293.71,243.785,163.922,244.676,554.449,387.823,224.282,9270.94,0.492625,0,0
56.25,0.878216,296.338,294.188,293.705,243.779,163.699,243.642,552.745,388.086,224.118,9270.94,0.494984,0,0.0206318
56.75,0.876088,296.329,294.163,293.68,243.787,163.364,242.583,551.027,388.086,224.118,9270.94,0.475061,0,0.447971
57.25,0.873942,296.256,294.158,293.675,243.81,159.832,248.574,549.296,388.086,224.118,7026.68,0.477498,0,0.938105
57.75,0.871779,296.245,294.152,293.669,243.803,158.915,247.283,547.551,388.086,224.118,7026.68,0.479932,0,0
58.25,0.869599,296.229,294.147,293.664,243.796,158.06,246.01,545.791,387.14,224.184,7026.68,0.48235,0,0
58.75,0.867401,296.219,294.142,293.659,243.789,157.6,244.879,544.018,387.14,224.184,9270.94,0.484759,0,0
59.25,0.865187,296.209,294.136,293.653,243.782,157.193,243.768,542.232,387.14,224.184,9270.94,0.487158,0,0.00318446
59.75,0.862956,296.199,294.111,293.628,243.789,156.796,242.665,540.431,387.14,224.184,9270.94,0.47418,0,0.411606
60.25,0.860708,296.139,294.105,293.622,243.782,154.26,246.361,538.617,386.952,224.02,9270.94,0.476617,0,0.00770116
60.75,0.858443,296.127,294.1,293.617,243.776,153.419,245.093,536.789,386.952,224.02,9270.94,0.47905,0,0.0148564
61.25,0.856161,296.116,294.094,293.611,243.771,152.931,243.945,534.948,386.952,224.02,9270.94,0.481473,0,0.00952509
61.75,0.853862,296.105,294.088,293.605,243.765,152.486,242.813,533.093,386.952,224.02,9270.94,0.483887,0,0.0126696
62.25,0.851546,296.097,294.082,293.599,243.76,152.286,241.75,531.225,387.466,223.814,9270.94,0.486299,0,0.0169122
62.75,0.849214,296.085,294.062,293.579,243.773,151.887,240.635,529.343,387.466,223.814,9270.94,0.482094,0,0.604912
63.25,0.846865,296.05,294.056,293.573,243.792,150.702,241.557,527.447,387.466,223.814,7026.68,0.484511,0,0.846194
63.75,0.844499,296.037,294.05,293.567,243.825,150.051,240.357,525.538,387.466,223.814,7026.68,0.48692,0,1.28783
64.25,0.842117,296.019,294.043,293.56,243.817,149.143,239.066,523.616,386.409,224.358,7026.68,0.489332,0,0
64.75,0.839718,296.007,294.036,293.553,243.808,148.639,237.911,521.681,386.409,224.358,7026.68,0.491734,0,0
65.25,0.837303,295.995,294.029,293.546,243.801,148.178,236.774,519.732,386.409,224.358,9270.94,0.494126,0,0
65.75,0.834871,295.982,294.022,293.539,243.793,147.721,235.642,517.769,386.409,224.358,9270.94,0.49651,0,0
66.25,0.832423,295.972,294.015,293.532,243.786,147.483,234.577,515.794,386.916,224.133,9270.94,0.49889,0,0
66.75,0.829959,295.96,293.99,293.507,243.798,147.047,233.455,513.805,386.916,224.133,9270.94,0.483549,0,0.627568
67.25,0.827478,295.895,293.982,293.499,243.79,144.111,237.874,511.804,386.916,224.133,9270.94,0.485983,0,0
67.75,0.824981,295.88,293.974,293.492,243.783,143.181,236.562,509.789,386.916,224.133,9270.94,0.488413,0,0
68.25,0.822467,295.863,293.966,293.484,243.775,142.43,235.309,507.761,386.46,223.991,9270.94,0.490828,0,0
68.75,0.819938,295.849,293.959,293.476,243.769,141.884,234.133,505.72,386.46,223.991,9270.94,0.493233,0,0
69.25,0.817392,295.835,293.951,293.468,243.762,141.368,232.97,503.666,386.46,223.991,9270.94,0.49563,0,0
69.75,0.814831,295.821,293.943,293.461,243.755,140.856,231.814,501.599,386.46,223.991,9270.94,0.498017,0,0
70.25,0.812253,295.809,293.935,293.452,243.749,140.553,230.721,499.519,386.937,223.784,9270.94,0.5004,0,0
70.75,0.80966,295.795,293.927,293.444,243.744,140.065,229.575,497.426,386.937,223.784,9270.94,0.502773,0,0.016459
71.25,0.80705,295.781,293.915,293.433,243.765,139.552,228.426,495.32,386.937,223.784,5273.21,0.494454,0,0.900463
71.75,0.804425,295.741,293.907,293.424,243.763,137.371,230.644,493.202,386.937,223.784,9270.94,0.496855,0,0.138753
72.25,0.801784,295.721,293.898,293.415,243.756,136.38,229.313,491.071,386.34,223.808,9270.94,0.499252,0,0
72.75,0.799127,295.706,293.889,293.406,243.749,135.791,228.123,488.956,386.34,223.808,9270.94,0.501641,0,0
73.25,0.796454,295.691,293.88,293.398,243.744,135.271,226.959,486.891,386.34,223.808,9270.94,0.504019,0,0.03567
73.75,0.793766,295.676,293.871,293.389,243.739,134.759,225.802,484.813,386.34,223.808,9270.94,0.506389,0,0.0177121
74.25,0.791062,295.662,293.862,293.38,243.734,134.39,224.689,482.723,386.66,223.631,9270.94,0.508754,0,0.030908
74.75,0.788343,295.647,293.853,293.371,243.728,133.894,223.542,480.621,386.66,223.631,9270.94,0.511109,0,0.0193282
75.25,0.785608,295.632,293.844,293.361,243.723,133.379,222.393,478.507,386.66,223.631,9270.94,0.513455,0,0.0275463
75.75,0.782857,295.616,293.825,293.342,243.743,132.857,221.247,476.381,386.66,223.631,9270.94,0.489887,0,0.800109
76.25,0.780092,295.533,293.815,293.333,243.76,128.044,228.12,474.243,385.953,223.565,7026.68,0.492314,0,0.760578
76.75,0.777311,295.514,293.805,293.323,243.753,126.916,226.73,472.094,385.953,223.565,7026.68,0.494739,0,0.0170063
77.25,0.774514,295.497,293.795,293.313,243.746,126.266,225.501,469.932,385.953,223.565,7026.68,0.497156,0,0.00761601
77.75,0.771703,295.48,293.785,293.303,243.74,125.675,224.295,467.759,385.953,223.565,7026.68,0.499563,0,0.0135163
78.25,0.768876,295.462,293.774,293.292,243.733,125.11,223.081,465.574,385.914,223.547,7026.68,0.501972,0,0.00918488
78.75,0.766034,295.445,293.764,293.282,243.727,124.546,221.884,463.378,385.914,223.547,7026.68,0.50437,0,0.0116794
79.25,0.763178,295.428,293.753,293.271,243.722,123.983,220.693,461.17,385.914,223.547,9270.94,0.506759,0,0.00957573
79.75,0.760306,295.41,293.743,293.261,243.716,123.418,219.505,458.95,385.914,223.547,9270.94,0.509138,0,0.0105852
80.25,0.757419,295.394,293.732,293.25,243.71,122.987,218.359,456.718,386.225,223.368,9270.94,0.511513,0,0.00951325
80.75,0.754517,295.377,293.71,293.228,243.732,122.431,217.18,454.476,386.225,223.368,9270.94,0.493452,0,0.873199
81.25,0.751601,295.305,293.698,293.216,243.746,118.837,222.329,452.221,386.225,223.368,7026.68,0.495892,0,0.697455
81.75,0.74867,295.285,293.687,293.205,243.781,117.79,220.952,449.956,386.225,223.368,7026.68,0.498328,0,1.33789
82.25,0.745724,295.256,293.675,293.193,243.772,116.466,219.481,447.678,384.646,223.844,7026.68,0.500757,0,0
82.75,0.742763,295.237,293.663,293.181,243.763,115.76,218.222,445.39,384.646,223.844,7026.68,0.503177,0,0
83.25,0.739788,295.217,293.651,293.169,243.755,115.13,216.993,443.09,384.646,223.844,7026.68,0.505588,0,0
83.75,0.736798,295.198,293.64,293.158,243.747,114.511,215.772,440.779,384.646,223.844,7026.68,0.507988,0,0
84.25,0.733794,295.18,293.628,293.146,243.74,114.057,214.6,438.457,385.005,223.61,7026.68,0.510385,0,0
84.75,0.730775,295.161,293.616,293.134,243.732,113.46,213.391,436.124,385.005,223.61,7026.68,0.512772,0,0
85.25,0.727742,295.141,293.604,293.122,243.725,112.844,212.182,433.78,385.005,223.61,9270.94,0.515149,0,0
85.75,0.724695,295.121,293.591,293.11,243.718,112.22,210.975,431.424,385.005,223.61,9270.94,0.517516,0,0.00181613
86.25,0.721633,295.102,293.58,293.098,243.713,111.675,209.792,429.058,385.189,223.41,9270.94,0.519832,0,0.0409003
86.75,0.718558,295.083,293.584,293.102,243.708,111.026,208.608,426.68,385.189,223.41,9270.94,0.521149,0,0.0632018
87.25,0.715468,295.073,293.578,293.096,243.734,109.848,207.79,424.292,385.189,223.41,5273.21,0.500675,0,1.03485
87.75,0.712364,295.008,293.564,293.083,243.726,105.477,213.709,421.893,385.189,223.41,9270.94,0.503122,0,0
88.25,0.709246,294.98,293.551,293.069,243.72,104.14,212.209,419.483,384.332,223.371,9270.94,0.505564,0,0.0286097
88.75,0.706114,294.958,293.537,293.055,243.713,103.398,210.921,417.062,384.332,223.371,9270.94,0.507996,0,0.023513
89.25,0.702968,294.936,293.523,293.041,243.707,102.721,209.659,414.631,384.332,223.371,9270.94,0.510418,0,0.0265168
89.75,0.699809,294.914,293.509,293.027,243.701,102.056,208.407,412.189,384.332,223.371,9270.94,0.512829,0,0.0230768
90.25,0.696636,294.893,293.495,293.013,243.695,101.512,207.191,409.736,384.594,223.187,9270.94,0.515236,0,0.0247132
90.75,0.693449,294.871,293.481,292.999,243.69,100.862,205.951,407.272,384.594,223.187,9270.94,0.517634,0,0.0254016
91.25,0.690248,294.848,293.468,292.987,243.685,100.195,204.711,404.799,384.594,223.187,9270.94,0.519945,0,0.0649782
91.75,0.687034,294.826,293.47,292.989,243.682,99.4812,203.501,402.314,384.594,223.187,9270.94,0.521262,0,0.0854936
92.25,0.683806,294.814,293.48,292.999,243.677,98.3089,202.66,399.819,384.692,223.055,9270.94,0.523388,0,0.021918
92.75,0.680565,294.81,293.466,292.984,243.675,97.1216,201.619,397.314,384.692,223.055,9270.94,0.52442,0,0.137622
93.25,0.677311,294.785,293.475,292.993,243.67,96.4214,200.855,394.799,384.692,223.055,9270.94,0.526543,0,0.0208126
93.75,0.674043,294.779,293.478,292.996,243.665,95.1574,199.78,392.273,384.692,223.055,9270.94,0.512732,0,0.0199626
94.25,0.670762,294.736,293.453,292.971,243.692,91.7276,203.645,389.737,384.833,222.855,5273.21,0.500858,0,1.05105
94.75,0.667468,294.673,293.436,292.954,243.704,88.8692,206.666,387.191,384.833,222.855,7026.68,0.503361,0,0.627063
95.25,0.664161,294.646,293.419,292.937,243.697,87.8658,205.237,384.634,384.833,222.855,7026.68,0.505858,0,0
95.75,0.66084,294.62,293.402,292.92,243.69,87.1333,203.906,382.068,384.833,222.855,7026.68,0.508343,0,0
96.25,0.657507,294.587,293.385,292.903,243.683,85.9791,202.433,379.491,383.73,223.008,7026.68,0.510819,0,0.0126119
96.75,0.654161,294.561,293.367,292.886,243.677,85.2221,201.106,376.905,383.73,223.008,7026.68,0.513285,0,0.00795314
97.25,0.650802,294.535,293.35,292.869,243.671,84.51,199.8,374.308,383.73,223.008,7026.68,0.515739,0,0.0107055
97.75,0.64743,294.51,293.333,292.852,243.665,83.852,198.519,371.827,383.73,223.008,7026.68,0.518182,0,0.0194978
98.25,0.644045,294.485,293.32,292.839,243.66,83.3062,197.272,369.376,383.925,222.813,7026.68,0.520338,0,0.0564199
98.75,0.640648,294.463,293.322,292.84,243.657,82.5343,196.11,366.915,383.925,222.813,7026.68,0.521572,0,0.0758105
99.25,0.637238,294.449,293.326,292.845,243.651,81.3075,195.277,364.446,383.925,222.813,7026.68,0.523806,0,0.00891821
99.75,0.633816,294.44,293.312,292.831,243.65,80.2409,194.179,361.967,383.925,222.813,9270.94,0.524723,0,0.145259
100.25,0.630381,294.415,293.316,292.834,243.645,79.5145,193.454,359.479,384.036,222.713,9270.94,0.52696,0,0.036172
100.75,0.626934,294.406,293.319,292.837,243.64,78.3922,192.327,356.982,384.036,222.713,9270.94,0.529196,0,0.0265482
101.25,0.623474,294.396,293.302,292.82,243.642,77.4021,191.24,354.477,384.036,222.713,9270.94,0.529006,0,0.223564
101.75,0.620002,294.366,293.304,292.823,243.641,76.5174,190.833,351.962,384.036,222.713,9270.94,0.531244,0,0.159688
102.25,0.616518,294.354,293.298,292.817,243.637,75.3534,189.666,349.439,383.957,222.65,9270.94,0.51921,0,0.0579855
102.75,0.613022,294.306,293.289,292.807,243.634,72.3165,192.855,346.907,383.957,222.65,9270.94,0.520993,0,0.0836324
103.25,0.609514,294.284,293.289,292.808,243.63,71.193,191.738,344.366,383.957,222.65,9270.94,0.523322,0,0.048757
103.75,0.605994,294.271,293.27,292.788,243.63,70.1108,190.555,341.817,383.957,222.65,9270.94,0.52452,0,0.166492
104.25,0.602462,294.241,293.27,292.788,243.642,69.4491,189.7,339.259,384.033,222.5,9270.94,0.526838,0,0.585028
104.75,0.598918,294.228,293.258,292.777,243.638,68.3399,188.507,336.692,384.033,222.5,9270.94,0.519593,0,0.0584801
105.25,0.595363,294.186,293.25,292.769,243.635,66.1281,190.205,334.117,384.033,222.5,9270.94,0.521248,0,0.086374
105.75,0.591795,294.164,293.248,292.767,243.63,64.9853,189.14,331.533,384.033,222.5,9270.94,0.523615,0,0.0238911
106.25,0.588216,294.148,293.23,292.748,243.628,63.8744,187.902,328.941,383.842,222.471,9270.94,0.524729,0,0.142463
106.75,0.584626,294.118,293.227,292.746,243.623,63.0995,187.051,326.34,383.842,222.471,9270.94,0.527093,0,0.0229364
107.25,0.581024,294.102,293.225,292.743,243.618,62.0174,185.827,323.732,383.842,222.471,9270.94,0.529455,0,0.022786
107.75,0.577411,294.087,293.207,292.726,243.619,61.0617,184.645,321.115,383.842,222.471,9270.94,0.529265,0,0.215145
108.25,0.573786,294.054,293.204,292.722,243.629,60.044,184.181,318.489,383.764,222.404,9270.94,0.53163,0,0.490345
108.75,0.57015,294.038,293.2,292.719,243.65,58.9633,182.945,315.856,383.764,222.404,7026.68,0.533993,0,0.870636
109.25,0.566503,294.022,293.196,292.715,243.643,58.0142,181.754,313.214,383.764,222.404,7026.68,0.536351,0,0.00548299
109.75,0.562844,294.005,293.179,292.697,243.641,57.0864,180.569,310.565,383.764,222.404,7026.68,0.52756,0,0.169746
110.25,0.559175,293.949,293.173,292.692,243.635,54.4778,182.581,307.907,383.115,222.577,7026.68,0.529975,0,0.00524047
110.75,0.555494,293.93,293.167,292.686,243.628,53.2309,181.242,305.241,383.115,222.577,7026.68,0.532392,0,0.00513876
111.25,0.551803,293.912,293.161,292.68,243.622,52.2626,180.002,302.568,383.115,222.577,7026.68,0.534805,0,0.00502349
111.75,0.548101,293.893,293.141,292.66,243.624,51.3341,178.776,299.887,383.115,222.577,7026.68,0.533592,0,0.268005
112.25,0.544388,293.855,293.134,292.653,243.618,50.1775,178.589,297.197,383.083,222.45,7026.68,0.536015,0,0.00482096
112.75,0.540664,293.835,293.127,292.645,243.612,49.1033,177.297,294.501,383.083,222.45,7026.68,0.538436,0,0.0268461
113.25,0.53693,293.815,293.119,292.638,243.607,48.1683,176.055,291.796,383.083,222.45,7026.68,0.540851,0,0.0300297
113.75,0.533185,293.795,293.111,292.63,243.602,47.2544,174.82,289.084,383.083,222.45,7026.68,0.543261,0,0.0260709
114.25,0.52943,293.775,293.092,292.611,243.603,46.3479,173.575,286.364,383.045,222.285,7026.68,0.529225,0,0.218375
114.75,0.525664,293.708,293.082,292.601,243.613,43.1789,177.169,283.637,383.045,222.285,9270.94,0.531718,0,0.518182
115.25,0.521888,293.684,293.072,292.591,243.607,41.8993,175.739,280.902,383.045,222.285,9270.94,0.534215,0,0.00426641
115.75,0.518102,293.662,293.062,292.581,243.601,40.9398,174.432,278.159,383.045,222.285,9270.94,0.536707,0,0.00417397
116.25,0.514306,293.637,293.042,292.561,243.6,39.895,173.093,275.41,382.715,222.213,9270.94,0.528272,0,0.177651
116.75,0.510499,293.581,293.03,292.549,243.594,37.5445,174.983,272.653,382.715,222.213,9270.94,0.530804,0,0.00399055
117.25,0.506683,293.556,293.019,292.538,243.589,36.3771,173.554,269.889,382.715,222.213,9270.94,0.533337,0,0.0163465
117.75,0.502856,293.532,293.007,292.526,243.584,35.4415,172.221,267.117,382.715,222.213,9270.94,0.535865,0,0.0220386
118.25,0.49902,293.508,292.993,292.513,243.587,34.5578,170.913,264.403,382.685,222.036,9270.94,0.534292,0,0.287453
118.75,0.495173,293.474,292.981,292.5,243.595,33.186,170.829,261.872,382.685,222.036,9270.94,0.536808,0,0.456468
119.25,0.491318,293.451,292.968,292.487,243.616,32.3387,169.513,259.334,382.685,222.036,7026.68,0.539338,0,0.876992
119.75,0.487452,293.427,292.955,292.474,243.609,31.5629,168.24,256.789,382.685,222.036,7026.68,0.54186,0,0.00354435
120.25,0.483577,293.398,292.942,292.461,243.602,30.4616,166.839,254.239,381.835,222.254,7026.68,0.544387,0,0.00346152
120.75,0.479692,293.373,292.928,292.447,243.595,29.6605,165.552,251.682,381.835,222.254,7026.68,0.546907,0,0.00340591
121.25,0.475798,293.349,292.91,292.429,243.598,28.8987,164.282,249.119,381.835,222.254,7026.68,0.536796,0,0.312499
121.75,0.471895,293.292,292.895,292.415,243.591,26.3425,166.646,246.549,381.835,222.254,7026.68,0.539345,0,0.00327711
122.25,0.467982,293.264,292.88,292.399,243.585,25.2731,165.22,243.974,381.701,222.086,7026.68,0.541911,0,0.00322766
122.75,0.46406,293.238,292.865,292.384,243.578,24.4647,163.901,241.393,381.701,222.086,7026.68,0.544471,0,0.00316048
123.25,0.460129,293.212,292.849,292.369,243.572,23.6929,162.598,238.805,381.701,222.086,7026.68,0.547022,0,0.00310753
123.75,0.456189,293.185,292.834,292.353,243.566,22.9324,161.302,236.212,381.701,222.086,7026.68,0.549566,0,0.00304768
124.25,0.45224,293.159,292.818,292.337,243.56,22.1682,159.996,233.612,381.653,221.911,7026.68,0.552108,0,0.00301956
124.75,0.448282,293.132,292.801,292.321,243.556,21.4141,158.703,231.007,381.653,221.911,7026.68,0.554643,0,0.0444203
125.25,0.444315,293.105,292.785,292.304,243.55,20.6616,157.412,228.396,381.653,221.911,7026.68,0.557169,0,0.00542622
125.75,0.44034,293.077,292.765,292.284,243.561,19.9081,156.124,225.78,381.653,221.911,7026.68,0.55116,0,0.539365
126.25,0.436356,293.024,292.747,292.267,243.555,17.8581,157.186,223.157,381.308,221.867,7026.68,0.553702,0,0.00278917
126.75,0.432363,292.995,292.73,292.25,243.55,16.889,155.793,220.529,381.308,221.867,7026.68,0.556251,0,0.0307214
127.25,0.428362,292.966,292.713,292.232,243.545,16.0929,154.468,217.896,381.308,221.867,7026.68,0.558791,0,0.0176927
127.75,0.424352,292.937,292.695,292.214,243.54,15.3191,153.154,215.257,381.308,221.867,7026.68,0.561324,0,0.0280255
128.25,0.420334,292.907,292.677,292.196,243.535,14.4708,151.797,212.612,381.068,221.685,7026.68,0.563858,0,0.0269085
128.75,0.416308,292.877,292.658,292.178,243.532,13.6967,150.481,209.962,381.068,221.685,7026.68,0.566384,0,0.0559261
129.25,0.412274,292.851,292.645,292.165,243.528,12.7624,149.274,207.306,381.068,221.685,7026.68,0.568514,0,0.0673797
129.75,0.408231,292.832,292.642,292.161,243.54,11.4416,148.33,204.646,381.068,221.685,7026.68,0.549505,0,0.545009
130.25,0.404181,292.75,292.622,292.141,243.545,7.90771,152.552,201.979,380.78,221.621,7026.68,0.552086,0,0.350898
130.75,0.400122,292.717,292.601,292.121,243.539,6.75819,150.992,199.308,380.78,221.621,7026.68,0.554693,0,0.0171076
131.25,0.396056,292.684,292.581,292.101,243.533,5.95126,149.579,196.632,380.78,221.621,7026.68,0.557291,0,0.0138651
131.75,0.391982,292.652,292.56,292.08,243.528,5.18942,148.183,193.95,380.78,221.621,7026.68,0.559879,0,0.0157845
132.25,0.3879,292.617,292.539,292.059,243.522,4.30712,146.702,191.263,380.369,221.509,7026.68,0.562471,0,0.0138568
132.75,0.383811,292.584,292.518,292.038,243.517,3.55473,145.291,188.572,380.369,221.509,7026.68,0.565052,0,0.0147858
133.25,0.379714,292.552,292.497,292.017,243.513,2.82788,143.883,185.875,380.369,221.509,7026.68,0.567623,0,0.0389145
133.75,0.375609,292.527,292.488,292.008,243.51,1.75902,142.64,183.173,380.369,221.509,7026.68,0.569306,0,0.0837623
134.25,0.371497,292.508,292.486,292.006,243.505,0.636947,141.194,180.467,380.2,221.373,7026.68,0.571679,0,0.0321224
134.75,0.367378,292.477,292.463,291.983,243.52,-0.0393434,139.943,177.756,380.2,221.373,4016.82,0.556022,0,0.635648
135.25,0.363252,292.47,292.441,291.961,243.523,-0.308941,137.886,175.04,380.2,221.373,5273.21,0.558915,0,0.296854
135.75,0.359119,292.443,292.419,291.939,243.517,-0.0199457,134.739,172.319,380.2,221.373,5273.21,0.573757,0,0.0126783
136.25,0.354978,292.409,292.396,291.917,243.511,-0.13996,132.028,169.594,379.583,221.396,7026.68,0.576159,0,0.0121366
136.75,0.350831,292.429,292.375,291.896,243.506,-0.148185,129.271,166.864,379.583,221.396,7026.68,0.565941,0,0.0137624
137.25,0.346676,292.332,292.352,291.875,243.501,-0.213295,127.594,164.375,379.583,221.396,7026.68,0.576857,0,0.0413304
137.75,0.342515,292.373,292.346,291.868,243.497,-0.481152,125.023,161.944,379.583,221.396,7026.68,0.589528,0,0.0552877
138.25,0.338347,292.302,292.343,291.866,243.493,-0.281926,121.918,159.509,379.399,221.274,7026.68,0.576161,0,0.0403992
138.75,0.334173,292.355,292.324,291.847,243.491,-0.319731,119.981,157.071,379.399,221.274,7026.68,0.595735,0,0.108947
139.25,0.329992,292.282,292.315,291.844,243.487,-0.520529,118.162,154.628,379.399,221.274,7026.68,0.590995,0,0.0372589
139.75,0.325804,292.261,292.317,291.841,243.482,-0.283982,114.453,152.181,379.399,221.274,7026.68,0.581135,0,0.0267856
140.25,0.32161,292.368,292.301,291.822,243.482,-0.288776,112.66,149.731,379.326,221.165,7026.68,0.608444,0,0.163285
140.75,0.31741,292.308,292.29,291.819,243.481,-0.574469,111.394,147.277,379.326,221.165,7026.68,0.607673,0,0.137063
141.25,0.313203,292.233,292.279,291.815,243.477,-0.905273,109.514,144.82,379.326,221.165,7026.68,0.603371,0,0.0322316
141.75,0.30899,292.151,292.269,291.801,243.475,-0.636415,106.605,142.359,379.326,221.165,7026.68,0.57969,0,0.0883685
142.25,0.304771,292.391,292.277,291.798,243.471,-0.245248,102.136,139.894,379.109,221.072,7026.68,0.572739,0,0.0311768
142.75,0.300547,292.35,292.266,291.788,243.47,-0.468366,101.954,137.426,379.109,221.072,7026.68,0.617647,0,0.137639
143.25,0.296316,292.282,292.251,291.784,243.476,-0.831833,100.538,134.954,379.109,221.072,7026.68,0.617142,0,0.341966
143.75,0.29208,292.223,292.238,291.781,243.471,-1.26263,98.8527,132.479,379.109,221.072,7026.68,0.618748,0,0.0250533
144.25,0.287837,292.098,292.202,291.76,243.469,-1.86758,98.4988,130.001,378.838,221.128,7026.68,0.606428,0,0.0814546
144.75,0.283589,292.123,292.201,291.755,243.464,-1.79582,94.0913,127.519,378.838,221.128,7026.68,0.628323,0,0.0243011
145.25,0.279336,291.985,292.174,291.743,243.463,-2.44845,94.9014,125.034,378.838,221.128,7026.68,0.602999,0,0.106536
145.75,0.275077,292.045,292.172,291.738,243.459,-2.19691,90.0195,122.546,378.838,221.128,7026.68,0.637015,0,0.0235175
146.25,0.270813,292.128,292.174,291.732,243.455,-1.55323,85.2011,120.054,378.648,220.985,7026.68,0.666722,0,0.0242416
146.75,0.266543,292.197,292.184,291.716,243.453,-0.737547,80.4785,117.56,378.648,220.985,7026.68,0.687818,0,0.104278
147.25,0.262268,291.894,292.142,291.712,243.449,-2.11449,85.6836,115.062,378.648,220.985,7026.68,0.613039,0,0.0288434
147.75,0.257988,292.002,292.145,291.706,243.446,-1.72566,79.5959,112.562,378.648,220.985,7026.68,0.65779,0,0.0476466
148.25,0.253703,291.976,292.132,291.69,243.446,-1.7498,77.3849,110.058,378.529,220.923,7026.68,0.668613,0,0.149216
148.75,0.249413,291.998,292.123,291.683,243.452,-1.72053,74.4339,107.593,378.529,220.923,7026.68,0.688095,0,0.32381
149.25,0.245118,292.024,292.116,291.677,243.46,-1.54519,71.6582,105.379,378.529,220.923,5273.21,0.705287,0,0.43149
149.75,0.240818,292.048,292.112,291.667,243.456,-1.38051,69.0575,103.163,378.529,220.923,5273.21,0.72022,0,0.0418556
150.25,0.236513,292.051,292.108,291.661,243.451,-1.23201,66.0715,100.944,377.949,221.047,7026.68,0.731803,0,0.00862159
150.75,0.232204,292.071,292.09,291.641,243.45,-1.6911,71.9702,98.7228,377.949,221.047,7026.68,0.643194,0,0.122575
151.25,0.22789,292.062,292.078,291.635,243.445,-1.86161,67.7252,96.4994,377.949,221.047,7026.68,0.666092,0,0.00677591
151.75,0.223572,292.067,292.07,291.629,243.441,-1.63847,63.7453,94.2736,377.949,221.047,7026.68,0.684273,0,0.00668909
152.25,0.219249,292.068,292.065,291.623,243.436,-1.51519,60.5391,92.0456,377.73,220.983,7026.68,0.699132,0,0.00657675
152.75,0.214922,292.067,292.06,291.61,243.435,-1.41639,57.8531,89.8154,377.73,220.983,7026.68,0.711538,0,0.111774
153.25,0.210591,292.059,292.054,291.604,243.433,-1.38322,55.556,87.583,377.73,220.983,7026.68,0.7221,0,0.090887
153.75,0.206256,292.044,292.047,291.597,243.429,-1.4104,53.5154,85.3485,377.73,220.983,7026.68,0.731335,0,0.00785428
154.25,0.201916,292.021,292.036,291.586,243.425,-1.50448,51.6307,83.1119,377.574,220.921,7026.68,0.739182,0,0.00801544
154.75,0.197573,291.6,291.932,291.564,243.423,-4.88866,68.9697,80.8732,377.574,220.921,7026.68,0.640151,0,0.0958384
155.25,0.193226,291.651,291.897,291.557,243.42,-4.17142,56.6257,78.6325,377.574,220.921,7026.68,0.668038,0,0.046288
155.75,0.188875,291.608,291.862,291.55,243.417,-4.12783,54.8919,76.3899,377.574,220.921,7026.68,0.688533,0,0.0295146
156.25,0.18452,291.627,291.839,291.533,243.416,-3.29406,48.8256,74.1454,377.014,220.659,7026.68,0.701973,0,0.109713
156.75,0.180162,291.611,291.815,291.523,243.422,-3.17585,46.6561,71.899,377.014,220.659,7026.68,0.713151,0,0.33649
157.25,0.1758,291.583,291.79,291.513,243.43,-3.15528,44.7405,69.6508,377.014,220.659,5273.21,0.722728,0,0.419173
157.75,0.171434,291.548,291.765,291.495,243.426,-3.19623,43.0197,67.4008,377.014,220.659,5273.21,0.731085,0,0.0086039
158.25,0.167066,291.495,291.735,291.474,243.421,-3.41415,41.3706,65.3527,376.224,220.736,5273.21,0.738199,0,0.0177884
158.75,0.162694,291.449,291.706,291.457,243.417,-3.50647,39.9848,63.4027,376.224,220.736,5273.21,0.744226,0,0.0263227
159.25,0.158318,291.4,291.675,291.443,243.413,-3.62373,38.7603,61.4512,376.224,220.736,5273.21,0.749528,0,0.0275666
159.75,0.15394,291.347,291.643,291.429,243.409,-3.76289,37.6322,59.4984,376.224,220.736,5273.21,0.754357,0,0.0285826
160.25,0.149559,291.28,291.606,291.415,243.406,-3.8759,36.4704,57.5442,375.786,220.583,5273.21,0.758935,0,0.0295143
160.75,0.145174,291.217,291.569,291.402,243.402,-4.04626,35.4151,55.5887,375.786,220.583,5273.21,0.763232,0,0.0301533
161.25,0.140787,291.153,291.53,291.388,243.399,-4.22384,34.4036,53.632,375.786,220.583,5273.21,0.767314,0,0.0289774
161.75,0.136397,291.086,291.491,291.373,243.395,-4.40901,33.4226,51.674,375.786,220.583,5273.21,0.771213,0,0.0284175
162.25,0.132005,291.005,291.446,291.358,243.392,-4.53832,32.3506,49.7148,375.255,220.415,5273.21,0.775036,0,0.0283835
162.75,0.12761,290.931,291.401,291.341,243.389,-4.74019,31.3831,47.7545,375.255,220.415,5273.21,0.77867,0,0.0283759
163.25,0.123212,290.856,291.355,291.325,243.386,-4.94432,30.4539,45.793,375.255,220.415,5273.21,0.782157,0,0.0454471
163.75,0.118812,290.78,291.309,291.307,243.383,-5.15241,29.5483,43.8305,375.255,220.415,5273.21,0.785508,0,0.0379344
164.25,0.114409,290.687,291.257,291.289,243.395,-5.29818,28.5287,41.8669,374.618,220.238,4016.82,0.788839,0,0.535169
164.75,0.110005,290.603,291.205,291.269,243.4,-5.52039,27.6246,39.9023,374.618,220.238,4016.82,0.792003,0,0.312681
165.25,0.105598,290.519,291.153,291.248,243.395,-5.74223,26.759,37.9367,374.618,220.238,4016.82,0.795039,0,0.00807341
165.75,0.101189,290.435,291.1,291.227,243.391,-5.96643,25.9167,35.9703,374.618,220.238,4016.82,0.797955,0,0.00801176
166.25,0.0967781,290.323,291.039,291.203,243.386,-6.1925,24.8826,34.2071,373.259,220.163,4016.82,0.800905,0,0.00790527
166.75,0.0923653,290.233,290.98,291.179,243.382,-6.39368,24.0601,32.5186,373.259,220.163,4016.82,0.80366,0,0.00790882
167.25,0.0879506,290.147,290.922,291.154,243.377,-6.58398,23.3003,30.8294,373.259,220.163,4016.82,0.806294,0,0.00784079
167.75,0.0835343,290.061,290.865,291.129,243.373,-6.77161,22.5711,29.1395,373.259,220.163,4016.82,0.80882,0,0.00782235
168.25,0.0791163,289.957,290.801,291.101,243.369,-6.90165,21.7116,27.449,372.489,219.926,4016.82,0.811369,0,0.00787694
168.75,0.0746968,289.865,290.739,291.074,243.365,-7.09921,20.9809,25.758,372.489,219.926,4016.82,0.813772,0,0.00778007
169.25,0.0702757,289.774,290.677,291.046,243.361,-7.2925,20.2909,24.0663,372.489,219.926,4016.82,0.816078,0,0.0150881
169.75,0.0658533,289.684,290.615,291.017,243.357,-7.48545,19.623,22.3741,372.489,219.926,4016.82,0.818298,0,0.0258199
170.25,0.0614296,289.574,290.547,290.987,243.353,-7.64954,18.8175,20.6815,371.656,219.701,490.937,0.82056,0,0.0162801
170.75,0.0570047,289.477,290.48,290.956,243.35,-7.856,18.1381,18.9883,371.656,219.701,339.934,0.822692,0,0.0237229
171.25,0.0525787,289.381,290.414,290.925,243.346,-8.05731,17.4972,17.2948,371.656,219.701,339.934,0.824748,0,0.0169108
171.75,0.0481517,289.287,290.348,290.893,243.343,-8.24475,16.8871,15.6842,371.656,219.701,339.934,0.82673,0,0.0220615
172.25,0.0437237,289.175,290.276,290.861,243.339,-8.39327,16.1501,14.1897,370.758,219.475,339.934,0.828768,0,0.0182002
172.75,0.0392948,289.077,290.207,290.828,243.336,-8.57239,15.5468,12.6949,370.758,219.475,339.934,0.830683,0,0.0319891
173.25,0.0348652,288.982,290.138,290.795,243.333,-8.74377,14.9836,11.1998,370.758,219.475,226.649,0.832531,0,0.0311361
173.75,0.0304349,288.888,290.069,290.761,243.33,-8.91274,14.4398,9.7045,370.758,219.475,226.649,0.834323,0,0.0348308
174.25,0.026004,288.772,289.995,290.727,243.328,-9.08803,13.7466,8.209,369.797,219.259,226.649,0.836188,0,0.033207
174.75,0.0215725,288.671,289.922,290.692,243.325,-9.27175,13.1812,6.71332,369.797,219.259,226.649,0.837946,0,0.0352056
175.25,0.0171407,288.574,289.85,290.657,243.322,-9.435,12.6637,5.29867,369.797,219.259,226.649,0.839649,0,0.0327704
175.75,0.0127085,288.479,289.779,290.622,243.319,-9.58725,12.1715,3.92856,369.797,219.259,226.649,0.84131,0,0.0334719
176.25,0.00827608,288.362,289.703,290.586,243.316,-9.75667,11.5282,2.55837,368.792,219.044,226.649,0.843061,0,0.0321443
176.75,0.00384348,288.262,289.628,290.549,243.313,-9.92226,11.0128,1.18813,368.792,219.044,226.649,0.844716,0,0.0326956
177.25,0,288.167,289.555,290.512,243.311,-10.0537,10.5584,0,368.792,219.044,226.649,0.846322,0,0.0316861
177.75,0,288.1,289.488,290.475,243.308,-10.0147,10.2881,0,368.792,219.044,226.649,0.84781,0,0.0317785
178.25,0,288.019,289.42,290.437,243.305,-10.0126,9.92291,0,367.777,218.843,226.649,0.84935,0,0.0310082
178.75,0,287.958,289.357,290.398,243.303,-9.95362,9.69443,0,367.777,218.843,226.649,0.850788,0,0.0309713
179.25,0,287.905,289.297,290.36,243.315,-9.87816,9.50986,0,367.777,218.843,226.649,0.852181,0,0.521605
179.75,0,287.855,289.24,290.321,243.312,-9.79471,9.34504,0,367.777,218.843,226.649,0.853541,0,0.0148137
180.25,0,287.783,289.181,290.282,243.308,-9.92903,9.02851,0,366.483,218.77,226.649,0.854934,0,0.0142631
180.75,0,287.731,289.125,290.243,243.305,-9.8669,8.83724,0,366.483,218.77,226.649,0.856243,0,0.0140563
181.25,0,287.685,289.072,290.204,243.301,-9.78999,8.68396,0,366.483,218.77,226.649,0.857524,0,0.0135977
181.75,0,287.642,289.02,290.165,243.298,-9.70676,8.54494,0,366.483,218.77,226.649,0.858782,0,0.0133515
182.25,0,287.585,288.968,290.126,243.295,-9.77059,8.31332,0,365.662,218.623,226.649,0.860049,0,0.0130065
182.75,0,287.541,288.918,290.087,243.292,-9.70165,8.15991,0,365.662,218.623,226.649,0.861258,0,0.0127103
183.25,0,287.501,288.87,290.048,243.289,-9.62339,8.03108,0,365.662,218.623,226.649,0.862443,0,0.0123737
183.75,0,287.463,288.824,290.01,243.286,-9.54129,7.91208,0,365.662,218.623,226.649,0.863608,0,0.012093
184.25,0,287.413,288.776,289.971,243.283,-9.60672,7.71196,0,364.922,218.499,226.649,0.864772,0,0.0118186
184.75,0,287.374,288.731,289.933,243.28,-9.53965,7.57859,0,364.922,218.499,226.649,0.865884,0,0.0115214
185.25,0,287.338,288.687,289.895,243.277,-9.46462,7.4664,0,364.922,218.499,226.649,0.866974,0,0.0112385
185.75,0,287.303,288.645,289.857,243.275,-9.38647,7.36255,0,364.922,218.499,226.649,0.868043,0,0.0109675
186.25,0,287.257,288.601,289.819,243.272,-9.44741,7.18487,0,364.242,218.389,226.649,0.869113,0,0.0107315
186.75,0,287.222,288.559,289.782,243.269,-9.38351,7.06723,0,364.242,218.389,226.649,0.870133,0,0.0104524
187.25,0,287.189,288.519,289.745,243.267,-9.31245,6.96857,0,364.242,218.389,226.649,0.871134,0,0.0102039
187.75,0,287.157,288.479,289.708,243.265,-9.23865,6.87721,0,364.242,218.389,226.649,0.872117,0,0.0145393
188.25,0,287.114,288.438,289.671,243.262,-9.29643,6.71688,0,363.605,218.289,226.649,0.873102,0,0.0189397
188.75,0,287.081,288.399,289.635,243.26,-9.236,6.61184,0,363.605,218.289,226.649,0.874044,0,0.0205728
189.25,0,287.05,288.361,289.599,243.258,-9.16889,6.52407,0,363.605,218.289,226.649,0.874968,0,0.0204316
189.75,0,287.021,288.324,289.563,243.256,-9.0992,6.44272,0,363.605,218.289,226.649,0.875877,0,0.0200913
190.25,0,286.98,288.286,289.527,243.255,-9.15672,6.2942,0,362.987,218.202,226.649,0.876794,0,0.0198438
190.75,0,286.949,288.249,289.492,243.253,-9.09985,6.19855,0,362.987,218.202,226.649,0.87767,0,0.0195719
191.25,0,286.92,288.214,289.457,243.251,-9.03648,6.11914,0,362.987,218.202,226.649,0.878532,0,0.0245956
191.75,0,286.893,288.179,289.422,243.249,-8.97056,6.04553,0,362.987,218.202,226.649,0.879382,0,0.0243596
192.25,0,286.854,288.142,289.388,243.248,-9.02572,5.90751,0,362.394,218.124,226.649,0.880243,0,0.0245664
192.75,0,286.825,288.108,289.354,243.246,-8.97181,5.81956,0,362.394,218.124,226.649,0.881066,0,0.0236024
193.25,0,286.797,288.074,289.32,243.245,-8.91162,5.74681,0,362.394,218.124,226.649,0.881878,0,0.0222672
193.75,0,286.771,288.04,289.286,243.243,-8.84893,5.67933,0,362.394,218.124,226.649,0.882679,0,0.0223964
194.25,0,286.734,288.006,289.252,243.242,-8.90223,5.54987,0,361.825,218.051,226.649,0.883495,0,0.0215186
194.75,0,286.706,287.973,289.219,243.24,-8.8509,5.46811,0,361.825,218.051,226.649,0.884276,0,0.0216076
195.25,0,286.68,287.94,289.186,243.239,-8.79348,5.40069,0,361.825,218.051,226.649,0.885046,0,0.0208723
195.75,0,286.655,287.909,289.153,243.237,-8.73362,5.33813,0,361.825,218.051,226.649,0.885808,0,0.0208737
196.25,0,286.62,287.876,289.121,243.236,-8.78417,5.21664,0,361.282,217.982,226.649,0.886586,0,0.0202611
196.75,0,286.594,287.844,289.089,243.234,-8.73499,5.14023,0,361.282,217.982,226.649,0.88733,0,0.020196
197.25,0,286.569,287.813,289.057,243.233,-8.67997,5.07729,0,361.282,217.982,226.649,0.888066,0,0.0196547
197.75,0,286.545,287.783,289.025,243.231,-8.62259,5.01884,0,361.282,217.982,226.649,0.888794,0,0.0195421
198.25,0,286.512,287.752,288.994,243.23,-8.67127,4.90391,0,360.76,217.917,226.649,0.889539,0,0.0190809
198.75,0,286.486,287.721,288.962,243.229,-8.62406,4.83195,0,360.76,217.917,226.649,0.890253,0,0.0189348
199.25,0,286.462,287.692,288.931,243.227,-8.57121,4.7728,0,360.76,217.917,226.649,0.890958,0,0.0185159
199.75,0,286.439,287.662,288.9,243.226,-8.51608,4.71786,0,360.76,217.917,226.649,0.891657,0,0.0183464
200.25,0,286.407,287.632,288.87,243.225,-8.56308,4.60861,0,360.257,217.854,226.649,0.892373,0,0.0179867
200.75,0,286.383,287.603,288.839,243.223,-8.51768,4.54051,0,360.257,217.854,226.649,0.89306,0,0.0177876
201.25,0,286.36,287.575,288.809,243.222,-8.46681,4.48465,0,360.257,217.854,226.649,0.893738,0,0.0174566
201.75,0,286.338,287.547,288.779,243.221,-8.41373,4.43279,0,360.257,217.854,226.649,0.894411,0,0.0158676
202.25,0,286.307,287.518,288.75,243.22,-8.45872,4.32895,0,359.773,217.793,226.649,0.8951,0,0.0180235
202.75,0,286.283,287.489,288.72,243.218,-8.41493,4.2644,0,359.773,217.793,226.649,0.895762,0,0.0105252
203.25,0,286.261,287.462,288.691,243.217,-8.36588,4.21153,0,359.773,217.793,226.649,0.896415,0,0.0214054
203.75,0,286.24,287.435,288.662,243.216,-8.31468,4.16244,0,359.773,217.793,226.649,0.897064,0,0.00790803
204.25,0,286.21,287.407,288.633,243.215,-8.35748,4.06387,0,359.311,217.734,226.649,0.897729,0,0.0235065
204.75,0,286.188,287.38,288.604,243.213,-8.31514,4.00267,0,359.311,217.734,226.649,0.898367,0,0.00754726
205.25,0,286.166,287.354,288.576,243.212,-8.26774,3.95255,0,359.311,217.734,226.649,0.898997,0,0.0208551
205.75,0,286.146,287.328,288.547,243.211,-8.21829,3.90604,0,359.311,217.734,226.649,0.899623,0,0.00719925
206.25,0,286.117,287.301,288.519,243.21,-8.26002,3.81166,0,358.862,217.678,226.649,0.900265,0,0.0250274
206.75,0,286.096,287.274,288.491,243.209,-8.21913,3.75333,0,358.862,217.678,226.649,0.900881,0,0.00687287
207.25,0,286.075,287.249,288.463,243.207,-8.17335,3.7057,0,358.862,217.678,226.649,0.901491,0,0.0101693
207.75,0,286.055,287.224,288.436,243.207,-8.12555,3.66152,0,358.862,217.678,226.649,0.902095,0,0.0226564
208.25,0,286.027,287.197,288.408,243.205,-8.1668,3.5705,0,358.422,217.625,226.649,0.902716,0,0.00640971
208.75,0,286.006,287.172,288.381,243.204,-8.12737,3.51466,0,358.422,217.625,226.649,0.903312,0,0.0106167
209.25,0,285.986,287.147,288.354,243.203,-8.08312,3.46925,0,358.422,217.625,226.649,0.903901,0,0.0206008
209.75,0,285.967,287.123,288.327,243.202,-8.03691,3.4272,0,358.422,217.625,226.649,0.904485,0,0.00597447
210.25,0,285.94,287.098,288.301,243.201,-8.07492,3.34128,0,358.008,217.572,226.649,0.905085,0,0.0108444
210.75,0,285.92,287.073,288.274,243.2,-8.03654,3.28838,0,358.008,217.572,226.649,0.905661,0,0.0190297
211.25,0,285.901,287.049,288.248,243.199,-7.99361,3.24528,0,358.008,217.572,226.649,0.90623,0,0.00557886
211.75,0,285.882,287.026,288.221,243.198,-7.9488,3.20535,0,358.008,217.572,226.649,0.906795,0,0.010711
212.25,0,285.856,287.001,288.195,243.197,-7.98637,3.12271,0,357.603,217.521,226.649,0.907376,0,0.0178882
212.75,0,285.836,286.977,288.17,243.196,-7.94924,3.07213,0,357.603,217.521,226.649,0.907933,0,0.00520478
213.25,0,285.818,286.954,288.144,243.194,-7.90766,3.03105,0,357.603,217.521,226.649,0.908484,0,0.0103072
213.75,0,285.8,286.931,288.118,243.194,-7.86425,2.99303,0,357.603,217.521,226.649,0.90903,0,0.0170842
214.25,0,285.774,286.907,288.093,243.192,-7.90134,2.91319,0,357.206,217.473,226.649,0.909593,0,0.00487451
214.75,0,285.755,286.884,288.068,243.191,-7.86543,2.86467,0,357.206,217.473,226.649,0.910132,0,0.00965298
215.25,0,285.737,286.862,288.042,243.19,-7.82515,2.82545,0,357.206,217.473,226.649,0.910665,0,0.00785403
215.75,0,285.719,286.839,288.017,243.19,-7.78306,2.78919,0,357.206,217.473,226.649,0.911194,0,0.0187619
216.25,0,285.695,286.816,287.993,243.189,-7.81844,2.71285,0,356.823,217.425,226.649,0.911739,7.8294e-07,0.00445331
216.75,0,285.676,286.794,287.968,243.187,-7.78353,2.66655,0,356.823,217.425,226.649,0.912261,9.62788e-07,0.0064808
217.25,0,285.658,286.772,287.943,243.187,-7.74441,2.62916,0,356.823,217.425,226.649,0.912778,1.15841e-06,0.00950098
217.75,0,285.641,286.75,287.919,243.185,-7.70354,2.59462,0,356.823,217.425,226.649,0.91329,1.34505e-06,0.00643549
218.25,0,285.619,286.727,287.895,243.185,-7.73356,2.51155,0,356.458,217.377,226.649,0.913798,1.1326e-05,0.0211278
218.75,0,285.601,286.706,287.871,243.184,-7.69926,2.46967,0,356.458,217.377,226.649,0.914295,1.21002e-05,0.00395702
219.25,0,285.584,286.684,287.847,243.183,-7.66104,2.43442,0,356.458,217.377,226.649,0.914789,1.29712e-05,0.00388074
219.75,0,285.568,286.663,287.823,243.182,-7.62116,2.40166,0,356.458,217.377,226.649,0.915279,1.38073e-05,0.00907059
220.25,0,285.546,286.641,287.799,243.181,-7.65261,2.31889,0,356.096,217.333,226.649,0.91576,2.73013e-05,0.00548254
220.75,0,285.528,286.62,287.776,243.18,-7.61965,2.27946,0,356.096,217.333,226.649,0.916234,2.84713e-05,0.00840974
221.25,0,285.512,286.6,287.752,243.179,-7.58262,2.24604,0,356.096,217.333,226.649,0.916706,2.98137e-05,0.00547398
221.75,0,285.496,286.579,287.729,243.178,-7.54231,2.21114,0,356.096,217.333,226.649,0.917168,3.39284e-05,0.00782224
222.25,0,285.474,286.558,287.706,243.177,-7.57199,2.13525,0,355.749,217.289,226.649,0.91763,4.68308e-05,0.00544667
222.75,0,285.457,286.537,287.683,243.176,-7.53989,2.09756,0,355.749,217.289,226.649,0.918086,4.83284e-05,0.0073061
223.25,0,285.441,286.517,287.66,243.175,-7.50385,2.0658,0,355.749,217.289,226.649,0.918539,5.00228e-05,0.00535894
223.75,0,285.425,286.497,287.637,243.174,-7.46491,2.03321,0,355.749,217.289,226.649,0.918983,5.39676e-05,0.0068411
224.25,0,285.404,286.477,287.614,243.173,-7.49295,1.95841,0,355.411,217.246,226.649,0.919416,6.90691e-05,0.00527479
224.75,0,285.388,286.457,287.592,243.172,-7.4625,1.92352,0,355.411,217.246,226.649,0.919842,7.07204e-05,0.0064331
225.25,0,285.372,286.437,287.569,243.172,-7.4282,1.89411,0,355.411,217.246,226.649,0.920267,7.26028e-05,0.00514346
225.75,0,285.357,286.418,287.547,243.171,-7.39144,1.8645,0,355.411,217.246,226.649,0.920694,7.61256e-05,0.00605721
226.25,0,285.336,286.398,287.525,243.17,-7.41771,1.79124,0,355.083,217.205,226.649,0.921094,9.29462e-05,0.00502824
226.75,0,285.32,286.379,287.503,243.169,-7.38935,1.75946,0,355.083,217.205,226.649,0.921501,9.45242e-05,0.0057272
227.25,0,285.304,286.359,287.481,243.168,-7.35672,1.73236,0,355.083,217.205,226.649,0.921913,9.61791e-05,0.00486944
227.75,0,285.29,286.341,287.459,243.167,-7.32211,1.70684,0,355.083,217.205,226.649,0.922325,9.78036e-05,0.005416
228.25,0,285.27,286.321,287.437,243.166,-7.34766,1.6342,0,354.764,217.164,226.649,0.922727,0.000116465,0.00473459
228.75,0,285.254,286.302,287.416,243.165,-7.31886,1.60335,0,354.764,217.164,226.649,0.923129,0.000118089,0.00513603
229.25,0,285.239,286.283,287.394,243.165,-7.28627,1.57691,0,354.764,217.164,226.649,0.923531,0.000120058,0.00456369
229.75,0,285.224,286.265,287.373,243.164,-7.25215,1.5523,0,354.764,217.164,226.649,0.923931,0.000121944,0.00487315
230.25,0,285.204,286.246,287.352,243.163,-7.27729,1.48164,0,354.451,217.124,226.649,0.924313,0.0001413,0.00442605
230.75,0,285.189,286.227,287.331,243.162,-7.24969,1.45265,0,354.451,217.124,226.649,0.924696,0.00014302,0.00463831
231.25,0,285.174,286.209,287.31,243.161,-7.21834,1.42788,0,354.451,217.124,226.649,0.925077,0.000145094,0.00425496
231.75,0,285.16,286.191,287.289,243.16,-7.18554,1.40492,0,354.451,217.124,226.649,0.925458,0.000147065,0.00441425
232.25,0,285.141,286.172,287.268,243.16,-7.2101,1.33687,0,354.146,217.085,226.649,0.925823,0.000166724,0.00412048
232.75,0,285.126,286.154,287.247,243.159,-7.18339,1.30944,0,354.146,217.085,226.649,0.926191,0.000168574,0.00421163
233.25,0,285.111,286.136,287.227,243.158,-7.15297,1.28604,0,354.146,217.085,226.649,0.92656,0.000170732,0.00395192
233.75,0,285.097,286.119,287.206,243.157,-7.1213,1.26455,0,354.146,217.085,226.649,0.926932,0.000172584,0.00401513
234.25,0,285.078,286.1,287.186,243.156,-7.14714,1.20126,0,353.848,217.047,226.649,0.927297,0.000190568,0.00382182
234.75,0,285.063,286.083,287.165,243.156,-7.11937,1.17233,0,353.848,217.047,226.649,0.927658,0.000193769,0.00383589
235.25,0,285.049,286.065,287.145,243.155,-7.08944,1.14999,0,353.848,217.047,226.649,0.928021,0.000195947,0.00365799
235.75,0,285.036,286.048,287.125,243.154,-7.05803,1.1291,0,353.848,217.047,226.649,0.928384,0.000198046,0.00366188
236.25,0,285.017,286.03,287.105,243.153,-7.0829,1.0667,0,353.556,217.01,226.649,0.928736,0.000217382,0.00353676
236.75,0,285.003,286.012,287.085,243.152,-7.05728,1.04138,0,353.556,217.01,226.649,0.929086,0.000219016,0.00350523
237.25,0,284.989,285.995,287.065,243.152,-7.02837,1.02014,0,353.556,217.01,226.649,0.929435,0.00022097,0.00338335
237.75,0,284.976,285.978,287.046,243.151,-6.99809,1.00055,0,353.556,217.01,226.649,0.929783,0.000222804,0.00335176
238.25,0,284.957,285.961,287.026,243.15,-7.02116,0.937796,0,353.27,216.973,226.649,0.930119,0.000244327,0.00327224
238.75,0,284.943,285.944,287.006,243.149,-6.99631,0.914025,0,353.27,216.973,226.649,0.930456,0.000246063,0.00321184
239.25,0,284.929,285.927,286.987,243.149,-6.96804,0.89384,0,353.27,216.973,226.649,0.930794,0.000248171,0.00312726
239.75,0,284.916,285.911,286.967,243.148,-6.93839,0.875182,0,353.27,216.973,226.649,0.931131,0.000250155,0.00307381
240.25,0,284.899,285.893,286.948,243.147,-6.96121,0.814661,0,352.99,216.937,226.649,0.931458,0.000271193,0.00302579
240.75,0,284.884,285.877,286.929,243.146,-6.93713,0.792101,0,352.99,216.937,226.649,0.931789,0.000272893,0.00294789
241.25,0,284.871,285.86,286.91,243.145,-6.9095,0.772864,0,352.99,216.937,226.649,0.93212,0.000274994,0.00288888
241.75,0,284.858,285.844,286.891,243.145,-6.88048,0.755058,0,352.99,216.937,226.649,0.932451,0.000276973,0.00282255
242.25,0,284.841,285.827,286.872,243.144,-6.90416,0.697928,0,352.715,216.902,226.649,0.932775,0.000297024,0.00279695
242.75,0,284.827,285.81,286.853,243.143,-6.88033,0.675861,0,352.715,216.902,226.649,0.933099,0.000298669,0.00270946
243.25,0,284.814,285.794,286.834,243.143,-6.8532,0.657302,0,352.715,216.902,226.649,0.933423,0.000300651,0.002669
243.75,0,284.801,285.778,286.816,243.142,-6.82347,0.638251,0,352.715,216.902,226.649,0.933744,0.000303992,0.00259531
244.25,0,284.784,285.762,286.797,243.141,-6.84643,0.582295,0,352.445,216.867,226.649,0.934056,0.00032495,0.00258617
244.75,0,284.77,285.746,286.779,243.14,-6.82325,0.561359,0,352.445,216.867,226.649,0.934369,0.000326681,0.00249416
245.25,0,284.758,285.73,286.76,243.14,-6.7969,0.543846,0,352.445,216.867,226.649,0.934681,0.000328725,0.00246778
245.75,0,284.745,285.714,286.742,243.139,-6.76925,0.527754,0,352.445,216.867,226.649,0.934992,0.00033062,0.002392
246.25,0,284.728,285.698,286.723,243.138,-6.79093,0.471726,0,352.18,216.833,226.649,0.935294,0.000352311,0.0023944
246.75,0,284.715,285.682,286.705,243.137,-6.76824,0.451742,0,352.18,216.833,226.649,0.935597,0.000354224,0.00229994
247.25,0,284.702,285.666,286.687,243.137,-6.74237,0.434968,0,352.18,216.833,226.649,0.935901,0.000356446,0.00228369
247.75,0,284.69,285.651,286.669,243.136,-6.71522,0.419556,0,352.18,216.833,226.649,0.936204,0.000358502,0.00220673
248.25,0,284.673,285.635,286.651,243.135,-6.73749,0.366384,0,351.919,216.8,226.649,0.936497,0.000379572,0.00221934
248.75,0,284.66,285.619,286.633,243.135,-6.71572,0.347479,0,351.919,216.8,226.649,0.936794,0.000381114,0.00212406
249.25,0,284.648,285.604,286.615,243.134,-6.69059,0.33158,0,351.919,216.8,226.649,0.937092,0.000383008,0.0021157
249.75,0,284.636,285.589,286.597,243.133,-6.66414,0.316973,0,351.919,216.8,226.649,0.93739,0.000384761,0.0020388
250.25,0,284.619,285.573,286.58,243.132,-6.68491,0.263083,0,351.662,216.767,226.649,0.937678,0.000407488,0.0020574
250.75,0,284.606,285.558,286.562,243.132,-6.66318,0.244706,0,351.662,216.767,226.649,0.937969,0.000409303,0.00196245
251.25,0,284.594,285.543,286.545,243.131,-6.63832,0.229327,0,351.662,216.767,226.649,0.938259,0.000411425,0.00196053
251.75,0,284.582,285.528,286.527,243.13,-6.61222,0.21523,0,351.662,216.767,226.649,0.93855,0.000413376,0.00188452
252.25,0,284.566,285.512,286.51,243.13,-6.63393,0.164483,0,351.409,216.734,226.649,0.938833,0.000434526,0.00191002
252.75,0,284.553,285.497,286.492,243.129,-6.61273,0.146722,0,351.409,216.734,226.649,0.939117,0.000436181,0.00181635
253.25,0,284.541,285.482,286.475,243.128,-6.58723,0.130218,0,351.409,216.734,226.649,0.9394,0.000439462,0.00181885
253.75,0,284.53,285.468,286.458,243.128,-6.56155,0.1168,0,351.409,216.734,226.649,0.939683,0.000441504,0.00174435
254.25,0,284.514,285.453,286.441,243.127,-6.58293,0.0672135,0,351.16,216.702,226.649,0.939957,0.000463217,0.00177559
254.75,0,284.502,285.438,286.424,243.126,-6.56485,0.0646035,0,351.16,216.702,226.649,0.94023,0.000542136,0.00168949
255.25,0,284.49,285.423,286.407,243.125,-6.54389,0.047601,0,351.16,216.702,226.649,0.940506,0.00054531,0.00169756
255.75,0,284.478,285.409,286.39,243.125,-6.52044,0.0329247,0,351.16,216.702,226.649,0.940782,0.000547443,0.00162443
256.25,0,284.462,285.394,286.373,243.124,-6.5422,-0.0171697,0,350.915,216.67,226.649,0.941051,0.000570083,0.00165917
256.75,0,284.45,285.379,286.356,243.123,-6.52244,-0.0346648,0,350.915,216.67,226.649,0.941321,0.000571165,0.00156792
257.25,0,284.438,285.365,286.339,243.123,-6.49952,-0.0489419,0,350.915,216.67,226.649,0.941591,0.000572837,0.00157988
257.75,0,284.426,285.351,286.323,243.122,-6.47527,-0.0618427,0,350.915,216.67,226.649,0.941862,0.000574331,0.00150836
258.25,0,284.411,285.336,286.306,243.121,-6.49601,-0.109945,0,350.674,216.639,226.649,0.942124,0.000596088,0.00154747
258.75,0,284.399,285.321,286.289,243.121,-6.47508,-0.127835,0,350.674,216.639,226.649,0.942388,0.000598003,0.00145658
259.25,0,284.387,285.307,286.273,243.12,-6.45217,-0.141057,0,350.674,216.639,226.649,0.942652,0.000599593,0.00147223
259.75,0,284.376,285.293,286.256,243.119,-6.42811,-0.153028,0,350.674,216.639,226.649,0.942915,0.000601042,0.00140237
260.25,0,284.361,285.278,286.24,243.119,-6.44839,-0.200004,0,350.436,216.608,226.649,0.943171,0.000623294,0.00144465
260.75,0,284.348,285.264,286.224,243.118,-6.42883,-0.215448,0,350.436,216.608,226.649,0.943428,0.000624085,0.00135638
261.25,0,284.337,285.25,286.208,243.117,-6.40633,-0.227995,0,350.436,216.608,226.649,0.943686,0.000625506,0.00137507
261.75,0,284.326,285.236,286.191,243.117,-6.38266,-0.239342,0,350.436,216.608,226.649,0.943943,0.000626782,0.00130674
262.25,0,284.311,285.222,286.175,243.116,-6.40269,-0.285131,0,350.201,216.577,226.649,0.944193,0.000648519,0.00135189
262.75,0,284.299,285.208,286.159,243.115,-6.38344,-0.299937,0,350.201,216.577,226.649,0.944444,0.000649161,0.00126507
263.25,0,284.288,285.194,286.143,243.115,-6.3613,-0.311909,0,350.201,216.577,226.649,0.944696,0.000650428,0.00128641
263.75,0,284.277,285.181,286.127,243.114,-6.33704,-0.32413,0,350.201,216.577,226.649,0.944949,0.000652632,0.00121858
264.25,0,284.262,285.167,286.111,243.113,-6.35647,-0.369094,0,349.969,216.547,226.649,0.945193,0.00067488,0.00126605
264.75,0,284.25,285.153,286.095,243.113,-6.33738,-0.383381,0,349.969,216.547,226.649,0.94544,0.000675731,0.00118055
265.25,0,284.239,285.139,286.079,243.112,-6.31548,-0.394891,0,349.969,216.547,226.649,0.945686,0.000677166,0.00120421
265.75,0,284.229,285.126,286.064,243.112,-6.29248,-0.405247,0,349.969,216.547,226.649,0.945933,0.000678433,0.00113872
266.25,0,284.214,285.112,286.048,243.111,-6.3121,-0.448936,0,349.741,216.518,226.649,0.946173,0.000700035,0.00118848
266.75,0,284.202,285.098,286.032,243.11,-6.29348,-0.462606,0,349.741,216.518,226.649,0.946415,0.000700666,0.00110433
267.25,0,284.191,285.085,286.017,243.11,-6.27206,-0.473557,0,349.741,216.518,226.649,0.946657,0.000701884,0.00113012
267.75,0,284.181,285.072,286.001,243.109,-6.24953,-0.483396,0,349.741,216.518,226.649,0.946899,0.000702955,0.00106599
268.25,0,284.166,285.058,285.986,243.108,-6.26778,-0.527742,0,349.516,216.488,226.649,0.947134,0.000725376,0.00111691
268.75,0,284.155,285.044,285.97,243.108,-6.24933,-0.54093,0,349.516,216.488,226.649,0.947371,0.000726223,0.00103397
269.25,0,284.144,285.031,285.955,243.107,-6.22814,-0.551482,0,349.516,216.488,226.649,0.947608,0.000727632,0.0010616
269.75,0,284.134,285.018,285.939,243.106,-6.20587,-0.560948,0,349.516,216.488,226.649,0.947845,0.000728873,0.000998676
270.25,0,284.119,285.004,285.924,243.106,-6.22477,-0.603114,0,349.293,216.459,226.649,0.948076,0.000750604,0.00105207
270.75,0,284.108,284.991,285.909,243.105,-6.20666,-0.615929,0,349.293,216.459,226.649,0.948308,0.000751384,0.00097033
271.25,0,284.098,284.978,285.894,243.105,-6.18583,-0.626101,0,349.293,216.459,226.649,0.948541,0.000752688,0.000999666
271.75,0,284.087,284.965,285.879,243.104,-6.16392,-0.635193,0,349.293,216.459,226.649,0.948773,0.000753821,0.000937919
272.25,0,284.073,284.952,285.863,243.103,-6.18264,-0.676509,0,349.073,216.431,226.649,0.949,0.000775142,0.000992909
272.75,0,284.062,284.939,285.848,243.103,-6.16483,-0.688901,0,349.073,216.431,226.649,0.949227,0.00077582,0.000912295
273.25,0,284.051,284.926,285.833,243.102,-6.14434,-0.698689,0,349.073,216.431,226.649,0.949455,0.000777015,0.000943152
273.75,0,284.041,284.913,285.818,243.101,-6.12196,-0.708638,0,349.073,216.431,226.649,0.949683,0.000778942,0.000881848
274.25,0,284.027,284.9,285.804,243.101,-6.14025,-0.749248,0,348.856,216.402,226.649,0.949905,0.000800691,0.000938136
274.75,0,284.016,284.887,285.789,243.1,-6.12273,-0.761138,0,348.856,216.402,226.649,0.950127,0.00080154,0.000858671
275.25,0,284.006,284.874,285.774,243.1,-6.1026,-0.77046,0,348.856,216.402,226.649,0.950351,0.00080285,0.000890977
275.75,0,283.996,284.862,285.759,243.099,-6.08142,-0.778741,0,348.856,216.402,226.649,0.950574,0.000803972,0.00083144
276.25,0,283.982,284.849,285.745,243.098,-6.09975,-0.818445,0,348.642,216.374,226.649,0.950791,0.000825243,0.000889181
276.75,0,283.971,284.836,285.73,243.098,-6.0826,-0.82993,0,348.642,216.374,226.649,0.951009,0.000825985,0.000810736
277.25,0,283.961,284.824,285.715,243.097,-6.06281,-0.8389,0,348.642,216.374,226.649,0.951228,0.000827189,0.000844248
277.75,0,283.951,284.811,285.701,243.096,-6.04198,-0.846846,0,348.642,216.374,226.649,0.951447,0.000828209,0.000785674
278.25,0,283.937,284.798,285.686,243.096,-6.06012,-0.885793,0,348.43,216.347,226.649,0.95166,0.000849098,0.000844512
278.75,0,283.927,284.786,285.672,243.095,-6.04326,-0.896908,0,348.43,216.347,226.649,0.951874,0.000849744,0.000767015
279.25,0,283.917,284.773,285.657,243.095,-6.02289,-0.906834,0,348.43,216.347,226.649,0.952089,0.000851987,0.000800752
279.75,0,283.907,284.761,285.643,243.094,-6.00223,-0.914452,0,348.43,216.347,226.649,0.952304,0.000853156,0.000743035
280.25,0,283.893,284.748,285.629,243.093,-6.01999,-0.952831,0,348.221,216.319,226.649,0.952513,0.000874488,0.000802705
280.75,0,283.883,284.736,285.614,243.093,-6.00328,-0.963638,0,348.221,216.319,226.649,0.952724,0.000875414,0.000726046
281.25,0,283.873,284.724,285.6,243.092,-5.98401,-0.971992,0,348.221,216.319,226.649,0.952935,0.000876727,0.000761549
281.75,0,283.863,284.712,285.586,243.092,-5.96374,-0.979351,0,348.221,216.319,226.649,0.953146,0.000877834,0.000704677
282.25,0,283.85,284.699,285.572,243.091,-5.98138,-1.01705,0,348.014,216.292,226.649,0.953351,0.00089881,0.000765187
282.75,0,283.839,284.687,285.557,243.09,-5.96495,-1.02753,0,348.014,216.292,226.649,0.953558,0.000899647,0.000689387
283.25,0,283.829,284.675,285.543,243.09,-5.94598,-1.03559,0,348.014,216.292,226.649,0.953765,0.000900865,0.000725738
283.75,0,283.82,284.663,285.529,243.089,-5.92602,-1.04266,0,348.014,216.292,226.649,0.953972,0.000901878,0.000669666
284.25,0,283.806,284.65,285.515,243.088,-5.94365,-1.07953,0,347.809,216.265,226.649,0.954174,0.000922385,0.000730975
284.75,0,283.796,284.638,285.501,243.088,-5.92664,-1.09091,0,347.809,216.265,226.649,0.954377,0.000924193,0.000655262
285.25,0,283.786,284.626,285.487,243.087,-5.90793,-1.09856,0,347.809,216.265,226.649,0.954581,0.000925518,0.000692366
285.75,0,283.777,284.614,285.474,243.087,-5.88825,-1.10528,0,347.809,216.265,226.649,0.954784,0.000926648,0.000637047
286.25,0,283.764,284.602,285.46,243.086,-5.90555,-1.14166,0,347.607,216.239,226.649,0.954983,0.000947579,0.000698888
286.75,0,283.753,284.59,285.446,243.085,-5.88964,-1.15145,0,347.607,216.239,226.649,0.955183,0.000948545,0.000624672
287.25,0,283.744,284.578,285.432,243.085,-5.87123,-1.1589,0,347.607,216.239,226.649,0.955383,0.000949823,0.000662444
287.75,0,283.734,284.567,285.418,243.084,-5.85185,-1.16539,0,347.607,216.239,226.649,0.955583,0.000950877,0.000607835
288.25,0,283.722,284.554,285.405,243.084,-5.86903,-1.20116,0,347.407,216.212,226.649,0.955779,0.000971477,0.000670221
288.75,0,283.711,284.543,285.391,243.083,-5.85335,-1.21068,0,347.407,216.212,226.649,0.955975,0.000972361,0.000596748
289.25,0,283.702,284.531,285.378,243.083,-5.83522,-1.21787,0,347.407,216.212,226.649,0.956172,0.000973551,0.000635102
289.75,0,283.692,284.519,285.364,243.082,-5.81612,-1.22411,0,347.407,216.212,226.649,0.956369,0.000974519,0.000581166
290.25,0,283.68,284.507,285.35,243.081,-5.83314,-1.2593,0,347.208,216.186,226.649,0.956561,0.000994795,0.000644018
290.75,0,283.67,284.496,285.337,243.081,-5.81696,-1.26963,0,347.208,216.186,226.649,0.956754,0.000996747,0.000570625
291.25,0,283.66,284.484,285.324,243.08,-5.79897,-1.27654,0,347.208,216.186,226.649,0.956947,0.000998125,0.000609452
291.75,0,283.651,284.473,285.31,243.08,-5.78004,-1.28254,0,347.208,216.186,226.649,0.957141,0.000999285,0.000556119
292.25,0,283.638,284.461,285.297,243.079,-5.79679,-1.31725,0,347.012,216.16,226.649,0.95733,0.00101993,0.000619282
292.75,0,283.628,284.449,285.283,243.078,-5.78149,-1.32625,0,347.012,216.16,226.649,0.95752,0.00102105,0.000547149
293.25,0,283.619,284.438,285.27,243.078,-5.76379,-1.33298,0,347.012,216.16,226.649,0.95771,0.00102238,0.00058642
293.75,0,283.61,284.426,285.257,243.077,-5.74514,-1.33878,0,347.012,216.16,339.934,0.957901,0.00102347,0.00053369
294.25,0,283.597,284.415,285.244,243.077,-5.76177,-1.37294,0,346.818,216.135,339.934,0.958087,0.00104381,0.000597173
294.75,0,283.588,284.403,285.23,243.076,-5.7467,-1.38169,0,346.818,216.135,339.934,0.958274,0.00104485,0.000525694
295.25,0,283.578,284.392,285.217,243.075,-5.72926,-1.38819,0,346.818,216.135,339.934,0.958461,0.0010461,0.000565344
295.75,0,283.569,284.381,285.204,243.075,-5.71087,-1.39378,0,346.818,216.135,339.934,0.958649,0.0010471,0.00051319
296.25,0,283.557,284.369,285.191,243.074,-5.72684,-1.42823,0,346.626,216.109,339.934,0.958831,0.00106791,0.000576474
296.75,0,283.547,284.358,285.178,243.074,-5.71188,-1.43672,0,346.626,216.109,339.934,0.959015,0.00106925,0.000505584
297.25,0,283.538,284.346,285.165,243.073,-5.69459,-1.44299,0,346.626,216.109,339.934,0.9592,0.00107073,0.000545531
297.75,0,283.529,284.335,285.152,243.073,-5.6764,-1.44836,0,346.626,216.109,339.934,0.959384,0.00107192,0.000493912
298.25,0,283.517,284.324,285.139,243.072,-5.69275,-1.48144,0,346.435,216.084,339.934,0.959564,0.00109223,0.000557883
298.75,0,283.507,284.313,285.126,243.071,-5.67867,-1.48857,0,346.435,216.084,339.934,0.959745,0.00111125,0.000488282
299.25,0,283.498,284.302,285.113,243.071,-5.66182,-1.49478,0,346.435,216.084,339.934,0.959927,0.00111374,0.000528539
299.75,0,283.489,284.291,285.101,243.07,-5.644,-1.50003,0,346.435,216.084,339.934,0.960108,0.00111574,0.000477462
300.25,0,283.477,284.279,285.088,243.07,-5.65976,-1.53347,0,346.247,216.059,339.934,0.960285,0.0011373,0.000541087
300.75,0,283.467,284.268,285.075,243.069,-5.64523,-1.54156,0,346.247,216.059,339.934,0.960464,0.00114069,0.000471375
301.25,0,283.458,284.257,285.062,243.069,-5.6284,-1.54744,0,346.247,216.059,339.934,0.960642,0.00114324,0.000511833
301.75,0,283.45,284.246,285.05,243.068,-5.61068,-1.55242,0,346.247,216.059,339.934,0.960821,0.00114533,0.00046123
302.25,0,283.438,284.235,285.037,243.067,-5.62665,-1.58466,0,346.06,216.035,339.934,0.960995,0.00116645,0.00052537
302.75,0,283.428,284.224,285.024,243.067,-5.61232,-1.59253,0,346.06,216.035,339.934,0.961171,0.00116973,0.000456211
303.25,0,283.419,284.213,285.012,243.066,-5.59571,-1.5982,0,346.06,216.035,339.934,0.961347,0.00117216,0.00049686
303.75,0,283.41,284.203,284.999,243.066,-5.5782,-1.60299,0,346.06,216.035,339.934,0.961523,0.00117415,0.00044673
304.25,0,283.399,284.191,284.987,243.065,-5.59407,-1.63473,0,345.875,216.01,339.934,0.961695,0.00119495,0.000510932
304.75,0,283.389,284.18,284.974,243.065,-5.57993,-1.64238,0,345.875,216.01,339.934,0.961868,0.00119811,0.000442319
305.25,0,283.38,284.17,284.962,243.064,-5.56326,-1.6483,0,345.875,216.01,339.934,0.962041,0.0012008,0.000482851
305.75,0,283.372,284.159,284.949,243.063,-5.5459,-1.65289,0,345.875,216.01,339.934,0.962215,0.0012029,0.000433161
306.25,0,283.36,284.148,284.937,243.063,-5.56157,-1.6842,0,345.691,215.986,339.934,0.962384,0.00122383,0.000497355
306.75,0,283.351,284.137,284.924,243.062,-5.5475,-1.69177,0,345.691,215.986,339.934,0.962555,0.00122852,0.000429177
307.25,0,283.342,284.127,284.912,243.062,-5.53123,-1.69708,0,345.691,215.986,339.934,0.962726,0.00123237,0.000470049
307.75,0,283.333,284.116,284.9,243.061,-5.51408,-1.70153,0,345.691,215.986,339.934,0.962897,0.00123559,0.000420786
308.25,0,283.322,284.105,284.887,243.061,-5.52962,-1.73242,0,345.509,215.962,339.934,0.963064,0.00125801,0.000484943
308.75,0,283.312,284.094,284.875,243.06,-5.51577,-1.73971,0,345.509,215.962,339.934,0.963232,0.00126329,0.000417323
309.25,0,283.304,284.084,284.863,243.059,-5.4997,-1.74485,0,345.509,215.962,339.934,0.9634,0.00126701,0.000458275
309.75,0,283.295,284.073,284.851,243.059,-5.48276,-1.74914,0,345.509,215.962,339.934,0.963569,0.00127012,0.000409438
310.25,0,283.284,284.063,284.838,243.058,-5.49819,-1.77959,0,345.329,215.938,339.934,0.963733,0.00129222,0.000473557
310.75,0,283.275,284.052,284.826,243.058,-5.48451,-1.78669,0,345.329,215.938,339.934,0.963899,0.00129736,0.000406436
311.25,0,283.266,284.042,284.814,243.057,-5.46864,-1.79165,0,345.329,215.938,339.934,0.964065,0.00130096,0.000447441
311.75,0,283.258,284.031,284.802,243.057,-5.4519,-1.79578,0,345.329,215.938,339.934,0.964231,0.00130394,0.000399015
312.25,0,283.246,284.021,284.79,243.056,-5.46722,-1.82581,0,345.15,215.914,339.934,0.964393,0.00132573,0.000463068
312.75,0,283.237,284.01,284.778,243.056,-5.45371,-1.83272,0,345.15,215.914,339.934,0.964557,0.00133074,0.000396431
313.25,0,283.229,284,284.766,243.055,-5.43803,-1.83752,0,345.15,215.914,339.934,0.96472,0.00133422,0.000437464
313.75,0,283.22,283.99,284.754,243.054,-5.42149,-1.84149,0,345.15,215.914,339.934,0.964884,0.00133709,0.000389434
314.25,0,283.209,283.979,284.742,243.054,-5.4367,-1.87111,0,344.973,215.891,339.934,0.965044,0.00135859,0.000453397
314.75,0,283.2,283.968,284.73,243.053,-5.42336,-1.87784,0,344.973,215.891,339.934,0.965206,0.00136346,0.000387232
315.25,0,283.191,283.958,284.718,243.053,-5.40787,-1.88249,0,344.973,215.891,339.934,0.965367,0.00136683,0.000428271
315.75,0,283.183,283.948,284.707,243.052,-5.39152,-1.88632,0,344.973,215.891,339.934,0.965529,0.00136959,0.000380622
316.25,0,283.172,283.938,284.695,243.052,-5.40663,-1.91553,0,344.798,215.867,339.934,0.965687,0.0013908,0.000444473
316.75,0,283.163,283.927,284.683,243.051,-5.39345,-1.92209,0,344.798,215.867,339.934,0.965846,0.00139555,0.000378768
317.25,0,283.155,283.917,284.671,243.051,-5.37814,-1.92659,0,344.798,215.867,339.934,0.966005,0.0013988,0.000419791
317.75,0,283.146,283.907,284.659,243.05,-5.36198,-1.93028,0,344.798,215.867,339.934,0.966165,0.00140147,0.000372513
318.25,0,283.135,283.897,284.648,243.05,-5.37698,-1.95911,0,344.624,215.844,339.934,0.96632,0.00142239,0.000436231
318.75,0,283.126,283.886,284.636,243.049,-5.36401,-1.96547,0,344.624,215.844,339.934,0.966477,0.00142699,0.000370994
319.25,0,283.118,283.876,284.624,243.048,-5.34892,-1.96978,0,344.624,215.844,339.934,0.966635,0.00143011,0.000412013
319.75,0,283.11,283.866,284.613,243.048,-5.33299,-1.97328,0,344.624,215.844,339.934,0.966792,0.00143264,0.000365123
320.25,0,283.099,283.856,284.601,243.047,-5.34792,-2.0017,0,344.451,215.821,339.934,0.966946,0.00145326,0.000428712
320.75,0,283.09,283.846,284.59,243.047,-5.33511,-2.00789,0,344.451,215.821,339.934,0.967101,0.00145775,0.000363921
321.25,0,283.082,283.836,284.578,243.046,-5.32019,-2.01207,0,344.451,215.821,339.934,0.967256,0.00146077,0.000404889
321.75,0,283.074,283.826,284.567,243.046,-5.30444,-2.01544,0,344.451,215.821,339.934,0.967411,0.00146321,0.000358346
322.25,0,283.063,283.816,284.555,243.045,-5.31928,-2.04349,0,344.28,215.798,339.934,0.967563,0.00148356,0.000421769
322.75,0,283.054,283.806,284.544,243.045,-5.30662,-2.04954,0,344.28,215.798,339.934,0.967716,0.00148794,0.000357405
323.25,0,283.046,283.796,284.532,243.044,-5.29187,-2.05358,0,344.28,215.798,339.934,0.96787,0.00149086,0.000398307
323.75,0,283.038,283.786,284.521,243.044,-5.27629,-2.05683,0,344.28,215.798,339.934,0.968023,0.00149321,0.000352103
324.25,0,283.027,283.776,284.509,243.043,-5.29103,-2.08453,0,344.11,215.776,339.934,0.968173,0.0015133,0.000415344
324.75,0,283.019,283.766,284.498,243.042,-5.27852,-2.09043,0,344.11,215.776,339.934,0.968324,0.00151757,0.000351398
325.25,0,283.01,283.756,284.487,243.042,-5.26393,-2.09434,0,344.11,215.776,339.934,0.968475,0.0015204,0.00039222
325.75,0,283.003,283.747,284.475,243.041,-5.24853,-2.09747,0,344.11,215.776,339.934,0.968627,0.00152266,0.000346345
326.25,0,282.992,283.737,284.464,243.041,-5.26317,-2.12482,0,343.941,215.753,339.934,0.968775,0.00154251,0.000409392
326.75,0,282.983,283.727,284.453,243.04,-5.2508,-2.13058,0,343.941,215.753,339.934,0.968924,0.00154668,0.000345856
327.25,0,282.975,283.717,284.441,243.04,-5.23638,-2.13437,0,343.941,215.753,339.934,0.969074,0.00154942,0.000386585
327.75,0,282.967,283.707,284.43,243.039,-5.22114,-2.13739,0,343.941,215.753,339.934,0.969223,0.0015516,0.000341031
328.25,0,282.957,283.697,284.419,243.039,-5.23569,-2.16441,0,343.774,215.731,339.934,0.96937,0.0015712,0.000403872
328.75,0,282.948,283.688,284.408,243.038,-5.22346,-2.17003,0,343.774,215.731,339.934,0.969517,0.00157526,0.000340738
329.25,0,282.94,283.678,284.397,243.038,-5.2092,-2.1737,0,343.774,215.731,339.934,0.969665,0.00157792,0.000381363
329.75,0,282.932,283.668,284.386,243.037,-5.19412,-2.1766,0,343.774,215.731,339.934,0.969812,0.00158002,0.000336121
330.25,0,282.922,283.659,284.375,243.037,-5.20857,-2.2033,0,343.608,215.709,339.934,0.969957,0.00159938,0.000398745
330.75,0,282.913,283.649,284.364,243.036,-5.19649,-2.20879,0,343.608,215.709,339.934,0.970102,0.00160335,0.000336006
331.25,0,282.905,283.639,284.352,243.035,-5.18238,-2.21235,0,343.608,215.709,339.934,0.970248,0.00160592,0.000376518
331.75,0,282.898,283.63,284.341,243.035,-5.16746,-2.21514,0,343.608,215.709,339.934,0.970394,0.00160794,0.000331581
332.25,0,282.887,283.62,284.33,243.034,-5.18182,-2.24151,0,343.443,215.687,339.934,0.970537,0.00162707,0.000393979
332.75,0,282.879,283.61,284.319,243.034,-5.16987,-2.24688,0,343.443,215.687,339.934,0.970681,0.00163095,0.000331628
333.25,0,282.871,283.601,284.309,243.033,-5.15591,-2.25033,0,343.443,215.687,339.934,0.970825,0.00163344,0.000372016
333.75,0,282.863,283.592,284.298,243.033,-5.14114,-2.25302,0,343.443,215.687,339.934,0.970969,0.00163539,0.000327379
334.25,0,282.853,283.582,284.287,243.032,-5.15543,-2.27908,0,343.28,215.665,339.934,0.971111,0.00165429,0.000389542
334.75,0,282.844,283.572,284.276,243.032,-5.14361,-2.28432,0,343.28,215.665,339.934,0.971253,0.00165808,0.000327571
335.25,0,282.837,283.563,284.265,243.031,-5.12979,-2.28767,0,343.28,215.665,339.934,0.971395,0.0016605,0.000367829
335.75,0,282.829,283.554,284.254,243.031,-5.11518,-2.29026,0,343.28,215.665,339.934,0.971538,0.00166237,0.000323484
336.25,0,282.819,283.544,284.243,243.03,-5.12946,-2.31602,0,343.117,215.643,339.934,0.971677,0.00168106,0.000385406
336.75,0,282.81,283.534,284.233,243.03,-5.11778,-2.32114,0,343.117,215.643,339.934,0.971818,0.00168476,0.000323809
337.25,0,282.803,283.525,284.222,243.029,-5.10411,-2.32439,0,343.117,215.643,339.934,0.971958,0.0016871,0.000363929
337.75,0,282.795,283.516,284.211,243.029,-5.08965,-2.32688,0,343.117,215.643,339.934,0.972099,0.0016889,0.00031987
338.25,0,282.785,283.506,284.2,243.028,-5.10386,-2.35237,0,342.956,215.621,339.934,0.972237,0.00170738,0.000381545
338.75,0,282.777,283.497,284.19,243.028,-5.09232,-2.35737,0,342.956,215.621,339.934,0.972376,0.001711,0.000320315
339.25,0,282.769,283.488,284.179,243.027,-5.0788,-2.36051,0,342.956,215.621,339.934,0.972515,0.00171327,0.000360292
339.75,0,282.761,283.479,284.168,243.027,-5.06449,-2.36292,0,342.956,215.621,339.934,0.972654,0.001715,0.000316513
340.25,0,282.751,283.469,284.158,243.026,-5.07863,-2.38812,0,342.796,215.6,339.934,0.972791,0.00173328,0.000377936
340.75,0,282.743,283.46,284.147,243.026,-5.06726,-2.39298,0,342.796,215.6,339.934,0.972928,0.0017368,0.000317093
341.25,0,282.735,283.45,284.136,243.025,-5.05394,-2.39598,0,342.796,215.6,339.934,0.973065,0.00173896,0.000356962
341.75,0,282.728,283.441,284.126,243.024,-5.03983,-2.39824,0,342.796,215.6,339.934,0.973203,0.00174059,0.0003135
342.25,0,282.718,283.432,284.115,243.024,-5.05394,-2.42314,0,342.636,215.579,339.934,0.973337,0.00175865,0.000374697
342.75,0,282.71,283.423,284.105,243.023,-5.04273,-2.42787,0,342.636,215.579,339.934,0.973473,0.00176207,0.000314223
343.25,0,282.702,283.414,284.094,243.023,-5.02955,-2.43077,0,342.636,215.579,339.934,0.973609,0.00176416,0.000353938
343.75,0,282.695,283.405,284.084,243.022,-5.01559,-2.43295,0,342.636,215.579,339.934,0.973745,0.00176573,0.000310743
344.25,0,282.685,283.395,284.073,243.022,-5.02963,-2.4576,0,342.478,215.558,339.934,0.973878,0.0017836,0.000371681
344.75,0,282.677,283.386,284.063,243.021,-5.01856,-2.46223,0,342.478,215.558,339.934,0.974011,0.00178695,0.000311556
345.25,0,282.669,283.377,284.052,243.021,-5.00553,-2.46504,0,342.478,215.558,339.934,0.974146,0.00178898,0.000351113
345.75,0,282.662,283.368,284.042,243.02,-4.99171,-2.46713,0,342.478,215.558,339.934,0.97428,0.00179048,0.000308181
346.25,0,282.652,283.359,284.032,243.02,-5.00567,-2.49151,0,342.321,215.537,339.934,0.974412,0.00180816,0.000368854
346.75,0,282.644,283.35,284.021,243.019,-4.99472,-2.49604,0,342.321,215.537,339.934,0.974544,0.00181143,0.000309073
347.25,0,282.636,283.341,284.011,243.019,-4.98182,-2.49876,0,342.321,215.537,339.934,0.974677,0.0018134,0.000348467
347.75,0,282.629,283.332,284.001,243.018,-4.96815,-2.50077,0,342.321,215.537,339.934,0.974809,0.00181484,0.000305794
348.25,0,282.619,283.323,283.99,243.018,-4.98206,-2.52491,0,342.165,215.516,339.934,0.974939,0.00183235,0.0003662
348.75,0,282.611,283.314,283.98,243.017,-4.97123,-2.52935,0,342.165,215.516,339.934,0.97507,0.00183556,0.000306759
349.25,0,282.604,283.305,283.97,243.017,-4.95847,-2.53199,0,342.165,215.516,339.934,0.975202,0.00183746,0.000345987
349.75,0,282.597,283.296,283.96,243.016,-4.94493,-2.53392,0,342.165,215.516,339.934,0.975333,0.00183885,0.000303569
350.25,0,282.587,283.287,283.949,243.016,-4.95881,-2.55785,0,342.009,215.495,339.934,0.975462,0.0018562,0.000363711
350.75,0,282.579,283.278,283.939,243.015,-4.94811,-2.5622,0,342.009,215.495,339.934,0.975591,0.00185934,0.0003046
351.25,0,282.571,283.269,283.929,243.015,-4.93548,-2.56476,0,342.009,215.495,339.934,0.975721,0.00186119,0.000343663
351.75,0,282.564,283.26,283.919,243.014,-4.92209,-2.56661,0,342.009,215.495,339.934,0.975851,0.00186252,0.000301492
352.25,0,282.554,283.251,283.909,243.014,-4.93593,-2.59034,0,341.855,215.474,339.934,0.975978,0.00187973,0.000361379
352.75,0,282.547,283.242,283.899,243.013,-4.92535,-2.5946,0,341.855,215.474,339.934,0.976106,0.0018828,0.000302585
353.25,0,282.539,283.233,283.889,243.013,-4.91286,-2.59709,0,341.855,215.474,339.934,0.976234,0.00188459,0.000341486
353.75,0,282.532,283.225,283.878,243.012,-4.8996,-2.59887,0,341.855,215.474,339.934,0.976362,0.00188587,0.000299554
354.25,0,282.522,283.216,283.868,243.012,-4.91336,-2.62236,0,341.701,215.454,339.934,0.976488,0.0019029,0.000359174
354.75,0,282.515,283.207,283.858,243.011,-4.90289,-2.62653,0,341.701,215.454,339.934,0.976615,0.00190592,0.0003007
355.25,0,282.507,283.198,283.848,243.011,-4.89052,-2.62893,0,341.701,215.454,339.934,0.976742,0.00190765,0.000339433
355.75,0,282.5,283.19,283.838,243.01,-4.87739,-2.63065,0,341.701,215.454,339.934,0.976869,0.00190888,0.00029774
356.25,0,282.49,283.181,283.828,243.01,-4.89114,-2.65395,0,341.548,215.433,339.934,0.976993,0.00192578,0.000357093
356.75,0,282.483,283.172,283.818,243.009,-4.88078,-2.65804,0,341.548,215.433,339.934,0.977118,0.00192873,0.000298935
357.25,0,282.476,283.163,283.808,243.009,-4.86854,-2.66038,0,341.548,215.433,339.934,0.977244,0.00193041,0.000337498
357.75,0,282.469,283.155,283.799,243.008,-4.85553,-2.66203,0,341.548,215.433,339.934,0.97737,0.0019316,0.00029604
358.25,0,282.459,283.146,283.789,243.008,-4.86922,-2.68512,0,341.396,215.413,339.934,0.977493,0.00194834,0.000355124
358.75,0,282.451,283.137,283.779,243.007,-4.85898,-2.68913,0,341.396,215.413,339.934,0.977617,0.00195123,0.000297278
359.25,0,282.444,283.129,283.769,243.007,-4.84686,-2.6914,0,341.396,215.413,339.934,0.977741,0.00195286,0.000335668
359.75,0,282.437,283.12,283.759,243.006,-4.83399,-2.69296,0,341.396,215.413,339.934,0.977866,0.00195399,0.000294453
360.25,0,282.427,283.111,283.749,243.006,-4.84765,-2.71578,0,341.244,215.393,339.934,0.977987,0.00197053,0.000353292
360.75,0,282.42,283.103,283.739,243.005,-4.83758,-2.71964,0,341.244,215.393,339.934,0.97811,0.00197332,0.000295802
361.25,0,282.413,283.094,283.73,243.005,-4.82563,-2.72178,0,341.244,215.393,339.934,0.978233,0.00197486,0.000334057
361.75,0,282.406,283.086,283.72,243.004,-4.81293,-2.72324,0,341.244,215.393,339.934,0.978356,0.0019759,0.000293107
362.25,0,282.396,283.077,283.71,243.004,-4.82652,-2.74582,0,341.094,215.373,339.934,0.978477,0.00199227,0.000351665
362.75,0,282.389,283.068,283.7,243.003,-4.81655,-2.74961,0,341.094,215.373,339.934,0.978598,0.00199501,0.000294488
363.25,0,282.381,283.06,283.691,243.003,-4.80471,-2.75168,0,341.094,215.373,339.934,0.97872,0.0019965,0.000332562
363.75,0,282.375,283.051,283.681,243.002,-4.79214,-2.75307,0,341.094,215.373,339.934,0.978842,0.00199749,0.000291842
364.25,0,282.365,283.043,283.671,243.002,-4.80569,-2.77548,0,340.945,215.353,339.934,0.978961,0.00201374,0.000350124
364.75,0,282.358,283.034,283.662,243.001,-4.79582,-2.77919,0,340.945,215.353,339.934,0.979081,0.00201642,0.000293253
365.25,0,282.351,283.026,283.652,243.001,-4.78411,-2.7812,0,340.945,215.353,339.934,0.979202,0.00201786,0.000331148
365.75,0,282.344,283.017,283.642,243,-4.77164,-2.78254,0,340.945,215.353,339.934,0.979323,0.00201882,0.000290655
366.25,0,282.334,283.009,283.633,243,-4.78517,-2.80477,0,340.796,215.333,339.934,0.979441,0.00203493,0.000348665
366.75,0,282.327,283,283.623,242.999,-4.77541,-2.80842,0,340.796,215.333,339.934,0.97956,0.00203756,0.000292093
367.25,0,282.32,282.992,283.614,242.999,-4.7638,-2.81037,0,340.796,215.333,339.934,0.979679,0.00203896,0.00032981
367.75,0,282.313,282.984,283.604,242.998,-4.75145,-2.81165,0,340.796,215.333,339.934,0.979798,0.00203988,0.000289538
368.25,0,282.304,282.975,283.594,242.998,-4.7649,-2.83367,0,340.648,215.313,339.934,0.979916,0.00205584,0.000347272
368.75,0,282.296,282.967,283.585,242.997,-4.75523,-2.83724,0,340.648,215.313,339.934,0.980033,0.00205842,0.000291
369.25,0,282.289,282.958,283.575,242.997,-4.74373,-2.83913,0,340.648,215.313,339.934,0.980151,0.00205978,0.000328536
369.75,0,282.282,282.95,283.566,242.996,-4.73149,-2.84035,0,340.648,215.313,339.934,0.98027,0.00206065,0.000288485
370.25,0,282.273,282.942,283.556,242.996,-4.74487,-2.86216,0,340.501,215.294,339.934,0.980386,0.00207646,0.000345937
370.75,0,282.266,282.933,283.547,242.995,-4.7353,-2.86566,0,340.501,215.294,339.934,0.980502,0.00207898,0.000289967
371.25,0,282.259,282.925,283.538,242.995,-4.72391,-2.8675,0,340.501,215.294,339.934,0.980619,0.0020803,0.000327319
371.75,0,282.252,282.917,283.528,242.994,-4.71178,-2.86867,0,340.501,215.294,339.934,0.980736,0.00208114,0.000287489
372.25,0,282.243,282.908,283.519,242.994,-4.72513,-2.89031,0,340.354,215.274,339.934,0.980851,0.00209683,0.000344667
372.75,0,282.235,282.9,283.509,242.993,-4.71566,-2.89375,0,340.354,215.274,339.934,0.980967,0.0020993,0.000288989
373.25,0,282.229,282.892,283.5,242.993,-4.70437,-2.89553,0,340.354,215.274,339.934,0.981083,0.00210058,0.000326161
373.75,0,282.222,282.884,283.491,242.993,-4.69235,-2.89665,0,340.354,215.274,339.934,0.981199,0.00210138,0.000286546
374.25,0,282.213,282.875,283.481,242.992,-4.70569,-2.91815,0,340.208,215.255,339.934,0.981312,0.00211696,0.000343457
374.75,0,282.205,282.867,283.472,242.992,-4.69632,-2.92153,0,340.208,215.255,339.934,0.981427,0.0021194,0.000288064
375.25,0,282.199,282.859,283.463,242.991,-4.68514,-2.92325,0,340.208,215.255,339.934,0.981541,0.00212064,0.00032506
375.75,0,282.192,282.851,283.453,242.991,-4.67322,-2.92432,0,340.208,215.255,339.934,0.981656,0.0021214,0.000285655
376.25,0,282.183,282.842,283.444,242.99,-4.68661,-2.94569,0,340.063,215.235,339.934,0.981769,0.00213689,0.000342334
376.75,0,282.175,282.834,283.435,242.99,-4.67741,-2.94895,0,340.063,215.235,339.934,0.981882,0.00213924,0.000287265
377.25,0,282.169,282.826,283.426,242.989,-4.66641,-2.95056,0,340.063,215.235,339.934,0.981996,0.00214039,0.000324148
377.75,0,282.162,282.818,283.416,242.989,-4.65467,-2.95151,0,340.063,215.235,339.934,0.98211,0.00214106,0.000284997
378.25,0,282.153,282.81,283.407,242.988,-4.66801,-2.97266,0,339.918,215.216,339.934,0.982221,0.0021564,0.000341431
378.75,0,282.146,282.802,283.398,242.988,-4.65889,-2.97586,0,339.918,215.216,339.934,0.982334,0.0021587,0.000286638
379.25,0,282.139,282.794,283.389,242.987,-4.64798,-2.97741,0,339.918,215.216,339.934,0.982446,0.00215981,0.000323346
379.75,0,282.132,282.786,283.38,242.987,-4.63635,-2.97832,0,339.918,215.216,339.934,0.982559,0.00216046,0.000284397
380.25,0,282.123,282.777,283.371,242.986,-4.64962,-2.99928,0,339.774,215.197,339.934,0.98267,0.00217565,0.000340558
380.75,0,282.116,282.769,283.362,242.986,-4.64059,-3.00242,0,339.774,215.197,339.934,0.982781,0.00217791,0.000286046
381.25,0,282.109,282.761,283.352,242.985,-4.62977,-3.00392,0,339.774,215.197,339.934,0.982893,0.00217898,0.000322573
381.75,0,282.103,282.754,283.343,242.985,-4.61824,-3.00478,0,339.774,215.197,339.934,0.983004,0.00217959,0.000283831
382.25,0,282.094,282.745,283.334,242.984,-4.63144,-3.02556,0,339.631,215.178,339.934,0.983114,0.00219465,0.000339714
382.75,0,282.087,282.737,283.325,242.984,-4.62249,-3.02863,0,339.631,215.178,339.934,0.983224,0.00219686,0.000285486
383.25,0,282.08,282.729,283.316,242.983,-4.61177,-3.03009,0,339.631,215.178,339.934,0.983335,0.00219791,0.000321829
383.75,0,282.073,282.721,283.307,242.983,-4.60033,-3.0309,0,339.631,215.178,339.934,0.983445,0.00219848,0.000283293
384.25,0,282.064,282.713,283.298,242.982,-4.61347,-3.05149,0,339.489,215.159,339.934,0.983554,0.0022134,0.000338897
384.75,0,282.057,282.705,283.289,242.982,-4.6046,-3.0545,0,339.489,215.159,339.934,0.983663,0.00221557,0.000284952
385.25,0,282.051,282.697,283.28,242.982,-4.59397,-3.05591,0,339.489,215.159,339.934,0.983773,0.00221658,0.00032111
385.75,0,282.044,282.69,283.271,242.981,-4.58263,-3.05669,0,339.489,215.159,339.934,0.983883,0.00221713,0.000282781
386.25,0,282.035,282.681,283.262,242.981,-4.5957,-3.07709,0,339.347,215.14,339.934,0.98399,0.00223191,0.000338105
386.75,0,282.028,282.673,283.253,242.98,-4.58691,-3.08005,0,339.347,215.14,339.934,0.984099,0.00223404,0.000284443
387.25,0,282.022,282.666,283.244,242.98,-4.57637,-3.08141,0,339.347,215.14,339.934,0.984207,0.00223502,0.000320415
387.75,0,282.015,282.658,283.235,242.979,-4.56512,-3.08214,0,339.347,215.14,339.934,0.984316,0.00223553,0.000282291
388.25,0,282.006,282.65,283.227,242.979,-4.57812,-3.10236,0,339.207,215.122,339.934,0.984423,0.00225019,0.000337336
388.75,0,281.999,282.642,283.218,242.978,-4.56942,-3.10526,0,339.207,215.122,339.934,0.98453,0.00225227,0.000283955
389.25,0,281.993,282.634,283.209,242.978,-4.55896,-3.10658,0,339.207,215.122,339.934,0.984638,0.00225322,0.000319741
389.75,0,281.986,282.626,283.2,242.977,-4.54786,-3.10721,0,339.207,215.122,339.934,0.984745,0.00225366,0.000281868
390.25,0,281.978,282.618,283.191,242.977,-4.56087,-3.12719,0,339.067,215.103,339.934,0.984851,0.00226813,0.000336679
390.75,0,281.971,282.611,283.182,242.976,-4.55233,-3.12994,0,339.067,215.103,339.934,0.984958,0.00227012,0.000283641
391.25,0,281.964,282.603,283.174,242.976,-4.54205,-3.13113,0,339.067,215.103,339.934,0.985064,0.00227096,0.000319305
391.75,0,281.958,282.595,283.165,242.975,-4.53107,-3.13169,0,339.067,215.103,339.934,0.985171,0.00227136,0.000281653
392.25,0,281.949,282.587,283.156,242.975,-4.54401,-3.1515,0,338.928,215.085,339.934,0.985276,0.00228571,0.000336185
392.75,0,281.942,282.579,283.147,242.975,-4.53554,-3.1542,0,338.928,215.085,339.934,0.985382,0.00228766,0.000283424
393.25,0,281.935,282.572,283.138,242.974,-4.52534,-3.15535,0,338.928,215.085,339.934,0.985487,0.00228847,0.000318902
393.75,0,281.929,282.564,283.13,242.974,-4.51445,-3.15587,0,338.928,215.085,339.934,0.985593,0.00228884,0.000281452
394.25,0,281.92,282.556,283.121,242.973,-4.52733,-3.17551,0,338.79,215.066,339.934,0.985697,0.00230306,0.000335707
394.75,0,281.914,282.548,283.112,242.973,-4.51893,-3.17816,0,338.79,215.066,339.934,0.985802,0.00230497,0.000283221
395.25,0,281.907,282.541,283.104,242.972,-4.50882,-3.17927,0,338.79,215.066,339.934,0.985907,0.00230576,0.000318514
395.75,0,281.901,282.533,283.095,242.972,-4.49801,-3.17976,0,338.79,215.066,339.934,0.986012,0.0023061,0.000281263
396.25,0,281.892,282.525,283.086,242.971,-4.51082,-3.19922,0,338.653,215.048,339.934,0.986115,0.0023202,0.000335242
396.75,0,281.885,282.518,283.078,242.971,-4.5025,-3.20183,0,338.653,215.048,339.934,0.986219,0.00232208,0.00028303
397.25,0,281.879,282.51,283.069,242.97,-4.49247,-3.20289,0,338.653,215.048,339.934,0.986323,0.00232284,0.000318138
397.75,0,281.873,282.502,283.06,242.97,-4.48174,-3.20335,0,338.653,215.048,339.934,0.986427,0.00232315,0.000281086
398.25,0,281.864,282.495,283.052,242.97,-4.4945,-3.22265,0,338.516,215.03,339.934,0.986529,0.00233713,0.00033479
398.75,0,281.857,282.487,283.043,242.969,-4.48624,-3.22521,0,338.516,215.03,339.934,0.986632,0.00233897,0.00028285
399.25,0,281.851,282.479,283.035,242.969,-4.47629,-3.22623,0,338.516,215.03,339.934,0.986735,0.0023397,0.000317774
399.75,0,281.845,282.472,283.026,242.968,-4.46565,-3.22665,0,338.516,215.03,339.934,0.986838,0.00234,0.000280919
400.25,0,281.836,282.464,283.018,242.968,-4.47834,-3.24579,0,338.38,215.012,339.934,0.98694,0.00235386,0.000334349
400.75,0,281.829,282.456,283.009,242.967,-4.47025,-3.24821,0,338.38,215.012,339.934,0.987042,0.0023556,0.000282746
401.25,0,281.823,282.449,283,242.967,-4.46048,-3.24909,0,338.38,215.012,339.934,0.987144,0.00235622,0.000317569
401.75,0,281.817,282.442,282.992,242.966,-4.45003,-3.24937,0,338.38,215.012,339.934,0.987246,0.00235641,0.00028099
402.25,0,281.808,282.434,282.983,242.966,-4.46274,-3.26826,0,338.245,214.994,339.934,0.987347,0.0023701,0.000334207
402.75,0,281.801,282.426,282.975,242.965,-4.45473,-3.27062,0,338.245,214.994,339.934,0.987448,0.00237179,0.000282883
403.25,0,281.795,282.419,282.967,242.965,-4.44504,-3.27146,0,338.245,214.994,339.934,0.98755,0.00237239,0.000317523
403.75,0,281.789,282.411,282.958,242.965,-4.43467,-3.27171,0,338.245,214.994,339.934,0.987651,0.00237255,0.000281138
404.25,0,281.78,282.404,282.95,242.964,-4.44732,-3.29045,0,338.111,214.976,339.934,0.987751,0.00238613,0.000334083
404.75,0,281.774,282.396,282.941,242.964,-4.43938,-3.29276,0,338.111,214.976,339.934,0.987851,0.00238779,0.000283025
405.25,0,281.767,282.389,282.933,242.963,-4.42976,-3.29357,0,338.111,214.976,339.934,0.987952,0.00238836,0.000317483
405.75,0,281.761,282.381,282.924,242.963,-4.41947,-3.29379,0,338.111,214.976,339.934,0.988053,0.00238851,0.000281289
406.25,0,281.753,282.374,282.916,242.962,-4.43206,-3.31238,0,337.978,214.958,339.934,0.988152,0.00240197,0.000333965
406.75,0,281.746,282.366,282.908,242.962,-4.42418,-3.31465,0,337.978,214.958,339.934,0.988251,0.0024036,0.000283169
407.25,0,281.74,282.359,282.899,242.961,-4.41464,-3.31543,0,337.978,214.958,339.934,0.988351,0.00240415,0.000317447
407.75,0,281.734,282.352,282.891,242.961,-4.40442,-3.31562,0,337.978,214.958,339.934,0.988451,0.00240427,0.000281443
408.25,0,281.725,282.344,282.883,242.96,-4.41695,-3.33405,0,337.845,214.94,339.934,0.988549,0.00241763,0.000333851
408.75,0,281.719,282.336,282.874,242.96,-4.40914,-3.33628,0,337.845,214.94,339.934,0.988648,0.00241923,0.000283316
409.25,0,281.713,282.329,282.866,242.96,-4.39975,-3.33694,0,337.845,214.94,339.934,0.988747,0.00241969,0.000317477
409.75,0,281.707,282.322,282.858,242.959,-4.38975,-3.33696,0,337.845,214.94,339.934,0.988846,0.00241969,0.000281763
410.25,0,281.698,282.314,282.849,242.959,-4.40232,-3.35515,0,337.713,214.923,339.934,0.988944,0.00243286,0.000333978
410.75,0,281.692,282.307,282.841,242.958,-4.3947,-3.3572,0,337.713,214.923,339.934,0.989042,0.00243434,0.000283802
411.25,0,281.685,282.3,282.833,242.958,-4.38544,-3.35778,0,337.713,214.923,339.934,0.98914,0.00243474,0.000317821
411.75,0,281.679,282.292,282.825,242.957,-4.37551,-3.35777,0,337.713,214.923,339.934,0.989239,0.00243473,0.000282294
412.25,0,281.671,282.285,282.816,242.957,-4.38802,-3.37581,0,337.582,214.905,339.934,0.989336,0.00244779,0.000334243
412.75,0,281.664,282.277,282.808,242.956,-4.38047,-3.37782,0,337.582,214.905,339.934,0.989433,0.00244923,0.000284323
413.25,0,281.658,282.27,282.8,242.956,-4.37127,-3.37837,0,337.582,214.905,339.934,0.98953,0.00244962,0.000318164
413.75,0,281.652,282.263,282.792,242.956,-4.36141,-3.37835,0,337.582,214.905,339.934,0.989628,0.00244958,0.000282822
414.25,0,281.644,282.256,282.783,242.955,-4.37386,-3.39624,0,337.451,214.888,339.934,0.989724,0.00246254,0.000334507
414.75,0,281.637,282.248,282.775,242.955,-4.36637,-3.39822,0,337.451,214.888,339.934,0.989821,0.00246396,0.000284842
415.25,0,281.631,282.241,282.767,242.954,-4.35724,-3.39874,0,337.451,214.888,339.934,0.989917,0.00246433,0.000318506
415.75,0,281.625,282.234,282.759,242.954,-4.34747,-3.39867,0,337.451,214.888,339.934,0.990014,0.00246426,0.000283361
416.25,0,281.617,282.226,282.751,242.953,-4.35999,-3.4163,0,337.321,214.87,339.934,0.99011,0.00247703,0.000334879
416.75,0,281.611,282.219,282.743,242.953,-4.35273,-3.41806,0,337.321,214.87,339.934,0.990205,0.00247829,0.000285595
417.25,0,281.605,282.212,282.735,242.952,-4.34384,-3.41838,0,337.321,214.87,339.934,0.990301,0.00247851,0.000319212
417.75,0,281.599,282.205,282.726,242.952,-4.3343,-3.41813,0,337.321,214.87,339.934,0.990398,0.00247831,0.000284364
418.25,0,281.59,282.197,282.718,242.952,-4.34676,-3.43561,0,337.192,214.853,339.934,0.990492,0.00249097,0.000335621
418.75,0,281.584,282.19,282.71,242.951,-4.33955,-3.43734,0,337.192,214.853,339.934,0.990587,0.00249221,0.000286587
419.25,0,281.578,282.183,282.702,242.951,-4.33073,-3.43764,0,337.192,214.853,339.934,0.990683,0.00249241,0.000320027
419.75,0,281.572,282.176,282.694,242.95,-4.32125,-3.43737,0,337.192,214.853,339.934,0.990778,0.0024922,0.000285359
420.25,0,281.564,282.169,282.686,242.95,-4.33365,-3.45472,0,337.063,214.836,339.934,0.990872,0.00250477,0.000336356
420.75,0,281.557,282.161,282.678,242.949,-4.3265,-3.45642,0,337.063,214.836,339.934,0.990967,0.00250598,0.00028757
421.25,0,281.551,282.154,282.67,242.949,-4.31782,-3.45661,0,337.063,214.836,339.934,0.991061,0.00250611,0.000320895
421.75,0,281.546,282.147,282.662,242.949,-4.30864,-3.45609,0,337.063,214.836,339.934,0.991156,0.00250571,0.000286572
422.25,0,281.537,282.14,282.654,242.948,-4.32115,-3.47314,0,336.936,214.819,339.934,0.991249,0.00251806,0.000337431
422.75,0,281.531,282.133,282.646,242.948,-4.31428,-3.47458,0,336.936,214.819,339.934,0.991343,0.00251909,0.000289055
423.25,0,281.525,282.126,282.638,242.947,-4.3058,-3.4746,0,336.936,214.819,339.934,0.991437,0.00251909,0.000322311
423.75,0,281.519,282.119,282.63,242.947,-4.29669,-3.47406,0,336.936,214.819,339.934,0.991531,0.00251869,0.000288163
424.25,0,281.511,282.111,282.622,242.946,-4.30913,-3.49098,0,336.808,214.802,339.934,0.991624,0.00253094,0.000338765
424.75,0,281.505,282.104,282.614,242.946,-4.30231,-3.49239,0,336.808,214.802,339.934,0.991717,0.00253195,0.000290632
425.25,0,281.499,282.097,282.606,242.946,-4.29393,-3.49237,0,336.808,214.802,339.934,0.99181,0.00253191,0.000323735
425.75,0,281.493,282.09,282.598,242.945,-4.28516,-3.49152,0,336.808,214.802,339.934,0.991904,0.00253128,0.000289977
426.25,0,281.485,282.083,282.591,242.945,-4.29777,-3.5081,0,336.682,214.785,339.934,0.991996,0.00254329,0.000340479
426.75,0,281.479,282.076,282.583,242.944,-4.29129,-3.50919,0,336.682,214.785,339.934,0.992088,0.00254406,0.000292801
427.25,0,281.473,282.069,282.575,242.944,-4.28323,-3.50888,0,336.682,214.785,339.934,0.992181,0.00254382,0.000325923
427.75,0,281.467,282.062,282.567,242.943,-4.27452,-3.50801,0,336.682,214.785,339.934,0.992273,0.00254318,0.000292336
428.25,0,281.459,282.055,282.559,242.943,-4.28706,-3.52447,0,336.556,214.768,339.934,0.992365,0.0025551,0.000342583
428.75,0,281.453,282.048,282.551,242.943,-4.28085,-3.52531,0,336.556,214.768,339.934,0.992457,0.00255569,0.000295302
429.25,0,281.447,282.041,282.543,242.942,-4.27323,-3.5246,0,336.556,214.768,339.934,0.992549,0.00255516,0.000328529
429.75,0,281.441,282.034,282.535,242.942,-4.26496,-3.52334,0,336.556,214.768,339.934,0.992641,0.00255424,0.00029539
430.25,0,281.433,282.027,282.528,242.941,-4.27772,-3.5394,0,336.431,214.751,339.934,0.992731,0.00256586,0.000345585
430.75,0,281.427,282.02,282.52,242.941,-4.27172,-3.54006,0,336.431,214.751,339.934,0.992823,0.00256632,0.000298656
431.25,0,281.421,282.013,282.512,242.94,-4.26448,-3.539,0,336.431,214.751,339.934,0.992914,0.00256554,0.000331951
431.75,0,281.415,282.006,282.504,242.94,-4.25677,-3.53723,0,336.431,214.751,339.934,0.993005,0.00256424,0.000299343
432.25,0,281.407,281.999,282.497,242.94,-4.26983,-3.5528,0,336.306,214.735,339.934,0.993096,0.00257552,0.000349547
432.75,0,281.401,281.992,282.489,242.939,-4.26436,-3.55295,0,336.306,214.735,339.934,0.993186,0.00257561,0.000303211
433.25,0,281.395,281.985,282.481,242.939,-4.25785,-3.55119,0,336.306,214.735,339.934,0.993277,0.00257432,0.000336828
433.75,0,281.39,281.978,282.473,242.938,-4.25085,-3.54876,0,336.306,214.735,339.934,0.993368,0.00257255,0.000304858
434.25,0,281.382,281.971,282.466,242.938,-4.26432,-3.56375,0,336.183,214.718,339.934,0.993457,0.0025834,0.00035515
434.75,0,281.375,281.964,282.458,242.937,-4.26014,-3.56263,0,336.183,214.718,339.934,0.993547,0.00258256,0.00030995
435.25,0,281.37,281.958,282.45,242.937,-4.25466,-3.55988,0,336.183,214.718,339.934,0.993637,0.00258056,0.000344107
435.75,0,281.364,281.951,282.442,242.937,-4.24906,-3.55609,0,336.183,214.718,339.934,0.993727,0.0025778,0.000313281
436.25,0,281.356,281.944,282.435,242.936,-4.26389,-3.56955,0,336.059,214.702,339.934,0.993816,0.00258754,0.000364351
436.75,0,281.35,281.937,282.427,242.936,-4.2611,-3.56705,0,336.059,214.702,339.934,0.993906,0.00258571,0.000320359
437.25,0,281.344,281.93,282.419,242.935,-4.25739,-3.56258,0,336.059,214.702,339.934,0.993995,0.00258246,0.000355589
437.75,0,281.339,281.923,282.412,242.935,-4.25323,-3.55739,0,336.059,214.702,339.934,0.994085,0.00257868,0.000325939
438.25,0,281.331,281.916,282.404,242.934,-4.26855,-3.57018,0,335.937,214.685,339.934,0.994173,0.00258793,0.000377165
438.75,0,281.325,281.909,282.396,242.934,-4.26685,-3.56662,0,335.937,214.685,339.934,0.994262,0.00258534,0.000334154
439.25,0,281.319,281.903,282.389,242.934,-4.26393,-3.56139,0,335.937,214.685,339.934,0.994351,0.00258154,0.000369759
439.75,0,281.313,281.896,282.381,242.933,-4.2604,-3.55562,0,335.937,214.685,339.934,0.99444,0.00257734,0.000340681
440.25,0,281.305,281.889,282.374,242.933,-4.27607,-3.56789,0,335.815,214.669,339.934,0.994528,0.00258622,0.000391955
440.75,0,281.299,281.882,282.366,242.932,-4.27479,-3.56393,0,335.815,214.669,339.934,0.994616,0.00258333,0.000349453
441.25,0,281.294,281.875,282.358,242.932,-4.27233,-3.55828,0,335.815,214.669,339.934,0.994704,0.00257922,0.000385187
441.75,0,281.288,281.869,282.351,242.932,-4.26925,-3.5521,0,335.815,214.669,339.934,0.994792,0.00257473,0.000356566
442.25,0,281.28,281.862,282.343,242.931,-4.28516,-3.56396,0,335.693,214.653,339.934,0.99488,0.00258331,0.000407809
442.75,0,281.274,281.855,282.336,242.931,-4.28422,-3.55969,0,335.693,214.653,339.934,0.994967,0.0025802,0.000365745
443.25,0,281.269,281.848,282.328,242.93,-4.28175,-3.55408,0,335.693,214.653,339.934,0.995055,0.00257612,0.000401276
443.75,0,281.263,281.842,282.321,242.93,-4.27894,-3.54767,0,335.693,214.653,339.934,0.995143,0.00257146,0.000372973
444.25,0,281.255,281.835,282.313,242.929,-4.295,-3.55922,0,335.572,214.636,339.934,0.99523,0.00257981,0.000424125
444.75,0,281.249,281.828,282.306,242.929,-4.29438,-3.55463,0,335.572,214.636,339.934,0.995313,0.00257648,0.000492807
445.25,0,281.244,281.821,282.299,242.929,-4.2922,-3.54879,0,335.572,214.636,339.934,0.995391,0.00257222,0.000526161
445.75,0,281.238,281.815,282.292,242.928,-4.28931,-3.5425,0,335.572,214.636,339.934,0.995462,0.00256765,0.000532941
446.25,0,281.23,281.808,282.286,242.928,-4.30473,-3.55393,0,335.454,214.62,339.934,0.995521,0.00257592,0.000603385
446.75,0,281.224,281.802,282.279,242.927,-4.30365,-3.54981,0,335.454,214.62,339.934,0.995566,0.00257292,0.000607944
447.25,0,281.219,281.796,282.272,242.927,-4.30084,-3.54463,0,335.454,214.62,339.934,0.9956,0.00256915,0.000633149
447.75,0,281.213,281.789,282.266,242.927,-4.29725,-3.53908,0,335.454,214.62,339.934,0.995625,0.00256511,0.000634028
448.25,0,281.206,281.783,282.26,242.926,-4.31094,-3.55,0,335.34,214.604,339.934,0.995643,0.00257302,0.000824916
448.75,0,281.2,281.777,282.254,242.926,-4.30912,-3.54649,0,335.34,214.604,339.934,0.995657,0.00257046,0.000704474
449.25,0,281.194,281.771,282.248,242.925,-4.30579,-3.54174,0,335.34,214.604,339.934,0.995667,0.002567,0.000831969
449.75,0,281.189,281.765,282.242,242.925,-4.30181,-3.53655,0,335.34,214.604,339.934,0.995675,0.00256322,0.000738783
450.25,0,281.181,281.759,282.237,242.925,-4.3145,-3.54682,0,335.229,214.589,339.934,0.995681,0.00257065,0.000867252
450.75,0,281.175,281.753,282.23,242.924,-4.3124,-3.54342,0,335.229,214.589,339.934,0.995686,0.00256818,0.000771871
451.25,0,281.17,281.747,282.225,242.924,-4.30888,-3.53881,0,335.229,214.589,339.934,0.995689,0.00256482,0.00086993
451.75,0,281.164,281.741,282.219,242.923,-4.30475,-3.53373,0,335.229,214.589,339.934,0.995693,0.00256113,0.000798772
452.25,0,281.157,281.735,282.213,242.923,-4.31712,-3.54381,0,335.119,214.573,339.934,0.995695,0.00256842,0.000902331
452.75,0,281.151,281.728,282.207,242.923,-4.31493,-3.54046,0,335.119,214.573,339.934,0.995698,0.00256597,0.000826241
453.25,0,281.145,281.723,282.201,242.922,-4.31134,-3.53589,0,335.119,214.573,339.934,0.995699,0.00256264,0.000903732
453.75,0,281.14,281.717,282.195,242.922,-4.30717,-3.53085,0,335.119,214.573,339.934,0.995701,0.00255898,0.000848587
454.25,0,281.133,281.711,282.19,242.921,-4.3194,-3.54082,0,335.01,214.557,339.934,0.995703,0.00256619,0.000935011
454.75,0,281.127,281.705,282.184,242.921,-4.31718,-3.53748,0,335.01,214.557,339.934,0.995705,0.00256375,0.000872351
455.25,0,281.121,281.699,282.178,242.921,-4.31357,-3.53293,0,335.01,214.557,339.934,0.995706,0.00256044,0.000935966
455.75,0,281.116,281.693,282.172,242.92,-4.30939,-3.52791,0,335.01,214.557,339.934,0.995707,0.00255679,0.000891638
456.25,0,281.109,281.687,282.166,242.92,-4.32153,-3.5378,0,334.902,214.542,339.934,0.995709,0.00256395,0.000972269
456.75,0,281.103,281.681,282.161,242.919,-4.3193,-3.53447,0,334.902,214.542,339.934,0.99571,0.00256152,0.00116179
457.25,0,281.097,281.675,282.155,242.919,-4.31568,-3.52993,0,334.902,214.542,339.934,0.995712,0.00255822,0.000994561
457.75,0,281.092,281.669,282.149,242.919,-4.3115,-3.52493,0,334.902,214.542,339.934,0.995713,0.00255458,0.00117312
458.25,0,281.085,281.663,282.143,242.918,-4.32352,-3.53471,0,334.794,214.526,339.934,0.995714,0.00256165,0.00104329
458.75,0,281.079,281.657,282.138,242.918,-4.32128,-3.53138,0,334.794,214.526,339.934,0.995715,0.00255922,0.00118745
459.25,0,281.073,281.651,282.132,242.918,-4.31766,-3.52687,0,334.794,214.526,339.934,0.995717,0.00255594,0.00106093
459.75,0,281.068,281.645,282.126,242.917,-4.3135,-3.52188,0,334.794,214.526,339.934,0.995718,0.00255232,0.00119875
460.25,0,281.061,281.639,282.12,242.917,-4.32544,-3.53161,0,334.687,214.511,339.934,0.995719,0.00255935,0.00110547
460.75,0,281.055,281.633,282.115,242.916,-4.32321,-3.52829,0,334.687,214.511,339.934,0.99572,0.00255693,0.00121285
461.25,0,281.049,281.628,282.109,242.916,-4.3196,-3.52381,0,334.687,214.511,339.934,0.995721,0.00255367,0.00111986
461.75,0,281.044,281.622,282.103,242.916,-4.31545,-3.51884,0,334.687,214.511,339.934,0.995722,0.00255006,0.00122396
462.25,0,281.037,281.616,282.097,242.915,-4.32733,-3.52851,0,334.581,214.496,339.934,0.995724,0.00255705,0.00116112
462.75,0,281.031,281.61,282.092,242.915,-4.3251,-3.5252,0,334.581,214.496,339.934,0.995725,0.00255464,0.00123794
463.25,0,281.026,281.604,282.086,242.915,-4.32151,-3.52074,0,334.581,214.496,339.934,0.995726,0.00255139,0.00117281
463.75,0,281.021,281.598,282.08,242.914,-4.31737,-3.5158,0,334.581,214.496,339.934,0.995727,0.0025478,0.00124904
464.25,0,281.013,281.592,282.075,242.914,-4.32919,-3.52541,0,334.475,214.481,339.934,0.995728,0.00255475,0.00121125
464.75,0,281.008,281.586,282.069,242.913,-4.32697,-3.52211,0,334.475,214.481,339.934,0.995729,0.00255235,0.00126306
465.25,0,281.002,281.581,282.063,242.913,-4.32338,-3.51767,0,334.475,214.481,339.934,0.995731,0.00254911,0.00122063
465.75,0,280.997,281.575,282.058,242.913,-4.31926,-3.51275,0,334.475,214.481,339.934,0.995731,0.00254554,0.00127426
466.25,0,280.99,281.569,282.052,242.912,-4.33103,-3.5223,0,334.369,214.466,339.934,0.995733,0.00255244,0.00125665
466.75,0,280.984,281.563,282.046,242.912,-4.32881,-3.51903,0,334.369,214.466,339.934,0.995734,0.00255005,0.0012884
467.25,0,280.979,281.557,282.041,242.912,-4.32523,-3.5146,0,334.369,214.466,339.934,0.995735,0.00254684,0.00126407
467.75,0,280.973,281.552,282.035,242.911,-4.32112,-3.50971,0,334.369,214.466,339.934,0.995736,0.00254328,0.00129974
468.25,0,280.966,281.546,282.029,242.911,-4.33284,-3.5192,0,334.264,214.451,339.934,0.995738,0.00255014,0.00129802
468.75,0,280.961,281.54,282.024,242.91,-4.33062,-3.51594,0,334.264,214.451,339.934,0.995739,0.00254776,0.00131398
469.25,0,280.955,281.534,282.018,242.91,-4.32705,-3.51153,0,334.264,214.451,339.934,0.99574,0.00254456,0.00164321
469.75,0,280.95,281.529,282.013,242.91,-4.32295,-3.50666,0,334.264,214.451,339.934,0.995741,0.00254102,0.00139157
470.25,0,280.943,281.523,282.007,242.909,-4.3346,-3.51608,0,334.16,214.436,339.934,0.995742,0.00254783,0.00167036
470.75,0,280.937,281.517,282.001,242.909,-4.33239,-3.51283,0,334.16,214.436,339.934,0.995743,0.00254546,0.00142219
471.25,0,280.932,281.511,281.996,242.909,-4.32883,-3.50845,0,334.16,214.436,339.934,0.995744,0.00254227,0.00167187
471.75,0,280.927,281.506,281.99,242.908,-4.32474,-3.50361,0,334.16,214.436,339.934,0.995745,0.00253875,0.00144898
472.25,0,280.92,281.5,281.985,242.908,-4.33632,-3.51296,0,334.056,214.421,339.934,0.995746,0.00254551,0.00169884
472.75,0,280.914,281.494,281.979,242.907,-4.33411,-3.50973,0,334.056,214.421,339.934,0.995747,0.00254316,0.00147754
473.25,0,280.909,281.488,281.973,242.907,-4.33057,-3.50537,0,334.056,214.421,339.934,0.995749,0.00253998,0.00169988
473.75,0,280.904,281.483,281.968,242.907,-4.3265,-3.50055,0,334.056,214.421,339.934,0.995749,0.00253648,0.00150251
474.25,0,280.897,281.477,281.962,242.906,-4.33803,-3.50985,0,333.953,214.407,339.934,0.995751,0.0025432,0.00172607
474.75,0,280.891,281.471,281.957,242.906,-4.33583,-3.50663,0,333.953,214.407,339.934,0.995752,0.00254086,0.00152939
475.25,0,280.886,281.465,281.951,242.906,-4.3323,-3.5023,0,333.953,214.407,339.934,0.995753,0.00253771,0.00172664
475.75,0,280.881,281.46,281.946,242.905,-4.32825,-3.49751,0,333.953,214.407,339.934,0.995754,0.00253422,0.00155282
476.25,0,280.874,281.454,281.94,242.905,-4.33973,-3.50675,0,333.85,214.392,339.934,0.995755,0.00254091,0.00175213
476.75,0,280.868,281.448,281.935,242.905,-4.33753,-3.50356,0,333.85,214.392,339.934,0.995756,0.00253858,0.00157822
477.25,0,280.863,281.443,281.929,242.904,-4.33403,-3.49924,0,333.85,214.392,339.934,0.995757,0.00253544,0.00175233
477.75,0,280.858,281.437,281.923,242.904,-4.32998,-3.49448,0,333.85,214.392,339.934,0.995758,0.00253198,0.00160024
478.25,0,280.851,281.431,281.918,242.904,-4.34141,-3.50367,0,333.748,214.377,339.934,0.995759,0.00253862,0.00177726
478.75,0,280.845,281.426,281.912,242.903,-4.33923,-3.50049,0,333.748,214.377,339.934,0.99576,0.00253631,0.00162427
479.25,0,280.84,281.42,281.907,242.903,-4.33574,-3.4962,0,333.748,214.377,339.934,0.995761,0.00253319,0.00177721
479.75,0,280.835,281.415,281.901,242.902,-4.33171,-3.49147,0,333.748,214.377,339.934,0.995762,0.00252974,0.00164498
480.25,0,280.828,281.409,281.896,242.902,-4.3431,-3.5006,0,333.646,214.363,339.934,0.995763,0.00253635,0.00180171
480.75,0,280.823,281.403,281.89,242.902,-4.34092,-3.49745,0,333.646,214.363,339.934,0.995764,0.00253405,0.00166772
481.25,0,280.817,281.398,281.885,242.901,-4.33744,-3.49318,0,333.646,214.363,339.934,0.995765,0.00253094,0.00180153
481.75,0,280.812,281.392,281.879,242.901,-4.33343,-3.48847,0,333.646,214.363,339.934,0.995766,0.00252752,0.00168719
482.25,0,280.805,281.386,281.874,242.901,-4.34477,-3.49755,0,333.544,214.349,339.934,0.995768,0.00253409,0.00182571
482.75,0,280.8,281.381,281.869,242.9,-4.3426,-3.49441,0,333.544,214.349,339.934,0.995769,0.0025318,0.00170872
483.25,0,280.795,281.375,281.863,242.9,-4.33913,-3.49017,0,333.544,214.349,339.934,0.99577,0.00252871,0.00182547
483.75,0,280.79,281.37,281.858,242.9,-4.33514,-3.48548,0,333.544,214.349,339.934,0.995771,0.0025253,0.00172704
484.25,0,280.783,281.364,281.852,242.899,-4.34643,-3.49451,0,333.443,214.334,339.934,0.995772,0.00253183,0.00204631
484.75,0,280.777,281.358,281.847,242.899,-4.34427,-3.49139,0,333.443,214.334,339.934,0.995773,0.00252956,0.00219378
485.25,0,280.772,281.353,281.841,242.899,-4.34082,-3.48717,0,333.443,214.334,339.934,0.995774,0.00252648,0.00205693
485.75,0,280.767,281.347,281.836,242.898,-4.33684,-3.48251,0,333.443,214.334,339.934,0.995775,0.00252309,0.0022106
486.25,0,280.76,281.342,281.831,242.898,-4.34808,-3.4915,0,333.342,214.32,339.934,0.995776,0.00252959,0.00208883
486.75,0,280.755,281.336,281.825,242.898,-4.34594,-3.48839,0,333.342,214.32,339.934,0.995777,0.00252733,0.00222944
487.25,0,280.75,281.331,281.82,242.897,-4.3425,-3.48419,0,333.342,214.32,339.934,0.995778,0.00252428,0.00209891
487.75,0,280.745,281.325,281.814,242.897,-4.33854,-3.47956,0,333.342,214.32,339.934,0.995779,0.00252091,0.00224528
488.25,0,280.738,281.32,281.809,242.897,-4.34974,-3.4885,0,333.242,214.306,339.934,0.99578,0.00252737,0.00213006
488.75,0,280.733,281.314,281.803,242.896,-4.3476,-3.48541,0,333.242,214.306,339.934,0.995781,0.00252512,0.00226317
489.25,0,280.728,281.309,281.798,242.896,-4.34418,-3.48124,0,333.242,214.306,339.934,0.995782,0.00252209,0.00213968
489.75,0,280.723,281.303,281.793,242.896,-4.34024,-3.47663,0,333.242,214.306,339.934,0.995783,0.00251873,0.00227811
490.25,0,280.716,281.298,281.787,242.895,-4.35139,-3.48552,0,333.143,214.292,339.934,0.995784,0.00252516,0.00217016
490.75,0,280.71,281.292,281.782,242.895,-4.34926,-3.48245,0,333.143,214.292,339.934,0.995785,0.00252293,0.00229511
491.25,0,280.705,281.287,281.777,242.895,-4.34586,-3.4783,0,333.143,214.292,339.934,0.995786,0.00251991,0.00217935
491.75,0,280.7,281.281,281.771,242.894,-4.34193,-3.47372,0,333.143,214.292,339.934,0.995787,0.00251658,0.00230922
492.25,0,280.694,281.276,281.766,242.894,-4.35304,-3.48256,0,333.043,214.278,339.934,0.995788,0.00252297,0.00220918
492.75,0,280.688,281.27,281.761,242.894,-4.35092,-3.47951,0,333.043,214.278,339.934,0.995789,0.00252075,0.00232542
493.25,0,280.683,281.265,281.755,242.893,-4.34753,-3.47538,0,333.043,214.278,339.934,0.99579,0.00251774,0.00221796
493.75,0,280.678,281.259,281.75,242.893,-4.34362,-3.47083,0,333.043,214.278,339.934,0.995791,0.00251443,0.0023388
494.25,0,280.672,281.254,281.745,242.893,-4.35469,-3.47963,0,332.944,214.264,339.934,0.995792,0.00252079,0.00224718
494.75,0,280.666,281.248,281.739,242.892,-4.35258,-3.47659,0,332.944,214.264,339.934,0.995793,0.00251858,0.0023543
495.25,0,280.661,281.243,281.734,242.892,-4.34921,-3.47249,0,332.944,214.264,339.934,0.995794,0.00251559,0.00225555
495.75,0,280.656,281.238,281.729,242.892,-4.34532,-3.46795,0,332.944,214.264,339.934,0.995795,0.0025123,0.00236704
496.25,0,280.65,281.232,281.723,242.891,-4.35634,-3.4767,0,332.846,214.251,339.934,0.995796,0.00251863,0.00228414
496.75,0,280.644,281.226,281.718,242.891,-4.35424,-3.47369,0,332.846,214.251,339.934,0.995797,0.00251643,0.00238192
497.25,0,280.639,281.221,281.713,242.891,-4.35088,-3.46961,0,332.846,214.251,339.934,0.995798,0.00251346,0.00229209
497.75,0,280.634,281.216,281.707,242.89,-4.34701,-3.4651,0,332.846,214.251,339.934,0.995799,0.00251018,0.00239411
498.25,0,280.628,281.21,281.702,242.89,-4.35798,-3.4738,0,332.748,214.237,339.934,0.9958,0.00251647,0.00232005
498.75,0,280.622,281.205,281.697,242.89,-4.3559,-3.4708,0,332.748,214.237,339.934,0.995801,0.00251429,0.00240847
499.25,0,280.617,281.2,281.692,242.889,-4.35255,-3.46674,0,332.748,214.237,339.934,0.995802,0.00251133,0.00232757
499.75,0,280.613,281.194,281.686,242.889,-4.34869,-3.46226,0,332.748,214.237,339.934,0.995803,0.00250808,0.00242019
500.25,0,280.606,281.189,281.681,242.889,-4.35963,-3.47092,0,332.65,214.223,339.934,0.995804,0.00251433,0.00235491
500.75,0,280.601,281.183,281.676,242.888,-4.35755,-3.46793,0,332.65,214.223,339.934,0.995805,0.00251216,0.00243411
501.25,0,280.596,281.178,281.671,242.888,-4.35422,-3.4639,0,332.65,214.223,339.934,0.995806,0.00250922,0.00236199
501.75,0,280.591,281.173,281.665,242.888,-4.35038,-3.45944,0,332.65,214.223,339.934,0.995807,0.00250598,0.003013
502.25,0,280.584,281.167,281.66,242.888,-4.36129,-3.46807,0,332.553,214.21,339.934,0.995808,0.00251222,0.00288673
502.75,0,280.579,281.162,281.655,242.887,-4.35922,-3.4651,0,332.553,214.21,339.934,0.995809,0.00251006,0.00303017
503.25,0,280.574,281.157,281.65,242.887,-4.35591,-3.46109,0,332.553,214.21,339.934,0.99581,0.00250714,0.00289668
503.75,0,280.569,281.151,281.645,242.887,-4.35208,-3.45665,0,332.553,214.21,339.934,0.995811,0.00250392,0.00304465
504.25,0,280.563,281.146,281.639,242.886,-4.36301,-3.46529,0,332.456,214.197,339.934,0.995812,0.00251016,0.00292202
504.75,0,280.557,281.14,281.634,242.886,-4.36096,-3.46235,0,332.456,214.197,339.934,0.995813,0.00250802,0.003061
505.25,0,280.553,281.135,281.629,242.886,-4.35767,-3.45836,0,332.456,214.197,339.934,0.995814,0.00250512,0.00293182
505.75,0,280.548,281.13,281.624,242.885,-4.35386,-3.45396,0,332.456,214.197,339.934,0.995815,0.00250191,0.00307477
506.25,0,280.541,281.125,281.618,242.885,-4.36475,-3.46254,0,332.359,214.183,339.934,0.995816,0.00250812,0.00295679
506.75,0,280.536,281.119,281.613,242.885,-4.36271,-3.45962,0,332.359,214.183,339.934,0.995817,0.00250599,0.00349671
507.25,0,280.531,281.114,281.608,242.885,-4.35943,-3.45566,0,332.359,214.183,339.934,0.995818,0.00250311,0.00462682
507.75,0,280.526,281.109,281.603,242.884,-4.35565,-3.45127,0,332.359,214.183,339.934,0.995819,0.00249992,0.0046595
508.25,0,280.52,281.103,281.598,242.884,-4.36675,-3.46005,0,332.26,214.171,339.934,0.99582,0.00250627,0.00464982
508.75,0,280.515,281.098,281.593,242.884,-4.36477,-3.45717,0,332.26,214.171,339.934,0.995821,0.00250417,0.00468681
509.25,0,280.51,281.093,281.587,242.884,-4.36152,-3.45325,0,332.26,214.171,339.934,0.995822,0.00250132,0.0046692
509.75,0,280.505,281.088,281.582,242.883,-4.35776,-3.4489,0,332.26,214.171,339.934,0.995823,0.00249815,0.00471131
510.25,0,280.498,281.082,281.577,242.883,-4.36903,-3.45779,0,332.161,214.158,339.934,0.995824,0.00250458,0.0046908
510.75,0,280.493,281.077,281.572,242.883,-4.36709,-3.45496,0,332.161,214.158,339.934,0.995825,0.00250252,0.00473671
511.25,0,280.488,281.072,281.567,242.883,-4.36388,-3.45107,0,332.161,214.158,339.934,0.995826,0.00249969,0.00470938
511.75,0,280.484,281.067,281.562,242.882,-4.36015,-3.44675,0,332.161,214.158,339.934,0.995827,0.00249655,0.00475948
512.25,0,280.477,281.061,281.557,242.882,-4.37138,-3.4556,0,332.063,214.145,339.934,0.995828,0.00250295,0.00473002
512.75,0,280.472,281.056,281.552,242.882,-4.36946,-3.45278,0,332.063,214.145,339.934,0.995829,0.0025009,0.00478328
513.25,0,280.467,281.051,281.546,242.882,-4.36626,-3.44892,0,332.063,214.145,339.934,0.99583,0.00249808,0.00474771
513.75,0,280.462,281.046,281.541,242.881,-4.36255,-3.44462,0,332.063,214.145,339.934,0.995831,0.00249496,0.00480455
514.25,0,280.456,281.04,281.536,242.881,-4.37374,-3.45342,0,331.964,214.133,339.934,0.995832,0.00250132,0.00476729
514.75,0,280.451,281.035,281.531,242.881,-4.37183,-3.45063,0,331.964,214.133,339.934,0.995833,0.00249929,0.00482689
515.25,0,280.446,281.03,281.526,242.881,-4.36865,-3.44678,0,331.964,214.133,339.934,0.995834,0.00249649,0.00478407
515.75,0,280.441,281.025,281.521,242.88,-4.36496,-3.44251,0,331.964,214.133,339.934,0.995835,0.00249339,0.00484678
516.25,0,280.434,281.019,281.516,242.88,-4.37612,-3.45127,0,331.866,214.12,339.934,0.995836,0.00249972,0.0048026
516.75,0,280.429,281.014,281.511,242.88,-4.37422,-3.44849,0,331.866,214.12,339.934,0.995837,0.00249769,0.00486779
517.25,0,280.425,281.009,281.506,242.88,-4.37105,-3.44467,0,331.866,214.12,339.934,0.995838,0.00249491,0.0048185
517.75,0,280.42,281.004,281.501,242.879,-4.36737,-3.44042,0,331.866,214.12,339.934,0.995839,0.00249182,0.0048864
518.25,0,280.413,280.998,281.496,242.879,-4.37849,-3.44913,0,331.769,214.108,339.934,0.99584,0.00249812,0.00561699
518.75,0,280.408,280.993,281.491,242.879,-4.3766,-3.44637,0,331.769,214.108,339.934,0.995841,0.0024961,0.00543266
519.25,0,280.403,280.988,281.486,242.879,-4.37345,-3.44256,0,331.769,214.108,339.934,0.995842,0.00249334,0.00561384
519.75,0,280.399,280.983,281.481,242.879,-4.36979,-3.43834,0,331.769,214.108,339.934,0.995843,0.00249027,0.00543498
520.25,0,280.392,280.978,281.475,242.878,-4.38101,-3.44714,0,331.67,214.096,339.934,0.995845,0.00249663,0.00560376
520.75,0,280.387,280.972,281.47,242.878,-4.37915,-3.44441,0,331.67,214.096,339.934,0.995846,0.00249464,0.00543887
521.25,0,280.382,280.967,281.465,242.878,-4.37603,-3.44063,0,331.67,214.096,339.934,0.995847,0.00249189,0.00560093
521.75,0,280.378,280.962,281.46,242.878,-4.37239,-3.43643,0,331.67,214.096,339.934,0.995848,0.00248884,0.00544116
522.25,0,280.371,280.957,281.455,242.878,-4.38356,-3.44517,0,331.573,214.084,339.934,0.995849,0.00249516,0.00559125
522.75,0,280.366,280.952,281.45,242.877,-4.38171,-3.44245,0,331.573,214.084,339.934,0.99585,0.00249318,0.00544507
523.25,0,280.361,280.947,281.445,242.877,-4.3786,-3.4387,0,331.573,214.084,339.934,0.995851,0.00249045,0.00558862
523.75,0,280.357,280.942,281.44,242.877,-4.37498,-3.43452,0,331.573,214.084,339.934,0.995852,0.00248741,0.00544742
524.25,0,280.35,280.936,281.435,242.877,-4.3861,-3.44321,0,331.475,214.072,339.934,0.995853,0.00249369,0.0055792
524.75,0,280.345,280.931,281.43,242.876,-4.38426,-3.44051,0,331.475,214.072,339.934,0.995854,0.00249172,0.00545138
525.25,0,280.34,280.926,281.425,242.876,-4.38117,-3.43677,0,331.475,214.072,339.934,0.995855,0.002489,0.00557673
525.75,0,280.336,280.921,281.42,242.876,-4.37756,-3.43262,0,331.475,214.072,339.934,0.995856,0.00248598,0.00545378
526.25,0,280.329,280.916,281.415,242.876,-4.38863,-3.44125,0,331.378,214.06,339.934,0.995857,0.00249223,0.00556754
526.75,0,280.324,280.911,281.41,242.876,-4.3868,-3.43857,0,331.378,214.06,339.934,0.995858,0.00249027,0.00545779
527.25,0,280.32,280.905,281.405,242.875,-4.38371,-3.43485,0,331.378,214.06,339.934,0.995859,0.00248756,0.00556521
527.75,0,280.315,280.901,281.401,242.875,-4.38012,-3.43072,0,331.378,214.06,339.934,0.99586,0.00248456,0.00546024
528.25,0,280.309,280.895,281.396,242.875,-4.39114,-3.4393,0,331.282,214.048,339.934,0.995861,0.00249076,0.00555624
528.75,0,280.304,280.89,281.391,242.875,-4.38932,-3.43662,0,331.282,214.048,339.934,0.995862,0.00248881,0.00546427
529.25,0,280.299,280.885,281.386,242.875,-4.38625,-3.43293,0,331.282,214.048,339.934,0.995863,0.00248612,0.00555406
529.75,0,280.294,280.88,281.381,242.874,-4.38267,-3.42882,0,331.282,214.048,339.934,0.995864,0.00248314,0.00546675
530.25,0,280.288,280.875,281.376,242.874,-4.39364,-3.43734,0,331.186,214.036,339.934,0.995866,0.0024893,0.00554533
530.75,0,280.283,280.87,281.371,242.874,-4.39182,-3.43468,0,331.186,214.036,339.934,0.995867,0.00248736,0.00547077
531.25,0,280.278,280.865,281.366,242.874,-4.38876,-3.431,0,331.186,214.036,339.934,0.995868,0.00248469,0.0055433
531.75,0.00176758,280.285,280.862,281.361,242.874,-4.30417,-3.35988,0.546407,331.186,214.036,339.934,0.995863,0.00243318,0.00540317
532.25,0.00620022,280.31,280.864,281.356,242.873,-4.10161,-3.1939,1.91666,331.095,214.029,339.934,0.995841,0.00231301,0.0053655
532.75,0.0106327,280.344,280.87,281.351,242.873,-3.85905,-2.99175,3.28688,331.095,214.029,339.934,0.995813,0.00216665,0.00528459
533.25,0.015065,280.384,280.879,281.347,242.873,-3.60393,-2.77744,4.65703,331.095,214.029,339.934,0.995782,0.0020115,0.00526684
533.75,0.0194971,280.427,280.891,281.342,242.873,-3.34185,-2.556,6.02709,331.095,214.029,339.934,0.995748,0.00185119,0.00519723
534.25,0.0239287,280.478,280.907,281.338,242.873,-3.13027,-2.33942,7.50856,331.1,214.087,339.934,0.995618,0.00169439,0.00493744
534.75,0.0283599,280.532,280.925,281.334,242.873,-2.85656,-2.0735,9.00415,331.1,214.087,490.937,0.99552,0.00150185,0.00506561
535.25,0.0327905,280.588,280.946,281.331,242.874,-2.5804,-1.80421,10.4995,331.1,214.087,490.937,0.99544,0.00130686,0.0048805
535.75,0.0372204,280.647,280.968,281.328,242.874,-2.30238,-1.5327,11.9947,331.1,214.087,490.937,0.995373,0.00111024,0.00498636
536.25,0.0416497,280.713,280.995,281.325,242.874,-2.13882,-1.2297,13.4897,331.221,214.18,490.937,0.995201,0.000890799,0.00454073
536.75,0.0460781,280.778,281.022,281.324,242.874,-1.86348,-0.944472,14.9843,331.221,214.18,490.937,0.995074,0.000684211,0.00487439
537.25,0.0505056,280.844,281.051,281.322,242.875,-1.58646,-0.656437,16.5015,331.221,214.18,490.937,0.994968,0.000475582,0.0045082
537.75,0.0549321,280.916,281.082,281.322,242.875,-1.26601,-0.36872,18.1952,331.221,214.18,490.937,0.994883,0.000272342,0.00477758
538.25,0.0593575,280.998,281.118,281.321,242.875,-1.02895,-0.0571938,19.8886,331.441,214.298,490.937,0.994692,6.13472e-05,0.00408545
538.75,0.0637818,281.078,281.155,281.322,242.876,-0.639287,0.169013,21.5815,331.441,214.298,490.937,0.994477,0,0.00457488
539.25,0.0682048,281.159,281.195,281.323,242.876,-0.256819,0.416181,23.2739,331.441,214.298,490.937,0.994055,0,0.00399185
539.75,0.0726265,281.228,281.236,281.325,242.877,0.144017,0.883068,24.9658,331.441,214.298,490.937,0.993433,0,0.00447328
540.25,0.0770467,281.298,281.286,281.328,242.877,0.791965,1.35566,26.6571,331.766,214.437,490.937,0.992666,0,0.00357733
540.75,0.0814655,281.359,281.333,281.332,242.878,1.427,1.71903,28.3479,331.766,214.437,692.2,0.991347,0,0.00434184
541.25,0.0858826,281.419,281.381,281.337,242.878,2.09393,2.03495,30.0381,331.766,214.437,692.2,0.99038,0,0.00354544
541.75,0.090298,281.481,281.432,281.343,242.879,2.69878,2.3279,31.7276,331.766,214.437,692.2,0.989298,0,0.00420585
542.25,0.0947117,281.546,281.484,281.35,242.88,3.43605,2.70585,33.4164,332.232,214.554,692.2,0.987443,0,0.00322758
542.75,0.0991235,281.603,281.531,281.36,242.881,4.07926,3.10507,35.1046,332.232,214.554,692.2,0.986376,0,0.00409574
543.25,0.103533,281.664,281.581,281.371,242.881,4.81176,3.4391,37.0159,332.232,214.554,692.2,0.9852,0,0.003186
543.75,0.107941,281.726,281.633,281.383,242.882,5.53055,3.78762,38.9819,332.232,214.554,692.2,0.983931,0,0.00395877
544.25,0.112347,281.796,281.688,281.398,242.883,6.43475,4.19228,40.9469,332.755,214.671,692.2,0.982513,0,0.00284952
544.75,0.11675,281.859,281.74,281.417,242.884,7.12784,4.61661,42.911,332.755,214.671,692.2,0.980442,0,0.00373783
545.25,0.121152,281.919,281.788,281.441,242.885,7.89011,5.06362,44.874,332.755,214.671,956.226,0.979214,0,0.00284941
545.75,0.12555,281.98,281.839,281.468,242.886,8.6549,5.43524,46.836,332.755,214.671,956.226,0.977922,0,0.00363557
546.25,0.129947,282.046,281.891,281.497,242.887,9.6256,5.86033,48.7969,333.329,214.793,956.226,0.976527,0,0.00257914
546.75,0.134341,282.111,281.946,281.528,242.888,10.3499,6.25567,50.7566,333.329,214.793,956.226,0.975084,0,0.00342842
547.25,0.138732,282.176,282.002,281.561,242.889,11.0252,6.65151,52.7152,333.329,214.793,956.226,0.973606,0,0.00253982
547.75,0.14312,282.238,282.053,281.604,242.89,11.6811,7.12757,54.6725,333.329,214.793,956.226,0.971234,0,0.00367212
548.25,0.147506,282.302,282.102,281.651,242.891,12.7061,7.65719,56.6286,333.957,214.919,956.226,0.969953,0,0.00231809
548.75,0.151889,282.363,282.152,281.699,242.892,13.508,8.05654,58.5834,333.957,214.919,956.226,0.968621,0,0.00311658
549.25,0.156268,282.425,282.203,281.748,242.893,14.2439,8.4539,60.5368,333.957,214.919,956.226,0.967251,0,0.00228264
549.75,0.160645,282.487,282.256,281.798,242.894,14.9535,8.85494,62.4889,333.957,214.919,956.226,0.965848,0,0.00303645
550.25,0.165019,282.555,282.31,281.851,242.895,15.917,9.31468,64.4396,334.586,215.044,956.226,0.964381,0,0.00204
550.75,0.169389,282.62,282.366,281.904,242.897,16.622,9.73809,66.3889,334.586,215.044,1308.03,0.962886,0,0.00293456
551.25,0.173756,282.686,282.423,281.96,242.898,17.3467,10.2874,68.5973,334.586,215.044,1308.03,0.960113,0,0.00481412
551.75,0.178119,282.747,282.469,282.006,242.899,18.1326,10.9394,70.8463,334.586,215.044,1308.03,0.958063,0,0.00277378
552.25,0.182479,282.813,282.518,282.054,242.9,19.3884,11.4609,73.0936,335.267,215.175,1308.03,0.9568,0,0.00181038
552.75,0.186836,282.875,282.567,282.104,242.902,20.3488,11.9046,75.339,335.267,215.175,1308.03,0.955479,0,0.00252985
553.25,0.191189,282.938,282.618,282.155,242.903,21.2433,12.3491,77.5825,335.267,215.175,1308.03,0.954111,0,0.00161163
553.75,0.195538,283.003,282.671,282.207,242.905,22.1097,12.8001,79.8241,335.267,215.175,1308.03,0.952699,0,0.00241462
554.25,0.199883,283.073,282.725,282.261,242.906,23.2481,13.3163,82.0637,335.941,215.305,1308.03,0.951222,0,0.00136334
554.75,0.204224,283.139,282.78,282.316,242.907,24.1101,13.7939,84.3013,335.941,215.305,1308.03,0.949707,0,0.00232042
555.25,0.208561,283.207,282.837,282.373,242.909,24.9207,14.2721,86.5368,335.941,215.305,1308.03,0.94816,0,0.00133879
555.75,0.212894,283.273,282.895,282.43,242.911,25.5948,14.9921,88.7702,335.941,215.305,1308.03,0.944893,0,0.00942479
556.25,0.217223,283.341,282.946,282.481,242.912,26.6203,15.7838,91.0014,336.702,215.444,1308.03,0.941845,0,0.00192688
556.75,0.221548,283.401,282.993,282.529,242.914,27.5828,16.3523,93.2305,336.702,215.444,1759.97,0.940616,0,0.00190943
557.25,0.225868,283.462,283.042,282.577,242.915,28.5201,16.8079,95.4573,336.702,215.444,1759.97,0.939346,0,0.00120656
557.75,0.230184,283.524,283.092,282.627,242.917,29.419,17.2674,97.6818,336.702,215.444,1759.97,0.938039,0,0.00179024
558.25,0.234496,283.592,283.143,282.678,242.918,30.6012,17.7939,99.904,337.407,215.576,1759.97,0.936677,0,0.000963698
558.75,0.238802,283.656,283.195,282.731,242.92,31.4939,18.2768,102.124,337.407,215.576,1759.97,0.935281,0,0.00162793
559.25,0.243104,283.72,283.249,282.784,242.922,32.3326,18.7599,104.341,337.407,215.576,1759.97,0.933856,0,0.000992158
559.75,0.247402,283.785,283.303,282.838,242.923,33.1509,19.248,106.556,337.407,215.576,1759.97,0.932405,0,0.00156227
560.25,0.251694,283.857,283.359,282.894,242.925,34.3429,19.8185,108.885,338.175,215.713,1759.97,0.930907,0,0.000877848
560.75,0.255982,283.923,283.415,282.95,242.927,35.1467,20.7027,111.39,338.175,215.713,1759.97,0.926766,0,0.0194503
561.25,0.260264,283.993,283.473,283.008,242.929,35.9602,21.3543,113.892,338.175,215.713,1759.97,0.925259,0,0.000886592
561.75,0.264542,284.056,283.526,283.06,242.931,36.7232,22.2622,116.391,338.175,215.713,1759.97,0.920825,0,0.00368558
562.25,0.268814,284.123,283.572,283.107,242.933,38.0912,23.0212,118.887,338.992,215.858,1759.97,0.919658,0,0.000798871
562.75,0.273081,284.185,283.62,283.155,242.935,39.2234,23.5323,121.379,338.992,215.858,2361.86,0.918448,0,0.00103006
563.25,0.277342,284.247,283.669,283.203,242.936,40.2794,24.0406,123.869,338.992,215.858,2361.86,0.917202,0,0.00079115
563.75,0.281598,284.31,283.719,283.253,242.938,41.3044,24.5546,126.355,338.992,215.858,2361.86,0.91592,0,0.000979591
564.25,0.285849,284.38,283.77,283.304,242.94,42.6365,25.1422,128.839,339.746,215.995,2361.86,0.91459,0,0.000722728
564.75,0.290094,284.445,283.822,283.356,242.942,43.6623,25.6815,131.319,339.746,215.995,2361.86,0.913227,0,0.000953689
565.25,0.294333,284.51,283.875,283.409,242.944,44.6328,26.221,133.795,339.746,215.995,2361.86,0.911835,0,0.000712485
565.75,0.298566,284.576,283.929,283.463,242.946,45.5822,26.7666,136.269,339.746,215.995,2361.86,0.910417,0,0.000928134
566.25,0.302794,284.645,283.984,283.518,242.949,46.8627,27.4452,138.738,340.572,216.138,2361.86,0.9048,0,0.0433882
566.75,0.307015,284.711,284.04,283.574,242.951,47.4269,28.7224,141.205,340.572,216.138,2361.86,0.903386,0,0.000898227
567.25,0.311231,284.78,284.097,283.631,242.953,48.2915,29.2741,143.668,340.572,216.138,2361.86,0.901951,0,0.000628559
567.75,0.31544,284.85,284.155,283.689,242.956,49.1728,29.8381,146.127,340.572,216.138,2361.86,0.900496,0,0.000868857
568.25,0.319644,284.918,284.213,283.747,242.958,50.1759,31.0329,148.582,341.452,216.291,3113.18,0.893779,0,0.0080955
568.75,0.323841,284.979,284.259,283.792,242.96,50.9922,32.0251,151.034,341.452,216.291,3113.18,0.892705,0,0.000838748
569.25,0.328031,285.039,284.305,283.838,242.962,52.0839,32.5473,153.483,341.452,216.291,3113.18,0.891601,0,0.000516418
569.75,0.332215,285.099,284.352,283.885,242.964,53.1261,33.0699,155.927,341.452,216.291,3113.18,0.89047,0,0.000808781
570.25,0.336393,285.165,284.4,283.933,242.966,54.4949,33.67,158.368,342.259,216.429,3113.18,0.889299,0,0.000427971
570.75,0.340564,285.226,284.449,283.982,242.969,55.5339,34.2147,160.805,342.259,216.429,3113.18,0.888103,0,0.000776082
571.25,0.344728,285.288,284.498,284.031,242.971,56.515,34.7577,163.237,342.259,216.429,3113.18,0.886883,0,0.000418989
571.75,0.348886,285.351,284.548,284.081,242.973,57.4743,35.3056,165.666,342.259,216.429,3113.18,0.88564,0,0.000743603
572.25,0.353037,285.421,284.6,284.132,242.975,58.8844,35.9552,168.316,343.096,216.57,3113.18,0.884361,0,0.00032782
572.75,0.35718,285.487,284.652,284.184,242.98,60.0086,36.5578,171.043,343.096,216.57,3113.18,0.876826,0,0.0852095
573.25,0.361317,285.545,284.705,284.238,242.983,60.4534,38.354,173.766,343.096,216.57,3113.18,0.875561,0,0.000308642
573.75,0.365447,285.612,284.759,284.291,242.985,61.4289,38.9334,176.484,343.096,216.57,3113.18,0.874301,0,0.000266852
574.25,0.369569,285.685,284.814,284.346,242.987,62.8316,39.6121,179.198,343.95,216.729,3113.18,0.873002,0,0.000253569
574.75,0.373685,285.755,284.87,284.402,242.99,63.9031,40.2348,181.907,343.95,216.729,3113.18,0.871679,0,0.000248196
575.25,0.377792,285.824,284.926,284.459,242.992,64.9238,40.8577,184.61,343.95,216.729,3113.18,0.870334,0,0.000234849
575.75,0.381893,285.885,284.983,284.516,242.995,65.6953,42.0041,187.309,343.95,216.729,3113.18,0.862459,0,0.0160594
576.25,0.385986,285.958,285.038,284.571,242.998,66.5869,43.5639,190.003,344.895,216.881,3113.18,0.859749,0,0.00349301
576.75,0.390071,286.018,285.084,284.616,243,67.6955,44.363,192.692,344.895,216.881,3113.18,0.858733,0,0.000581724
577.25,0.394149,286.079,285.13,284.662,243.003,68.8817,44.944,195.376,344.895,216.881,3113.18,0.857692,0,0.000224022
577.75,0.398219,286.14,285.176,284.708,243.005,70.0263,45.5265,198.055,344.895,216.881,3113.18,0.856629,0,0.000523356
578.25,0.402281,286.194,285.223,284.755,243.014,71.3649,46.6053,200.729,345.768,217.026,3113.18,0.845442,0,0.209525
578.75,0.406335,286.254,285.272,284.803,243.017,71.5657,48.7814,203.398,345.768,217.026,3113.18,0.844446,0,0
579.25,0.410381,286.316,285.321,284.852,243.019,72.5807,49.3498,206.061,345.768,217.026,3113.18,0.843431,0,0
579.75,0.41442,286.379,285.37,284.902,243.022,73.6318,49.9338,208.719,345.768,217.026,3113.18,0.842396,0,0
580.25,0.41845,286.447,285.421,284.952,243.025,75.0057,50.5981,211.371,346.521,217.197,3113.18,0.841327,0,0
580.75,0.422471,286.511,285.472,285.003,243.027,76.0829,51.2099,214.019,346.521,217.197,3113.18,0.840238,0,0
581.25,0.426485,286.576,285.524,285.055,243.03,77.1135,51.8215,216.66,346.521,217.197,3113.18,0.839131,0,0
581.75,0.43049,286.641,285.576,285.107,243.033,78.1276,52.4387,219.297,346.521,217.197,3113.18,0.838008,0,0
582.25,0.434487,286.712,285.629,285.16,243.036,79.5485,53.1527,221.927,347.48,217.347,3113.18,0.836859,0,0
582.75,0.438475,286.779,285.683,285.214,243.038,80.5903,53.7961,224.552,347.48,217.347,3113.18,0.835693,0,0
583.25,0.442454,286.845,285.737,285.268,243.041,81.5749,54.4368,227.172,347.48,217.347,3113.18,0.834512,0,0
583.75,0.446425,286.895,285.791,285.322,243.045,81.4488,57.2261,229.785,347.48,217.347,3113.18,0.822206,0,0.0470471
584.25,0.450387,286.967,285.846,285.377,243.048,82.5864,58.0478,232.393,348.407,217.502,3113.18,0.821198,0,0
584.75,0.454341,287.03,285.901,285.432,243.051,83.3719,59.0879,234.995,348.407,217.502,3113.18,0.816736,0,0.013828
585.25,0.458285,287.087,285.943,285.474,243.054,84.3004,59.994,237.591,348.407,217.502,3113.18,0.815934,0,0
585.75,0.46222,287.144,285.986,285.517,243.057,85.4614,60.5652,240.182,348.407,217.502,3113.18,0.815154,0,0
586.25,0.466146,287.207,286.03,285.56,243.06,86.9837,61.2252,242.766,349.335,217.649,3113.18,0.81435,0,0
586.75,0.470063,287.265,286.074,285.605,243.063,88.1277,61.8125,245.344,349.335,217.649,3113.18,0.813526,0,0
587.25,0.473971,287.323,286.119,285.649,243.066,89.2092,62.3954,247.916,349.335,217.649,3113.18,0.812685,0,0
587.75,0.47787,287.381,286.164,285.694,243.069,90.2678,62.982,250.482,349.335,217.649,3113.18,0.811827,0,0
588.25,0.481759,287.445,286.21,285.74,243.072,91.7015,63.6612,253.042,350.235,217.79,3113.18,0.810947,0,0
588.75,0.485638,287.504,286.257,285.787,243.075,92.7776,64.2704,255.596,350.235,217.79,3113.18,0.810051,0,0
589.25,0.489508,287.564,286.304,285.834,243.078,93.7979,64.8763,258.143,350.235,217.79,3113.18,0.809139,0,0
589.75,0.493369,287.624,286.351,285.881,243.081,94.7989,65.4864,260.684,350.235,217.79,3113.18,0.808212,0,0
590.25,0.49722,287.689,286.399,285.929,243.084,96.1987,66.1942,263.219,351.183,217.935,3113.18,0.807266,0,0
590.75,0.501061,287.751,286.448,285.978,243.087,97.2549,66.8345,265.817,351.183,217.935,3113.18,0.806304,0,0
591.25,0.504892,287.813,286.497,286.027,243.09,98.3396,67.4895,268.592,351.183,217.935,3113.18,0.805327,0,0
591.75,0.508713,287.876,286.547,286.077,243.094,99.416,68.1517,271.359,351.183,217.935,3113.18,0.804335,0,0
592.25,0.512524,287.945,286.598,286.127,243.097,100.891,68.9134,274.12,352.126,218.088,3113.18,0.803321,0,0
592.75,0.516325,288.009,286.649,286.178,243.1,101.993,69.6015,276.873,352.126,218.088,3113.18,0.802292,0,0
593.25,0.520117,288.073,286.7,286.23,243.103,103.041,70.2868,279.618,352.126,218.088,3113.18,0.80125,0,0
593.75,0.523897,288.138,286.752,286.282,243.107,104.07,70.9771,282.357,352.126,218.088,3113.18,0.800194,0,0
594.25,0.527668,288.209,286.805,286.334,243.11,105.508,71.7702,285.088,353.102,218.246,3113.18,0.799119,0,0
594.75,0.531428,288.274,286.858,286.388,243.113,106.563,72.4861,287.811,353.102,218.246,3113.18,0.79803,0,0
595.25,0.535178,288.34,286.912,286.441,243.116,107.56,73.1986,290.527,353.102,218.246,3113.18,0.796929,0,0
595.75,0.538917,288.406,286.967,286.495,243.12,108.539,73.9158,293.235,353.102,218.246,3113.18,0.795817,0,0
596.25,0.542645,288.479,287.021,286.55,243.123,109.949,74.741,295.935,354.123,218.409,3113.18,0.794687,0,0
596.75,0.546363,288.546,287.077,286.606,243.127,110.956,75.4841,298.628,354.123,218.409,3113.18,0.793546,0,0
597.25,0.550071,288.614,287.133,286.662,243.13,111.904,76.2234,301.313,354.123,218.409,3113.18,0.792395,0,0
597.75,0.553767,288.681,287.189,286.718,243.134,112.835,76.9671,303.99,354.123,218.409,3113.18,0.791234,0,0
598.25,0.557453,288.756,287.246,286.775,243.137,114.214,77.8238,306.66,355.189,218.575,3113.18,0.790057,0,0
598.75,0.561127,288.824,287.304,286.832,243.141,115.175,78.5938,309.321,355.189,218.575,3113.18,0.788871,0,0
599.25,0.564791,288.893,287.362,286.89,243.144,116.076,79.3593,311.974,355.189,218.575,3113.18,0.787676,0,0
599.75,0.568443,288.962,287.42,286.949,243.148,116.958,80.1291,314.62,355.189,218.575,3113.18,0.786472,0,0
600.25,0.572084,289.038,287.48,287.008,243.151,118.305,81.0161,317.257,356.29,218.746,3113.18,0.785256,0,0
600.75,0.575714,289.108,287.539,287.067,243.155,119.219,81.8123,319.886,356.29,218.746,3113.18,0.784031,0,0
601.25,0.579333,289.179,287.599,287.127,243.158,120.073,82.6036,322.507,356.29,218.746,3113.18,0.782799,0,0
601.75,0.58294,289.249,287.66,287.187,243.162,120.908,83.3989,325.12,356.29,218.746,3113.18,0.78156,0,0
602.25,0.586536,289.326,287.721,287.248,243.166,122.222,84.3156,327.724,357.424,218.922,3113.18,0.78031,0,0
602.75,0.590121,289.398,287.782,287.31,243.169,123.09,85.1376,330.32,357.424,218.922,3113.18,0.779053,0,0
603.25,0.593693,289.469,287.844,287.371,243.173,123.897,85.954,332.908,357.424,218.922,3113.18,0.77779,0,0
603.75,0.597255,289.541,287.906,287.434,243.177,124.686,86.7744,335.487,357.424,218.922,3113.18,0.776522,0,0
604.25,0.600804,289.62,287.969,287.496,243.181,125.971,87.7212,338.058,358.6,219.101,3113.18,0.775244,0,0
604.75,0.604341,289.693,288.032,287.559,243.184,126.795,88.5685,340.62,358.6,219.101,3113.18,0.773961,0,0
605.25,0.607867,289.766,288.096,287.623,243.188,127.556,89.4097,343.173,358.6,219.101,3113.18,0.772674,0,0
605.75,0.611381,289.839,288.16,287.687,243.192,128.299,90.2545,345.718,358.6,219.101,3113.18,0.771383,0,0
606.25,0.614883,289.919,288.224,287.751,243.196,129.556,91.231,348.254,359.815,219.283,3113.18,0.770084,0,0
606.75,0.618372,289.993,288.289,287.816,243.199,130.336,92.103,350.782,359.815,219.283,3113.18,0.76878,0,0
607.25,0.62185,290.067,288.355,287.882,243.203,131.052,92.9683,353.3,359.815,219.283,3113.18,0.767474,0,0
607.75,0.625315,290.141,288.421,287.947,243.207,131.75,93.837,355.81,359.815,219.283,3113.18,0.766165,0,0
608.25,0.628768,290.223,288.487,288.013,243.211,132.979,94.8426,358.311,361.07,219.469,3113.18,0.76485,0,0
608.75,0.632209,290.298,288.553,288.08,243.215,133.716,95.7388,360.803,361.07,219.469,3113.18,0.763532,0,0
609.25,0.635637,290.373,288.62,288.147,243.219,134.387,96.6276,363.286,361.07,219.469,3113.18,0.762212,0,0
609.75,0.639053,290.448,288.688,288.214,243.223,135.041,97.5196,365.76,361.07,219.469,3113.18,0.760891,0,0
610.25,0.642456,290.531,288.756,288.282,243.227,136.241,98.5538,368.225,362.364,219.658,3113.18,0.759565,0,0
610.75,0.645846,290.607,288.824,288.35,243.231,136.935,99.4735,370.68,362.364,219.658,3113.18,0.758237,0,0
611.25,0.649224,290.683,288.892,288.418,243.235,137.563,100.385,373.127,362.364,219.658,3113.18,0.756908,0,0
611.75,0.652589,290.76,288.961,288.487,243.239,138.227,101.313,375.69,362.364,219.658,3113.18,0.755579,0,0
612.25,0.655941,290.845,289.031,288.556,243.243,139.477,102.395,378.281,363.695,219.849,3113.18,0.754244,0,0
612.75,0.659281,290.923,289.1,288.626,243.247,140.209,103.358,380.862,363.695,219.849,3113.18,0.752908,0,0
613.25,0.662607,291.001,289.17,288.696,243.251,140.873,104.313,383.433,363.695,219.849,3113.18,0.751571,0,0
613.75,0.665921,291.079,289.241,288.766,243.255,141.519,105.272,385.995,363.695,219.849,3113.18,0.750233,0,0
614.25,0.669221,291.165,289.312,288.837,243.259,142.742,106.385,388.546,365.065,220.045,4016.82,0.748892,0,0
614.75,0.672508,291.244,289.383,288.908,243.263,143.431,107.373,391.086,365.065,220.045,4016.82,0.747549,0,0
615.25,0.675782,291.324,289.455,288.98,243.267,144.051,108.353,393.617,365.065,220.045,4016.82,0.746207,0,0
615.75,0.679043,291.403,289.527,289.051,243.271,144.651,109.335,396.137,365.065,220.045,4016.82,0.744866,0,0
616.25,0.68229,291.49,289.599,289.124,243.275,145.845,110.478,398.647,366.475,220.244,4016.82,0.743522,0,0
616.75,0.685524,291.57,289.672,289.196,243.28,146.49,111.49,401.147,366.475,220.244,4016.82,0.742179,0,0
617.25,0.688745,291.65,289.745,289.269,243.284,147.064,112.493,403.636,366.475,220.244,4016.82,0.740837,0,0
617.75,0.691952,291.73,289.818,289.343,243.288,147.619,113.498,406.115,366.475,220.244,4016.82,0.739497,0,0
618.25,0.695145,291.819,289.892,289.416,243.292,148.783,114.669,408.583,367.922,220.445,4016.82,0.738155,0,0
618.75,0.698325,291.899,289.966,289.49,243.296,149.384,115.705,411.041,367.922,220.445,5273.21,0.736814,0,0
619.25,0.701491,291.98,290.041,289.564,243.301,149.913,116.73,413.488,367.922,220.445,5273.21,0.735476,0,0
619.75,0.704643,292.061,290.115,289.639,243.305,150.422,117.757,415.925,367.922,220.445,5273.21,0.734141,0,0
620.25,0.707781,292.151,290.19,289.714,243.309,151.556,118.956,418.351,369.406,220.649,5273.21,0.732806,0,0
620.75,0.710905,292.232,290.266,289.789,243.313,152.113,120.014,420.766,369.406,220.649,5273.21,0.731472,0,0
621.25,0.714016,292.237,290.326,289.849,243.36,148.141,130.119,423.17,369.406,220.649,3113.18,0.692511,0,1.39622
621.75,0.717112,292.313,290.399,289.922,243.373,147.599,131.848,425.563,369.406,220.649,3113.18,0.691698,0,0.348386
622.25,0.720195,292.395,290.473,289.996,243.375,148.178,132.806,427.946,369.96,221.124,3113.18,0.690869,0,0
622.75,0.723263,292.475,290.547,290.07,243.378,148.631,133.745,430.317,369.96,221.124,3113.18,0.690038,0,0
623.25,0.726317,292.555,290.622,290.145,243.38,149.085,134.691,432.678,369.96,221.124,3113.18,0.689206,0,0
623.75,0.729357,292.636,290.697,290.22,243.382,149.541,135.646,435.027,369.96,221.124,4016.82,0.688373,0,0
624.25,0.732382,292.725,290.772,290.295,243.385,150.636,136.779,437.366,371.448,221.289,5273.21,0.687539,0,0
624.75,0.735393,292.806,290.847,290.37,243.387,151.16,137.769,439.693,371.448,221.289,5273.21,0.686703,0,0
625.25,0.738389,292.887,290.923,290.445,243.39,151.615,138.748,442.009,371.448,221.289,5273.21,0.685867,0,0
625.75,0.741371,292.968,290.999,290.521,243.392,152.054,139.731,444.314,371.448,221.289,5273.21,0.685029,0,0
626.25,0.744339,293.058,291.075,290.597,243.395,153.137,140.897,446.608,372.976,221.464,5273.21,0.684191,0,0
626.75,0.747292,293.14,291.152,290.674,243.398,153.63,141.912,448.891,372.976,221.464,5273.21,0.683351,0,0
627.25,0.75023,293.222,291.228,290.75,243.401,154.05,142.915,451.162,372.976,221.464,7026.68,0.682511,0,0
627.75,0.753153,293.304,291.305,290.827,243.43,154.451,143.919,453.421,372.976,221.464,3113.18,0.640359,0,0.87261
628.25,0.756062,293.316,291.38,290.902,243.444,149.406,156.611,455.669,374.198,221.765,5273.21,0.639871,0,0.395632
628.75,0.758956,293.394,291.455,290.977,243.446,149.214,157.332,457.906,374.198,221.765,5273.21,0.639563,0,0
629.25,0.761834,293.474,291.531,291.052,243.447,149.525,158.197,460.131,374.198,221.765,5273.21,0.63925,0,0
629.75,0.764698,293.554,291.606,291.128,243.449,149.893,159.085,462.345,374.198,221.765,5273.21,0.638932,0,0
630.25,0.767547,293.641,291.682,291.203,243.451,150.817,160.123,464.547,375.421,221.955,7026.68,0.63862,0,0
630.75,0.770381,293.722,291.758,291.279,243.452,151.269,161.046,466.737,375.421,221.955,7026.68,0.638302,0,0
631.25,0.7732,293.743,291.827,291.348,243.469,150.275,165.167,468.916,375.421,221.955,7026.68,0.605093,0,0.477551
631.75,0.776003,293.815,291.901,291.422,243.47,146.966,172.134,471.083,375.421,221.955,7026.68,0.605202,0,0
632.25,0.778791,293.9,291.976,291.496,243.472,147.715,173.042,473.238,376.782,222.101,7026.68,0.605288,0,0
632.75,0.781564,293.98,292.05,291.571,243.473,148.117,173.869,475.381,376.782,222.101,7026.68,0.605365,0,0
633.25,0.784322,294.017,292.117,291.637,243.483,147.067,177.834,477.513,376.782,222.101,9270.94,0.585417,0,0.243488
633.75,0.787064,294.093,292.19,291.711,243.49,145.782,181.207,479.632,376.782,222.101,9270.94,0.585739,0,0.193018
634.25,0.78979,294.155,292.26,291.78,243.507,146.201,183.171,481.74,378.149,222.275,9270.94,0.574264,0,0.51157
634.75,0.792502,294.231,292.334,291.854,243.508,145.265,186.285,483.836,378.149,222.275,9270.94,0.574707,0,0
635.25,0.795197,294.292,292.386,291.906,243.525,145.429,187.709,485.919,378.149,222.275,9270.94,0.552616,0,0.543867
635.75,0.797877,294.301,292.424,291.944,243.53,143.636,193.986,487.991,378.149,222.275,9270.94,0.553773,0,0.144199
636.25,0.800541,294.353,292.462,291.982,243.557,144.587,194.277,490.068,378.766,222.538,7026.68,0.554948,0,0.881948
636.75,0.80319,294.403,292.5,292.02,243.556,145.603,194.597,492.205,378.766,222.538,7026.68,0.556114,0,0
637.25,0.805823,294.453,292.539,292.059,243.555,146.616,194.919,494.33,378.766,222.538,7026.68,0.557273,0,0
637.75,0.80844,294.504,292.577,292.097,243.555,147.623,195.243,496.441,378.766,222.538,7026.68,0.558424,0,0
638.25,0.811041,294.557,292.615,292.135,243.554,148.867,195.642,498.54,379.346,222.808,7026.68,0.559574,0,0
638.75,0.813626,294.607,292.641,292.161,243.566,149.89,195.973,500.626,379.346,222.808,7026.68,0.543054,0,0.402319
639.25,0.816195,294.611,292.678,292.198,243.565,148.454,201.507,502.699,379.346,222.808,7026.68,0.544333,0,0
639.75,0.818748,294.659,292.716,292.235,243.565,149.044,201.663,504.759,379.346,222.808,7026.68,0.545616,0,0
640.25,0.821285,294.711,292.753,292.273,243.564,150.202,201.998,506.806,379.96,222.861,7026.68,0.546883,0,0
640.75,0.823806,294.76,292.791,292.31,243.564,151.166,202.278,508.841,379.96,222.861,9270.94,0.548141,0,0
641.25,0.82631,294.809,292.807,292.326,243.57,152.112,202.555,510.862,379.96,222.861,9270.94,0.530414,0,0.203998
641.75,0.828799,294.802,292.844,292.363,243.584,150.634,208.441,512.869,379.96,222.861,9270.94,0.531811,0,0.470035
642.25,0.831271,294.851,292.876,292.395,243.585,151.285,208.588,514.864,380.448,222.977,9270.94,0.521969,0,0.0684473
642.75,0.833727,294.872,292.913,292.432,243.584,150.528,212.167,516.846,380.448,222.977,9270.94,0.523431,0,0
643.25,0.836166,294.919,292.926,292.446,243.586,151.198,212.292,518.814,380.448,222.977,9270.94,0.523582,0,0.0955398
643.75,0.838589,294.945,292.963,292.482,243.585,152.412,212.776,520.769,380.448,222.977,9270.94,0.525043,0,0
644.25,0.840996,294.997,292.987,292.506,243.588,153.46,213.03,522.711,381.284,222.973,9270.94,0.524526,0,0.111702
644.75,0.843386,295.03,293.024,292.543,243.587,154.382,213.774,524.64,381.284,222.973,9270.94,0.525974,0,0
645.25,0.845759,295.077,293.052,292.571,243.591,155.128,213.939,526.555,381.284,222.973,9270.94,0.525085,0,0.121771
645.75,0.848116,295.113,293.089,292.608,243.605,155.835,214.809,528.457,381.284,222.973,9270.94,0.526532,0,0.479479
646.25,0.850456,295.163,293.106,292.625,243.625,156.844,215.06,530.345,381.879,223.166,7026.68,0.517974,0,0.678061
646.75,0.852779,295.174,293.119,292.638,243.624,156.637,218.226,532.22,381.879,223.166,7026.68,0.51961,0,0.0328038
647.25,0.855086,295.201,293.142,292.661,243.623,157.784,218.154,534.081,381.879,223.166,9270.94,0.520543,0,0.0483774
647.75,0.857376,295.236,293.172,292.69,243.624,158.649,218.375,535.929,381.879,223.166,9270.94,0.521077,0,0.0574682
648.25,0.859649,295.275,293.204,292.723,243.624,159.49,218.809,537.763,382.19,223.311,9270.94,0.521385,0,0.0628801
648.75,0.861905,295.316,293.239,292.757,243.624,160.148,219.302,539.583,382.19,223.311,9270.94,0.521564,0,0.066213
649.25,0.864144,295.357,293.259,292.778,243.651,160.753,219.847,541.39,382.19,223.311,5273.21,0.496179,0,0.904091
649.75,0.866367,295.336,293.268,292.786,243.663,157.644,228.191,543.183,382.19,223.311,7026.68,0.498125,0,0.487769
650.25,0.868572,295.355,293.276,292.795,243.66,158.299,227.811,544.963,381.554,223.557,7026.68,0.500059,0,0
650.75,0.87076,295.379,293.286,292.804,243.657,159.483,227.604,546.728,381.554,223.557,7026.68,0.501981,0,0
651.25,0.872931,295.402,293.295,292.813,243.655,160.711,227.417,548.48,381.554,223.557,7026.68,0.503888,0,0
651.75,0.875085,295.426,293.304,292.823,243.652,161.937,227.236,550.218,381.554,223.557,7026.68,0.505783,0,0
652.25,0.877222,295.455,293.314,292.833,243.65,163.479,227.168,551.942,382.343,223.492,9270.94,0.507667,0,0
652.75,0.879341,295.479,293.324,292.843,243.648,164.726,227.007,553.653,382.343,223.492,9270.94,0.509538,0,0
653.25,0.881443,295.503,293.334,292.853,243.646,165.929,226.839,555.349,382.343,223.492,9270.94,0.511396,0,0
653.75,0.883528,295.527,293.345,292.863,243.644,167.114,226.671,557.031,382.343,223.492,9270.94,0.513242,0,0
654.25,0.885595,295.556,293.355,292.874,243.642,168.619,226.618,558.699,383.153,223.441,9270.94,0.515076,0,0
654.75,0.887646,295.58,293.366,292.884,243.641,169.818,226.467,560.354,383.153,223.441,9270.94,0.516899,0,0.0105858
655.25,0.889678,295.604,293.361,292.879,243.667,170.971,226.308,561.994,383.153,223.441,5273.21,0.49522,0,0.910108
655.75,0.891693,295.568,293.371,292.89,243.686,168.748,233.337,563.62,383.153,223.441,7026.68,0.497147,0,0.679564
656.25,0.893691,295.585,293.382,292.9,243.72,169.003,232.866,565.232,382.373,223.706,7026.68,0.499059,0,1.20909
656.75,0.895671,295.608,293.393,292.911,243.715,169.978,232.623,566.829,382.373,223.706,7026.68,0.500961,0,0
657.25,0.897634,295.632,293.404,292.922,243.711,171.029,232.408,568.413,382.373,223.706,7026.68,0.502851,0,0
657.75,0.899578,295.655,293.415,292.933,243.707,172.096,232.204,569.982,382.373,223.706,7026.68,0.50473,0,0
658.25,0.901506,295.681,293.426,292.944,243.703,173.293,232.047,571.537,382.684,223.94,7026.68,0.506606,0,0
658.75,0.903415,295.704,293.437,292.955,243.699,174.378,231.853,573.078,382.684,223.94,9270.94,0.50847,0,0
659.25,0.905307,295.728,293.448,292.966,243.695,175.443,231.658,574.605,382.684,223.94,9270.94,0.510324,0,0
659.75,0.907181,295.751,293.46,292.978,243.692,176.498,231.465,576.117,382.684,223.94,9270.94,0.512166,0,0
660.25,0.909037,295.78,293.471,292.989,243.689,177.894,231.39,577.614,383.534,223.862,9270.94,0.513999,0,0
660.75,0.910875,295.804,293.47,292.988,243.713,178.972,231.213,579.098,383.534,223.862,5273.21,0.494212,0,0.868515
661.25,0.912695,295.773,293.481,292.999,243.709,176.859,237.689,580.566,383.534,223.862,9270.94,0.496143,0,0
661.75,0.914498,295.794,293.492,293.01,243.705,177.406,237.307,582.021,383.534,223.862,9270.94,0.498069,0,0
662.25,0.916282,295.814,293.503,293.022,243.702,178.11,236.986,583.461,383.02,223.893,9270.94,0.499975,0,0
662.75,0.918049,295.837,293.515,293.033,243.699,179.048,236.742,584.886,383.02,223.893,9270.94,0.50187,0,0.00853656
663.25,0.919797,295.86,293.527,293.045,243.696,180.015,236.512,586.297,383.02,223.893,9270.94,0.503755,0,0.0271399
663.75,0.921527,295.883,293.539,293.057,243.694,180.998,236.292,587.725,383.02,223.893,9270.94,0.50563,0,0.0116929
664.25,0.923239,295.911,293.55,293.069,243.692,182.331,236.19,589.142,383.865,223.829,9270.94,0.507496,0,0.0229456
664.75,0.924934,295.934,293.563,293.081,243.689,183.351,235.989,590.544,383.865,223.829,9270.94,0.509351,0,0.013345
665.25,0.926609,295.958,293.575,293.093,243.687,184.33,235.78,591.931,383.865,223.829,9270.94,0.511196,0,0.0201216
665.75,0.928267,295.981,293.585,293.103,243.706,185.297,235.572,593.303,383.865,223.829,9270.94,0.485994,0,0.685004
666.25,0.929907,295.947,293.597,293.115,243.727,181.787,243.806,594.66,383.577,223.852,7026.68,0.487952,0,0.789197
666.75,0.931528,295.967,293.608,293.126,243.723,182.234,243.386,596.002,383.577,223.852,7026.68,0.489917,0,0
667.25,0.933131,295.989,293.62,293.138,243.719,183.09,243.097,597.328,383.577,223.852,7026.68,0.491872,0,0
667.75,0.934715,296.012,293.632,293.15,243.716,183.991,242.826,598.64,383.577,223.852,7026.68,0.493817,0,0
668.25,0.936281,296.036,293.644,293.162,243.712,185.088,242.613,599.936,383.993,223.957,9270.94,0.495759,0,0
668.75,0.937829,296.059,293.655,293.173,243.709,186.026,242.357,601.217,383.993,223.957,9270.94,0.49769,0,0
669.25,0.939359,296.081,293.667,293.185,243.706,186.943,242.099,602.483,383.993,223.957,9270.94,0.49961,0,0
669.75,0.940869,296.104,293.66,293.178,243.722,187.852,241.842,603.733,383.993,223.957,9270.94,0.48281,0,0.595363
670.25,0.942362,296.073,293.672,293.19,243.718,186.148,247.374,604.969,383.948,223.959,9270.94,0.484799,0,0
670.75,0.943836,296.093,293.684,293.202,243.715,186.562,246.939,606.188,383.948,223.959,9270.94,0.486784,0,0
671.25,0.945291,296.115,293.696,293.214,243.712,187.355,246.626,607.393,383.948,223.959,9270.94,0.488758,0,0
671.75,0.946728,296.136,293.708,293.226,243.709,188.191,246.331,608.582,383.948,223.959,9270.94,0.490723,0,0
672.25,0.948146,296.163,293.72,293.237,243.706,189.412,246.155,609.756,384.823,223.848,9270.94,0.492682,0,0
672.75,0.949546,296.185,293.732,293.249,243.703,190.305,245.882,610.914,384.823,223.848,9270.94,0.494631,0,0
673.25,0.950926,296.207,293.744,293.262,243.701,191.16,245.601,612.057,384.823,223.848,9270.94,0.49657,0,0.00678317
673.75,0.952289,296.229,293.745,293.263,243.723,192.005,245.321,613.185,384.823,223.848,9270.94,0.488651,0,0.772588
674.25,0.953632,296.223,293.757,293.275,243.743,191.552,248.126,614.297,384.992,223.959,7026.68,0.490619,0,0.762658
674.75,0.954957,296.244,293.77,293.287,243.776,192.136,247.753,615.393,384.992,223.959,7026.68,0.49258,0,1.20005
675.25,0.956263,296.265,293.782,293.3,243.771,192.91,247.443,616.474,384.992,223.959,7026.68,0.494532,0,0
675.75,0.95755,296.287,293.794,293.312,243.766,193.701,247.141,617.539,384.992,223.959,9270.94,0.496475,0,0
676.25,0.958818,296.307,293.806,293.323,243.761,194.475,246.83,618.589,384.925,224.386,9270.94,0.498421,0,0
676.75,0.960068,296.328,293.818,293.335,243.756,195.27,246.526,619.623,384.925,224.386,9270.94,0.500357,0,0
677.25,0.961299,296.349,293.821,293.338,243.771,196.06,246.224,620.642,384.925,224.386,9270.94,0.482853,0,0.602905
677.75,0.96251,296.323,293.832,293.349,243.766,193.889,252.042,621.645,384.925,224.386,9270.94,0.484879,0,0
678.25,0.963703,296.342,293.843,293.361,243.761,194.235,251.565,622.632,384.877,224.342,9270.94,0.486893,0,0
678.75,0.964877,296.362,293.855,293.372,243.757,194.93,251.202,623.604,384.877,224.342,9270.94,0.488897,0,0
679.25,0.966032,296.382,293.866,293.384,243.752,195.663,250.854,624.56,384.877,224.342,9270.94,0.490892,0,0
679.75,0.967168,296.402,293.878,293.396,243.748,196.404,250.512,625.5,384.877,224.342,9270.94,0.492877,0,0
680.25,0.968285,296.427,293.89,293.407,243.745,197.516,250.295,626.424,385.77,224.232,9270.94,0.494856,0,0
680.75,0.969383,296.447,293.901,293.419,243.741,198.298,249.971,627.333,385.77,224.232,9270.94,0.496824,0,0
681.25,0.970462,296.467,293.894,293.412,243.761,199.039,249.637,628.226,385.77,224.232,9270.94,0.489128,0,0.764648
681.75,0.971522,296.453,293.906,293.424,243.759,198.638,252.273,629.103,385.77,224.232,9270.94,0.491124,0,0.065623
682.25,0.972563,296.471,293.918,293.435,243.755,198.992,251.81,629.965,385.645,224.293,9270.94,0.493112,0,0
682.75,0.973584,296.491,293.929,293.447,243.752,199.636,251.439,630.81,385.645,224.293,9270.94,0.495092,0,0.0324919
683.25,0.974587,296.51,293.941,293.458,243.749,200.309,251.081,631.64,385.645,224.293,9270.94,0.497062,0,0.0149337
683.75,0.97557,296.53,293.953,293.47,243.746,200.987,250.726,632.454,385.645,224.293,9270.94,0.499024,0,0.0279327
684.25,0.976535,296.554,293.964,293.482,243.743,202.026,250.493,633.252,386.517,224.214,9270.94,0.50098,0,0.0165572
684.75,0.97748,296.573,293.954,293.471,243.756,202.741,250.154,634.034,386.517,224.214,9270.94,0.478398,0,0.519965
685.25,0.978405,296.525,293.965,293.482,243.78,199.928,257.52,634.8,386.517,224.214,7026.68,0.480467,0,0.887253
685.75,0.979312,296.541,293.976,293.493,243.775,199.999,256.927,635.551,386.517,224.214,7026.68,0.482534,0,0
686.25,0.980199,296.555,293.987,293.504,243.77,200.248,256.395,636.285,385.806,224.369,7026.68,0.484582,0,0
686.75,0.981068,296.574,293.998,293.515,243.766,200.814,255.972,637.004,385.806,224.369,9270.94,0.486621,0,0
687.25,0.981916,296.592,294.005,293.522,243.772,201.424,255.564,637.706,385.806,224.369,9270.94,0.472366,0,0.343459
687.75,0.982746,296.573,294.015,293.533,243.768,199.472,260.357,638.393,385.806,224.369,9270.94,0.474477,0,0
688.25,0.983556,296.591,294.026,293.543,243.764,199.873,259.85,639.063,386.048,224.253,9270.94,0.476579,0,0
688.75,0.984347,296.608,294.037,293.554,243.76,200.448,259.403,639.718,386.048,224.253,9270.94,0.478672,0,0
689.25,0.985119,296.626,294.047,293.565,243.756,201.044,258.965,640.357,386.048,224.253,9270.94,0.480755,0,0
689.75,0.985871,296.644,294.037,293.554,243.767,201.646,258.532,640.979,386.048,224.253,9270.94,0.477316,0,0.470654
690.25,0.986604,296.636,294.048,293.565,243.763,202.005,259.8,641.586,386.437,224.254,9270.94,0.479399,0,0
690.75,0.987317,296.653,294.059,293.576,243.759,202.362,259.292,642.176,386.437,224.254,9270.94,0.481476,0,0
691.25,0.988011,296.67,294.07,293.587,243.756,202.902,258.845,642.75,386.437,224.254,9270.94,0.483543,0,0
691.75,0.988686,296.688,294.081,293.598,243.752,203.461,258.405,643.309,386.437,224.254,12021.5,0.485602,0,0
692.25,0.989341,296.709,294.092,293.609,243.75,204.398,258.088,643.851,387.325,224.131,12021.5,0.487655,0,0.0279787
692.75,0.989977,296.727,294.087,293.605,243.766,205.002,257.666,644.377,387.325,224.131,12021.5,0.482291,0,0.61592
693.25,0.990593,296.717,294.098,293.615,243.788,204.714,259.526,644.887,387.325,224.131,7026.68,0.484361,0,0.855374
693.75,0.99119,296.733,294.109,293.626,243.822,205.023,259.002,645.381,387.325,224.131,9270.94,0.486424,0,1.25595
694.25,0.991767,296.746,294.119,293.636,243.816,205.214,258.438,645.859,386.581,224.769,9270.94,0.488488,0,0
694.75,0.992325,296.762,294.13,293.647,243.811,205.702,257.967,646.321,386.581,224.769,9270.94,0.490543,0,0
695.25,0.992863,296.778,294.128,293.645,243.818,206.219,257.508,646.767,386.581,224.769,9270.94,0.475217,0,0.419698
695.75,0.993382,296.749,294.138,293.655,243.812,204.151,262.585,647.196,386.581,224.769,9270.94,0.477348,0,0
696.25,0.993882,296.764,294.148,293.665,243.807,204.305,261.976,647.609,386.667,224.643,9270.94,0.479468,0,0
696.75,0.994361,296.779,294.158,293.675,243.802,204.747,261.464,648.006,386.667,224.643,9270.94,0.481579,0,0
697.25,0.994822,296.795,294.167,293.685,243.797,205.223,260.965,648.387,386.667,224.643,9270.94,0.483681,0,0
697.75,0.995262,296.81,294.171,293.688,243.808,205.707,260.471,648.752,386.667,224.643,9270.94,0.479147,0,0.5221
698.25,0.995684,296.809,294.181,293.698,243.806,205.403,262.142,649.101,387.061,224.63,9270.94,0.481265,0,0.111331
698.75,0.996085,296.824,294.191,293.708,243.801,205.741,261.591,649.433,387.061,224.63,9270.94,0.483376,0,0
699.25,0.996467,296.839,294.2,293.717,243.796,206.193,261.08,649.749,387.061,224.63,9270.94,0.485478,0,0.00916607
699.75,0.99683,296.854,294.21,293.727,243.793,206.655,260.574,650.049,387.061,224.63,9270.94,0.487571,0,0.0398893
700.25,0.997173,296.872,294.214,293.731,243.796,207.367,260.147,650.333,387.649,224.512,9270.94,0.467694,0,0.242139
700.75,0.997496,296.837,294.222,293.739,243.792,204.327,266.739,650.601,387.649,224.512,9270.94,0.469894,0,0.0336735
701.25,0.9978,296.849,294.231,293.748,243.788,204.368,266.043,650.852,387.649,224.512,9270.94,0.472093,0,0.0168695
701.75,0.998084,296.862,294.231,293.748,243.794,204.757,265.461,651.087,387.649,224.512,9270.94,0.470631,0,0.333693
702.25,0.998348,296.861,294.24,293.757,243.82,204.667,265.995,651.306,387.405,224.411,7026.68,0.472814,0,0.990004
702.75,0.998593,296.874,294.249,293.766,243.814,204.954,265.391,651.509,387.405,224.411,7026.68,0.47499,0,0
703.25,0.998818,296.887,294.256,293.773,243.812,205.354,264.824,651.695,387.405,224.411,9270.94,0.463251,0,0.113861
703.75,0.999024,296.871,294.264,293.781,243.807,203.473,268.776,651.865,387.405,224.411,9270.94,0.465478,0,0
704.25,0.99921,296.882,294.256,293.773,243.808,203.586,268.08,652.019,387.27,224.497,9270.94,0.465929,0,0.183456
704.75,0.999376,296.878,294.264,293.781,243.803,204.063,267.941,652.157,387.27,224.497,9270.94,0.468149,0,0
705.25,0.999523,296.891,294.273,293.79,243.798,204.299,267.299,652.278,387.27,224.497,9270.94,0.470359,0,0
705.75,0.99965,296.903,294.259,293.776,243.802,204.662,266.7,652.384,387.27,224.497,9270.94,0.469718,0,0.281451
706.25,0.999758,296.894,294.268,293.785,243.797,205.223,266.934,652.473,387.568,224.459,12021.5,0.471913,0,0
706.75,0.999845,296.907,294.276,293.793,243.792,205.398,266.284,652.545,387.568,224.459,12021.5,0.474101,0,0
707.25,0.999913,296.919,294.285,293.801,243.788,205.727,265.686,652.602,387.568,224.459,12021.5,0.47628,0,0
707.75,0.999962,296.931,294.272,293.789,243.796,206.073,265.095,652.642,387.568,224.459,12021.5,0.474108,0,0.395317
708.25,0.999991,296.921,294.281,293.798,243.819,206.391,265.844,652.666,387.998,224.41,7026.68,0.476283,0,0.899918
