hour,mu0,ground_k,air_k,air_300m_k,column_mean_k,sensible_w_m2,latent_w_m2,sw_ground_w_m2,lw_down_w_m2,olr_w_m2,mixed_layer_m,rh_ground,dew_kg_m2,condensed_kg_m2
0.25,0.999998,296.833,294.239,293.756,238.982,202.224,263.933,645.428,387.089,219.764,7026.68,0.47617,0,0.870254
0.75,0.999978,296.845,294.247,293.764,239.015,202.489,263.309,645.412,387.089,219.764,9270.94,0.478344,0,1.24259
1.25,0.999939,296.857,294.255,293.772,239.009,202.849,262.719,645.38,387.089,219.764,9270.94,0.480509,0,0
1.75,0.99988,296.869,294.263,293.78,239.002,203.197,262.127,645.332,387.089,219.764,9270.94,0.482665,0,0
2.25,0.999801,296.879,294.253,293.77,239.004,203.463,261.498,645.269,386.887,220.232,9270.94,0.469526,0,0.276313
2.75,0.999703,296.845,294.26,293.777,238.998,201.673,265.748,645.189,386.887,220.232,9270.94,0.471755,0,0
3.25,0.999585,296.854,294.267,293.784,238.992,201.597,264.98,645.094,386.887,220.232,9270.94,0.473978,0,0
3.75,0.999447,296.864,294.274,293.791,238.986,201.842,264.318,644.983,386.887,220.232,9270.94,0.476192,0,0
4.25,0.99929,296.875,294.261,293.778,238.992,202.183,263.692,644.855,387.038,220.038,9270.94,0.474084,0,0.394393
4.75,0.999113,296.861,294.268,293.785,238.986,202.255,264.324,644.712,387.038,220.038,9270.94,0.476287,0,0
5.25,0.998917,296.87,294.275,293.792,238.981,202.308,263.611,644.553,387.038,220.038,9270.94,0.478482,0,0
5.75,0.998701,296.88,294.282,293.799,238.975,202.538,262.958,644.379,387.038,220.038,9270.94,0.480669,0,0
6.25,0.998465,296.893,294.289,293.806,238.97,202.96,262.369,644.188,387.453,219.961,9270.94,0.482848,0,0
6.75,0.99821,296.903,294.281,293.798,238.981,203.233,261.733,643.981,387.453,219.961,9270.94,0.47893,0,0.52041
7.25,0.997935,296.888,294.288,293.805,238.983,202.851,262.975,643.759,387.453,219.961,9270.94,0.481117,0,0.22825
7.75,0.997641,296.897,294.295,293.812,238.977,202.874,262.254,643.521,387.453,219.961,9270.94,0.483297,0,0
8.25,0.997327,296.906,294.302,293.819,238.972,203.067,261.586,643.266,387.437,219.97,9270.94,0.485471,0,0
8.75,0.996993,296.915,294.301,293.818,238.973,203.281,260.928,642.996,387.437,219.97,9270.94,0.466398,0,0.19612
9.25,0.99664,296.874,294.307,293.824,238.969,200.136,267.137,642.711,387.437,219.97,9270.94,0.468667,0,0.0180575
9.75,0.996267,296.881,294.313,293.829,238.965,199.923,266.29,642.409,387.437,219.97,9270.94,0.470933,0,0.0318476
10.25,0.995874,296.889,294.301,293.818,238.97,200.088,265.568,642.091,387.491,219.74,9270.94,0.47012,0,0.31269
10.75,0.995462,296.877,294.307,293.824,238.996,200.198,265.74,641.758,387.491,219.74,7026.68,0.472366,0,1.00554
11.25,0.995031,296.885,294.313,293.83,238.99,200.197,264.977,641.409,387.491,219.74,7026.68,0.474604,0,0
11.75,0.994579,296.893,294.315,293.832,238.987,200.347,264.265,641.044,387.491,219.74,9270.94,0.463122,0,0.111362
12.25,0.994109,296.866,294.321,293.838,238.982,198.085,267.929,640.663,386.954,219.919,9270.94,0.46541,0,0
12.75,0.993619,296.873,294.309,293.826,238.982,197.961,267.099,640.266,386.954,219.919,9270.94,0.465973,0,0.185367
13.25,0.993109,296.863,294.315,293.832,238.976,198.22,266.799,639.854,386.954,219.919,12021.5,0.468248,0,0
13.75,0.99258,296.87,294.321,293.838,238.971,198.208,266.013,639.425,386.954,219.919,12021.5,0.470514,0,0
14.25,0.992031,296.88,294.305,293.822,238.975,198.578,265.347,638.981,387.534,219.77,12021.5,0.469912,0,0.299478
14.75,0.991463,296.865,294.311,293.828,238.97,198.788,265.417,638.522,387.534,219.77,12021.5,0.472169,0,0.00892096
15.25,0.990875,296.871,294.317,293.833,238.966,198.723,264.621,638.046,387.534,219.77,12021.5,0.474418,0,0.0106108
15.75,0.990268,296.878,294.322,293.839,238.961,198.819,263.879,637.555,387.534,219.77,12021.5,0.476659,0,0.00906222
16.25,0.989641,296.888,294.309,293.826,238.969,199.125,263.207,637.048,387.996,219.685,12021.5,0.474446,0,0.414784
16.75,0.988995,296.871,294.315,293.832,238.992,198.973,263.813,636.525,387.996,219.685,7026.68,0.476685,0,0.913382
17.25,0.988329,296.877,294.32,293.837,239.025,198.874,263.009,635.987,387.996,219.685,9270.94,0.478918,0,1.26408
17.75,0.987644,296.883,294.326,293.843,239.018,198.941,262.261,635.432,387.996,219.685,9270.94,0.481142,0,0
18.25,0.98694,296.886,294.33,293.846,239.019,198.739,261.419,634.862,387.289,220.278,9270.94,0.468026,0,0.238537
18.75,0.986216,296.858,294.334,293.851,239.012,196.256,265.657,634.277,387.289,220.278,9270.94,0.470317,0,0
19.25,0.985473,296.863,294.338,293.855,239.005,196.068,264.779,633.675,387.289,220.278,9270.94,0.472613,0,0
19.75,0.984711,296.867,294.336,293.853,239.008,196.115,263.978,633.059,387.289,220.278,9270.94,0.471114,0,0.319321
20.25,0.983929,296.859,294.34,293.857,239.001,195.648,264.372,632.426,387.182,220.139,9270.94,0.473402,0,0
20.75,0.983128,296.864,294.344,293.861,238.995,195.606,263.546,631.778,387.182,220.139,9270.94,0.475683,0,0
21.25,0.982307,296.869,294.348,293.865,238.989,195.658,262.753,631.114,387.182,220.139,9270.94,0.477954,0,0
21.75,0.981467,296.873,294.342,293.859,238.996,195.719,261.965,630.434,387.182,220.139,9270.94,0.475243,0,0.426771
22.25,0.980608,296.862,294.346,293.863,238.997,195.341,262.789,629.739,387.55,220.055,9270.94,0.47752,0,0.210241
22.75,0.97973,296.866,294.35,293.867,238.99,195.255,261.948,629.028,387.55,220.055,9270.94,0.479788,0,0
23.25,0.978832,296.87,294.353,293.87,238.985,195.281,261.145,628.302,387.55,220.055,9270.94,0.482049,0,0
23.75,0.977916,296.874,294.354,293.871,238.983,195.316,260.348,627.56,387.55,220.055,9270.94,0.463783,0,0.128806
24.25,0.97698,296.831,294.357,293.874,238.978,191.888,266.199,626.803,387.341,219.825,9270.94,0.46612,0,0.0417288
24.75,0.976024,296.833,294.348,293.865,238.979,191.521,265.227,626.03,387.341,219.825,9270.94,0.466432,0,0.213388
25.25,0.97505,296.822,294.351,293.868,238.975,191.432,264.95,625.242,387.341,219.825,9270.94,0.468765,0,0.0354576
25.75,0.974056,296.825,294.354,293.871,238.97,191.306,264.061,624.438,387.341,219.825,9270.94,0.47109,0,0.0183108
26.25,0.973044,296.83,294.34,293.857,238.975,191.506,263.27,623.618,387.833,219.705,9270.94,0.470326,0,0.329837
26.75,0.972012,296.813,294.343,293.859,239.001,191.426,263.328,622.783,387.833,219.705,7026.68,0.472645,0,1.00089
27.25,0.970961,296.815,294.345,293.862,238.994,191.248,262.427,621.933,387.833,219.705,7026.68,0.474955,0,0
27.75,0.969891,296.817,294.342,293.858,238.991,191.209,261.572,621.067,387.833,219.705,9270.94,0.463421,0,0.119432
28.25,0.968802,296.782,294.344,293.861,238.985,188.749,265.108,620.186,387.198,219.872,9270.94,0.465778,0,0
28.75,0.967694,296.783,294.332,293.849,238.985,188.403,264.126,619.29,387.198,219.872,9270.94,0.466255,0,0.193045
29.25,0.966567,296.77,294.334,293.851,238.979,188.349,263.755,618.378,387.198,219.872,9270.94,0.468601,0,0
29.75,0.965421,296.771,294.336,293.853,238.974,188.16,262.831,617.45,387.198,219.872,12021.5,0.470939,0,0
30.25,0.964255,296.774,294.321,293.838,238.978,188.312,262.012,616.508,387.712,219.706,12021.5,0.470249,0,0.309399
30.75,0.963071,296.756,294.323,293.84,238.972,188.2,262.016,615.55,387.712,219.706,12021.5,0.47258,0,0.00985347
31.25,0.961869,296.757,294.325,293.842,238.967,187.965,261.081,614.576,387.712,219.706,12021.5,0.474902,0,0.0114433
31.75,0.960647,296.758,294.327,293.844,238.962,187.872,260.195,613.588,387.712,219.706,12021.5,0.477216,0,0.00992815
32.25,0.959406,296.761,294.315,293.832,238.97,187.959,259.368,612.584,388.105,219.608,12021.5,0.474876,0,0.426925
32.75,0.958146,296.741,294.317,293.834,238.993,187.45,259.927,611.564,388.105,219.608,7026.68,0.477191,0,0.915993
33.25,0.956868,296.742,294.319,293.836,239.026,187.192,258.987,610.53,388.105,219.608,9270.94,0.479499,0,1.26506
33.75,0.955571,296.742,294.32,293.837,239.018,187.074,258.094,609.48,388.105,219.608,9270.94,0.481798,0,0
34.25,0.954255,296.738,294.321,293.838,239.01,186.657,257.096,608.416,387.33,220.187,9270.94,0.484101,0,0
34.75,0.95292,296.738,294.302,293.819,239.013,186.525,256.192,607.336,387.33,220.187,9270.94,0.47102,0,0.316026
35.25,0.951567,296.689,294.302,293.819,239.006,184.353,260.172,606.241,387.33,220.187,9270.94,0.473373,0,0
35.75,0.950195,296.687,294.303,293.82,238.999,183.816,259.11,605.13,387.33,220.187,9270.94,0.475722,0,0
36.25,0.948804,296.685,294.304,293.82,238.992,183.617,258.158,604.005,387.306,219.965,9270.94,0.478057,0,0
36.75,0.947394,296.684,294.298,293.815,238.998,183.462,257.229,602.865,387.306,219.965,9270.94,0.475357,0,0.428397
37.25,0.945966,296.668,294.298,293.815,238.992,182.628,257.902,601.709,387.306,219.965,9270.94,0.477696,0,0
37.75,0.94452,296.666,294.299,293.816,238.985,182.353,256.929,600.539,387.306,219.965,9270.94,0.480028,0,0
38.25,0.943054,296.666,294.299,293.816,238.979,182.319,256.032,599.353,387.609,219.863,9270.94,0.482354,0,0
38.75,0.941571,296.664,294.299,293.816,238.973,182.181,255.106,598.152,387.609,219.863,9270.94,0.48467,0,0
39.25,0.940068,296.662,294.298,293.815,238.984,182.031,254.178,596.937,387.609,219.863,9270.94,0.480233,0,0.554566
39.75,0.938548,296.646,294.298,293.815,238.985,180.77,255.439,595.707,387.609,219.863,9270.94,0.482559,0,0.234727
40.25,0.937009,296.642,294.297,293.814,238.978,180.437,254.433,594.461,387.478,219.851,9270.94,0.484888,0,0
40.75,0.935451,296.639,294.297,293.814,238.972,180.248,253.48,593.201,387.478,219.851,9270.94,0.487207,0,0
41.25,0.933875,296.637,294.296,293.813,238.966,180.072,252.533,591.926,387.478,219.851,9270.94,0.489517,0,0
41.75,0.932281,296.634,294.276,293.793,238.97,179.895,251.589,590.636,387.478,219.851,9270.94,0.470302,0,0.317831
42.25,0.930668,296.569,294.275,293.792,238.965,176.5,257.487,589.331,387.266,219.633,9270.94,0.472682,0,0.0317049
42.75,0.929037,296.564,294.274,293.791,238.96,175.761,256.327,588.011,387.266,219.633,9270.94,0.475058,0,0.021979
43.25,0.927388,296.56,294.272,293.789,238.956,175.465,255.313,586.677,387.266,219.633,9270.94,0.477426,0,0.0286765
43.75,0.925721,296.556,294.262,293.779,238.964,175.222,254.319,585.328,387.266,219.633,9270.94,0.475033,0,0.441187
44.25,0.924035,296.536,294.261,293.778,238.987,174.525,254.841,583.964,387.487,219.555,7026.68,0.477405,0,0.946942
44.75,0.922331,296.531,294.259,293.776,239.018,174.162,253.802,582.585,387.487,219.555,7026.68,0.479771,0,1.21788
45.25,0.92061,296.527,294.258,293.775,239.01,173.913,252.802,581.192,387.487,219.555,9270.94,0.482127,0,0
45.75,0.91887,296.522,294.251,293.768,239.011,173.685,251.812,579.805,387.487,219.555,9270.94,0.469153,0,0.266565
46.25,0.917112,296.476,294.249,293.766,239.003,170.596,255.612,578.416,386.445,219.998,9270.94,0.471567,0,0
46.75,0.915336,296.47,294.246,293.763,238.995,170.018,254.47,577.012,386.445,219.998,9270.94,0.473978,0,0
47.25,0.913542,296.464,294.243,293.76,238.988,169.736,253.428,575.594,386.445,219.998,9270.94,0.476379,0,0
47.75,0.91173,296.458,294.226,293.743,238.993,169.488,252.4,574.161,386.445,219.998,9270.94,0.474468,0,0.403316
48.25,0.9099,296.433,294.223,293.74,238.986,168.989,252.71,572.715,386.668,219.858,9270.94,0.476866,0,0
48.75,0.908052,296.427,294.22,293.737,238.979,168.575,251.628,571.254,386.668,219.858,9270.94,0.479257,0,0
49.25,0.906187,296.421,294.217,293.734,238.972,168.298,250.594,569.78,386.668,219.858,9270.94,0.481638,0,0
49.75,0.904303,296.415,294.214,293.731,238.966,168.036,249.568,568.291,386.668,219.858,9270.94,0.48401,0,0
50.25,0.902402,296.412,294.21,293.727,238.976,168.047,248.626,566.788,387.293,219.637,9270.94,0.47988,0,0.542064
50.75,0.900483,296.391,294.207,293.724,238.976,166.75,249.71,565.271,387.293,219.637,9270.94,0.482261,0,0.194246
51.25,0.898547,296.384,294.203,293.72,238.969,166.373,248.635,563.74,387.293,219.637,9270.94,0.484643,0,0
51.75,0.896592,296.377,294.2,293.717,238.962,166.089,247.594,562.195,387.293,219.637,9270.94,0.487016,0,0
52.25,0.89462,296.369,294.196,293.713,238.956,165.747,246.53,560.637,387.122,219.598,9270.94,0.489382,0,0.00117917
52.75,0.892631,296.362,294.192,293.709,238.952,165.46,245.492,559.064,387.122,219.598,9270.94,0.491739,0,0.0482446
53.25,0.890624,296.355,294.172,293.689,238.957,165.174,244.458,557.478,387.122,219.598,9270.94,0.472312,0,0.355502
53.75,0.8886,296.288,294.167,293.684,238.952,161.671,250.346,555.877,387.122,219.598,9270.94,0.474748,0,0.0394433
54.25,0.886558,296.276,294.163,293.68,238.946,160.715,249.048,554.263,386.78,219.386,9270.94,0.477171,0,0.01441
54.75,0.884498,296.267,294.158,293.675,238.941,160.298,247.939,552.635,386.78,219.386,9270.94,0.479584,0,0.0333746
55.25,0.882422,296.259,294.153,293.671,238.936,159.945,246.854,550.994,386.78,219.386,9270.94,0.481989,0,0.0171807
55.75,0.880328,296.25,294.138,293.655,238.947,159.609,245.777,549.338,386.78,219.386,9270.94,0.478707,0,0.538707
56.25,0.878216,296.222,294.133,293.651,238.969,158.623,246.477,547.669,386.841,219.351,7026.68,0.481115,0,0.906333
56.75,0.876088,296.212,294.129,293.646,238.963,158.11,245.34,545.987,386.841,219.351,7026.68,0.483515,0,0.0138906
57.25,0.873942,296.203,294.124,293.641,238.956,157.74,244.252,544.29,386.841,219.351,7026.68,0.485906,0,0.0118101
57.75,0.871779,296.194,294.119,293.636,238.95,157.384,243.172,542.581,386.841,219.351,9270.94,0.488288,0,0.0127138
58.25,0.869599,296.185,294.111,293.628,238.956,157.058,242.093,540.857,386.871,219.421,9270.94,0.474069,0,0.401314
58.75,0.867401,296.137,294.105,293.622,238.95,154.026,246.324,539.12,386.871,219.421,9270.94,0.476515,0,0.0118973
59.25,0.865187,296.126,294.099,293.616,238.944,153.354,245.102,537.37,386.871,219.421,9270.94,0.478959,0,0.0112811
59.75,0.862956,296.115,294.093,293.61,238.938,152.946,243.969,535.606,386.871,219.421,9270.94,0.481394,0,0.0112366
60.25,0.860708,296.104,294.087,293.604,238.933,152.504,242.826,533.829,386.715,219.239,9270.94,0.483814,0,0.0107927
60.75,0.858443,296.093,294.081,293.598,238.928,152.119,241.713,532.038,386.715,219.239,9270.94,0.486225,0,0.0189195
61.25,0.856161,296.083,294.061,293.579,238.94,151.741,240.606,530.235,386.715,219.239,9270.94,0.482024,0,0.602013
61.75,0.853862,296.048,294.055,293.572,238.96,150.589,241.541,528.417,386.715,219.239,7026.68,0.484439,0,0.824398
62.25,0.851546,296.033,294.049,293.566,238.993,149.775,240.282,526.587,386.199,219.439,7026.68,0.486852,0,1.29552
62.75,0.849214,296.021,294.042,293.559,238.984,149.317,239.145,524.743,386.199,219.439,7026.68,0.489255,0,0
63.25,0.846865,296.01,294.036,293.553,238.976,148.896,238.025,522.886,386.199,219.439,9270.94,0.491648,0,0
63.75,0.844499,295.998,294.029,293.546,238.968,148.481,236.91,521.016,386.199,219.439,9270.94,0.494032,0,0
64.25,0.842117,295.986,294.022,293.539,238.961,148.063,235.788,519.133,386.167,219.59,9270.94,0.496419,0,0
64.75,0.839718,295.974,294.015,293.532,238.954,147.649,234.672,517.237,386.167,219.59,9270.94,0.498796,0,0
65.25,0.837303,295.962,293.99,293.508,238.966,147.23,233.558,515.328,386.167,219.59,9270.94,0.483322,0,0.621812
65.75,0.834871,295.898,293.983,293.5,238.958,144.3,238.035,513.405,386.167,219.59,9270.94,0.485754,0,0
66.25,0.832423,295.881,293.975,293.493,238.951,143.224,236.674,511.47,385.718,219.44,9270.94,0.488176,0,0
66.75,0.829959,295.867,293.968,293.485,238.944,142.674,235.496,509.522,385.718,219.44,9270.94,0.490588,0,0
67.25,0.827478,295.854,293.96,293.477,238.937,142.186,234.341,507.561,385.718,219.44,9270.94,0.492991,0,0
67.75,0.824981,295.841,293.952,293.47,238.93,141.712,233.196,505.587,385.718,219.44,9270.94,0.495385,0,0
68.25,0.822467,295.83,293.944,293.462,238.924,141.458,232.118,503.6,386.212,219.219,9270.94,0.497774,0,0
68.75,0.819938,295.816,293.937,293.454,238.918,141.015,230.986,501.601,386.212,219.219,9270.94,0.500154,0,0
69.25,0.817392,295.803,293.929,293.446,238.912,140.548,229.851,499.589,386.212,219.219,9270.94,0.502524,0,0.0207371
69.75,0.814831,295.789,293.917,293.434,238.934,140.073,228.717,497.564,386.212,219.219,5273.21,0.494226,0,0.894782
70.25,0.812253,295.747,293.908,293.426,238.932,137.808,230.897,495.526,385.886,219.247,9270.94,0.496622,0,0.142748
70.75,0.80966,295.732,293.9,293.417,238.925,137.078,229.663,493.476,385.886,219.247,9270.94,0.499013,0,0
71.25,0.80705,295.717,293.891,293.409,238.918,136.541,228.496,491.413,385.886,219.247,9270.94,0.501395,0,0
71.75,0.804425,295.703,293.883,293.4,238.913,136.023,227.339,489.338,385.886,219.247,9270.94,0.503768,0,0.031784
72.25,0.801784,295.688,293.874,293.391,238.908,135.582,226.196,487.25,386.021,219.053,9270.94,0.506139,0,0.0205343
72.75,0.799127,295.673,293.865,293.383,238.903,135.087,225.049,485.177,386.021,219.053,9270.94,0.508499,0,0.0284679
73.25,0.796454,295.659,293.856,293.374,238.898,134.607,223.912,483.147,386.021,219.053,9270.94,0.510851,0,0.0210968
73.75,0.793766,295.644,293.847,293.365,238.893,134.123,222.777,481.105,386.021,219.053,9270.94,0.513193,0,0.0259613
74.25,0.791062,295.63,293.826,293.343,238.912,133.721,221.668,479.051,386.214,218.903,9270.94,0.489727,0,0.797151
74.75,0.788343,295.549,293.816,293.333,238.929,129.343,228.606,476.986,386.214,218.903,7026.68,0.492164,0,0.761321
75.25,0.785608,295.531,293.805,293.323,238.922,128.279,227.231,474.908,386.214,218.903,7026.68,0.4946,0,0.00470873
75.75,0.782857,295.514,293.795,293.313,238.916,127.678,226.012,472.819,386.214,218.903,7026.68,0.497025,0,0.015694
76.25,0.780092,295.492,293.785,293.303,238.909,126.717,224.674,470.719,385.212,218.979,7026.68,0.499435,0,0.00782947
76.75,0.777311,295.475,293.775,293.293,238.903,126.13,223.473,468.606,385.212,218.979,7026.68,0.501835,0,0.0127081
77.25,0.774514,295.459,293.765,293.283,238.897,125.589,222.292,466.482,385.212,218.979,7026.68,0.504225,0,0.00899106
77.75,0.771703,295.442,293.755,293.273,238.891,125.054,221.117,464.347,385.212,218.979,9270.94,0.506606,0,0.011086
78.25,0.768876,295.427,293.745,293.263,238.886,124.69,219.994,462.2,385.6,218.782,9270.94,0.508982,0,0.0092797
78.75,0.766034,295.411,293.734,293.252,238.88,124.173,218.831,460.041,385.6,218.782,9270.94,0.511349,0,0.0101044
79.25,0.763178,295.394,293.711,293.229,238.901,123.636,217.665,457.871,385.6,218.782,9270.94,0.493313,0,0.869156
79.75,0.760306,295.323,293.7,293.218,238.916,120.096,222.819,455.69,385.6,218.782,7026.68,0.495745,0,0.698121
80.25,0.757419,295.297,293.689,293.207,238.951,118.623,221.306,453.497,384.512,218.923,7026.68,0.498168,0,1.33745
80.75,0.754517,295.278,293.678,293.196,238.942,117.923,220.058,451.293,384.512,218.923,7026.68,0.500583,0,0
81.25,0.751601,295.26,293.667,293.185,238.933,117.312,218.844,449.078,384.512,218.923,7026.68,0.502987,0,0
81.75,0.74867,295.241,293.656,293.174,238.925,116.72,217.64,446.852,384.512,218.923,7026.68,0.505382,0,0
82.25,0.745724,295.222,293.645,293.163,238.918,116.073,216.41,444.614,384.331,219.065,7026.68,0.50778,0,0
82.75,0.742763,295.203,293.633,293.151,238.91,115.486,215.208,442.365,384.331,219.065,7026.68,0.510168,0,0
83.25,0.739788,295.184,293.621,293.139,238.903,114.902,214.012,440.106,384.331,219.065,7026.68,0.512547,0,0
83.75,0.736798,295.165,293.61,293.128,238.896,114.315,212.819,437.835,384.331,219.065,9270.94,0.514915,0,0
84.25,0.733794,295.148,293.598,293.116,238.889,113.84,211.661,435.553,384.59,218.847,9270.94,0.517279,0,0
84.75,0.730775,295.129,293.586,293.104,238.883,113.257,210.476,433.26,384.59,218.847,9270.94,0.519632,0,0.0375803
85.25,0.727742,295.109,293.589,293.107,238.879,112.658,209.291,430.956,384.59,218.847,9270.94,0.521025,0,0.0611581
85.75,0.724695,295.099,293.582,293.1,238.904,111.551,208.459,428.642,384.59,218.847,5273.21,0.500621,0,1.03376
86.25,0.721633,295.03,293.569,293.087,238.897,106.961,214.265,426.316,383.863,218.863,9270.94,0.503049,0,0
86.75,0.718558,295.008,293.556,293.074,238.891,105.944,212.893,423.98,383.863,218.863,9270.94,0.505478,0,0.0291068
87.25,0.715468,294.987,293.542,293.06,238.884,105.265,211.637,421.633,383.863,218.863,9270.94,0.507896,0,0.0230303
87.75,0.712364,294.966,293.529,293.047,238.878,104.621,210.398,419.276,383.863,218.863,9270.94,0.510305,0,0.0268186
88.25,0.709246,294.945,293.516,293.034,238.872,104.053,209.171,416.907,383.969,218.615,9270.94,0.512711,0,0.0227125
88.75,0.706114,294.923,293.502,293.02,238.867,103.427,207.943,414.529,383.969,218.615,9270.94,0.515107,0,0.024968
89.25,0.702968,294.902,293.489,293.007,238.861,102.795,206.718,412.139,383.969,218.615,9270.94,0.517493,0,0.0228505
89.75,0.699809,294.881,293.476,292.994,238.857,102.157,205.497,409.739,383.969,218.615,9270.94,0.519851,0,0.0636319
90.25,0.696636,294.86,293.478,292.996,238.853,101.566,204.298,407.329,384.098,218.457,9270.94,0.521201,0,0.0842881
90.75,0.693449,294.848,293.488,293.006,238.851,100.395,203.455,404.908,384.098,218.457,9270.94,0.522023,0,0.097873
91.25,0.690248,294.842,293.498,293.016,238.846,99.016,202.842,402.477,384.098,218.457,9270.94,0.524096,0,0.0206567
91.75,0.687034,294.838,293.488,293.006,238.844,97.9237,201.838,400.036,384.098,218.457,9270.94,0.524831,0,0.14495
92.25,0.683806,294.817,293.497,293.015,238.839,97.2352,201.222,397.584,384.312,218.383,9270.94,0.526952,0,0.0197458
92.75,0.680565,294.813,293.484,293.002,238.865,96.0535,200.174,395.123,384.312,218.383,5273.21,0.499242,0,1.01293
93.25,0.677311,294.726,293.466,292.985,238.878,90.783,208.245,392.651,384.312,218.383,7026.68,0.501753,0,0.645056
93.75,0.674043,294.699,293.449,292.968,238.871,89.6647,206.766,390.169,384.312,218.383,7026.68,0.504265,0,0
94.25,0.670762,294.667,293.432,292.951,238.864,88.495,205.274,387.677,383.171,218.47,7026.68,0.506758,0,0
94.75,0.667468,294.641,293.415,292.934,238.857,87.7683,203.946,385.175,383.171,218.47,7026.68,0.509239,0,0.00901996
95.25,0.664161,294.616,293.398,292.917,238.851,87.0986,202.645,382.662,383.171,218.47,7026.68,0.511709,0,0.0102693
95.75,0.66084,294.591,293.381,292.9,238.845,86.4344,201.352,380.14,383.171,218.47,7026.68,0.514168,0,0.00905095
96.25,0.657507,294.566,293.364,292.883,238.839,85.8732,200.091,377.609,383.396,218.255,7026.68,0.516621,0,0.00951395
96.75,0.654161,294.541,293.347,292.866,238.834,85.2167,198.81,375.067,383.396,218.255,7026.68,0.519063,0,0.0346654
97.25,0.650802,294.515,293.341,292.859,238.83,84.5438,197.53,372.516,383.396,218.255,7026.68,0.520835,0,0.0642151
97.75,0.64743,294.497,293.345,292.864,238.826,83.5721,196.504,370.07,383.396,218.255,7026.68,0.52186,0,0.0807153
98.25,0.644045,294.486,293.35,292.868,238.821,82.3766,195.785,367.652,383.563,218.108,9270.94,0.524085,0,0.0138955
98.75,0.640648,294.478,293.337,292.855,238.821,81.3716,194.707,365.225,383.563,218.108,9270.94,0.524896,0,0.168315
99.25,0.637238,294.454,293.341,292.859,238.819,80.5787,194.022,362.789,383.563,218.108,9270.94,0.527128,0,0.143463
99.75,0.633816,294.445,293.335,292.854,238.815,79.4891,192.908,360.343,383.563,218.108,9270.94,0.515904,0,0.0387066
100.25,0.630381,294.399,293.316,292.834,238.81,76.6154,195.88,357.889,383.53,217.967,9270.94,0.518385,0,0.0363736
100.75,0.626934,294.372,293.302,292.821,238.809,75.8964,194.543,355.426,383.53,217.967,9270.94,0.520501,0,0.113638
101.25,0.623474,294.348,293.302,292.821,238.807,75.1016,193.38,352.955,383.53,217.967,9270.94,0.521714,0,0.110279
101.75,0.620002,294.333,293.304,292.823,238.82,73.8845,192.544,350.474,383.53,217.967,9270.94,0.524005,0,0.618065
102.25,0.616518,294.321,293.285,292.803,238.815,72.7833,191.368,347.985,383.259,218.026,9270.94,0.517631,0,0.0251819
102.75,0.613022,294.275,293.265,292.784,238.811,70.9397,192.803,345.487,383.259,218.026,9270.94,0.520099,0,0.0703277
103.25,0.609514,294.246,293.261,292.78,238.808,70.1971,191.465,342.981,383.259,218.026,9270.94,0.521512,0,0.0892676
103.75,0.605994,294.228,293.261,292.78,238.803,69.0288,190.531,340.466,383.259,218.026,9270.94,0.523847,0,0.0260631
104.25,0.602462,294.216,293.245,292.763,238.802,68.0638,189.374,337.942,383.357,217.847,9270.94,0.52483,0,0.143553
104.75,0.598918,294.188,293.244,292.763,238.797,67.2793,188.593,335.41,383.357,217.847,9270.94,0.52716,0,0.0244437
105.25,0.595363,294.175,293.243,292.761,238.792,66.2161,187.404,332.87,383.357,217.847,9270.94,0.529488,0,0.0224692
105.75,0.591795,294.161,293.226,292.745,238.794,65.2743,186.255,330.321,383.357,217.847,9270.94,0.529253,0,0.216391
106.25,0.588216,294.13,293.224,292.743,238.804,64.2962,185.831,327.764,383.311,217.787,9270.94,0.531584,0,0.506033
106.75,0.584626,294.115,293.222,292.741,238.825,63.2251,184.627,325.199,383.311,217.787,7026.68,0.533914,0,0.863242
107.25,0.581024,294.101,293.217,292.736,238.822,62.2886,183.468,322.626,383.311,217.787,7026.68,0.525144,0,0.129969
107.75,0.577411,294.06,293.214,292.733,238.815,59.6955,185.639,320.044,383.311,217.787,7026.68,0.527498,0,0.00545916
108.25,0.573786,294.039,293.21,292.728,238.809,58.348,184.286,317.454,382.738,217.958,7026.68,0.529895,0,0.00532568
108.75,0.57015,294.023,293.194,292.712,238.809,57.3896,183.073,314.856,382.738,217.958,7026.68,0.529565,0,0.203062
109.25,0.566503,293.991,293.189,292.708,238.802,56.3247,182.663,312.25,382.738,217.958,7026.68,0.531963,0,0.00510438
109.75,0.562844,293.974,293.184,292.702,238.796,55.2993,181.418,309.637,382.738,217.958,7026.68,0.534358,0,0.00500097
110.25,0.559175,293.957,293.178,292.697,238.79,54.4145,180.213,307.015,382.775,217.825,7026.68,0.536754,0,0.00490075
110.75,0.555494,293.939,293.169,292.687,238.793,53.5265,179.011,304.386,382.775,217.825,7026.68,0.534749,0,0.287433
111.25,0.551803,293.909,293.162,292.681,238.788,52.0384,179.113,301.748,382.775,217.825,7026.68,0.537151,0,0.0219202
111.75,0.548101,293.89,293.155,292.674,238.783,51.0552,177.862,299.103,382.775,217.825,7026.68,0.539557,0,0.0347868
112.25,0.544388,293.87,293.148,292.667,238.778,50.1068,176.617,296.45,382.618,217.715,9270.94,0.541964,0,0.0222793
112.75,0.540664,293.851,293.133,292.652,238.779,49.2199,175.396,293.79,382.618,217.715,9270.94,0.527939,0,0.20167
113.25,0.53693,293.788,293.124,292.643,238.789,45.9924,179.027,291.122,382.618,217.715,9270.94,0.530416,0,0.528491
113.75,0.533185,293.766,293.115,292.634,238.783,44.7604,177.627,288.446,382.618,217.715,9270.94,0.532903,0,0.00422993
114.25,0.52943,293.743,293.106,292.625,238.777,43.7167,176.298,285.763,382.326,217.652,9270.94,0.535384,0,0.0040818
114.75,0.525664,293.721,293.079,292.598,238.776,42.8107,175.021,283.073,382.326,217.652,9270.94,0.52734,0,0.163122
115.25,0.521888,293.662,293.069,292.587,238.771,40.7199,176.819,280.375,382.326,217.652,9270.94,0.52986,0,0.0231512
115.75,0.518102,293.638,293.058,292.577,238.766,39.5312,175.402,277.67,382.326,217.652,9270.94,0.532379,0,0.0169868
116.25,0.514306,293.615,293.047,292.566,238.761,38.6079,174.09,274.958,382.313,217.464,9270.94,0.534892,0,0.0209855
116.75,0.510499,293.592,293.027,292.546,238.764,37.7199,172.793,272.238,382.313,217.464,9270.94,0.533704,0,0.27937
117.25,0.506683,293.554,293.016,292.535,238.772,36.4761,172.572,269.511,382.313,217.464,9270.94,0.53622,0,0.458962
117.75,0.502856,293.53,293.004,292.523,238.793,35.4843,171.218,266.777,382.313,217.464,7026.68,0.538732,0,0.876812
118.25,0.49902,293.5,292.992,292.511,238.786,34.268,169.792,264.097,381.432,217.712,7026.68,0.54125,0,0.0035011
118.75,0.495173,293.477,292.979,292.498,238.779,33.4663,168.49,261.589,381.432,217.712,7026.68,0.543761,0,0.00344223
119.25,0.491318,293.454,292.966,292.485,238.773,32.7077,167.233,259.074,381.432,217.712,7026.68,0.546264,0,0.00337172
119.75,0.487452,293.431,292.944,292.463,238.775,31.9581,165.98,256.553,381.432,217.712,7026.68,0.536321,0,0.305994
120.25,0.483577,293.371,292.93,292.45,238.769,29.505,168.296,254.025,381.314,217.552,7026.68,0.538865,0,0.00326072
120.75,0.479692,293.345,292.916,292.436,238.762,28.4475,166.902,251.492,381.314,217.552,7026.68,0.541411,0,0.00319281
121.25,0.475798,293.32,292.902,292.421,238.756,27.646,165.604,248.952,381.314,217.552,7026.68,0.543951,0,0.00313867
121.75,0.471895,293.295,292.888,292.407,238.75,26.8796,164.32,246.406,381.314,217.552,7026.68,0.546482,0,0.00307797
122.25,0.467982,293.27,292.873,292.392,238.744,26.1378,163.032,243.854,381.3,217.352,7026.68,0.549015,0,0.00305064
122.75,0.46406,293.244,292.858,292.377,238.739,25.3926,161.754,241.296,381.3,217.352,7026.68,0.55154,0,0.0106914
123.25,0.460129,293.218,292.842,292.362,238.734,24.6497,160.48,238.732,381.3,217.352,7026.68,0.554057,0,0.0388212
123.75,0.456189,293.193,292.827,292.346,238.729,23.9067,159.209,236.163,381.3,217.352,7026.68,0.556566,0,0.0111903
124.25,0.45224,293.166,292.804,292.324,238.74,23.1475,157.925,233.587,381.237,217.198,7026.68,0.550607,0,0.53222
124.75,0.448282,293.114,292.788,292.307,238.734,21.311,159.055,231.006,381.237,217.198,7026.68,0.553143,0,0.00278225
125.25,0.444315,293.086,292.772,292.291,238.729,20.3525,157.683,228.419,381.237,217.198,7026.68,0.55568,0,0.0356705
125.75,0.44034,293.059,292.755,292.274,238.724,19.5671,156.377,225.826,381.237,217.198,7026.68,0.558209,0,0.0136626
126.25,0.436356,293.028,292.738,292.257,238.719,18.6182,155.002,223.227,380.759,217.119,7026.68,0.560733,0,0.031837
126.75,0.432363,293,292.721,292.24,238.714,17.8355,153.699,220.623,380.759,217.119,7026.68,0.563249,0,0.0248331
127.25,0.428362,292.971,292.703,292.223,238.711,17.077,152.408,218.014,380.759,217.119,7026.68,0.565757,0,0.0504836
127.75,0.424352,292.944,292.688,292.207,238.707,16.2665,151.154,215.399,380.759,217.119,7026.68,0.568135,0,0.0613271
128.25,0.420334,292.924,292.676,292.196,238.719,14.9524,150.165,212.778,380.623,216.994,7026.68,0.549372,0,0.546407
128.75,0.416308,292.84,292.657,292.177,238.724,11.6296,154.491,210.152,380.623,216.994,7026.68,0.551967,0,0.351269
129.25,0.412274,292.808,292.637,292.157,238.718,10.4508,152.958,207.521,380.623,216.994,7026.68,0.554567,0,0.016879
129.75,0.408231,292.777,292.618,292.137,238.713,9.63778,151.575,204.884,380.623,216.994,7026.68,0.557158,0,0.0141336
130.25,0.404181,292.742,292.598,292.118,238.707,8.65742,150.107,202.243,380.059,216.947,7026.68,0.559737,0,0.0156321
130.75,0.400122,292.711,292.578,292.098,238.702,7.87383,148.737,199.596,380.059,216.947,7026.68,0.562307,0,0.013917
131.25,0.396056,292.679,292.558,292.078,238.697,7.12432,147.382,196.944,380.059,216.947,7026.68,0.564869,0,0.0146915
131.75,0.391982,292.648,292.538,292.058,238.692,6.38252,146.028,194.286,380.059,216.947,7026.68,0.567421,0,0.0368735
132.25,0.3879,292.622,292.529,292.049,238.69,5.25262,144.832,191.624,379.901,216.788,7026.68,0.569164,0,0.0857254
132.75,0.383811,292.605,292.529,292.049,238.685,4.07938,143.581,188.957,379.901,216.788,7026.68,0.571487,0,0.0299356
133.25,0.379714,292.572,292.5,292.02,238.7,3.32644,142.556,186.285,379.901,216.788,4016.82,0.555952,0,0.639123
133.75,0.375609,292.496,292.478,291.998,238.703,0.68245,145.383,183.608,379.901,216.788,5273.21,0.558606,0,0.29648
134.25,0.371497,292.489,292.456,291.976,238.697,-0.0591722,142.504,180.926,379.293,216.806,5273.21,0.561186,0,0.0125423
134.75,0.367378,292.459,292.434,291.954,238.691,0.00724376,139.737,178.24,379.293,216.806,7026.68,0.56377,0,0.0121922
135.25,0.363252,292.455,292.412,291.932,238.686,-0.0575964,137.133,175.549,379.293,216.806,7026.68,0.566248,0,0.0183977
135.75,0.359119,292.402,292.393,291.914,238.682,-0.179685,134.987,172.853,379.293,216.806,7026.68,0.577104,0,0.0449718
136.25,0.354978,292.386,292.387,291.909,238.678,-0.137923,131.477,170.152,379.097,216.659,7026.68,0.578341,0,0.0610827
136.75,0.350831,292.36,292.384,291.906,238.674,-0.109929,128.545,167.447,379.097,216.659,7026.68,0.576694,0,0.0448213
137.25,0.346676,292.388,292.367,291.889,238.672,-0.419502,127.041,164.973,379.097,216.659,7026.68,0.589129,0,0.109717
137.75,0.342515,292.401,292.366,291.887,238.668,-0.188455,123.771,162.553,379.097,216.659,7026.68,0.594538,0,0.0406763
138.25,0.338347,292.334,292.359,291.884,238.663,-0.389764,122.097,160.13,379.032,216.604,7026.68,0.589812,0,0.0243164
138.75,0.334173,292.295,292.342,291.866,238.664,-0.519768,120.056,157.702,379.032,216.604,7026.68,0.581421,0,0.175466
139.25,0.329992,292.332,292.335,291.863,238.663,-0.660437,117.831,155.271,379.032,216.604,7026.68,0.598355,0,0.13387
139.75,0.325804,292.274,292.333,291.86,238.659,-0.404594,114.756,152.836,379.032,216.604,7026.68,0.589295,0,0.0343052
140.25,0.32161,292.335,292.314,291.843,238.656,-0.64787,113.505,150.397,378.856,216.516,7026.68,0.600964,0,0.0888407
140.75,0.31741,292.261,292.304,291.84,238.653,-0.822713,111.593,147.955,378.856,216.516,7026.68,0.596623,0,0.036028
141.25,0.313203,292.196,292.293,291.83,238.652,-0.922174,109.287,145.508,378.856,216.516,7026.68,0.589929,0,0.147314
141.75,0.30899,292.183,292.296,291.827,238.658,-0.654399,105.777,143.059,378.856,216.516,7026.68,0.58404,0,0.339361
142.25,0.304771,292.205,292.297,291.823,238.653,-0.649735,103.193,140.606,378.566,216.494,7026.68,0.582315,0,0.0243719
142.75,0.300547,292.355,292.279,291.803,238.651,-0.748197,102.072,138.149,378.566,216.494,7026.68,0.616463,0,0.0859438
143.25,0.296316,292.287,292.264,291.8,238.647,-1.01232,100.815,135.689,378.566,216.494,7026.68,0.615801,0,0.0238836
143.75,0.29208,292.189,292.239,291.788,238.645,-1.35068,99.3872,133.225,378.566,216.494,7026.68,0.611227,0,0.113094
144.25,0.287837,292.189,292.235,291.783,238.641,-1.56239,96.2082,130.759,378.409,216.432,7026.68,0.625616,0,0.0232006
144.75,0.283589,292.197,292.233,291.778,238.637,-1.3603,92.8246,128.288,378.409,216.432,7026.68,0.638783,0,0.0249157
145.25,0.279336,292.021,292.197,291.763,238.637,-2.10128,94.4352,125.815,378.409,216.432,7026.68,0.606098,0,0.147687
145.75,0.275077,292.079,292.196,291.758,238.642,-1.9633,89.6087,123.339,378.409,216.432,7026.68,0.639814,0,0.321446
146.25,0.270813,292.16,292.199,291.752,238.651,-1.39368,84.7745,120.859,378.089,216.41,5273.21,0.669299,0,0.438582
146.75,0.266543,292.245,292.21,291.746,238.646,-0.761763,80.4305,118.376,378.089,216.41,7026.68,0.69313,0,0.0250641
147.25,0.262268,291.883,292.172,291.735,238.644,-1.96619,86.2589,115.89,378.089,216.41,7026.68,0.590849,0,0.103654
147.75,0.257988,291.999,292.175,291.729,238.639,-1.61762,79.9409,113.401,378.089,216.41,7026.68,0.636826,0,0.00730603
148.25,0.253703,291.956,292.159,291.723,238.634,-1.75893,77.7029,110.91,377.732,216.388,7026.68,0.649394,0,0.00719229
148.75,0.249413,291.973,292.143,291.714,238.632,-1.97965,74.9401,108.454,377.732,216.388,7026.68,0.673897,0,0.090648
149.25,0.245118,292,292.134,291.708,238.628,-1.72756,71.7345,106.241,377.732,216.388,7026.68,0.693039,0,0.00693826
149.75,0.240818,292.025,292.128,291.701,238.623,-1.52344,69.0307,104.025,377.732,216.388,7026.68,0.709528,0,0.00680357
150.25,0.236513,292.031,292.122,291.687,238.621,-1.52308,67.1167,101.808,377.63,216.333,7026.68,0.722802,0,0.0887069
150.75,0.232204,292.038,292.117,291.681,238.621,-1.30097,64.3298,99.5874,377.63,216.333,7026.68,0.733959,0,0.127171
151.25,0.22789,292.055,292.112,291.671,238.616,-1.32172,62.3183,97.3648,377.63,216.333,7026.68,0.745748,0,0.00648323
151.75,0.223572,292.043,292.103,291.648,238.613,-1.30856,60.3734,95.1399,377.63,216.333,7026.68,0.746943,0,0.0333219
152.25,0.219249,291.931,292.051,291.628,238.611,-2.68121,71.2605,92.9127,377.467,216.275,7026.68,0.64068,0,0.0936632
152.75,0.214922,291.935,292.029,291.622,238.618,-2.69548,64.3211,90.6833,377.467,216.275,7026.68,0.669912,0,0.341247
153.25,0.210591,291.951,292.017,291.615,238.626,-2.2642,59.4596,88.4517,377.467,216.275,5273.21,0.690145,0,0.419293
153.75,0.206256,291.959,292.008,291.599,238.621,-1.98397,56.0351,86.218,377.467,216.275,5273.21,0.705416,0,0.0094211
154.25,0.201916,291.942,291.996,291.579,238.617,-1.98434,53.2398,83.9822,376.659,216.339,5273.21,0.715491,0,0.0287766
154.75,0.197573,291.919,291.982,291.568,238.613,-2.04078,51.3492,81.7444,376.659,216.339,5273.21,0.723769,0,0.0299211
155.25,0.193226,291.889,291.966,291.557,238.609,-2.14782,49.6678,79.5045,376.659,216.339,7026.68,0.73135,0,0.0313001
155.75,0.188875,291.854,291.947,291.547,238.606,-2.28386,48.0686,77.2628,376.659,216.339,7026.68,0.738373,0,0.0327065
156.25,0.18452,291.81,291.923,291.537,238.602,-2.44919,46.5,75.0191,376.415,216.228,7026.68,0.744892,0,0.0338742
156.75,0.180162,291.804,291.906,291.528,238.599,-2.28661,43.1311,72.7735,376.415,216.228,7026.68,0.751468,0,0.03184
157.25,0.1758,291.768,291.885,291.518,238.595,-2.39314,41.8319,70.5261,376.415,216.228,7026.68,0.75646,0,0.0310021
157.75,0.171434,291.721,291.861,291.508,238.592,-2.59117,40.6872,68.2769,376.415,216.228,7026.68,0.761143,0,0.0308617
158.25,0.167066,291.665,291.832,291.497,238.588,-2.79515,39.5286,66.222,376.11,216.112,7026.68,0.765698,0,0.0311721
158.75,0.162694,291.612,291.801,291.485,238.586,-2.98574,38.4468,64.2615,376.11,216.112,7026.68,0.770022,0,0.0489722
159.25,0.158318,291.558,291.77,291.474,238.598,-3.18126,37.402,62.2996,376.11,216.112,4016.82,0.774137,0,0.532067
159.75,0.15394,291.536,291.745,291.454,238.603,-3.07225,34.6662,60.3362,376.11,216.112,5273.21,0.775837,0,0.320539
160.25,0.149559,291.459,291.709,291.433,238.598,-3.33754,33.9162,58.3715,375.052,216.134,5273.21,0.777269,0,0.00804529
160.75,0.145174,291.387,291.671,291.412,238.594,-3.59394,33.2857,56.4055,375.052,216.134,5273.21,0.778259,0,0.00807517
161.25,0.140787,291.311,291.631,291.39,238.589,-3.86651,32.7121,54.4382,375.052,216.134,5273.21,0.778972,0,0.00800052
161.75,0.136397,291.231,291.588,291.369,238.585,-4.15095,32.1686,52.4696,375.052,216.134,5273.21,0.779529,0,0.00800072
162.25,0.132005,291.135,291.538,291.348,238.58,-4.32366,31.5136,50.4999,374.542,215.91,5273.21,0.780124,0,0.00804626
162.75,0.12761,291.044,291.487,291.326,238.576,-4.62125,30.9544,48.529,374.542,215.91,5273.21,0.780638,0,0.00795644
163.25,0.123212,290.952,291.435,291.305,238.572,-4.91892,30.4147,46.5569,374.542,215.91,5273.21,0.781132,0,0.00795311
163.75,0.118812,290.858,291.381,291.284,238.568,-5.21728,29.8785,44.5838,374.542,215.91,5273.21,0.781814,0,0.00812989
164.25,0.114409,290.747,291.32,291.261,238.565,-5.39584,29.1678,42.6097,373.894,215.664,5273.21,0.782935,0,0.0355503
164.75,0.110005,290.647,291.26,291.238,238.561,-5.68714,28.5225,40.6345,373.894,215.664,5273.21,0.784337,0,0.0127904
165.25,0.105598,290.548,291.2,291.216,238.558,-5.96537,27.8573,38.6583,373.894,215.664,5273.21,0.78602,0,0.0424493
165.75,0.101189,290.45,291.139,291.196,238.555,-6.23358,27.1627,36.6813,373.894,215.664,5273.21,0.787922,0,0.0310379
166.25,0.0967781,290.336,291.072,291.176,238.552,-6.37625,26.3055,34.8982,373.085,215.432,5273.21,0.790106,0,0.0454796
166.75,0.0923653,290.238,291.007,291.155,238.549,-6.59478,25.5735,33.1863,373.085,215.432,5273.21,0.79234,0,0.0338396
167.25,0.0879506,290.144,290.943,291.133,238.546,-6.80036,24.8643,31.4738,373.085,215.432,5273.21,0.794637,0,0.0439003
167.75,0.0835343,290.051,290.88,291.111,238.543,-6.99937,24.1601,29.7605,373.085,215.432,5273.21,0.796976,0,0.0356246
168.25,0.0791163,289.939,290.811,291.087,238.541,-7.15584,23.2918,28.0466,372.205,215.214,5273.21,0.799452,0,0.0415392
168.75,0.0746968,289.84,290.744,291.062,238.538,-7.36123,22.5488,26.3321,372.205,215.214,5273.21,0.801878,0,0.0350024
169.25,0.0702757,289.744,290.677,291.036,238.535,-7.55839,21.8373,24.6171,372.205,215.214,5273.21,0.804288,0,0.0394781
169.75,0.0658533,289.649,290.611,291.01,238.532,-7.75253,21.1394,22.9015,372.205,215.214,5273.21,0.80668,0,0.035057
170.25,0.0614296,289.534,290.539,290.983,238.545,-7.92374,20.284,21.1854,371.286,214.998,490.937,0.809163,0,0.533359
170.75,0.0570047,289.432,290.469,290.955,238.55,-8.13008,19.5584,19.4688,371.286,214.998,339.934,0.811556,0,0.305574
171.25,0.0525787,289.333,290.4,290.926,238.546,-8.32928,18.8696,17.7519,371.286,214.998,339.934,0.813897,0,0.00758917
171.75,0.0481517,289.236,290.331,290.896,238.541,-8.51441,18.2097,16.1129,371.286,214.998,339.934,0.816178,0,0.00752868
172.25,0.0437237,289.108,290.254,290.864,238.537,-8.76138,17.3291,14.5829,369.725,214.891,339.934,0.818563,0,0.00741655
172.75,0.0392948,289.004,290.18,290.832,238.533,-8.95031,16.6472,13.0527,369.725,214.891,339.934,0.820792,0,0.00743198
173.25,0.0348652,288.905,290.108,290.799,238.528,-9.1254,16.0233,11.5221,369.725,214.891,226.649,0.822943,0,0.00736111
173.75,0.0304349,288.806,290.036,290.766,238.524,-9.29585,15.425,9.99139,369.725,214.891,226.649,0.825022,0,0.00735141
174.25,0.026004,288.687,289.958,290.731,238.52,-9.45493,14.6779,8.46043,368.761,214.625,226.649,0.827164,0,0.00741011
174.75,0.0215725,288.583,289.883,290.696,238.516,-9.63859,14.0653,6.9293,368.761,214.625,226.649,0.829179,0,0.00731646
175.25,0.0171407,288.483,289.808,290.66,238.512,-9.8029,13.5035,5.47299,368.761,214.625,226.649,0.831118,0,0.00731345
175.75,0.0127085,288.385,289.734,290.624,238.509,-9.95714,12.97,4.0578,368.761,214.625,226.649,0.832994,0,0.0167214
176.25,0.00827608,288.266,289.656,290.587,238.505,-10.1256,12.2912,2.64253,367.772,214.372,226.649,0.83494,0,0.0203826
176.75,0.00384348,288.162,289.579,290.549,238.502,-10.2939,11.7411,1.22722,367.772,214.372,226.649,0.836774,0,0.0168248
177.25,0,288.065,289.504,290.511,238.499,-10.4276,11.2547,0,367.772,214.372,226.649,0.838544,0,0.0192269
177.75,0,287.996,289.434,290.472,238.495,-10.3848,10.9592,0,367.772,214.372,226.649,0.840184,0,0.0164719
178.25,0,287.913,289.365,290.433,238.492,-10.3784,10.5728,0,366.758,214.148,226.649,0.841862,0,0.0248576
178.75,0,287.851,289.3,290.393,238.489,-10.315,10.3248,0,366.758,214.148,226.649,0.843429,0,0.0278439
179.25,0,287.796,289.238,290.352,238.487,-10.2349,10.1222,0,366.758,214.148,226.649,0.844945,0,0.03006
179.75,0,287.746,289.179,290.312,238.484,-10.1469,9.94087,0,366.758,214.148,226.649,0.846421,0,0.0291265
180.25,0,287.68,289.12,290.271,238.482,-10.2234,9.65729,0,365.824,213.999,226.649,0.847891,0,0.0299377
180.75,0,287.629,289.064,290.231,238.479,-10.1507,9.46624,0,365.824,213.999,226.649,0.849292,0,0.0289198
181.25,0,287.584,289.01,290.19,238.477,-10.0666,9.30526,0,365.824,213.999,226.649,0.850664,0,0.0292034
181.75,0,287.54,288.958,290.149,238.474,-9.97762,9.15684,0,365.824,213.999,226.649,0.852013,0,0.0283294
182.25,0,287.483,288.905,290.109,238.472,-10.0519,8.91579,0,364.983,213.875,226.649,0.853363,0,0.0276736
182.75,0,287.439,288.854,290.069,238.47,-9.9792,8.75221,0,364.983,213.875,226.649,0.854657,0,0.0266447
183.25,0,287.399,288.806,290.029,238.467,-9.89706,8.61312,0,364.983,213.875,226.649,0.855931,0,0.0264281
183.75,0,287.361,288.759,289.989,238.465,-9.811,8.48358,0,364.983,213.875,226.649,0.857187,0,0.0257725
184.25,0,287.309,288.71,289.949,238.463,-9.87943,8.26971,0,364.214,213.764,226.649,0.858447,0,0.025606
184.75,0,287.27,288.664,289.909,238.461,-9.80893,8.12418,0,364.214,213.764,226.649,0.859659,0,0.0250745
185.25,0,287.234,288.62,289.87,238.459,-9.73004,7.99997,0,364.214,213.764,226.649,0.860853,0,0.0248392
185.75,0,287.199,288.576,289.831,238.457,-9.64777,7.88377,0,364.214,213.764,226.649,0.862032,0,0.0243817
186.25,0,287.152,288.532,289.793,238.455,-9.7115,7.68967,0,363.5,213.664,226.649,0.863218,0,0.0241544
186.75,0,287.116,288.489,289.754,238.453,-9.64388,7.55767,0,363.5,213.664,226.649,0.864359,0,0.0237465
187.25,0,287.083,288.448,289.716,238.451,-9.5686,7.4449,0,363.5,213.664,226.649,0.865485,0,0.0234751
187.75,0,287.051,288.408,289.678,238.449,-9.4903,7.3392,0,363.5,213.664,226.649,0.866596,0,0.0231058
188.25,0,287.008,288.367,289.641,238.447,-9.55002,7.16089,0,362.83,213.571,226.649,0.867716,0,0.0228615
188.75,0,286.974,288.327,289.604,238.445,-9.48548,7.0399,0,362.83,213.571,226.649,0.868793,0,0.0225224
189.25,0,286.943,288.288,289.567,238.444,-9.41382,6.93658,0,362.83,213.571,226.649,0.869857,0,0.0222494
189.75,0,286.914,288.251,289.53,238.442,-9.33937,6.83967,0,362.83,213.571,226.649,0.870907,0,0.0219365
190.25,0,286.873,288.212,289.494,238.44,-9.3957,6.67463,0,362.199,213.486,226.649,0.871966,0,0.0216864
190.75,0,286.842,288.175,289.458,238.438,-9.33421,6.56301,0,362.199,213.486,226.649,0.872986,0,0.0202891
191.25,0,286.813,288.138,289.423,238.437,-9.26604,6.46782,0,362.199,213.486,226.649,0.873991,0,0.0218289
191.75,0,286.785,288.103,289.387,238.435,-9.19525,6.37851,0,362.199,213.486,226.649,0.874985,0,0.0198694
192.25,0,286.747,288.066,289.352,238.433,-9.2485,6.22507,0,361.602,213.405,226.649,0.875989,0,0.0192255
192.75,0,286.718,288.031,289.317,238.432,-9.18992,6.12167,0,361.602,213.405,226.649,0.876955,0,0.0188366
193.25,0,286.691,287.997,289.283,238.43,-9.12502,6.03363,0,361.602,213.405,226.649,0.877907,0,0.0227442
193.75,0,286.665,287.963,289.249,238.429,-9.05766,5.95104,0,361.602,213.405,226.649,0.878849,0,0.00950972
194.25,0,286.628,287.929,289.215,238.427,-9.10802,5.80799,0,361.036,213.328,226.649,0.879801,0,0.0271377
194.75,0,286.601,287.895,289.181,238.425,-9.05215,5.71193,0,361.036,213.328,226.649,0.880717,0,0.00765994
195.25,0,286.575,287.863,289.148,238.424,-8.99029,5.63028,0,361.036,213.328,226.649,0.881621,0,0.0293156
195.75,0,286.55,287.831,289.115,238.423,-8.92609,5.55371,0,361.036,213.328,226.649,0.882514,0,0.00729731
196.25,0,286.516,287.798,289.082,238.421,-8.97492,5.41913,0,360.492,213.256,226.649,0.883419,0,0.0285185
196.75,0,286.489,287.766,289.049,238.42,-8.9217,5.32942,0,360.492,213.256,226.649,0.884289,0,0.00975454
197.25,0,286.465,287.735,289.017,238.419,-8.86271,5.25341,0,360.492,213.256,226.649,0.885148,0,0.0277542
197.75,0,286.441,287.705,288.985,238.417,-8.80145,5.18219,0,360.492,213.256,226.649,0.885997,0,0.00912624
198.25,0,286.408,287.673,288.953,238.416,-8.84864,5.05527,0,359.969,213.188,226.649,0.886858,0,0.0272198
198.75,0,286.383,287.643,288.921,238.414,-8.79787,4.97127,0,359.969,213.188,226.649,0.887686,0,0.00857905
199.25,0,286.36,287.613,288.89,238.413,-8.74153,4.90035,0,359.969,213.188,226.649,0.888503,0,0.0267003
199.75,0,286.337,287.584,288.859,238.412,-8.68299,4.83395,0,359.969,213.188,226.649,0.88931,0,0.00808697
200.25,0,286.305,287.554,288.828,238.411,-8.7283,4.71428,0,359.467,213.124,226.649,0.890131,0,0.0262072
200.75,0,286.281,287.525,288.798,238.409,-8.67974,4.63555,0,359.467,213.124,226.649,0.89092,0,0.00764831
201.25,0,286.259,287.496,288.767,238.408,-8.62582,4.56926,0,359.467,213.124,226.649,0.891698,0,0.0256911
201.75,0,286.237,287.468,288.737,238.407,-8.56978,4.50727,0,359.467,213.124,226.649,0.892467,0,0.00724392
202.25,0,286.207,287.439,288.707,238.406,-8.61348,4.39416,0,358.983,213.062,226.649,0.89325,0,0.025198
202.75,0,286.184,287.411,288.677,238.405,-8.56697,4.32022,0,358.983,213.062,226.649,0.894002,0,0.00687718
203.25,0,286.162,287.384,288.648,238.404,-8.51529,4.25816,0,358.983,213.062,226.649,0.894744,0,0.0245597
203.75,0,286.141,287.357,288.618,238.402,-8.46155,4.20018,0,358.983,213.062,226.649,0.895478,0,0.00653276
204.25,0,286.112,287.329,288.589,238.401,-8.50378,4.09305,0,358.517,213.002,226.649,0.896226,0,0.0213419
204.75,0,286.09,287.302,288.561,238.4,-8.45917,4.02348,0,358.517,213.002,226.649,0.896944,0,0.00621688
205.25,0,286.069,287.276,288.532,238.399,-8.40956,3.96529,0,358.517,213.002,226.649,0.897653,0,0.0259331
205.75,0,286.049,287.25,288.503,238.398,-8.35794,3.91097,0,358.517,213.002,226.649,0.898354,0,0.00591629
206.25,0,286.02,287.223,288.475,238.396,-8.39881,3.80933,0,358.068,212.944,226.649,0.899069,0,0.00995605
206.75,0,285.999,287.197,288.447,238.396,-8.35595,3.74377,0,358.068,212.944,226.649,0.899756,0,0.0229007
207.25,0,285.979,287.172,288.419,238.394,-8.30825,3.68911,0,358.068,212.944,226.649,0.900433,0,0.00546132
207.75,0,285.959,287.147,288.391,238.393,-8.2586,3.63814,0,358.068,212.944,226.649,0.901104,0,0.0111025
208.25,0,285.932,287.121,288.364,238.392,-8.29733,3.54221,0,357.638,212.888,226.649,0.901788,0,0.0203724
208.75,0,285.911,287.096,288.337,238.391,-8.256,3.48053,0,357.638,212.888,226.649,0.902445,0,0.00512567
209.25,0,285.891,287.071,288.309,238.39,-8.21003,3.4292,0,357.638,212.888,226.649,0.903094,0,0.0186225
209.75,0,285.873,287.047,288.282,238.389,-8.16218,3.38135,0,357.638,212.888,226.649,0.903736,0,0.00488711
210.25,0,285.846,287.022,288.256,238.388,-8.20017,3.28989,0,357.221,212.833,226.649,0.904392,0,0.0181629
210.75,0,285.826,286.997,288.229,238.387,-8.1604,3.23154,0,357.221,212.833,226.649,0.905022,0,0.0046661
211.25,0,285.807,286.973,288.203,238.386,-8.11609,3.18319,0,357.221,212.833,226.649,0.905644,0,0.0176827
211.75,0,285.789,286.95,288.176,238.385,-8.06994,3.13817,0,357.221,212.833,226.649,0.906259,0,0.00445121
212.25,0,285.763,286.925,288.15,238.384,-8.10672,3.05104,0,356.817,212.78,226.649,0.906889,0,0.0172492
212.75,0,285.744,286.902,288.124,238.382,-8.06834,2.99583,0,356.817,212.78,226.649,0.907493,0,0.00425216
213.25,0,285.725,286.879,288.098,238.382,-8.02557,2.95022,0,356.817,212.78,226.649,0.90809,0,0.0168023
213.75,0,285.708,286.856,288.073,238.38,-7.981,2.90781,0,356.817,212.78,226.649,0.90868,0,0.00405782
214.25,0,285.683,286.832,288.047,238.38,-8.01682,2.82461,0,356.424,212.728,226.649,0.909286,2.35848e-07,0.0164016
214.75,0,285.664,286.809,288.022,238.378,-7.97977,2.77226,0,356.424,212.728,226.649,0.909866,4.75876e-07,0.00387804
215.25,0,285.646,286.787,287.997,238.378,-7.93842,2.72918,0,356.424,212.728,226.649,0.910439,7.30341e-07,0.0159859
215.75,0,285.628,286.765,287.972,238.377,-7.89534,2.68917,0,356.424,212.728,226.649,0.911007,9.73935e-07,0.00370186
216.25,0,285.606,286.742,287.947,238.376,-7.92719,2.60017,0,356.043,212.678,226.649,0.911572,9.98343e-06,0.00930938
216.75,0,285.587,286.719,287.922,238.375,-7.89103,2.55214,0,356.043,212.678,226.649,0.912122,1.10258e-05,0.00646317
217.25,0,285.57,286.698,287.898,238.374,-7.85079,2.5115,0,356.043,212.678,226.649,0.912667,1.21566e-05,0.0184531
217.75,0,285.554,286.676,287.873,238.373,-7.80887,2.47364,0,356.043,212.678,226.649,0.913207,1.32421e-05,0.00337926
218.25,0,285.531,286.654,287.849,238.372,-7.84033,2.38529,0,355.673,212.63,226.649,0.913737,2.68255e-05,0.00559408
218.75,0,285.513,286.632,287.825,238.371,-7.80548,2.34074,0,355.673,212.63,226.649,0.914258,2.83803e-05,0.00877157
219.25,0,285.497,286.611,287.801,238.37,-7.76651,2.30258,0,355.673,212.63,226.649,0.914775,3.00949e-05,0.00558917
219.75,0,285.48,286.59,287.777,238.369,-7.72423,2.26308,0,355.673,212.63,226.649,0.915281,3.46058e-05,0.0210844
220.25,0,285.458,286.569,287.753,238.368,-7.75543,2.18064,0,355.309,212.584,226.649,0.915786,4.84929e-05,0.0030508
220.75,0,285.441,286.548,287.73,238.367,-7.72176,2.13826,0,355.309,212.584,226.649,0.916283,5.04309e-05,0.00295223
221.25,0,285.425,286.527,287.706,238.366,-7.68272,2.09916,0,355.309,212.584,226.649,0.91677,5.48087e-05,0.00847926
221.75,0,285.409,286.507,287.683,238.365,-7.64329,2.06598,0,355.309,212.584,226.649,0.917257,5.73028e-05,0.00467915
222.25,0,285.388,286.486,287.66,238.364,-7.67093,1.98629,0,354.967,212.537,226.649,0.917726,7.31091e-05,0.0078485
222.75,0,285.371,286.466,287.637,238.363,-7.63895,1.94753,0,354.967,212.537,226.649,0.918188,7.52345e-05,0.00473666
223.25,0,285.355,286.445,287.614,238.362,-7.60207,1.91194,0,354.967,212.537,226.649,0.918652,7.95218e-05,0.00726739
223.75,0,285.34,286.426,287.591,238.361,-7.56389,1.88089,0,354.967,212.537,226.649,0.91911,8.22026e-05,0.00473686
224.25,0,285.319,286.406,287.568,238.361,-7.59114,1.80327,0,354.631,212.491,226.649,0.91954,9.98552e-05,0.00678884
224.75,0,285.302,286.386,287.546,238.36,-7.56202,1.76857,0,354.631,212.491,226.649,0.919983,0.000101552,0.00470966
225.25,0,285.287,286.366,287.523,238.359,-7.52608,1.73507,0,354.631,212.491,226.649,0.920423,0.000105831,0.00633022
225.75,0,285.272,286.347,287.501,238.358,-7.48994,1.70668,0,354.631,212.491,226.649,0.920864,0.000108264,0.00464198
226.25,0,285.251,286.327,287.479,238.357,-7.51735,1.63281,0,354.304,212.447,226.649,0.9213,0.000126041,0.00595171
226.75,0,285.235,286.308,287.457,238.356,-7.48719,1.59846,0,354.304,212.447,226.649,0.921732,0.000128153,0.0045577
227.25,0,285.22,286.289,287.435,238.355,-7.45328,1.56904,0,354.304,212.447,226.649,0.922162,0.000130554,0.00558222
227.75,0,285.205,286.27,287.413,238.354,-7.41655,1.53917,0,354.304,212.447,226.649,0.922587,0.00013484,0.00445048
228.25,0,285.185,286.251,287.391,238.354,-7.44317,1.46715,0,353.984,212.404,226.649,0.922991,0.000154057,0.00528363
228.75,0,285.17,286.232,287.369,238.353,-7.41485,1.43565,0,353.984,212.404,226.649,0.923397,0.000156178,0.00434168
229.25,0,285.155,286.213,287.348,238.352,-7.38248,1.40846,0,353.984,212.404,226.649,0.923803,0.000158657,0.00498034
229.75,0,285.14,286.195,287.327,238.351,-7.34858,1.38316,0,353.984,212.404,226.649,0.924207,0.00016102,0.00421589
230.25,0,285.121,286.176,287.305,238.35,-7.37325,1.31127,0,353.672,212.361,226.649,0.924596,0.000182679,0.00473716
230.75,0,285.105,286.157,287.284,238.349,-7.34584,1.28192,0,353.672,212.361,226.649,0.924992,0.000184595,0.00408912
231.25,0,285.091,286.139,287.263,238.348,-7.31434,1.25633,0,353.672,212.361,226.649,0.925388,0.00018695,0.00447903
231.75,0,285.077,286.121,287.242,238.348,-7.28127,1.23243,0,353.672,212.361,226.649,0.925784,0.000189215,0.00395252
232.25,0,285.058,286.103,287.221,238.347,-7.30574,1.16305,0,353.367,212.32,226.649,0.926168,0.000210815,0.00427592
232.75,0,285.043,286.084,287.201,238.346,-7.27832,1.13447,0,353.367,212.32,226.649,0.926553,0.000213046,0.00381995
233.25,0,285.028,286.067,287.18,238.345,-7.24726,1.10988,0,353.367,212.32,226.649,0.926938,0.000215655,0.00405307
233.75,0,285.015,286.049,287.159,238.344,-7.21476,1.08698,0,353.367,212.32,226.649,0.927321,0.000218137,0.00368195
234.25,0,284.996,286.031,287.139,238.344,-7.23896,1.01985,0,353.068,212.279,226.649,0.927688,0.000239791,0.00388336
234.75,0,284.981,286.013,287.119,238.343,-7.21255,0.992944,0,353.068,212.279,226.649,0.928056,0.000242097,0.00355292
235.25,0,284.967,285.996,287.098,238.342,-7.18259,0.96989,0,353.068,212.279,226.649,0.928423,0.000244764,0.00368915
235.75,0,284.953,285.979,287.078,238.341,-7.15122,0.948513,0,353.068,212.279,226.649,0.928789,0.000247284,0.0034197
236.25,0,284.935,285.961,287.058,238.34,-7.1758,0.885266,0,352.776,212.239,226.649,0.92914,0.000268244,0.00354635
236.75,0,284.92,285.943,287.038,238.34,-7.15059,0.859995,0,352.776,212.239,226.649,0.929495,0.000270213,0.00329664
237.25,0,284.907,285.926,287.018,238.339,-7.12036,0.836319,0,352.776,212.239,226.649,0.92985,0.000274076,0.00337181
237.75,0,284.893,285.91,286.999,238.338,-7.08967,0.816191,0,352.776,212.239,226.649,0.930206,0.000276609,0.00316769
238.25,0,284.875,285.892,286.979,238.337,-7.11418,0.755249,0,352.49,212.2,226.649,0.930554,0.000297866,0.00324692
238.75,0,284.861,285.875,286.959,238.336,-7.08907,0.730781,0,352.49,212.2,226.649,0.930903,0.00029995,0.00304934
239.25,0,284.848,285.858,286.94,238.336,-7.06052,0.709981,0,352.49,212.2,226.649,0.931251,0.000302381,0.00309014
239.75,0,284.835,285.842,286.92,238.335,-7.03059,0.690722,0,352.49,212.2,226.649,0.931599,0.000304669,0.00292871
240.25,0,284.817,285.824,286.901,238.334,-7.05336,0.628841,0,352.208,212.161,226.649,0.931936,0.000327862,0.00298082
240.75,0,284.803,285.808,286.882,238.333,-7.02868,0.605469,0,352.208,212.161,226.649,0.932274,0.000330142,0.00281745
241.25,0,284.789,285.791,286.863,238.333,-7.0007,0.585632,0,352.208,212.161,226.649,0.932611,0.000332715,0.00283854
241.75,0,284.777,285.775,286.844,238.332,-6.97152,0.567423,0,352.208,212.161,226.649,0.932946,0.000335071,0.00270578
242.25,0,284.759,285.758,286.825,238.331,-6.99537,0.509553,0,351.931,212.123,226.649,0.933269,0.000356584,0.00274582
242.75,0,284.745,285.742,286.806,238.33,-6.97065,0.485742,0,351.931,212.123,226.649,0.933595,0.000359889,0.00260411
243.25,0,284.732,285.726,286.787,238.33,-6.94332,0.466997,0,351.931,212.123,226.649,0.93392,0.00036256,0.00261479
243.75,0,284.72,285.71,286.768,238.329,-6.91478,0.449725,0,351.931,212.123,226.649,0.934245,0.000365053,0.00250061
244.25,0,284.702,285.693,286.75,238.328,-6.93769,0.392986,0,351.66,212.086,226.649,0.934558,0.000387482,0.00253311
244.75,0,284.689,285.677,286.731,238.327,-6.91453,0.371889,0,351.66,212.086,226.649,0.934874,0.000389644,0.00240785
245.25,0,284.676,285.661,286.712,238.327,-6.88828,0.354333,0,351.66,212.086,226.649,0.935191,0.000391931,0.00241369
245.75,0,284.664,285.645,286.694,238.326,-6.86062,0.338126,0,351.66,212.086,226.649,0.935508,0.000394042,0.00231202
246.25,0,284.647,285.629,286.676,238.325,-6.8822,0.281275,0,351.393,212.049,226.649,0.935816,0.000417612,0.00234051
246.75,0,284.633,285.613,286.657,238.324,-6.85941,0.26114,0,351.393,212.049,226.649,0.936126,0.000419814,0.00222523
247.25,0,284.621,285.598,286.639,238.324,-6.83337,0.24415,0,351.393,212.049,226.649,0.936435,0.000422326,0.0022298
247.75,0,284.608,285.582,286.621,238.323,-6.80605,0.228517,0,351.393,212.049,226.649,0.936745,0.000424653,0.0021369
248.25,0,284.592,285.566,286.603,238.322,-6.82852,0.174867,0,351.131,212.013,226.649,0.937046,0.000446914,0.00216637
248.75,0,284.579,285.551,286.585,238.321,-6.80618,0.155372,0,351.131,212.013,226.649,0.937349,0.000448998,0.00205831
249.25,0,284.566,285.535,286.567,238.321,-6.78073,0.139126,0,351.131,212.013,226.649,0.93765,0.000451307,0.00206391
249.75,0,284.554,285.52,286.549,238.32,-6.75274,0.12237,0,351.131,212.013,226.649,0.937951,0.000455012,0.00197645
250.25,0,284.538,285.504,286.532,238.319,-6.77468,0.0699742,0,350.872,211.978,226.649,0.938243,0.000477893,0.002008
250.75,0,284.525,285.489,286.514,238.319,-6.75532,0.0659981,0,350.872,211.978,226.649,0.938532,0.000559621,0.00191207
251.25,0,284.513,285.474,286.496,238.318,-6.73341,0.0475963,0,350.872,211.978,226.649,0.938825,0.000563152,0.0019195
251.75,0,284.501,285.459,286.479,238.317,-6.70889,0.0315677,0,350.872,211.978,226.649,0.939118,0.000565616,0.00183765
252.25,0,284.485,285.444,286.461,238.317,-6.73138,-0.0211705,0,350.619,211.942,226.649,0.939403,0.000589353,0.00187109
252.75,0,284.472,285.428,286.444,238.316,-6.7107,-0.0400895,0,350.619,211.942,226.649,0.939689,0.000590716,0.00177218
253.25,0,284.459,285.414,286.427,238.315,-6.68673,-0.0556562,0,350.619,211.942,226.649,0.939975,0.000592686,0.0017821
253.75,0,284.448,285.399,286.409,238.314,-6.6614,-0.0697793,0,350.619,211.942,226.649,0.940261,0.000594467,0.00170391
254.25,0,284.432,285.383,286.392,238.314,-6.68268,-0.120518,0,350.369,211.908,226.649,0.940539,0.000617369,0.00174048
254.75,0,284.419,285.369,286.375,238.313,-6.66082,-0.13976,0,350.369,211.908,226.649,0.940818,0.000619638,0.00164368
255.25,0,284.407,285.354,286.358,238.312,-6.6368,-0.154237,0,350.369,211.908,226.649,0.941098,0.000621578,0.00165647
255.75,0,284.396,285.339,286.341,238.312,-6.61167,-0.167354,0,350.369,211.908,226.649,0.941376,0.000623311,0.00158128
256.25,0,284.38,285.324,286.324,238.311,-6.63263,-0.216689,0,350.122,211.873,226.649,0.941647,0.000646594,0.00162092
256.75,0,284.367,285.31,286.307,238.31,-6.61218,-0.233339,0,350.122,211.873,226.649,0.941918,0.000647625,0.00152767
257.25,0,284.356,285.295,286.29,238.31,-6.5887,-0.246972,0,350.122,211.873,226.649,0.94219,0.000649304,0.00154342
257.75,0,284.344,285.281,286.273,238.309,-6.56402,-0.259347,0,350.122,211.873,226.649,0.942462,0.000650828,0.00147065
258.25,0,284.329,285.266,286.257,238.308,-6.58471,-0.307361,0,349.879,211.839,226.649,0.942726,0.000673542,0.00151308
258.75,0,284.316,285.252,286.24,238.308,-6.56462,-0.323279,0,349.879,211.839,226.649,0.942991,0.000674397,0.00142199
259.25,0,284.305,285.237,286.223,238.307,-6.54054,-0.337709,0,349.879,211.839,226.649,0.943257,0.000676988,0.00143938
259.75,0,284.294,285.223,286.207,238.306,-6.51607,-0.349489,0,349.879,211.839,226.649,0.943522,0.000678618,0.00136864
260.25,0,284.278,285.209,286.19,238.306,-6.53621,-0.396593,0,349.639,211.806,226.649,0.94378,0.000701871,0.00141349
260.75,0,284.266,285.194,286.174,238.305,-6.51632,-0.411929,0,349.639,211.806,226.649,0.944039,0.000702943,0.00132419
261.25,0,284.255,285.18,286.158,238.304,-6.49352,-0.424374,0,349.639,211.806,226.649,0.944299,0.000704612,0.00134505
261.75,0,284.244,285.167,286.141,238.304,-6.46956,-0.435625,0,349.639,211.806,226.649,0.944558,0.000706112,0.00127615
262.25,0,284.229,285.152,286.125,238.303,-6.48971,-0.481425,0,349.403,211.773,226.649,0.94481,0.000728716,0.00132348
262.75,0,284.217,285.138,286.109,238.302,-6.47033,-0.496034,0,349.403,211.773,226.649,0.945064,0.000729527,0.00123588
263.25,0,284.205,285.124,286.093,238.302,-6.44804,-0.507832,0,349.403,211.773,226.649,0.945319,0.000730946,0.00125909
263.75,0,284.194,285.111,286.077,238.301,-6.4246,-0.518472,0,349.403,211.773,226.649,0.945573,0.00073221,0.00119186
264.25,0,284.18,285.096,286.061,238.3,-6.44335,-0.564909,0,349.17,211.741,226.649,0.94582,0.000756017,0.00124052
264.75,0,284.168,285.083,286.045,238.3,-6.42413,-0.578979,0,349.17,211.741,226.649,0.946069,0.000757046,0.00115438
265.25,0,284.157,285.069,286.029,238.299,-6.40208,-0.59032,0,349.17,211.741,226.649,0.946318,0.000758657,0.00117968
265.75,0,284.146,285.055,286.013,238.298,-6.37892,-0.600531,0,349.17,211.741,226.649,0.946566,0.000760091,0.00111389
266.25,0,284.131,285.041,285.997,238.298,-6.39843,-0.644526,0,348.94,211.709,226.649,0.946809,0.000782708,0.0011654
266.75,0,284.12,285.028,285.982,238.297,-6.37958,-0.658176,0,348.94,211.709,226.649,0.947052,0.000783657,0.00108065
267.25,0,284.109,285.014,285.966,238.296,-6.35793,-0.669086,0,348.94,211.709,226.649,0.947296,0.000785146,0.00110791
267.75,0,284.098,285.001,285.95,238.296,-6.33516,-0.678871,0,348.94,211.709,226.649,0.947539,0.000786455,0.00104349
268.25,0,284.084,284.987,285.935,238.295,-6.35447,-0.721937,0,348.713,211.677,226.649,0.947777,0.000808626,0.00109686
268.75,0,284.072,284.974,285.919,238.294,-6.33595,-0.735109,0,348.713,211.677,226.649,0.948015,0.000809456,0.0010134
269.25,0,284.061,284.96,285.904,238.294,-6.31377,-0.746916,0,348.713,211.677,226.649,0.948253,0.000812024,0.00104172
269.75,0,284.051,284.947,285.888,238.293,-6.29126,-0.75623,0,348.713,211.677,226.649,0.948492,0.000813457,0.000978526
270.25,0,284.036,284.934,285.873,238.292,-6.31015,-0.79857,0,348.489,211.646,226.649,0.948724,0.000836095,0.00103345
270.75,0,284.025,284.92,285.857,238.292,-6.29189,-0.811264,0,348.489,211.646,226.649,0.948958,0.000837149,0.000951197
271.25,0,284.014,284.907,285.842,238.291,-6.27097,-0.821238,0,348.489,211.646,226.649,0.949191,0.00083863,0.000981922
271.75,0,284.004,284.894,285.827,238.29,-6.24899,-0.830119,0,348.489,211.646,226.649,0.949425,0.000839912,0.000920021
272.25,0,283.99,284.881,285.812,238.29,-6.26791,-0.871431,0,348.268,211.615,226.649,0.949652,0.000861999,0.000976655
272.75,0,283.979,284.868,285.797,238.289,-6.25008,-0.883597,0,348.268,211.615,226.649,0.94988,0.000862878,0.000895619
273.25,0,283.968,284.855,285.782,238.289,-6.22954,-0.893159,0,348.268,211.615,226.649,0.950109,0.000864232,0.000927775
273.75,0,283.958,284.842,285.766,238.288,-6.20793,-0.901656,0,348.268,211.615,226.649,0.950337,0.000865392,0.000866955
274.25,0,283.944,284.829,285.752,238.287,-6.22573,-0.943468,0,348.049,211.584,226.649,0.95056,0.000888193,0.000924035
274.75,0,283.933,284.816,285.737,238.287,-6.20804,-0.955237,0,348.049,211.584,226.649,0.950784,0.000889331,0.000843985
275.25,0,283.922,284.803,285.722,238.286,-6.18771,-0.964448,0,348.049,211.584,226.649,0.951008,0.000890894,0.000877375
275.75,0,283.912,284.79,285.707,238.285,-6.16635,-0.972617,0,348.049,211.584,226.649,0.951233,0.000892242,0.000817514
276.25,0,283.898,284.777,285.692,238.285,-6.18471,-1.0125,0,347.833,211.554,226.649,0.951451,0.000914372,0.000876508
276.75,0,283.887,284.764,285.677,238.284,-6.16737,-1.02391,0,347.833,211.554,226.649,0.95167,0.000915429,0.000797446
277.25,0,283.877,284.752,285.663,238.284,-6.1474,-1.03279,0,347.833,211.554,226.649,0.95189,0.000916883,0.000831991
277.75,0,283.867,284.739,285.648,238.283,-6.12639,-1.04063,0,347.833,211.554,226.649,0.95211,0.000918121,0.00077307
278.25,0,283.853,284.726,285.633,238.282,-6.14458,-1.07975,0,347.62,211.524,226.649,0.952324,0.000939857,0.0008331
278.75,0,283.843,284.714,285.619,238.282,-6.12753,-1.0908,0,347.62,211.524,226.649,0.95254,0.000940808,0.000754976
279.25,0,283.832,284.701,285.604,238.281,-6.10788,-1.09934,0,347.62,211.524,226.649,0.952756,0.00094215,0.000790546
279.75,0,283.823,284.689,285.59,238.28,-6.08719,-1.10685,0,347.62,211.524,226.649,0.952972,0.00094328,0.000732509
280.25,0,283.809,284.676,285.575,238.28,-6.10446,-1.14641,0,347.409,211.494,226.649,0.953182,0.000966009,0.000792714
280.75,0,283.798,284.664,285.561,238.279,-6.08754,-1.15709,0,347.409,211.494,226.649,0.953394,0.000967223,0.000715426
281.25,0,283.788,284.651,285.547,238.279,-6.06813,-1.16526,0,347.409,211.494,226.649,0.953606,0.000968736,0.000751891
281.75,0,283.778,284.639,285.532,238.278,-6.04776,-1.1724,0,347.409,211.494,226.649,0.953818,0.000969986,0.000694685
282.25,0,283.765,284.627,285.518,238.277,-6.06561,-1.2101,0,347.2,211.464,226.649,0.954024,0.00099165,0.00075638
282.75,0,283.754,284.614,285.504,238.277,-6.04911,-1.22039,0,347.2,211.464,226.649,0.954232,0.000992721,0.000679982
283.25,0,283.744,284.602,285.49,238.276,-6.03006,-1.22825,0,347.2,211.464,226.649,0.954441,0.000994111,0.000717278
283.75,0,283.735,284.59,285.475,238.275,-6.00999,-1.23512,0,347.2,211.464,226.649,0.954649,0.000995269,0.000660853
284.25,0,283.722,284.577,285.461,238.275,-6.0277,-1.27217,0,346.993,211.435,226.649,0.954852,0.00101658,0.00072324
284.75,0,283.711,284.565,285.447,238.274,-6.01146,-1.28215,0,346.993,211.435,226.649,0.955057,0.00101755,0.000647647
285.25,0,283.701,284.553,285.433,238.274,-5.99269,-1.28972,0,346.993,211.435,226.649,0.955261,0.00101884,0.000685658
285.75,0,283.692,284.541,285.419,238.273,-5.97218,-1.2974,0,346.993,211.435,226.649,0.955466,0.00102084,0.000629355
286.25,0,283.679,284.529,285.405,238.272,-5.98955,-1.33387,0,346.789,211.407,226.649,0.955666,0.00104248,0.000692258
286.75,0,283.668,284.517,285.391,238.272,-5.97345,-1.34356,0,346.789,211.407,226.649,0.955866,0.00104378,0.000617379
287.25,0,283.658,284.505,285.378,238.271,-5.95486,-1.35087,0,346.789,211.407,226.649,0.956068,0.0010453,0.000655984
287.75,0,283.649,284.493,285.364,238.271,-5.93529,-1.35722,0,346.789,211.407,226.649,0.956269,0.00104657,0.000600959
288.25,0,283.636,284.481,285.35,238.27,-5.95258,-1.39313,0,346.587,211.378,226.649,0.956465,0.00106791,0.000664366
288.75,0,283.626,284.469,285.336,238.269,-5.93674,-1.40255,0,346.587,211.378,226.649,0.956663,0.00106912,0.000590225
289.25,0,283.616,284.457,285.322,238.269,-5.91844,-1.40961,0,346.587,211.378,226.649,0.95686,0.00107055,0.000629378
289.75,0,283.607,284.446,285.309,238.268,-5.89915,-1.41572,0,346.587,211.378,226.649,0.957058,0.00107172,0.000575016
290.25,0,283.594,284.433,285.295,238.268,-5.91629,-1.45103,0,346.386,211.35,226.649,0.957251,0.00109273,0.000638855
290.75,0,283.584,284.422,285.282,238.267,-5.90069,-1.46017,0,346.386,211.35,226.649,0.957445,0.00109384,0.000565415
291.25,0,283.574,284.41,285.268,238.266,-5.88212,-1.46784,0,346.386,211.35,226.649,0.95764,0.00109599,0.000604574
291.75,0,283.565,284.399,285.254,238.266,-5.863,-1.47367,0,346.386,211.35,226.649,0.957834,0.00109734,0.000550811
292.25,0,283.552,284.387,285.241,238.265,-5.87987,-1.50846,0,346.188,211.322,226.649,0.958024,0.00111867,0.00061495
292.75,0,283.542,284.375,285.228,238.265,-5.86442,-1.51735,0,346.188,211.322,226.649,0.958215,0.00112013,0.000542141
293.25,0,283.533,284.363,285.214,238.264,-5.84705,-1.52286,0,346.188,211.322,226.649,0.958406,0.00113917,0.000582726
293.75,0,283.523,284.352,285.201,238.263,-5.82843,-1.52866,0,346.188,211.322,226.649,0.958597,0.00114145,0.000529593
294.25,0,283.511,284.34,285.187,238.263,-5.84534,-1.563,0,345.992,211.294,226.649,0.958784,0.00116343,0.000594051
294.75,0,283.501,284.328,285.174,238.262,-5.83022,-1.5717,0,345.992,211.294,226.649,0.958972,0.00116678,0.000521924
295.25,0,283.491,284.317,285.161,238.262,-5.8122,-1.57883,0,345.992,211.294,226.649,0.95916,0.00117,0.000561862
295.75,0,283.482,284.306,285.148,238.261,-5.79361,-1.58423,0,345.992,211.294,226.649,0.959348,0.00117229,0.000509273
296.25,0,283.47,284.294,285.135,238.26,-5.81017,-1.618,0,345.798,211.266,226.649,0.959532,0.0011944,0.000573925
296.75,0,283.46,284.283,285.121,238.26,-5.79514,-1.62641,0,345.798,211.266,226.649,0.959716,0.00119794,0.000502371
297.25,0,283.451,284.271,285.108,238.259,-5.77775,-1.63253,0,345.798,211.266,226.649,0.959902,0.0012006,0.000543061
297.75,0,283.442,284.26,285.095,238.259,-5.75943,-1.63774,0,345.798,211.266,226.649,0.960087,0.00120278,0.000491002
298.25,0,283.429,284.249,285.082,238.258,-5.7759,-1.67097,0,345.605,211.239,226.649,0.960268,0.00122455,0.000555829
298.75,0,283.42,284.237,285.069,238.258,-5.76108,-1.67914,0,345.605,211.239,339.934,0.960449,0.00122796,0.000484877
299.25,0,283.41,284.226,285.056,238.257,-5.74391,-1.68504,0,345.605,211.239,339.934,0.960632,0.0012305,0.000525816
299.75,0,283.402,284.215,285.043,238.256,-5.72582,-1.69003,0,345.605,211.239,339.934,0.960814,0.00123257,0.000474274
300.25,0,283.389,284.204,285.03,238.256,-5.74187,-1.72325,0,345.415,211.212,339.934,0.960992,0.0012546,0.000538938
300.75,0,283.38,284.192,285.017,238.255,-5.72717,-1.73117,0,345.415,211.212,339.934,0.961171,0.00125824,0.000468538
301.25,0,283.371,284.181,285.005,238.255,-5.71012,-1.73696,0,345.415,211.212,339.934,0.961351,0.00126136,0.000509607
301.75,0,283.362,284.17,284.992,238.254,-5.69218,-1.74177,0,345.415,211.212,339.934,0.96153,0.00126484,0.000458525
302.25,0,283.35,284.159,284.979,238.253,-5.7083,-1.77407,0,345.226,211.185,339.934,0.961706,0.00128829,0.0005235
302.75,0,283.34,284.148,284.966,238.253,-5.69379,-1.78182,0,345.226,211.185,339.934,0.961882,0.00129391,0.000453638
303.25,0,283.331,284.137,284.953,238.252,-5.67699,-1.78734,0,345.226,211.185,339.934,0.962059,0.0012979,0.000494912
303.75,0,283.322,284.126,284.941,238.252,-5.65928,-1.79197,0,345.226,211.185,339.934,0.962236,0.00130125,0.000444304
304.25,0,283.31,284.115,284.928,238.251,-5.6753,-1.82379,0,345.039,211.158,339.934,0.962408,0.00132435,0.00050932
304.75,0,283.301,284.104,284.916,238.251,-5.66098,-1.83133,0,345.039,211.158,339.934,0.962582,0.00132981,0.000440004
305.25,0,283.292,284.093,284.903,238.25,-5.64439,-1.83666,0,345.039,211.158,339.934,0.962756,0.00133367,0.000481407
305.75,0,283.283,284.082,284.89,238.249,-5.6269,-1.8411,0,345.039,211.158,339.934,0.962931,0.00133689,0.000431257
306.25,0,283.271,284.071,284.878,238.249,-5.6428,-1.87246,0,344.853,211.132,339.934,0.963101,0.00135964,0.000496281
306.75,0,283.262,284.06,284.865,238.248,-5.62867,-1.87979,0,344.853,211.132,339.934,0.963272,0.00136496,0.000427493
307.25,0,283.253,284.05,284.853,238.248,-5.61228,-1.88494,0,344.853,211.132,339.934,0.963444,0.00136868,0.000468992
307.75,0,283.244,284.039,284.84,238.247,-5.59501,-1.88921,0,344.853,211.132,339.934,0.963616,0.00137177,0.00041928
308.25,0,283.233,284.028,284.828,238.247,-5.61079,-1.92012,0,344.669,211.106,339.934,0.963784,0.0013942,0.000484282
308.75,0,283.223,284.017,284.816,238.246,-5.59684,-1.92725,0,344.669,211.106,339.934,0.963952,0.00139937,0.000416004
309.25,0,283.214,284.006,284.803,238.245,-5.58066,-1.93222,0,344.669,211.106,339.934,0.964122,0.00140296,0.000457571
309.75,0,283.206,283.996,284.791,238.245,-5.56359,-1.93632,0,344.669,211.106,339.934,0.964291,0.00140594,0.000408282
310.25,0,283.194,283.985,284.779,238.244,-5.57926,-1.9668,0,344.487,211.08,339.934,0.964456,0.00142805,0.000473231
310.75,0,283.185,283.974,284.766,238.244,-5.56549,-1.97374,0,344.487,211.08,339.934,0.964623,0.00143308,0.00040545
311.25,0,283.176,283.964,284.754,238.243,-5.5495,-1.97854,0,344.487,211.08,339.934,0.96479,0.00143655,0.000447057
311.75,0,283.168,283.953,284.742,238.243,-5.53264,-1.98249,0,344.487,211.08,339.934,0.964957,0.00143941,0.000398175
312.25,0,283.156,283.942,284.73,238.242,-5.54819,-2.01254,0,344.306,211.054,339.934,0.96512,0.00146121,0.000463045
312.75,0,283.147,283.932,284.718,238.241,-5.5346,-2.0193,0,344.306,211.054,339.934,0.965284,0.00146611,0.000395747
313.25,0,283.138,283.921,284.706,238.241,-5.5188,-2.02394,0,344.306,211.054,339.934,0.965449,0.00146946,0.000437371
313.75,0,283.13,283.911,284.694,238.24,-5.50214,-2.02773,0,344.306,211.054,339.934,0.965613,0.00147221,0.000388882
314.25,0,283.119,283.9,284.681,238.24,-5.51759,-2.05738,0,344.127,211.029,339.934,0.965774,0.00149372,0.00045365
314.75,0,283.11,283.89,284.669,238.239,-5.50416,-2.06396,0,344.127,211.029,339.934,0.965936,0.00149849,0.000386822
315.25,0,283.101,283.88,284.657,238.239,-5.48855,-2.06844,0,344.127,211.029,339.934,0.966098,0.00150173,0.000428441
315.75,0,283.093,283.869,284.646,238.238,-5.47211,-2.07206,0,344.127,211.029,339.934,0.966261,0.00150434,0.000380352
316.25,0,283.081,283.859,284.634,238.237,-5.48749,-2.10127,0,343.95,211.003,339.934,0.96642,0.00152554,0.000445017
316.75,0,283.072,283.848,284.622,238.237,-5.47428,-2.10764,0,343.95,211.003,339.934,0.96658,0.00153015,0.000378679
317.25,0,283.064,283.838,284.61,238.236,-5.4589,-2.11193,0,343.95,211.003,339.934,0.96674,0.00153325,0.000420302
317.75,0,283.056,283.828,284.598,238.236,-5.44266,-2.11539,0,343.95,211.003,339.934,0.9669,0.00153575,0.000372591
318.25,0,283.044,283.817,284.586,238.235,-5.45793,-2.14422,0,343.773,210.978,339.934,0.967057,0.00155667,0.000437113
318.75,0,283.035,283.807,284.574,238.235,-5.44488,-2.15043,0,343.773,210.978,339.934,0.967215,0.00156116,0.000371222
319.25,0,283.027,283.797,284.563,238.234,-5.42968,-2.15458,0,343.773,210.978,339.934,0.967373,0.00156416,0.000412802
319.75,0,283.019,283.787,284.551,238.234,-5.41362,-2.15791,0,343.773,210.978,339.934,0.967531,0.00156657,0.000365448
320.25,0,283.007,283.776,284.539,238.233,-5.42879,-2.18637,0,343.599,210.953,339.934,0.967686,0.00158721,0.000429809
320.75,0,282.999,283.766,284.527,238.232,-5.41589,-2.19242,0,343.599,210.953,339.934,0.967842,0.00159159,0.000364355
321.25,0,282.99,283.756,284.516,238.232,-5.40086,-2.19643,0,343.599,210.953,339.934,0.967998,0.00159449,0.000405875
321.75,0,282.982,283.746,284.504,238.231,-5.38498,-2.19963,0,343.599,210.953,339.934,0.968154,0.00159681,0.000358868
322.25,0,282.971,283.736,284.492,238.231,-5.40006,-2.22773,0,343.425,210.928,339.934,0.968307,0.00161719,0.000423053
322.75,0,282.962,283.726,284.481,238.23,-5.38731,-2.23363,0,343.425,210.928,339.934,0.96846,0.00162146,0.000358027
323.25,0,282.954,283.716,284.469,238.23,-5.37245,-2.23751,0,343.425,210.928,339.934,0.968615,0.00162427,0.000399472
323.75,0,282.946,283.706,284.458,238.229,-5.35675,-2.24059,0,343.425,210.928,339.934,0.968769,0.00162649,0.000352803
324.25,0,282.935,283.695,284.446,238.229,-5.37172,-2.26833,0,343.253,210.903,339.934,0.96892,0.00164661,0.000416796
324.75,0,282.926,283.685,284.435,238.228,-5.35913,-2.27409,0,343.253,210.903,339.934,0.969071,0.00165078,0.00035219
325.25,0,282.918,283.675,284.423,238.228,-5.34443,-2.27785,0,343.253,210.903,339.934,0.969224,0.00165349,0.000393547
325.75,0,282.91,283.666,284.412,238.227,-5.32889,-2.28081,0,343.253,210.903,339.934,0.969376,0.00165563,0.000347207
326.25,0,282.899,283.655,284.4,238.226,-5.34377,-2.3082,0,343.082,210.879,339.934,0.969525,0.0016755,0.000410996
326.75,0,282.89,283.645,284.389,238.226,-5.33132,-2.31382,0,343.082,210.879,339.934,0.969675,0.00167957,0.000346802
327.25,0,282.882,283.636,284.378,238.225,-5.31678,-2.31746,0,343.082,210.879,339.934,0.969825,0.00168219,0.000388058
327.75,0,282.874,283.626,284.366,238.225,-5.30141,-2.32031,0,343.082,210.879,339.934,0.969976,0.00168425,0.000342038
328.25,0,282.863,283.616,284.355,238.224,-5.3162,-2.34737,0,342.913,210.855,339.934,0.970123,0.00170388,0.000405614
328.75,0,282.855,283.606,284.344,238.224,-5.30389,-2.35285,0,342.913,210.855,339.934,0.970271,0.00170784,0.000341822
329.25,0,282.847,283.596,284.333,238.223,-5.28951,-2.35637,0,342.913,210.855,339.934,0.970419,0.00171039,0.000382967
329.75,0,282.839,283.587,284.321,238.223,-5.2743,-2.35911,0,342.913,210.855,339.934,0.970568,0.00171236,0.000337261
330.25,0,282.828,283.577,284.31,238.222,-5.28904,-2.38584,0,342.745,210.831,339.934,0.970714,0.00173175,0.000400611
330.75,0,282.82,283.567,284.299,238.222,-5.27687,-2.3912,0,342.745,210.831,339.934,0.97086,0.00173562,0.000337216
331.25,0,282.812,283.557,284.288,238.221,-5.26264,-2.3946,0,342.745,210.831,339.934,0.971007,0.00173808,0.000378241
331.75,0,282.804,283.548,284.277,238.22,-5.24759,-2.39724,0,342.745,210.831,339.934,0.971154,0.00173998,0.00033284
332.25,0,282.793,283.538,284.265,238.22,-5.2623,-2.42366,0,342.578,210.807,339.934,0.971297,0.00175915,0.000395958
332.75,0,282.785,283.528,284.254,238.219,-5.25028,-2.42889,0,342.578,210.807,339.934,0.971442,0.00176293,0.000332951
333.25,0,282.777,283.518,284.243,238.219,-5.23621,-2.43218,0,342.578,210.807,339.934,0.971587,0.00176531,0.000373847
333.75,0,282.769,283.509,284.232,238.218,-5.22132,-2.43472,0,342.578,210.807,339.934,0.971732,0.00176713,0.000328745
334.25,0,282.758,283.499,284.221,238.218,-5.23595,-2.46085,0,342.412,210.783,339.934,0.971874,0.00178609,0.000391624
334.75,0,282.75,283.489,284.21,238.217,-5.22408,-2.46596,0,342.412,210.783,339.934,0.972016,0.00178978,0.000328997
335.25,0,282.742,283.48,284.199,238.217,-5.21017,-2.46915,0,342.412,210.783,339.934,0.97216,0.00179208,0.000369758
335.75,0,282.734,283.47,284.188,238.216,-5.19544,-2.47158,0,342.412,210.783,339.934,0.972303,0.00179383,0.000324948
336.25,0,282.724,283.461,284.177,238.216,-5.20999,-2.49742,0,342.247,210.759,339.934,0.972443,0.00181257,0.000387581
336.75,0,282.715,283.451,284.166,238.215,-5.19825,-2.5024,0,342.247,210.759,339.934,0.972584,0.00181618,0.000325328
337.25,0,282.707,283.442,284.156,238.215,-5.18452,-2.50546,0,342.247,210.759,339.934,0.972726,0.00181838,0.000365971
337.75,0,282.7,283.432,284.145,238.214,-5.17,-2.50774,0,342.247,210.759,339.934,0.972867,0.00182002,0.000321491
338.25,0,282.689,283.423,284.134,238.214,-5.18453,-2.53328,0,342.083,210.736,339.934,0.973006,0.00183855,0.000383903
338.75,0,282.681,283.413,284.123,238.213,-5.173,-2.5381,0,342.083,210.736,339.934,0.973145,0.00184203,0.000322059
339.25,0,282.673,283.404,284.112,238.212,-5.15945,-2.54104,0,342.083,210.736,339.934,0.973285,0.00184415,0.000362572
339.75,0,282.666,283.394,284.101,238.212,-5.14509,-2.54323,0,342.083,210.736,339.934,0.973425,0.00184572,0.00031837
340.25,0,282.655,283.385,284.091,238.211,-5.15954,-2.56849,0,341.921,210.712,339.934,0.973561,0.00186404,0.000380526
340.75,0,282.647,283.375,284.08,238.211,-5.14815,-2.5732,0,341.921,210.712,339.934,0.973699,0.00186744,0.000319042
341.25,0,282.639,283.366,284.069,238.21,-5.13474,-2.57604,0,341.921,210.712,339.934,0.973837,0.00186949,0.000359402
341.75,0,282.632,283.357,284.059,238.21,-5.12053,-2.57814,0,341.921,210.712,339.934,0.973975,0.001871,0.000315473
342.25,0,282.622,283.347,284.048,238.209,-5.1349,-2.60312,0,341.759,210.689,339.934,0.974111,0.00188911,0.000377365
342.75,0,282.613,283.338,284.037,238.209,-5.12363,-2.60772,0,341.759,210.689,339.934,0.974247,0.00189244,0.000316239
343.25,0,282.606,283.329,284.027,238.208,-5.11036,-2.61046,0,341.759,210.689,339.934,0.974383,0.00189442,0.000356439
343.75,0,282.598,283.32,284.016,238.208,-5.0963,-2.61248,0,341.759,210.689,339.934,0.97452,0.00189587,0.00031278
344.25,0,282.588,283.31,284.005,238.207,-5.11063,-2.63723,0,341.599,210.666,339.934,0.974653,0.00191382,0.000374409
344.75,0,282.58,283.301,283.995,238.207,-5.0995,-2.64174,0,341.599,210.666,339.934,0.974788,0.00191707,0.000313632
345.25,0,282.572,283.292,283.984,238.206,-5.08637,-2.6444,0,341.599,210.666,339.934,0.974923,0.00191899,0.00035367
345.75,0,282.565,283.283,283.974,238.206,-5.07245,-2.64633,0,341.599,210.666,339.934,0.975058,0.00192038,0.000310275
346.25,0,282.555,283.273,283.963,238.205,-5.08672,-2.67083,0,341.439,210.643,339.934,0.97519,0.00193814,0.000371638
346.75,0,282.547,283.264,283.953,238.205,-5.07571,-2.67524,0,341.439,210.643,339.934,0.975323,0.00194132,0.000311204
347.25,0,282.539,283.255,283.942,238.204,-5.06273,-2.67781,0,341.439,210.643,339.934,0.975456,0.00194318,0.000351077
347.75,0,282.532,283.246,283.932,238.204,-5.04896,-2.67967,0,341.439,210.643,339.934,0.97559,0.00194451,0.00030794
348.25,0,282.521,283.237,283.922,238.203,-5.06314,-2.7039,0,341.28,210.62,339.934,0.975721,0.00196208,0.00036903
348.75,0,282.513,283.228,283.911,238.203,-5.05225,-2.70821,0,341.28,210.62,339.934,0.975852,0.00196519,0.000308939
349.25,0,282.506,283.219,283.901,238.202,-5.0394,-2.7107,0,341.28,210.62,339.934,0.975984,0.00196699,0.000348641
349.75,0,282.499,283.21,283.89,238.202,-5.02576,-2.71247,0,341.28,210.62,339.934,0.976116,0.00196826,0.000305761
350.25,0,282.489,283.2,283.88,238.201,-5.03987,-2.73645,0,341.123,210.598,339.934,0.976245,0.00198564,0.000366572
350.75,0,282.481,283.191,283.87,238.2,-5.0291,-2.74066,0,341.123,210.598,339.934,0.976375,0.00198868,0.000306821
351.25,0,282.473,283.182,283.859,238.2,-5.01637,-2.74307,0,341.123,210.598,339.934,0.976506,0.00199042,0.000346348
351.75,0,282.466,283.174,283.849,238.199,-5.00287,-2.74477,0,341.123,210.598,339.934,0.976636,0.00199164,0.000303723
352.25,0,282.456,283.164,283.839,238.199,-5.01699,-2.76859,0,340.966,210.575,339.934,0.976764,0.0020089,0.000364268
352.75,0,282.448,283.155,283.829,238.198,-5.00635,-2.77272,0,340.966,210.575,339.934,0.976893,0.00201189,0.000304841
353.25,0,282.441,283.146,283.818,238.198,-4.99376,-2.77506,0,340.966,210.575,339.934,0.977022,0.00201357,0.0003442
353.75,0,282.433,283.138,283.808,238.197,-4.98039,-2.77669,0,340.966,210.575,339.934,0.977151,0.00201474,0.000301817
354.25,0,282.423,283.128,283.798,238.197,-4.99448,-2.80032,0,340.809,210.553,339.934,0.977278,0.00203187,0.000362106
354.75,0,282.415,283.12,283.788,238.196,-4.98396,-2.80438,0,340.809,210.553,339.934,0.977405,0.0020348,0.000302991
355.25,0,282.408,283.111,283.778,238.196,-4.9715,-2.80665,0,340.809,210.553,339.934,0.977532,0.00203643,0.000342185
355.75,0,282.401,283.102,283.768,238.195,-4.95827,-2.8082,0,340.809,210.553,339.934,0.97766,0.00203755,0.000300041
356.25,0,282.391,283.093,283.758,238.195,-4.97232,-2.83155,0,340.654,210.531,339.934,0.977785,0.00205447,0.00036009
356.75,0,282.383,283.084,283.748,238.194,-4.96197,-2.83546,0,340.654,210.531,339.934,0.977911,0.00205729,0.000301335
357.25,0,282.376,283.075,283.737,238.194,-4.9497,-2.83759,0,340.654,210.531,339.934,0.978038,0.00205883,0.000340401
357.75,0,282.369,283.067,283.727,238.193,-4.93665,-2.83903,0,340.654,210.531,339.934,0.978164,0.00205986,0.000298531
358.25,0,282.359,283.058,283.717,238.193,-4.95063,-2.86214,0,340.5,210.508,339.934,0.978288,0.00207661,0.000358302
358.75,0,282.351,283.049,283.707,238.192,-4.94039,-2.86596,0,340.5,210.508,339.934,0.978413,0.00207937,0.000299866
359.25,0,282.344,283.04,283.697,238.192,-4.92823,-2.86803,0,340.5,210.508,339.934,0.978538,0.00208085,0.000338751
359.75,0,282.337,283.032,283.687,238.191,-4.9153,-2.8694,0,340.5,210.508,339.934,0.978663,0.00208183,0.000297119
360.25,0,282.327,283.023,283.678,238.191,-4.92926,-2.89233,0,340.346,210.486,339.934,0.978785,0.00209845,0.000356613
360.75,0,282.319,283.014,283.668,238.19,-4.91913,-2.89608,0,340.346,210.486,339.934,0.978909,0.00210116,0.000298489
361.25,0,282.312,283.005,283.658,238.19,-4.90709,-2.89808,0,340.346,210.486,339.934,0.979032,0.0021026,0.000337197
361.75,0,282.305,282.997,283.648,238.189,-4.89428,-2.89939,0,340.346,210.486,339.934,0.979156,0.00210353,0.000295795
362.25,0,282.295,282.988,283.638,238.189,-4.9082,-2.92214,0,340.193,210.465,339.934,0.979278,0.00212002,0.000355016
362.75,0,282.288,282.979,283.628,238.188,-4.89818,-2.92582,0,340.193,210.465,339.934,0.9794,0.00212267,0.0002972
363.25,0,282.281,282.97,283.618,238.188,-4.88625,-2.92776,0,340.193,210.465,339.934,0.979522,0.00212407,0.000335729
363.75,0,282.274,282.962,283.608,238.187,-4.87356,-2.92901,0,340.193,210.465,339.934,0.979645,0.00212496,0.000294555
364.25,0,282.264,282.953,283.599,238.187,-4.88741,-2.95153,0,340.041,210.443,339.934,0.979765,0.00214129,0.000353496
364.75,0,282.256,282.944,283.589,238.186,-4.87748,-2.95514,0,340.041,210.443,339.934,0.979886,0.00214389,0.000295987
365.25,0,282.249,282.936,283.579,238.186,-4.86566,-2.95702,0,340.041,210.443,339.934,0.980007,0.00214523,0.000334334
365.75,0,282.242,282.928,283.569,238.185,-4.85309,-2.95821,0,340.041,210.443,339.934,0.980129,0.00214609,0.000293388
366.25,0,282.233,282.919,283.56,238.185,-4.86686,-2.98051,0,339.89,210.421,339.934,0.980248,0.00216225,0.000352044
366.75,0,282.225,282.91,283.55,238.184,-4.85703,-2.98404,0,339.89,210.421,339.934,0.980367,0.00216479,0.000294845
367.25,0,282.218,282.902,283.54,238.184,-4.84533,-2.98586,0,339.89,210.421,339.934,0.980488,0.0021661,0.000333006
367.75,0,282.211,282.893,283.531,238.183,-4.83287,-2.987,0,339.89,210.421,339.934,0.980608,0.00216691,0.000292287
368.25,0,282.201,282.885,283.521,238.183,-4.8466,-3.00912,0,339.739,210.4,339.934,0.980726,0.00218294,0.000350662
368.75,0,282.194,282.876,283.511,238.182,-4.83687,-3.01258,0,339.739,210.4,339.934,0.980844,0.00218544,0.000293765
369.25,0,282.187,282.868,283.502,238.182,-4.82527,-3.01434,0,339.739,210.4,339.934,0.980963,0.0021867,0.000331742
369.75,0,282.18,282.859,283.492,238.181,-4.81292,-3.01542,0,339.739,210.4,339.934,0.981082,0.00218747,0.000291247
370.25,0,282.17,282.851,283.482,238.181,-4.82666,-3.0374,0,339.589,210.378,339.934,0.981199,0.0022034,0.000349352
370.75,0,282.163,282.842,283.473,238.18,-4.81703,-3.04081,0,339.589,210.378,339.934,0.981316,0.00220585,0.000292747
371.25,0,282.156,282.834,283.463,238.18,-4.80554,-3.04251,0,339.589,210.378,339.934,0.981434,0.00220707,0.000330546
371.75,0,282.149,282.826,283.454,238.179,-4.79333,-3.04352,0,339.589,210.378,339.934,0.981552,0.00220779,0.000290283
372.25,0,282.14,282.817,283.444,238.179,-4.80707,-3.06528,0,339.44,210.357,339.934,0.981667,0.00222356,0.000348159
372.75,0,282.132,282.809,283.435,238.178,-4.79762,-3.06855,0,339.44,210.357,339.934,0.981784,0.00222591,0.000291898
373.25,0,282.125,282.8,283.425,238.178,-4.78631,-3.07012,0,339.44,210.357,339.934,0.9819,0.00222704,0.000329575
373.75,0,282.119,282.792,283.416,238.177,-4.77425,-3.07103,0,339.44,210.357,339.934,0.982017,0.00222769,0.000289563
374.25,0,282.109,282.783,283.406,238.177,-4.78799,-3.09266,0,339.291,210.336,339.934,0.982132,0.00224336,0.000347176
374.75,0,282.102,282.775,283.397,238.176,-4.77864,-3.09587,0,339.291,210.336,339.934,0.982247,0.00224567,0.000291194
375.25,0,282.095,282.767,283.388,238.176,-4.76743,-3.0974,0,339.291,210.336,339.934,0.982362,0.00224677,0.000328696
375.75,0,282.088,282.759,283.378,238.175,-4.75548,-3.09826,0,339.291,210.336,339.934,0.982478,0.00224738,0.00028889
376.25,0,282.079,282.75,283.369,238.175,-4.76915,-3.1197,0,339.143,210.315,339.934,0.982592,0.00226291,0.000346231
376.75,0,282.071,282.742,283.359,238.174,-4.75988,-3.12284,0,339.143,210.315,339.934,0.982706,0.00226518,0.000290534
377.25,0,282.064,282.734,283.35,238.174,-4.74877,-3.12432,0,339.143,210.315,339.934,0.98282,0.00226624,0.000327856
377.75,0,282.058,282.726,283.341,238.173,-4.73692,-3.12514,0,339.143,210.315,339.934,0.982935,0.00226682,0.000288259
378.25,0,282.048,282.717,283.331,238.173,-4.75052,-3.14638,0,338.996,210.294,339.934,0.983047,0.0022822,0.00034532
378.75,0,282.041,282.709,283.322,238.172,-4.74133,-3.14946,0,338.996,210.294,339.934,0.983161,0.00228443,0.000289911
379.25,0,282.034,282.701,283.313,238.172,-4.73032,-3.15089,0,338.996,210.294,339.934,0.983274,0.00228545,0.000327048
379.75,0,282.028,282.693,283.304,238.172,-4.71857,-3.15166,0,338.996,210.294,339.934,0.983387,0.00228599,0.000287662
380.25,0,282.018,282.684,283.294,238.171,-4.7321,-3.17271,0,338.85,210.273,339.934,0.983499,0.00230124,0.00034444
380.75,0,282.011,282.676,283.285,238.171,-4.723,-3.17573,0,338.85,210.273,339.934,0.983611,0.00230342,0.000289321
381.25,0,282.004,282.668,283.276,238.17,-4.71208,-3.17711,0,338.85,210.273,339.934,0.983723,0.0023044,0.00032627
381.75,0,281.998,282.66,283.267,238.17,-4.70043,-3.17784,0,338.85,210.273,339.934,0.983836,0.00230492,0.000287095
382.25,0,281.988,282.652,283.257,238.169,-4.71389,-3.19869,0,338.705,210.252,339.934,0.983946,0.00232003,0.000343589
382.75,0,281.981,282.643,283.248,238.169,-4.70488,-3.20166,0,338.705,210.252,339.934,0.984058,0.00232216,0.000288759
383.25,0,281.974,282.635,283.239,238.168,-4.69405,-3.20299,0,338.705,210.252,339.934,0.984169,0.00232311,0.00032552
383.75,0,281.968,282.627,283.23,238.168,-4.6825,-3.20367,0,338.705,210.252,339.934,0.98428,0.00232359,0.000286556
384.25,0,281.959,282.619,283.221,238.167,-4.69589,-3.22434,0,338.561,210.232,339.934,0.98439,0.00233857,0.000342765
384.75,0,281.951,282.611,283.212,238.167,-4.68696,-3.22724,0,338.561,210.232,339.934,0.9845,0.00234066,0.000288226
385.25,0,281.945,282.603,283.203,238.166,-4.67631,-3.22844,0,338.561,210.232,339.934,0.98461,0.00234151,0.000324862
385.75,0,281.938,282.595,283.194,238.166,-4.66495,-3.22899,0,338.561,210.232,339.934,0.984721,0.00234189,0.000286174
386.25,0,281.929,282.587,283.184,238.165,-4.67834,-3.2494,0,338.417,210.211,339.934,0.98483,0.00235668,0.000342146
386.75,0,281.922,282.579,283.175,238.165,-4.66957,-3.25217,0,338.417,210.211,339.934,0.984939,0.00235867,0.000287956
387.25,0,281.915,282.571,283.166,238.164,-4.65902,-3.25332,0,338.417,210.211,339.934,0.985048,0.00235949,0.000324402
387.75,0,281.909,282.563,283.157,238.164,-4.64774,-3.25383,0,338.417,210.211,339.934,0.985158,0.00235984,0.000285922
388.25,0,281.9,282.555,283.148,238.163,-4.66107,-3.27406,0,338.274,210.191,339.934,0.985265,0.0023745,0.000341609
388.75,0,281.892,282.547,283.139,238.163,-4.65238,-3.27677,0,338.274,210.191,339.934,0.985374,0.00237645,0.000287704
389.25,0,281.886,282.539,283.13,238.162,-4.64191,-3.27788,0,338.274,210.191,339.934,0.985482,0.00237724,0.000323961
389.75,0,281.879,282.531,283.121,238.162,-4.63072,-3.27835,0,338.274,210.191,339.934,0.985591,0.00237757,0.000285688
390.25,0,281.87,282.523,283.112,238.161,-4.64398,-3.29841,0,338.132,210.17,339.934,0.985697,0.0023921,0.000341091
390.75,0,281.863,282.515,283.104,238.161,-4.63537,-3.30106,0,338.132,210.17,339.934,0.985805,0.00239401,0.000287468
391.25,0,281.857,282.507,283.095,238.161,-4.62498,-3.30213,0,338.132,210.17,339.934,0.985912,0.00239477,0.000323536
391.75,0,281.85,282.499,283.086,238.16,-4.61389,-3.30257,0,338.132,210.17,339.934,0.98602,0.00239507,0.000285468
392.25,0,281.841,282.491,283.077,238.16,-4.62708,-3.32245,0,337.991,210.15,339.934,0.986126,0.00240947,0.000340589
392.75,0,281.834,282.483,283.068,238.159,-4.61854,-3.32506,0,337.991,210.15,339.934,0.986232,0.00241135,0.000287247
393.25,0,281.828,282.475,283.059,238.159,-4.60824,-3.32608,0,337.991,210.15,339.934,0.986339,0.00241207,0.000323126
393.75,0,281.821,282.468,283.05,238.158,-4.59723,-3.32648,0,337.991,210.15,339.934,0.986445,0.00241235,0.000285262
394.25,0,281.812,282.46,283.041,238.158,-4.61036,-3.34619,0,337.851,210.13,339.934,0.98655,0.00242663,0.000340102
394.75,0,281.805,282.452,283.033,238.157,-4.6019,-3.34875,0,337.851,210.13,339.934,0.986656,0.00242847,0.000287039
395.25,0,281.799,282.444,283.024,238.157,-4.59168,-3.34973,0,337.851,210.13,339.934,0.986761,0.00242916,0.000322731
395.75,0,281.792,282.436,283.015,238.156,-4.58087,-3.34998,0,337.851,210.13,339.934,0.986867,0.00242933,0.000285153
396.25,0,281.784,282.428,283.006,238.156,-4.59402,-3.36945,0,337.712,210.11,339.934,0.986971,0.00244343,0.000339774
396.75,0,281.777,282.42,282.997,238.155,-4.58574,-3.37184,0,337.712,210.11,339.934,0.987076,0.00244515,0.000287069
397.25,0,281.77,282.413,282.989,238.155,-4.57571,-3.37268,0,337.712,210.11,339.934,0.987181,0.00244574,0.000322657
397.75,0,281.764,282.405,282.98,238.154,-4.56499,-3.37289,0,337.712,210.11,339.934,0.987286,0.00244588,0.000285278
398.25,0,281.755,282.397,282.971,238.154,-4.57807,-3.39219,0,337.573,210.09,339.934,0.987389,0.00245986,0.00033962
398.75,0,281.748,282.389,282.963,238.154,-4.56986,-3.39454,0,337.573,210.09,339.934,0.987493,0.00246155,0.000287189
399.25,0,281.742,282.382,282.954,238.153,-4.55991,-3.39534,0,337.573,210.09,339.934,0.987597,0.00246211,0.00032259
399.75,0,281.735,282.374,282.945,238.153,-4.54927,-3.39553,0,337.573,210.09,339.934,0.987701,0.00246223,0.00028541
400.25,0,281.726,282.366,282.936,238.152,-4.56229,-3.41466,0,337.435,210.071,339.934,0.987803,0.00247609,0.000339475
400.75,0,281.72,282.358,282.928,238.152,-4.55414,-3.41697,0,337.435,210.071,339.934,0.987906,0.00247775,0.000287315
401.25,0,281.713,282.351,282.919,238.151,-4.54427,-3.41773,0,337.435,210.071,339.934,0.988009,0.00247829,0.00032253
401.75,0,281.707,282.343,282.911,238.151,-4.53371,-3.41789,0,337.435,210.071,339.934,0.988113,0.00247838,0.000285546
402.25,0,281.698,282.335,282.902,238.15,-4.54667,-3.43686,0,337.298,210.051,339.934,0.988214,0.00249213,0.000339336
402.75,0,281.691,282.328,282.893,238.15,-4.53859,-3.43912,0,337.298,210.051,339.934,0.988316,0.00249375,0.000287446
403.25,0,281.685,282.32,282.885,238.149,-4.52879,-3.43986,0,337.298,210.051,339.934,0.988419,0.00249427,0.000322475
403.75,0,281.679,282.313,282.876,238.149,-4.51835,-3.43994,0,337.298,210.051,339.934,0.988521,0.00249432,0.000285714
404.25,0,281.67,282.305,282.868,238.148,-4.53135,-3.45866,0,337.161,210.031,339.934,0.988622,0.00250787,0.000339304
404.75,0,281.663,282.297,282.859,238.148,-4.52347,-3.46074,0,337.161,210.031,339.934,0.988723,0.00250936,0.000287786
405.25,0,281.657,282.29,282.851,238.148,-4.5139,-3.46129,0,337.161,210.031,339.934,0.988825,0.00250975,0.000322734
405.75,0,281.651,282.282,282.842,238.147,-4.50363,-3.46125,0,337.161,210.031,339.934,0.988926,0.0025097,0.000286244
406.25,0,281.642,282.274,282.834,238.147,-4.51657,-3.47981,0,337.026,210.012,339.934,0.989026,0.00252314,0.00033956
406.75,0,281.635,282.267,282.825,238.146,-4.50876,-3.48185,0,337.026,210.012,339.934,0.989127,0.0025246,0.000288306
407.25,0,281.629,282.259,282.817,238.146,-4.49926,-3.48237,0,337.026,210.012,339.934,0.989227,0.00252497,0.000323071
407.75,0,281.623,282.252,282.808,238.145,-4.48907,-3.4823,0,337.026,210.012,339.934,0.989328,0.0025249,0.000286772
408.25,0,281.614,282.244,282.8,238.145,-4.50194,-3.50072,0,336.891,209.993,339.934,0.989428,0.00253824,0.000339817
408.75,0,281.607,282.237,282.791,238.144,-4.49419,-3.50271,0,336.891,209.993,339.934,0.989527,0.00253967,0.000288826
409.25,0,281.601,282.229,282.783,238.144,-4.48476,-3.50321,0,336.891,209.993,339.934,0.989627,0.00254002,0.000323408
409.75,0,281.595,282.222,282.774,238.143,-4.47464,-3.50312,0,336.891,209.993,339.934,0.989727,0.00253993,0.000287298
410.25,0,281.586,282.214,282.766,238.143,-4.48746,-3.52138,0,336.757,209.974,339.934,0.989826,0.00255316,0.000340073
410.75,0,281.58,282.207,282.758,238.143,-4.47992,-3.52319,0,336.757,209.974,339.934,0.989925,0.00255445,0.000289454
411.25,0,281.573,282.199,282.749,238.142,-4.47074,-3.52348,0,336.757,209.974,339.934,0.990024,0.00255465,0.000323988
411.75,0,281.567,282.192,282.741,238.142,-4.46088,-3.52317,0,336.757,209.974,339.934,0.990123,0.00255441,0.0002882
412.25,0,281.559,282.184,282.732,238.141,-4.47376,-3.54116,0,336.623,209.954,339.934,0.990221,0.00256744,0.000340803
412.75,0,281.552,282.177,282.724,238.141,-4.46632,-3.5429,0,336.623,209.954,339.934,0.990319,0.00256868,0.000290464
413.25,0,281.546,282.169,282.716,238.14,-4.4572,-3.54316,0,336.623,209.954,339.934,0.990418,0.00256886,0.000324816
413.75,0,281.54,282.162,282.707,238.14,-4.44741,-3.54284,0,336.623,209.954,339.934,0.990516,0.00256861,0.000289214
414.25,0,281.531,282.154,282.699,238.139,-4.46023,-3.56069,0,336.491,209.935,339.934,0.990613,0.00258153,0.00034155
414.75,0,281.525,282.147,282.691,238.139,-4.45284,-3.56239,0,336.491,209.935,339.934,0.990711,0.00258275,0.000291466
415.25,0,281.519,282.14,282.683,238.138,-4.44379,-3.56263,0,336.491,209.935,339.934,0.990808,0.00258291,0.000325637
415.75,0,281.513,282.133,282.674,238.138,-4.43422,-3.56213,0,336.491,209.935,339.934,0.990906,0.00258253,0.000290331
416.25,0,281.504,282.125,282.666,238.138,-4.44715,-3.57967,0,336.359,209.916,339.934,0.991003,0.00259523,0.000342524
416.75,0,281.498,282.118,282.658,238.137,-4.44005,-3.58111,0,336.359,209.916,339.934,0.991099,0.00259625,0.000292865
417.25,0,281.491,282.11,282.65,238.137,-4.4313,-3.58109,0,336.359,209.916,339.934,0.991196,0.00259622,0.000327026
417.75,0,281.485,282.103,282.641,238.136,-4.42188,-3.58049,0,336.359,209.916,339.934,0.991293,0.00259578,0.000291961
418.25,0,281.477,282.096,282.633,238.136,-4.43475,-3.59789,0,336.227,209.898,339.934,0.991389,0.00260837,0.00034389
418.75,0,281.47,282.088,282.625,238.135,-4.4277,-3.5993,0,336.227,209.898,339.934,0.991485,0.00260938,0.000294481
419.25,0,281.464,282.081,282.617,238.135,-4.41901,-3.59926,0,336.227,209.898,339.934,0.991582,0.00260933,0.000328462
419.75,0,281.458,282.074,282.609,238.134,-4.40984,-3.59845,0,336.227,209.898,339.934,0.991678,0.00260874,0.000293713
420.25,0,281.45,282.066,282.6,238.134,-4.42287,-3.6155,0,336.097,209.879,339.934,0.991773,0.00262108,0.000345538
420.75,0,281.443,282.059,282.592,238.134,-4.41618,-3.61657,0,336.097,209.879,339.934,0.991868,0.00262184,0.000296599
421.25,0,281.437,282.052,282.584,238.133,-4.40785,-3.61621,0,336.097,209.879,339.934,0.991964,0.00262156,0.000330623
421.75,0,281.431,282.045,282.576,238.133,-4.39886,-3.61527,0,336.097,209.879,339.934,0.99206,0.00262087,0.000296137
422.25,0,281.423,282.037,282.568,238.132,-4.41182,-3.63219,0,335.967,209.86,339.934,0.992154,0.00263311,0.000347699
422.75,0,281.417,282.03,282.56,238.132,-4.40528,-3.63314,0,335.967,209.86,339.934,0.992249,0.00263379,0.000299077
423.25,0,281.411,282.023,282.552,238.131,-4.3974,-3.63236,0,335.967,209.86,339.934,0.992344,0.00263321,0.000333209
423.75,0,281.405,282.016,282.544,238.131,-4.38887,-3.63102,0,335.967,209.86,339.934,0.992439,0.00263222,0.000299186
424.25,0,281.396,282.008,282.536,238.131,-4.40206,-3.64751,0,335.838,209.842,339.934,0.992532,0.00264416,0.000350693
424.75,0,281.39,282.001,282.528,238.13,-4.39585,-3.64815,0,335.838,209.842,339.934,0.992626,0.0026446,0.000302527
425.25,0,281.384,281.994,282.519,238.13,-4.38828,-3.64711,0,335.838,209.842,339.934,0.992721,0.00264384,0.000336657
425.75,0,281.378,281.987,282.511,238.129,-4.38032,-3.64524,0,335.838,209.842,339.934,0.992815,0.00264247,0.000303182
426.25,0,281.37,281.979,282.503,238.129,-4.39381,-3.66124,0,335.709,209.823,339.934,0.992908,0.00265405,0.000354699
426.75,0,281.363,281.972,282.495,238.128,-4.38817,-3.66134,0,335.709,209.823,339.934,0.993001,0.00265411,0.000307144
427.25,0,281.357,281.965,282.487,238.128,-4.38139,-3.65955,0,335.709,209.823,339.934,0.993095,0.00265279,0.000341634
427.75,0,281.352,281.958,282.479,238.127,-4.37415,-3.657,0,335.709,209.823,339.934,0.993189,0.00265093,0.000308816
428.25,0,281.343,281.951,282.471,238.127,-4.38807,-3.6724,0,335.581,209.805,339.934,0.993281,0.00266207,0.000360423
428.75,0,281.337,281.944,282.463,238.127,-4.38374,-3.6712,0,335.581,209.805,339.934,0.993374,0.00266119,0.00031403
429.25,0,281.331,281.937,282.456,238.126,-4.37808,-3.66833,0,335.581,209.805,339.934,0.993467,0.00265909,0.000349119
429.75,0,281.325,281.93,282.448,238.126,-4.37234,-3.66433,0,335.581,209.805,339.934,0.99356,0.00265618,0.000317514
430.25,0,281.317,281.922,282.44,238.125,-4.38764,-3.67815,0,335.454,209.787,339.934,0.993652,0.00266618,0.00036992
430.75,0,281.311,281.915,282.432,238.125,-4.38477,-3.67553,0,335.454,209.787,339.934,0.993744,0.00266426,0.000324782
431.25,0,281.305,281.908,282.424,238.124,-4.381,-3.6708,0,335.454,209.787,339.934,0.993836,0.00266082,0.00036103
431.75,0,281.299,281.901,282.416,238.124,-4.3767,-3.6654,0,335.454,209.787,339.934,0.993928,0.00265689,0.000330603
432.25,0,281.291,281.894,282.408,238.124,-4.39252,-3.67854,0,335.328,209.768,339.934,0.99402,0.0026664,0.000383168
432.75,0,281.284,281.887,282.4,238.123,-4.39086,-3.67472,0,335.328,209.768,339.934,0.994111,0.00266362,0.000339115
433.25,0,281.279,281.88,282.392,238.123,-4.38784,-3.66929,0,335.328,209.768,339.934,0.994203,0.00265966,0.000375693
433.75,0,281.273,281.873,282.384,238.122,-4.38418,-3.6633,0,335.328,209.768,339.934,0.994295,0.00265531,0.000345855
434.25,0,281.265,281.866,282.377,238.122,-4.40035,-3.6759,0,335.202,209.75,339.934,0.994385,0.00266442,0.000398467
434.75,0,281.258,281.859,282.369,238.121,-4.39915,-3.67165,0,335.202,209.75,339.934,0.994476,0.00266132,0.000354955
435.25,0,281.253,281.852,282.361,238.121,-4.3966,-3.66578,0,335.202,209.75,339.934,0.994567,0.00265706,0.000391664
435.75,0,281.247,281.845,282.353,238.121,-4.39341,-3.65937,0,335.202,209.75,339.934,0.994658,0.00265239,0.000362296
436.25,0,281.239,281.838,282.345,238.12,-4.40982,-3.67155,0,335.076,209.732,339.934,0.994748,0.00266121,0.000414874
436.75,0,281.233,281.831,282.338,238.12,-4.40884,-3.6671,0,335.076,209.732,339.934,0.994839,0.00265796,0.000371721
437.25,0,281.227,281.824,282.33,238.119,-4.40635,-3.66121,0,335.076,209.732,339.934,0.994929,0.00265368,0.000408269
437.75,0,281.221,281.817,282.322,238.119,-4.40351,-3.65449,0,335.076,209.732,339.934,0.99502,0.00264879,0.000379282
438.25,0,281.213,281.81,282.314,238.118,-4.42008,-3.66634,0,334.952,209.714,339.934,0.995109,0.00265737,0.000431766
438.75,0,281.207,281.803,282.307,238.118,-4.41943,-3.66158,0,334.952,209.714,339.934,0.995199,0.0026539,0.000389056
439.25,0,281.201,281.796,282.299,238.118,-4.41722,-3.65545,0,334.952,209.714,339.934,0.995289,0.00264944,0.000425598
439.75,0,281.195,281.789,282.291,238.117,-4.41438,-3.64878,0,334.952,209.714,339.934,0.995377,0.00264459,0.000463982
440.25,0,281.187,281.782,282.284,238.117,-4.43077,-3.66056,0,334.828,209.696,339.934,0.995457,0.00265312,0.000582883
440.75,0,281.181,281.775,282.277,238.116,-4.42999,-3.65597,0,334.828,209.696,339.934,0.995532,0.00264977,0.000527012
441.25,0,281.175,281.769,282.27,238.116,-4.42771,-3.64994,0,334.828,209.696,339.934,0.99559,0.00264539,0.000648538
441.75,0,281.17,281.762,282.263,238.115,-4.42452,-3.64366,0,334.828,209.696,339.934,0.995635,0.00264082,0.000596609
442.25,0,281.162,281.756,282.257,238.115,-4.43953,-3.65515,0,334.708,209.679,339.934,0.995666,0.00264913,0.000694671
442.75,0,281.156,281.749,282.25,238.115,-4.43799,-3.65124,0,334.708,209.679,339.934,0.995691,0.00264628,0.000637016
443.25,0,281.15,281.743,282.243,238.114,-4.43479,-3.64613,0,334.708,209.679,339.934,0.995709,0.00264256,0.000733065
443.75,0,281.144,281.737,282.237,238.114,-4.43083,-3.64062,0,334.708,209.679,339.934,0.995722,0.00263856,0.000811146
444.25,0,281.136,281.73,282.231,238.113,-4.44426,-3.65135,0,334.593,209.661,339.934,0.995732,0.00264632,0.00078915
444.75,0,281.13,281.724,282.225,238.113,-4.4422,-3.64777,0,334.593,209.661,339.934,0.99574,0.00264371,0.000833789
445.25,0,281.125,281.718,282.219,238.113,-4.43862,-3.64295,0,334.593,209.661,339.934,0.995746,0.0026402,0.000808542
445.75,0,281.119,281.712,282.213,238.112,-4.43441,-3.63765,0,334.593,209.661,339.934,0.99575,0.00263634,0.000851397
446.25,0,281.111,281.705,282.207,238.112,-4.44726,-3.64805,0,334.479,209.644,339.934,0.995754,0.00264386,0.000855604
446.75,0,281.105,281.699,282.201,238.111,-4.44504,-3.64453,0,334.479,209.644,339.934,0.995757,0.0026413,0.000870887
447.25,0,281.1,281.693,282.195,238.111,-4.44134,-3.63979,0,334.479,209.644,339.934,0.99576,0.00263785,0.000868334
447.75,0,281.094,281.687,282.189,238.111,-4.43705,-3.63455,0,334.479,209.644,339.934,0.995762,0.00263404,0.000886586
448.25,0,281.086,281.681,282.183,238.11,-4.4497,-3.64481,0,334.367,209.627,339.934,0.995764,0.00264146,0.000909663
448.75,0,281.08,281.674,282.177,238.11,-4.44742,-3.64132,0,334.367,209.627,339.934,0.995766,0.00263891,0.000905018
449.25,0,281.075,281.668,282.171,238.109,-4.44369,-3.6366,0,334.367,209.627,339.934,0.995768,0.00263548,0.000918149
449.75,0,281.069,281.662,282.165,238.109,-4.43938,-3.63139,0,334.367,209.627,339.934,0.995769,0.00263169,0.000920054
450.25,0,281.061,281.656,282.159,238.108,-4.45193,-3.64156,0,334.255,209.609,339.934,0.995771,0.00263904,0.000955612
450.75,0,281.055,281.65,282.153,238.108,-4.44963,-3.63808,0,334.255,209.609,339.934,0.995772,0.00263651,0.000938
451.25,0,281.05,281.644,282.147,238.108,-4.44589,-3.63338,0,334.255,209.609,339.934,0.995774,0.00263309,0.000961217
451.75,0,281.044,281.638,282.141,238.107,-4.44158,-3.62819,0,334.255,209.609,339.934,0.995775,0.00262931,0.00101595
452.25,0,281.037,281.631,282.135,238.107,-4.45404,-3.63828,0,334.144,209.592,339.934,0.995777,0.0026366,0.00119686
452.75,0,281.031,281.625,282.129,238.106,-4.45173,-3.63481,0,334.144,209.592,339.934,0.995778,0.00263407,0.00104921
453.25,0,281.025,281.619,282.123,238.106,-4.448,-3.63012,0,334.144,209.592,339.934,0.995779,0.00263067,0.00120035
453.75,0,281.02,281.613,282.117,238.106,-4.44369,-3.62495,0,334.144,209.592,339.934,0.99578,0.0026269,0.00107743
454.25,0,281.012,281.607,282.111,238.105,-4.45603,-3.63493,0,334.033,209.575,339.934,0.995782,0.00263412,0.00123283
454.75,0,281.006,281.601,282.105,238.105,-4.45372,-3.63147,0,334.033,209.575,339.934,0.995783,0.0026316,0.00110696
455.25,0,281,281.595,282.1,238.105,-4.44999,-3.62681,0,334.033,209.575,339.934,0.995784,0.00262821,0.00123546
455.75,0,280.995,281.589,282.094,238.104,-4.44569,-3.62166,0,334.033,209.575,339.934,0.995786,0.00262446,0.00113212
456.25,0,280.988,281.583,282.088,238.104,-4.45797,-3.63158,0,333.923,209.559,339.934,0.995787,0.00263163,0.00126669
456.75,0,280.982,281.577,282.082,238.103,-4.45566,-3.62814,0,333.923,209.559,339.934,0.995788,0.00262913,0.00115897
457.25,0,280.976,281.571,282.076,238.103,-4.45194,-3.6235,0,333.923,209.559,339.934,0.995789,0.00262575,0.00126853
457.75,0,280.971,281.565,282.07,238.103,-4.44765,-3.61838,0,333.923,209.559,339.934,0.99579,0.00262203,0.00118175
458.25,0,280.963,281.559,282.064,238.102,-4.45987,-3.62823,0,333.814,209.542,339.934,0.995792,0.00262915,0.00129876
458.75,0,280.957,281.553,282.058,238.102,-4.45757,-3.62481,0,333.814,209.542,339.934,0.995793,0.00262666,0.0012064
459.25,0,280.952,281.547,282.053,238.101,-4.45386,-3.62019,0,333.814,209.542,339.934,0.995794,0.00262329,0.00130006
459.75,0,280.946,281.541,282.047,238.101,-4.44959,-3.6151,0,333.814,209.542,339.934,0.995795,0.00261959,0.00122717
460.25,0,280.939,281.535,282.041,238.101,-4.46175,-3.62489,0,333.705,209.525,339.934,0.995796,0.00262667,0.00132955
460.75,0,280.933,281.529,282.035,238.1,-4.45945,-3.62148,0,333.705,209.525,339.934,0.995798,0.00262419,0.00124995
461.25,0,280.927,281.523,282.029,238.1,-4.45576,-3.61688,0,333.705,209.525,339.934,0.995799,0.00262084,0.00133049
461.75,0,280.922,281.517,282.023,238.099,-4.4515,-3.61182,0,333.705,209.525,339.934,0.9958,0.00261716,0.00126901
462.25,0,280.915,281.511,282.018,238.099,-4.46361,-3.62155,0,333.597,209.509,339.934,0.995801,0.00262419,0.0013594
462.75,0,280.909,281.505,282.012,238.099,-4.46131,-3.61816,0,333.597,209.509,339.934,0.995802,0.00262172,0.00129018
463.25,0,280.903,281.499,282.006,238.098,-4.45763,-3.61358,0,333.597,209.509,339.934,0.995803,0.00261839,0.0013601
463.75,0,280.898,281.493,282,238.098,-4.45338,-3.60854,0,333.597,209.509,339.934,0.995805,0.00261472,0.00130778
464.25,0,280.891,281.487,281.994,238.098,-4.46543,-3.61821,0,333.489,209.492,339.934,0.995806,0.00262172,0.00145069
464.75,0,280.885,281.481,281.989,238.097,-4.46314,-3.61483,0,333.489,209.492,339.934,0.995807,0.00261926,0.0016639
465.25,0,280.879,281.475,281.983,238.097,-4.45947,-3.61028,0,333.489,209.492,339.934,0.995808,0.00261594,0.00146815
465.75,0,280.874,281.469,281.977,238.096,-4.45524,-3.60526,0,333.489,209.492,339.934,0.995809,0.00261229,0.00167771
466.25,0,280.867,281.463,281.971,238.096,-4.4672,-3.61485,0,333.382,209.476,339.934,0.995811,0.00261922,0.00151076
466.75,0,280.861,281.457,281.966,238.096,-4.46491,-3.61149,0,333.382,209.476,339.934,0.995812,0.00261677,0.00169402
467.25,0,280.855,281.451,281.96,238.095,-4.46125,-3.60696,0,333.382,209.476,339.934,0.995813,0.00261348,0.00152601
467.75,0,280.85,281.446,281.954,238.095,-4.45704,-3.60196,0,333.382,209.476,339.934,0.995814,0.00260985,0.00170728
468.25,0,280.843,281.439,281.948,238.095,-4.46894,-3.6115,0,333.275,209.459,339.934,0.995815,0.00261674,0.00156636
468.75,0,280.837,281.434,281.943,238.094,-4.46667,-3.60815,0,333.275,209.459,339.934,0.995816,0.0026143,0.00172297
469.25,0,280.832,281.428,281.937,238.094,-4.46302,-3.60365,0,333.275,209.459,339.934,0.995817,0.00261103,0.00157988
469.75,0,280.826,281.422,281.931,238.093,-4.45883,-3.59868,0,333.275,209.459,339.934,0.995818,0.00260742,0.00173563
470.25,0,280.819,281.416,281.925,238.093,-4.47068,-3.60817,0,333.169,209.443,339.934,0.995819,0.00261427,0.00161835
470.75,0,280.813,281.41,281.92,238.093,-4.46841,-3.60484,0,333.169,209.443,339.934,0.99582,0.00261185,0.00175073
471.25,0,280.808,281.404,281.914,238.092,-4.46478,-3.60036,0,333.169,209.443,339.934,0.995822,0.00260859,0.0016304
471.75,0,280.803,281.399,281.908,238.092,-4.4606,-3.59542,0,333.169,209.443,339.934,0.995822,0.002605,0.00176287
472.25,0,280.796,281.393,281.903,238.092,-4.47241,-3.60485,0,333.063,209.427,339.934,0.995824,0.00261181,0.00166719
472.75,0,280.79,281.387,281.897,238.091,-4.47015,-3.60154,0,333.063,209.427,339.934,0.995825,0.0026094,0.00177749
473.25,0,280.785,281.381,281.891,238.091,-4.46653,-3.59709,0,333.063,209.427,339.934,0.995826,0.00260616,0.00167791
473.75,0,280.779,281.375,281.886,238.091,-4.46237,-3.59218,0,333.063,209.427,339.934,0.995827,0.00260259,0.00178923
474.25,0,280.772,281.369,281.88,238.09,-4.47412,-3.60155,0,332.958,209.411,339.934,0.995828,0.00260937,0.00171316
474.75,0,280.766,281.364,281.874,238.09,-4.47188,-3.59826,0,332.958,209.411,339.934,0.995829,0.00260697,0.0018035
475.25,0,280.761,281.358,281.869,238.089,-4.46828,-3.59384,0,332.958,209.411,339.934,0.99583,0.00260375,0.00172264
475.75,0,280.756,281.352,281.863,238.089,-4.46413,-3.58895,0,332.958,209.411,339.934,0.995831,0.0026002,0.00181494
476.25,0,280.749,281.346,281.857,238.089,-4.47583,-3.59827,0,332.853,209.395,339.934,0.995833,0.00260694,0.00175645
476.75,0,280.743,281.34,281.852,238.088,-4.4736,-3.595,0,332.853,209.395,339.934,0.995833,0.00260455,0.00182896
477.25,0,280.738,281.335,281.846,238.088,-4.47001,-3.59059,0,332.853,209.395,339.934,0.995835,0.00260135,0.00176478
477.75,0,280.733,281.329,281.841,238.088,-4.46588,-3.58573,0,332.853,209.395,339.934,0.995836,0.00259781,0.00184022
478.25,0,280.726,281.323,281.835,238.087,-4.47754,-3.595,0,332.749,209.379,339.934,0.995837,0.00260451,0.00179724
478.75,0,280.72,281.317,281.829,238.087,-4.47531,-3.59175,0,332.749,209.379,339.934,0.995838,0.00260214,0.00185406
479.25,0,280.715,281.312,281.824,238.087,-4.47174,-3.58737,0,332.749,209.379,339.934,0.995839,0.00259895,0.0018045
479.75,0,280.709,281.306,281.818,238.086,-4.46762,-3.58253,0,332.749,209.379,339.934,0.99584,0.00259544,0.00233673
480.25,0,280.702,281.3,281.812,238.086,-4.47923,-3.59175,0,332.645,209.364,339.934,0.995841,0.0026021,0.00202859
480.75,0,280.697,281.294,281.807,238.086,-4.47701,-3.58851,0,332.645,209.364,339.934,0.995842,0.00259974,0.00235157
481.25,0,280.691,281.289,281.801,238.085,-4.47345,-3.58416,0,332.645,209.364,339.934,0.995843,0.00259657,0.00204426
481.75,0,280.686,281.283,281.796,238.085,-4.46936,-3.57935,0,332.645,209.364,339.934,0.995844,0.00259308,0.00236348
482.25,0,280.679,281.277,281.79,238.085,-4.48092,-3.58853,0,332.542,209.348,339.934,0.995845,0.00259971,0.00208123
482.75,0,280.674,281.272,281.785,238.084,-4.47872,-3.58531,0,332.542,209.348,339.934,0.995846,0.00259737,0.00237759
483.25,0,280.668,281.266,281.779,238.084,-4.47517,-3.58098,0,332.542,209.348,339.934,0.995847,0.00259422,0.00209607
483.75,0,280.663,281.26,281.774,238.083,-4.4711,-3.5762,0,332.542,209.348,339.934,0.995848,0.00259074,0.00238885
484.25,0,280.656,281.255,281.768,238.083,-4.48262,-3.58532,0,332.439,209.333,339.934,0.99585,0.00259734,0.00213197
484.75,0,280.651,281.249,281.762,238.083,-4.48042,-3.58212,0,332.439,209.333,339.934,0.995851,0.00259501,0.00240236
485.25,0,280.646,281.243,281.757,238.082,-4.47689,-3.57782,0,332.439,209.333,339.934,0.995852,0.00259187,0.00214598
485.75,0,280.64,281.238,281.751,238.082,-4.47284,-3.57306,0,332.439,209.333,339.934,0.995852,0.00258842,0.0024131
486.25,0,280.633,281.232,281.746,238.082,-4.48431,-3.58214,0,332.336,209.317,339.934,0.995854,0.00259498,0.00218084
486.75,0,280.628,281.226,281.74,238.081,-4.48212,-3.57896,0,332.336,209.317,339.934,0.995855,0.00259266,0.00242611
487.25,0,280.623,281.221,281.735,238.081,-4.47861,-3.57468,0,332.336,209.317,339.934,0.995856,0.00258955,0.00219404
487.75,0,280.618,281.215,281.729,238.081,-4.47457,-3.56995,0,332.336,209.317,339.934,0.995857,0.00258611,0.00243641
488.25,0,280.611,281.209,281.724,238.08,-4.486,-3.57898,0,332.234,209.302,339.934,0.995858,0.00259264,0.00222787
488.75,0,280.605,281.204,281.718,238.08,-4.48382,-3.57582,0,332.234,209.302,339.934,0.995859,0.00259033,0.00244902
489.25,0,280.6,281.198,281.713,238.08,-4.48033,-3.57156,0,332.234,209.302,339.934,0.99586,0.00258724,0.00224028
489.75,0,280.595,281.193,281.707,238.079,-4.47631,-3.56686,0,332.234,209.302,339.934,0.995861,0.00258382,0.00245898
490.25,0,280.588,281.187,281.702,238.079,-4.48769,-3.57584,0,332.133,209.287,339.934,0.995862,0.00259031,0.0022731
490.75,0,280.583,281.181,281.697,238.079,-4.48552,-3.5727,0,332.133,209.287,339.934,0.995863,0.00258802,0.00247127
491.25,0,280.577,281.176,281.691,238.078,-4.48205,-3.56847,0,332.133,209.287,339.934,0.995864,0.00258494,0.00228472
491.75,0,280.572,281.17,281.686,238.078,-4.47804,-3.56379,0,332.133,209.287,339.934,0.995865,0.00258154,0.00248097
492.25,0,280.566,281.165,281.68,238.078,-4.48938,-3.57272,0,332.031,209.272,339.934,0.995866,0.002588,0.00231655
492.75,0,280.56,281.159,281.675,238.077,-4.48722,-3.5696,0,332.031,209.272,339.934,0.995867,0.00258572,0.00249302
493.25,0,280.555,281.153,281.669,238.077,-4.48376,-3.56539,0,332.031,209.272,339.934,0.995868,0.00258266,0.00232739
493.75,0,280.55,281.148,281.664,238.077,-4.47977,-3.56074,0,332.031,209.272,339.934,0.995869,0.00257928,0.00250252
494.25,0,280.543,281.142,281.658,238.076,-4.49106,-3.56962,0,331.931,209.256,339.934,0.99587,0.0025857,0.00235825
494.75,0,280.538,281.137,281.653,238.076,-4.48892,-3.56651,0,331.931,209.256,339.934,0.995871,0.00258343,0.00251439
495.25,0,280.533,281.131,281.648,238.076,-4.48547,-3.56233,0,331.931,209.256,339.934,0.995872,0.00258039,0.00236833
495.75,0,280.528,281.126,281.642,238.075,-4.4815,-3.5577,0,331.931,209.256,339.934,0.995873,0.00257703,0.00252376
496.25,0,280.521,281.12,281.637,238.075,-4.49275,-3.56654,0,331.83,209.241,339.934,0.995875,0.00258341,0.00239824
496.75,0,280.515,281.115,281.631,238.075,-4.49061,-3.56345,0,331.83,209.241,339.934,0.995875,0.00258116,0.00262259
497.25,0,280.51,281.109,281.626,238.074,-4.48718,-3.55928,0,331.83,209.241,339.934,0.995877,0.00257813,0.00340643
497.75,0,280.505,281.104,281.621,238.074,-4.48323,-3.55469,0,331.83,209.241,339.934,0.995877,0.00257479,0.00264624
498.25,0,280.498,281.098,281.615,238.074,-4.49448,-3.56352,0,331.73,209.227,339.934,0.995879,0.00258117,0.00342332
498.75,0,280.493,281.093,281.61,238.074,-4.49236,-3.56045,0,331.73,209.227,339.934,0.99588,0.00257894,0.00267227
499.25,0,280.488,281.087,281.605,238.073,-4.48895,-3.55631,0,331.73,209.227,339.934,0.995881,0.00257593,0.00342437
499.75,0,280.483,281.082,281.599,238.073,-4.48501,-3.55174,0,331.73,209.227,339.934,0.995882,0.00257261,0.00269605
500.25,0,280.476,281.076,281.594,238.073,-4.49626,-3.56056,0,331.63,209.212,339.934,0.995883,0.00257898,0.00344039
500.75,0,280.471,281.071,281.589,238.072,-4.49416,-3.55752,0,331.63,209.212,339.934,0.995884,0.00257676,0.00272212
501.25,0,280.466,281.065,281.583,238.072,-4.49076,-3.55341,0,331.63,209.212,339.934,0.995885,0.00257377,0.00344048
501.75,0,280.461,281.06,281.578,238.072,-4.48685,-3.54886,0,331.63,209.212,339.934,0.995886,0.00257047,0.00274597
502.25,0,280.454,281.054,281.573,238.071,-4.49805,-3.55763,0,331.53,209.197,339.934,0.995887,0.00257681,0.00345539
502.75,0,280.449,281.049,281.567,238.071,-4.49596,-3.55461,0,331.53,209.197,339.934,0.995888,0.0025746,0.00391692
503.25,0,280.444,281.043,281.562,238.071,-4.49259,-3.55052,0,331.53,209.197,339.934,0.995889,0.00257163,0.00531661
503.75,0,280.439,281.038,281.557,238.071,-4.48869,-3.546,0,331.53,209.197,339.934,0.99589,0.00256835,0.00421702
504.25,0,280.432,281.032,281.551,238.07,-4.50019,-3.55502,0,331.429,209.183,339.934,0.995891,0.00257486,0.00532468
504.75,0,280.427,281.027,281.546,238.07,-4.49816,-3.55205,0,331.429,209.183,339.934,0.995892,0.0025727,0.00425923
505.25,0,280.422,281.022,281.541,238.07,-4.49482,-3.54801,0,331.429,209.183,339.934,0.995893,0.00256976,0.00532927
505.75,0,280.417,281.016,281.535,238.07,-4.49096,-3.54353,0,331.429,209.183,339.934,0.995894,0.0025665,0.00429892
506.25,0,280.41,281.011,281.53,238.069,-4.50257,-3.55262,0,331.327,209.169,339.934,0.995895,0.00257307,0.0053355
506.75,0,280.405,281.005,281.525,238.069,-4.50058,-3.54969,0,331.327,209.169,339.934,0.995896,0.00257094,0.00433976
507.25,0,280.4,281,281.52,238.069,-4.49728,-3.54568,0,331.327,209.169,339.934,0.995897,0.00256802,0.0053388
507.75,0,280.395,280.995,281.514,238.069,-4.49344,-3.54123,0,331.327,209.169,339.934,0.995898,0.00256479,0.00437814
508.25,0,280.388,280.989,281.509,238.068,-4.50502,-3.55027,0,331.225,209.155,339.934,0.995899,0.00257132,0.00534368
508.75,0,280.383,280.984,281.504,238.068,-4.50305,-3.54736,0,331.225,209.155,339.934,0.9959,0.0025692,0.0044177
509.25,0,280.378,280.978,281.499,238.068,-4.49976,-3.54338,0,331.225,209.155,339.934,0.995902,0.0025663,0.0053458
509.75,0,280.373,280.973,281.493,238.068,-4.49594,-3.53895,0,331.225,209.155,339.934,0.995902,0.00256309,0.00445481
510.25,0,280.366,280.968,281.488,238.067,-4.50748,-3.54795,0,331.124,209.141,339.934,0.995904,0.00256959,0.00534943
510.75,0,280.361,280.962,281.483,238.067,-4.50553,-3.54506,0,331.124,209.141,339.934,0.995905,0.00256749,0.00449305
511.25,0,280.356,280.957,281.478,238.067,-4.50225,-3.5411,0,331.124,209.141,339.934,0.995906,0.0025646,0.00535053
511.75,0,280.351,280.952,281.472,238.067,-4.49845,-3.5367,0,331.124,209.141,339.934,0.995907,0.0025614,0.00452882
512.25,0,280.345,280.946,281.467,238.066,-4.50996,-3.54565,0,331.023,209.128,339.934,0.995908,0.00256787,0.0053531
512.75,0,280.339,280.941,281.462,238.066,-4.50801,-3.54278,0,331.023,209.128,339.934,0.995909,0.00256578,0.00456567
513.25,0,280.334,280.935,281.457,238.066,-4.50475,-3.53883,0,331.023,209.128,339.934,0.99591,0.00256291,0.00585537
513.75,0,280.33,280.93,281.452,238.066,-4.50097,-3.53446,0,331.023,209.128,339.934,0.995911,0.00255973,0.00545391
514.25,0,280.323,280.925,281.446,238.065,-4.51251,-3.54344,0,330.922,209.114,339.934,0.995913,0.00256622,0.00583633
514.75,0,280.318,280.919,281.441,238.065,-4.51058,-3.54059,0,330.922,209.114,339.934,0.995914,0.00256415,0.00546609
515.25,0,280.313,280.914,281.436,238.065,-4.50735,-3.53667,0,330.922,209.114,339.934,0.995915,0.0025613,0.00582522
515.75,0,280.308,280.909,281.431,238.065,-4.50359,-3.53232,0,330.922,209.114,339.934,0.995916,0.00255813,0.00547636
516.25,0,280.301,280.903,281.426,238.065,-4.51516,-3.54132,0,330.821,209.101,339.934,0.995917,0.00256464,0.00580688
516.75,0,280.296,280.898,281.421,238.064,-4.51326,-3.5385,0,330.821,209.101,339.934,0.995918,0.00256258,0.005488
517.25,0,280.291,280.893,281.415,238.064,-4.51004,-3.5346,0,330.821,209.101,339.934,0.995919,0.00255975,0.00579654
517.75,0,280.286,280.888,281.41,238.064,-4.5063,-3.53028,0,330.821,209.101,339.934,0.99592,0.00255661,0.00549776
518.25,0,280.28,280.882,281.405,238.064,-4.51782,-3.53921,0,330.72,209.087,339.934,0.995921,0.00256306,0.0057791
518.75,0,280.274,280.877,281.4,238.063,-4.51593,-3.53641,0,330.72,209.087,339.934,0.995922,0.00256102,0.00550887
519.25,0,280.269,280.872,281.395,238.063,-4.51273,-3.53254,0,330.72,209.087,339.934,0.995923,0.0025582,0.00576952
519.75,0,280.265,280.866,281.39,238.063,-4.509,-3.52824,0,330.72,209.087,339.934,0.995924,0.00255508,0.0055181
520.25,0,280.258,280.861,281.384,238.063,-4.52048,-3.53712,0,330.62,209.074,339.934,0.995926,0.0025615,0.00575294
520.75,0,280.253,280.856,281.379,238.063,-4.51859,-3.53433,0,330.62,209.074,339.934,0.995927,0.00255946,0.00552865
521.25,0,280.248,280.85,281.374,238.062,-4.51541,-3.53048,0,330.62,209.074,339.934,0.995928,0.00255666,0.00574413
521.75,0,280.243,280.845,281.369,238.062,-4.5117,-3.5262,0,330.62,209.074,339.934,0.995929,0.00255355,0.00553731
522.25,0,280.237,280.84,281.364,238.062,-4.52311,-3.53503,0,330.521,209.061,339.934,0.99593,0.00255993,0.00572843
522.75,0,280.231,280.835,281.359,238.062,-4.52124,-3.53225,0,330.521,209.061,339.934,0.995931,0.00255791,0.00554725
523.25,0,280.227,280.829,281.354,238.061,-4.51806,-3.52842,0,330.521,209.061,339.934,0.995932,0.00255512,0.00572042
523.75,0,280.222,280.824,281.349,238.061,-4.51437,-3.52416,0,330.521,209.061,339.934,0.995933,0.00255203,0.00555529
524.25,0,280.215,280.819,281.344,238.061,-4.52573,-3.53293,0,330.421,209.048,339.934,0.995934,0.00255837,0.00570561
524.75,0,280.21,280.814,281.339,238.061,-4.52386,-3.53017,0,330.421,209.048,339.934,0.995935,0.00255635,0.00556459
525.25,0,280.205,280.808,281.333,238.061,-4.52071,-3.52636,0,330.421,209.048,339.934,0.995937,0.00255358,0.00569842
525.75,0,280.201,280.803,281.328,238.06,-4.51703,-3.52212,0,330.421,209.048,339.934,0.995937,0.0025505,0.00557198
526.25,0,280.194,280.798,281.323,238.06,-4.52834,-3.53084,0,330.323,209.035,339.934,0.995939,0.0025568,0.00568452
526.75,0,280.189,280.793,281.318,238.06,-4.52647,-3.52809,0,330.323,209.035,339.934,0.99594,0.0025548,0.0055806
527.25,0,280.184,280.787,281.313,238.06,-4.52333,-3.5243,0,330.323,209.035,339.934,0.995941,0.00255204,0.00567816
527.75,0,280.179,280.782,281.308,238.06,-4.51966,-3.52009,0,330.323,209.035,339.934,0.995942,0.00254898,0.00558732
528.25,0,280.173,280.777,281.303,238.059,-4.53092,-3.52875,0,330.224,209.021,339.934,0.995943,0.00255524,0.00566517
528.75,0,280.168,280.772,281.298,238.059,-4.52907,-3.52601,0,330.224,209.021,339.934,0.995944,0.00255325,0.00559524
529.25,0,280.163,280.767,281.293,238.059,-4.52593,-3.52224,0,330.224,209.021,339.934,0.995945,0.0025505,0.00565963
529.75,0,280.158,280.762,281.288,238.059,-4.52228,-3.51805,0,330.224,209.021,339.934,0.995946,0.00254746,0.00560128
530.25,0,280.152,280.756,281.283,238.058,-4.53349,-3.52666,0,330.127,209.008,339.934,0.995948,0.00255368,0.00564753
530.75,0,280.147,280.751,281.278,238.058,-4.53164,-3.52394,0,330.127,209.008,339.934,0.995949,0.00255169,0.0056085
531.25,0,280.142,280.746,281.273,238.058,-4.52852,-3.52019,0,330.127,209.008,339.934,0.99595,0.00254897,0.00564281
531.75,0.00176758,280.149,280.743,281.268,238.058,-4.44084,-3.44723,0.564383,330.127,209.008,339.934,0.995945,0.00249614,0.00554327
532.25,0.00620022,280.175,280.745,281.263,238.058,-4.23063,-3.27672,1.97972,330.034,209.001,339.934,0.995921,0.0023727,0.00546057
532.75,0.0106327,280.21,280.752,281.258,238.058,-3.9794,-3.06901,3.39501,330.034,209.001,339.934,0.995892,0.00222235,0.00542591
533.25,0.015065,280.251,280.761,281.253,238.057,-3.71468,-2.84933,4.81024,330.034,209.001,339.934,0.995859,0.00206333,0.00535947
533.75,0.0194971,280.296,280.773,281.249,238.057,-3.44282,-2.62224,6.22537,330.034,209.001,339.934,0.995823,0.00189894,0.00534088
534.25,0.0239287,280.349,280.79,281.245,238.057,-3.21615,-2.41023,7.74339,330.04,209.063,339.934,0.995687,0.00174547,0.00501464
534.75,0.0283599,280.404,280.809,281.241,238.058,-2.93366,-2.14031,9.27444,330.04,209.063,339.934,0.995585,0.00155006,0.00520055
535.25,0.0327905,280.462,280.83,281.237,238.058,-2.64902,-1.86682,10.8053,330.04,209.063,490.937,0.995502,0.00135205,0.00495458
535.75,0.0372204,280.522,280.853,281.234,238.058,-2.36326,-1.59038,12.3359,330.04,209.063,490.937,0.995431,0.00115189,0.00512038
536.25,0.0416497,280.59,280.88,281.232,238.058,-2.19347,-1.28275,13.8663,330.165,209.163,490.937,0.995255,0.000929125,0.00459879
536.75,0.0460781,280.656,280.909,281.23,238.058,-1.91013,-0.992688,15.3964,330.165,209.163,490.937,0.995126,0.000719063,0.00500077
537.25,0.0505056,280.724,280.939,281.229,238.058,-1.62518,-0.700112,16.9476,330.165,209.163,490.937,0.995021,0.000507159,0.00456724
537.75,0.0549321,280.798,280.97,281.228,238.059,-1.30062,-0.406904,18.6648,330.165,209.163,490.937,0.994935,0.000299286,0.00490555
538.25,0.0593575,280.881,281.007,281.228,238.059,-1.06222,-0.0894296,20.3816,330.39,209.287,490.937,0.994742,8.32784e-05,0.00414229
538.75,0.0637818,280.963,281.045,281.229,238.059,-0.664619,0.141326,22.0979,330.39,209.287,490.937,0.994539,0,0.00469938
539.25,0.0682048,281.045,281.085,281.23,238.06,-0.294925,0.417313,23.8137,330.39,209.287,490.937,0.994186,0,0.00404682
539.75,0.0726265,281.118,281.127,281.232,238.06,0.12091,0.827854,25.529,330.39,209.287,490.937,0.993513,0,0.00459683
540.25,0.0770467,281.189,281.178,281.235,238.061,0.768261,1.32693,27.2438,330.72,209.433,490.937,0.992747,0,0.00362709
540.75,0.0814655,281.251,281.226,281.239,238.061,1.41142,1.68601,28.9579,330.72,209.433,692.2,0.991415,0,0.0044624
541.25,0.0858826,281.313,281.276,281.244,238.062,2.09133,2.01122,30.6715,330.72,209.433,692.2,0.99044,0,0.0035909
541.75,0.090298,281.375,281.327,281.25,238.062,2.70936,2.30664,32.3844,330.72,209.433,692.2,0.989344,0,0.00431969
542.25,0.0947117,281.442,281.381,281.257,238.063,3.45743,2.6785,34.0966,331.194,209.554,692.2,0.987474,0,0.00327102
542.75,0.0991235,281.501,281.429,281.267,238.063,4.10368,3.08581,35.8081,331.194,209.554,692.2,0.986396,0,0.00420676
543.25,0.103533,281.563,281.479,281.278,238.064,4.84623,3.42245,37.7326,331.194,209.554,692.2,0.985208,0,0.00323179
543.75,0.107941,281.626,281.532,281.291,238.065,5.5711,3.77211,39.7091,331.194,209.554,692.2,0.983925,0,0.00406714
544.25,0.112347,281.696,281.588,281.306,238.065,6.48424,4.17815,41.6848,331.725,209.674,692.2,0.982494,0,0.00287641
544.75,0.11675,281.761,281.642,281.324,238.066,7.17665,4.59337,43.6594,331.725,209.674,692.2,0.980424,0,0.0038634
545.25,0.121152,281.822,281.691,281.349,238.067,7.93678,5.04579,45.633,331.725,209.674,692.2,0.979188,0,0.00286645
545.75,0.12555,281.884,281.742,281.376,238.068,8.71104,5.4186,47.6056,331.725,209.674,956.226,0.977887,0,0.00376042
546.25,0.129947,281.952,281.795,281.405,238.069,9.69221,5.84539,49.577,332.308,209.798,956.226,0.976481,0,0.00259604
546.75,0.134341,282.017,281.851,281.437,238.07,10.4226,6.24156,51.5473,332.308,209.798,956.226,0.975028,0,0.00352468
547.25,0.138732,282.083,281.907,281.47,238.07,11.103,6.63796,53.5164,332.308,209.798,956.226,0.973539,0,0.00259253
547.75,0.14312,282.146,281.96,281.512,238.071,11.7672,7.09223,55.4843,332.308,209.798,956.226,0.971266,0,0.00358477
548.25,0.147506,282.211,282.009,281.559,238.072,12.7981,7.62624,57.4509,332.944,209.927,956.226,0.969969,0,0.00234276
548.75,0.151889,282.273,282.06,281.608,238.073,13.6073,8.02778,59.4163,332.944,209.927,956.226,0.968622,0,0.00318819
549.25,0.156268,282.335,282.112,281.657,238.074,14.3483,8.427,61.3803,332.944,209.927,956.226,0.967236,0,0.00230372
549.75,0.160645,282.398,282.165,281.709,238.075,15.0622,8.83014,63.3429,332.944,209.927,956.226,0.965817,0,0.00310714
550.25,0.165019,282.467,282.221,281.762,238.076,16.033,9.29171,65.3041,333.58,210.053,956.226,0.964336,0,0.00206341
550.75,0.169389,282.533,282.277,281.816,238.078,16.7425,9.71671,67.2638,333.58,210.053,1308.03,0.962825,0,0.00300329
551.25,0.173756,282.6,282.335,281.872,238.079,17.4839,10.2316,69.473,333.58,210.053,1308.03,0.960133,0,0.00447616
551.75,0.178119,282.662,282.383,281.92,238.08,18.2545,10.8844,71.7212,333.58,210.053,1308.03,0.958123,0,0.00285571
552.25,0.182479,282.728,282.431,281.969,238.081,19.5139,11.4142,73.9676,334.27,210.186,1308.03,0.956845,0,0.00182999
552.75,0.186836,282.791,282.482,282.019,238.082,20.476,11.859,76.2122,334.27,210.186,1308.03,0.95551,0,0.00267952
553.25,0.191189,282.855,282.533,282.07,238.084,21.3703,12.3041,78.4549,334.27,210.186,1308.03,0.954128,0,0.00178412
553.75,0.195538,282.92,282.586,282.123,238.085,22.236,12.7556,80.6957,334.27,210.186,1308.03,0.952703,0,0.00239709
554.25,0.199883,282.99,282.641,282.177,238.086,23.3761,13.2722,82.9344,334.949,210.318,1308.03,0.951213,0,0.00148673
554.75,0.204224,283.058,282.697,282.233,238.087,24.2374,13.75,85.1712,334.949,210.318,1308.03,0.949686,0,0.00230606
555.25,0.208561,283.126,282.754,282.29,238.089,25.0471,14.2283,87.4059,334.949,210.318,1308.03,0.948127,0,0.00145929
555.75,0.212894,283.192,282.812,282.348,238.09,25.7686,14.872,89.6385,334.949,210.318,1308.03,0.944928,0,0.00891988
556.25,0.217223,283.262,282.865,282.401,238.092,26.7702,15.6674,91.8689,335.714,210.459,1308.03,0.941974,0,0.00179969
556.75,0.221548,283.323,282.913,282.449,238.093,27.7093,16.2731,94.0971,335.714,210.459,1759.97,0.940734,0,0.00193946
557.25,0.225868,283.384,282.962,282.498,238.095,28.6503,16.7298,96.3231,335.714,210.459,1759.97,0.939452,0,0.00129174
557.75,0.230184,283.447,283.012,282.548,238.096,29.5504,17.1899,98.5468,335.714,210.459,1759.97,0.938132,0,0.00179594
558.25,0.234496,283.515,283.064,282.599,238.098,30.7374,17.7174,100.768,336.428,210.593,1759.97,0.936759,0,0.00106766
558.75,0.238802,283.579,283.117,282.652,238.099,31.6305,18.2007,102.987,336.428,210.593,1759.97,0.935352,0,0.00161519
559.25,0.243104,283.644,283.171,282.706,238.101,32.4689,18.6839,105.204,336.428,210.593,1759.97,0.933916,0,0.00109243
559.75,0.247402,283.709,283.225,282.76,238.102,33.2866,19.1722,107.418,336.428,210.593,1759.97,0.932455,0,0.00155269
560.25,0.251694,283.782,283.281,282.816,238.104,34.4781,19.7424,109.742,337.2,210.732,1759.97,0.930947,0,0.000957235
560.75,0.255982,283.848,283.338,282.873,238.106,35.3552,20.4779,112.235,337.2,210.732,1759.97,0.926878,0,0.0187084
561.25,0.260264,283.918,283.397,282.932,238.108,36.0996,21.2607,114.725,337.2,210.732,1759.97,0.925361,0,0.000962215
561.75,0.264542,283.984,283.452,282.987,238.109,36.8906,22.0462,117.212,337.2,210.732,1759.97,0.92098,0,0.00347739
562.25,0.268814,284.051,283.499,283.034,238.111,38.1913,22.9085,119.696,338.029,210.88,1759.97,0.919807,0,0.000871304
562.75,0.273081,284.113,283.547,283.082,238.113,39.3264,23.4195,122.178,338.029,210.88,1759.97,0.918591,0,0.0010792
563.25,0.277342,284.176,283.596,283.131,238.115,40.3803,23.9268,124.656,338.029,210.88,2361.86,0.917337,0,0.000857777
563.75,0.281598,284.239,283.646,283.181,238.116,41.402,24.4392,127.13,338.029,210.88,2361.86,0.91605,0,0.000948114
564.25,0.285849,284.308,283.698,283.232,238.118,42.7311,25.0254,129.602,338.785,211.019,2361.86,0.914714,0,0.000788996
564.75,0.290094,284.374,283.75,283.284,238.12,43.7526,25.5631,132.071,338.785,211.019,2361.86,0.913346,0,0.000925265
565.25,0.294333,284.439,283.803,283.337,238.122,44.7185,26.1008,134.536,338.785,211.019,2361.86,0.911949,0,0.000776088
565.75,0.298566,284.506,283.857,283.391,238.124,45.6631,26.6444,136.997,338.785,211.019,2361.86,0.910526,0,0.000902607
566.25,0.302794,284.579,283.913,283.447,238.126,46.9555,27.268,139.456,339.614,211.164,2361.86,0.909062,0,0.000704061
566.75,0.307015,284.641,283.969,283.503,238.129,47.7028,28.2799,141.91,339.614,211.164,2361.86,0.903612,0,0.0415063
567.25,0.311231,284.71,284.026,283.56,238.131,48.3899,29.1221,144.362,339.614,211.164,2361.86,0.902172,0,0.000689579
567.75,0.31544,284.78,284.084,283.618,238.133,49.2593,29.6828,146.809,339.614,211.164,2361.86,0.900711,0,0.000848776
568.25,0.319644,284.85,284.144,283.677,238.135,50.3819,30.6255,149.254,340.495,211.32,2361.86,0.894945,0,0.00685917
568.75,0.323841,284.912,284.191,283.725,238.137,51.054,31.8045,151.694,340.495,211.32,3113.18,0.893061,0,0.00133746
569.25,0.328031,284.972,284.237,283.771,238.139,52.1356,32.3531,154.131,340.495,211.32,3113.18,0.891953,0,0.000573772
569.75,0.332215,285.032,284.285,283.818,238.141,53.1773,32.8746,156.564,340.495,211.32,3113.18,0.890816,0,0.000793278
570.25,0.336393,285.098,284.333,283.866,238.143,54.5496,33.4739,158.993,341.314,211.462,3113.18,0.889641,0,0.000484663
570.75,0.340564,285.16,284.382,283.915,238.145,55.5861,34.017,161.419,341.314,211.462,3113.18,0.88844,0,0.000762592
571.25,0.344728,285.222,284.431,283.964,238.147,56.5637,34.5582,163.84,341.314,211.462,3113.18,0.887216,0,0.000473992
571.75,0.348886,285.285,284.482,284.015,238.15,57.5192,35.1041,166.258,341.314,211.462,3113.18,0.885969,0,0.000732036
572.25,0.353037,285.355,284.533,284.066,238.152,58.9215,35.7505,168.886,342.152,211.605,3113.18,0.884686,0,0.000381018
572.75,0.35718,285.421,284.585,284.118,238.154,60.0351,36.3495,171.589,342.152,211.605,3113.18,0.883377,0,0.000698536
573.25,0.361317,285.479,284.638,284.171,238.159,60.8653,37.4617,174.287,342.152,211.605,3113.18,0.875955,0,0.0828964
573.75,0.365447,285.545,284.692,284.225,238.161,61.4749,38.7039,176.98,342.152,211.605,3113.18,0.874691,0,0.000572913
574.25,0.369569,285.619,284.747,284.28,238.163,62.8495,39.3752,179.669,343.005,211.767,3113.18,0.873388,0,7.1925e-06
574.75,0.373685,285.688,284.803,284.336,238.166,63.9053,39.993,182.353,343.005,211.767,3113.18,0.872062,0,0.000535171
575.25,0.377792,285.757,284.86,284.392,238.168,64.9129,40.6114,185.032,343.005,211.767,3113.18,0.870715,0,7.01308e-06
575.75,0.381893,285.827,284.917,284.449,238.171,65.9047,41.2363,187.706,343.005,211.767,3113.18,0.862935,0,0.0165921
576.25,0.385986,285.894,284.975,284.507,238.173,66.6584,43.1911,190.376,343.951,211.927,3113.18,0.860377,0,0.00283533
576.75,0.390071,285.956,285.023,284.555,238.176,67.5815,44.0899,193.04,343.951,211.927,3113.18,0.859084,0,0.000842852
577.25,0.394149,286.016,285.068,284.601,238.178,68.7643,44.6814,195.7,343.951,211.927,3113.18,0.858045,0,1.73141e-05
577.75,0.398219,286.077,285.115,284.647,238.181,69.9046,45.2605,198.354,343.951,211.927,3113.18,0.856982,0,0.000767961
578.25,0.402281,286.144,285.163,284.694,238.183,71.4083,45.9262,201.004,344.841,212.073,3113.18,0.855888,0,0
578.75,0.406335,286.192,285.21,284.742,238.192,71.9733,47.7185,203.648,344.841,212.073,3113.18,0.844855,0,0.207065
579.25,0.410381,286.253,285.259,284.791,238.194,72.4919,49.0611,206.287,344.841,212.073,3113.18,0.843841,0,0
579.75,0.41442,286.316,285.309,284.84,238.197,73.5142,49.6371,208.92,344.841,212.073,3113.18,0.842807,0,0
580.25,0.41845,286.384,285.359,284.891,238.199,74.8718,50.295,211.549,345.591,212.248,3113.18,0.841739,0,0
580.75,0.422471,286.448,285.41,284.942,238.202,75.9371,50.9014,214.172,345.591,212.248,3113.18,0.840653,0,0
581.25,0.426485,286.512,285.462,284.993,238.205,76.957,51.5076,216.79,345.591,212.248,3113.18,0.839548,0,0
581.75,0.43049,286.577,285.514,285.046,238.207,77.9609,52.1195,219.402,345.591,212.248,3113.18,0.838427,0,0
582.25,0.434487,286.648,285.567,285.099,238.21,79.3718,52.8277,222.008,346.548,212.402,3113.18,0.837281,0,0
582.75,0.438475,286.714,285.621,285.152,238.213,80.404,53.4656,224.61,346.548,212.402,3113.18,0.836118,0,0
583.25,0.442454,286.781,285.675,285.206,238.215,81.3791,54.1007,227.205,346.548,212.402,3113.18,0.834939,0,0
583.75,0.446425,286.832,285.729,285.26,238.219,81.8369,55.8176,229.795,346.548,212.402,3113.18,0.822611,0,0.0474101
584.25,0.450387,286.903,285.785,285.315,238.222,82.4051,57.7057,232.379,347.474,212.561,3113.18,0.821606,0,0
584.75,0.454341,286.967,285.84,285.371,238.225,83.2989,58.4559,234.957,347.474,212.561,3113.18,0.817869,0,0.0106673
585.25,0.458285,287.027,285.887,285.418,238.228,84.0012,59.6066,237.53,347.474,212.561,3113.18,0.816271,0,0.00230151
585.75,0.46222,287.084,285.93,285.461,238.231,85.1422,60.2187,240.096,347.474,212.561,3113.18,0.815498,0,0
586.25,0.466146,287.146,285.973,285.504,238.234,86.6731,60.8758,242.657,348.422,212.713,3113.18,0.8147,0,0
586.75,0.470063,287.204,286.017,285.548,238.236,87.8138,61.4581,245.212,348.422,212.713,3113.18,0.813882,0,0
587.25,0.473971,287.262,286.062,285.592,238.239,88.8897,62.0355,247.76,348.422,212.713,3113.18,0.813048,0,0
587.75,0.47787,287.32,286.107,285.637,238.242,89.942,62.6164,250.303,348.422,212.713,3113.18,0.812196,0,0
588.25,0.481759,287.384,286.153,285.683,238.245,91.3681,63.2893,252.84,349.32,212.858,3113.18,0.811323,0,0
588.75,0.485638,287.443,286.199,285.729,238.248,92.4372,63.8924,255.37,349.32,212.858,3113.18,0.810433,0,0
589.25,0.489508,287.502,286.246,285.776,238.251,93.4502,64.4922,257.894,349.32,212.858,3113.18,0.809528,0,0
589.75,0.493369,287.561,286.293,285.823,238.254,94.444,65.0961,260.412,349.32,212.858,3113.18,0.808608,0,0
590.25,0.49722,287.627,286.341,285.871,238.257,95.8356,65.7971,262.923,350.265,213.006,3113.18,0.807669,0,0
590.75,0.501061,287.688,286.39,285.92,238.26,96.8825,66.4305,265.494,350.265,213.006,3113.18,0.806714,0,0
591.25,0.504892,287.75,286.439,285.969,238.263,97.9532,67.0776,268.232,350.265,213.006,3113.18,0.805744,0,0
591.75,0.508713,287.812,286.488,286.018,238.266,99.0151,67.7315,270.962,350.265,213.006,3113.18,0.804758,0,0
592.25,0.512524,287.881,286.539,286.068,238.269,100.486,68.4868,273.685,351.233,213.161,3113.18,0.803753,0,0
592.75,0.516325,287.945,286.59,286.119,238.272,101.576,69.1666,276.401,351.233,213.161,3113.18,0.802732,0,0
593.25,0.520117,288.009,286.641,286.17,238.276,102.609,69.8432,279.109,351.233,213.161,3113.18,0.801697,0,0
593.75,0.523897,288.073,286.693,286.222,238.279,103.624,70.5246,281.81,351.233,213.161,3113.18,0.800649,0,0
594.25,0.527668,288.143,286.745,286.275,238.282,105.047,71.3081,284.504,352.205,213.324,3113.18,0.799582,0,0
594.75,0.531428,288.208,286.798,286.328,238.285,106.088,72.0148,287.191,352.205,213.324,3113.18,0.798502,0,0
595.25,0.535178,288.274,286.852,286.381,238.289,107.071,72.7181,289.87,352.205,213.324,3113.18,0.79741,0,0
595.75,0.538917,288.34,286.906,286.435,238.292,108.037,73.426,292.541,352.205,213.324,3113.18,0.796307,0,0
596.25,0.542645,288.412,286.961,286.49,238.295,109.43,74.2409,295.205,353.222,213.491,3113.18,0.795186,0,0
596.75,0.546363,288.479,287.016,286.545,238.298,110.424,74.9744,297.862,353.222,213.491,3113.18,0.794054,0,0
597.25,0.550071,288.546,287.072,286.6,238.302,111.359,75.704,300.51,353.222,213.491,3113.18,0.792912,0,0
597.75,0.553767,288.613,287.128,286.656,238.305,112.276,76.4379,303.151,353.222,213.491,3113.18,0.79176,0,0
598.25,0.557453,288.687,287.184,286.713,238.309,113.641,77.2838,305.785,354.283,213.663,3113.18,0.790593,0,0
598.75,0.561127,288.755,287.242,286.77,238.312,114.588,78.0437,308.41,354.283,213.663,3113.18,0.789416,0,0
599.25,0.564791,288.823,287.299,286.828,238.315,115.476,78.799,311.027,354.283,213.663,3113.18,0.788231,0,0
599.75,0.568443,288.892,287.358,286.886,238.319,116.346,79.5585,313.637,354.283,213.663,3113.18,0.787038,0,0
600.25,0.572084,288.967,287.416,286.945,238.322,117.681,80.4348,316.238,355.385,213.839,3113.18,0.785831,0,0
600.75,0.575714,289.037,287.476,287.004,238.326,118.583,81.2205,318.832,355.385,213.839,3113.18,0.784616,0,0
601.25,0.579333,289.107,287.535,287.063,238.329,119.424,82.0011,321.417,355.385,213.839,3113.18,0.783394,0,0
601.75,0.58294,289.177,287.595,287.123,238.333,120.247,82.7857,323.995,355.385,213.839,3113.18,0.782166,0,0
602.25,0.586536,289.254,287.656,287.184,238.337,121.547,83.6905,326.564,356.513,214.021,3113.18,0.780925,0,0
602.75,0.590121,289.325,287.717,287.245,238.34,122.404,84.5014,329.125,356.513,214.021,3113.18,0.779679,0,0
603.25,0.593693,289.396,287.778,287.306,238.344,123.199,85.3068,331.677,356.513,214.021,3113.18,0.778426,0,0
603.75,0.597255,289.467,287.84,287.368,238.347,123.976,86.1159,334.222,356.513,214.021,3113.18,0.777169,0,0
604.25,0.600804,289.545,287.903,287.43,238.351,125.248,87.0503,336.758,357.682,214.206,3113.18,0.775902,0,0
604.75,0.604341,289.617,287.966,287.493,238.355,126.06,87.8861,339.285,357.682,214.206,3113.18,0.774629,0,0
605.25,0.607867,289.69,288.029,287.556,238.358,126.811,88.7156,341.804,357.682,214.206,3113.18,0.773352,0,0
605.75,0.611381,289.762,288.093,287.62,238.362,127.543,89.5488,344.315,357.682,214.206,3113.18,0.772072,0,0
606.25,0.614883,289.842,288.157,287.684,238.366,128.786,90.5123,346.816,358.89,214.395,3113.18,0.770783,0,0
606.75,0.618372,289.915,288.221,287.748,238.37,129.555,91.3724,349.31,358.89,214.395,3113.18,0.769491,0,0
607.25,0.62185,289.989,288.286,287.813,238.373,130.261,92.2256,351.794,358.89,214.395,3113.18,0.768195,0,0
607.75,0.625315,290.062,288.352,287.878,238.377,130.949,93.0822,354.27,358.89,214.395,3113.18,0.766897,0,0
608.25,0.628768,290.143,288.417,287.944,238.381,132.164,94.0743,356.737,360.137,214.587,3113.18,0.765593,0,0
608.75,0.632209,290.218,288.484,288.01,238.385,132.891,94.9581,359.195,360.137,214.587,3113.18,0.764285,0,0
609.25,0.635637,290.292,288.55,288.077,238.389,133.553,95.8344,361.645,360.137,214.587,3113.18,0.762976,0,0
609.75,0.639053,290.367,288.617,288.143,238.392,134.196,96.7138,364.085,360.137,214.587,3113.18,0.761666,0,0
610.25,0.642456,290.449,288.684,288.211,238.396,135.384,97.734,366.516,361.423,214.783,3113.18,0.760351,0,0
610.75,0.645846,290.525,288.752,288.278,238.4,136.069,98.6409,368.939,361.423,214.783,3113.18,0.759033,0,0
611.25,0.649224,290.6,288.82,288.346,238.404,136.688,99.5396,371.352,361.423,214.783,3113.18,0.757716,0,0
611.75,0.652589,290.677,288.889,288.415,238.408,137.339,100.454,373.873,361.423,214.783,3113.18,0.756397,0,0
612.25,0.655941,290.761,288.958,288.483,238.412,138.57,101.519,376.42,362.746,214.983,3113.18,0.755074,0,0
612.75,0.659281,290.838,289.027,288.552,238.416,139.288,102.467,378.956,362.746,214.983,3113.18,0.753748,0,0
613.25,0.662607,290.916,289.097,288.622,238.42,139.938,103.408,381.483,362.746,214.983,3113.18,0.752422,0,0
613.75,0.665921,290.993,289.166,288.692,238.424,140.569,104.351,383.999,362.746,214.983,3113.18,0.751096,0,0
614.25,0.669221,291.079,289.237,288.762,238.428,141.775,105.448,386.506,364.107,215.187,3113.18,0.749765,0,0
614.75,0.672508,291.157,289.308,288.833,238.432,142.45,106.42,389.003,364.107,215.187,4016.82,0.748434,0,0
615.25,0.675782,291.236,289.379,288.904,238.436,143.056,107.384,391.49,364.107,215.187,4016.82,0.747104,0,0
615.75,0.679043,291.314,289.45,288.975,238.44,143.643,108.351,393.966,364.107,215.187,4016.82,0.745774,0,0
616.25,0.68229,291.401,289.522,289.047,238.444,144.82,109.476,396.433,365.506,215.393,4016.82,0.744441,0,0
616.75,0.685524,291.48,289.594,289.119,238.448,145.452,110.472,398.889,365.506,215.393,4016.82,0.743109,0,0
617.25,0.688745,291.56,289.667,289.191,238.452,146.013,111.458,401.335,365.506,215.393,4016.82,0.741779,0,0
617.75,0.691952,291.639,289.74,289.264,238.456,146.556,112.447,403.771,365.506,215.393,4016.82,0.74045,0,0
618.25,0.695145,291.727,289.813,289.337,238.46,147.703,113.6,406.197,366.943,215.603,4016.82,0.73912,0,0
618.75,0.698325,291.807,289.887,289.411,238.464,148.292,114.619,408.612,366.943,215.603,4016.82,0.737791,0,0
619.25,0.701491,291.887,289.96,289.484,238.469,148.809,115.627,411.017,366.943,215.603,5273.21,0.736465,0,0
619.75,0.704643,291.967,290.035,289.558,238.473,149.307,116.638,413.411,366.943,215.603,5273.21,0.735141,0,0
620.25,0.707781,292.056,290.109,289.633,238.477,150.425,117.818,415.795,368.416,215.815,5273.21,0.733817,0,0
620.75,0.710905,292.137,290.184,289.708,238.481,150.971,118.858,418.168,368.416,215.815,5273.21,0.732496,0,0
621.25,0.714016,292.218,290.259,289.783,238.485,151.444,119.887,420.53,368.416,215.815,5273.21,0.731177,0,0
621.75,0.717112,292.224,290.32,289.844,238.532,147.983,128.974,422.882,368.416,215.815,3113.18,0.692246,0,1.39275
622.25,0.720195,292.303,290.394,289.917,238.545,147.242,131.793,425.223,369.262,216.265,3113.18,0.691427,0,0.349192
622.75,0.723263,292.382,290.468,289.991,238.547,147.582,132.69,427.554,369.262,216.265,3113.18,0.690607,0,0
623.25,0.726317,292.462,290.542,290.065,238.549,147.989,133.612,429.874,369.262,216.265,3113.18,0.689787,0,0
623.75,0.729357,292.541,290.616,290.139,238.551,148.418,134.546,432.182,369.262,216.265,3113.18,0.688966,0,0
624.25,0.732382,292.628,290.69,290.213,238.554,149.36,135.623,434.48,370.439,216.5,4016.82,0.688148,0,0
624.75,0.735393,292.708,290.765,290.288,238.556,149.854,136.588,436.767,370.439,216.5,5273.21,0.687328,0,0
625.25,0.738389,292.789,290.84,290.363,238.558,150.294,137.547,439.043,370.439,216.5,5273.21,0.686508,0,0
625.75,0.741371,292.869,290.915,290.438,238.561,150.72,138.51,441.308,370.439,216.5,5273.21,0.685687,0,0
626.25,0.744339,292.958,290.991,290.513,238.563,151.787,139.654,443.562,371.954,216.68,5273.21,0.684864,0,0
626.75,0.747292,293.039,291.067,290.589,238.566,152.27,140.649,445.805,371.954,216.68,5273.21,0.684041,0,0
627.25,0.75023,293.12,291.143,290.665,238.569,152.68,141.631,448.037,371.954,216.68,5273.21,0.683217,0,0
627.75,0.753153,293.202,291.219,290.741,238.572,153.073,142.616,450.257,371.954,216.68,7026.68,0.682393,0,0
628.25,0.756062,293.291,291.296,290.818,238.575,154.118,143.79,452.467,373.508,216.867,7026.68,0.681569,0,0
628.75,0.758956,293.278,291.345,290.867,238.604,149.312,155.808,454.665,373.508,216.867,3113.18,0.640223,0,0.876597
629.25,0.761834,293.353,291.419,290.941,238.618,148.873,156.797,456.851,373.508,216.867,5273.21,0.639945,0,0.402246
629.75,0.764698,293.431,291.494,291.015,238.62,149.1,157.617,459.027,373.508,216.867,5273.21,0.639664,0,0
630.25,0.767547,293.515,291.569,291.09,238.621,149.753,158.564,461.19,374.265,217.199,5273.21,0.63936,0,0
630.75,0.770381,293.595,291.644,291.165,238.623,150.139,159.453,463.343,374.265,217.199,7026.68,0.639051,0,0
631.25,0.7732,293.675,291.719,291.241,238.624,150.502,160.344,465.484,374.265,217.199,7026.68,0.638737,0,0
631.75,0.776003,293.755,291.795,291.316,238.626,150.862,161.242,467.613,374.265,217.199,7026.68,0.638418,0,0
632.25,0.778791,293.773,291.857,291.378,238.643,148.053,170.21,469.731,375.833,217.359,3113.18,0.605362,0,0.481987
632.75,0.781564,293.848,291.93,291.451,238.644,147.207,172.405,471.837,375.833,217.359,7026.68,0.605471,0,0
633.25,0.784322,293.926,292.004,291.525,238.645,147.455,173.17,473.932,375.833,217.359,7026.68,0.605571,0,0
633.75,0.787064,294.005,292.079,291.599,238.647,147.789,173.967,476.014,375.833,217.359,7026.68,0.605664,0,0
634.25,0.78979,294.046,292.142,291.662,238.656,146.781,179.049,478.085,377.156,217.499,9270.94,0.585695,0,0.247566
634.75,0.792502,294.121,292.216,291.736,238.663,146.028,181.45,480.145,377.156,217.499,9270.94,0.586015,0,0.192193
635.25,0.795197,294.175,292.284,291.805,238.68,145.8,183.364,482.192,377.156,217.499,9270.94,0.574475,0,0.514045
635.75,0.797877,294.25,292.358,291.878,238.681,144.822,186.345,484.228,377.156,217.499,9270.94,0.574928,0,0
636.25,0.800541,294.296,292.408,291.928,238.698,143.885,190.779,486.268,378.162,217.746,9270.94,0.552741,0,0.547211
636.75,0.80319,294.322,292.446,291.966,238.703,143.503,194.134,488.362,378.162,217.746,9270.94,0.553926,0,0.143992
637.25,0.805823,294.371,292.483,292.003,238.73,144.326,194.383,490.443,378.162,217.746,7026.68,0.555114,0,0.88275
637.75,0.80844,294.42,292.521,292.041,238.729,145.307,194.683,492.511,378.162,217.746,7026.68,0.556294,0,0
638.25,0.811041,294.471,292.559,292.079,238.728,146.38,195.012,494.568,378.363,218.141,7026.68,0.557467,0,0
638.75,0.813626,294.52,292.597,292.116,238.727,147.37,195.321,496.611,378.363,218.141,7026.68,0.558632,0,0
639.25,0.816195,294.57,292.634,292.154,238.727,148.344,195.627,498.642,378.363,218.141,7026.68,0.559789,0,0
639.75,0.818748,294.619,292.659,292.178,238.739,149.307,195.933,500.66,378.363,218.141,7026.68,0.543246,0,0.405971
640.25,0.821285,294.626,292.696,292.216,238.738,148.176,201.569,502.666,379.158,218.227,7026.68,0.544521,0,0
640.75,0.823806,294.674,292.734,292.253,238.737,148.756,201.724,504.658,379.158,218.227,7026.68,0.5458,0,0
641.25,0.82631,294.722,292.771,292.29,238.737,149.629,201.969,506.638,379.158,218.227,9270.94,0.547071,0,0
641.75,0.828799,294.77,292.808,292.328,238.736,150.532,202.225,508.605,379.158,218.227,9270.94,0.548334,0,0
642.25,0.831271,294.823,292.822,292.341,238.742,151.805,202.594,510.559,380.004,218.236,9270.94,0.530603,0,0.207355
642.75,0.833727,294.814,292.859,292.378,238.756,150.379,208.476,512.501,380.004,218.236,9270.94,0.532008,0,0.469768
643.25,0.836166,294.859,292.89,292.409,238.757,150.794,208.539,514.429,380.004,218.236,9270.94,0.522133,0,0.0712573
643.75,0.838589,294.879,292.926,292.445,238.756,149.983,212.107,516.344,380.004,218.236,9270.94,0.523612,0,0
644.25,0.840996,294.927,292.941,292.46,238.758,150.763,212.258,518.247,380.356,218.302,9270.94,0.523698,0,0.0976103
644.75,0.843386,294.954,292.977,292.496,238.757,151.924,212.759,520.136,380.356,218.302,9270.94,0.525161,0,0
645.25,0.845759,295,293.001,292.52,238.76,152.601,212.891,522.012,380.356,218.302,9270.94,0.524609,0,0.113261
645.75,0.848116,295.032,293.038,292.557,238.759,153.434,213.621,523.875,380.356,218.302,9270.94,0.526067,0,0
646.25,0.850456,295.084,293.066,292.585,238.762,154.532,213.89,525.725,381.273,218.351,9270.94,0.525155,0,0.123107
646.75,0.852779,295.119,293.103,292.622,238.776,155.237,214.769,527.562,381.273,218.351,9270.94,0.526611,0,0.481005
647.25,0.855086,295.166,293.119,292.638,238.796,155.983,214.926,529.385,381.273,218.351,7026.68,0.51806,0,0.680952
647.75,0.857376,295.176,293.132,292.651,238.795,155.73,218.069,531.195,381.273,218.351,7026.68,0.51967,0,0.03391
648.25,0.859649,295.202,293.155,292.674,238.795,156.803,217.991,532.992,381.237,218.666,9270.94,0.520587,0,0.0492175
648.75,0.861905,295.236,293.184,292.703,238.795,157.627,218.205,534.776,381.237,218.666,9270.94,0.521111,0,0.0581568
649.25,0.864144,295.274,293.216,292.735,238.795,158.309,218.585,536.546,381.237,218.666,9270.94,0.521413,0,0.0634893
649.75,0.866367,295.313,293.251,292.769,238.796,158.919,219.062,538.302,381.237,218.666,9270.94,0.521591,0,0.0667763
650.25,0.868572,295.36,293.27,292.788,238.822,159.885,219.717,540.045,382.175,218.698,5273.21,0.496223,0,0.905802
650.75,0.87076,295.336,293.278,292.796,238.834,156.824,228.054,541.775,382.175,218.698,7026.68,0.498182,0,0.488063
651.25,0.872931,295.358,293.286,292.804,238.831,157.734,227.734,543.491,382.175,218.698,7026.68,0.500141,0,0
651.75,0.875085,295.381,293.294,292.812,238.828,158.938,227.513,545.194,382.175,218.698,7026.68,0.502087,0,0
652.25,0.877222,295.4,293.303,292.821,238.826,159.819,227.21,546.883,381.404,218.896,7026.68,0.504006,0,0
652.75,0.879341,295.423,293.312,292.83,238.823,160.986,227.001,548.558,381.404,218.896,7026.68,0.505912,0,0
653.25,0.881443,295.446,293.321,292.84,238.821,162.173,226.805,550.22,381.404,218.896,9270.94,0.507805,0,0
653.75,0.883528,295.469,293.33,292.849,238.818,163.352,226.613,551.868,381.404,218.896,9270.94,0.509685,0,0
654.25,0.885595,295.497,293.34,292.859,238.816,164.852,226.534,553.503,382.206,218.827,9270.94,0.511555,0,0
654.75,0.887646,295.52,293.35,292.868,238.814,166.049,226.361,555.123,382.206,218.827,9270.94,0.513412,0,0
655.25,0.889678,295.544,293.36,292.879,238.812,167.202,226.179,556.73,382.206,218.827,9270.94,0.515257,0,0
655.75,0.891693,295.567,293.37,292.889,238.811,168.338,225.999,558.323,382.206,218.827,9270.94,0.517089,0,0.0125643
656.25,0.893691,295.595,293.365,292.884,238.838,169.796,225.933,559.902,383.024,218.777,5273.21,0.495391,0,0.913255
656.75,0.895671,295.558,293.375,292.893,238.856,167.57,232.969,561.467,383.024,218.777,7026.68,0.497329,0,0.678597
657.25,0.897634,295.579,293.385,292.903,238.89,168.151,232.58,563.019,383.024,218.777,7026.68,0.499261,0,1.20989
657.75,0.899578,295.601,293.395,292.913,238.885,169.151,232.328,564.556,383.024,218.777,7026.68,0.501183,0,0
658.25,0.901506,295.617,293.405,292.924,238.881,169.625,231.92,566.079,381.681,219.374,7026.68,0.503089,0,0
658.75,0.903415,295.639,293.416,292.934,238.876,170.611,231.675,567.589,381.681,219.374,7026.68,0.504984,0,0
659.25,0.905307,295.662,293.426,292.945,238.872,171.649,231.452,569.084,381.681,219.374,7026.68,0.506868,0,0
659.75,0.907181,295.685,293.437,292.955,238.868,172.688,231.235,570.565,381.681,219.374,9270.94,0.508741,0,0
660.25,0.909037,295.712,293.448,292.966,238.865,174.073,231.135,572.033,382.524,219.275,9270.94,0.510605,0,0
660.75,0.910875,295.735,293.459,292.977,238.861,175.144,230.937,573.486,382.524,219.275,9270.94,0.512457,0,0
661.25,0.912695,295.758,293.47,292.988,238.858,176.172,230.73,574.925,382.524,219.275,9270.94,0.514298,0,0
661.75,0.914498,295.781,293.47,292.988,238.882,177.187,230.525,576.349,382.524,219.275,5273.21,0.494443,0,0.874181
662.25,0.916282,295.749,293.481,292.999,238.878,174.83,236.984,577.76,382.204,219.36,9270.94,0.49637,0,0
662.75,0.918049,295.77,293.492,293.01,238.874,175.34,236.59,579.156,382.204,219.36,9270.94,0.498293,0,0
663.25,0.919797,295.792,293.503,293.021,238.871,176.236,236.321,580.538,382.204,219.36,9270.94,0.500206,0,0
663.75,0.921527,295.814,293.514,293.032,238.867,177.187,236.073,581.935,382.204,219.36,9270.94,0.502108,0,0.00754254
664.25,0.923239,295.84,293.525,293.043,238.865,178.431,235.915,583.32,382.851,219.219,9270.94,0.504004,0,0.0279892
664.75,0.924934,295.863,293.536,293.054,238.862,179.429,235.688,584.691,382.851,219.219,9270.94,0.505889,0,0.0110885
665.25,0.926609,295.885,293.548,293.066,238.86,180.398,235.456,586.047,382.851,219.219,9270.94,0.507764,0,0.0235799
665.75,0.928267,295.908,293.559,293.077,238.858,181.356,235.226,587.388,382.851,219.219,9270.94,0.509628,0,0.0130024
666.25,0.929907,295.935,293.571,293.089,238.856,182.654,235.113,588.715,383.692,219.165,9270.94,0.511484,0,0.0204567
666.75,0.931528,295.958,293.582,293.1,238.875,183.637,234.899,590.026,383.692,219.165,9270.94,0.486261,0,0.690021
667.25,0.933131,295.925,293.593,293.111,238.896,180.217,243.169,591.323,383.692,219.165,7026.68,0.488207,0,0.786493
667.75,0.934715,295.944,293.603,293.121,238.891,180.678,242.73,592.606,383.692,219.165,7026.68,0.490197,0,0
668.25,0.936281,295.961,293.614,293.132,238.888,181.202,242.319,593.873,382.933,219.371,7026.68,0.492166,0,0
668.75,0.937829,295.983,293.625,293.143,238.884,182.05,242.016,595.125,382.933,219.371,7026.68,0.494125,0,0
669.25,0.939359,296.004,293.636,293.154,238.88,182.937,241.731,596.363,382.933,219.371,9270.94,0.496074,0,0
669.75,0.940869,296.026,293.648,293.166,238.877,183.828,241.451,597.585,382.933,219.371,9270.94,0.498012,0,0
670.25,0.942362,296.052,293.659,293.177,238.874,185.08,241.293,598.793,383.803,219.273,9270.94,0.499942,0,0
670.75,0.943836,296.074,293.654,293.172,238.89,186.007,241.032,599.985,383.803,219.273,9270.94,0.483036,0,0.600752
671.25,0.945291,296.044,293.665,293.183,238.886,184.24,246.593,601.163,383.803,219.273,9270.94,0.485047,0,0
671.75,0.946728,296.064,293.676,293.194,238.883,184.666,246.141,602.325,383.803,219.273,9270.94,0.487052,0,0
672.25,0.948146,296.084,293.687,293.205,238.879,185.421,245.804,603.473,383.749,219.245,9270.94,0.489038,0,0
672.75,0.949546,296.105,293.699,293.217,238.876,186.238,245.489,604.605,383.749,219.245,9270.94,0.491015,0,0
673.25,0.950926,296.126,293.71,293.228,238.873,187.067,245.183,605.723,383.749,219.245,9270.94,0.492981,0,0
673.75,0.952289,296.147,293.722,293.24,238.871,187.896,244.88,606.825,383.749,219.245,9270.94,0.494937,0,0
674.25,0.953632,296.173,293.733,293.251,238.868,189.087,244.7,607.912,384.628,219.155,9270.94,0.496885,0,0.00900766
674.75,0.954957,296.194,293.737,293.255,238.89,189.952,244.415,608.984,384.628,219.155,9270.94,0.488844,0,0.775306
675.25,0.956263,296.189,293.749,293.267,238.91,189.334,247.232,610.04,384.628,219.155,7026.68,0.490826,0,0.760883
675.75,0.95755,296.209,293.76,293.278,238.943,189.916,246.843,611.082,384.628,219.155,7026.68,0.492802,0,1.20199
676.25,0.958818,296.225,293.771,293.289,238.938,190.337,246.404,612.108,383.811,219.828,7026.68,0.494775,0,0
676.75,0.960068,296.245,293.783,293.3,238.933,191.081,246.067,613.119,383.811,219.828,7026.68,0.496739,0,0
677.25,0.961299,296.265,293.794,293.312,238.928,191.856,245.743,614.115,383.811,219.828,9270.94,0.498692,0,0
677.75,0.96251,296.286,293.805,293.323,238.923,192.63,245.422,615.096,383.811,219.828,9270.94,0.500636,0,0
678.25,0.963703,296.311,293.811,293.329,238.938,193.772,245.224,616.061,384.705,219.703,9270.94,0.483041,0,0.607201
678.75,0.964877,296.286,293.821,293.339,238.933,191.529,251.086,617.011,384.705,219.703,9270.94,0.485078,0,0
679.25,0.966032,296.304,293.832,293.35,238.928,191.918,250.603,617.945,384.705,219.703,9270.94,0.487112,0,0
679.75,0.967168,296.323,293.843,293.36,238.923,192.614,250.22,618.864,384.705,219.703,9270.94,0.489136,0,0
680.25,0.968285,296.342,293.854,293.371,238.919,193.309,249.846,619.768,384.647,219.654,9270.94,0.491142,0,0
680.75,0.969383,296.362,293.865,293.382,238.915,194.033,249.487,620.657,384.647,219.654,9270.94,0.493137,0,0
681.25,0.970462,296.381,293.876,293.393,238.911,194.759,249.131,621.53,384.647,219.654,9270.94,0.495124,0,0
681.75,0.971522,296.401,293.887,293.404,238.908,195.481,248.777,622.387,384.647,219.654,9270.94,0.4971,0,0
682.25,0.972563,296.425,293.882,293.4,238.928,196.569,248.547,623.229,385.543,219.542,9270.94,0.489291,0,0.76815
682.75,0.973584,296.412,293.893,293.411,238.925,196.097,251.233,624.056,385.543,219.542,9270.94,0.491299,0,0.0639718
683.25,0.974587,296.43,293.904,293.422,238.921,196.52,250.775,624.867,385.543,219.542,9270.94,0.493301,0,0
683.75,0.97557,296.448,293.915,293.433,238.918,197.164,250.389,625.663,385.543,219.542,9270.94,0.495294,0,0.0333578
684.25,0.976535,296.466,293.926,293.444,238.915,197.764,249.995,626.443,385.396,219.612,9270.94,0.497276,0,0.0141028
684.75,0.97748,296.485,293.937,293.455,238.912,198.423,249.622,627.208,385.396,219.612,9270.94,0.499249,0,0.0284523
685.25,0.978405,296.504,293.948,293.466,238.909,199.085,249.252,627.957,385.396,219.612,9270.94,0.501213,0,0.016116
685.75,0.979312,296.522,293.94,293.458,238.922,199.741,248.883,628.69,385.396,219.612,9270.94,0.478555,0,0.523826
686.25,0.980199,296.474,293.951,293.469,238.946,196.702,256.251,629.408,385.175,219.557,7026.68,0.48062,0,0.885081
686.75,0.981068,296.49,293.962,293.479,238.941,196.754,255.652,630.111,385.175,219.557,7026.68,0.482682,0,0
687.25,0.981916,296.508,293.973,293.49,238.936,197.281,255.205,630.798,385.175,219.557,7026.68,0.484735,0,0
687.75,0.982746,296.525,293.983,293.501,238.932,197.865,254.779,631.469,385.175,219.557,9270.94,0.486778,0,0
688.25,0.983556,296.545,293.991,293.509,238.938,198.64,254.403,632.124,385.556,219.67,9270.94,0.472481,0,0.345989
688.75,0.984347,296.527,294.001,293.518,238.934,196.64,259.209,632.764,385.556,219.67,9270.94,0.474604,0,0
689.25,0.985119,296.542,294.011,293.528,238.93,196.953,258.655,633.389,385.556,219.67,9270.94,0.476726,0,0
689.75,0.985871,296.559,294.021,293.538,238.926,197.517,258.183,633.997,385.556,219.67,9270.94,0.478837,0,0
690.25,0.986604,296.577,294.031,293.548,238.922,198.198,257.757,634.59,385.785,219.547,9270.94,0.480933,0,0
690.75,0.987317,296.594,294.022,293.539,238.933,198.8,257.31,635.167,385.785,219.547,9270.94,0.477419,0,0.472777
691.25,0.988011,296.585,294.032,293.55,238.929,198.925,258.544,635.729,385.785,219.547,9270.94,0.479516,0,0
691.75,0.988686,296.601,294.042,293.56,238.925,199.271,258.016,636.275,385.785,219.547,9270.94,0.481607,0,0
692.25,0.989341,296.619,294.053,293.57,238.921,199.961,257.603,636.805,386.172,219.534,9270.94,0.483688,0,0
692.75,0.989977,296.636,294.063,293.58,238.918,200.529,257.151,637.319,386.172,219.534,9270.94,0.48576,0,0
693.25,0.990593,296.653,294.073,293.59,238.915,201.085,256.698,637.818,386.172,219.534,12021.5,0.487823,0,0.0268912
693.75,0.99119,296.669,294.07,293.588,238.931,201.636,256.247,638.301,386.172,219.534,12021.5,0.482385,0,0.618425
694.25,0.991767,296.661,294.08,293.598,238.954,201.365,258.17,638.768,386.451,219.589,7026.68,0.484464,0,0.853224
694.75,0.992325,296.677,294.091,293.608,238.988,201.688,257.639,639.219,386.451,219.589,9270.94,0.486536,0,1.25576
695.25,0.992863,296.693,294.101,293.618,238.982,202.178,257.163,639.655,386.451,219.589,9270.94,0.4886,0,0
695.75,0.993382,296.709,294.111,293.628,238.976,202.684,256.694,640.075,386.451,219.589,9270.94,0.490654,0,0
696.25,0.993882,296.724,294.111,293.628,238.983,203.137,256.2,640.479,386.293,220.074,9270.94,0.475295,0,0.421176
696.75,0.994361,296.695,294.12,293.637,238.977,200.994,261.283,640.867,386.293,220.074,9270.94,0.47744,0,0
697.25,0.994822,296.709,294.129,293.646,238.972,201.127,260.647,641.24,386.293,220.074,9270.94,0.47958,0,0
697.75,0.995262,296.723,294.137,293.655,238.966,201.567,260.112,641.596,386.293,220.074,9270.94,0.481712,0,0
698.25,0.995684,296.738,294.147,293.664,238.961,202.068,259.603,641.937,386.367,219.941,9270.94,0.483827,0,0
698.75,0.996085,296.753,294.152,293.669,238.973,202.548,259.093,642.262,386.367,219.941,9270.94,0.479228,0,0.523478
699.25,0.996467,296.751,294.161,293.678,238.971,202.008,260.726,642.571,386.367,219.941,9270.94,0.48136,0,0.109035
699.75,0.99683,296.764,294.17,293.687,238.965,202.337,260.156,642.864,386.367,219.941,9270.94,0.483485,0,0
700.25,0.997173,296.779,294.178,293.696,238.961,202.829,259.641,643.142,386.477,219.928,9270.94,0.485602,0,0.0103441
700.75,0.997496,296.793,294.187,293.704,238.957,203.29,259.117,643.404,386.477,219.928,9270.94,0.487709,0,0.038605
701.25,0.9978,296.807,294.195,293.712,238.96,203.746,258.595,643.649,386.477,219.928,9270.94,0.467766,0,0.24414
701.75,0.998084,296.774,294.202,293.72,238.956,200.561,265.205,643.879,386.477,219.928,9270.94,0.469968,0,0.0327994
702.25,0.998348,296.786,294.211,293.728,238.952,200.64,264.51,644.093,386.544,219.742,9270.94,0.472167,0,0.0175971
702.75,0.998593,296.799,294.211,293.728,238.958,201.018,263.919,644.291,386.544,219.742,9270.94,0.470671,0,0.333741
703.25,0.998818,296.798,294.219,293.736,238.984,200.997,264.489,644.473,386.544,219.742,7026.68,0.472868,0,0.988407
703.75,0.999024,296.811,294.227,293.744,238.978,201.299,263.873,644.64,386.544,219.742,7026.68,0.475057,0,0
704.25,0.99921,296.823,294.235,293.752,238.973,201.691,263.285,644.79,386.519,219.992,9270.94,0.477241,0,0
704.75,0.999376,296.836,294.219,293.736,238.973,202.103,262.705,644.925,386.519,219.992,9270.94,0.465602,0,0.174423
705.25,0.999523,296.801,294.227,293.744,238.968,200.79,266.456,645.044,386.519,219.992,9270.94,0.467832,0,0
705.75,0.99965,296.812,294.235,293.752,238.963,200.778,265.719,645.146,386.519,219.992,9270.94,0.470057,0,0
706.25,0.999758,296.825,294.22,293.737,238.967,201.206,265.13,645.233,386.781,219.786,9270.94,0.469534,0,0.2759
706.75,0.999845,296.814,294.228,293.745,238.962,201.684,265.264,645.304,386.781,219.786,9270.94,0.471737,0,0
707.25,0.999913,296.825,294.236,293.753,238.957,201.828,264.595,645.36,386.781,219.786,9270.94,0.473931,0,0
707.75,0.999962,296.837,294.244,293.761,238.953,202.146,263.984,645.399,386.781,219.786,12021.5,0.476117,0,0
708.25,0.999991,296.851,294.231,293.748,238.96,202.7,263.454,645.422,387.302,219.697,12021.5,0.473988,0,0.39109
