deposited_heat_w_m2,lower_temperature_k,lower_pressure_pa,lower_radius_R,oxygen_mole_fraction,conductivity_multiplier,heating_shape,exobase_temperature_k,max_temperature_k,exobase_radius_R,exobase_pressure_pa,jeans_lambda_N2,jeans_lambda_O2,N2_loss_kg_s,O2_loss_kg_s,molecular_loss_kg_s,max_mach,lower_conductive_flux_W_m2,upper_energy_to_infinity_W_m2,net_energy_boundary_residual_W_m2,max_scaled_BC_residual,max_collocation_residual,mesh_nodes,domain_flags,numerical_status
0.0,150.0,0.001,1.4303436697444072,0.175,1.0,low,149.99999999972988,150.0,1.8386786176203518,4.1645028852156883e-08,34.47298763073136,39.37639337631783,3.156007199034128e-10,6.043775011838113e-13,3.1620509740459657e-10,1.0429448060747071e-14,1.5900019786888422e-17,7.525287893731806e-19,4.81482486096809e-34,7.105427357601002e-16,1.0274849897946107e-14,81,"[""MOLECULAR_LIMIT_ONLY"", ""PRESCRIBED_LOWER_ATMOSPHERE"", ""NO_IR_COOLING"", ""NET_HEATING_INPUT_NOT_SPECTRAL_PREDICTION"", ""FIXED_MIXING_RATIO""]",converged
1e-08,150.0,0.001,1.4303436697444072,0.175,1.0,low,150.04797989455383,150.04797995216342,1.838821011447253,4.163857952288239e-08,34.459295770499665,39.36075399860239,3.1977834156096194e-10,6.135710006649112e-13,3.203919125616269e-10,1.0569232430299655e-14,-9.999999984651944e-09,7.627405194314903e-19,-7.627405194314903e-19,4.922852923527898e-07,2.156533179689367e-08,81,"[""MOLECULAR_LIMIT_ONLY"", ""PRESCRIBED_LOWER_ATMOSPHERE"", ""NO_IR_COOLING"", ""NET_HEATING_INPUT_NOT_SPECTRAL_PREDICTION"", ""FIXED_MIXING_RATIO""]",converged
1e-07,150.0,0.001,1.4303436697444072,0.175,1.0,low,150.47989460053148,150.4798946017312,1.840104052805051,4.1580533277745624e-08,34.33643070608438,39.220412721529264,3.598117750124881e-10,7.025470354363606e-13,3.605143220479245e-10,1.1909913050954938e-14,-9.999999998186888e-08,8.607663289202367e-19,2.5589685356047478e-22,4.346967017454517e-08,1.618101052143114e-09,81,"[""MOLECULAR_LIMIT_ONLY"", ""PRESCRIBED_LOWER_ATMOSPHERE"", ""NO_IR_COOLING"", ""NET_HEATING_INPUT_NOT_SPECTRAL_PREDICTION"", ""FIXED_MIXING_RATIO""]",converged
3e-07,150.0,0.001,1.4303436697444072,0.175,1.0,low,151.440125644422,151.44012565856798,1.842964403912029,4.145156442908022e-08,34.06576136739725,38.91124362747746,4.665589729201061e-10,9.467061333740206e-13,4.675056790534801e-10,1.5493666345832123e-14,-2.999999999764795e-07,1.1234524758405463e-18,1.5660967907747096e-21,4.7082346696925017e-07,1.5280655245360287e-08,81,"[""MOLECULAR_LIMIT_ONLY"", ""PRESCRIBED_LOWER_ATMOSPHERE"", ""NO_IR_COOLING"", ""NET_HEATING_INPUT_NOT_SPECTRAL_PREDICTION"", ""FIXED_MIXING_RATIO""]",converged
1e-06,150.0,0.001,1.4303436697444072,0.175,1.0,low,154.80563116701643,154.80563117346446,1.8530765177658906,4.1000401876256314e-08,33.14331168926121,37.85758556380089,1.13023692729772e-09,2.6146839667740683e-12,1.132851611264494e-09,3.795886627528468e-14,-9.999999999429474e-07,2.783787126253035e-18,4.1017137185006247e-22,1.2000576319337596e-07,9.724632316332492e-09,81,"[""MOLECULAR_LIMIT_ONLY"", ""PRESCRIBED_LOWER_ATMOSPHERE"", ""NO_IR_COOLING"", ""NET_HEATING_INPUT_NOT_SPECTRAL_PREDICTION"", ""FIXED_MIXING_RATIO""]",converged
3e-06,150.0,0.001,1.4303436697444072,0.175,1.0,low,164.4624134548724,164.46241346988637,1.8828655121782616,3.971332206491768e-08,30.703652939777005,35.070912019497264,1.1677869624210561e-08,3.821180963968156e-11,1.1716081433850242e-08,4.0463415622689634e-13,-2.9999999994081265e-06,3.0616460415465375e-17,1.6630454094469183e-21,1.429339043568234e-07,2.669710500711641e-08,81,"[""MOLECULAR_LIMIT_ONLY"", ""PRESCRIBED_LOWER_ATMOSPHERE"", ""NO_IR_COOLING"", ""NET_HEATING_INPUT_NOT_SPECTRAL_PREDICTION"", ""FIXED_MIXING_RATIO""]",converged
1e-05,150.0,0.001,1.4303436697444072,0.175,1.0,low,198.77782587258133,198.7778259474276,1.9990705568575886,3.523048121912292e-08,23.926542705664083,27.329831919575604,7.328715677750161e-06,6.28120353384382e-08,7.391527713088599e-06,2.806499729731883e-10,-9.999999622461932e-06,2.3428733594686566e-14,6.398775658481613e-19,2.9298525348053774e-07,8.972032782373605e-08,81,"[""MOLECULAR_LIMIT_ONLY"", ""PRESCRIBED_LOWER_ATMOSPHERE"", ""NO_IR_COOLING"", ""NET_HEATING_INPUT_NOT_SPECTRAL_PREDICTION"", ""FIXED_MIXING_RATIO""]",converged
3e-05,150.0,0.001,1.4303436697444072,0.175,1.0,low,302.4554933495961,302.4629831491285,2.4970001292781454,2.2580714969253648e-08,12.58913719799081,14.379804381521339,0.27175808428736836,0.011633948285817722,0.28339203257318607,1.3272881099084656e-05,-2.9985035339036993e-05,1.3833745961548397e-09,-1.5192838108424946e-15,1.4662745684290711e-09,2.743153573610121e-07,81,"[""MOLECULAR_LIMIT_ONLY"", ""PRESCRIBED_LOWER_ATMOSPHERE"", ""NO_IR_COOLING"", ""NET_HEATING_INPUT_NOT_SPECTRAL_PREDICTION"", ""FIXED_MIXING_RATIO"", ""KINETIC_ESCAPE_SENSITIVITY_REQUIRED""]",converged
0.0,150.0,0.001,1.4303436697444072,0.175,1.0,middle,149.99999999972988,150.0,1.8386786176203518,4.1645028852156883e-08,34.47298763073136,39.37639337631783,3.156007199034128e-10,6.043775011838113e-13,3.1620509740459657e-10,1.0429448060747071e-14,1.5900019786888422e-17,7.525287893731806e-19,4.81482486096809e-34,7.105427357601002e-16,1.0274849897946107e-14,81,"[""MOLECULAR_LIMIT_ONLY"", ""PRESCRIBED_LOWER_ATMOSPHERE"", ""NO_IR_COOLING"", ""NET_HEATING_INPUT_NOT_SPECTRAL_PREDICTION"", ""FIXED_MIXING_RATIO""]",converged
1e-08,150.0,0.001,1.4303436697444072,0.175,1.0,middle,150.09596678956166,150.09596678956166,1.8389278414411323,4.1633741590526735e-08,34.44627762926113,39.345884169044005,3.237963715575122e-10,6.224308398302653e-13,3.244188023973425e-10,1.0703784513870722e-14,-9.999999983686448e-09,7.725777267061462e-19,1.227414083186371e-23,2.1166144392736897e-10,1.728991906404162e-10,81,"[""MOLECULAR_LIMIT_ONLY"", ""PRESCRIBED_LOWER_ATMOSPHERE"", ""NO_IR_COOLING"", ""NET_HEATING_INPUT_NOT_SPECTRAL_PREDICTION"", ""FIXED_MIXING_RATIO""]",converged
1e-07,150.0,0.001,1.4303436697444072,0.175,1.0,middle,150.9598998456715,150.9598998456715,1.8411752001009833,4.153216646614965e-08,34.20733908596878,39.0729592292556,4.0724759488655125e-10,8.098926362315262e-13,4.0805748752278284e-10,1.3502027232423062e-14,-9.999999997947375e-08,9.77434041771861e-19,1.2066496620763224e-21,1.528253228855192e-07,3.827158769824536e-09,81,"[""MOLECULAR_LIMIT_ONLY"", ""PRESCRIBED_LOWER_ATMOSPHERE"", ""NO_IR_COOLING"", ""NET_HEATING_INPUT_NOT_SPECTRAL_PREDICTION"", ""FIXED_MIXING_RATIO""]",converged
3e-07,150.0,0.001,1.4303436697444072,0.175,1.0,middle,152.88125597593125,152.88125597593125,1.846197529085028,4.130650856487417e-08,33.68554675649914,38.4769476434299,6.717977008906217e-10,1.438855484273268e-12,6.73236556374895e-10,2.2417730311591808e-14,-2.999999999661157e-07,1.6334639347884166e-18,-1.3835567701780343e-23,4.1225476365980285e-09,5.18995314132606e-09,81,"[""MOLECULAR_LIMIT_ONLY"", ""PRESCRIBED_LOWER_ATMOSPHERE"", ""NO_IR_COOLING"", ""NET_HEATING_INPUT_NOT_SPECTRAL_PREDICTION"", ""FIXED_MIXING_RATIO""]",converged
1e-06,150.0,0.001,1.4303436697444072,0.175,1.0,middle,159.62253608711973,159.62253608711973,1.8640887051308572,4.0517409538553315e-08,31.953263926877078,36.49826651289071,3.531355785106647e-09,9.674925064622637e-12,3.5410307101712696e-09,1.2048240367924242e-13,-9.999999998213878e-07,8.976419689805137e-18,4.670649932209636e-21,5.776936077950268e-07,2.2757246310127894e-08,81,"[""MOLECULAR_LIMIT_ONLY"", ""PRESCRIBED_LOWER_ATMOSPHERE"", ""NO_IR_COOLING"", ""NET_HEATING_INPUT_NOT_SPECTRAL_PREDICTION"", ""FIXED_MIXING_RATIO""]",converged
3e-06,150.0,0.001,1.4303436697444072,0.175,1.0,middle,179.03058358938907,179.03058358938907,1.9180733594921315,3.8268760581868303e-08,27.687488773551177,31.62573146337433,2.067391447624044e-07,1.0384759575314636e-09,2.0777762071993586e-07,7.487023680726466e-12,-2.9999999894542527e-06,5.918950923915982e-16,1.4366828947855243e-19,8.525193365471751e-07,6.015991141095474e-08,81,"[""MOLECULAR_LIMIT_ONLY"", ""PRESCRIBED_LOWER_ATMOSPHERE"", ""NO_IR_COOLING"", ""NET_HEATING_INPUT_NOT_SPECTRAL_PREDICTION"", ""FIXED_MIXING_RATIO""]",converged
1e-05,150.0,0.001,1.4303436697444072,0.175,1.0,middle,248.93749134411553,248.93749281587617,2.1498647043193455,3.046158978641359e-08,17.765382798721944,20.29231434932942,0.0023367934669926253,4.8030397898986626e-05,0.002384823864891612,1.0133239013777481e-07,-9.999876221371056e-06,9.513525403350006e-12,2.4816822143287805e-16,4.2699442133198317e-07,1.806185954444462e-07,81,"[""MOLECULAR_LIMIT_ONLY"", ""PRESCRIBED_LOWER_ATMOSPHERE"", ""NO_IR_COOLING"", ""NET_HEATING_INPUT_NOT_SPECTRAL_PREDICTION"", ""FIXED_MIXING_RATIO""]",converged
3e-05,150.0,0.001,1.4303436697444072,0.175,1.0,middle,426.78303819112693,428.70597609764525,3.402403002933847,1.2161953442913248e-08,6.547614539666274,7.4789411510292005,53.43521630513592,5.362312237764403,58.797528542900324,0.003271217736492139,-2.6766951378913198e-05,4.1372590082060424e-07,-1.3035061281943116e-14,3.346572903240031e-08,5.776566148175838e-07,81,"[""MOLECULAR_LIMIT_ONLY"", ""PRESCRIBED_LOWER_ATMOSPHERE"", ""NO_IR_COOLING"", ""NET_HEATING_INPUT_NOT_SPECTRAL_PREDICTION"", ""FIXED_MIXING_RATIO"", ""KINETIC_ESCAPE_SENSITIVITY_REQUIRED""]",converged
0.0,150.0,0.001,1.4303436697444072,0.175,1.0,high,149.99999999972988,150.0,1.8386786176203518,4.1645028852156883e-08,34.47298763073136,39.37639337631783,3.156007199034128e-10,6.043775011838113e-13,3.1620509740459657e-10,1.0429448060747071e-14,1.5900019786888422e-17,7.525287893731806e-19,4.81482486096809e-34,7.105427357601002e-16,1.0274849897946107e-14,81,"[""MOLECULAR_LIMIT_ONLY"", ""PRESCRIBED_LOWER_ATMOSPHERE"", ""NO_IR_COOLING"", ""NET_HEATING_INPUT_NOT_SPECTRAL_PREDICTION"", ""FIXED_MIXING_RATIO""]",converged
1e-08,150.0,0.001,1.4303436697444072,0.175,1.0,high,150.1439512899403,150.1439512899403,1.838999065951491,4.1630516699944043e-08,34.43393526514461,39.33178623851789,3.276510338691709e-10,6.309465459189427e-13,3.2828198041508984e-10,1.0832976337776851e-14,-9.999999983491919e-09,7.820309646291063e-19,2.6945509153723506e-23,4.088079208486306e-10,8.729215775709192e-11,81,"[""MOLECULAR_LIMIT_ONLY"", ""PRESCRIBED_LOWER_ATMOSPHERE"", ""NO_IR_COOLING"", ""NET_HEATING_INPUT_NOT_SPECTRAL_PREDICTION"", ""FIXED_MIXING_RATIO""]",converged
1e-07,150.0,0.001,1.4303436697444072,0.175,1.0,high,151.43996058486422,151.43996058486422,1.8418902871165195,4.149992425156692e-08,34.08566430890896,38.93397754490597,4.5762401238396543e-10,9.25952594008668e-13,4.5854996497797413e-10,1.5196855606217454e-14,-9.999999997692859e-08,1.101922005027523e-18,3.072179335114378e-21,2.9397434033739953e-07,5.350070059946571e-09,81,"[""MOLECULAR_LIMIT_ONLY"", ""PRESCRIBED_LOWER_ATMOSPHERE"", ""NO_IR_COOLING"", ""NET_HEATING_INPUT_NOT_SPECTRAL_PREDICTION"", ""FIXED_MIXING_RATIO""]",converged
3e-07,150.0,0.001,1.4303436697444072,0.175,1.0,high,154.3228872573128,154.3228872573128,1.8483619580912356,4.120982549202337e-08,33.33179074119381,38.07287370104018,9.427199148857769e-10,2.123234790538038e-12,9.44843149676315e-10,3.160979781907631e-14,-2.9999999995242363e-07,2.3143829884148357e-18,2.866083913314484e-23,9.408194046045538e-09,2.616117425855688e-09,81,"[""MOLECULAR_LIMIT_ONLY"", ""PRESCRIBED_LOWER_ATMOSPHERE"", ""NO_IR_COOLING"", ""NET_HEATING_INPUT_NOT_SPECTRAL_PREDICTION"", ""FIXED_MIXING_RATIO""]",converged
1e-06,150.0,0.001,1.4303436697444072,0.175,1.0,high,164.44518603791374,164.44518603791374,1.8715349323409523,4.0195639563887256e-08,30.892773911199537,35.28693338225858,9.723769870361749e-09,3.0973911100967055e-11,9.754743781462717e-09,3.368784872711275e-13,-9.999999995072155e-07,2.5486354699608216e-17,4.431668000541317e-22,1.3266800635847175e-08,8.713453927484802e-09,81,"[""MOLECULAR_LIMIT_ONLY"", ""PRESCRIBED_LOWER_ATMOSPHERE"", ""NO_IR_COOLING"", ""NET_HEATING_INPUT_NOT_SPECTRAL_PREDICTION"", ""FIXED_MIXING_RATIO""]",converged
3e-06,150.0,0.001,1.4303436697444072,0.175,1.0,high,193.65477757109798,193.65477757109798,1.9426221482547497,3.730767176409843e-08,25.27315474638413,28.867984806371215,2.035733311399209e-06,1.4409946450120653e-08,2.0501432578493294e-06,7.683253210310105e-11,-2.99999989545885e-06,6.325608471737731e-15,9.922341079580943e-20,6.948102324599858e-08,2.6278086957127017e-08,81,"[""MOLECULAR_LIMIT_ONLY"", ""PRESCRIBED_LOWER_ATMOSPHERE"", ""NO_IR_COOLING"", ""NET_HEATING_INPUT_NOT_SPECTRAL_PREDICTION"", ""FIXED_MIXING_RATIO""]",converged
1e-05,150.0,0.001,1.4303436697444072,0.175,1.0,high,299.90567538908806,299.90567538908806,2.2708201485599724,2.7302935337675245e-08,13.960744686961954,15.946508045914047,0.07622556258101244,0.0026871022072145327,0.07891266478822696,3.680322534258463e-06,-9.99583740163103e-06,3.810682010051184e-10,-3.4388267936284325e-17,4.781242068929714e-11,8.840771395960703e-08,81,"[""MOLECULAR_LIMIT_ONLY"", ""PRESCRIBED_LOWER_ATMOSPHERE"", ""NO_IR_COOLING"", ""NET_HEATING_INPUT_NOT_SPECTRAL_PREDICTION"", ""FIXED_MIXING_RATIO"", ""KINETIC_ESCAPE_SENSITIVITY_REQUIRED""]",converged
3e-05,150.0,0.001,1.4303436697444072,0.175,1.0,high,500.2028824897061,501.1231351467991,3.636483191672006,1.0646617465446186e-08,5.226948649922267,5.970424971628317,152.53917298460675,18.405189890977663,170.9443628755844,0.010296146365381158,-2.0376745256200972e-05,1.4250870663412867e-06,-3.242110487514788e-14,1.0807034958382627e-09,4.478131049444807e-08,161,"[""MOLECULAR_LIMIT_ONLY"", ""PRESCRIBED_LOWER_ATMOSPHERE"", ""NO_IR_COOLING"", ""NET_HEATING_INPUT_NOT_SPECTRAL_PREDICTION"", ""FIXED_MIXING_RATIO"", ""KINETIC_ESCAPE_SENSITIVITY_REQUIRED"", ""EARTH_TIDES_REQUIRE_REVIEW""]",converged
0.0,150.0,0.1,1.2986636222332653,0.175,1.0,low,149.99999999958328,150.0,1.8386786176196819,4.164502885218742e-08,34.47298763077761,39.376393376370665,3.156007198893771e-10,6.043775011529607e-13,3.1620509739053e-10,1.0429448060277967e-14,1.7567599640833222e-17,7.52528789338956e-19,-1.2518544638517033e-33,1.554312234475219e-16,1.0155942094719772e-14,81,"[""MOLECULAR_LIMIT_ONLY"", ""PRESCRIBED_LOWER_ATMOSPHERE"", ""NO_IR_COOLING"", ""NET_HEATING_INPUT_NOT_SPECTRAL_PREDICTION"", ""FIXED_MIXING_RATIO""]",converged
1e-08,150.0,0.1,1.2986636222332653,0.175,1.0,low,150.06989112009344,150.0698911201588,1.8389807702950414,4.16313450516565e-08,34.45127131338334,39.351588150158136,3.222568480924345e-10,6.19031882726081e-13,3.228758799751606e-10,1.0651952372312274e-14,-9.999999982061416e-09,7.687684256255148e-19,6.618236368653401e-24,2.017792155584175e-10,1.276580300108896e-10,81,"[""MOLECULAR_LIMIT_ONLY"", ""PRESCRIBED_LOWER_ATMOSPHERE"", ""NO_IR_COOLING"", ""NET_HEATING_INPUT_NOT_SPECTRAL_PREDICTION"", ""FIXED_MIXING_RATIO""]",converged
1e-07,150.0,0.1,1.2986636222332653,0.175,1.0,low,150.69905139989027,150.69905140435912,1.841705973568379,4.15082311062233e-08,34.25667384978712,39.12931132406234,3.885226678021056e-10,7.672552156772873e-13,3.892899230177829e-10,1.2869902284904168e-14,-9.999999997838395e-08,9.30851580434041e-19,-1.6373634754617092e-20,1.4592460786388984e-07,5.299552266543852e-09,81,"[""MOLECULAR_LIMIT_ONLY"", ""PRESCRIBED_LOWER_ATMOSPHERE"", ""NO_IR_COOLING"", ""NET_HEATING_INPUT_NOT_SPECTRAL_PREDICTION"", ""FIXED_MIXING_RATIO""]",converged
3e-07,150.0,0.1,1.2986636222332653,0.175,1.0,low,152.09809915793153,152.09809915984428,1.8477998460853573,4.123490186752189e-08,33.82963367866237,38.64152935558834,5.855688296874218e-10,1.2287465563552275e-12,5.867975762437771e-10,1.9489335592929415e-14,-2.9999999996737895e-07,1.4163694705617952e-18,2.8435925005193854e-23,4.92773040150496e-09,3.775539972641123e-09,81,"[""MOLECULAR_LIMIT_ONLY"", ""PRESCRIBED_LOWER_ATMOSPHERE"", ""NO_IR_COOLING"", ""NET_HEATING_INPUT_NOT_SPECTRAL_PREDICTION"", ""FIXED_MIXING_RATIO""]",converged
1e-06,150.0,0.1,1.2986636222332653,0.175,1.0,low,157.00479362182966,157.00479364529974,1.8695494673555604,4.028106117073118e-08,32.39113267488869,36.99841730497148,2.3286344980804722e-09,5.994878471087196e-12,2.3346293765515593e-09,7.878095209843431e-14,-9.99999999870026e-07,5.8201477697723484e-18,2.7802261273392428e-21,7.009396718160588e-07,3.022646516279271e-08,81,"[""MOLECULAR_LIMIT_ONLY"", ""PRESCRIBED_LOWER_ATMOSPHERE"", ""NO_IR_COOLING"", ""NET_HEATING_INPUT_NOT_SPECTRAL_PREDICTION"", ""FIXED_MIXING_RATIO""]",converged
3e-06,150.0,0.1,1.2986636222332653,0.175,1.0,low,171.11344772352226,171.11344774320813,1.935569833003626,3.758003061098488e-08,28.70668353070208,32.78989553625782,7.902639498034027e-08,3.4344012910727134e-10,7.936983510944753e-08,2.7960464236137397e-12,-2.9999999955631987e-06,2.1599315390639484e-16,1.941709346255857e-21,4.552487027353891e-08,3.8007524430389066e-08,81,"[""MOLECULAR_LIMIT_ONLY"", ""PRESCRIBED_LOWER_ATMOSPHERE"", ""NO_IR_COOLING"", ""NET_HEATING_INPUT_NOT_SPECTRAL_PREDICTION"", ""FIXED_MIXING_RATIO""]",converged
1e-05,150.0,0.1,1.2986636222332653,0.175,1.0,low,221.70738963773786,221.7073946669581,2.2259656237755117,2.8414362445835618e-08,19.26537142762757,22.005659967773525,0.000596670659014409,9.912548027528572e-06,0.0006065832070419376,2.4323568643386836e-08,-9.99996558678832e-06,2.15199875543633e-12,1.4334793906693515e-17,1.4449176219955006e-07,1.2956091315070398e-07,81,"[""MOLECULAR_LIMIT_ONLY"", ""PRESCRIBED_LOWER_ATMOSPHERE"", ""NO_IR_COOLING"", ""NET_HEATING_INPUT_NOT_SPECTRAL_PREDICTION"", ""FIXED_MIXING_RATIO""]",converged
3e-05,150.0,0.1,1.2986636222332653,0.175,1.0,low,338.47006351782017,344.2666840784656,3.9116321952948403,9.201503476751172e-09,7.181211757858599,8.202660649116474,34.515249163248605,3.16927391051582,37.68452307376442,0.0018671103401749203,-2.7784951570633593e-05,2.0948648663805625e-07,-2.902970930936623e-15,9.676569681556144e-11,5.1681629010012145e-08,161,"[""MOLECULAR_LIMIT_ONLY"", ""PRESCRIBED_LOWER_ATMOSPHERE"", ""NO_IR_COOLING"", ""NET_HEATING_INPUT_NOT_SPECTRAL_PREDICTION"", ""FIXED_MIXING_RATIO"", ""KINETIC_ESCAPE_SENSITIVITY_REQUIRED"", ""EARTH_TIDES_REQUIRE_REVIEW""]",converged
0.0,150.0,0.1,1.2986636222332653,0.175,1.0,middle,149.99999999958328,150.0,1.8386786176196819,4.164502885218742e-08,34.47298763077761,39.376393376370665,3.156007198893771e-10,6.043775011529607e-13,3.1620509739053e-10,1.0429448060277967e-14,1.7567599640833222e-17,7.52528789338956e-19,-1.2518544638517033e-33,1.554312234475219e-16,1.0155942094719772e-14,81,"[""MOLECULAR_LIMIT_ONLY"", ""PRESCRIBED_LOWER_ATMOSPHERE"", ""NO_IR_COOLING"", ""NET_HEATING_INPUT_NOT_SPECTRAL_PREDICTION"", ""FIXED_MIXING_RATIO""]",converged
1e-08,150.0,0.1,1.2986636222332653,0.175,1.0,middle,150.13978458563093,150.13978458563093,1.8392074696819187,4.162108278535559e-08,34.43098900532554,39.32842090543835,3.285950389186025e-10,6.33029429411662e-13,3.2922806834801417e-10,1.086404554190707e-14,-9.999999981708104e-09,7.842637913111416e-19,2.7506481011623387e-23,7.155364301070222e-10,2.529054786332536e-10,81,"[""MOLECULAR_LIMIT_ONLY"", ""PRESCRIBED_LOWER_ATMOSPHERE"", ""NO_IR_COOLING"", ""NET_HEATING_INPUT_NOT_SPECTRAL_PREDICTION"", ""FIXED_MIXING_RATIO""]",converged
1e-07,150.0,0.1,1.2986636222332653,0.175,1.0,middle,151.39833771119788,151.39833771119788,1.843985024858349,4.1405691568570433e-08,34.056303820131625,38.900440847471984,4.709305373648178e-10,9.568620509245286e-13,4.718873994157424e-10,1.563672360776781e-14,-9.99999999737692e-08,1.1336730930575113e-18,3.190705945569132e-21,5.144213822916299e-07,1.3641243210486572e-08,81,"[""MOLECULAR_LIMIT_ONLY"", ""PRESCRIBED_LOWER_ATMOSPHERE"", ""NO_IR_COOLING"", ""NET_HEATING_INPUT_NOT_SPECTRAL_PREDICTION"", ""FIXED_MIXING_RATIO""]",converged
3e-07,150.0,0.1,1.2986636222332653,0.175,1.0,middle,154.1983317725355,154.1983317725355,1.8547186340241748,4.092783276168052e-08,33.24438457924651,37.97303496779147,1.0266230185900654e-09,2.341109397676988e-12,1.0289641279877425e-09,3.441017658394076e-14,-2.999999999427632e-07,2.5184854895915153e-18,1.1403950994340634e-22,2.5395110014869715e-08,7.600156190237698e-09,81,"[""MOLECULAR_LIMIT_ONLY"", ""PRESCRIBED_LOWER_ATMOSPHERE"", ""NO_IR_COOLING"", ""NET_HEATING_INPUT_NOT_SPECTRAL_PREDICTION"", ""FIXED_MIXING_RATIO""]",converged
1e-06,150.0,0.1,1.2986636222332653,0.175,1.0,middle,164.03392685525816,164.03392685525816,1.8936093756041321,3.9263953673934606e-08,30.609196632606775,34.96302033491655,1.2813145836518665e-08,4.2493205605017783e-11,1.2855639042123682e-08,4.43411895267098e-13,-9.99999999282848e-07,3.3508194318136835e-17,8.525917169137347e-22,5.1265644884779246e-08,2.5371750998208963e-08,81,"[""MOLECULAR_LIMIT_ONLY"", ""PRESCRIBED_LOWER_ATMOSPHERE"", ""NO_IR_COOLING"", ""NET_HEATING_INPUT_NOT_SPECTRAL_PREDICTION"", ""FIXED_MIXING_RATIO""]",converged
3e-06,150.0,0.1,1.2986636222332653,0.175,1.0,middle,192.46396722636328,192.46396722636328,2.017647331895407,3.4584723707486886e-08,24.48394059820486,27.966513570696847,4.360811664282917e-06,3.453008019420231e-08,4.395341744477119e-06,1.6421551515603095e-10,-2.99999975276695e-06,1.348457867391594e-14,7.872397650711708e-19,4.22856998483212e-07,7.862577886173694e-08,81,"[""MOLECULAR_LIMIT_ONLY"", ""PRESCRIBED_LOWER_ATMOSPHERE"", ""NO_IR_COOLING"", ""NET_HEATING_INPUT_NOT_SPECTRAL_PREDICTION"", ""FIXED_MIXING_RATIO""]",converged
1e-05,150.0,0.1,1.2986636222332653,0.175,1.0,middle,296.44916369592676,296.45522812724704,2.7095390125811116,1.9177147188869624e-08,11.836692630734058,13.520332797812058,0.5502776628385196,0.0262042831659259,0.5764819460044456,2.673053523929603e-05,-9.96656880332669e-06,2.7623516546110155e-09,-4.894699826897795e-18,4.894699413307488e-13,2.6507439990635384e-07,81,"[""MOLECULAR_LIMIT_ONLY"", ""PRESCRIBED_LOWER_ATMOSPHERE"", ""NO_IR_COOLING"", ""NET_HEATING_INPUT_NOT_SPECTRAL_PREDICTION"", ""FIXED_MIXING_RATIO"", ""KINETIC_ESCAPE_SENSITIVITY_REQUIRED""]",converged
3e-05,150.0,0.1,1.2986636222332653,0.175,1.0,middle,379.23653136772094,395.564173601159,4.898625784864518,5.867137826740865e-09,5.117897436694725,5.845862415106978,191.9493493757144,23.513866703522677,215.46321607923707,0.011299911702748805,-1.716697994730709e-05,1.363356646616293e-06,-1.616823625971589e-14,5.389412086571964e-10,8.156879999410751e-07,81,"[""MOLECULAR_LIMIT_ONLY"", ""PRESCRIBED_LOWER_ATMOSPHERE"", ""NO_IR_COOLING"", ""NET_HEATING_INPUT_NOT_SPECTRAL_PREDICTION"", ""FIXED_MIXING_RATIO"", ""KINETIC_ESCAPE_SENSITIVITY_REQUIRED"", ""EARTH_TIDES_REQUIRE_REVIEW""]",converged
0.0,150.0,0.1,1.2986636222332653,0.175,1.0,high,149.99999999958328,150.0,1.8386786176196819,4.164502885218742e-08,34.47298763077761,39.376393376370665,3.156007198893771e-10,6.043775011529607e-13,3.1620509739053e-10,1.0429448060277967e-14,1.7567599640833222e-17,7.52528789338956e-19,-1.2518544638517033e-33,1.554312234475219e-16,1.0155942094719772e-14,81,"[""MOLECULAR_LIMIT_ONLY"", ""PRESCRIBED_LOWER_ATMOSPHERE"", ""NO_IR_COOLING"", ""NET_HEATING_INPUT_NOT_SPECTRAL_PREDICTION"", ""FIXED_MIXING_RATIO""]",converged
1e-08,150.0,0.1,1.2986636222332653,0.175,1.0,high,150.20967922447727,150.20967922447727,1.8393586430483313,4.161424155264108e-08,34.41213929015342,39.30689002428584,3.345916938585208e-10,6.463111594080319e-13,3.3523800501792886e-10,1.106493931075584e-14,-9.999999981373779e-09,7.989573986458687e-19,6.267713340370004e-23,1.3842360147009458e-09,1.3091899832800762e-10,81,"[""MOLECULAR_LIMIT_ONLY"", ""PRESCRIBED_LOWER_ATMOSPHERE"", ""NO_IR_COOLING"", ""NET_HEATING_INPUT_NOT_SPECTRAL_PREDICTION"", ""FIXED_MIXING_RATIO""]",converged
1e-07,150.0,0.1,1.2986636222332653,0.175,1.0,high,152.09774216435252,152.09774216435252,1.8455084773912889,4.1337359943887194e-08,33.87171578485549,38.68959718148478,5.621220041030649e-10,1.172513373399375e-12,5.632945174764642e-10,1.8708705140022053e-14,-9.999999996867701e-08,1.359615218624626e-18,8.594454097285254e-21,9.895188973985115e-07,2.1157347133961943e-08,81,"[""MOLECULAR_LIMIT_ONLY"", ""PRESCRIBED_LOWER_ATMOSPHERE"", ""NO_IR_COOLING"", ""NET_HEATING_INPUT_NOT_SPECTRAL_PREDICTION"", ""FIXED_MIXING_RATIO""]",converged
3e-07,150.0,0.1,1.2986636222332653,0.175,1.0,high,156.29964185376,156.29964185376,1.859368843110837,4.0723370951703084e-08,32.715418180227715,37.368828879426495,1.7038774030261283e-09,4.188903788764222e-12,1.7080663068148924e-09,5.750830219613289e-14,-2.999999999049296e-07,4.238484182897083e-18,3.333829594528352e-22,5.8611379927242527e-08,3.988107621889285e-09,81,"[""MOLECULAR_LIMIT_ONLY"", ""PRESCRIBED_LOWER_ATMOSPHERE"", ""NO_IR_COOLING"", ""NET_HEATING_INPUT_NOT_SPECTRAL_PREDICTION"", ""FIXED_MIXING_RATIO""]",converged
1e-06,150.0,0.1,1.2986636222332653,0.175,1.0,high,171.07564759371925,171.07564759371925,1.910105611477705,3.858869208984718e-08,29.095808863538366,33.23436969505667,5.425969377058201e-08,2.231219006030836e-10,5.448281567118509e-08,1.919112649946498e-12,-9.999999969544506e-07,1.4820672278654198e-16,9.008148146811176e-21,1.3160315859295224e-07,1.3280752473684634e-08,81,"[""MOLECULAR_LIMIT_ONLY"", ""PRESCRIBED_LOWER_ATMOSPHERE"", ""NO_IR_COOLING"", ""NET_HEATING_INPUT_NOT_SPECTRAL_PREDICTION"", ""FIXED_MIXING_RATIO""]",converged
3e-06,150.0,0.1,1.2986636222332653,0.175,1.0,high,213.9470994127294,213.9470994127294,2.0777239282670146,3.261362979846972e-08,21.388570712337717,24.43086114692905,8.028776352247807e-05,9.867264187136504e-07,8.127448994119172e-05,3.2015057196179493e-09,-2.9999953998169226e-06,2.777618909282772e-13,2.6181919286422076e-18,7.321192327935932e-08,3.8625845069251175e-08,81,"[""MOLECULAR_LIMIT_ONLY"", ""PRESCRIBED_LOWER_ATMOSPHERE"", ""NO_IR_COOLING"", ""NET_HEATING_INPUT_NOT_SPECTRAL_PREDICTION"", ""FIXED_MIXING_RATIO""]",converged
1e-05,150.0,0.1,1.2986636222332653,0.175,1.0,high,360.8780635173088,360.90324712756365,3.094799102894007,1.4699748144869924e-08,8.51300840624421,9.723890815931027,10.261225068105292,0.7812981099329832,11.042523178038275,0.0005649309790192721,-9.347356650387727e-06,6.503811008654581e-08,-8.52565131191055e-19,1.7262635765291633e-12,1.366458128247926e-07,90,"[""MOLECULAR_LIMIT_ONLY"", ""PRESCRIBED_LOWER_ATMOSPHERE"", ""NO_IR_COOLING"", ""NET_HEATING_INPUT_NOT_SPECTRAL_PREDICTION"", ""FIXED_MIXING_RATIO"", ""KINETIC_ESCAPE_SENSITIVITY_REQUIRED""]",converged
3e-05,150.0,0.1,1.2986636222332653,0.175,1.0,high,451.80081516763767,455.04494321517456,4.6732177452718435,6.446779417523395e-09,4.503114407143316,5.143633218380197,292.5307871973123,39.01909189659683,331.5498790939091,0.01897881890866788,-9.831925637429838e-06,2.5173671390966136e-06,-4.29179566505903e-14,2.8593340317684123e-08,7.506615527851723e-07,81,"[""MOLECULAR_LIMIT_ONLY"", ""PRESCRIBED_LOWER_ATMOSPHERE"", ""NO_IR_COOLING"", ""NET_HEATING_INPUT_NOT_SPECTRAL_PREDICTION"", ""FIXED_MIXING_RATIO"", ""KINETIC_ESCAPE_SENSITIVITY_REQUIRED"", ""EARTH_TIDES_REQUIRE_REVIEW""]",converged
0.0,150.0,10.0,1.1891850748926867,0.175,1.0,low,149.999999999422,150.0,1.838678617618672,4.164502885223326e-08,34.472987630833615,39.37639337643463,3.1560071987237687e-10,6.043775011155954e-13,3.1620509737349246e-10,1.042944805971038e-14,1.9235179494448845e-17,7.5252878929758465e-19,-2.5037089277034066e-33,7.105427357601002e-16,9.25972971553643e-15,81,"[""MOLECULAR_LIMIT_ONLY"", ""PRESCRIBED_LOWER_ATMOSPHERE"", ""NO_IR_COOLING"", ""NET_HEATING_INPUT_NOT_SPECTRAL_PREDICTION"", ""FIXED_MIXING_RATIO""]",converged
1e-08,150.0,10.0,1.1891850748926867,0.175,1.0,low,150.09179970463967,150.091799704729,1.839199954355679,4.162142292969575e-08,34.442137451345396,39.34115509606652,3.251062620546413e-10,6.253167108649635e-13,3.257315787655062e-10,1.0746948709434183e-14,-9.999999980184816e-09,7.756836140334225e-19,1.1622833079603514e-23,4.95105467734902e-10,1.698392021966195e-10,81,"[""MOLECULAR_LIMIT_ONLY"", ""PRESCRIBED_LOWER_ATMOSPHERE"", ""NO_IR_COOLING"", ""NET_HEATING_INPUT_NOT_SPECTRAL_PREDICTION"", ""FIXED_MIXING_RATIO""]",converged
1e-07,150.0,10.0,1.1891850748926867,0.175,1.0,low,150.9182384647156,150.91823847871245,1.8439084928506642,4.140912880976281e-08,34.16606132990493,39.025810163503806,4.239713118797074e-10,8.481127127051679e-13,4.2481942459241255e-10,1.405471537473244e-14,-9.99999999741501e-08,1.0173188756077572e-18,1.2382434655389176e-21,3.571409962432881e-07,1.3852306875916766e-08,81,"[""MOLECULAR_LIMIT_ONLY"", ""PRESCRIBED_LOWER_ATMOSPHERE"", ""NO_IR_COOLING"", ""NET_HEATING_INPUT_NOT_SPECTRAL_PREDICTION"", ""FIXED_MIXING_RATIO""]",converged
3e-07,150.0,10.0,1.1891850748926867,0.175,1.0,low,152.75635262408116,152.75635262675894,1.8544796387275684,4.093838255979062e-08,33.56252748543848,38.33643022550139,7.57355160649594e-10,1.65071477757964e-12,7.590058754271736e-10,2.5263388863636803e-14,-2.999999999537947e-07,1.840144540562292e-18,3.453734767557246e-23,1.858426514900202e-08,5.002310959895238e-09,81,"[""MOLECULAR_LIMIT_ONLY"", ""PRESCRIBED_LOWER_ATMOSPHERE"", ""NO_IR_COOLING"", ""NET_HEATING_INPUT_NOT_SPECTRAL_PREDICTION"", ""FIXED_MIXING_RATIO""]",converged
1e-06,150.0,10.0,1.1891850748926867,0.175,1.0,low,159.2072488174728,159.20724882627192,1.8926946501546291,3.930191481857773e-08,31.552415769921996,36.04040208635738,5.215261074067062e-09,1.5125977819295414e-11,5.230387051886357e-09,1.7773054622964774e-13,-9.999999996810467e-07,1.3226564826755887e-17,2.7816109363969493e-22,4.160370394856727e-08,1.6649093128699816e-08,81,"[""MOLECULAR_LIMIT_ONLY"", ""PRESCRIBED_LOWER_ATMOSPHERE"", ""NO_IR_COOLING"", ""NET_HEATING_INPUT_NOT_SPECTRAL_PREDICTION"", ""FIXED_MIXING_RATIO""]",converged
3e-06,150.0,10.0,1.1891850748926867,0.175,1.0,low,177.79852541621332,177.7985254541664,2.013626294662769,3.4722987117309654e-08,26.55638643432384,30.333742177868235,6.175635437659092e-07,3.6429205699427222e-09,6.212064643358519e-07,2.2307292657032998e-11,-2.9999999619297455e-06,1.758491984739773e-15,7.928035050522273e-20,3.6680823356505243e-07,5.393708611779516e-08,81,"[""MOLECULAR_LIMIT_ONLY"", ""PRESCRIBED_LOWER_ATMOSPHERE"", ""NO_IR_COOLING"", ""NET_HEATING_INPUT_NOT_SPECTRAL_PREDICTION"", ""FIXED_MIXING_RATIO""]",converged
1e-05,150.0,10.0,1.1891850748926867,0.175,1.0,low,245.23132668808236,245.2331877554249,2.6609816213446913,1.988341917573283e-08,14.569954164539444,16.642370913810286,0.047704879718503186,0.0015426090169702643,0.04924748873547345,2.0769158131390985e-06,-9.996926388134807e-06,1.9428316481171775e-10,-4.577126658308027e-17,2.543621491213344e-09,1.7127438152157616e-07,81,"[""MOLECULAR_LIMIT_ONLY"", ""PRESCRIBED_LOWER_ATMOSPHERE"", ""NO_IR_COOLING"", ""NET_HEATING_INPUT_NOT_SPECTRAL_PREDICTION"", ""FIXED_MIXING_RATIO"", ""KINETIC_ESCAPE_SENSITIVITY_REQUIRED""]",converged
3e-05,150.0,10.0,1.1891850748926867,0.175,1.0,low,297.6213905512842,328.68395146698185,5.256209102485812,5.0960015397302775e-09,6.077699630055512,6.9421859810846325,95.99813480207938,10.288017016454289,106.28615181853365,0.00493805114121927,-2.325897215561053e-05,5.232879038350449e-07,-7.54462834031246e-16,2.5148761134374864e-11,2.0498704122597877e-08,241,"[""MOLECULAR_LIMIT_ONLY"", ""PRESCRIBED_LOWER_ATMOSPHERE"", ""NO_IR_COOLING"", ""NET_HEATING_INPUT_NOT_SPECTRAL_PREDICTION"", ""FIXED_MIXING_RATIO"", ""KINETIC_ESCAPE_SENSITIVITY_REQUIRED"", ""EARTH_TIDES_REQUIRE_REVIEW""]",converged
0.0,150.0,10.0,1.1891850748926867,0.175,1.0,middle,149.999999999422,150.0,1.838678617618672,4.164502885223326e-08,34.472987630833615,39.37639337643463,3.1560071987237687e-10,6.043775011155954e-13,3.1620509737349246e-10,1.042944805971038e-14,1.9235179494448845e-17,7.5252878929758465e-19,-2.5037089277034066e-33,7.105427357601002e-16,9.25972971553643e-15,81,"[""MOLECULAR_LIMIT_ONLY"", ""PRESCRIBED_LOWER_ATMOSPHERE"", ""NO_IR_COOLING"", ""NET_HEATING_INPUT_NOT_SPECTRAL_PREDICTION"", ""FIXED_MIXING_RATIO""]",converged
1e-08,150.0,10.0,1.1891850748926867,0.175,1.0,middle,150.18360345557517,150.18360345557517,1.8395911970188699,4.1603720797456383e-08,34.41376312584803,39.3087448328616,3.3409313169799125e-10,6.451991801200407e-13,3.347383308781113e-10,1.1047487932308832e-14,-9.999999979636372e-09,7.976275947424254e-19,5.244844451109562e-23,1.764200163734131e-09,3.358646968676694e-10,81,"[""MOLECULAR_LIMIT_ONLY"", ""PRESCRIBED_LOWER_ATMOSPHERE"", ""NO_IR_COOLING"", ""NET_HEATING_INPUT_NOT_SPECTRAL_PREDICTION"", ""FIXED_MIXING_RATIO""]",converged
1e-07,150.0,10.0,1.1891850748926867,0.175,1.0,middle,151.83688751925422,151.83688751925422,1.8478551614021335,4.1232433182841224e-08,33.886817849040895,38.70684734925466,5.544072183877393e-10,1.1539402401858096e-12,5.555611586279252e-10,1.8436027641842694e-14,-9.999999996618794e-08,1.3386421030872406e-18,1.4060709376043142e-23,4.167943501443006e-09,3.323272559523824e-09,81,"[""MOLECULAR_LIMIT_ONLY"", ""PRESCRIBED_LOWER_ATMOSPHERE"", ""NO_IR_COOLING"", ""NET_HEATING_INPUT_NOT_SPECTRAL_PREDICTION"", ""FIXED_MIXING_RATIO""]",converged
3e-07,150.0,10.0,1.1891850748926867,0.175,1.0,middle,155.5164096500171,155.5164096500171,1.8665532994366338,4.0410481815953085e-08,32.753626413405954,37.41247181620808,1.6459916953074455e-09,4.024679155461661e-12,1.6500163744629072e-09,5.541447111442703e-14,-2.9999999989948354e-07,4.073857904285799e-18,-3.705774051275951e-21,9.836708798616201e-08,1.0259038840470459e-08,81,"[""MOLECULAR_LIMIT_ONLY"", ""PRESCRIBED_LOWER_ATMOSPHERE"", ""NO_IR_COOLING"", ""NET_HEATING_INPUT_NOT_SPECTRAL_PREDICTION"", ""FIXED_MIXING_RATIO""]",converged
1e-06,150.0,10.0,1.1891850748926867,0.175,1.0,middle,168.4574276340326,168.4574276340326,1.9358816602578612,3.756792539604796e-08,29.15459669070549,33.30151944816389,5.165866716368539e-08,2.1065904960648488e-10,5.1869326213291873e-08,1.8130196574293914e-12,-9.999999968291569e-07,1.3893413743540712e-16,1.378250689874495e-20,2.806028049917586e-07,3.4845964074313875e-08,81,"[""MOLECULAR_LIMIT_ONLY"", ""PRESCRIBED_LOWER_ATMOSPHERE"", ""NO_IR_COOLING"", ""NET_HEATING_INPUT_NOT_SPECTRAL_PREDICTION"", ""FIXED_MIXING_RATIO""]",converged
3e-06,150.0,10.0,1.1891850748926867,0.175,1.0,middle,206.03840226181606,206.03840226181606,2.1755475259210155,2.9746623605082688e-08,21.210907968797105,24.22792781974233,9.694538925757962e-05,1.2218843798618313e-06,9.816727363744144e-05,3.7947890248044566e-09,-2.9999939383053527e-06,3.231363382849546e-13,8.435746367330804e-18,2.7958062460697873e-07,1.0243445678397683e-07,81,"[""MOLECULAR_LIMIT_ONLY"", ""PRESCRIBED_LOWER_ATMOSPHERE"", ""NO_IR_COOLING"", ""NET_HEATING_INPUT_NOT_SPECTRAL_PREDICTION"", ""FIXED_MIXING_RATIO""]",converged
1e-05,150.0,10.0,1.1891850748926867,0.175,1.0,middle,316.91605985933666,317.9852689729009,3.7460015137055236,1.0033187339082752e-08,8.008732939521755,9.147887675141792,17.16948291989292,1.4034700365275603,18.572952956420483,0.0008904302631517282,-8.817412884557299e-06,9.627106132982976e-08,-3.53458510908645e-17,3.5345837855974695e-12,3.3309136669648e-07,157,"[""MOLECULAR_LIMIT_ONLY"", ""PRESCRIBED_LOWER_ATMOSPHERE"", ""NO_IR_COOLING"", ""NET_HEATING_INPUT_NOT_SPECTRAL_PREDICTION"", ""FIXED_MIXING_RATIO"", ""KINETIC_ESCAPE_SENSITIVITY_REQUIRED"", ""EARTH_TIDES_REQUIRE_REVIEW""]",converged
3e-05,150.0,10.0,1.1891850748926867,0.175,1.0,middle,324.3208443405513,357.2175287776858,6.035590414237604,3.864873631184578e-09,4.857148550355866,5.548024849332354,257.91710459164955,32.75842901707084,290.6755336087204,0.01409752062291564,-1.1415688627931362e-05,1.57742797447583e-06,-5.3652688947181375e-15,1.7884229649060458e-10,6.513605111504425e-07,172,"[""MOLECULAR_LIMIT_ONLY"", ""PRESCRIBED_LOWER_ATMOSPHERE"", ""NO_IR_COOLING"", ""NET_HEATING_INPUT_NOT_SPECTRAL_PREDICTION"", ""FIXED_MIXING_RATIO"", ""KINETIC_ESCAPE_SENSITIVITY_REQUIRED"", ""EARTH_TIDES_REQUIRE_REVIEW""]",converged
0.0,150.0,10.0,1.1891850748926867,0.175,1.0,high,149.999999999422,150.0,1.838678617618672,4.164502885223326e-08,34.472987630833615,39.37639337643463,3.1560071987237687e-10,6.043775011155954e-13,3.1620509737349246e-10,1.042944805971038e-14,1.9235179494448845e-17,7.5252878929758465e-19,-2.5037089277034066e-33,7.105427357601002e-16,9.25972971553643e-15,81,"[""MOLECULAR_LIMIT_ONLY"", ""PRESCRIBED_LOWER_ATMOSPHERE"", ""NO_IR_COOLING"", ""NET_HEATING_INPUT_NOT_SPECTRAL_PREDICTION"", ""FIXED_MIXING_RATIO""]",converged
1e-08,150.0,10.0,1.1891850748926867,0.175,1.0,high,150.2754092315829,150.2754092315829,1.8398521398974994,4.1591920476124334e-08,34.38786131934585,39.27915877745752,3.425043601839695e-10,6.638826090399469e-13,3.4316824279300944e-10,1.1329164423815142e-14,-9.999999979122969e-09,8.1822218422419265e-19,1.191763030933701e-22,3.41967663075593e-09,1.873788394401229e-10,81,"[""MOLECULAR_LIMIT_ONLY"", ""PRESCRIBED_LOWER_ATMOSPHERE"", ""NO_IR_COOLING"", ""NET_HEATING_INPUT_NOT_SPECTRAL_PREDICTION"", ""FIXED_MIXING_RATIO""]",converged
1e-07,150.0,10.0,1.1891850748926867,0.175,1.0,high,152.7557391954208,152.7557391954208,1.8504979112822768,4.111474681202311e-08,33.63487924564104,38.419073232882184,7.059706422963573e-10,1.5229755645702405e-12,7.074936178609276e-10,2.3548764354073796e-14,-9.999999995693063e-08,1.7152043255347939e-18,3.7392655164324847e-23,9.838461068056859e-09,1.7008702185831057e-09,81,"[""MOLECULAR_LIMIT_ONLY"", ""PRESCRIBED_LOWER_ATMOSPHERE"", ""NO_IR_COOLING"", ""NET_HEATING_INPUT_NOT_SPECTRAL_PREDICTION"", ""FIXED_MIXING_RATIO""]",converged
3e-07,150.0,10.0,1.1891850748926867,0.175,1.0,high,158.27834874958532,158.27834874958532,1.874711373134053,4.0059543302621115e-08,32.04203447064173,36.599663696359386,3.2538107199221837e-09,8.802762289355213e-12,3.2626134822115385e-09,1.1054095385867929e-13,-2.999999998010919e-07,8.200698107147207e-18,1.545437589809981e-21,2.2857073602722267e-07,6.716752588065538e-09,81,"[""MOLECULAR_LIMIT_ONLY"", ""PRESCRIBED_LOWER_ATMOSPHERE"", ""NO_IR_COOLING"", ""NET_HEATING_INPUT_NOT_SPECTRAL_PREDICTION"", ""FIXED_MIXING_RATIO""]",converged
1e-06,150.0,10.0,1.1891850748926867,0.175,1.0,high,177.73030405472494,177.73030405472494,1.9660683690396534,3.642315827233531e-08,27.209208475406108,31.07942101979926,3.2916828937171227e-07,1.76972043740409e-09,3.3093800980911637e-07,1.1881580297058079e-11,-9.999999797192707e-07,9.361247719112394e-16,2.1170600502905333e-19,7.289638048746383e-07,2.8718145475587863e-08,81,"[""MOLECULAR_LIMIT_ONLY"", ""PRESCRIBED_LOWER_ATMOSPHERE"", ""NO_IR_COOLING"", ""NET_HEATING_INPUT_NOT_SPECTRAL_PREDICTION"", ""FIXED_MIXING_RATIO""]",converged
3e-06,150.0,10.0,1.1891850748926867,0.175,1.0,high,234.5419284310655,234.5419284310655,2.303437432967128,2.653517676035687e-08,17.59863955032625,20.10185369613611,0.002818990486665234,5.9328536898698526e-05,0.0028783190235639328,1.1871237571358536e-07,-2.999820910362562e-06,1.0820042482119681e-11,1.0090136249741636e-16,1.496519892896231e-07,5.169375361276302e-08,81,"[""MOLECULAR_LIMIT_ONLY"", ""PRESCRIBED_LOWER_ATMOSPHERE"", ""NO_IR_COOLING"", ""NET_HEATING_INPUT_NOT_SPECTRAL_PREDICTION"", ""FIXED_MIXING_RATIO""]",converged
1e-05,150.0,10.0,1.1891850748926867,0.175,1.0,high,357.69612798216974,358.18683029860574,3.935152632161307,9.091837269326696e-09,6.754608578947985,7.715377830223307,48.755955749014824,4.7529126568531,53.50886840586793,0.002725396641057595,-6.554806936109089e-06,3.151424174084776e-07,-1.1900041685424445e-14,1.1900041685424445e-09,1.2866900701576894e-08,241,"[""MOLECULAR_LIMIT_ONLY"", ""PRESCRIBED_LOWER_ATMOSPHERE"", ""NO_IR_COOLING"", ""NET_HEATING_INPUT_NOT_SPECTRAL_PREDICTION"", ""FIXED_MIXING_RATIO"", ""KINETIC_ESCAPE_SENSITIVITY_REQUIRED"", ""EARTH_TIDES_REQUIRE_REVIEW""]",converged
3e-05,150.0,10.0,1.1891850748926867,0.175,1.0,high,411.0078289525515,415.9288886347332,5.294038244227332,5.02343364327673e-09,4.369571391516593,4.991095168231915,342.01722588515065,46.46787761100245,388.4851034961531,0.02121027244314483,-4.5809309158601315e-06,2.6881558703549358e-06,-8.470329472543003e-22,3.552713678800501e-16,9.747706202567424e-07,83,"[""MOLECULAR_LIMIT_ONLY"", ""PRESCRIBED_LOWER_ATMOSPHERE"", ""NO_IR_COOLING"", ""NET_HEATING_INPUT_NOT_SPECTRAL_PREDICTION"", ""FIXED_MIXING_RATIO"", ""KINETIC_ESCAPE_SENSITIVITY_REQUIRED"", ""EARTH_TIDES_REQUIRE_REVIEW""]",converged
0.0,180.0,0.001,1.5437217429149315,0.175,1.0,low,179.9999945359067,180.0,2.198447683728273,2.913013840522724e-08,24.02632686207574,27.44380928172587,6.997998416944481e-06,5.913346591051678e-08,7.057131882854998e-06,2.549830483751338e-10,3.255930426435389e-13,2.0254423986749665e-14,-1.377666684877975e-26,4.973799150320701e-15,8.468456478392323e-15,81,"[""MOLECULAR_LIMIT_ONLY"", ""PRESCRIBED_LOWER_ATMOSPHERE"", ""NO_IR_COOLING"", ""NET_HEATING_INPUT_NOT_SPECTRAL_PREDICTION"", ""FIXED_MIXING_RATIO""]",converged
1e-08,180.0,0.001,1.5437217429149315,0.175,1.0,low,180.04967393107378,180.04967415550334,2.1986717859577993,2.9124200704986942e-08,24.017249269916437,27.433440501288175,7.058294463672075e-06,5.971994374063652e-08,7.1180144074127114e-06,2.572182967245232e-10,-9.99967165639702e-09,2.0434916491269963e-14,-6.416331317149698e-17,2.799881876569543e-07,2.3644910371938353e-08,81,"[""MOLECULAR_LIMIT_ONLY"", ""PRESCRIBED_LOWER_ATMOSPHERE"", ""NO_IR_COOLING"", ""NET_HEATING_INPUT_NOT_SPECTRAL_PREDICTION"", ""FIXED_MIXING_RATIO""]",converged
1e-07,180.0,0.001,1.5437217429149315,0.175,1.0,low,180.49691429474345,180.4969143481379,2.200691806836116,2.907075865843947e-08,23.93574777760799,27.340346312404073,7.6232224865643626e-06,6.525076654383656e-08,7.6884732531082e-06,2.781773898481684e-10,-9.999964521598564e-08,2.212860385210662e-14,2.4338562365722246e-19,3.1436572101029016e-08,2.1037958518918928e-09,81,"[""MOLECULAR_LIMIT_ONLY"", ""PRESCRIBED_LOWER_ATMOSPHERE"", ""NO_IR_COOLING"", ""NET_HEATING_INPUT_NOT_SPECTRAL_PREDICTION"", ""FIXED_MIXING_RATIO""]",converged
3e-07,180.0,0.001,1.5437217429149315,0.175,1.0,low,181.49133518011976,181.49133526438644,2.2051997294279513,2.8952026070455464e-08,23.755937939013773,27.134960489357326,9.034292033073637e-06,7.932918563716758e-08,9.113621218710805e-06,3.306478841259442e-10,-2.999995793012059e-07,2.6377945438680486e-14,2.9586486905908847e-18,3.4120218259658943e-07,2.1775723119479798e-08,81,"[""MOLECULAR_LIMIT_ONLY"", ""PRESCRIBED_LOWER_ATMOSPHERE"", ""NO_IR_COOLING"", ""NET_HEATING_INPUT_NOT_SPECTRAL_PREDICTION"", ""FIXED_MIXING_RATIO""]",converged
1e-06,180.0,0.001,1.5437217429149315,0.175,1.0,low,184.97801173865156,184.978011817713,2.2211877336404457,2.8536735315770353e-08,23.14038789865016,26.43185518291274,1.614938565599471e-05,1.547617142892957e-07,1.6304147370284004e-05,5.971796138521775e-10,-9.999992464447401e-07,4.811582161801834e-14,2.0842718097339345e-18,1.1533808503827459e-07,1.1254345491119467e-08,81,"[""MOLECULAR_LIMIT_ONLY"", ""PRESCRIBED_LOWER_ATMOSPHERE"", ""NO_IR_COOLING"", ""NET_HEATING_INPUT_NOT_SPECTRAL_PREDICTION"", ""FIXED_MIXING_RATIO""]",converged
3e-06,180.0,0.001,1.5437217429149315,0.175,1.0,low,194.9945025554919,194.99450292194985,2.2687608196565296,2.735252314446202e-08,21.491410874505785,24.548329198256404,7.622882356963956e-05,9.232620192795727e-07,7.715208558891914e-05,2.901387134298512e-09,-2.999996421410225e-06,2.4029697494593833e-13,8.824723893225735e-18,1.8477945857853227e-07,2.7196385135463198e-08,81,"[""MOLECULAR_LIMIT_ONLY"", ""PRESCRIBED_LOWER_ATMOSPHERE"", ""NO_IR_COOLING"", ""NET_HEATING_INPUT_NOT_SPECTRAL_PREDICTION"", ""FIXED_MIXING_RATIO""]",converged
1e-05,180.0,0.001,1.5437217429149315,0.175,1.0,low,230.7533649481596,230.7534383796013,2.461673209048305,2.323346700282732e-08,16.737768861576395,19.118533560107714,0.006410896239962705,0.00015244941224853536,0.006563345652211241,2.685011347840283e-07,-9.999691669192199e-06,2.4296749406836932e-11,1.0549085339818708e-16,7.447819996286854e-08,7.657211619311988e-08,81,"[""MOLECULAR_LIMIT_ONLY"", ""PRESCRIBED_LOWER_ATMOSPHERE"", ""NO_IR_COOLING"", ""NET_HEATING_INPUT_NOT_SPECTRAL_PREDICTION"", ""FIXED_MIXING_RATIO""]",converged
3e-05,180.0,0.001,1.5437217429149315,0.175,1.0,low,332.58150012594143,333.46581804454036,3.3913056006072737,1.2241678371905884e-08,8.429678147544786,9.628707738622875,11.515937215637571,0.8871837066589011,12.403120922296472,0.00060915364945182,-2.939553104085309e-05,6.734643561660113e-08,-5.558723844066934e-14,4.170185263774329e-09,2.5315431373400314e-08,241,"[""MOLECULAR_LIMIT_ONLY"", ""PRESCRIBED_LOWER_ATMOSPHERE"", ""NO_IR_COOLING"", ""NET_HEATING_INPUT_NOT_SPECTRAL_PREDICTION"", ""FIXED_MIXING_RATIO"", ""KINETIC_ESCAPE_SENSITIVITY_REQUIRED""]",converged
0.0,180.0,0.001,1.5437217429149315,0.175,1.0,middle,179.9999945359067,180.0,2.198447683728273,2.913013840522724e-08,24.02632686207574,27.44380928172587,6.997998416944481e-06,5.913346591051678e-08,7.057131882854998e-06,2.549830483751338e-10,3.255930426435389e-13,2.0254423986749665e-14,-1.377666684877975e-26,4.973799150320701e-15,8.468456478392323e-15,81,"[""MOLECULAR_LIMIT_ONLY"", ""PRESCRIBED_LOWER_ATMOSPHERE"", ""NO_IR_COOLING"", ""NET_HEATING_INPUT_NOT_SPECTRAL_PREDICTION"", ""FIXED_MIXING_RATIO""]",converged
1e-08,180.0,0.001,1.5437217429149315,0.175,1.0,middle,180.09936253816664,180.0993625463395,2.19883993395853,2.9119746303435846e-08,24.008786896519727,27.42377444775851,7.114870869132646e-06,6.027101444936213e-08,7.175141883582009e-06,2.5931844611866426e-10,-9.999668950669717e-09,2.0604717330772478e-14,2.8777349873405308e-21,1.5381615980913921e-10,1.4943445053180534e-10,81,"[""MOLECULAR_LIMIT_ONLY"", ""PRESCRIBED_LOWER_ATMOSPHERE"", ""NO_IR_COOLING"", ""NET_HEATING_INPUT_NOT_SPECTRAL_PREDICTION"", ""FIXED_MIXING_RATIO""]",converged
1e-07,180.0,0.001,1.5437217429149315,0.175,1.0,middle,180.9939797330991,180.99397973586642,2.2023791947762277,2.9026229730735355e-08,23.851724421438234,27.244371552085095,8.252142845263872e-06,7.148202768503196e-08,8.323624872948905e-06,3.0157226110817455e-10,-9.999961583719608e-08,2.4023928772024788e-14,2.2523887506430705e-18,1.112254849999772e-07,5.17059502408434e-09,81,"[""MOLECULAR_LIMIT_ONLY"", ""PRESCRIBED_LOWER_ATMOSPHERE"", ""NO_IR_COOLING"", ""NET_HEATING_INPUT_NOT_SPECTRAL_PREDICTION"", ""FIXED_MIXING_RATIO""]",converged
3e-07,180.0,0.001,1.5437217429149315,0.175,1.0,middle,182.98400213285402,182.98400213285402,2.210302829296655,2.8818492519125207e-08,23.507752334138218,26.851473194533856,1.141626303184643e-05,1.0384168937186243e-07,1.1520104721218293e-05,4.1967182870364135e-10,-2.999994679360437e-07,3.36227778018489e-14,8.434279225896355e-20,4.00273094669501e-09,4.486593570208888e-09,81,"[""MOLECULAR_LIMIT_ONLY"", ""PRESCRIBED_LOWER_ATMOSPHERE"", ""NO_IR_COOLING"", ""NET_HEATING_INPUT_NOT_SPECTRAL_PREDICTION"", ""FIXED_MIXING_RATIO""]",converged
1e-06,180.0,0.001,1.5437217429149315,0.175,1.0,middle,189.9709562365756,189.9709562365756,2.2386907798780564,2.809225522132508e-08,22.35603026032544,25.535931242544404,3.37808961159049e-05,3.61872800878747e-07,3.4142768916783644e-05,1.2673283917011088e-09,-9.999984191494065e-07,1.0353572889971813e-13,2.432214122085768e-17,5.705692096569237e-07,3.212815346434188e-08,81,"[""MOLECULAR_LIMIT_ONLY"", ""PRESCRIBED_LOWER_ATMOSPHERE"", ""NO_IR_COOLING"", ""NET_HEATING_INPUT_NOT_SPECTRAL_PREDICTION"", ""FIXED_MIXING_RATIO""]",converged
3e-06,180.0,0.001,1.5437217429149315,0.175,1.0,middle,210.1308089525565,210.1308092165347,2.3259363250883527,2.6024307193037628e-08,19.45308365663942,22.22007220991198,0.0005126976909155779,8.293558327953783e-06,0.0005209912492435317,2.0338650037005118e-08,-2.9999757044807984e-06,1.7515363935789897e-12,1.3481680516517e-17,4.4933604925745386e-08,4.535079064499416e-08,81,"[""MOLECULAR_LIMIT_ONLY"", ""PRESCRIBED_LOWER_ATMOSPHERE"", ""NO_IR_COOLING"", ""NET_HEATING_INPUT_NOT_SPECTRAL_PREDICTION"", ""FIXED_MIXING_RATIO""]",converged
1e-05,180.0,0.001,1.5437217429149315,0.175,1.0,middle,283.20389954502286,283.20619789898126,2.7310362557136063,1.8876431209791868e-08,12.292757476885743,14.041267884133664,0.3694902650005656,0.01649554116305521,0.3859858061636208,1.7493140169880257e-05,-9.981526279559354e-06,1.7652621275307498e-09,-3.821189744481241e-15,3.198541307369851e-08,1.5535815805185443e-07,81,"[""MOLECULAR_LIMIT_ONLY"", ""PRESCRIBED_LOWER_ATMOSPHERE"", ""NO_IR_COOLING"", ""NET_HEATING_INPUT_NOT_SPECTRAL_PREDICTION"", ""FIXED_MIXING_RATIO"", ""KINETIC_ESCAPE_SENSITIVITY_REQUIRED""]",converged
3e-05,180.0,0.001,1.5437217429149315,0.175,1.0,middle,400.8067319783553,408.0311591839394,4.392073367406562,7.298534178837833e-09,5.400965643369885,6.169193980614618,147.19144424514406,17.335352620690934,164.526796865835,0.00887055873134241,-2.177450858287127e-05,1.0971692460308918e-06,-1.6646463226680907e-16,5.54883519277609e-12,1.8797448370831544e-08,241,"[""MOLECULAR_LIMIT_ONLY"", ""PRESCRIBED_LOWER_ATMOSPHERE"", ""NO_IR_COOLING"", ""NET_HEATING_INPUT_NOT_SPECTRAL_PREDICTION"", ""FIXED_MIXING_RATIO"", ""KINETIC_ESCAPE_SENSITIVITY_REQUIRED"", ""EARTH_TIDES_REQUIRE_REVIEW""]",converged
0.0,180.0,0.001,1.5437217429149315,0.175,1.0,high,179.9999945359067,180.0,2.198447683728273,2.913013840522724e-08,24.02632686207574,27.44380928172587,6.997998416944481e-06,5.913346591051678e-08,7.057131882854998e-06,2.549830483751338e-10,3.255930426435389e-13,2.0254423986749665e-14,-1.377666684877975e-26,4.973799150320701e-15,8.468456478392323e-15,81,"[""MOLECULAR_LIMIT_ONLY"", ""PRESCRIBED_LOWER_ATMOSPHERE"", ""NO_IR_COOLING"", ""NET_HEATING_INPUT_NOT_SPECTRAL_PREDICTION"", ""FIXED_MIXING_RATIO""]",converged
1e-08,180.0,0.001,1.5437217429149315,0.175,1.0,high,180.14904799875976,180.14904799875976,2.1989520421028104,2.9116777182381027e-08,24.000941534855773,27.414813169137453,7.16767096841028e-06,6.078599003712759e-08,7.2284569584474065e-06,2.612813518884027e-10,-9.999666484921505e-09,2.0763651006997146e-14,9.607019443533885e-21,2.9774156473649783e-10,7.60904647622391e-11,81,"[""MOLECULAR_LIMIT_ONLY"", ""PRESCRIBED_LOWER_ATMOSPHERE"", ""NO_IR_COOLING"", ""NET_HEATING_INPUT_NOT_SPECTRAL_PREDICTION"", ""FIXED_MIXING_RATIO""]",converged
1e-07,180.0,0.001,1.5437217429149315,0.175,1.0,high,181.49111831379497,181.49111831379497,2.203506172588702,2.8996546601380183e-08,23.774224535689306,27.15584815456126,8.87713489296515e-06,7.774699483105969e-08,8.954881887796209e-06,3.248885288382193e-10,-9.999958662438869e-08,2.59181635172097e-14,7.835278970470064e-18,2.1459698658077285e-07,7.731110921766739e-09,81,"[""MOLECULAR_LIMIT_ONLY"", ""PRESCRIBED_LOWER_ATMOSPHERE"", ""NO_IR_COOLING"", ""NET_HEATING_INPUT_NOT_SPECTRAL_PREDICTION"", ""FIXED_MIXING_RATIO""]",converged
3e-07,180.0,0.001,1.5437217429149315,0.175,1.0,high,184.47732976228372,184.47732976228372,2.2137236813324166,2.8729495301828873e-08,23.281426853225796,26.592955387404558,1.4126080397399926e-05,1.3268741420843903e-07,1.4258767811608365e-05,5.215552581871272e-10,-2.9999934110039207e-07,4.196177341091553e-14,2.7913600661908964e-19,9.223802521773905e-09,2.2859841106190106e-09,81,"[""MOLECULAR_LIMIT_ONLY"", ""PRESCRIBED_LOWER_ATMOSPHERE"", ""NO_IR_COOLING"", ""NET_HEATING_INPUT_NOT_SPECTRAL_PREDICTION"", ""FIXED_MIXING_RATIO""]",converged
1e-06,180.0,0.001,1.5437217429149315,0.175,1.0,high,194.97155025229725,194.97155025229725,2.2505811219116785,2.779620304602154e-08,21.667564183236983,24.749538390028235,6.442135988535331e-05,7.609790599022731e-07,6.518233894525558e-05,2.451107686080475e-09,-9.999969766781155e-07,2.029655107140993e-13,1.563839918913844e-18,1.7768233817605506e-08,7.593151280769526e-09,81,"[""MOLECULAR_LIMIT_ONLY"", ""PRESCRIBED_LOWER_ATMOSPHERE"", ""NO_IR_COOLING"", ""NET_HEATING_INPUT_NOT_SPECTRAL_PREDICTION"", ""FIXED_MIXING_RATIO""]",converged
3e-06,180.0,0.001,1.5437217429149315,0.175,1.0,high,225.34281337542944,225.34281337542944,2.3664352308285417,2.514117533207365e-08,17.82943880777504,20.365481625621513,0.002311550224859035,4.7081677662209264e-05,0.0023586319025212443,9.535179013449435e-08,-2.999889416211495e-06,8.516680699978535e-12,1.8297544710061875e-16,1.4527728140478757e-07,2.424450516648857e-08,81,"[""MOLECULAR_LIMIT_ONLY"", ""PRESCRIBED_LOWER_ATMOSPHERE"", ""NO_IR_COOLING"", ""NET_HEATING_INPUT_NOT_SPECTRAL_PREDICTION"", ""FIXED_MIXING_RATIO""]",converged
1e-05,180.0,0.001,1.5437217429149315,0.175,1.0,high,334.33990095428356,334.3425943444513,2.94942130208406,1.6184571043272714e-08,9.641641651360043,11.013059805672235,3.857597494730924,0.2505100704424734,4.108107565173397,0.00020229387828723066,-9.799796267433455e-06,2.2326944868592282e-08,-4.496557115251986e-15,4.496557111943263e-10,1.0037285417355016e-08,161,"[""MOLECULAR_LIMIT_ONLY"", ""PRESCRIBED_LOWER_ATMOSPHERE"", ""NO_IR_COOLING"", ""NET_HEATING_INPUT_NOT_SPECTRAL_PREDICTION"", ""FIXED_MIXING_RATIO"", ""KINETIC_ESCAPE_SENSITIVITY_REQUIRED""]",converged
3e-05,180.0,0.001,1.5437217429149315,0.175,1.0,high,461.669789293811,463.6285743514741,4.478448537655491,7.019717622404099e-09,4.598508186576266,5.252595720407639,267.6171917564399,35.22881539310743,302.84600714954735,0.01752404701105938,-1.4530019015289904e-05,2.3467743296901905e-06,-6.887042782041056e-16,2.2956809273470186e-11,2.2660833662326607e-07,157,"[""MOLECULAR_LIMIT_ONLY"", ""PRESCRIBED_LOWER_ATMOSPHERE"", ""NO_IR_COOLING"", ""NET_HEATING_INPUT_NOT_SPECTRAL_PREDICTION"", ""FIXED_MIXING_RATIO"", ""KINETIC_ESCAPE_SENSITIVITY_REQUIRED"", ""EARTH_TIDES_REQUIRE_REVIEW""]",converged
0.0,180.0,0.1,1.3645306335885365,0.175,1.0,low,179.999991487065,180.0,2.198447662668093,2.9130138963335373e-08,24.02632749919576,27.443810009469242,6.997994195802234e-06,5.913342489029641e-08,7.05712762069253e-06,2.5498289221839494e-10,3.702536962747809e-13,2.0254411402837148e-14,-3.288603341685354e-26,1.2079226507921703e-14,9.697229900562771e-15,81,"[""MOLECULAR_LIMIT_ONLY"", ""PRESCRIBED_LOWER_ATMOSPHERE"", ""NO_IR_COOLING"", ""NET_HEATING_INPUT_NOT_SPECTRAL_PREDICTION"", ""FIXED_MIXING_RATIO""]",converged
1e-08,180.0,0.1,1.3645306335885365,0.175,1.0,low,180.07158318315606,180.07158332332565,2.1989130696320345,2.9117809294866203e-08,24.011692040131173,27.427092816299243,7.095602493252988e-06,6.008299149916359e-08,7.155685484752152e-06,2.5859532217753456e-10,-9.99962456700874e-09,2.054563742476641e-14,1.2149291924152581e-21,1.4543672932632036e-10,1.0996040127808338e-10,81,"[""MOLECULAR_LIMIT_ONLY"", ""PRESCRIBED_LOWER_ATMOSPHERE"", ""NO_IR_COOLING"", ""NET_HEATING_INPUT_NOT_SPECTRAL_PREDICTION"", ""FIXED_MIXING_RATIO""]",converged
1e-07,180.0,0.1,1.3645306335885365,0.175,1.0,low,180.71608878455427,180.7160888758599,2.20311337330502,2.9006887283103964e-08,23.880441009850593,27.277172761364177,8.033974705500305e-06,6.930892758459181e-08,8.103283633084896e-06,2.9336363406487234e-10,-9.999957476301728e-08,2.3351634891840937e-14,9.360384411212116e-19,1.0526775540142808e-07,7.243434368713584e-09,81,"[""MOLECULAR_LIMIT_ONLY"", ""PRESCRIBED_LOWER_ATMOSPHERE"", ""NO_IR_COOLING"", ""NET_HEATING_INPUT_NOT_SPECTRAL_PREDICTION"", ""FIXED_MIXING_RATIO""]",converged
3e-07,180.0,0.1,1.3645306335885365,0.175,1.0,low,182.14950280956504,182.14950288663127,2.212523179792567,2.876068065682649e-08,23.59175170205688,26.94742055453518,1.0556551122257914e-05,9.488301208123863e-08,1.0651434134339153e-05,3.8714077087196736e-10,-2.9999944079305034e-07,3.094399032349173e-14,5.574537702051122e-20,4.643830919803804e-09,3.238059593584833e-09,81,"[""MOLECULAR_LIMIT_ONLY"", ""PRESCRIBED_LOWER_ATMOSPHERE"", ""NO_IR_COOLING"", ""NET_HEATING_INPUT_NOT_SPECTRAL_PREDICTION"", ""FIXED_MIXING_RATIO""]",converged
1e-06,180.0,0.1,1.3645306335885365,0.175,1.0,low,187.17943761610042,187.17943779302385,2.2463065257656423,2.7902092953434708e-08,22.61251413333993,25.82889714346031,2.662178911832993e-05,2.7498122780798165e-07,2.6896770346137907e-05,9.910054274645074e-10,-9.99998585670309e-07,8.034973817459508e-14,2.1081314721886791e-19,9.7297686352249e-09,1.0779055747642173e-08,81,"[""MOLECULAR_LIMIT_ONLY"", ""PRESCRIBED_LOWER_ATMOSPHERE"", ""NO_IR_COOLING"", ""NET_HEATING_INPUT_NOT_SPECTRAL_PREDICTION"", ""FIXED_MIXING_RATIO""]",converged
3e-06,180.0,0.1,1.3645306335885365,0.175,1.0,low,201.66787158590094,201.66787435254997,2.350831737101383,2.547602877434085e-08,20.054772891871192,22.90734516317528,0.00029516811986185,4.383858137305339e-06,0.0002995519779991553,1.145611529512483e-08,-2.999984176502959e-06,9.660131586594019e-13,9.113976215086336e-18,7.790468501411851e-08,3.323449784405388e-08,81,"[""MOLECULAR_LIMIT_ONLY"", ""PRESCRIBED_LOWER_ATMOSPHERE"", ""NO_IR_COOLING"", ""NET_HEATING_INPUT_NOT_SPECTRAL_PREDICTION"", ""FIXED_MIXING_RATIO""]",converged
1e-05,180.0,0.1,1.3645306335885365,0.175,1.0,low,253.8505236209788,253.85824326484575,2.850648591505489,1.7325566787672504e-08,13.13875640701222,15.00760091640347,0.17813404252438014,0.0070549787167360385,0.18518902124111616,7.946046414505689e-06,-9.990054175222652e-06,7.579698113489702e-10,-1.977923261463829e-20,1.1368683772161603e-13,1.1090984621430532e-07,81,"[""MOLECULAR_LIMIT_ONLY"", ""PRESCRIBED_LOWER_ATMOSPHERE"", ""NO_IR_COOLING"", ""NET_HEATING_INPUT_NOT_SPECTRAL_PREDICTION"", ""FIXED_MIXING_RATIO"", ""KINETIC_ESCAPE_SENSITIVITY_REQUIRED""]",converged
3e-05,180.0,0.1,1.3645306335885365,0.175,1.0,low,317.3617837327576,336.444879304069,4.870736036740888,5.934522913858283e-09,6.150731734475206,7.025606104212185,87.30900941496945,9.26181255662356,96.570821971593,0.004633080974755952,-2.469865552583516e-05,5.067116838003141e-07,5.542443835086504e-15,1.1215357282878813e-07,8.720744040909504e-07,81,"[""MOLECULAR_LIMIT_ONLY"", ""PRESCRIBED_LOWER_ATMOSPHERE"", ""NO_IR_COOLING"", ""NET_HEATING_INPUT_NOT_SPECTRAL_PREDICTION"", ""FIXED_MIXING_RATIO"", ""KINETIC_ESCAPE_SENSITIVITY_REQUIRED"", ""EARTH_TIDES_REQUIRE_REVIEW""]",converged
0.0,180.0,0.1,1.3645306335885365,0.175,1.0,middle,179.999991487065,180.0,2.198447662668093,2.9130138963335373e-08,24.02632749919576,27.443810009469242,6.997994195802234e-06,5.913342489029641e-08,7.05712762069253e-06,2.5498289221839494e-10,3.702536962747809e-13,2.0254411402837148e-14,-3.288603341685354e-26,1.2079226507921703e-14,9.697229900562771e-15,81,"[""MOLECULAR_LIMIT_ONLY"", ""PRESCRIBED_LOWER_ATMOSPHERE"", ""NO_IR_COOLING"", ""NET_HEATING_INPUT_NOT_SPECTRAL_PREDICTION"", ""FIXED_MIXING_RATIO""]",converged
1e-08,180.0,0.1,1.3645306335885365,0.175,1.0,middle,180.14317790895998,180.14317792090355,2.199262294198277,2.91085626976013e-08,23.998337675338693,27.411838939060853,7.185727521089938e-06,6.096166250099955e-08,7.246689183590938e-06,2.6193611014473005e-10,-9.999619783844717e-09,2.081537889951641e-14,1.0615467761840083e-20,5.201059138926211e-10,2.171934574385126e-10,81,"[""MOLECULAR_LIMIT_ONLY"", ""PRESCRIBED_LOWER_ATMOSPHERE"", ""NO_IR_COOLING"", ""NET_HEATING_INPUT_NOT_SPECTRAL_PREDICTION"", ""FIXED_MIXING_RATIO""]",converged
1e-07,180.0,0.1,1.3645306335885365,0.175,1.0,middle,181.4324887953438,181.43248880094873,2.2066297182606522,2.8914514283367886e-08,23.748243174946957,27.126171229195766,9.102725758750803e-06,8.001750376948043e-08,9.182743262520283e-06,3.331016562897455e-10,-9.999951800037586e-08,2.656952236728609e-14,8.70936097865474e-18,3.7470066871492236e-07,1.8931661415653372e-08,81,"[""MOLECULAR_LIMIT_ONLY"", ""PRESCRIBED_LOWER_ATMOSPHERE"", ""NO_IR_COOLING"", ""NET_HEATING_INPUT_NOT_SPECTRAL_PREDICTION"", ""FIXED_MIXING_RATIO""]",converged
3e-07,180.0,0.1,1.3645306335885365,0.175,1.0,middle,184.3017701038782,184.3017701038782,2.2232361445070272,2.8484174017080656e-08,23.203895846075426,26.504396441800047,1.5223371328957383e-05,1.445776321648521e-07,1.5367948961122234e-05,5.618591934508789e-10,-2.9999919262883823e-07,4.51852479996088e-14,5.167592357721129e-19,2.4419883715154356e-08,6.576370902567166e-09,81,"[""MOLECULAR_LIMIT_ONLY"", ""PRESCRIBED_LOWER_ATMOSPHERE"", ""NO_IR_COOLING"", ""NET_HEATING_INPUT_NOT_SPECTRAL_PREDICTION"", ""FIXED_MIXING_RATIO""]",converged
1e-06,180.0,0.1,1.3645306335885365,0.175,1.0,middle,194.39054499058216,194.3905450227277,2.2840478353601847,2.698761028923671e-08,21.413895335279975,24.459787920719673,8.22162373063854e-05,1.0068003080977424e-06,8.322303761448313e-05,3.1248412528273006e-09,-9.999956139283062e-07,2.584177693091243e-13,5.145436454248245e-18,6.707928008609088e-08,2.2030670376854465e-08,81,"[""MOLECULAR_LIMIT_ONLY"", ""PRESCRIBED_LOWER_ATMOSPHERE"", ""NO_IR_COOLING"", ""NET_HEATING_INPUT_NOT_SPECTRAL_PREDICTION"", ""FIXED_MIXING_RATIO""]",converged
3e-06,180.0,0.1,1.3645306335885365,0.175,1.0,middle,223.6482429512641,223.6482524075118,2.4852106170710533,2.27954631591179e-08,17.105954689374595,19.539089798118336,0.0045997192356499695,0.00010381415514549906,0.004703533390795468,1.894322001614105e-07,-2.9997498190303863e-06,1.6868910112877874e-11,9.435066218184917e-17,5.703381233956861e-08,6.587959175636542e-08,81,"[""MOLECULAR_LIMIT_ONLY"", ""PRESCRIBED_LOWER_ATMOSPHERE"", ""NO_IR_COOLING"", ""NET_HEATING_INPUT_NOT_SPECTRAL_PREDICTION"", ""FIXED_MIXING_RATIO""]",converged
1e-05,180.0,0.1,1.3645306335885365,0.175,1.0,middle,316.5672063140108,317.1183475386474,3.623410253848633,1.0723581571122984e-08,8.288817461102518,9.467811158958153,13.386117574569713,1.051919089726669,14.438036664296382,0.0006918116518483412,-9.208708468430852e-06,7.466441513658862e-08,-8.964947321395476e-13,1.7178142783791372e-07,5.712813536107485e-07,81,"[""MOLECULAR_LIMIT_ONLY"", ""PRESCRIBED_LOWER_ATMOSPHERE"", ""NO_IR_COOLING"", ""NET_HEATING_INPUT_NOT_SPECTRAL_PREDICTION"", ""FIXED_MIXING_RATIO"", ""KINETIC_ESCAPE_SENSITIVITY_REQUIRED"", ""EARTH_TIDES_REQUIRE_REVIEW""]",converged
3e-05,180.0,0.1,1.3645306335885365,0.175,1.0,middle,345.90633031148747,370.34821841240256,5.759016811915899,4.245004217369221e-09,4.772755116605429,5.451627371941303,267.8161851871622,34.41557991999403,302.2317651071562,0.015137919508833409,-1.3240176975605542e-05,1.7510226852340274e-06,-1.440493537440638e-14,4.801645124802127e-10,6.342034429776583e-08,240,"[""MOLECULAR_LIMIT_ONLY"", ""PRESCRIBED_LOWER_ATMOSPHERE"", ""NO_IR_COOLING"", ""NET_HEATING_INPUT_NOT_SPECTRAL_PREDICTION"", ""FIXED_MIXING_RATIO"", ""KINETIC_ESCAPE_SENSITIVITY_REQUIRED"", ""EARTH_TIDES_REQUIRE_REVIEW""]",converged
0.0,180.0,0.1,1.3645306335885365,0.175,1.0,high,179.999991487065,180.0,2.198447662668093,2.9130138963335373e-08,24.02632749919576,27.443810009469242,6.997994195802234e-06,5.913342489029641e-08,7.05712762069253e-06,2.5498289221839494e-10,3.702536962747809e-13,2.0254411402837148e-14,-3.288603341685354e-26,1.2079226507921703e-14,9.697229900562771e-15,81,"[""MOLECULAR_LIMIT_ONLY"", ""PRESCRIBED_LOWER_ATMOSPHERE"", ""NO_IR_COOLING"", ""NET_HEATING_INPUT_NOT_SPECTRAL_PREDICTION"", ""FIXED_MIXING_RATIO""]",converged
1e-08,180.0,0.1,1.3645306335885365,0.175,1.0,high,180.2147741558084,180.2147741558084,2.1994951911954472,2.9102398612995156e-08,23.98626345424004,27.39804729196644,7.268058480414669e-06,6.176597319173847e-08,7.329824453606408e-06,2.6499373040511636e-10,-9.999615413321947e-09,2.1062705510737583e-14,3.468958088299948e-20,1.0099675762376136e-09,1.1701424719847477e-10,81,"[""MOLECULAR_LIMIT_ONLY"", ""PRESCRIBED_LOWER_ATMOSPHERE"", ""NO_IR_COOLING"", ""NET_HEATING_INPUT_NOT_SPECTRAL_PREDICTION"", ""FIXED_MIXING_RATIO""]",converged
1e-07,180.0,0.1,1.3645306335885365,0.175,1.0,high,182.14904132094628,182.14904132094628,2.2089821264329697,2.8852963755853412e-08,23.629629734881895,26.99068632357196,1.017990081281886e-05,9.100680899567386e-08,1.0270907621814533e-05,3.733095343467658e-10,-9.999946074183097e-08,2.9837694501879437e-14,3.0261574623453355e-17,7.244224818236944e-07,2.9828465937183524e-08,81,"[""MOLECULAR_LIMIT_ONLY"", ""PRESCRIBED_LOWER_ATMOSPHERE"", ""NO_IR_COOLING"", ""NET_HEATING_INPUT_NOT_SPECTRAL_PREDICTION"", ""FIXED_MIXING_RATIO""]",converged
3e-07,180.0,0.1,1.3645306335885365,0.175,1.0,high,186.4554328310453,186.4554328310453,2.2304541404691713,2.8300116502750833e-08,22.86165506104715,26.11347564534782,2.1010518494074224e-05,2.0947697851208403e-07,2.121999547258631e-05,7.803323933971124e-10,-2.999988844346624e-07,6.313525867984644e-14,1.834519413041187e-18,5.708889929678662e-08,3.8864311855506694e-09,81,"[""MOLECULAR_LIMIT_ONLY"", ""PRESCRIBED_LOWER_ATMOSPHERE"", ""NO_IR_COOLING"", ""NET_HEATING_INPUT_NOT_SPECTRAL_PREDICTION"", ""FIXED_MIXING_RATIO""]",converged
1e-06,180.0,0.1,1.3645306335885365,0.175,1.0,high,201.61815072497583,201.61815072497583,2.3101542033587337,2.6381099013934564e-08,20.412933044707017,23.316449683527708,0.00020984663083329437,2.96215280946623e-06,0.00021280878364276059,8.137690842646768e-09,-9.999887590513937e-07,6.859058678798281e-13,3.602412504445171e-17,1.795415016658808e-07,1.4262321083890661e-08,81,"[""MOLECULAR_LIMIT_ONLY"", ""PRESCRIBED_LOWER_ATMOSPHERE"", ""NO_IR_COOLING"", ""NET_HEATING_INPUT_NOT_SPECTRAL_PREDICTION"", ""FIXED_MIXING_RATIO""]",converged
3e-06,180.0,0.1,1.3645306335885365,0.175,1.0,high,245.7832974174881,245.7832974174881,2.58678521190748,2.1040405263581193e-08,14.954203016313304,17.08127496540916,0.03324962002456105,0.0010181876612533462,0.034267807685814396,1.446802706102829e-06,-2.9981646108251788e-06,1.3541877227984828e-10,4.6742527009598245e-15,3.7916812587468487e-07,4.6733058504445665e-08,81,"[""MOLECULAR_LIMIT_ONLY"", ""PRESCRIBED_LOWER_ATMOSPHERE"", ""NO_IR_COOLING"", ""NET_HEATING_INPUT_NOT_SPECTRAL_PREDICTION"", ""FIXED_MIXING_RATIO"", ""KINETIC_ESCAPE_SENSITIVITY_REQUIRED""]",converged
1e-05,180.0,0.1,1.3645306335885365,0.175,1.0,high,356.19126012796977,356.5003827771013,3.88253281484084,9.339957260528136e-09,6.875077753811352,7.852982428639708,43.986749612455974,4.216198270604021,48.20294788305999,0.0024499753623752783,-7.32453845069087e-06,2.824890555254031e-07,1.4908741730526852e-14,6.658852470309285e-07,3.512239164526746e-07,81,"[""MOLECULAR_LIMIT_ONLY"", ""PRESCRIBED_LOWER_ATMOSPHERE"", ""NO_IR_COOLING"", ""NET_HEATING_INPUT_NOT_SPECTRAL_PREDICTION"", ""FIXED_MIXING_RATIO"", ""KINETIC_ESCAPE_SENSITIVITY_REQUIRED"", ""EARTH_TIDES_REQUIRE_REVIEW""]",converged
3e-05,180.0,0.1,1.3645306335885365,0.175,1.0,high,417.39985522959006,421.56764634399264,5.348617693437129,4.9214350078735935e-09,4.258750106471413,4.86451076652146,371.33768306347787,51.227409366101014,422.5650924295789,0.02324965672744766,-6.039458129516912e-06,2.9740914659834488e-06,-3.3512436312192187e-14,3.0134456707742174e-08,6.655235891103872e-07,81,"[""MOLECULAR_LIMIT_ONLY"", ""PRESCRIBED_LOWER_ATMOSPHERE"", ""NO_IR_COOLING"", ""NET_HEATING_INPUT_NOT_SPECTRAL_PREDICTION"", ""FIXED_MIXING_RATIO"", ""KINETIC_ESCAPE_SENSITIVITY_REQUIRED"", ""EARTH_TIDES_REQUIRE_REVIEW""]",converged
0.0,180.0,10.0,1.222612974999772,0.175,1.0,low,179.99998804686695,180.0,2.1984476303624136,2.91301398194567e-08,24.02632831145337,27.443810937261624,6.997988805632317e-06,5.913337252070839e-08,7.057122178153026e-06,2.549826931359592e-10,4.1491422651414266e-13,2.0254395384886176e-14,-6.846050479870029e-26,2.0605739337042905e-14,8.591926140857963e-15,81,"[""MOLECULAR_LIMIT_ONLY"", ""PRESCRIBED_LOWER_ATMOSPHERE"", ""NO_IR_COOLING"", ""NET_HEATING_INPUT_NOT_SPECTRAL_PREDICTION"", ""FIXED_MIXING_RATIO""]",converged
1e-08,180.0,10.0,1.222612974999772,0.175,1.0,low,180.0934884913974,180.0934886767184,2.199241598721786,2.9109110539646128e-08,24.005184926476925,27.419660136841962,7.13963263715482e-06,6.05117257771869e-08,7.200144362932006e-06,2.602178227618309e-10,-9.999576665847287e-09,2.067588925582352e-14,3.316284739062267e-21,3.598195519316505e-10,1.4682131043835546e-10,81,"[""MOLECULAR_LIMIT_ONLY"", ""PRESCRIBED_LOWER_ATMOSPHERE"", ""NO_IR_COOLING"", ""NET_HEATING_INPUT_NOT_SPECTRAL_PREDICTION"", ""FIXED_MIXING_RATIO""]",converged
1e-07,180.0,10.0,1.222612974999772,0.175,1.0,low,180.93529926615184,180.9352994158934,2.2064196318109697,2.8920020857856202e-08,23.81576806003488,27.20330079122834,8.54327848849671e-06,7.438284038450243e-08,8.617661328881212e-06,3.121748372670169e-10,-9.999949320008442e-08,2.4865095334279943e-14,2.6538627578911022e-18,2.5985543317119664e-07,1.886887759837694e-08,81,"[""MOLECULAR_LIMIT_ONLY"", ""PRESCRIBED_LOWER_ATMOSPHERE"", ""NO_IR_COOLING"", ""NET_HEATING_INPUT_NOT_SPECTRAL_PREDICTION"", ""FIXED_MIXING_RATIO""]",converged
3e-07,180.0,10.0,1.222612974999772,0.175,1.0,low,182.80801224967908,182.80801237741767,2.222582491820396,2.8500930650084303e-08,23.400379077351626,26.728827265419312,1.2660698592192523e-05,1.1693069552975413e-07,1.2777629287722276e-05,4.65258938860081e-10,-2.999992481626579e-07,3.725976994869667e-14,2.1048447739145255e-19,1.7573594135456005e-08,4.381844174570581e-09,81,"[""MOLECULAR_LIMIT_ONLY"", ""PRESCRIBED_LOWER_ATMOSPHERE"", ""NO_IR_COOLING"", ""NET_HEATING_INPUT_NOT_SPECTRAL_PREDICTION"", ""FIXED_MIXING_RATIO""]",converged
1e-06,180.0,10.0,1.222612974999772,0.175,1.0,low,189.3849537766351,189.3849542563034,2.281569467955413,2.7046273034720612e-08,22.0037569645051,25.133550920282225,4.739474095547417e-05,5.337528383084456e-07,4.7928493793782616e-05,1.7762878457459218e-09,-9.999971746539747e-07,1.4492827985107798e-13,1.6698855003759577e-18,5.220811161166239e-08,1.4696521570641514e-08,81,"[""MOLECULAR_LIMIT_ONLY"", ""PRESCRIBED_LOWER_ATMOSPHERE"", ""NO_IR_COOLING"", ""NET_HEATING_INPUT_NOT_SPECTRAL_PREDICTION"", ""FIXED_MIXING_RATIO""]",converged
3e-06,180.0,10.0,1.222612974999772,0.175,1.0,low,208.38436581445822,208.38439148181448,2.474352016601818,2.299597623333657e-08,18.439510606785372,21.062329470750367,0.001348308812797466,2.5185018961703783e-05,0.0013734938317591697,5.339567810205243e-08,-2.999918597349581e-06,4.583489600903731e-12,1.623383338227029e-17,4.3526328852294684e-08,4.275509578612285e-08,81,"[""MOLECULAR_LIMIT_ONLY"", ""PRESCRIBED_LOWER_ATMOSPHERE"", ""NO_IR_COOLING"", ""NET_HEATING_INPUT_NOT_SPECTRAL_PREDICTION"", ""FIXED_MIXING_RATIO""]",converged
1e-05,180.0,10.0,1.222612974999772,0.175,1.0,low,271.7620578150431,272.33921873379074,3.5913839842864075,1.0915688687470032e-08,9.741488994103353,11.127109341719287,3.908493087428563,0.2502634882719346,4.158756575700498,0.00018463104818508674,-9.748928950140976e-06,1.836608707391607e-08,2.477455565433071e-16,8.379170424177573e-09,1.4691012800479405e-07,81,"[""MOLECULAR_LIMIT_ONLY"", ""PRESCRIBED_LOWER_ATMOSPHERE"", ""NO_IR_COOLING"", ""NET_HEATING_INPUT_NOT_SPECTRAL_PREDICTION"", ""FIXED_MIXING_RATIO"", ""KINETIC_ESCAPE_SENSITIVITY_REQUIRED"", ""EARTH_TIDES_REQUIRE_REVIEW""]",converged
3e-05,180.0,10.0,1.222612974999772,0.175,1.0,low,275.63543650660733,324.33956609491406,6.055020353370966,3.840109461742394e-09,5.6967262428768795,6.50702329312309,138.15047955494242,15.613946344612835,153.76442589955528,0.006874960793013576,-2.068885630431219e-05,7.032863883590883e-07,2.0316414947469112e-14,6.772138280529998e-10,4.709656293429478e-07,81,"[""MOLECULAR_LIMIT_ONLY"", ""PRESCRIBED_LOWER_ATMOSPHERE"", ""NO_IR_COOLING"", ""NET_HEATING_INPUT_NOT_SPECTRAL_PREDICTION"", ""FIXED_MIXING_RATIO"", ""KINETIC_ESCAPE_SENSITIVITY_REQUIRED"", ""EARTH_TIDES_REQUIRE_REVIEW""]",converged
0.0,180.0,10.0,1.222612974999772,0.175,1.0,middle,179.99998804686695,180.0,2.1984476303624136,2.91301398194567e-08,24.02632831145337,27.443810937261624,6.997988805632317e-06,5.913337252070839e-08,7.057122178153026e-06,2.549826931359592e-10,4.1491422651414266e-13,2.0254395384886176e-14,-6.846050479870029e-26,2.0605739337042905e-14,8.591926140857963e-15,81,"[""MOLECULAR_LIMIT_ONLY"", ""PRESCRIBED_LOWER_ATMOSPHERE"", ""NO_IR_COOLING"", ""NET_HEATING_INPUT_NOT_SPECTRAL_PREDICTION"", ""FIXED_MIXING_RATIO""]",converged
1e-08,180.0,10.0,1.222612974999772,0.175,1.0,middle,180.1869941094013,180.18699412525606,2.1998375444912384,2.909334110337167e-08,23.986228021904207,27.398006819768067,7.268865989089864e-06,6.177314653515076e-08,7.3306391356250145e-06,2.650027560267866e-10,-9.999568982068088e-09,2.1061799853499845e-14,2.8502616012247275e-20,1.296467644351651e-09,2.9090748310258033e-10,81,"[""MOLECULAR_LIMIT_ONLY"", ""PRESCRIBED_LOWER_ATMOSPHERE"", ""NO_IR_COOLING"", ""NET_HEATING_INPUT_NOT_SPECTRAL_PREDICTION"", ""FIXED_MIXING_RATIO""]",converged
1e-07,180.0,10.0,1.222612974999772,0.175,1.0,middle,181.87113546060695,181.8711354681343,2.212446236601656,2.876268113990135e-08,23.628682355325626,26.98960418962744,1.0196874920902109e-05,9.11707385507194e-08,1.0288045659452827e-05,3.7364708748016286e-10,-9.999939481022407e-08,2.984190055603844e-14,5.4123612802808124e-20,3.9767932946688235e-09,2.831412313824358e-09,81,"[""MOLECULAR_LIMIT_ONLY"", ""PRESCRIBED_LOWER_ATMOSPHERE"", ""NO_IR_COOLING"", ""NET_HEATING_INPUT_NOT_SPECTRAL_PREDICTION"", ""FIXED_MIXING_RATIO""]",converged
3e-07,180.0,10.0,1.222612974999772,0.175,1.0,middle,185.62077368139535,185.62077368976102,2.241123642407312,2.803129671140268e-08,22.855125612763196,26.10601745440384,2.1189855586697915e-05,2.1146099591798913e-07,2.1401316582615904e-05,7.852367300219337e-10,-2.9999873974898244e-07,6.338998411646533e-14,2.1750554096590878e-18,9.525422512979276e-08,9.545583817155959e-09,81,"[""MOLECULAR_LIMIT_ONLY"", ""PRESCRIBED_LOWER_ATMOSPHERE"", ""NO_IR_COOLING"", ""NET_HEATING_INPUT_NOT_SPECTRAL_PREDICTION"", ""FIXED_MIXING_RATIO""]",converged
1e-06,180.0,10.0,1.222612974999772,0.175,1.0,middle,198.82536702719383,198.82536726519172,2.3493173287820017,2.5508884951672496e-08,20.354598174341074,23.24981731537641,0.00022339911365438735,3.179681586983738e-06,0.00022657879524137108,8.604031035937157e-09,-9.999866078401709e-07,7.202066519998583e-13,5.992712703118893e-17,3.789643706397783e-07,3.7632452717402404e-08,81,"[""MOLECULAR_LIMIT_ONLY"", ""PRESCRIBED_LOWER_ATMOSPHERE"", ""NO_IR_COOLING"", ""NET_HEATING_INPUT_NOT_SPECTRAL_PREDICTION"", ""FIXED_MIXING_RATIO""]",converged
3e-06,180.0,10.0,1.222612974999772,0.175,1.0,middle,237.29184235637902,237.29220549772685,2.7482148240047093,1.8641182691194098e-08,14.579496368477756,16.653270391974953,0.04806526470004912,0.0015521621473521421,0.04961742684740126,2.0583653931601085e-06,-2.9970351135152777e-06,1.8940271942855906e-10,-2.544736650264999e-17,2.291997702741355e-11,8.655486005035033e-08,81,"[""MOLECULAR_LIMIT_ONLY"", ""PRESCRIBED_LOWER_ATMOSPHERE"", ""NO_IR_COOLING"", ""NET_HEATING_INPUT_NOT_SPECTRAL_PREDICTION"", ""FIXED_MIXING_RATIO"", ""KINETIC_ESCAPE_SENSITIVITY_REQUIRED""]",converged
1e-05,180.0,10.0,1.222612974999772,0.175,1.0,middle,305.70950227970553,310.0292487549813,4.481279916654398,7.010849981122793e-09,6.940088328366285,7.927240046944117,44.85831447731515,4.260718993754025,49.119033471069166,0.002312869401340509,-7.00375869671254e-06,2.469642761338197e-07,-8.455228992675827e-15,8.455229098554945e-10,1.2549037227315187e-08,241,"[""MOLECULAR_LIMIT_ONLY"", ""PRESCRIBED_LOWER_ATMOSPHERE"", ""NO_IR_COOLING"", ""NET_HEATING_INPUT_NOT_SPECTRAL_PREDICTION"", ""FIXED_MIXING_RATIO"", ""KINETIC_ESCAPE_SENSITIVITY_REQUIRED"", ""EARTH_TIDES_REQUIRE_REVIEW""]",converged
3e-05,180.0,10.0,1.222612974999772,0.175,1.0,middle,300.5087358841556,341.1662884687271,6.757164994657552,3.0835129125593925e-09,4.682247679095339,5.348246240573891,309.62172734414554,40.28915316734702,349.9108805114926,0.016335514869537073,-8.645669856566021e-06,1.7631147812749776e-06,-1.5020096440481606e-16,5.006698813493869e-12,9.318848602447476e-08,234,"[""MOLECULAR_LIMIT_ONLY"", ""PRESCRIBED_LOWER_ATMOSPHERE"", ""NO_IR_COOLING"", ""NET_HEATING_INPUT_NOT_SPECTRAL_PREDICTION"", ""FIXED_MIXING_RATIO"", ""KINETIC_ESCAPE_SENSITIVITY_REQUIRED"", ""EARTH_TIDES_REQUIRE_REVIEW""]",converged
0.0,180.0,10.0,1.222612974999772,0.175,1.0,high,179.99998804686695,180.0,2.1984476303624136,2.91301398194567e-08,24.02632831145337,27.443810937261624,6.997988805632317e-06,5.913337252070839e-08,7.057122178153026e-06,2.549826931359592e-10,4.1491422651414266e-13,2.0254395384886176e-14,-6.846050479870029e-26,2.0605739337042905e-14,8.591926140857963e-15,81,"[""MOLECULAR_LIMIT_ONLY"", ""PRESCRIBED_LOWER_ATMOSPHERE"", ""NO_IR_COOLING"", ""NET_HEATING_INPUT_NOT_SPECTRAL_PREDICTION"", ""FIXED_MIXING_RATIO""]",converged
1e-08,180.0,10.0,1.222612974999772,0.175,1.0,high,180.28050232950474,180.28050232950474,2.2002350652956952,2.9082829353188325e-08,23.969455410061983,27.378848487194098,7.384934223662777e-06,6.290922539064604e-08,7.447843449053423e-06,2.6930954639371425e-10,-9.999562079346119e-09,2.140987443947951e-14,9.1667664082736e-20,2.52683349799554e-09,1.829217294387699e-10,81,"[""MOLECULAR_LIMIT_ONLY"", ""PRESCRIBED_LOWER_ATMOSPHERE"", ""NO_IR_COOLING"", ""NET_HEATING_INPUT_NOT_SPECTRAL_PREDICTION"", ""FIXED_MIXING_RATIO""]",converged
1e-07,180.0,10.0,1.222612974999772,0.175,1.0,high,182.80722977671147,182.80722977671147,2.216486851445737,2.865790906030107e-08,23.46483373973271,26.80244989911854,1.1901781124636166e-05,1.0891986334298172e-07,1.2010700987979148e-05,4.373326159219443e-10,-9.999929329108797e-08,3.5021760698857156e-14,1.7048753807799226e-19,9.469250983329403e-09,1.4833689241139408e-09,81,"[""MOLECULAR_LIMIT_ONLY"", ""PRESCRIBED_LOWER_ATMOSPHERE"", ""NO_IR_COOLING"", ""NET_HEATING_INPUT_NOT_SPECTRAL_PREDICTION"", ""FIXED_MIXING_RATIO""]",converged
3e-07,180.0,10.0,1.222612974999772,0.175,1.0,high,188.43595052324812,188.43595052324812,2.2537011580158888,2.7719294503001075e-08,22.388031930622926,25.572484800705098,3.289486298523622e-05,3.507833667211719e-07,3.324564635195739e-05,1.2290328236447122e-09,-2.999980407319402e-07,9.999839283592058e-14,8.390566670409832e-18,2.2515458226735062e-07,9.23899472756287e-09,81,"[""MOLECULAR_LIMIT_ONLY"", ""PRESCRIBED_LOWER_ATMOSPHERE"", ""NO_IR_COOLING"", ""NET_HEATING_INPUT_NOT_SPECTRAL_PREDICTION"", ""FIXED_MIXING_RATIO""]",converged
1e-06,180.0,10.0,1.222612974999772,0.175,1.0,high,208.2951330032162,208.2951330032162,2.3973804920684936,2.449632227157712e-08,19.03969200366566,21.747880112135398,0.0007628385433142984,1.3085610693078657e-05,0.0007759241540073772,3.015821683244539e-08,-9.99954016678192e-07,2.58677408711232e-12,1.7299010009694988e-17,4.452359121387417e-08,1.469659726211262e-08,81,"[""MOLECULAR_LIMIT_ONLY"", ""PRESCRIBED_LOWER_ATMOSPHERE"", ""NO_IR_COOLING"", ""NET_HEATING_INPUT_NOT_SPECTRAL_PREDICTION"", ""FIXED_MIXING_RATIO""]",converged
3e-06,180.0,10.0,1.222612974999772,0.175,1.0,high,265.90434614605925,265.9046155081523,2.9713324910975376,1.5946754732444095e-08,12.033703881890345,13.74536674636878,0.4844490284981866,0.0224353416393451,0.5068843701375317,2.2259655933617e-05,-2.9694643202804016e-06,2.177705335685981e-09,-8.699110217823277e-17,3.7470471170308883e-11,5.5560760544963144e-09,161,"[""MOLECULAR_LIMIT_ONLY"", ""PRESCRIBED_LOWER_ATMOSPHERE"", ""NO_IR_COOLING"", ""NET_HEATING_INPUT_NOT_SPECTRAL_PREDICTION"", ""FIXED_MIXING_RATIO"", ""KINETIC_ESCAPE_SENSITIVITY_REQUIRED""]",converged
1e-05,180.0,10.0,1.222612974999772,0.175,1.0,high,340.2543324686161,341.3587512344101,4.5070747524492365,6.930830791995358e-09,6.199798621958348,7.0816522202025896,80.83404970818141,8.51633231003555,89.35038201821698,0.004438590455671117,-4.495973732688044e-06,5.024611453521026e-07,-8.96445673023564e-17,8.96445673023564e-12,1.9553768710152036e-07,156,"[""MOLECULAR_LIMIT_ONLY"", ""PRESCRIBED_LOWER_ATMOSPHERE"", ""NO_IR_COOLING"", ""NET_HEATING_INPUT_NOT_SPECTRAL_PREDICTION"", ""FIXED_MIXING_RATIO"", ""KINETIC_ESCAPE_SENSITIVITY_REQUIRED"", ""EARTH_TIDES_REQUIRE_REVIEW""]",converged
3e-05,180.0,10.0,1.222612974999772,0.175,1.0,high,386.6034459816269,392.20271637140405,5.808428616966793,4.173087640981102e-09,4.234007577896593,4.836248883660504,393.6493233599034,54.49058821895276,448.1399115788562,0.023729758255336436,-1.9848243275912297e-06,2.9224248528048254e-06,-1.275860317460735e-16,4.2528677248691166e-12,7.979346011572573e-07,158,"[""MOLECULAR_LIMIT_ONLY"", ""PRESCRIBED_LOWER_ATMOSPHERE"", ""NO_IR_COOLING"", ""NET_HEATING_INPUT_NOT_SPECTRAL_PREDICTION"", ""FIXED_MIXING_RATIO"", ""KINETIC_ESCAPE_SENSITIVITY_REQUIRED"", ""EARTH_TIDES_REQUIRE_REVIEW""]",converged
0.0,210.0,0.001,1.6816655695851035,0.175,1.0,low,209.992657035681,210.0,2.7821707602949153,1.8188934312782805e-08,16.273767891348868,18.588533522791984,0.010408582577705874,0.0002643498714655756,0.010672932449171448,4.165169162663051e-07,4.469324072150589e-10,3.5974617439658246e-11,-1.0776646293548437e-17,3.0927104432976193e-09,2.0482383907490844e-11,81,"[""MOLECULAR_LIMIT_ONLY"", ""PRESCRIBED_LOWER_ATMOSPHERE"", ""NO_IR_COOLING"", ""NET_HEATING_INPUT_NOT_SPECTRAL_PREDICTION"", ""FIXED_MIXING_RATIO""]",converged
1e-08,210.0,0.001,1.6816655695851035,0.175,1.0,low,210.04453222668891,210.04592862765313,2.782579782087417,1.818358770532201e-08,16.26735716958848,18.581210945922027,0.010470358436216902,0.00026616074279733876,0.01073651917901424,4.1905016528393196e-07,-9.550396248132828e-09,3.6198160786614014e-11,-7.648394537319993e-16,1.753466293052952e-07,2.882108591068692e-08,81,"[""MOLECULAR_LIMIT_ONLY"", ""PRESCRIBED_LOWER_ATMOSPHERE"", ""NO_IR_COOLING"", ""NET_HEATING_INPUT_NOT_SPECTRAL_PREDICTION"", ""FIXED_MIXING_RATIO""]",converged
1e-07,210.0,0.001,1.6816655695851035,0.175,1.0,low,210.5115781740245,210.51222214446193,2.786269115681948,1.8135465078129064e-08,16.209774006438067,18.515437207122492,0.011041702002417513,0.00028298600336934727,0.01132468800578686,4.424977512805537e-07,-9.952567593241223e-08,3.826869418260933e-11,1.51058502067636e-16,2.672989367624723e-08,3.674411418002656e-09,81,"[""MOLECULAR_LIMIT_ONLY"", ""PRESCRIBED_LOWER_ATMOSPHERE"", ""NO_IR_COOLING"", ""NET_HEATING_INPUT_NOT_SPECTRAL_PREDICTION"", ""FIXED_MIXING_RATIO""]",converged
3e-07,210.0,0.001,1.6816655695851035,0.175,1.0,low,211.5501901905996,211.55070076467874,2.7945176801196117,1.802856231315154e-08,16.082580224485415,18.370151499749557,0.012416096136354162,0.0003240019617777889,0.012740098098131952,4.99029605559501e-07,-2.994661698824313e-07,4.327071338855173e-11,8.151430990005924e-18,1.03798001305222e-09,2.008818386066205e-09,81,"[""MOLECULAR_LIMIT_ONLY"", ""PRESCRIBED_LOWER_ATMOSPHERE"", ""NO_IR_COOLING"", ""NET_HEATING_INPUT_NOT_SPECTRAL_PREDICTION"", ""FIXED_MIXING_RATIO""]",converged
1e-06,210.0,0.001,1.6816655695851035,0.175,1.0,low,215.19336256514234,215.19393379566756,2.823944443545246,1.7654788872038995e-08,15.64555551620539,17.87096480282793,0.018570353290005386,0.000515579564337559,0.019085932854342944,7.540057368142671e-07,-9.99199094232254e-07,6.597593568794991e-11,1.490493863112414e-15,1.5290317918470463e-07,2.4037795619046864e-08,81,"[""MOLECULAR_LIMIT_ONLY"", ""PRESCRIBED_LOWER_ATMOSPHERE"", ""NO_IR_COOLING"", ""NET_HEATING_INPUT_NOT_SPECTRAL_PREDICTION"", ""FIXED_MIXING_RATIO""]",converged
3e-06,210.0,0.001,1.6816655695851035,0.175,1.0,low,225.6694114754207,225.6710339633436,2.9131223666444455,1.6590419360381612e-08,14.462540368940665,16.51967867968056,0.054986646370505564,0.0018053496291692448,0.05679199599967481,2.297578239194255e-06,-2.997606750181301e-06,2.0620663265220474e-10,2.6954744396879183e-16,1.5941877506975287e-08,2.035011536171994e-08,81,"[""MOLECULAR_LIMIT_ONLY"", ""PRESCRIBED_LOWER_ATMOSPHERE"", ""NO_IR_COOLING"", ""NET_HEATING_INPUT_NOT_SPECTRAL_PREDICTION"", ""FIXED_MIXING_RATIO"", ""KINETIC_ESCAPE_SENSITIVITY_REQUIRED""]",converged
1e-05,210.0,0.001,1.6816655695851035,0.175,1.0,low,262.6366810509543,262.70288035253594,3.298045333813939,1.2943793947044033e-08,10.976503131050267,12.537790742549863,1.289235673023368,0.06933526370020493,1.358570936723573,5.9293464333390364e-05,-9.941884353540627e-06,5.778701713510539e-09,5.5034244671197934e-14,1.4510322046135116e-07,1.028630771784419e-07,81,"[""MOLECULAR_LIMIT_ONLY"", ""PRESCRIBED_LOWER_ATMOSPHERE"", ""NO_IR_COOLING"", ""NET_HEATING_INPUT_NOT_SPECTRAL_PREDICTION"", ""FIXED_MIXING_RATIO"", ""KINETIC_ESCAPE_SENSITIVITY_REQUIRED""]",converged
3e-05,210.0,0.001,1.6816655695851035,0.175,1.0,low,323.19947420665954,334.14921881623803,4.752173264208264,6.234337162655211e-09,6.190319944842128,7.07082530485619,83.6190548128611,8.821429613042277,92.44048442590338,0.004475528882891791,-2.5942114885439747e-05,4.938164991882368e-07,-6.194943744015121e-14,2.0649812480050406e-09,2.3266169862808372e-08,241,"[""MOLECULAR_LIMIT_ONLY"", ""PRESCRIBED_LOWER_ATMOSPHERE"", ""NO_IR_COOLING"", ""NET_HEATING_INPUT_NOT_SPECTRAL_PREDICTION"", ""FIXED_MIXING_RATIO"", ""KINETIC_ESCAPE_SENSITIVITY_REQUIRED"", ""EARTH_TIDES_REQUIRE_REVIEW""]",converged
0.0,210.0,0.001,1.6816655695851035,0.175,1.0,middle,209.992657035681,210.0,2.7821707602949153,1.8188934312782805e-08,16.273767891348868,18.588533522791984,0.010408582577705874,0.0002643498714655756,0.010672932449171448,4.165169162663051e-07,4.469324072150589e-10,3.5974617439658246e-11,-1.0776646293548437e-17,3.0927104432976193e-09,2.0482383907490844e-11,81,"[""MOLECULAR_LIMIT_ONLY"", ""PRESCRIBED_LOWER_ATMOSPHERE"", ""NO_IR_COOLING"", ""NET_HEATING_INPUT_NOT_SPECTRAL_PREDICTION"", ""FIXED_MIXING_RATIO""]",converged
1e-08,210.0,0.001,1.6816655695851035,0.175,1.0,middle,210.09642426387623,210.09679292410948,2.782886697086434,1.81795767948984e-08,16.261545642426576,18.57457279253377,0.010526523424266625,0.0002678090512672022,0.010794332475533828,4.213586854904355e-07,-9.547965084311928e-09,3.6402320585499724e-11,2.0028245062913208e-18,2.0028245062913208e-10,1.3454731053383856e-10,81,"[""MOLECULAR_LIMIT_ONLY"", ""PRESCRIBED_LOWER_ATMOSPHERE"", ""NO_IR_COOLING"", ""NET_HEATING_INPUT_NOT_SPECTRAL_PREDICTION"", ""FIXED_MIXING_RATIO""]",converged
1e-07,210.0,0.001,1.6816655695851035,0.175,1.0,middle,211.0307291013304,211.03085733599806,2.789353771639162,1.8095376519194342e-08,16.152015019635375,18.449462635677662,0.01164463317544382,0.00030089301540176384,0.011945526190845584,4.6733139790486706e-07,-9.949956725957059e-08,4.0468998685268046e-11,1.5347151784449413e-15,9.366216318085207e-08,1.0518464019748836e-08,81,"[""MOLECULAR_LIMIT_ONLY"", ""PRESCRIBED_LOWER_ATMOSPHERE"", ""NO_IR_COOLING"", ""NET_HEATING_INPUT_NOT_SPECTRAL_PREDICTION"", ""FIXED_MIXING_RATIO""]",converged
3e-07,210.0,0.001,1.6816655695851035,0.175,1.0,middle,213.10955206820964,213.10965354470227,2.803879413443949,1.7908373965259107e-08,15.911596607408018,18.174847331771282,0.014530438506697121,0.00038848238677897885,0.0149189208934761,5.865238793500397e-07,-2.993744830647004e-07,5.105508053057326e-11,6.379957196440018e-17,6.0063975126922745e-09,4.05883100682452e-09,81,"[""MOLECULAR_LIMIT_ONLY"", ""PRESCRIBED_LOWER_ATMOSPHERE"", ""NO_IR_COOLING"", ""NET_HEATING_INPUT_NOT_SPECTRAL_PREDICTION"", ""FIXED_MIXING_RATIO""]",converged
1e-06,210.0,0.001,1.6816655695851035,0.175,1.0,middle,220.41311190565318,220.4132765687216,2.856461345867897,1.7255125259123292e-08,15.101157269508256,17.24913185510238,0.030591679325418064,0.0009174819740111941,0.03150916129942926,1.259802265898794e-06,-9.986750095086381e-07,1.116419503324419e-10,3.570506196076794e-16,1.6111423661868683e-08,1.3579241959230342e-08,81,"[""MOLECULAR_LIMIT_ONLY"", ""PRESCRIBED_LOWER_ATMOSPHERE"", ""NO_IR_COOLING"", ""NET_HEATING_INPUT_NOT_SPECTRAL_PREDICTION"", ""FIXED_MIXING_RATIO""]",converged
3e-06,210.0,0.001,1.6816655695851035,0.175,1.0,middle,241.48449614992094,241.48600786535263,3.0233626723523326,1.5402610864426796e-08,13.022564228732234,14.874881670592432,0.20345595037528286,0.008191529416757257,0.2116474797920401,8.857364943378241e-06,-2.9910242288150473e-06,8.242320081526001e-10,9.421076484147396e-15,3.1755837781588525e-07,5.433393250595121e-08,81,"[""MOLECULAR_LIMIT_ONLY"", ""PRESCRIBED_LOWER_ATMOSPHERE"", ""NO_IR_COOLING"", ""NET_HEATING_INPUT_NOT_SPECTRAL_PREDICTION"", ""FIXED_MIXING_RATIO"", ""KINETIC_ESCAPE_SENSITIVITY_REQUIRED""]",converged
1e-05,210.0,0.001,1.6816655695851035,0.175,1.0,middle,308.36105403385784,308.82695271408426,3.8067483559982045,9.715529639020778e-09,8.099576615423942,9.251652871137932,16.054772259175753,1.295684016972856,17.35045627614861,0.0008205168236320886,-9.243835017550967e-06,8.747115426964183e-08,-1.1789793279908144e-14,1.1789793279908144e-09,5.979546237788306e-09,241,"[""MOLECULAR_LIMIT_ONLY"", ""PRESCRIBED_LOWER_ATMOSPHERE"", ""NO_IR_COOLING"", ""NET_HEATING_INPUT_NOT_SPECTRAL_PREDICTION"", ""FIXED_MIXING_RATIO"", ""KINETIC_ESCAPE_SENSITIVITY_REQUIRED"", ""EARTH_TIDES_REQUIRE_REVIEW""]",converged
3e-05,210.0,0.001,1.6816655695851035,0.175,1.0,middle,356.9884039704253,373.5726933765907,5.709458575089971,4.319017521878908e-09,4.664734955709596,5.328242523677798,288.20269613704363,37.59295715768941,325.79565329473303,0.016577505081124037,-1.5483642960999696e-05,1.9505576284076554e-06,-1.1348954003127798e-15,3.782984667709266e-11,3.5795172346303485e-07,158,"[""MOLECULAR_LIMIT_ONLY"", ""PRESCRIBED_LOWER_ATMOSPHERE"", ""NO_IR_COOLING"", ""NET_HEATING_INPUT_NOT_SPECTRAL_PREDICTION"", ""FIXED_MIXING_RATIO"", ""KINETIC_ESCAPE_SENSITIVITY_REQUIRED"", ""EARTH_TIDES_REQUIRE_REVIEW""]",converged
0.0,210.0,0.001,1.6816655695851035,0.175,1.0,high,209.992657035681,210.0,2.7821707602949153,1.8188934312782805e-08,16.273767891348868,18.588533522791984,0.010408582577705874,0.0002643498714655756,0.010672932449171448,4.165169162663051e-07,4.469324072150589e-10,3.5974617439658246e-11,-1.0776646293548437e-17,3.0927104432976193e-09,2.0482383907490844e-11,81,"[""MOLECULAR_LIMIT_ONLY"", ""PRESCRIBED_LOWER_ATMOSPHERE"", ""NO_IR_COOLING"", ""NET_HEATING_INPUT_NOT_SPECTRAL_PREDICTION"", ""FIXED_MIXING_RATIO""]",converged
1e-08,210.0,0.001,1.6816655695851035,0.175,1.0,high,210.1483157799272,210.14834024790383,2.783091282931043,1.8176904121414365e-08,16.25633511475425,18.56862112424434,0.010577015087752946,0.00026929254707615653,0.010846307634829102,4.234398278770093e-07,-9.545779112923062e-09,3.6586860137345453e-11,6.7145475032848506e-18,6.714547503284851e-10,7.160898790482295e-11,81,"[""MOLECULAR_LIMIT_ONLY"", ""PRESCRIBED_LOWER_ATMOSPHERE"", ""NO_IR_COOLING"", ""NET_HEATING_INPUT_NOT_SPECTRAL_PREDICTION"", ""FIXED_MIXING_RATIO""]",converged
1e-07,210.0,0.001,1.6816655695851035,0.175,1.0,high,211.55001129949707,211.5500143359787,2.791415026930548,1.8068662290603577e-08,16.100469600706703,18.390585444230727,0.012208750969525162,0.00031778409053087077,0.012526535060056031,4.906641271869493e-07,-9.947511477645055e-08,4.254440682423918e-11,5.260975584471439e-15,1.774898947815018e-07,1.9468547869639815e-08,81,"[""MOLECULAR_LIMIT_ONLY"", ""PRESCRIBED_LOWER_ATMOSPHERE"", ""NO_IR_COOLING"", ""NET_HEATING_INPUT_NOT_SPECTRAL_PREDICTION"", ""FIXED_MIXING_RATIO""]",converged
3e-07,210.0,0.001,1.6816655695851035,0.175,1.0,high,214.66984178474968,214.66984178474968,2.810167903520644,1.782831426107833e-08,15.760598400917253,18.002371280621066,0.016686962811189737,0.0004557939970491323,0.017142756808238867,6.764146592001566e-07,-2.992807951362428e-07,5.910604783514585e-11,1.8532364450578392e-16,1.64987262962768e-08,2.3045677893816845e-09,81,"[""MOLECULAR_LIMIT_ONLY"", ""PRESCRIBED_LOWER_ATMOSPHERE"", ""NO_IR_COOLING"", ""NET_HEATING_INPUT_NOT_SPECTRAL_PREDICTION"", ""FIXED_MIXING_RATIO""]",converged
1e-06,210.0,0.001,1.6816655695851035,0.175,1.0,high,225.64115951528723,225.64115951528723,2.8787140017817285,1.6989389789065734e-08,14.637239036640453,16.719226323631588,0.046697444393368294,0.0014957011858311839,0.04819314557919948,1.949580903344941e-06,-9.979692010385883e-07,1.7491892249340575e-10,2.2983462860789636e-15,5.062377539388763e-08,8.811885301069466e-09,81,"[""MOLECULAR_LIMIT_ONLY"", ""PRESCRIBED_LOWER_ATMOSPHERE"", ""NO_IR_COOLING"", ""NET_HEATING_INPUT_NOT_SPECTRAL_PREDICTION"", ""FIXED_MIXING_RATIO"", ""KINETIC_ESCAPE_SENSITIVITY_REQUIRED""]",converged
3e-06,210.0,0.001,1.6816655695851035,0.175,1.0,high,257.2709885080664,257.27116300818983,3.1026557176156584,1.4625396403670183e-08,11.911092729258556,13.605315497255429,0.5515184498184762,0.025988368510667215,0.5775068183291434,2.4945909992389834e-05,-2.9753537517707928e-06,2.4011704227280203e-09,-2.7888476652560374e-15,3.8729186968566864e-08,2.068830875423275e-08,81,"[""MOLECULAR_LIMIT_ONLY"", ""PRESCRIBED_LOWER_ATMOSPHERE"", ""NO_IR_COOLING"", ""NET_HEATING_INPUT_NOT_SPECTRAL_PREDICTION"", ""FIXED_MIXING_RATIO"", ""KINETIC_ESCAPE_SENSITIVITY_REQUIRED""]",converged
1e-05,210.0,0.001,1.6816655695851035,0.175,1.0,high,342.908729458618,343.1253642605643,4.046289741783832,8.59925569259047e-09,6.852365014576649,7.827039050469546,45.727877671133704,4.397062758371294,50.124940429504996,0.002499711967507999,-7.78485800273345e-06,2.8283756135398735e-07,-2.1375572579165794e-15,2.137557257916579e-10,9.268286425480701e-09,240,"[""MOLECULAR_LIMIT_ONLY"", ""PRESCRIBED_LOWER_ATMOSPHERE"", ""NO_IR_COOLING"", ""NET_HEATING_INPUT_NOT_SPECTRAL_PREDICTION"", ""FIXED_MIXING_RATIO"", ""KINETIC_ESCAPE_SENSITIVITY_REQUIRED"", ""EARTH_TIDES_REQUIRE_REVIEW""]",converged
3e-05,210.0,0.001,1.6816655695851035,0.175,1.0,high,413.55062947281255,416.85925222093505,5.597508540348124,4.49350564151082e-09,4.107263418279605,4.691476752486697,421.57634358478754,59.382013637149264,480.9583572219368,0.02634017436131346,-8.085444695191411e-06,3.3614144846304603e-06,-2.672858823174148e-13,8.909529410580493e-09,3.6741690193720455e-07,81,"[""MOLECULAR_LIMIT_ONLY"", ""PRESCRIBED_LOWER_ATMOSPHERE"", ""NO_IR_COOLING"", ""NET_HEATING_INPUT_NOT_SPECTRAL_PREDICTION"", ""FIXED_MIXING_RATIO"", ""KINETIC_ESCAPE_SENSITIVITY_REQUIRED"", ""EARTH_TIDES_REQUIRE_REVIEW""]",converged
0.0,210.0,0.1,1.4411421405633202,0.175,1.0,low,209.9884020441941,210.0,2.7821197332799543,1.8189601541152043e-08,16.274396130579035,18.589251122186806,0.010402529779143141,0.0002641726108610644,0.010666702390004206,4.1626956714001187e-07,5.254253366745458e-10,3.595286283176385e-11,-3.419562022764597e-17,8.72638636906231e-09,7.143941261587289e-11,81,"[""MOLECULAR_LIMIT_ONLY"", ""PRESCRIBED_LOWER_ATMOSPHERE"", ""NO_IR_COOLING"", ""NET_HEATING_INPUT_NOT_SPECTRAL_PREDICTION"", ""FIXED_MIXING_RATIO""]",converged
1e-08,210.0,0.1,1.4411421405633202,0.175,1.0,low,210.06212148813717,210.064235616922,2.7829465050649747,1.817879541312555e-08,16.26385159223965,18.57720673850672,0.010504538322568062,0.0002671623372190344,0.010771700659787095,4.2044092130831674e-07,-9.469389095326954e-09,3.631996755406815e-11,7.917040122280618e-19,1.2050591635670572e-10,9.92043019324539e-11,81,"[""MOLECULAR_LIMIT_ONLY"", ""PRESCRIBED_LOWER_ATMOSPHERE"", ""NO_IR_COOLING"", ""NET_HEATING_INPUT_NOT_SPECTRAL_PREDICTION"", ""FIXED_MIXING_RATIO""]",converged
1e-07,210.0,0.1,1.4411421405633202,0.175,1.0,low,210.7258014073046,210.7267916487732,2.7904164787808536,1.80815963073923e-08,16.16922729395202,18.469123167908098,0.011465689818743161,0.00029554689343732856,0.011761236712180488,4.5978909952451343e-07,-9.94205116914519e-08,3.9786267755717684e-11,6.020607452476006e-16,8.712652359577077e-08,1.3076454526980393e-08,81,"[""MOLECULAR_LIMIT_ONLY"", ""PRESCRIBED_LOWER_ATMOSPHERE"", ""NO_IR_COOLING"", ""NET_HEATING_INPUT_NOT_SPECTRAL_PREDICTION"", ""FIXED_MIXING_RATIO""]",converged
3e-07,210.0,0.1,1.4411421405633202,0.175,1.0,low,212.2019740999451,212.2028335025416,2.8072060748399945,1.7865954718776838e-08,15.960713185076488,18.23095020583283,0.013903812752185777,0.0003691490390607999,0.014272961791246578,5.5993245632172e-07,-2.992963990425098e-07,4.8633543387082497e-11,3.96291045213464e-17,6.134633423471314e-09,2.979285958799782e-09,81,"[""MOLECULAR_LIMIT_ONLY"", ""PRESCRIBED_LOWER_ATMOSPHERE"", ""NO_IR_COOLING"", ""NET_HEATING_INPUT_NOT_SPECTRAL_PREDICTION"", ""FIXED_MIXING_RATIO""]",converged
1e-06,210.0,0.1,1.4411421405633202,0.175,1.0,low,217.38216076014223,217.38349019213106,2.868111944386086,1.7115225437114976e-08,15.249514202549125,17.418590940520136,0.026801727450256524,0.0007870881357595078,0.02758881558601603,1.0954481708836815e-06,-9.986375446178164e-07,9.638817052406366e-11,2.1596037529114055e-16,1.9434617115621224e-08,1.002012176976021e-08,81,"[""MOLECULAR_LIMIT_ONLY"", ""PRESCRIBED_LOWER_ATMOSPHERE"", ""NO_IR_COOLING"", ""NET_HEATING_INPUT_NOT_SPECTRAL_PREDICTION"", ""FIXED_MIXING_RATIO""]",converged
3e-06,210.0,0.1,1.4411421405633202,0.175,1.0,low,232.25633947410162,232.26501693418462,3.06264662704513,1.5010012040224844e-08,13.36631036216947,15.267521934813292,0.15071651819328896,0.005779814919547382,0.15649633311283634,6.422953553582149e-06,-2.99223153271545e-06,5.858158702247992e-10,7.068268222175869e-16,2.062980186678942e-08,2.9116550658717536e-08,81,"[""MOLECULAR_LIMIT_ONLY"", ""PRESCRIBED_LOWER_ATMOSPHERE"", ""NO_IR_COOLING"", ""NET_HEATING_INPUT_NOT_SPECTRAL_PREDICTION"", ""FIXED_MIXING_RATIO"", ""KINETIC_ESCAPE_SENSITIVITY_REQUIRED""]",converged
1e-05,210.0,0.1,1.4411421405633202,0.175,1.0,low,276.1413308944224,277.6163038822589,3.9666523732178653,8.948011529928351e-09,8.680014542704908,9.914651750143559,10.10048049371292,0.751177182426639,10.85165767613956,0.00048563348180462367,-9.452820400099176e-06,4.8874392233523586e-08,-1.028755991328279e-16,1.3647039054376365e-11,1.2397650477472733e-08,161,"[""MOLECULAR_LIMIT_ONLY"", ""PRESCRIBED_LOWER_ATMOSPHERE"", ""NO_IR_COOLING"", ""NET_HEATING_INPUT_NOT_SPECTRAL_PREDICTION"", ""FIXED_MIXING_RATIO"", ""KINETIC_ESCAPE_SENSITIVITY_REQUIRED"", ""EARTH_TIDES_REQUIRE_REVIEW""]",converged
3e-05,210.0,0.1,1.4411421405633202,0.175,1.0,low,286.58151587097075,326.5189808973157,6.0257456458127585,3.877512685480312e-09,5.505756967146479,6.28889072496566,159.3191674696917,18.491986531788026,177.81115400147974,0.008106435241529937,-2.0983528277663485e-05,8.470029173851967e-07,-2.3130987481857247e-15,7.710329160619082e-11,3.931644539300456e-08,161,"[""MOLECULAR_LIMIT_ONLY"", ""PRESCRIBED_LOWER_ATMOSPHERE"", ""NO_IR_COOLING"", ""NET_HEATING_INPUT_NOT_SPECTRAL_PREDICTION"", ""FIXED_MIXING_RATIO"", ""KINETIC_ESCAPE_SENSITIVITY_REQUIRED"", ""EARTH_TIDES_REQUIRE_REVIEW""]",converged
0.0,210.0,0.1,1.4411421405633202,0.175,1.0,middle,209.9884020441941,210.0,2.7821197332799543,1.8189601541152043e-08,16.274396130579035,18.589251122186806,0.010402529779143141,0.0002641726108610644,0.010666702390004206,4.1626956714001187e-07,5.254253366745458e-10,3.595286283176385e-11,-3.419562022764597e-17,8.72638636906231e-09,7.143941261587289e-11,81,"[""MOLECULAR_LIMIT_ONLY"", ""PRESCRIBED_LOWER_ATMOSPHERE"", ""NO_IR_COOLING"", ""NET_HEATING_INPUT_NOT_SPECTRAL_PREDICTION"", ""FIXED_MIXING_RATIO""]",converged
1e-08,210.0,0.1,1.4411421405633202,0.175,1.0,middle,210.13585721610255,210.13639874847573,2.783566883613289,1.8170693235524842e-08,16.254521197913373,18.5665491975566,0.01059541858672728,0.0002698305070650218,0.010865249093792302,4.241667285324762e-07,-9.46476740402052e-09,3.6648659854661955e-11,7.56444348419791e-18,7.56444348419791e-10,1.9937012840320467e-10,81,"[""MOLECULAR_LIMIT_ONLY"", ""PRESCRIBED_LOWER_ATMOSPHERE"", ""NO_IR_COOLING"", ""NET_HEATING_INPUT_NOT_SPECTRAL_PREDICTION"", ""FIXED_MIXING_RATIO""]",converged
1e-07,210.0,0.1,1.4411421405633202,0.175,1.0,middle,211.4636747970083,211.46387811256957,2.7966803270083402,1.8000690457956248e-08,16.076718436446477,18.363455936423794,0.012487358563711498,0.00032613256418559497,0.012813491127897092,5.018017705270061e-07,-9.936850707301753e-08,4.350249793791187e-11,1.0359350405535793e-17,1.5848527823436599e-09,1.915289567587993e-09,81,"[""MOLECULAR_LIMIT_ONLY"", ""PRESCRIBED_LOWER_ATMOSPHERE"", ""NO_IR_COOLING"", ""NET_HEATING_INPUT_NOT_SPECTRAL_PREDICTION"", ""FIXED_MIXING_RATIO""]",converged
3e-07,210.0,0.1,1.4411421405633202,0.175,1.0,middle,214.41890665768133,214.41910255297896,2.826407380090676,1.762403330517892e-08,15.688382616720956,17.91988359034737,0.017869772096886685,0.0004931253109668553,0.01836289740785354,7.24135056111955e-07,-2.9909409287443677e-07,6.324468081150888e-11,2.927794669225062e-16,3.997201574179598e-08,6.606695744503843e-09,81,"[""MOLECULAR_LIMIT_ONLY"", ""PRESCRIBED_LOWER_ATMOSPHERE"", ""NO_IR_COOLING"", ""NET_HEATING_INPUT_NOT_SPECTRAL_PREDICTION"", ""FIXED_MIXING_RATIO""]",converged
1e-06,210.0,0.1,1.4411421405633202,0.175,1.0,middle,224.804176787696,224.8047762758622,2.9372519564487742,1.63189582635561e-08,14.39893696313566,16.44702838450223,0.058468840266135275,0.0019370601302043375,0.06040590039633961,2.439093017376114e-06,-9.97009269771748e-07,2.1850784575744204e-10,6.976397559359556e-15,1.6606208816938305e-07,3.3433392475312755e-08,81,"[""MOLECULAR_LIMIT_ONLY"", ""PRESCRIBED_LOWER_ATMOSPHERE"", ""NO_IR_COOLING"", ""NET_HEATING_INPUT_NOT_SPECTRAL_PREDICTION"", ""FIXED_MIXING_RATIO"", ""KINETIC_ESCAPE_SENSITIVITY_REQUIRED""]",converged
3e-06,210.0,0.1,1.4411421405633202,0.175,1.0,middle,254.189468477323,254.21094953319562,3.320198495893267,1.2771640578308315e-08,11.265602068228542,12.868010844066655,1.0051576095853973,0.05189250053423392,1.0570501101196315,4.538592751041298e-05,-2.9471270908518144e-06,4.348568609204026e-09,1.2229732019631264e-13,3.263647485596266e-07,1.504234515035285e-07,81,"[""MOLECULAR_LIMIT_ONLY"", ""PRESCRIBED_LOWER_ATMOSPHERE"", ""NO_IR_COOLING"", ""NET_HEATING_INPUT_NOT_SPECTRAL_PREDICTION"", ""FIXED_MIXING_RATIO"", ""KINETIC_ESCAPE_SENSITIVITY_REQUIRED""]",converged
1e-05,210.0,0.1,1.4411421405633202,0.175,1.0,middle,304.63663985914167,308.928093276433,4.674686918136727,6.442727472924881e-09,6.676384526507987,7.626027261210797,56.55393816794206,5.573845997598938,62.127784165540994,0.0029202750626836065,-6.834415818650213e-06,3.1178118360609443e-07,3.084226690756403e-15,1.7084190062632843e-09,2.011171822158075e-07,81,"[""MOLECULAR_LIMIT_ONLY"", ""PRESCRIBED_LOWER_ATMOSPHERE"", ""NO_IR_COOLING"", ""NET_HEATING_INPUT_NOT_SPECTRAL_PREDICTION"", ""FIXED_MIXING_RATIO"", ""KINETIC_ESCAPE_SENSITIVITY_REQUIRED"", ""EARTH_TIDES_REQUIRE_REVIEW""]",converged
3e-05,210.0,0.1,1.4411421405633202,0.175,1.0,middle,309.8252371852038,344.30083169103125,6.855655502798277,2.995551884798809e-09,4.476207712855368,5.112899340884935,361.1131948969985,48.34612100059057,409.4593158975891,0.019409573002312504,-9.050702255245891e-06,2.132711017753866e-06,-1.3451603180403456e-16,4.483881844016939e-12,5.315169710212787e-07,158,"[""MOLECULAR_LIMIT_ONLY"", ""PRESCRIBED_LOWER_ATMOSPHERE"", ""NO_IR_COOLING"", ""NET_HEATING_INPUT_NOT_SPECTRAL_PREDICTION"", ""FIXED_MIXING_RATIO"", ""KINETIC_ESCAPE_SENSITIVITY_REQUIRED"", ""EARTH_TIDES_REQUIRE_REVIEW""]",converged
0.0,210.0,0.1,1.4411421405633202,0.175,1.0,high,209.9884020441941,210.0,2.7821197332799543,1.8189601541152043e-08,16.274396130579035,18.589251122186806,0.010402529779143141,0.0002641726108610644,0.010666702390004206,4.1626956714001187e-07,5.254253366745458e-10,3.595286283176385e-11,-3.419562022764597e-17,8.72638636906231e-09,7.143941261587289e-11,81,"[""MOLECULAR_LIMIT_ONLY"", ""PRESCRIBED_LOWER_ATMOSPHERE"", ""NO_IR_COOLING"", ""NET_HEATING_INPUT_NOT_SPECTRAL_PREDICTION"", ""FIXED_MIXING_RATIO""]",converged
1e-08,210.0,0.1,1.4411421405633202,0.175,1.0,high,210.20960751515884,210.20964300959804,2.783980506470256,1.816529430818047e-08,16.24640430676172,18.557277767345678,0.010674872442710693,0.0002721670519758754,0.010947039494686566,4.274347184810629e-07,-9.460724778711039e-09,3.693785610663203e-11,2.4715429314058e-17,2.4715429314058e-09,1.4998557374918228e-10,81,"[""MOLECULAR_LIMIT_ONLY"", ""PRESCRIBED_LOWER_ATMOSPHERE"", ""NO_IR_COOLING"", ""NET_HEATING_INPUT_NOT_SPECTRAL_PREDICTION"", ""FIXED_MIXING_RATIO""]",converged
1e-07,210.0,0.1,1.4411421405633202,0.175,1.0,high,212.20183387382025,212.20183928153898,2.800874560952603,1.794681973628129e-08,15.99680372851254,18.272174234649995,0.013439504999243885,0.00035500010414563337,0.01379450510338952,5.411622822458058e-07,-9.931998846900463e-08,4.700114618878611e-11,2.6834929177326528e-17,4.5586794783503136e-09,1.009994313901335e-09,81,"[""MOLECULAR_LIMIT_ONLY"", ""PRESCRIBED_LOWER_ATMOSPHERE"", ""NO_IR_COOLING"", ""NET_HEATING_INPUT_NOT_SPECTRAL_PREDICTION"", ""FIXED_MIXING_RATIO""]",converged
3e-07,210.0,0.1,1.4411421405633202,0.175,1.0,high,216.63750140677843,216.63750140677843,2.839389012026348,1.7463248439325803e-08,15.456724735016042,17.655274906689055,0.022101459017798596,0.0006302656798540152,0.022731724697652615,9.010440588193585e-07,-2.9887771495177445e-07,7.912516434651846e-11,7.218662425587752e-16,1.2171491761137077e-07,7.53496793943301e-09,81,"[""MOLECULAR_LIMIT_ONLY"", ""PRESCRIBED_LOWER_ATMOSPHERE"", ""NO_IR_COOLING"", ""NET_HEATING_INPUT_NOT_SPECTRAL_PREDICTION"", ""FIXED_MIXING_RATIO""]",converged
1e-06,210.0,0.1,1.4411421405633202,0.175,1.0,high,232.2285800205731,232.22860439277696,2.985580239242322,1.5794916276623335e-08,13.712972148354126,15.663492571520605,0.10914122504375139,0.003984894483101874,0.11312611952685325,4.642667143026063e-06,-9.94384858225434e-07,4.231750997969573e-10,-5.868713693915174e-17,5.9309447664190885e-08,1.0256288700539056e-08,81,"[""MOLECULAR_LIMIT_ONLY"", ""PRESCRIBED_LOWER_ATMOSPHERE"", ""NO_IR_COOLING"", ""NET_HEATING_INPUT_NOT_SPECTRAL_PREDICTION"", ""FIXED_MIXING_RATIO"", ""KINETIC_ESCAPE_SENSITIVITY_REQUIRED""]",converged
3e-06,210.0,0.1,1.4411421405633202,0.175,1.0,high,274.60778808235114,274.61517311929515,3.4983240707493226,1.150415545863344e-08,9.89698973658418,11.304728365397295,3.376418221243132,0.21150040898177747,3.5879186302249098,0.00016012009520067076,-2.8192666435463283e-06,1.6003494972056876e-08,1.232266860240341e-15,4.1075562008011365e-10,1.539372780895677e-09,241,"[""MOLECULAR_LIMIT_ONLY"", ""PRESCRIBED_LOWER_ATMOSPHERE"", ""NO_IR_COOLING"", ""NET_HEATING_INPUT_NOT_SPECTRAL_PREDICTION"", ""FIXED_MIXING_RATIO"", ""KINETIC_ESCAPE_SENSITIVITY_REQUIRED""]",converged
1e-05,210.0,0.1,1.4411421405633202,0.175,1.0,high,333.7364957934487,334.8621283742726,4.759517495467229,6.215112058051178e-09,5.9856232672132546,6.837012761902865,98.10571427104155,10.649973910825883,108.75568818186743,0.005350577525693109,-4.4028835123721525e-06,6.008488867935356e-07,-5.311288332022568e-17,5.3112883320225674e-12,1.2708993873354667e-07,154,"[""MOLECULAR_LIMIT_ONLY"", ""PRESCRIBED_LOWER_ATMOSPHERE"", ""NO_IR_COOLING"", ""NET_HEATING_INPUT_NOT_SPECTRAL_PREDICTION"", ""FIXED_MIXING_RATIO"", ""KINETIC_ESCAPE_SENSITIVITY_REQUIRED"", ""EARTH_TIDES_REQUIRE_REVIEW""]",converged
3e-05,210.0,0.1,1.4411421405633202,0.175,1.0,high,380.76991646220614,385.91677607756156,6.191625104007665,3.6725313659711313e-09,4.032818967638746,4.606443392323123,466.40491718436056,66.37124076150367,532.7761579458643,0.027997736727360147,-2.081554027821388e-06,3.432387461770961e-06,-1.0338037121238736e-18,3.444600652167488e-14,6.430710506375088e-07,103,"[""MOLECULAR_LIMIT_ONLY"", ""PRESCRIBED_LOWER_ATMOSPHERE"", ""NO_IR_COOLING"", ""NET_HEATING_INPUT_NOT_SPECTRAL_PREDICTION"", ""FIXED_MIXING_RATIO"", ""KINETIC_ESCAPE_SENSITIVITY_REQUIRED"", ""EARTH_TIDES_REQUIRE_REVIEW""]",converged
0.0,210.0,10.0,1.260812084774164,0.175,1.0,low,209.98346568896426,210.0,2.7820400168051647,1.8190644008922592e-08,16.275245050962297,18.590220792216996,0.010394336591681532,0.00026393277083464506,0.010658269362516177,4.15935577093492e-07,6.037013308596883e-10,3.592355803273855e-11,-8.658267389903124e-17,1.982281787604734e-08,2.544592183545655e-10,81,"[""MOLECULAR_LIMIT_ONLY"", ""PRESCRIBED_LOWER_ATMOSPHERE"", ""NO_IR_COOLING"", ""NET_HEATING_INPUT_NOT_SPECTRAL_PREDICTION"", ""FIXED_MIXING_RATIO""]",converged
1e-08,210.0,10.0,1.260812084774164,0.175,1.0,low,210.07896871887098,210.0818930899521,2.7834294958400134,1.817248706058346e-08,16.259725380543305,18.572493618290693,0.010545027922828016,0.0002683490952035262,0.010813377018031542,4.2208455733943225e-07,-9.387495374345694e-09,3.646359465496792e-11,2.2723075744636516e-18,2.893152384331188e-10,1.3704342280230558e-10,81,"[""MOLECULAR_LIMIT_ONLY"", ""PRESCRIBED_LOWER_ATMOSPHERE"", ""NO_IR_COOLING"", ""NET_HEATING_INPUT_NOT_SPECTRAL_PREDICTION"", ""FIXED_MIXING_RATIO""]",converged
1e-07,210.0,10.0,1.260812084774164,0.175,1.0,low,210.9387673866065,210.94017104204994,2.796012747161901,1.8009288226186224e-08,16.120572356442338,18.413547597272803,0.011997186756652274,0.0003113882874755262,0.012308575044127799,4.814295957278325e-07,-9.930261969402245e-08,4.168234085354261e-11,1.7686235995338622e-15,2.080851679409079e-07,3.522968745246079e-08,81,"[""MOLECULAR_LIMIT_ONLY"", ""PRESCRIBED_LOWER_ATMOSPHERE"", ""NO_IR_COOLING"", ""NET_HEATING_INPUT_NOT_SPECTRAL_PREDICTION"", ""FIXED_MIXING_RATIO""]",converged
3e-07,210.0,10.0,1.260812084774164,0.175,1.0,low,212.85113862459505,212.85249930897893,2.8244880614410754,1.7647993482928097e-08,15.814675571814217,18.064140338085032,0.01592716259705075,0.0004317174786020726,0.016358880075652824,6.427445219954945e-07,-2.9907260338668087e-07,5.592170372101981e-11,1.155810632917217e-16,2.4112308949497673e-08,4.8524855861876086e-09,81,"[""MOLECULAR_LIMIT_ONLY"", ""PRESCRIBED_LOWER_ATMOSPHERE"", ""NO_IR_COOLING"", ""NET_HEATING_INPUT_NOT_SPECTRAL_PREDICTION"", ""FIXED_MIXING_RATIO""]",converged
1e-06,210.0,10.0,1.260812084774164,0.175,1.0,low,219.5574049539573,219.56050508763013,2.930047706185985,1.639930529272297e-08,14.779278318531764,16.881469141067463,0.04144466489556461,0.0013010005620729633,0.04274566545763757,1.7057404211096669e-06,-9.975717818640268e-07,1.5093361138673973e-10,1.743878586712657e-15,1.0461990100907314e-07,2.3252755843348226e-08,81,"[""MOLECULAR_LIMIT_ONLY"", ""PRESCRIBED_LOWER_ATMOSPHERE"", ""NO_IR_COOLING"", ""NET_HEATING_INPUT_NOT_SPECTRAL_PREDICTION"", ""FIXED_MIXING_RATIO"", ""KINETIC_ESCAPE_SENSITIVITY_REQUIRED""]",converged
3e-06,210.0,10.0,1.260812084774164,0.175,1.0,low,238.4587556530763,238.51002527363633,3.2886620857336375,1.301776246350583e-08,12.123931763515607,13.848428558081931,0.470668831237953,0.02152064202601098,0.492189473263964,2.04684878719195e-05,-2.971877890436795e-06,1.895966124281365e-09,-2.055010447284467e-14,1.587141198911013e-07,4.387390053750879e-08,81,"[""MOLECULAR_LIMIT_ONLY"", ""PRESCRIBED_LOWER_ATMOSPHERE"", ""NO_IR_COOLING"", ""NET_HEATING_INPUT_NOT_SPECTRAL_PREDICTION"", ""FIXED_MIXING_RATIO"", ""KINETIC_ESCAPE_SENSITIVITY_REQUIRED""]",converged
1e-05,210.0,10.0,1.260812084774164,0.175,1.0,low,269.9875201383768,277.75913960040947,4.622734742087025,6.588353165478795e-09,7.617866270997293,8.701424494683664,26.305391675169997,2.2717460356753745,28.57713771084537,0.0012645540636990454,-8.350117772447154e-06,1.2642620832119302e-07,-1.0283236074784853e-14,1.0283236074784853e-09,2.0406143583451673e-08,161,"[""MOLECULAR_LIMIT_ONLY"", ""PRESCRIBED_LOWER_ATMOSPHERE"", ""NO_IR_COOLING"", ""NET_HEATING_INPUT_NOT_SPECTRAL_PREDICTION"", ""FIXED_MIXING_RATIO"", ""KINETIC_ESCAPE_SENSITIVITY_REQUIRED"", ""EARTH_TIDES_REQUIRE_REVIEW""]",converged
3e-05,210.0,10.0,1.260812084774164,0.175,1.0,low,251.62192088070722,321.5089725794055,7.014298646344447,2.8615827580308327e-09,5.386954184830661,6.153189545225195,187.97896968454032,22.18227161098657,210.16124129552688,0.008977877876215248,-1.7912362379255618e-05,8.799559537820547e-07,-2.4166597692911466e-13,8.055532564303822e-09,5.298518238637396e-07,81,"[""MOLECULAR_LIMIT_ONLY"", ""PRESCRIBED_LOWER_ATMOSPHERE"", ""NO_IR_COOLING"", ""NET_HEATING_INPUT_NOT_SPECTRAL_PREDICTION"", ""FIXED_MIXING_RATIO"", ""KINETIC_ESCAPE_SENSITIVITY_REQUIRED"", ""EARTH_TIDES_REQUIRE_REVIEW""]",converged
0.0,210.0,10.0,1.260812084774164,0.175,1.0,middle,209.98346568896426,210.0,2.7820400168051647,1.8190644008922592e-08,16.275245050962297,18.590220792216996,0.010394336591681532,0.00026393277083464506,0.010658269362516177,4.15935577093492e-07,6.037013308596883e-10,3.592355803273855e-11,-8.658267389903124e-17,1.982281787604734e-08,2.544592183545655e-10,81,"[""MOLECULAR_LIMIT_ONLY"", ""PRESCRIBED_LOWER_ATMOSPHERE"", ""NO_IR_COOLING"", ""NET_HEATING_INPUT_NOT_SPECTRAL_PREDICTION"", ""FIXED_MIXING_RATIO""]",converged
1e-08,210.0,10.0,1.260812084774164,0.175,1.0,middle,210.17450735685793,210.17523426623885,2.7844724357090658,1.8158876398488964e-08,16.246246823651457,18.557097883984063,0.010677347688504223,0.00027223624104282093,0.010949583929547044,4.27498371978042e-07,-9.379762408948442e-09,3.6940279341498275e-11,2.1096212381235984e-17,2.1096212381235984e-09,3.036089671223287e-10,81,"[""MOLECULAR_LIMIT_ONLY"", ""PRESCRIBED_LOWER_ATMOSPHERE"", ""NO_IR_COOLING"", ""NET_HEATING_INPUT_NOT_SPECTRAL_PREDICTION"", ""FIXED_MIXING_RATIO""]",converged
1e-07,210.0,10.0,1.260812084774164,0.175,1.0,middle,211.89484115664587,211.89514115059052,2.806603663370058,1.7873625077758582e-08,15.987278373649113,18.26129400215698,0.013570348787143777,0.0003589408088888954,0.013929289596032672,5.460544968453376e-07,-9.921056891920757e-08,4.739227999028666e-11,2.534210802173421e-17,6.7767899736281835e-09,2.532184642525142e-09,81,"[""MOLECULAR_LIMIT_ONLY"", ""PRESCRIBED_LOWER_ATMOSPHERE"", ""NO_IR_COOLING"", ""NET_HEATING_INPUT_NOT_SPECTRAL_PREDICTION"", ""FIXED_MIXING_RATIO""]",converged
3e-07,210.0,10.0,1.260812084774164,0.175,1.0,middle,215.7232210230737,215.72358500413148,2.857374753186678,1.724409609846797e-08,15.424528909092357,17.6184995763862,0.022828193010467235,0.0006539682228088867,0.023482161233276122,9.288237697075624e-07,-2.9866763094647535e-07,8.139575213916447e-11,5.602606350210413e-16,1.8009321607337369e-07,1.4439776650130104e-08,81,"[""MOLECULAR_LIMIT_ONLY"", ""PRESCRIBED_LOWER_ATMOSPHERE"", ""NO_IR_COOLING"", ""NET_HEATING_INPUT_NOT_SPECTRAL_PREDICTION"", ""FIXED_MIXING_RATIO""]",converged
1e-06,210.0,10.0,1.260812084774164,0.175,1.0,middle,229.1291576706531,229.13145613425172,3.053923325637831,1.5095885060313426e-08,13.58743628409585,15.520100602515186,0.12351079103344341,0.004590456293047424,0.12810124732649084,5.222041838338813e-06,-9.92701997032091e-07,4.728938607010758e-10,-2.4649659507850746e-15,1.433332080580385e-07,2.5754308023013348e-08,81,"[""MOLECULAR_LIMIT_ONLY"", ""PRESCRIBED_LOWER_ATMOSPHERE"", ""NO_IR_COOLING"", ""NET_HEATING_INPUT_NOT_SPECTRAL_PREDICTION"", ""FIXED_MIXING_RATIO"", ""KINETIC_ESCAPE_SENSITIVITY_REQUIRED""]",converged
3e-06,210.0,10.0,1.260812084774164,0.175,1.0,middle,262.44575461346955,262.67399144921563,3.745394872089961,1.0036437768262127e-08,9.672502368447383,11.048310122497782,4.233954990145922,0.27375559622709833,4.507710586373021,0.0001966629862410378,-2.7405243072122546e-06,1.9228829786296746e-08,-2.5696462310568126e-15,1.8942024837542703e-09,7.637253748994276e-08,81,"[""MOLECULAR_LIMIT_ONLY"", ""PRESCRIBED_LOWER_ATMOSPHERE"", ""NO_IR_COOLING"", ""NET_HEATING_INPUT_NOT_SPECTRAL_PREDICTION"", ""FIXED_MIXING_RATIO"", ""KINETIC_ESCAPE_SENSITIVITY_REQUIRED"", ""EARTH_TIDES_REQUIRE_REVIEW""]",converged
1e-05,210.0,10.0,1.260812084774164,0.175,1.0,middle,286.79898276025034,297.1676177298388,5.262432578185883,5.083955365677882e-09,6.2995837905598755,7.1956307385156695,80.78839241047537,8.393587297855696,89.18197970833107,0.004067361200730126,-4.82232867702646e-06,4.2241856453934444e-07,-1.141148726925003e-16,1.1411487269250029e-11,2.357600318206527e-07,157,"[""MOLECULAR_LIMIT_ONLY"", ""PRESCRIBED_LOWER_ATMOSPHERE"", ""NO_IR_COOLING"", ""NET_HEATING_INPUT_NOT_SPECTRAL_PREDICTION"", ""FIXED_MIXING_RATIO"", ""KINETIC_ESCAPE_SENSITIVITY_REQUIRED"", ""EARTH_TIDES_REQUIRE_REVIEW""]",converged
3e-05,210.0,10.0,1.260812084774164,0.175,1.0,middle,275.70435261322297,325.1813704025067,7.630579712093972,2.4180192323243266e-09,4.51933830060299,5.16216478337847,369.5350794626176,49.180005986412034,418.7150854490296,0.01872350923247944,-5.727147751225701e-06,1.9396391455937083e-06,-1.347605617455774e-14,1.3094471285057806e-09,7.048252820482867e-07,81,"[""MOLECULAR_LIMIT_ONLY"", ""PRESCRIBED_LOWER_ATMOSPHERE"", ""NO_IR_COOLING"", ""NET_HEATING_INPUT_NOT_SPECTRAL_PREDICTION"", ""FIXED_MIXING_RATIO"", ""KINETIC_ESCAPE_SENSITIVITY_REQUIRED"", ""EARTH_TIDES_REQUIRE_REVIEW""]",converged
0.0,210.0,10.0,1.260812084774164,0.175,1.0,high,209.98346568896426,210.0,2.7820400168051647,1.8190644008922592e-08,16.275245050962297,18.590220792216996,0.010394336591681532,0.00026393277083464506,0.010658269362516177,4.15935577093492e-07,6.037013308596883e-10,3.592355803273855e-11,-8.658267389903124e-17,1.982281787604734e-08,2.544592183545655e-10,81,"[""MOLECULAR_LIMIT_ONLY"", ""PRESCRIBED_LOWER_ATMOSPHERE"", ""NO_IR_COOLING"", ""NET_HEATING_INPUT_NOT_SPECTRAL_PREDICTION"", ""FIXED_MIXING_RATIO""]",converged
1e-08,210.0,10.0,1.260812084774164,0.175,1.0,high,210.27007933639334,210.2701264164457,2.7851678629135295,1.8149809372647707e-08,16.234807904090182,18.5440319031277,0.010790569778309646,0.0002755696977140975,0.011066139476023742,4.3214720469026286e-07,-9.373142293421121e-09,3.7350984640554835e-11,6.752728124074275e-17,6.752728124074275e-09,3.9804982025249115e-10,81,"[""MOLECULAR_LIMIT_ONLY"", ""PRESCRIBED_LOWER_ATMOSPHERE"", ""NO_IR_COOLING"", ""NET_HEATING_INPUT_NOT_SPECTRAL_PREDICTION"", ""FIXED_MIXING_RATIO""]",converged
1e-07,210.0,10.0,1.260812084774164,0.175,1.0,high,212.85141829261056,212.85142713483322,2.8137137036674122,1.7783408683649026e-08,15.875212748062612,18.13328826606222,0.015045544799112538,0.0004043348326328145,0.015449879631745352,6.07030065385882e-07,-9.912414166836697e-08,5.281044429507604e-11,4.7401719406276094e-17,2.0873505945928626e-08,1.6043165171187615e-09,81,"[""MOLECULAR_LIMIT_ONLY"", ""PRESCRIBED_LOWER_ATMOSPHERE"", ""NO_IR_COOLING"", ""NET_HEATING_INPUT_NOT_SPECTRAL_PREDICTION"", ""FIXED_MIXING_RATIO""]",converged
3e-07,210.0,10.0,1.260812084774164,0.175,1.0,high,218.59716240869912,218.59717091146902,2.879788753173056,1.6976713653850055e-08,15.1032654965009,17.251539954344555,0.030657969457189804,0.0009191960684681425,0.031577165525657945,1.2573094090434208e-06,-2.982067907156537e-07,1.1096079762835132e-10,-5.188059030991105e-16,6.18897281867703e-07,2.5207007786908975e-08,81,"[""MOLECULAR_LIMIT_ONLY"", ""PRESCRIBED_LOWER_ATMOSPHERE"", ""NO_IR_COOLING"", ""NET_HEATING_INPUT_NOT_SPECTRAL_PREDICTION"", ""FIXED_MIXING_RATIO""]",converged
1e-06,210.0,10.0,1.260812084774164,0.175,1.0,high,238.62135226315814,238.62158739945326,3.1420160115794755,1.4261264482101196e-08,12.681140427124976,14.4848940645243,0.28095230241678254,0.011871918418663203,0.29282422083544574,1.2181716093499826e-05,-9.832700811804654e-07,1.1275406892100133e-09,-2.8062246237171418e-15,2.766365909678825e-08,1.3078636383680563e-08,81,"[""MOLECULAR_LIMIT_ONLY"", ""PRESCRIBED_LOWER_ATMOSPHERE"", ""NO_IR_COOLING"", ""NET_HEATING_INPUT_NOT_SPECTRAL_PREDICTION"", ""FIXED_MIXING_RATIO"", ""KINETIC_ESCAPE_SENSITIVITY_REQUIRED""]",converged
3e-06,210.0,10.0,1.260812084774164,0.175,1.0,high,281.12481768669426,281.2113361188621,3.955483098488439,8.998616689952959e-09,8.550219977163563,9.766395326139621,11.245132608914977,0.851737741992407,12.096870350907384,0.0005462223273106058,-2.29969672556873e-06,5.549410186321076e-08,-8.897822011468794e-15,2.965940670489598e-09,1.3874965445586722e-08,241,"[""MOLECULAR_LIMIT_ONLY"", ""PRESCRIBED_LOWER_ATMOSPHERE"", ""NO_IR_COOLING"", ""NET_HEATING_INPUT_NOT_SPECTRAL_PREDICTION"", ""FIXED_MIXING_RATIO"", ""KINETIC_ESCAPE_SENSITIVITY_REQUIRED"", ""EARTH_TIDES_REQUIRE_REVIEW""]",converged
1e-05,210.0,10.0,1.260812084774164,0.175,1.0,high,319.00619463984106,321.01584723786465,5.152888089879911,5.302411116889321e-09,5.7839719895194825,6.606678793743152,119.22065927317766,13.311534783044413,132.53219405622207,0.006374817782593476,-2.2316440701621585e-06,7.010358168129928e-07,2.467310942991382e-15,2.467310942991382e-10,1.8588179893270253e-07,81,"[""MOLECULAR_LIMIT_ONLY"", ""PRESCRIBED_LOWER_ATMOSPHERE"", ""NO_IR_COOLING"", ""NET_HEATING_INPUT_NOT_SPECTRAL_PREDICTION"", ""FIXED_MIXING_RATIO"", ""KINETIC_ESCAPE_SENSITIVITY_REQUIRED"", ""EARTH_TIDES_REQUIRE_REVIEW""]",converged
3e-05,210.0,10.0,1.260812084774164,0.175,1.0,high,361.1187575348312,367.40809968128696,6.41805631710102,3.4179662587859253e-09,4.102252960175536,4.685753611475108,452.965671280054,63.84734348228755,516.8130147623415,0.026448758739288467,7.220616269161836e-07,3.154298331510343e-06,1.1986854515705012e-15,2.8364937065816774e-10,9.669480018195427e-07,81,"[""MOLECULAR_LIMIT_ONLY"", ""PRESCRIBED_LOWER_ATMOSPHERE"", ""NO_IR_COOLING"", ""NET_HEATING_INPUT_NOT_SPECTRAL_PREDICTION"", ""FIXED_MIXING_RATIO"", ""KINETIC_ESCAPE_SENSITIVITY_REQUIRED"", ""EARTH_TIDES_REQUIRE_REVIEW""]",converged
0.0,180.0,0.1,1.3645306335885365,0.175,0.5,middle,179.99998297415473,180.0,2.198447625259153,2.913013995469633e-08,24.026329044329398,27.443811774381263,6.997983980514892e-06,5.913332559260475e-08,7.057117306107497e-06,2.54982513509907e-10,3.7025315413220914e-13,2.0254380821609566e-14,-1.1180052293154268e-25,3.979039320256561e-14,9.66715193717395e-15,81,"[""MOLECULAR_LIMIT_ONLY"", ""PRESCRIBED_LOWER_ATMOSPHERE"", ""NO_IR_COOLING"", ""NET_HEATING_INPUT_NOT_SPECTRAL_PREDICTION"", ""FIXED_MIXING_RATIO""]",converged
1e-08,180.0,0.1,1.3645306335885365,0.175,0.5,middle,180.28636943249052,180.28636945728124,2.200077677362951,2.9086990524883498e-08,23.970390024031186,27.379916039786306,7.378191594198948e-06,6.284344474084159e-08,7.4410350389397905e-06,2.6906773657353387e-10,-9.9996095693954e-09,2.1390986147858942e-14,8.583887676652308e-20,4.154665589339856e-09,4.780535732106357e-10,81,"[""MOLECULAR_LIMIT_ONLY"", ""PRESCRIBED_LOWER_ATMOSPHERE"", ""NO_IR_COOLING"", ""NET_HEATING_INPUT_NOT_SPECTRAL_PREDICTION"", ""FIXED_MIXING_RATIO""]",converged
1e-07,180.0,0.1,1.3645306335885365,0.175,0.5,middle,182.8663993811696,182.86639939633395,2.2148920654579687,2.8699192957981154e-08,23.47413117296716,26.813069790621736,1.1794211249292503e-05,1.0779299583621718e-07,1.190200424512872e-05,4.3344488937710567e-10,-9.999937499728526e-08,3.471583533415695e-14,2.7444781344115085e-19,1.616111831026501e-08,4.378175854917933e-09,81,"[""MOLECULAR_LIMIT_ONLY"", ""PRESCRIBED_LOWER_ATMOSPHERE"", ""NO_IR_COOLING"", ""NET_HEATING_INPUT_NOT_SPECTRAL_PREDICTION"", ""FIXED_MIXING_RATIO""]",converged
3e-07,180.0,0.1,1.3645306335885365,0.175,0.5,middle,188.61653541069128,188.6165354483211,2.2487714687669187,2.7840958587247718e-08,22.415628605757995,25.60400680128239,3.202194693373087e-05,3.401392287210334e-07,3.23620861624519e-05,1.1969422855224193e-09,-2.999982975097789e-07,9.743215260270143e-14,1.329702923101778e-17,3.8123729311223543e-07,2.2661122259997583e-08,81,"[""MOLECULAR_LIMIT_ONLY"", ""PRESCRIBED_LOWER_ATMOSPHERE"", ""NO_IR_COOLING"", ""NET_HEATING_INPUT_NOT_SPECTRAL_PREDICTION"", ""FIXED_MIXING_RATIO""]",converged
1e-06,180.0,0.1,1.3645306335885365,0.175,0.5,middle,208.9346359482305,208.93463801019405,2.3790174552811973,2.4875943694049842e-08,19.127928465014637,21.84866724580159,0.0007004136501855343,1.1865258786833895e-05,0.0007122789089723682,2.7726952015514965e-08,-9.99962289078501e-07,2.381692963467369e-12,3.1222234816649137e-17,9.773463673923289e-08,4.402645825711694e-08,81,"[""MOLECULAR_LIMIT_ONLY"", ""PRESCRIBED_LOWER_ATMOSPHERE"", ""NO_IR_COOLING"", ""NET_HEATING_INPUT_NOT_SPECTRAL_PREDICTION"", ""FIXED_MIXING_RATIO""]",converged
3e-06,180.0,0.1,1.3645306335885365,0.175,0.5,middle,268.0999215321565,268.11219773060054,2.8915573974308706,1.683880173901214e-08,12.264433813731419,14.008915489436408,0.3898329952736788,0.017473625774347985,0.40730662104802684,1.7960426384990853e-05,-2.978027414180275e-06,1.7635228158169982e-09,-6.477559332380098e-17,4.30048885391443e-11,1.6738304110316835e-08,161,"[""MOLECULAR_LIMIT_ONLY"", ""PRESCRIBED_LOWER_ATMOSPHERE"", ""NO_IR_COOLING"", ""NET_HEATING_INPUT_NOT_SPECTRAL_PREDICTION"", ""FIXED_MIXING_RATIO"", ""KINETIC_ESCAPE_SENSITIVITY_REQUIRED""]",converged
1e-05,180.0,0.1,1.3645306335885365,0.175,0.5,middle,331.26828766065074,344.26255624613077,4.474715243729684,7.031435731755867e-09,6.414026381909284,7.326351537775966,68.09293928126664,6.962216464510858,75.0551557457775,0.003678894140660078,-5.8634425057755476e-06,4.1029828442739963e-07,-2.2135617889715038e-17,2.2135617889715038e-12,3.7691040128062935e-07,152,"[""MOLECULAR_LIMIT_ONLY"", ""PRESCRIBED_LOWER_ATMOSPHERE"", ""NO_IR_COOLING"", ""NET_HEATING_INPUT_NOT_SPECTRAL_PREDICTION"", ""FIXED_MIXING_RATIO"", ""KINETIC_ESCAPE_SENSITIVITY_REQUIRED"", ""EARTH_TIDES_REQUIRE_REVIEW""]",converged
3e-05,180.0,0.1,1.3645306335885365,0.175,0.5,middle,315.39786432419555,388.6376228088167,6.805512312457913,3.039857113904914e-09,4.429517643757345,5.059568119719403,371.8184657179581,50.10101664295149,421.91948236090957,0.020179285420021953,-6.807723904180528e-06,2.238532898261872e-06,-1.3209478812430814e-18,4.403159604143604e-14,9.648413036013873e-07,144,"[""MOLECULAR_LIMIT_ONLY"", ""PRESCRIBED_LOWER_ATMOSPHERE"", ""NO_IR_COOLING"", ""NET_HEATING_INPUT_NOT_SPECTRAL_PREDICTION"", ""FIXED_MIXING_RATIO"", ""KINETIC_ESCAPE_SENSITIVITY_REQUIRED"", ""EARTH_TIDES_REQUIRE_REVIEW""]",converged
0.0,180.0,0.1,1.3645306335885365,0.175,2.0,middle,179.99999574352935,180.0,2.1984476813726053,2.91301384676538e-08,24.0263267266273,27.443809127011367,6.99799930346266e-06,5.913347453931381e-08,7.057132778001974e-06,2.549830815732635e-10,3.702539673469398e-13,2.0254426693501654e-14,-1.0621223227895703e-26,4.263256414560601e-15,9.296116244618597e-15,81,"[""MOLECULAR_LIMIT_ONLY"", ""PRESCRIBED_LOWER_ATMOSPHERE"", ""NO_IR_COOLING"", ""NET_HEATING_INPUT_NOT_SPECTRAL_PREDICTION"", ""FIXED_MIXING_RATIO""]",converged
1e-08,180.0,0.1,1.3645306335885365,0.175,2.0,middle,180.07158372745792,180.07158374157112,2.198854870893702,2.9119351547314614e-08,24.012327502981947,27.427818666795755,7.0913138070623585e-06,6.004130442117848e-08,7.1513551114835365e-06,2.584388219377537e-10,-9.999624785007492e-09,2.0533195700613766e-14,9.213003930607789e-18,6.224531581722203e-07,2.15888976604783e-08,81,"[""MOLECULAR_LIMIT_ONLY"", ""PRESCRIBED_LOWER_ATMOSPHERE"", ""NO_IR_COOLING"", ""NET_HEATING_INPUT_NOT_SPECTRAL_PREDICTION"", ""FIXED_MIXING_RATIO""]",converged
1e-07,180.0,0.1,1.3645306335885365,0.175,2.0,middle,180.71606923967508,180.71606924144604,2.202528765189616,2.9022287599138527e-08,23.88678208011296,27.284415779571717,7.985222854088331e-06,6.882632384004042e-08,8.054049177928371e-06,2.915811813879269e-10,-9.999957734674561e-08,2.3209657061454825e-14,1.018618335616708e-18,4.715013162126524e-08,2.5834355863394726e-09,81,"[""MOLECULAR_LIMIT_ONLY"", ""PRESCRIBED_LOWER_ATMOSPHERE"", ""NO_IR_COOLING"", ""NET_HEATING_INPUT_NOT_SPECTRAL_PREDICTION"", ""FIXED_MIXING_RATIO""]",converged
3e-07,180.0,0.1,1.3645306335885365,0.175,2.0,middle,182.14927643306908,182.14927643306908,2.2107508093704635,2.880681508289033e-08,23.61069467561149,26.969057959055892,1.0366492373121816e-05,9.29244596622748e-08,1.045941683278409e-05,3.80161396157939e-10,-2.9999945086126946e-07,3.038573962663059e-14,1.3428305538279449e-17,5.104638745478951e-07,2.6128731816289938e-08,81,"[""MOLECULAR_LIMIT_ONLY"", ""PRESCRIBED_LOWER_ATMOSPHERE"", ""NO_IR_COOLING"", ""NET_HEATING_INPUT_NOT_SPECTRAL_PREDICTION"", ""FIXED_MIXING_RATIO""]",converged
1e-06,180.0,0.1,1.3645306335885365,0.175,2.0,middle,187.1768522799027,187.1768522799027,2.240174570719537,2.805505333537051e-08,22.674723798133126,25.899955453199674,2.5082246673001928e-05,2.5680028052020315e-07,2.533904695352213e-05,9.336050004846911e-10,-9.999986675803646e-07,7.569198110837344e-14,6.5817407284324665e-18,2.2461617490421304e-07,1.5233718316037997e-08,81,"[""MOLECULAR_LIMIT_ONLY"", ""PRESCRIBED_LOWER_ATMOSPHERE"", ""NO_IR_COOLING"", ""NET_HEATING_INPUT_NOT_SPECTRAL_PREDICTION"", ""FIXED_MIXING_RATIO""]",converged
3e-06,180.0,0.1,1.3645306335885365,0.175,2.0,middle,201.6429854857939,201.64298553343718,2.3302593082583827,2.592783947112926e-08,20.234321113530825,23.112432157137633,0.00024877599099435647,3.6018546331576983e-06,0.00025237784562751417,9.651384195419486e-09,-2.9999866686395776e-06,8.136609310054871e-13,7.01607976379763e-17,3.918301480609898e-07,4.130964471029127e-08,81,"[""MOLECULAR_LIMIT_ONLY"", ""PRESCRIBED_LOWER_ATMOSPHERE"", ""NO_IR_COOLING"", ""NET_HEATING_INPUT_NOT_SPECTRAL_PREDICTION"", ""FIXED_MIXING_RATIO""]",converged
1e-05,180.0,0.1,1.3645306335885365,0.175,2.0,middle,253.62490709738435,253.62516503310718,2.7414574712340074,1.8733192606889175e-08,13.674220989185716,15.61922948346022,0.10827666062901195,0.00397508919883854,0.1122517498278505,4.814330420103841e-06,-9.993972372710436e-06,4.5862075158801167e-10,1.728384342404126e-15,8.25945377869175e-08,1.1128999081308993e-07,81,"[""MOLECULAR_LIMIT_ONLY"", ""PRESCRIBED_LOWER_ATMOSPHERE"", ""NO_IR_COOLING"", ""NET_HEATING_INPUT_NOT_SPECTRAL_PREDICTION"", ""FIXED_MIXING_RATIO"", ""KINETIC_ESCAPE_SENSITIVITY_REQUIRED""]",converged
3e-05,180.0,0.1,1.3645306335885365,0.175,2.0,middle,349.9388673321379,353.0393777642311,4.661435686676453,6.479409452610801e-09,5.828598359476168,6.657652777118037,109.57753429445197,12.158905178061906,121.73643947251387,0.006132866565194508,-2.3249517307115293e-05,7.061084628239004e-07,-6.780498742770674e-19,2.2453150450019167e-13,3.248471258655177e-07,98,"[""MOLECULAR_LIMIT_ONLY"", ""PRESCRIBED_LOWER_ATMOSPHERE"", ""NO_IR_COOLING"", ""NET_HEATING_INPUT_NOT_SPECTRAL_PREDICTION"", ""FIXED_MIXING_RATIO"", ""KINETIC_ESCAPE_SENSITIVITY_REQUIRED"", ""EARTH_TIDES_REQUIRE_REVIEW""]",converged
