shield,treatment,activity,lyman_glow,protected_radius_R,leak_fraction,base_temperature_k,disk_count_heat_w_m2,energy_limited_eta0.01_R2_kg_s,energy_limited_eta0.01_R3_kg_s,energy_limited_eta0.1_R2_kg_s,energy_limited_eta0.1_R3_kg_s,energy_limited_eta0.3_R2_kg_s,energy_limited_eta0.3_R3_kg_s,deposited_heat_w_m2,leak_heat_w_m2,film_heat_w_m2,glow_heat_w_m2,beyond_aperture_heat_w_m2,beyond_share,status,exobase_temperature_k,exobase_radius_R,jeans_lambda_N2,molecular_loss_two_body_kg_s,tidal_multiplier_N2,molecular_loss_kg_s,tidal_review,note
titania_stack,collisional,quiet,True,4.0,1e-06,142.14,1.6751049043095798e-09,0.0007945046491148032,0.002681453190762461,0.00794504649114803,0.026814531907624607,0.02383513947344409,0.08044359572287381,2.0905172993653205e-06,4.296745039686491e-09,2.2254354089256963e-08,2.063966200236377e-06,0.0,0.0,thermal_column,148.52842149923748,1.7976536524096736,35.609052763192814,1.0511414071595818e-10,4.427684492005004,4.654122507384798e-10,False,
titania_stack,collisional,quiet,True,4.0,3e-06,142.14,5.02531471292874e-09,0.0023835139473444094,0.008044359572287383,0.02383513947344409,0.08044359572287382,0.07150541842033228,0.24133078716862144,2.0991187828593447e-06,1.2892597432925634e-08,2.2259985190041808e-08,2.063966200236377e-06,0.0,0.0,thermal_column,148.63257977619824,1.7980825937832998,35.57561000161737,1.0855239515965207e-10,4.42924560568782,4.808052192477768e-10,False,
titania_stack,collisional,quiet,True,4.0,1e-05,142.14,1.67510490430958e-08,0.007945046491148031,0.026814531907624613,0.0794504649114803,0.2681453190762461,0.23835139473444095,0.8044359572287382,2.129248818391334e-06,4.3002907848096534e-08,2.227971030686026e-08,2.063966200236377e-06,0.0,0.0,thermal_column,148.99760260519915,1.799587566224503,35.45877629390315,1.2147013716584575e-10,4.434727242886561,5.386869264865435e-10,False,
titania_stack,collisional,quiet,True,4.0,2e-05,142.14,3.35020980861916e-08,0.015890092982296062,0.05362906381524923,0.1589009298229606,0.5362906381524922,0.4767027894688819,1.6088719144574763,2.1723588806729864e-06,8.608474742773285e-08,2.2307933008876434e-08,2.063966200236377e-06,0.0,0.0,thermal_column,149.52030031120694,1.801747375477616,35.292461484257956,1.4255105993554981e-10,4.44260588149765,6.332981772833977e-10,False,
titania_stack,collisional,quiet,True,4.0,3e-05,142.14,5.02531471292874e-08,0.023835139473444098,0.08044359572287384,0.2383513947344409,0.8044359572287383,0.7150541842033228,2.4133078716862144,2.21554814405459e-06,1.2924573625703444e-07,2.2336207561178256e-08,2.063966200236377e-06,0.0,0.0,thermal_column,150.04445270990513,1.8039188430653528,35.126838933306765,1.6717480549058064e-10,4.450541158443606,7.440183524906334e-10,False,
titania_stack,collisional,quiet,True,4.0,5e-05,142.14,8.3755245215479e-08,0.03972523245574016,0.13407265953812308,0.39725232455740156,1.3407265953812304,1.1917569736722047,4.022179786143691,2.302165148766317e-06,2.1580603574069817e-07,2.2392912789241758e-08,2.063966200236377e-06,0.0,0.0,thermal_column,151.09714455802305,1.8082971361261848,34.79765328579107,2.294443437010295e-10,4.466584048351922,1.0248324455595942e-09,False,
titania_stack,collisional,quiet,True,4.0,0.0001,142.14,1.67510490430958e-07,0.07945046491148032,0.26814531907624617,0.7945046491148031,2.681453190762461,2.3835139473444094,8.044359572287382,2.5201090710541646e-06,4.336072775022503e-07,2.2535593315537005e-08,2.063966200236377e-06,0.0,0.0,thermal_column,153.75461312895376,1.8194533830489614,33.98653741908908,5.003786034623756e-10,4.507724537784142,2.255568909009512e-09,False,
titania_stack,collisional,quiet,True,4.0,0.0002,142.14,3.35020980861916e-07,0.15890092982296064,0.5362906381524923,1.5890092982296062,5.362906381524922,4.767027894688819,16.088719144574764,2.9620982393073413e-06,8.753070903722569e-07,2.2824948698706954e-08,2.063966200236377e-06,0.0,0.0,thermal_column,159.18151316608046,1.8427097092744793,32.413539312674054,2.2654645854510577e-09,4.594708414312869,1.0409149193099792e-08,False,
titania_stack,collisional,quiet,True,4.0,0.0003,142.14,5.025314712928739e-07,0.23835139473444095,0.8044359572287383,2.383513947344409,8.044359572287382,7.150541842033228,24.133078716862144,3.4130909390266958e-06,1.3259956503665495e-06,2.312908842376901e-08,2.063966200236377e-06,0.0,0.0,thermal_column,164.7745054237317,1.8673629239757779,30.89991321547151,9.663941737158924e-09,4.688750423102148,4.531181090893841e-08,False,
titania_stack,collisional,quiet,True,4.0,0.0005,142.14,8.375524521547899e-07,0.39725232455740156,1.3407265953812304,3.972523245574015,13.407265953812303,11.917569736722047,40.22179786143691,4.3437395516727445e-06,2.2560069829146014e-06,2.3766368521765513e-08,2.063966200236377e-06,0.0,0.0,thermal_column,176.49411480265206,1.9214486696560982,28.03606077426163,1.4922293048387215e-07,4.377264849070181,6.535642291726139e-07,False,
titania_stack,collisional,quiet,True,4.0,0.001,142.14,1.6751049043095798e-06,0.7945046491148031,2.681453190762461,7.94504649114803,26.814531907624605,23.835139473444094,80.44359572287382,6.881941762359629e-06,4.79235712502216e-06,2.5618437101091386e-08,2.063966200236377e-06,0.0,0.0,thermal_column,209.82994323701524,2.09608942982595,21.617164983500913,6.584949823963167e-05,3.3563684285421673,0.0002215632590238333,False,
titania_stack,collisional,quiet,True,4.0,0.002,142.14,3.3502098086191596e-06,1.5890092982296062,5.362906381524922,15.89009298229606,53.62906381524921,47.67027894688819,160.88719144574765,1.3413178487430358e-05,1.1318656426075194e-05,3.055586111878799e-08,2.063966200236377e-06,0.0,0.0,thermal_column,304.5404802632612,2.8812435062528867,10.83555138427477,1.4356009627526594,2.146551597868128,3.1029104991794108,False,
titania_stack,collisional,quiet,True,4.0,0.002636043832418288,142.14,4.415649951658895e-06,2.0943490801267326,7.068428145427725,20.943490801267327,70.68428145427724,62.830472403801984,212.05284436283173,1.9999999999998016e-05,1.633960651493323e-05,3.3152514166266734e-08,2.063966200236377e-06,1.563274770662139e-06,0.0781637385331147,thermal_column,354.7535229397379,3.870251921852808,6.924844988534531,46.187894296805645,1.8261652958058843,85.1349385013008,True,
titania_stack,collisional,quiet,True,4.0,0.003,142.14,5.0253147129287394e-06,2.38351394734441,8.044359572287384,23.835139473444094,80.44359572287384,71.50541842033229,241.33078716862147,,,,,,,runaway,,,,,,,,the heat the swollen air takes outgrows the limb tables
titania_stack,collisional,quiet,True,4.0,0.005,142.14,8.3755245215479e-06,3.9725232455740156,13.407265953812304,39.725232455740155,134.07265953812305,119.17569736722045,402.2179786143691,,,,,,,runaway,,,,,,,,the heat the swollen air takes outgrows the limb tables
titania_stack,collisional,quiet,True,4.0,0.01,142.14,1.67510490430958e-05,7.945046491148031,26.81453190762461,79.45046491148031,268.1453190762461,238.3513947344409,804.4359572287382,,,,,,,runaway,,,,,,,,the heat the swollen air takes outgrows the limb tables
titania_stack,collisional,quiet,True,4.0,0.02,142.14,3.35020980861916e-05,15.890092982296062,53.62906381524922,158.90092982296062,536.2906381524922,476.7027894688818,1608.8719144574764,,,,,,,runaway,,,,,,,,the heat the swollen air takes outgrows the limb tables
titania_stack,collisional,quiet,True,4.0,0.03,142.14,5.025314712928739e-05,23.835139473444094,80.44359572287384,238.3513947344409,804.4359572287383,715.0541842033228,2413.3078716862146,,,,,,,runaway,,,,,,,,the heat the swollen air takes outgrows the limb tables
titania_stack,collisional,quiet,True,4.0,0.05,142.14,8.3755245215479e-05,39.72523245574016,134.07265953812308,397.25232455740155,1340.7265953812307,1191.7569736722048,4022.179786143691,,,,,,,runaway,,,,,,,,the heat the swollen air takes outgrows the limb tables
titania_stack,collisional,quiet,True,4.0,0.1,142.14,0.000167510490430958,79.45046491148032,268.14531907624615,794.5046491148031,2681.4531907624614,2383.5139473444096,8044.359572287382,,,,,,,runaway,,,,,,,,the heat the swollen air takes outgrows the limb tables
titania_stack,collisional,quiet,True,4.0,0.3,142.14,0.0005025314712928739,238.3513947344409,804.4359572287382,2383.5139473444087,8044.359572287381,7150.541842033227,24133.078716862143,,,,,,,runaway,,,,,,,,the heat the swollen air takes outgrows the limb tables
titania_stack,collisional,quiet,True,4.0,1.0,142.14,0.0016751049043095799,794.5046491148031,2681.453190762461,7945.04649114803,26814.53190762461,23835.139473444095,80443.59572287381,,,,,,,runaway,,,,,,,,the heat the swollen air takes outgrows the limb tables
titania_stack,collisional,quiet,False,4.0,1e-06,142.14,1.6751049043095798e-09,0.0007945046491148032,0.002681453190762461,0.00794504649114803,0.026814531907624607,0.02383513947344409,0.08044359572287381,2.50792145640035e-08,4.1205866327757404e-09,2.095862793122776e-08,0.0,0.0,0.0,thermal_column,142.43032755765697,1.7673029940136202,37.771351264250846,1.307446919337679e-11,4.3186100304387045,5.6463533801178845e-11,False,
titania_stack,collisional,quiet,False,4.0,3e-06,142.14,5.02531471292874e-09,0.0023835139473444094,0.008044359572287383,0.02383513947344409,0.08044359572287382,0.07150541842033228,0.24133078716862144,3.332753124517835e-08,1.2363814103706043e-08,2.0963717141472307e-08,0.0,0.0,0.0,thermal_column,142.5282351730841,1.767692554466659,37.73708655103286,1.3513704035786371e-11,4.319992869850623,5.837910507986871e-11,False,
titania_stack,collisional,quiet,False,4.0,1e-05,142.14,1.67510490430958e-08,0.007945046491148031,0.026814531907624613,0.0794504649114803,0.2681453190762461,0.23835139473444095,0.8044359572287382,6.221824004483555e-08,4.123669734005394e-08,2.0981542704781607e-08,0.0,0.0,0.0,thermal_column,142.8713021378343,1.7690590260493224,37.61739189156823,1.5167015088747504e-11,4.324846994128049,6.559501961646443e-11,False,
titania_stack,collisional,quiet,False,4.0,2e-05,142.14,3.35020980861916e-08,0.015890092982296062,0.05362906381524923,0.1589009298229606,0.5362906381524922,0.4767027894688819,1.6088719144574763,1.0354906016774457e-07,8.254201635269822e-08,2.100704381504634e-08,0.0,0.0,0.0,thermal_column,143.3624345750197,1.7710192610163689,37.44702806505154,1.7874585820228937e-11,4.331819873023045,7.742948607812364e-11,False,
titania_stack,collisional,quiet,False,4.0,3e-05,142.14,5.02531471292874e-08,0.023835139473444098,0.08044359572287384,0.2383513947344409,0.8044359572287383,0.7150541842033228,2.4133078716862144,1.4494871586662454e-07,1.239161284697727e-07,2.1032587396851868e-08,0.0,0.0,0.0,thermal_column,143.85479272607975,1.7729891327931133,37.27739871772187,2.1050074779072452e-11,4.338838356964025,9.133287186840059e-11,False,
titania_stack,collisional,quiet,False,4.0,5e-05,142.14,8.3755245215479e-08,0.03972523245574016,0.13407265953812308,0.39725232455740156,1.3407265953812304,1.1917569736722047,4.022179786143691,2.2795522300470023e-07,2.0687142060449434e-07,2.1083802400205864e-08,0.0,0.0,0.0,thermal_column,144.84320666212628,1.7769581138628523,36.94032281521568,2.913018066181198e-11,4.353014052115471,1.2680408576152991e-10,False,
titania_stack,collisional,quiet,False,4.0,0.0001,142.14,1.67510490430958e-07,0.07945046491148032,0.26814531907624617,0.7945046491148031,2.681453190762461,2.3835139473444094,8.044359572287382,4.3668823174526217e-07,4.1547564110770816e-07,2.1212590637554e-08,0.0,0.0,0.0,thermal_column,147.33594148857492,1.7870543560866212,36.11017083995584,6.480883065946193e-11,4.38928310490256,2.8446430546206724e-10,False,
titania_stack,collisional,quiet,False,4.0,0.0002,142.14,3.35020980861916e-07,0.15890092982296064,0.5362906381524923,1.5890092982296062,5.362906381524922,4.767027894688819,16.088719144574764,8.594437339927451e-07,8.3797030326913e-07,2.1473430723615086e-08,0.0,0.0,0.0,thermal_column,152.41571533528548,1.8080231667856141,34.50184093171993,3.0457269155356457e-10,4.46557847916093,1.360093256741718e-09,False,
titania_stack,collisional,quiet,False,4.0,0.0003,142.14,5.025314712928739e-07,0.23835139473444095,0.8044359572287383,2.383513947344409,8.044359572287382,7.150541842033228,24.133078716862144,1.2897574134836962e-06,1.2680132805423273e-06,2.174413294136889e-08,0.0,0.0,0.0,thermal_column,157.6311643155284,1.8301217999290642,32.95747494051806,1.3427146495568955e-09,4.547420468104965,6.1058880802194126e-09,False,
titania_stack,collisional,quiet,False,4.0,0.0005,142.14,8.375524521547899e-07,0.39725232455740156,1.3407265953812304,3.972523245574015,13.407265953812303,11.917569736722047,40.22179786143691,2.174527293892712e-06,2.1522179412969245e-06,2.2309352595787455e-08,0.0,0.0,0.0,thermal_column,168.49875589471878,1.8781392573152154,30.043568725267754,2.1906283792038614e-08,4.730460026261231,1.0362679980217296e-07,False,
titania_stack,collisional,quiet,False,4.0,0.001,142.14,1.6751049043095798e-06,0.7945046491148031,2.681453190762461,7.94504649114803,26.814531907624605,23.835139473444094,80.44359572287382,4.557874043651298e-06,4.533957904246004e-06,2.3916139405294534e-08,0.0,0.0,0.0,thermal_column,198.8543449493395,2.028310494211547,23.57254567033755,1.036974660319544e-05,3.6284725291348225,3.770213053052749e-05,False,
titania_stack,collisional,quiet,False,4.0,0.002,142.14,3.3502098086191596e-06,1.5890092982296062,5.362906381524922,15.89009298229606,53.62906381524921,47.67027894688819,160.88719144574765,1.061270791820393e-05,1.0584113260096842e-05,2.8594658107090166e-08,0.0,0.0,0.0,thermal_column,284.6921200214873,2.652707887624695,12.589576842492834,0.2916659320090378,2.3096660486573337,0.6776530530880902,False,
titania_stack,collisional,quiet,False,4.0,0.002969020355902993,142.14,4.973420559168078e-06,2.358900476081416,7.961289106774779,23.589004760814152,79.61289106774778,70.76701428244246,238.8386732032433,1.9999999999996068e-05,1.8403572715168272e-05,3.3152514166266066e-08,0.0,1.56327477066153e-06,0.07816373853309187,thermal_column,363.83397941937744,4.034807500307578,6.476642601655529,67.74353739685344,1.7843909908187334,122.03748243138175,True,
titania_stack,collisional,quiet,False,4.0,0.003,142.14,5.0253147129287394e-06,2.38351394734441,8.044359572287384,23.835139473444094,80.44359572287384,71.50541842033229,241.33078716862147,,,,,,,runaway,,,,,,,,the heat the swollen air takes outgrows the limb tables
titania_stack,collisional,quiet,False,4.0,0.005,142.14,8.3755245215479e-06,3.9725232455740156,13.407265953812304,39.725232455740155,134.07265953812305,119.17569736722045,402.2179786143691,,,,,,,runaway,,,,,,,,the heat the swollen air takes outgrows the limb tables
titania_stack,collisional,quiet,False,4.0,0.01,142.14,1.67510490430958e-05,7.945046491148031,26.81453190762461,79.45046491148031,268.1453190762461,238.3513947344409,804.4359572287382,,,,,,,runaway,,,,,,,,the heat the swollen air takes outgrows the limb tables
titania_stack,collisional,quiet,False,4.0,0.02,142.14,3.35020980861916e-05,15.890092982296062,53.62906381524922,158.90092982296062,536.2906381524922,476.7027894688818,1608.8719144574764,,,,,,,runaway,,,,,,,,the heat the swollen air takes outgrows the limb tables
titania_stack,collisional,quiet,False,4.0,0.03,142.14,5.025314712928739e-05,23.835139473444094,80.44359572287384,238.3513947344409,804.4359572287383,715.0541842033228,2413.3078716862146,,,,,,,runaway,,,,,,,,the heat the swollen air takes outgrows the limb tables
titania_stack,collisional,quiet,False,4.0,0.05,142.14,8.3755245215479e-05,39.72523245574016,134.07265953812308,397.25232455740155,1340.7265953812307,1191.7569736722048,4022.179786143691,,,,,,,runaway,,,,,,,,the heat the swollen air takes outgrows the limb tables
titania_stack,collisional,quiet,False,4.0,0.1,142.14,0.000167510490430958,79.45046491148032,268.14531907624615,794.5046491148031,2681.4531907624614,2383.5139473444096,8044.359572287382,,,,,,,runaway,,,,,,,,the heat the swollen air takes outgrows the limb tables
titania_stack,collisional,quiet,False,4.0,0.3,142.14,0.0005025314712928739,238.3513947344409,804.4359572287382,2383.5139473444087,8044.359572287381,7150.541842033227,24133.078716862143,,,,,,,runaway,,,,,,,,the heat the swollen air takes outgrows the limb tables
titania_stack,collisional,quiet,False,4.0,1.0,142.14,0.0016751049043095799,794.5046491148031,2681.453190762461,7945.04649114803,26814.53190762461,23835.139473444095,80443.59572287381,,,,,,,runaway,,,,,,,,the heat the swollen air takes outgrows the limb tables
titania_stack,collisional,solar_maximum,True,4.0,1e-06,142.14,2.8813140468218115e-09,0.0022306581914529164,0.0075284713961535936,0.022306581914529163,0.07528471396153592,0.06691974574358749,0.22585414188460778,4.596787309842969e-06,7.838164219765022e-09,7.133421961106062e-07,3.8756069495125976e-06,0.0,0.0,thermal_column,162.02498404966684,1.862825182961156,31.500824449300467,5.442856938801654e-09,4.671297400572264,2.5425203469910876e-08,False,
titania_stack,collisional,solar_maximum,True,4.0,3e-06,142.14,8.643942140465435e-09,0.0066919745743587505,0.022585414188460783,0.06691974574358749,0.22585414188460784,0.2007592372307625,0.6775624256538234,4.61279402850788e-06,2.3523447354542986e-08,7.136636316407403e-07,3.8756069495125976e-06,0.0,0.0,thermal_column,162.23017584931293,1.8637240790591862,31.445807607417468,5.737462232995737e-09,4.6747495597589,2.6821199047830137e-08,False,
titania_stack,collisional,solar_maximum,True,4.0,1e-05,142.14,2.8813140468218118e-08,0.022306581914529167,0.07528471396153595,0.22306581914529164,0.7528471396153595,0.669197457435875,2.258541418846078,4.668913677899766e-06,7.8516141895102e-08,7.147905864920661e-07,3.8756069495125976e-06,0.0,0.0,thermal_column,162.95020935038693,1.8668858676577957,31.253835165454912,6.89587119842872e-09,4.686912509841326,3.2320344986170065e-08,False,
titania_stack,collisional,solar_maximum,True,4.0,2e-05,142.14,5.7626280936436235e-08,0.04461316382905833,0.1505694279230719,0.4461316382905833,1.505694279230719,1.33839491487175,4.517082837692156,4.749344956509863e-06,1.5733225682170883e-07,7.164057501755562e-07,3.8756069495125976e-06,0.0,0.0,thermal_column,163.98386728787057,1.8714453646293314,30.981164030529023,8.95366350577327e-09,4.704507988646118,4.2122581490559556e-08,False,
titania_stack,collisional,solar_maximum,True,4.0,3e-05,142.14,8.643942140465435e-08,0.0669197457435875,0.22585414188460784,0.669197457435875,2.2585414188460784,2.007592372307625,6.775624256538235,4.830084113110857e-06,2.3645006715255644e-07,7.180270964457023e-07,3.8756069495125976e-06,0.0,0.0,thermal_column,165.02349473827152,1.876055815772541,30.710329274628716,1.160408508680761e-08,4.722367272685229,5.4798751643394994e-08,False,
titania_stack,collisional,solar_maximum,True,4.0,5e-05,142.14,1.4406570234109058e-07,0.11153290957264585,0.37642356980767977,1.1153290957264583,3.7642356980767975,3.345987287179375,11.292707094230392,4.992493158500778e-06,3.955977297009123e-07,7.212884792872674e-07,3.8756069495125976e-06,0.0,0.0,thermal_column,167.12078634571307,1.885432898163504,30.174109157669587,1.938440116422599e-08,4.758900274962239,9.224843203041342e-08,False,
titania_stack,collisional,solar_maximum,True,4.0,0.0001,142.14,2.8813140468218116e-07,0.2230658191452917,0.7528471396153595,2.2306581914529167,7.528471396153595,6.69197457435875,22.585414188460785,5.4050900083638696e-06,7.99547421003291e-07,7.299356378479813e-07,3.8756069495125976e-06,0.0,0.0,thermal_column,172.49177701649862,1.9099091531584258,28.859905308062988,6.806841041972018e-08,4.548263919238847,3.096825082313988e-07,False,
titania_stack,collisional,solar_maximum,True,4.0,0.0002,142.14,5.762628093643623e-07,0.4461316382905834,1.505694279230719,4.461316382905833,15.05694279230719,13.3839491487175,45.17082837692157,6.2570482728710406e-06,1.6336365999788865e-06,7.478047233795572e-07,3.8756069495125976e-06,0.0,0.0,thermal_column,183.7568804395599,1.9635714375821114,26.35030780046553,7.443559876032226e-07,4.094822787661789,3.052450002812929e-06,False,
titania_stack,collisional,solar_maximum,True,4.0,0.0003,142.14,8.643942140465433e-07,0.669197457435875,2.258541418846078,6.691974574358748,22.58541418846078,20.075923723076247,67.75624256538234,7.152384771459778e-06,2.509425757218671e-06,7.673520647285093e-07,3.8756069495125976e-06,0.0,0.0,thermal_column,195.8879903837672,2.025137670228352,23.96699830573299,7.15197469262278e-06,3.7075500653789977,2.656776526851976e-05,False,
titania_stack,collisional,solar_maximum,True,4.0,0.0005,142.14,1.4406570234109057e-06,1.1153290957264583,3.7642356980767975,11.153290957264582,37.642356980767964,33.45987287179375,112.9270709423039,9.10760528533509e-06,4.419977196618457e-06,8.120211392040354e-07,3.8756069495125976e-06,0.0,0.0,thermal_column,223.53115380742582,2.182516485756581,19.488589841391907,0.0004876790583744203,3.0784370574291517,0.001505925917550333,False,
titania_stack,collisional,solar_maximum,True,4.0,0.001,142.14,2.8813140468218115e-06,2.2306581914529167,7.528471396153595,22.306581914529165,75.28471396153593,66.9197457435875,225.8541418846078,1.5278844443491886e-05,1.0292748354905111e-05,9.297131561223481e-07,3.8756069495125976e-06,1.8077598295182788e-07,0.011831783720321237,thermal_column,315.12611683569276,3.0097159011808268,10.024578188436431,2.9767775135189773,2.071337344617204,6.211402144367604,False,
titania_stack,collisional,solar_maximum,True,4.0,0.0010872421120354783,142.14,3.132685969704037e-06,2.425265523304509,8.18527114115272,24.25265523304509,81.85271141152718,72.75796569913527,245.55813423458156,1.999999999998992e-05,1.1907206384192783e-05,9.756663998653905e-07,3.8756069495125976e-06,3.2415202664191494e-06,0.16207601332103916,thermal_column,348.4728642545184,3.6783337241446024,7.417471976958471,30.067831663144656,1.8624505144261976,56.50416020504399,True,
titania_stack,collisional,solar_maximum,True,4.0,0.002,142.14,5.762628093643623e-06,4.461316382905833,15.05694279230719,44.61316382905833,150.56942792307186,133.839491487175,451.7082837692156,,,,,,,runaway,,,,,,,,the heat the swollen air takes outgrows the limb tables
titania_stack,collisional,solar_maximum,True,4.0,0.003,142.14,8.643942140465434e-06,6.69197457435875,22.585414188460785,66.9197457435875,225.85414188460783,200.75923723076247,677.5624256538234,,,,,,,runaway,,,,,,,,the heat the swollen air takes outgrows the limb tables
titania_stack,collisional,solar_maximum,True,4.0,0.005,142.14,1.4406570234109058e-05,11.153290957264584,37.64235698076797,111.53290957264582,376.42356980767977,334.5987287179375,1129.270709423039,,,,,,,runaway,,,,,,,,the heat the swollen air takes outgrows the limb tables
titania_stack,collisional,solar_maximum,True,4.0,0.01,142.14,2.8813140468218115e-05,22.30658191452917,75.28471396153594,223.06581914529164,752.8471396153595,669.197457435875,2258.541418846078,,,,,,,runaway,,,,,,,,the heat the swollen air takes outgrows the limb tables
titania_stack,collisional,solar_maximum,True,4.0,0.02,142.14,5.762628093643623e-05,44.61316382905834,150.56942792307188,446.1316382905833,1505.694279230719,1338.39491487175,4517.082837692156,,,,,,,runaway,,,,,,,,the heat the swollen air takes outgrows the limb tables
titania_stack,collisional,solar_maximum,True,4.0,0.03,142.14,8.643942140465434e-05,66.9197457435875,225.85414188460786,669.1974574358749,2258.541418846078,2007.592372307625,6775.6242565382345,,,,,,,runaway,,,,,,,,the heat the swollen air takes outgrows the limb tables
titania_stack,collisional,solar_maximum,True,4.0,0.05,142.14,0.00014406570234109058,111.53290957264585,376.42356980767977,1115.3290957264583,3764.235698076797,3345.987287179375,11292.70709423039,,,,,,,runaway,,,,,,,,the heat the swollen air takes outgrows the limb tables
titania_stack,collisional,solar_maximum,True,4.0,0.1,142.14,0.00028813140468218117,223.0658191452917,752.8471396153595,2230.6581914529165,7528.471396153594,6691.97457435875,22585.41418846078,,,,,,,runaway,,,,,,,,the heat the swollen air takes outgrows the limb tables
titania_stack,collisional,solar_maximum,True,4.0,0.3,142.14,0.0008643942140465434,669.197457435875,2258.541418846078,6691.974574358748,22585.41418846078,20075.92372307625,67756.24256538234,,,,,,,runaway,,,,,,,,the heat the swollen air takes outgrows the limb tables
titania_stack,collisional,solar_maximum,True,4.0,1.0,142.14,0.0028813140468218115,2230.6581914529165,7528.471396153595,22306.58191452916,75284.71396153593,66919.7457435875,225854.14188460782,,,,,,,runaway,,,,,,,,the heat the swollen air takes outgrows the limb tables
titania_stack,collisional,solar_maximum,False,4.0,1e-06,142.14,2.8813140468218115e-09,0.0022306581914529164,0.0075284713961535936,0.022306581914529163,0.07528471396153592,0.06691974574358749,0.22585414188460778,6.45673086062255e-07,7.176721111903425e-09,6.384963649503516e-07,0.0,0.0,0.0,thermal_column,149.56264638318996,1.7978228406816341,35.359488458031805,1.3353459157807806e-10,4.428300179722186,5.913312558843317e-10,False,
titania_stack,collisional,solar_maximum,False,4.0,3e-06,142.14,8.643942140465435e-09,0.0066919745743587505,0.022585414188460783,0.06691974574358749,0.22585414188460784,0.2007592372307625,0.6775624256538234,6.60293115053514e-07,2.153669966091532e-08,6.387564153925987e-07,0.0,0.0,0.0,thermal_column,149.74189944244955,1.7985541493903432,35.3028000322008,1.4102025361617137e-10,4.430962447205848,6.248554480687002e-10,False,
titania_stack,collisional,solar_maximum,False,4.0,1e-05,142.14,2.8813140468218118e-08,0.022306581914529167,0.07528471396153595,0.22306581914529164,0.7528471396153595,0.669197457435875,2.258541418846078,7.115331969888001e-07,7.186536028670773e-08,6.396678367020925e-07,0.0,0.0,0.0,thermal_column,150.37058197573555,1.8011241556805044,35.105040373514484,1.7057154941399614e-10,4.440331039755572,7.573941453621684e-10,False,
titania_stack,collisional,solar_maximum,False,4.0,2e-05,142.14,5.7626280936436235e-08,0.04461316382905833,0.1505694279230719,0.4461316382905833,1.505694279230719,1.33839491487175,4.517082837692156,7.849226962479579e-07,1.4394946051074394e-07,6.40973235737214e-07,0.0,0.0,0.0,thermal_column,151.27219066003332,1.8048238857680803,34.82427486493305,2.2345195574050887e-10,4.453852673931941,9.952220905701872e-10,False,
titania_stack,collisional,solar_maximum,False,4.0,3e-05,142.14,8.643942140465435e-08,0.0669197457435875,0.22585414188460784,0.669197457435875,2.2585414188460784,2.007592372307625,6.775624256538235,8.585359150097992e-07,2.1625330087766574e-07,6.422826141321334e-07,0.0,0.0,0.0,thermal_column,152.17793130210936,1.8085573399583446,34.54554507966497,2.9213168519310874e-10,4.467539302672165,1.3051097851560656e-09,False,
titania_stack,collisional,solar_maximum,False,4.0,5e-05,142.14,1.4406570234109058e-07,0.11153290957264585,0.37642356980767977,1.1153290957264583,3.7642356980767975,3.345987287179375,11.292707094230392,1.0064433936818314e-06,3.6152668792652687e-07,6.449167057553046e-07,0.0,0.0,0.0,thermal_column,154.0019928812443,1.8161276516907916,33.994080334739316,4.963253420300897e-10,4.495420871618242,2.2311913016751276e-09,False,
titania_stack,collisional,solar_maximum,False,4.0,0.0001,142.14,2.8813140468218116e-07,0.2230658191452917,0.7528471396153595,2.2306581914529167,7.528471396153595,6.69197457435875,22.585414188460785,1.3806707316644154e-06,7.289104708240306e-07,6.517602608403847e-07,0.0,0.0,0.0,thermal_column,158.64613237545336,1.8357156470621143,32.64683689971635,1.8094815377404967e-09,4.568374023970827,8.26638845386847e-09,False,
titania_stack,collisional,solar_maximum,False,4.0,0.0002,142.14,5.762628093643623e-07,0.4461316382905834,1.505694279230719,4.461316382905833,15.05694279230719,13.3839491487175,45.17082837692157,2.147974796167803e-06,1.4821014235327479e-06,6.658733726350551e-07,0.0,0.0,0.0,thermal_column,168.28612035603686,1.8778956666959914,30.085431865842903,2.104931323392179e-08,4.7295131268613355,9.955300325124913e-08,False,
titania_stack,collisional,solar_maximum,False,4.0,0.0003,142.14,8.643942140465433e-07,0.669197457435875,2.258541418846078,6.691974574358748,22.58541418846078,20.075923723076247,67.75624256538234,2.9434748361768317e-06,2.2626169661605298e-06,6.808578700163018e-07,0.0,0.0,0.0,thermal_column,178.45919231563357,1.9247767425854598,27.679403247008633,2.0944328059063098e-07,4.29928506254063,9.011080067087729e-07,False,
titania_stack,collisional,solar_maximum,False,4.0,0.0005,142.14,1.4406570234109057e-06,1.1153290957264583,3.7642356980767975,11.153290957264582,37.642356980767964,33.45987287179375,112.9270709423039,4.636978815949526e-06,3.922829522622888e-06,7.14149293326638e-07,0.0,0.0,0.0,thermal_column,200.78102032498083,2.0372950304304265,23.24338765611433,1.4156515767467292e-05,3.57761897354963,5.075220186807197e-05,False,
titania_stack,collisional,solar_maximum,False,4.0,0.001,142.14,2.8813140468218115e-06,2.2306581914529167,7.528471396153595,22.306581914529165,75.28471396153593,66.9197457435875,225.8541418846078,9.863258777871826e-06,9.033572592325022e-06,8.296861855468051e-07,0.0,0.0,0.0,thermal_column,276.5588468095929,2.5626274847508306,13.415379813174294,0.13682592498801313,2.386445029291475,0.3283235364271619,False,
titania_stack,collisional,solar_maximum,False,4.0,0.0014411221867768895,142.14,4.152325599946818e-06,3.2146510108184088,10.849447161512131,32.14651010818409,108.4944716151213,96.43953032455225,325.4834148453639,1.9999999999938304e-05,1.5782813333687725e-05,9.756663998648882e-07,0.0,3.2415202663856874e-06,0.16207601331978436,thermal_column,375.0910878247406,4.036540453311053,6.27957068725602,79.3163925290175,1.7481677816757983,139.97052772840522,True,
titania_stack,collisional,solar_maximum,False,4.0,0.002,142.14,5.762628093643623e-06,4.461316382905833,15.05694279230719,44.61316382905833,150.56942792307186,133.839491487175,451.7082837692156,,,,,,,runaway,,,,,,,,the heat the swollen air takes outgrows the limb tables
titania_stack,collisional,solar_maximum,False,4.0,0.003,142.14,8.643942140465434e-06,6.69197457435875,22.585414188460785,66.9197457435875,225.85414188460783,200.75923723076247,677.5624256538234,,,,,,,runaway,,,,,,,,the heat the swollen air takes outgrows the limb tables
titania_stack,collisional,solar_maximum,False,4.0,0.005,142.14,1.4406570234109058e-05,11.153290957264584,37.64235698076797,111.53290957264582,376.42356980767977,334.5987287179375,1129.270709423039,,,,,,,runaway,,,,,,,,the heat the swollen air takes outgrows the limb tables
titania_stack,collisional,solar_maximum,False,4.0,0.01,142.14,2.8813140468218115e-05,22.30658191452917,75.28471396153594,223.06581914529164,752.8471396153595,669.197457435875,2258.541418846078,,,,,,,runaway,,,,,,,,the heat the swollen air takes outgrows the limb tables
titania_stack,collisional,solar_maximum,False,4.0,0.02,142.14,5.762628093643623e-05,44.61316382905834,150.56942792307188,446.1316382905833,1505.694279230719,1338.39491487175,4517.082837692156,,,,,,,runaway,,,,,,,,the heat the swollen air takes outgrows the limb tables
titania_stack,collisional,solar_maximum,False,4.0,0.03,142.14,8.643942140465434e-05,66.9197457435875,225.85414188460786,669.1974574358749,2258.541418846078,2007.592372307625,6775.6242565382345,,,,,,,runaway,,,,,,,,the heat the swollen air takes outgrows the limb tables
titania_stack,collisional,solar_maximum,False,4.0,0.05,142.14,0.00014406570234109058,111.53290957264585,376.42356980767977,1115.3290957264583,3764.235698076797,3345.987287179375,11292.70709423039,,,,,,,runaway,,,,,,,,the heat the swollen air takes outgrows the limb tables
titania_stack,collisional,solar_maximum,False,4.0,0.1,142.14,0.00028813140468218117,223.0658191452917,752.8471396153595,2230.6581914529165,7528.471396153594,6691.97457435875,22585.41418846078,,,,,,,runaway,,,,,,,,the heat the swollen air takes outgrows the limb tables
titania_stack,collisional,solar_maximum,False,4.0,0.3,142.14,0.0008643942140465434,669.197457435875,2258.541418846078,6691.974574358748,22585.41418846078,20075.92372307625,67756.24256538234,,,,,,,runaway,,,,,,,,the heat the swollen air takes outgrows the limb tables
titania_stack,collisional,solar_maximum,False,4.0,1.0,142.14,0.0028813140468218115,2230.6581914529165,7528.471396153595,22306.58191452916,75284.71396153593,66919.7457435875,225854.14188460782,,,,,,,runaway,,,,,,,,the heat the swollen air takes outgrows the limb tables
titania_stack,collisional,solar_maximum_stress,True,4.0,1e-06,142.14,4.24547091483034e-09,0.0019862616227870077,0.0067036329769061525,0.019862616227870073,0.06703632976906151,0.05958784868361022,0.20110898930718454,3.5188171156507293e-06,1.1222842413401663e-08,4.1164497288276184e-07,3.0959493003545654e-06,0.0,0.0,thermal_column,156.20019740202443,1.8340541370411185,33.18809151003152,1.0782375317249716e-09,4.562140243323551,4.919070835344347e-09,False,
titania_stack,collisional,solar_maximum_stress,True,4.0,3e-06,142.14,1.2736412744491021e-08,0.0059587848683610245,0.02011089893071846,0.05958784868361022,0.20110898930718457,0.1787635460508307,0.6033269679215536,3.541544310099977e-06,3.368524993403016e-08,4.1190975981138124e-07,3.0959493003545654e-06,0.0,0.0,thermal_column,156.4806671836135,1.8352609084064537,33.1068228476621,1.1657287552988209e-09,4.566667054504922,5.323495101312156e-09,False,
titania_stack,collisional,solar_maximum_stress,True,4.0,1e-05,142.14,4.245470914830341e-08,0.01986261622787008,0.06703632976906154,0.19862616227870078,0.6703632976906152,0.5958784868361023,2.0110898930718455,3.621267590762782e-06,1.1247970136218017e-07,4.128385890460367e-07,3.0959493003545654e-06,0.0,0.0,thermal_column,157.46557798106443,1.8395124092873743,32.82370907212248,1.529718475689077e-09,4.582650998014505,7.010165899297776e-09,False,
titania_stack,collisional,solar_maximum_stress,True,4.0,2e-05,142.14,8.490941829660681e-08,0.03972523245574016,0.13407265953812308,0.39725232455740156,1.3407265953812304,1.1917569736722047,4.022179786143691,3.735640856531101e-06,2.2552044252757917e-07,4.1417111364895606e-07,3.0959493003545654e-06,0.0,0.0,thermal_column,158.88146464386256,1.8456620905429542,32.42280478736604,2.2473047263353273e-09,4.605870381891884,1.035079427811353e-08,False,
titania_stack,collisional,solar_maximum_stress,True,4.0,3e-05,142.14,1.273641274449102e-07,0.05958784868361024,0.2011089893071846,0.5958784868361022,2.0110898930718455,1.7876354605083071,6.033269679215536,3.850586033374747e-06,3.3912643162396626e-07,4.155103013962164e-07,3.0959493003545654e-06,0.0,0.0,thermal_column,160.30786616744328,1.8519030804355565,32.02601633125939,3.287929604579019e-09,4.629554804468857,1.5221650297634186e-08,False,
titania_stack,collisional,solar_maximum_stress,True,4.0,5e-05,142.14,2.1227354574151702e-07,0.09931308113935039,0.3351816488453076,0.9931308113935038,3.3518164884530757,2.979392434180512,10.055449465359228,4.082302854837928e-06,5.681115594880422e-07,4.1824199499532025e-07,3.0959493003545654e-06,0.0,0.0,thermal_column,163.19471865434974,1.8646759670598758,31.243993216880792,6.956762334109704e-09,4.678408012594053,3.254657264561135e-08,False,
titania_stack,collisional,solar_maximum_stress,True,4.0,0.0001,142.14,4.2454709148303405e-07,0.19862616227870078,0.6703632976906152,1.9862616227870076,6.703632976906151,5.958784868361024,20.110898930718456,4.672858853197427e-06,1.1515572983752706e-06,4.253522544675908e-07,3.0959493003545654e-06,0.0,0.0,thermal_column,170.62379620435394,1.8984505545663817,29.351960716236025,4.251929046865242e-08,4.635541007201808,1.971295014023046e-07,False,
titania_stack,collisional,solar_maximum_stress,True,4.0,0.0002,142.14,8.490941829660681e-07,0.39725232455740156,1.3407265953812304,3.972523245574015,13.407265953812303,11.917569736722047,40.22179786143691,5.907733004928373e-06,2.371075163539791e-06,4.407085410340158e-07,3.0959493003545654e-06,0.0,0.0,thermal_column,186.49378891602487,1.9752859395580729,25.80962315109339,1.244303768580408e-06,3.9999727797911873,4.985102507295834e-06,False,
titania_stack,collisional,solar_maximum_stress,True,4.0,0.0003,142.14,1.273641274449102e-06,0.5958784868361022,2.0110898930718455,5.958784868361022,20.110898930718452,17.87635460508307,60.33269679215535,7.228122147883889e-06,3.674339284236986e-06,4.578335632923382e-07,3.0959493003545654e-06,0.0,0.0,thermal_column,204.00652016472247,2.068426209740494,22.531594570520188,2.780465928222057e-05,3.492409285981228,9.732453617772534e-05,False,
titania_stack,collisional,solar_maximum_stress,True,4.0,0.0005,142.14,2.12273545741517e-06,0.9931308113935039,3.351816488453076,9.931308113935039,33.51816488453076,29.793924341805113,100.55449465359227,1.022903928056664e-05,6.63392423764358e-06,4.991657425684947e-07,3.0959493003545654e-06,0.0,0.0,thermal_column,246.24707722555962,2.339169412515375,16.50605345976518,0.007901970512110215,2.723959254929147,0.02161389920148812,False,
titania_stack,collisional,solar_maximum_stress,True,4.0,0.0007901760742894929,142.14,3.3546695409908603e-06,1.5694964116057155,5.29705038916929,15.69496411605715,52.9705038916929,47.084892348171465,158.91151167507869,1.9999999999968272e-05,1.2403322328166194e-05,5.818967836201992e-07,3.0959493003545654e-06,3.918831587827314e-06,0.19594157939167656,thermal_column,347.5417842883687,3.7305177075566807,7.333307157955618,32.45606095230068,1.8625473344307486,61.002204350517125,True,
titania_stack,collisional,solar_maximum_stress,True,4.0,0.001,142.14,4.24547091483034e-06,1.9862616227870078,6.703632976906152,19.862616227870078,67.03632976906152,59.587848683610225,201.10898930718454,,,,,,,runaway,,,,,,,,the heat the swollen air takes outgrows the limb tables
titania_stack,collisional,solar_maximum_stress,True,4.0,0.002,142.14,8.49094182966068e-06,3.9725232455740156,13.407265953812304,39.725232455740155,134.07265953812305,119.17569736722045,402.2179786143691,,,,,,,runaway,,,,,,,,the heat the swollen air takes outgrows the limb tables
titania_stack,collisional,solar_maximum_stress,True,4.0,0.003,142.14,1.2736412744491022e-05,5.958784868361024,20.11089893071846,59.587848683610225,201.10898930718457,178.7635460508307,603.3269679215537,,,,,,,runaway,,,,,,,,the heat the swollen air takes outgrows the limb tables
titania_stack,collisional,solar_maximum_stress,True,4.0,0.005,142.14,2.1227354574151702e-05,9.93130811393504,33.51816488453076,99.31308113935037,335.18164884530756,297.93924341805115,1005.5449465359226,,,,,,,runaway,,,,,,,,the heat the swollen air takes outgrows the limb tables
titania_stack,collisional,solar_maximum_stress,True,4.0,0.01,142.14,4.2454709148303404e-05,19.86261622787008,67.03632976906152,198.62616227870075,670.3632976906151,595.8784868361023,2011.0898930718452,,,,,,,runaway,,,,,,,,the heat the swollen air takes outgrows the limb tables
titania_stack,collisional,solar_maximum_stress,True,4.0,0.02,142.14,8.490941829660681e-05,39.72523245574016,134.07265953812305,397.2523245574015,1340.7265953812303,1191.7569736722046,4022.1797861436903,,,,,,,runaway,,,,,,,,the heat the swollen air takes outgrows the limb tables
titania_stack,collisional,solar_maximum_stress,True,4.0,0.03,142.14,0.0001273641274449102,59.587848683610225,201.10898930718454,595.8784868361022,2011.0898930718452,1787.6354605083068,6033.269679215536,,,,,,,runaway,,,,,,,,the heat the swollen air takes outgrows the limb tables
titania_stack,collisional,solar_maximum_stress,True,4.0,0.05,142.14,0.00021227354574151702,99.31308113935039,335.1816488453076,993.1308113935038,3351.816488453076,2979.392434180512,10055.449465359226,,,,,,,runaway,,,,,,,,the heat the swollen air takes outgrows the limb tables
titania_stack,collisional,solar_maximum_stress,True,4.0,0.1,142.14,0.00042454709148303404,198.62616227870078,670.3632976906152,1986.2616227870076,6703.632976906152,5958.784868361024,20110.898930718453,,,,,,,runaway,,,,,,,,the heat the swollen air takes outgrows the limb tables
titania_stack,collisional,solar_maximum_stress,True,4.0,0.3,142.14,0.001273641274449102,595.8784868361023,2011.0898930718456,5958.784868361023,20110.898930718453,17876.35460508307,60332.69679215537,,,,,,,runaway,,,,,,,,the heat the swollen air takes outgrows the limb tables
titania_stack,collisional,solar_maximum_stress,True,4.0,1.0,142.14,0.00424547091483034,1986.261622787008,6703.632976906152,19862.616227870076,67036.32976906151,59587.84868361023,201108.98930718456,,,,,,,runaway,,,,,,,,the heat the swollen air takes outgrows the limb tables
titania_stack,collisional,solar_maximum_stress,False,4.0,1e-06,142.14,4.24547091483034e-09,0.0019862616227870077,0.0067036329769061525,0.019862616227870073,0.06703632976906151,0.05958784868361022,0.20110898930718454,3.873363144105804e-07,1.0514233211720553e-08,3.7682208119885987e-07,0.0,0.0,0.0,thermal_column,146.59218254252502,1.7849561282171484,36.336044695278005,5.214968968294609e-11,4.381720781840075,2.285053790502758e-10,False,
titania_stack,collisional,solar_maximum_stress,False,4.0,3e-06,142.14,1.2736412744491021e-08,0.0059587848683610245,0.02011089893071846,0.05958784868361022,0.20110898930718457,0.1787635460508307,0.6033269679215536,4.086048828194353e-07,3.1556128194383866e-08,3.7704875462505143e-07,0.0,0.0,0.0,thermal_column,146.84652889203184,1.7859919062402774,36.25207221914521,5.6542359431265564e-11,4.385452248994897,2.4796381733132137e-10,False,
titania_stack,collisional,solar_maximum_stress,False,4.0,1e-05,142.14,4.245470914830341e-08,0.01986261622787008,0.06703632976906154,0.19862616227870078,0.6703632976906152,0.5958784868361023,2.0110898930718455,4.831876948635329e-07,1.0534406109024525e-07,3.778436337732877e-07,0.0,0.0,0.0,thermal_column,147.73927973570602,1.7896378883598039,35.95960107649742,7.493433476523725e-11,4.398612467974408,3.2960709917774067e-10,False,
titania_stack,collisional,solar_maximum_stress,False,4.0,2e-05,142.14,8.490941829660681e-08,0.03972523245574016,0.13407265953812308,0.39725232455740156,1.3407265953812304,1.1917569736722047,4.022179786143691,5.901215279150847e-07,2.1113822842252375e-07,3.7898329949256096e-07,0.0,0.0,0.0,thermal_column,149.02152434963043,1.7949031585852637,35.54561108817229,1.1162127847800569e-10,4.417687255678808,4.931078993948609e-10,False,
titania_stack,collisional,solar_maximum_stress,False,4.0,3e-05,142.14,1.273641274449102e-07,0.05958784868361024,0.2011089893071846,0.5958784868361022,2.0110898930718455,1.7876354605083071,6.033269679215536,6.975132380591898e-07,3.173853929434829e-07,3.8012784511570684e-07,0.0,0.0,0.0,thermal_column,150.31191414201766,1.8002362958781253,35.13606236326653,1.6553440597732865e-10,4.4370922356467055,7.344914274943945e-10,False,
titania_stack,collisional,solar_maximum_stress,False,4.0,5e-05,142.14,2.1227354574151702e-07,0.09931308113935039,0.3351816488453076,0.9931308113935038,3.3518164884530757,2.979392434180512,10.055449465359228,9.136821036405342e-07,5.312504016570156e-07,3.8243170198351854e-07,0.0,0.0,0.0,thermal_column,152.91733986821995,1.811111402152954,34.330024151850516,3.5934386827973957e-10,4.476926568145123,1.6087561110016077e-09,False,
titania_stack,collisional,solar_maximum_stress,False,4.0,0.0001,142.14,4.2454709148303405e-07,0.19862616227870078,0.6703632976906152,1.9862616227870076,6.703632976906151,5.958784868361024,20.110898930718456,1.462945079432928e-06,1.074520075699059e-06,3.8842500373386884e-07,0.0,0.0,0.0,thermal_column,159.58999231665544,1.8396321343654827,32.38466189277101,2.326864992567983e-09,4.583101925444325,1.066425942768732e-08,False,
titania_stack,collisional,solar_maximum_stress,False,4.0,0.0002,142.14,8.490941829660681e-07,0.39725232455740156,1.3407265953812304,3.972523245574015,13.407265953812303,11.917569736722047,40.22179786143691,2.6017409166196065e-06,2.2006368097305318e-06,4.0110410688907477e-07,0.0,0.0,0.0,thermal_column,173.6651046642118,1.9031652026258699,28.76649552931118,7.425145362115026e-08,4.50018620095845,3.342510301305713e-07,False,
titania_stack,collisional,solar_maximum_stress,False,4.0,0.0003,142.14,1.273641274449102e-06,0.5958784868361022,2.0110898930718455,5.958784868361022,20.110898930718452,17.87635460508307,60.33269679215535,3.8026926255493892e-06,3.387740314202825e-06,4.1495231134656423e-07,0.0,0.0,0.0,thermal_column,188.88252785942316,1.977546282788746,25.45408940752183,1.7414825239071854e-06,3.9235230290568675,6.844003744862468e-06,False,
titania_stack,collisional,solar_maximum_stress,False,4.0,0.0005,142.14,2.12273545741517e-06,0.9931308113935039,3.351816488453076,9.931308113935039,33.51816488453076,29.793924341805113,100.55449465359227,6.45158381978673e-06,6.0040346868531225e-06,4.4754913293360806e-07,0.0,0.0,0.0,thermal_column,224.00182107614526,2.1768869483283777,19.49793344474384,0.00048284561835248307,3.071537419096437,0.0014876422228148826,False,
titania_stack,collisional,solar_maximum_stress,False,4.0,0.0009874091219861875,142.14,4.192016708430522e-06,1.9612528449909794,6.619228351844556,19.612528449909792,66.19228351844555,58.83758534972937,198.57685055533665,1.999999999975325e-05,1.5499271628475523e-05,5.818967836189418e-07,0.0,3.9188315876587875e-06,0.1959415793853568,thermal_column,374.20699380647136,4.027448861857124,6.308615714363989,77.41463390937265,1.751380638536374,136.86459209391433,True,
titania_stack,collisional,solar_maximum_stress,False,4.0,0.001,142.14,4.24547091483034e-06,1.9862616227870078,6.703632976906152,19.862616227870078,67.03632976906152,59.587848683610225,201.10898930718454,,,,,,,runaway,,,,,,,,the heat the swollen air takes outgrows the limb tables
titania_stack,collisional,solar_maximum_stress,False,4.0,0.002,142.14,8.49094182966068e-06,3.9725232455740156,13.407265953812304,39.725232455740155,134.07265953812305,119.17569736722045,402.2179786143691,,,,,,,runaway,,,,,,,,the heat the swollen air takes outgrows the limb tables
titania_stack,collisional,solar_maximum_stress,False,4.0,0.003,142.14,1.2736412744491022e-05,5.958784868361024,20.11089893071846,59.587848683610225,201.10898930718457,178.7635460508307,603.3269679215537,,,,,,,runaway,,,,,,,,the heat the swollen air takes outgrows the limb tables
titania_stack,collisional,solar_maximum_stress,False,4.0,0.005,142.14,2.1227354574151702e-05,9.93130811393504,33.51816488453076,99.31308113935037,335.18164884530756,297.93924341805115,1005.5449465359226,,,,,,,runaway,,,,,,,,the heat the swollen air takes outgrows the limb tables
titania_stack,collisional,solar_maximum_stress,False,4.0,0.01,142.14,4.2454709148303404e-05,19.86261622787008,67.03632976906152,198.62616227870075,670.3632976906151,595.8784868361023,2011.0898930718452,,,,,,,runaway,,,,,,,,the heat the swollen air takes outgrows the limb tables
titania_stack,collisional,solar_maximum_stress,False,4.0,0.02,142.14,8.490941829660681e-05,39.72523245574016,134.07265953812305,397.2523245574015,1340.7265953812303,1191.7569736722046,4022.1797861436903,,,,,,,runaway,,,,,,,,the heat the swollen air takes outgrows the limb tables
titania_stack,collisional,solar_maximum_stress,False,4.0,0.03,142.14,0.0001273641274449102,59.587848683610225,201.10898930718454,595.8784868361022,2011.0898930718452,1787.6354605083068,6033.269679215536,,,,,,,runaway,,,,,,,,the heat the swollen air takes outgrows the limb tables
titania_stack,collisional,solar_maximum_stress,False,4.0,0.05,142.14,0.00021227354574151702,99.31308113935039,335.1816488453076,993.1308113935038,3351.816488453076,2979.392434180512,10055.449465359226,,,,,,,runaway,,,,,,,,the heat the swollen air takes outgrows the limb tables
titania_stack,collisional,solar_maximum_stress,False,4.0,0.1,142.14,0.00042454709148303404,198.62616227870078,670.3632976906152,1986.2616227870076,6703.632976906152,5958.784868361024,20110.898930718453,,,,,,,runaway,,,,,,,,the heat the swollen air takes outgrows the limb tables
titania_stack,collisional,solar_maximum_stress,False,4.0,0.3,142.14,0.001273641274449102,595.8784868361023,2011.0898930718456,5958.784868361023,20110.898930718453,17876.35460508307,60332.69679215537,,,,,,,runaway,,,,,,,,the heat the swollen air takes outgrows the limb tables
titania_stack,collisional,solar_maximum_stress,False,4.0,1.0,142.14,0.00424547091483034,1986.261622787008,6703.632976906152,19862.616227870076,67036.32976906151,59587.84868361023,201108.98930718456,,,,,,,runaway,,,,,,,,the heat the swollen air takes outgrows the limb tables
titania_stack,lte,quiet,True,4.0,1e-06,163.29,1.6751049043095798e-09,0.0007945046491148032,0.002681453190762461,0.00794504649114803,0.026814531907624607,0.02383513947344409,0.08044359572287381,2.2673895949715623e-06,4.804615238611707e-09,2.640838222094326e-08,2.2361765975120073e-06,0.0,0.0,thermal_column,170.36255242629312,2.025553051938144,27.552324679969043,2.423537098392413e-07,4.601473038092189,1.1161050966471082e-06,False,
titania_stack,lte,quiet,True,4.0,3e-06,163.29,5.02531471292874e-09,0.0023835139473444094,0.008044359572287383,0.02383513947344409,0.08044359572287382,0.07150541842033228,0.24133078716862144,2.2770100682936253e-06,1.4417283722388992e-08,2.6416187059229004e-08,2.2361765975120073e-06,0.0,0.0,thermal_column,170.48401931105008,2.026204921070866,27.523836332301897,2.490248894023954e-07,4.595775821164536,1.1454238033150335e-06,False,
titania_stack,lte,quiet,True,4.0,1e-05,163.29,1.67510490430958e-08,0.007945046491148031,0.026814531907624613,0.0794504649114803,0.2681453190762461,0.23835139473444095,0.8044359572287382,2.3107178964225757e-06,4.809776557234671e-08,2.6443533338222038e-08,2.2361765975120073e-06,0.0,0.0,thermal_column,170.90983733531047,2.0284937722492478,27.424282164533707,2.738106905837101e-07,4.575955813916749,1.2540604541142356e-06,False,
titania_stack,lte,quiet,True,4.0,2e-05,163.29,3.35020980861916e-08,0.015890092982296062,0.05362906381524923,0.1589009298229606,0.5362906381524922,0.4767027894688819,1.6088719144574763,2.358969763865254e-06,9.631048753748268e-08,2.648267881576436e-08,2.2361765975120073e-06,0.0,0.0,thermal_column,171.52000289156177,2.0317834406923105,27.282478172444886,3.134263243778788e-07,4.547875947013937,1.4267974621765928e-06,False,
titania_stack,lte,quiet,True,4.0,3e-05,163.29,5.02531471292874e-08,0.023835139473444098,0.08044359572287384,0.2383513947344409,0.8044359572287383,0.7150541842033228,2.4133078716862144,2.407337093994139e-06,1.446385785169688e-07,2.6521917965162916e-08,2.2361765975120073e-06,0.0,0.0,thermal_column,172.13235219146182,2.035096688072124,27.141163248878396,3.585960768977233e-07,4.520048705067658,1.6225579745507893e-06,False,
titania_stack,lte,quiet,True,4.0,5e-05,163.29,8.3755245215479e-08,0.03972523245574016,0.13407265953812308,0.39725232455740156,1.3407265953812304,1.1917569736722047,4.022179786143691,2.5044198040422635e-06,2.416425279026081e-07,2.6600678627648186e-08,2.2361765975120073e-06,0.0,0.0,thermal_column,173.36361865526092,2.0417948418179335,26.85999591872189,4.6870834221405014e-07,4.465212604726257,2.0954010389794683e-06,False,
titania_stack,lte,quiet,True,4.0,0.0001,163.29,1.67510490430958e-07,0.07945046491148032,0.26814531907624617,0.7945046491148031,2.681453190762461,2.3835139473444094,8.044359572287382,2.7491764669999637e-06,4.86200626183728e-07,2.6799243304228362e-08,2.2361765975120073e-06,0.0,0.0,thermal_column,176.48063481854965,2.058971036399943,26.16548043851932,9.077140330052543e-07,4.332676844762547,3.939186838816421e-06,False,
titania_stack,lte,quiet,True,4.0,0.0002,163.29,3.35020980861916e-07,0.15890092982296064,0.5362906381524923,1.5890092982296062,5.362906381524922,4.767027894688819,16.088719144574764,3.248084769989921e-06,9.846962684453251e-07,2.721190403258886e-08,2.2361765975120073e-06,0.0,0.0,thermal_column,182.8939380956164,2.0953316226806744,24.809838057897625,3.290715865905374e-06,4.085494234919939,1.3469346756025951e-05,False,
titania_stack,lte,quiet,True,4.0,0.0003,163.29,5.025314712928739e-07,0.23835139473444095,0.8044359572287383,2.383513947344409,8.044359572287382,7.150541842033228,24.133078716862144,3.760441399285014e-06,1.4966209011814551e-06,2.764390059155131e-08,2.2361765975120073e-06,0.0,0.0,thermal_column,189.56588564152273,2.134694402962814,23.495252278385113,1.143927953618019e-05,3.85958253602254,4.424584208116471e-05,False,
titania_stack,lte,quiet,True,4.0,0.0005,163.29,8.375524521547899e-07,0.39725232455740156,1.3407265953812304,3.972523245574015,13.407265953812303,11.917569736722047,40.22179786143691,4.8312700734675325e-06,2.5665175706207133e-06,2.85759053348116e-08,2.2361765975120073e-06,0.0,0.0,thermal_column,203.80786314945985,2.224457015370978,20.97157532195795,0.00012392795178319574,3.4611338689943345,0.00043013230267414005,False,
titania_stack,lte,quiet,True,4.0,0.001,163.29,1.6751049043095798e-06,0.7945046491148031,2.681453190762461,7.94504649114803,26.814531907624605,23.835139473444094,80.44359572287382,7.876597060866256e-06,5.6089904596270765e-06,3.143000372717246e-08,2.2361765975120073e-06,0.0,0.0,thermal_column,246.8043462773182,2.5554153778634983,15.075152036686484,0.03047910774830043,2.684586062573152,0.08223353929404098,False,
titania_stack,lte,quiet,True,4.0,0.0018845378882321239,163.29,3.1567986589348495e-06,1.4972741136334158,5.053300133512779,14.972741136334154,50.53300133512778,44.918223409002465,151.59900400538334,1.4999999999996531e-05,1.2255408463687475e-05,3.60092511259276e-08,2.2361765975120073e-06,4.7240568767111527e-07,0.031493712511414966,thermal_column,326.9322700969405,3.77812421675407,7.697363313458967,24.167291470601427,1.9465970720734365,47.48302922045302,True,
titania_stack,lte,quiet,True,4.0,0.002,163.29,3.3502098086191596e-06,1.5890092982296062,5.362906381524922,15.89009298229606,53.62906381524921,47.67027894688819,160.88719144574765,,,,,,,runaway,,,,,,,,the heat the swollen air takes outgrows the limb tables
titania_stack,lte,quiet,True,4.0,0.003,163.29,5.0253147129287394e-06,2.38351394734441,8.044359572287384,23.835139473444094,80.44359572287384,71.50541842033229,241.33078716862147,,,,,,,runaway,,,,,,,,the heat the swollen air takes outgrows the limb tables
titania_stack,lte,quiet,True,4.0,0.005,163.29,8.3755245215479e-06,3.9725232455740156,13.407265953812304,39.725232455740155,134.07265953812305,119.17569736722045,402.2179786143691,,,,,,,runaway,,,,,,,,the heat the swollen air takes outgrows the limb tables
titania_stack,lte,quiet,True,4.0,0.01,163.29,1.67510490430958e-05,7.945046491148031,26.81453190762461,79.45046491148031,268.1453190762461,238.3513947344409,804.4359572287382,,,,,,,runaway,,,,,,,,the heat the swollen air takes outgrows the limb tables
titania_stack,lte,quiet,True,4.0,0.02,163.29,3.35020980861916e-05,15.890092982296062,53.62906381524922,158.90092982296062,536.2906381524922,476.7027894688818,1608.8719144574764,,,,,,,runaway,,,,,,,,the heat the swollen air takes outgrows the limb tables
titania_stack,lte,quiet,True,4.0,0.03,163.29,5.025314712928739e-05,23.835139473444094,80.44359572287384,238.3513947344409,804.4359572287383,715.0541842033228,2413.3078716862146,,,,,,,runaway,,,,,,,,the heat the swollen air takes outgrows the limb tables
titania_stack,lte,quiet,True,4.0,0.05,163.29,8.3755245215479e-05,39.72523245574016,134.07265953812308,397.25232455740155,1340.7265953812307,1191.7569736722048,4022.179786143691,,,,,,,runaway,,,,,,,,the heat the swollen air takes outgrows the limb tables
titania_stack,lte,quiet,True,4.0,0.1,163.29,0.000167510490430958,79.45046491148032,268.14531907624615,794.5046491148031,2681.4531907624614,2383.5139473444096,8044.359572287382,,,,,,,runaway,,,,,,,,the heat the swollen air takes outgrows the limb tables
titania_stack,lte,quiet,True,4.0,0.3,163.29,0.0005025314712928739,238.3513947344409,804.4359572287382,2383.5139473444087,8044.359572287381,7150.541842033227,24133.078716862143,,,,,,,runaway,,,,,,,,the heat the swollen air takes outgrows the limb tables
titania_stack,lte,quiet,True,4.0,1.0,163.29,0.0016751049043095799,794.5046491148031,2681.453190762461,7945.04649114803,26814.53190762461,23835.139473444095,80443.59572287381,,,,,,,runaway,,,,,,,,the heat the swollen air takes outgrows the limb tables
titania_stack,lte,quiet,False,4.0,1e-06,163.29,1.6751049043095798e-09,0.0007945046491148032,0.002681453190762461,0.00794504649114803,0.026814531907624607,0.02383513947344409,0.08044359572287381,2.923435597363687e-08,4.558168200087315e-09,2.467618777354956e-08,0.0,0.0,0.0,thermal_column,163.63471908225787,1.9818860512795742,29.317158290656913,4.49048144449496e-08,4.945866665158855,2.221302160875382e-07,False,
titania_stack,lte,quiet,False,4.0,3e-06,163.29,5.02531471292874e-09,0.0023835139473444094,0.008044359572287383,0.02383513947344409,0.08044359572287382,0.07150541842033228,0.24133078716862144,3.836048007476846e-08,1.3677398617339089e-08,2.468308145742937e-08,0.0,0.0,0.0,thermal_column,163.74711681228817,1.9824631261110173,29.28850661871122,4.615125696853608e-08,4.939710158157984,2.280136019519274e-07,False,
titania_stack,lte,quiet,False,4.0,1e-05,163.29,1.67510490430958e-08,0.007945046491148031,0.026814531907624613,0.0794504649114803,0.2681453190762461,0.23835139473444095,0.8044359572287382,7.033235678249537e-08,4.56251244359673e-08,2.470723234652807e-08,0.0,0.0,0.0,thermal_column,164.14107673784557,1.984488693767294,29.188387366741534,5.0784367673435756e-08,4.918252712814123,2.4982096523225284e-07,False,
titania_stack,lte,quiet,False,4.0,2e-05,163.29,3.35020980861916e-08,0.015890092982296062,0.05362906381524923,0.1589009298229606,0.5362906381524922,0.4767027894688819,1.6088719144574763,1.1608877785460411e-07,9.134698206155184e-08,2.4741795793052274e-08,0.0,0.0,0.0,thermal_column,164.70539345841996,1.9873980762627323,29.045798636835546,5.819563108262607e-08,4.887842064220154,2.84520594884256e-07,False,
titania_stack,lte,quiet,False,4.0,3e-05,163.29,5.02531471292874e-08,0.023835139473444098,0.08044359572287384,0.2383513947344409,0.8044359572287383,0.7150541842033228,2.4133078716862144,1.6194231343782395e-07,1.3716588083997045e-07,2.4776432597853478e-08,0.0,0.0,0.0,thermal_column,165.271504784356,1.9903261301338258,28.903722710867633,6.665403864684721e-08,4.857763402242706,3.2388286177408977e-07,False,
titania_stack,lte,quiet,False,4.0,5e-05,163.29,8.3755245215479e-08,0.03972523245574016,0.13407265953812308,0.39725232455740156,1.3407265953812304,1.1917569736722047,4.022179786143691,2.5394196747682205e-07,2.2909604025836412e-07,2.4845927218457893e-08,0.0,0.0,0.0,thermal_column,166.4091218149055,1.9962389462391976,28.621102245594873,8.730295586821393e-08,4.798485005721619,4.1908176255934356e-07,False,
titania_stack,lte,quiet,False,4.0,0.0001,163.29,1.67510490430958e-07,0.07945046491148032,0.26814531907624617,0.7945046491148031,2.681453190762461,2.3835139473444094,8.044359572287382,4.856624340848751e-07,4.606414700569703e-07,2.5020964027904797e-08,0.0,0.0,0.0,thermal_column,169.28492825881267,2.011360419279367,27.92336895847883,1.698939095091485e-07,4.655561324480081,7.91467635749505e-07,False,
titania_stack,lte,quiet,False,4.0,0.0002,163.29,3.35020980861916e-07,0.15890092982296064,0.5362906381524923,1.5890092982296062,5.362906381524922,4.767027894688819,16.088719144574764,9.566160353951901e-07,9.312393228355411e-07,2.5376712559648956e-08,0.0,0.0,0.0,thermal_column,175.17516319499444,2.0431399487824793,26.56472729564722,6.199506030999364e-07,4.3898677709640355,2.725272675206786e-06,False,
titania_stack,lte,quiet,False,4.0,0.0003,163.29,5.025314712928739e-07,0.23835139473444095,0.8044359572287383,2.383513947344409,8.044359572287382,7.150541842033228,24.133078716862144,1.4387259935619827e-06,1.4129734381573106e-06,2.575255540467214e-08,0.0,0.0,0.0,thermal_column,181.27302297172656,2.077226733287099,25.249857282591613,2.164052778784473e-06,4.147575670692762,8.991532586973896e-06,False,
titania_stack,lte,quiet,False,4.0,0.0005,163.29,8.375524521547899e-07,0.39725232455740156,1.3407265953812304,3.972523245574015,13.407265953812303,11.917569736722047,40.22179786143691,2.439081353439826e-06,2.412533682187566e-06,2.6547671252260148e-08,0.0,0.0,0.0,thermal_column,194.14714504869985,2.153525821837603,22.740233306038046,2.3332684826012717e-05,3.722526679125493,8.705826575786585e-05,False,
titania_stack,lte,quiet,False,4.0,0.001,163.29,1.6751049043095798e-06,0.7945046491148031,2.681453190762461,7.94504649114803,26.814531907624605,23.835139473444094,80.44359572287382,5.21774363896432e-06,5.188818513526599e-06,2.892512543772177e-08,0.0,0.0,0.0,thermal_column,231.72120231571552,2.417237631994638,16.974261487076824,0.00522859146316323,2.9066740324117717,0.01526109863771857,False,
titania_stack,lte,quiet,False,4.0,0.002,163.29,3.3502098086191596e-06,1.5890092982296062,5.362906381524922,15.89009298229606,53.62906381524921,47.67027894688819,160.88719144574765,1.2626393479072964e-05,1.2567547391204359e-05,3.4962488509128154e-08,0.0,2.388359935947633e-08,0.0018915614659927324,thermal_column,323.68169751828344,3.650861014427769,8.045676474886195,17.7635558106129,1.9712819791187697,35.33420288853195,True,
titania_stack,lte,quiet,False,4.0,0.0022283990932889207,163.29,3.732802249927292e-06,1.7704734397012596,5.975347858991752,17.704734397012594,59.75347858991751,53.11420319103778,179.26043576975252,1.4999999999994312e-05,1.4491585061197684e-05,3.600925112592662e-08,0.0,4.724056876706959e-07,0.03149371251139167,thermal_column,336.080141636462,4.008006849062872,7.058374571526924,42.15301619299171,1.8902218873915713,80.45523489892908,True,
titania_stack,lte,quiet,False,4.0,0.003,163.29,5.0253147129287394e-06,2.38351394734441,8.044359572287384,23.835139473444094,80.44359572287384,71.50541842033229,241.33078716862147,,,,,,,runaway,,,,,,,,the heat the swollen air takes outgrows the limb tables
titania_stack,lte,quiet,False,4.0,0.005,163.29,8.3755245215479e-06,3.9725232455740156,13.407265953812304,39.725232455740155,134.07265953812305,119.17569736722045,402.2179786143691,,,,,,,runaway,,,,,,,,the heat the swollen air takes outgrows the limb tables
titania_stack,lte,quiet,False,4.0,0.01,163.29,1.67510490430958e-05,7.945046491148031,26.81453190762461,79.45046491148031,268.1453190762461,238.3513947344409,804.4359572287382,,,,,,,runaway,,,,,,,,the heat the swollen air takes outgrows the limb tables
titania_stack,lte,quiet,False,4.0,0.02,163.29,3.35020980861916e-05,15.890092982296062,53.62906381524922,158.90092982296062,536.2906381524922,476.7027894688818,1608.8719144574764,,,,,,,runaway,,,,,,,,the heat the swollen air takes outgrows the limb tables
titania_stack,lte,quiet,False,4.0,0.03,163.29,5.025314712928739e-05,23.835139473444094,80.44359572287384,238.3513947344409,804.4359572287383,715.0541842033228,2413.3078716862146,,,,,,,runaway,,,,,,,,the heat the swollen air takes outgrows the limb tables
titania_stack,lte,quiet,False,4.0,0.05,163.29,8.3755245215479e-05,39.72523245574016,134.07265953812308,397.25232455740155,1340.7265953812307,1191.7569736722048,4022.179786143691,,,,,,,runaway,,,,,,,,the heat the swollen air takes outgrows the limb tables
titania_stack,lte,quiet,False,4.0,0.1,163.29,0.000167510490430958,79.45046491148032,268.14531907624615,794.5046491148031,2681.4531907624614,2383.5139473444096,8044.359572287382,,,,,,,runaway,,,,,,,,the heat the swollen air takes outgrows the limb tables
titania_stack,lte,quiet,False,4.0,0.3,163.29,0.0005025314712928739,238.3513947344409,804.4359572287382,2383.5139473444087,8044.359572287381,7150.541842033227,24133.078716862143,,,,,,,runaway,,,,,,,,the heat the swollen air takes outgrows the limb tables
titania_stack,lte,quiet,False,4.0,1.0,163.29,0.0016751049043095799,794.5046491148031,2681.453190762461,7945.04649114803,26814.53190762461,23835.139473444095,80443.59572287381,,,,,,,runaway,,,,,,,,the heat the swollen air takes outgrows the limb tables
titania_stack,lte,solar_maximum,True,4.0,1e-06,163.29,2.8813140468218115e-09,0.0022306581914529164,0.0075284713961535936,0.022306581914529163,0.07528471396153592,0.06691974574358749,0.22585414188460778,5.062182660944597e-06,8.95908522391552e-09,8.54249018548947e-07,4.198974557171735e-06,0.0,0.0,thermal_column,186.3032805384214,2.127491808107327,23.987644803263358,7.189540076972627e-06,3.9630034327526418,2.8550613399352765e-05,False,
titania_stack,lte,solar_maximum,True,4.0,3e-06,163.29,8.643942140465435e-09,0.0066919745743587505,0.022585414188460783,0.06691974574358749,0.22585414188460784,0.2007592372307625,0.6775624256538234,5.0806022279739225e-06,2.6892586126078546e-08,8.547350846761088e-07,4.198974557171735e-06,0.0,0.0,thermal_column,186.5522753440738,2.128956302439561,23.939149134758072,7.52756165569391e-06,3.954636691421931,2.983014618539479e-05,False,
titania_stack,lte,solar_maximum,True,4.0,1e-05,163.29,2.8813140468218118e-08,0.022306581914529167,0.07528471396153595,0.22306581914529164,0.7528471396153595,0.669197457435875,2.258541418846078,5.145236517702196e-06,8.982126904828193e-08,8.564406914821793e-07,4.198974557171735e-06,0.0,0.0,thermal_column,187.42713883798243,2.134119209646106,23.769763334751303,8.837561339320064e-06,3.925536042106517,3.476498518645954e-05,False,
titania_stack,lte,solar_maximum,True,4.0,2e-05,163.29,5.7626280936436235e-08,0.04461316382905833,0.1505694279230719,0.4461316382905833,1.505694279230719,1.33839491487175,4.517082837692156,5.2380210641581654e-06,1.8015736353550888e-07,8.58889143450922e-07,4.198974557171735e-06,0.0,0.0,thermal_column,188.6861220743884,2.1415966296757993,23.52872396241885,1.1103157064920144e-05,3.8844518872716187,4.322255072947731e-05,False,
titania_stack,lte,solar_maximum,True,4.0,3e-05,163.29,8.643942140465435e-08,0.0669197457435875,0.22585414188460784,0.669197457435875,2.2585414188460784,2.007592372307625,6.775624256538235,5.331338949025572e-06,2.7101272239346847e-07,8.61351669460368e-07,4.198974557171735e-06,0.0,0.0,thermal_column,189.95598076832067,2.149196399022863,23.288790391675604,1.393346983460503e-05,3.844041538582187,5.367912292376192e-05,False,
titania_stack,lte,solar_maximum,True,4.0,5e-05,163.29,1.4406570234109058e-07,0.11153290957264585,0.37642356980767977,1.1153290957264583,3.7642356980767975,3.345987287179375,11.292707094230392,5.519593234556396e-06,4.542992455798282e-07,8.663194318048322e-07,4.198974557171735e-06,0.0,0.0,thermal_column,192.52872619174812,2.164774952515132,22.812228677359084,2.1866815459564004e-05,3.764999845290565,8.251971484723447e-05,False,
titania_stack,lte,solar_maximum,True,4.0,0.0001,163.29,2.8813140468218116e-07,0.2230658191452917,0.7528471396153595,2.2306581914529167,7.528471396153595,6.69197457435875,22.585414188460785,5.999891828090942e-06,9.219234436267381e-07,8.789938272924684e-07,4.198974557171735e-06,0.0,0.0,thermal_column,199.1577934456837,2.2060816186402152,21.63999351347408,6.612941737603371e-05,3.5775740308108266,0.0002372035714196452,False,
titania_stack,lte,solar_maximum,True,4.0,0.0002,163.29,5.762628093643623e-07,0.4461316382905834,1.505694279230719,4.461316382905833,15.05694279230719,13.3839491487175,45.17082837692157,7.007970694500235e-06,1.9029051152408918e-06,9.060910220876078e-07,4.198974557171735e-06,0.0,0.0,thermal_column,213.39787521007628,2.3009434521833896,19.363326643707385,0.0005624324894633359,3.2402881526472904,0.0018284734046114526,False,
titania_stack,lte,solar_maximum,True,4.0,0.0003,163.29,8.643942140465433e-07,0.669197457435875,2.258541418846078,6.691974574358748,22.58541418846078,20.075923723076247,67.75624256538234,8.088679368264757e-06,2.954239194941286e-06,9.354656161517352e-07,4.198974557171735e-06,0.0,0.0,thermal_column,229.1578228441454,2.4171475342265145,17.16477684557416,0.004389112529072362,2.9452671136997695,0.012980232353187564,False,
titania_stack,lte,solar_maximum,True,4.0,0.0005,163.29,1.4406570234109057e-06,1.1153290957264583,3.7642356980767975,11.153290957264582,37.642356980767964,33.45987287179375,112.9270709423039,1.0463505871833965e-05,5.272659021085362e-06,9.918722935768688e-07,4.198974557171735e-06,0.0,0.0,thermal_column,265.2014170309743,2.7423216773026793,13.073195966109605,0.1924185888337092,2.4620467668062425,0.47660249356136486,False,
titania_stack,lte,solar_maximum,True,4.0,0.0007635216920648725,163.29,2.199945776399675e-06,1.7031559167564994,5.748151219053185,17.03155916756499,57.48151219053185,51.09467750269497,172.44453657159553,1.4999999999993997e-05,8.761601328745635e-06,1.0598610951362016e-06,4.198974557171735e-06,9.795630189404105e-07,0.06530420126272017,thermal_column,318.6085932295445,3.546524131289606,8.414253730071133,12.840005008643894,2.004311643878316,25.962304293480848,True,
titania_stack,lte,solar_maximum,True,4.0,0.001,163.29,2.8813140468218115e-06,2.2306581914529167,7.528471396153595,22.306581914529165,75.28471396153593,66.9197457435875,225.8541418846078,,,,,,,runaway,,,,,,,,the heat the swollen air takes outgrows the limb tables
titania_stack,lte,solar_maximum,True,4.0,0.002,163.29,5.762628093643623e-06,4.461316382905833,15.05694279230719,44.61316382905833,150.56942792307186,133.839491487175,451.7082837692156,,,,,,,runaway,,,,,,,,the heat the swollen air takes outgrows the limb tables
titania_stack,lte,solar_maximum,True,4.0,0.003,163.29,8.643942140465434e-06,6.69197457435875,22.585414188460785,66.9197457435875,225.85414188460783,200.75923723076247,677.5624256538234,,,,,,,runaway,,,,,,,,the heat the swollen air takes outgrows the limb tables
titania_stack,lte,solar_maximum,True,4.0,0.005,163.29,1.4406570234109058e-05,11.153290957264584,37.64235698076797,111.53290957264582,376.42356980767977,334.5987287179375,1129.270709423039,,,,,,,runaway,,,,,,,,the heat the swollen air takes outgrows the limb tables
titania_stack,lte,solar_maximum,True,4.0,0.01,163.29,2.8813140468218115e-05,22.30658191452917,75.28471396153594,223.06581914529164,752.8471396153595,669.197457435875,2258.541418846078,,,,,,,runaway,,,,,,,,the heat the swollen air takes outgrows the limb tables
titania_stack,lte,solar_maximum,True,4.0,0.02,163.29,5.762628093643623e-05,44.61316382905834,150.56942792307188,446.1316382905833,1505.694279230719,1338.39491487175,4517.082837692156,,,,,,,runaway,,,,,,,,the heat the swollen air takes outgrows the limb tables
titania_stack,lte,solar_maximum,True,4.0,0.03,163.29,8.643942140465434e-05,66.9197457435875,225.85414188460786,669.1974574358749,2258.541418846078,2007.592372307625,6775.6242565382345,,,,,,,runaway,,,,,,,,the heat the swollen air takes outgrows the limb tables
titania_stack,lte,solar_maximum,True,4.0,0.05,163.29,0.00014406570234109058,111.53290957264585,376.42356980767977,1115.3290957264583,3764.235698076797,3345.987287179375,11292.70709423039,,,,,,,runaway,,,,,,,,the heat the swollen air takes outgrows the limb tables
titania_stack,lte,solar_maximum,True,4.0,0.1,163.29,0.00028813140468218117,223.0658191452917,752.8471396153595,2230.6581914529165,7528.471396153594,6691.97457435875,22585.41418846078,,,,,,,runaway,,,,,,,,the heat the swollen air takes outgrows the limb tables
titania_stack,lte,solar_maximum,True,4.0,0.3,163.29,0.0008643942140465434,669.197457435875,2258.541418846078,6691.974574358748,22585.41418846078,20075.92372307625,67756.24256538234,,,,,,,runaway,,,,,,,,the heat the swollen air takes outgrows the limb tables
titania_stack,lte,solar_maximum,True,4.0,1.0,163.29,0.0028813140468218115,2230.6581914529165,7528.471396153595,22306.58191452916,75284.71396153593,66919.7457435875,225854.14188460782,,,,,,,runaway,,,,,,,,the heat the swollen air takes outgrows the limb tables
titania_stack,lte,solar_maximum,False,4.0,1e-06,163.29,2.8813140468218115e-09,0.0022306581914529164,0.0075284713961535936,0.022306581914529163,0.07528471396153592,0.06691974574358749,0.22585414188460778,7.603173787593657e-07,7.991959445855316e-09,7.523254193135104e-07,0.0,0.0,0.0,thermal_column,172.24170760235828,2.029915314173717,27.193165494421244,3.409319538827811e-07,4.51704707407094,1.5415601738815775e-06,False,
titania_stack,lte,solar_maximum,False,4.0,3e-06,163.29,8.643942140465435e-09,0.0066919745743587505,0.022585414188460783,0.06691974574358749,0.22585414188460784,0.2007592372307625,0.6775624256538234,7.766659356175913e-07,2.3985243713106067e-08,7.526806919044852e-07,0.0,0.0,0.0,thermal_column,172.45056260080997,2.0310324359577425,27.145292983555674,3.5683980787053255e-07,4.507660847786763,1.6101787765781006e-06,False,
titania_stack,lte,solar_maximum,False,4.0,1e-05,163.29,2.8813140468218118e-08,0.022306581914529167,0.07528471396153595,0.22306581914529164,0.7528471396153595,0.669197457435875,2.258541418846078,8.339866020909927e-07,8.006026741381413e-08,7.539263346771786e-07,0.0,0.0,0.0,thermal_column,173.1834860930183,2.0349634696704326,26.97819647621848,4.184005309666e-07,4.475048496400368,1.8744795776260718e-06,False,
titania_stack,lte,solar_maximum,False,4.0,2e-05,163.29,5.7626280936436235e-08,0.04461316382905833,0.1505694279230719,0.4461316382905833,1.505694279230719,1.33839491487175,4.517082837692156,9.161460576670495e-07,1.604343052977332e-07,7.557117523693163e-07,0.0,0.0,0.0,thermal_column,174.23570779118893,2.040636582747062,26.74072490588118,5.245545647734296e-07,4.429174022562621,2.3263034153995915e-06,False,
titania_stack,lte,solar_maximum,False,4.0,3e-05,163.29,8.643942140465435e-08,0.0669197457435875,0.22585414188460784,0.669197457435875,2.2585414188460784,2.007592372307625,6.775624256538235,9.98628143027938e-07,2.411239618571502e-07,7.575041811707879e-07,0.0,0.0,0.0,thermal_column,175.29409366914754,2.04637841783275,26.504692988715107,6.566854201406406e-07,4.384000906556085,2.8830183978106947e-06,False,
titania_stack,lte,solar_maximum,False,4.0,5e-05,163.29,1.4406570234109058e-07,0.11153290957264585,0.37642356980767977,1.1153290957264583,3.7642356980767975,3.345987287179375,11.292707094230392,1.1647965244180516e-06,4.035593070569203e-07,7.612372173611311e-07,0.0,0.0,0.0,thermal_column,177.43387551880505,2.0580937760302174,26.036002847695634,1.025619422369753e-06,4.295760282923584,4.413018396219451e-06,False,
titania_stack,lte,solar_maximum,False,4.0,0.0001,163.29,2.8813140468218116e-07,0.2230658191452917,0.7528471396153595,2.2306581914529167,7.528471396153595,6.69197457435875,22.585414188460785,1.586389286761613e-06,8.156782499652827e-07,7.7071103679633e-07,0.0,0.0,0.0,thermal_column,182.90178466692115,2.0887149412097528,24.887363534894686,3.054067979553869e-06,4.087140626300897,1.2505501744086472e-05,False,
titania_stack,lte,solar_maximum,False,4.0,0.0002,163.29,5.762628093643623e-07,0.4461316382905834,1.505694279230719,4.461316382905833,15.05694279230719,13.3839491487175,45.17082837692157,2.4587320980833604e-06,1.6680442752667717e-06,7.906878228165887e-07,0.0,0.0,0.0,thermal_column,194.40118624861302,2.1565347111907047,22.67882995175188,2.4732140719816313e-05,3.714761215706101,9.208886555692254e-05,False,
titania_stack,lte,solar_maximum,False,4.0,0.0003,163.29,8.643942140465433e-07,0.669197457435875,2.258541418846078,6.691974574358748,22.58541418846078,20.075923723076247,67.75624256538234,3.3759097416069747e-06,2.5635310916345445e-06,8.123786499724307e-07,0.0,0.0,0.0,thermal_column,206.7819341072899,2.235274558163911,20.569917035025764,0.00018062575404548552,3.391618530178884,0.0006143961512659596,False,
titania_stack,lte,solar_maximum,False,4.0,0.0005,163.29,1.4406570234109057e-06,1.1153290957264583,3.7642356980767975,11.153290957264582,37.642356980767964,33.45987287179375,112.9270709423039,5.387503333380414e-06,4.52466956584769e-06,8.62833767532724e-07,0.0,0.0,0.0,thermal_column,235.12117177730602,2.442350835140451,16.556793101621707,0.007707626917607207,2.853578065934264,0.022089606940366956,False,
titania_stack,lte,solar_maximum,False,4.0,0.001,163.29,2.8813140468218115e-06,2.2306581914529167,7.528471396153595,22.306581914529165,75.28471396153593,66.9197457435875,225.8541418846078,1.1910724675931179e-05,1.089272269534708e-05,1.0180019805840985e-06,0.0,0.0,0.0,thermal_column,321.3954904582691,3.550815518844211,8.331210737600113,13.780355067888967,1.9900960654789386,27.66611790373141,True,
titania_stack,lte,solar_maximum,False,4.0,0.0011294374691625075,163.29,3.2542640449048094e-06,2.5193889423211986,8.502937680334046,25.19388942321198,85.02937680334045,75.58166826963595,255.08813041002134,1.4999999999989104e-05,1.2960575885914457e-05,1.0598610951361404e-06,0.0,9.795630189384935e-07,0.06530420126261367,thermal_column,341.38358063869293,4.025261893159445,6.9189347843698075,47.33087458605358,1.8674242193789625,89.24782905827144,True,
titania_stack,lte,solar_maximum,False,4.0,0.002,163.29,5.762628093643623e-06,4.461316382905833,15.05694279230719,44.61316382905833,150.56942792307186,133.839491487175,451.7082837692156,,,,,,,runaway,,,,,,,,the heat the swollen air takes outgrows the limb tables
titania_stack,lte,solar_maximum,False,4.0,0.003,163.29,8.643942140465434e-06,6.69197457435875,22.585414188460785,66.9197457435875,225.85414188460783,200.75923723076247,677.5624256538234,,,,,,,runaway,,,,,,,,the heat the swollen air takes outgrows the limb tables
titania_stack,lte,solar_maximum,False,4.0,0.005,163.29,1.4406570234109058e-05,11.153290957264584,37.64235698076797,111.53290957264582,376.42356980767977,334.5987287179375,1129.270709423039,,,,,,,runaway,,,,,,,,the heat the swollen air takes outgrows the limb tables
titania_stack,lte,solar_maximum,False,4.0,0.01,163.29,2.8813140468218115e-05,22.30658191452917,75.28471396153594,223.06581914529164,752.8471396153595,669.197457435875,2258.541418846078,,,,,,,runaway,,,,,,,,the heat the swollen air takes outgrows the limb tables
titania_stack,lte,solar_maximum,False,4.0,0.02,163.29,5.762628093643623e-05,44.61316382905834,150.56942792307188,446.1316382905833,1505.694279230719,1338.39491487175,4517.082837692156,,,,,,,runaway,,,,,,,,the heat the swollen air takes outgrows the limb tables
titania_stack,lte,solar_maximum,False,4.0,0.03,163.29,8.643942140465434e-05,66.9197457435875,225.85414188460786,669.1974574358749,2258.541418846078,2007.592372307625,6775.6242565382345,,,,,,,runaway,,,,,,,,the heat the swollen air takes outgrows the limb tables
titania_stack,lte,solar_maximum,False,4.0,0.05,163.29,0.00014406570234109058,111.53290957264585,376.42356980767977,1115.3290957264583,3764.235698076797,3345.987287179375,11292.70709423039,,,,,,,runaway,,,,,,,,the heat the swollen air takes outgrows the limb tables
titania_stack,lte,solar_maximum,False,4.0,0.1,163.29,0.00028813140468218117,223.0658191452917,752.8471396153595,2230.6581914529165,7528.471396153594,6691.97457435875,22585.41418846078,,,,,,,runaway,,,,,,,,the heat the swollen air takes outgrows the limb tables
titania_stack,lte,solar_maximum,False,4.0,0.3,163.29,0.0008643942140465434,669.197457435875,2258.541418846078,6691.974574358748,22585.41418846078,20075.92372307625,67756.24256538234,,,,,,,runaway,,,,,,,,the heat the swollen air takes outgrows the limb tables
titania_stack,lte,solar_maximum,False,4.0,1.0,163.29,0.0028813140468218115,2230.6581914529165,7528.471396153595,22306.58191452916,75284.71396153593,66919.7457435875,225854.14188460782,,,,,,,runaway,,,,,,,,the heat the swollen air takes outgrows the limb tables
titania_stack,lte,solar_maximum_stress,True,4.0,1e-06,163.29,4.24547091483034e-09,0.0019862616227870077,0.0067036329769061525,0.019862616227870073,0.06703632976906151,0.05958784868361022,0.20110898930718454,3.857489592830456e-06,1.2669373917780541e-08,4.905553226446643e-07,3.354264896268011e-06,0.0,0.0,thermal_column,179.3825786460299,2.0818501592498353,25.459289376475184,1.7780734849324633e-06,4.2147970957897485,7.50732358350166e-06,False,
titania_stack,lte,solar_maximum_stress,True,4.0,3e-06,163.29,1.2736412744491021e-08,0.0059587848683610245,0.02011089893071846,0.05958784868361022,0.20110898930718457,0.1787635460508307,0.6033269679215536,3.8832263324205635e-06,3.803303335900073e-08,4.909284027935522e-07,3.354264896268011e-06,0.0,0.0,thermal_column,179.71515099509244,2.0837467597557704,25.38904577336031,1.9007697388999069e-06,4.201972753221797,8.00105460646765e-06,False,
titania_stack,lte,solar_maximum_stress,True,4.0,1e-05,163.29,4.245470914830341e-08,0.01986261622787008,0.06703632976906154,0.19862616227870078,0.6703632976906152,0.5958784868361023,2.0110898930718455,3.973571212185634e-06,1.2706827244188644e-07,4.922380434757371e-07,3.354264896268011e-06,0.0,0.0,thermal_column,180.88424275278837,2.090444338512039,25.14413292058635,2.3985216805748887e-06,4.15753298299499,9.989972044390328e-06,False,
titania_stack,lte,solar_maximum_stress,True,4.0,2e-05,163.29,8.490941829660681e-08,0.03972523245574016,0.13407265953812308,0.39725232455740156,1.3407265953812304,1.1917569736722047,4.022179786143691,4.103471117690452e-06,2.550245360511734e-07,4.941816853712673e-07,3.354264896268011e-06,0.0,0.0,thermal_column,182.57040280029418,2.100186781534778,24.796347485137478,3.3366678999145024e-06,4.095251408516017,1.3690152864630797e-05,False,
titania_stack,lte,solar_maximum_stress,True,4.0,3e-05,163.29,1.273641274449102e-07,0.05958784868361024,0.2011089893071846,0.5958784868361022,2.0110898930718455,1.7876354605083071,6.033269679215536,4.234317682203329e-06,3.8389769998195085e-07,4.961550859533676e-07,3.354264896268011e-06,0.0,0.0,thermal_column,184.27486356235318,2.11013638210261,24.451155319200275,4.6294035736283445e-06,4.034355746047015,1.871305159055376e-05,False,
titania_stack,lte,solar_maximum_stress,True,4.0,5e-05,163.29,2.1227354574151702e-07,0.09931308113935039,0.3351816488453076,0.9931308113935038,3.3518164884530757,2.979392434180512,10.055449465359228,4.498823789359538e-06,6.444145812247826e-07,5.001443118667447e-07,3.354264896268011e-06,0.0,0.0,thermal_column,187.73819952129475,2.130676627878068,23.768721264466677,8.839083009788299e-06,3.9167440525196757,3.469296566312e-05,False,
titania_stack,lte,solar_maximum_stress,True,4.0,0.0001,163.29,4.2454709148303405e-07,0.19862616227870078,0.6703632976906152,1.9862616227870076,6.703632976906151,5.958784868361024,20.110898930718456,5.177742156719738e-06,1.312960209941116e-06,5.10517050510611e-07,3.354264896268011e-06,0.0,0.0,thermal_column,196.74066656213353,2.1861915184169516,22.105160098272744,4.261192762067421e-05,3.644487872463764,0.00015568629227851713,False,
titania_stack,lte,solar_maximum_stress,True,4.0,0.0002,163.29,8.490941829660681e-07,0.39725232455740156,1.3407265953812304,3.972523245574015,13.407265953812303,11.917569736722047,40.22179786143691,6.624633030936831e-06,2.7368695758944383e-06,5.334985587743821e-07,3.354264896268011e-06,0.0,0.0,thermal_column,216.51150330884212,2.3201215913822644,18.927109166055807,0.0008460936222884561,3.1768592435811875,0.002697203308951182,False,
titania_stack,lte,solar_maximum_stress,True,4.0,0.0003,163.29,1.273641274449102e-06,0.5958784868361022,2.0110898930718455,5.958784868361022,20.110898930718452,17.87635460508307,60.33269679215535,8.218770709075507e-06,4.305118317233894e-06,5.593874955736021e-07,3.354264896268011e-06,0.0,0.0,thermal_column,239.2696381726267,2.4991083923319097,15.90022692087695,0.014214469513042146,2.788128589424837,0.03981556250563052,False,
titania_stack,lte,solar_maximum_stress,True,4.0,0.0005,163.29,2.12273545741517e-06,0.9931308113935039,3.351816488453076,9.931308113935039,33.51816488453076,29.793924341805113,100.55449465359227,1.1788905666239755e-05,7.828975968091173e-06,6.05664801880569e-07,3.354264896268011e-06,0.0,0.0,thermal_column,291.0047583105956,3.067226937018881,10.651971805651355,1.7395756717493112,2.2130066043782946,3.878300944842367,False,
titania_stack,lte,solar_maximum_stress,True,4.0,0.0005968297246933389,163.29,2.5338232372917695e-06,1.1854599774969143,4.000927424052086,11.854599774969142,40.00927424052086,35.56379932490743,120.02782272156259,1.499999999999208e-05,9.829372516519154e-06,6.321313211254345e-07,3.354264896268011e-06,1.1842312660794656e-06,0.07894875107200605,thermal_column,320.36096364769804,3.6284958122059567,8.179180467110896,15.832095731895487,1.9892048804712665,31.777178104126545,True,
titania_stack,lte,solar_maximum_stress,True,4.0,0.001,163.29,4.24547091483034e-06,1.9862616227870078,6.703632976906152,19.862616227870078,67.03632976906152,59.587848683610225,201.10898930718454,,,,,,,runaway,,,,,,,,the heat the swollen air takes outgrows the limb tables
titania_stack,lte,solar_maximum_stress,True,4.0,0.002,163.29,8.49094182966068e-06,3.9725232455740156,13.407265953812304,39.725232455740155,134.07265953812305,119.17569736722045,402.2179786143691,,,,,,,runaway,,,,,,,,the heat the swollen air takes outgrows the limb tables
titania_stack,lte,solar_maximum_stress,True,4.0,0.003,163.29,1.2736412744491022e-05,5.958784868361024,20.11089893071846,59.587848683610225,201.10898930718457,178.7635460508307,603.3269679215537,,,,,,,runaway,,,,,,,,the heat the swollen air takes outgrows the limb tables
titania_stack,lte,solar_maximum_stress,True,4.0,0.005,163.29,2.1227354574151702e-05,9.93130811393504,33.51816488453076,99.31308113935037,335.18164884530756,297.93924341805115,1005.5449465359226,,,,,,,runaway,,,,,,,,the heat the swollen air takes outgrows the limb tables
titania_stack,lte,solar_maximum_stress,True,4.0,0.01,163.29,4.2454709148303404e-05,19.86261622787008,67.03632976906152,198.62616227870075,670.3632976906151,595.8784868361023,2011.0898930718452,,,,,,,runaway,,,,,,,,the heat the swollen air takes outgrows the limb tables
titania_stack,lte,solar_maximum_stress,True,4.0,0.02,163.29,8.490941829660681e-05,39.72523245574016,134.07265953812305,397.2523245574015,1340.7265953812303,1191.7569736722046,4022.1797861436903,,,,,,,runaway,,,,,,,,the heat the swollen air takes outgrows the limb tables
titania_stack,lte,solar_maximum_stress,True,4.0,0.03,163.29,0.0001273641274449102,59.587848683610225,201.10898930718454,595.8784868361022,2011.0898930718452,1787.6354605083068,6033.269679215536,,,,,,,runaway,,,,,,,,the heat the swollen air takes outgrows the limb tables
titania_stack,lte,solar_maximum_stress,True,4.0,0.05,163.29,0.00021227354574151702,99.31308113935039,335.1816488453076,993.1308113935038,3351.816488453076,2979.392434180512,10055.449465359226,,,,,,,runaway,,,,,,,,the heat the swollen air takes outgrows the limb tables
titania_stack,lte,solar_maximum_stress,True,4.0,0.1,163.29,0.00042454709148303404,198.62616227870078,670.3632976906152,1986.2616227870076,6703.632976906152,5958.784868361024,20110.898930718453,,,,,,,runaway,,,,,,,,the heat the swollen air takes outgrows the limb tables
titania_stack,lte,solar_maximum_stress,True,4.0,0.3,163.29,0.001273641274449102,595.8784868361023,2011.0898930718456,5958.784868361023,20110.898930718453,17876.35460508307,60332.69679215537,,,,,,,runaway,,,,,,,,the heat the swollen air takes outgrows the limb tables
titania_stack,lte,solar_maximum_stress,True,4.0,1.0,163.29,0.00424547091483034,1986.261622787008,6703.632976906152,19862.616227870076,67036.32976906151,59587.84868361023,201108.98930718456,,,,,,,runaway,,,,,,,,the heat the swollen air takes outgrows the limb tables
titania_stack,lte,solar_maximum_stress,False,4.0,1e-06,163.29,4.24547091483034e-09,0.0019862616227870077,0.0067036329769061525,0.019862616227870073,0.06703632976906151,0.05958784868361022,0.20110898930718454,4.5525723678632535e-07,1.1661146396861152e-08,4.435960903894642e-07,0.0,0.0,0.0,thermal_column,168.6464282645919,2.009513853896482,28.054843848609192,1.4990979466653032e-07,4.6859391834643365,7.028876044453804e-07,False,
titania_stack,lte,solar_maximum_stress,False,4.0,3e-06,163.29,1.2736412744491021e-08,0.0059587848683610245,0.02011089893071846,0.05958784868361022,0.20110898930718457,0.1787635460508307,0.6033269679215536,4.789065747319075e-07,3.5002447557798994e-08,4.439041271741085e-07,0.0,0.0,0.0,thermal_column,168.94027626854646,2.011072446456192,27.98434152305423,1.6033804685056955e-07,4.671647498260946,7.495122925730381e-07,False,
titania_stack,lte,solar_maximum_stress,False,4.0,1e-05,163.29,4.245470914830341e-08,0.01986261622787008,0.06703632976906154,0.19862616227870078,0.6703632976906152,0.5958784868361023,2.0110898930718455,5.618820298083884e-07,1.168971327435976e-07,4.4498489706479085e-07,0.0,0.0,0.0,thermal_column,169.97247952965446,2.016568574838333,27.738591396759794,2.026835482230878e-07,4.6222382747608,9.37540662169335e-07,False,
titania_stack,lte,solar_maximum_stress,False,4.0,2e-05,163.29,8.490941829660681e-08,0.03972523245574016,0.13407265953812308,0.39725232455740156,1.3407265953812304,1.1917569736722047,4.022179786143691,6.809683949464527e-07,2.3443237703859578e-07,4.46536017907857e-07,0.0,0.0,0.0,thermal_column,171.45716810803975,2.0245326679798468,27.3902232988626,2.825127282651943e-07,4.55306843387802,1.2874635725099593e-06,False,
titania_stack,lte,solar_maximum_stress,False,4.0,3e-05,163.29,1.273641274449102e-07,0.05958784868361024,0.2011089893071846,0.5958784868361022,2.0110898930718455,1.7876354605083071,6.033269679215536,8.007066012126721e-07,3.526109721164515e-07,4.4809562909622064e-07,0.0,0.0,0.0,thermal_column,172.9538549156839,2.03263218043962,27.04499869809111,3.925376650700354e-07,4.485571804166157,1.7626779606017512e-06,False,
titania_stack,lte,solar_maximum_stress,False,4.0,5e-05,163.29,2.1227354574151702e-07,0.09931308113935039,0.3351816488453076,0.9931308113935038,3.3518164884530757,2.979392434180512,10.055449465359228,1.0422138003259339e-06,5.909536668246289e-07,4.51260133501305e-07,0.0,0.0,0.0,thermal_column,175.98465242329445,2.049255997806652,26.363617292414137,7.509156302875121e-07,4.3553932280966485,3.2755157676052664e-06,False,
titania_stack,lte,solar_maximum_stress,False,4.0,0.0001,163.29,4.2454709148303405e-07,0.19862616227870078,0.6703632976906152,1.9862616227870076,6.703632976906151,5.958784868361024,20.110898930718456,1.6589789434889138e-06,1.1994102097838773e-06,4.595687337050365e-07,0.0,0.0,0.0,thermal_column,183.8026107433709,2.0935562783130437,24.70811945918683,3.620119671612056e-06,4.0550081417453185,1.4707300437760102e-05,False,
titania_stack,lte,solar_maximum_stress,False,4.0,0.0002,163.29,8.490941829660681e-07,0.39725232455740156,1.3407265953812304,3.972523245574015,13.407265953812303,11.917569736722047,40.22179786143691,2.953187211486356e-06,2.475715690460911e-06,4.774715210254452e-07,0.0,0.0,0.0,thermal_column,200.57493571261196,2.1962296090105564,21.583486709545802,6.955873773639342e-05,3.5447083331757767,0.0002472120900872168,False,
titania_stack,lte,solar_maximum_stress,False,4.0,0.0003,163.29,1.273641274449102e-06,0.5958784868361022,2.0110898930718455,5.958784868361022,20.110898930718452,17.87635460508307,60.33269679215535,4.348761002871289e-06,3.85087990663661e-06,4.978810962346801e-07,0.0,0.0,0.0,thermal_column,219.30146161259364,2.3251092823549557,18.64623322541469,0.0010984019118261482,3.1249539701944498,0.0034445932284272087,False,
titania_stack,lte,solar_maximum_stress,False,4.0,0.0005,163.29,2.12273545741517e-06,0.9931308113935039,3.351816488453076,9.931308113935039,33.51816488453076,29.793924341805113,100.55449465359227,7.594620394192763e-06,7.045191687411417e-06,5.494287067813452e-07,0.0,0.0,0.0,thermal_column,265.6504375436463,2.733862419709729,13.091482137901753,0.1889985486263509,2.4590462995312623,0.46754870755733485,False,
titania_stack,lte,solar_maximum_stress,False,4.0,0.0008004973536514337,163.29,3.3984882323258187e-06,1.589997172700402,5.366240457863858,15.899971727004019,53.66240457863857,47.69991518101207,160.9872137359157,1.4999999999977693e-05,1.3183637412779699e-05,6.321313211253265e-07,0.0,1.1842312660726502e-06,0.07894875107162742,thermal_column,338.7851956664552,4.013363049834246,6.992671654674765,44.505449452149946,1.8786281907970939,84.42336418244567,True,
titania_stack,lte,solar_maximum_stress,False,4.0,0.001,163.29,4.24547091483034e-06,1.9862616227870078,6.703632976906152,19.862616227870078,67.03632976906152,59.587848683610225,201.10898930718454,,,,,,,runaway,,,,,,,,the heat the swollen air takes outgrows the limb tables
titania_stack,lte,solar_maximum_stress,False,4.0,0.002,163.29,8.49094182966068e-06,3.9725232455740156,13.407265953812304,39.725232455740155,134.07265953812305,119.17569736722045,402.2179786143691,,,,,,,runaway,,,,,,,,the heat the swollen air takes outgrows the limb tables
titania_stack,lte,solar_maximum_stress,False,4.0,0.003,163.29,1.2736412744491022e-05,5.958784868361024,20.11089893071846,59.587848683610225,201.10898930718457,178.7635460508307,603.3269679215537,,,,,,,runaway,,,,,,,,the heat the swollen air takes outgrows the limb tables
titania_stack,lte,solar_maximum_stress,False,4.0,0.005,163.29,2.1227354574151702e-05,9.93130811393504,33.51816488453076,99.31308113935037,335.18164884530756,297.93924341805115,1005.5449465359226,,,,,,,runaway,,,,,,,,the heat the swollen air takes outgrows the limb tables
titania_stack,lte,solar_maximum_stress,False,4.0,0.01,163.29,4.2454709148303404e-05,19.86261622787008,67.03632976906152,198.62616227870075,670.3632976906151,595.8784868361023,2011.0898930718452,,,,,,,runaway,,,,,,,,the heat the swollen air takes outgrows the limb tables
titania_stack,lte,solar_maximum_stress,False,4.0,0.02,163.29,8.490941829660681e-05,39.72523245574016,134.07265953812305,397.2523245574015,1340.7265953812303,1191.7569736722046,4022.1797861436903,,,,,,,runaway,,,,,,,,the heat the swollen air takes outgrows the limb tables
titania_stack,lte,solar_maximum_stress,False,4.0,0.03,163.29,0.0001273641274449102,59.587848683610225,201.10898930718454,595.8784868361022,2011.0898930718452,1787.6354605083068,6033.269679215536,,,,,,,runaway,,,,,,,,the heat the swollen air takes outgrows the limb tables
titania_stack,lte,solar_maximum_stress,False,4.0,0.05,163.29,0.00021227354574151702,99.31308113935039,335.1816488453076,993.1308113935038,3351.816488453076,2979.392434180512,10055.449465359226,,,,,,,runaway,,,,,,,,the heat the swollen air takes outgrows the limb tables
titania_stack,lte,solar_maximum_stress,False,4.0,0.1,163.29,0.00042454709148303404,198.62616227870078,670.3632976906152,1986.2616227870076,6703.632976906152,5958.784868361024,20110.898930718453,,,,,,,runaway,,,,,,,,the heat the swollen air takes outgrows the limb tables
titania_stack,lte,solar_maximum_stress,False,4.0,0.3,163.29,0.001273641274449102,595.8784868361023,2011.0898930718456,5958.784868361023,20110.898930718453,17876.35460508307,60332.69679215537,,,,,,,runaway,,,,,,,,the heat the swollen air takes outgrows the limb tables
titania_stack,lte,solar_maximum_stress,False,4.0,1.0,163.29,0.00424547091483034,1986.261622787008,6703.632976906152,19862.616227870076,67036.32976906151,59587.84868361023,201108.98930718456,,,,,,,runaway,,,,,,,,the heat the swollen air takes outgrows the limb tables
titania_stack,all_heats,quiet,True,4.0,1e-06,191.54,1.6751049043095798e-09,0.0007945046491148032,0.002681453190762461,0.00794504649114803,0.026814531907624607,0.02383513947344409,0.08044359572287381,2.5459425137601447e-06,5.694349610984389e-09,3.317811030676719e-08,2.507070053842393e-06,0.0,0.0,thermal_column,199.74012666611395,2.4690659752592237,19.27871097564409,0.0006301702303542019,3.5028725943765333,0.0022153637479381087,False,
titania_stack,all_heats,quiet,True,4.0,3e-06,191.54,5.02531471292874e-09,0.0023835139473444094,0.008044359572287383,0.02383513947344409,0.08044359572287382,0.07150541842033228,0.24133078716862144,2.5573503186858094e-06,1.708927903679303e-08,3.319098580662341e-08,2.507070053842393e-06,0.0,0.0,thermal_column,199.89451874649515,2.4703563251175997,19.253758582112813,0.0006450857323195988,3.4988504230734714,0.0022652155020534753,False,
titania_stack,all_heats,quiet,True,4.0,1e-05,191.54,1.67510490430958e-08,0.007945046491148031,0.026814531907624613,0.0794504649114803,0.2681453190762461,0.23835139473444095,0.8044359572287382,2.597343246558782e-06,5.7037068608363e-08,3.323612410802612e-08,2.507070053842393e-06,0.0,0.0,thermal_column,200.43620396323735,2.4748954689600433,19.1665072844128,0.0007000628032897319,3.484816949157641,0.0024484851085375893,False,
titania_stack,all_heats,quiet,True,4.0,2e-05,191.54,3.35020980861916e-08,0.015890092982296062,0.05362906381524923,0.1589009298229606,0.5362906381524922,0.4767027894688819,1.6088719144574763,2.654653660535107e-06,1.1428279877989624e-07,3.3300807912817665e-08,2.507070053842393e-06,0.0,0.0,thermal_column,201.2135815199914,2.4814423531167518,19.04208617957088,0.0007866353288936787,3.4648878541101675,0.0027356652010822775,False,
titania_stack,all_heats,quiet,True,4.0,3e-05,191.54,5.02531471292874e-08,0.023835139473444098,0.08044359572287384,0.2383513947344409,0.8044359572287383,0.7150541842033228,2.4133078716862144,2.7121741202781154e-06,1.7173833764847046e-07,3.336572878725199e-08,2.507070053842393e-06,0.0,0.0,thermal_column,201.99516212724933,2.488063901930777,18.917925456035082,0.0008836625627119138,3.445149315977742,0.003055727777645759,False,
titania_stack,all_heats,quiet,True,4.0,5e-05,191.54,8.3755245215479e-08,0.03972523245574016,0.13407265953812308,0.39725232455740156,1.3407265953812304,1.1917569736722047,4.022179786143691,2.8278498130298164e-06,2.872834722099588e-07,3.349628697746448e-08,2.507070053842393e-06,0.0,0.0,thermal_column,203.5709566480291,2.501535525971213,18.67039540812985,0.001114134684102322,3.40615269303821,0.003809450627863632,False,
titania_stack,all_heats,quiet,True,4.0,0.0001,191.54,1.67510490430958e-07,0.07945046491148032,0.26814531907624617,0.7945046491148031,2.681453190762461,2.3835139473444094,8.044359572287382,3.1209924181155896e-06,5.800896924824267e-07,3.3832671790769935e-08,2.507070053842393e-06,0.0,0.0,thermal_column,207.58989581448336,2.536644133475021,18.05553049378982,0.00197989376133424,3.3113134675369595,0.0065827744730840585,False,
titania_stack,all_heats,quiet,True,4.0,0.0002,191.54,3.35020980861916e-07,0.15890092982296064,0.5362906381524923,1.5890092982296062,5.362906381524922,4.767027894688819,16.088719144574764,3.72566933463055e-06,1.1840565124635174e-06,3.4542768324639835e-08,2.507070053842393e-06,0.0,0.0,thermal_column,215.99911351783342,2.613804273772335,16.84034466103119,0.0061481157720063295,3.1308084362033384,0.01933710565802753,False,
titania_stack,all_heats,quiet,True,4.0,0.0003,191.54,5.025314712928739e-07,0.23835139473444095,0.8044359572287383,2.383513947344409,8.044359572287382,7.150541842033228,24.133078716862144,4.3570148603542555e-06,1.8146559969352421e-06,3.5288809576620916e-08,2.507070053842393e-06,0.0,0.0,thermal_column,224.9511058852916,2.702008076074578,15.64232240390094,0.01870181827751843,2.9613694768086067,0.055669067804535566,False,
titania_stack,all_heats,quiet,True,4.0,0.0005,191.54,8.375524521547899e-07,0.39725232455740156,1.3407265953812304,3.972523245574015,13.407265953812303,11.917569736722047,40.22179786143691,5.706956906231767e-06,3.163061217944531e-06,3.682563444484292e-08,2.507070053842393e-06,0.0,0.0,thermal_column,244.569429724313,2.921808472615879,13.3052210187914,0.16129602184838487,2.653696059768403,0.4307757750983523,False,
titania_stack,all_heats,quiet,True,4.0,0.0008090003517386376,191.54,1.355160456785567e-06,0.6427545405918587,2.1692965744975234,6.427545405918585,21.69296574497523,19.28263621775576,65.07889723492568,7.99999999999978e-06,5.453935207870859e-06,3.8994738286526525e-08,2.507070053842393e-06,0.0,0.0,thermal_column,276.4068497711499,3.397844999245656,10.123335806180851,2.9029899226141023,2.2834397892681872,6.684228520936606,False,
titania_stack,all_heats,quiet,True,4.0,0.001,191.54,1.6751049043095798e-06,0.7945046491148031,2.681453190762461,7.94504649114803,26.814531907624605,23.835139473444094,80.44359572287382,,,,,,,runaway,,,,,,,,the heat the swollen air takes outgrows the limb tables
titania_stack,all_heats,quiet,True,4.0,0.002,191.54,3.3502098086191596e-06,1.5890092982296062,5.362906381524922,15.89009298229606,53.62906381524921,47.67027894688819,160.88719144574765,,,,,,,runaway,,,,,,,,the heat the swollen air takes outgrows the limb tables
titania_stack,all_heats,quiet,True,4.0,0.003,191.54,5.0253147129287394e-06,2.38351394734441,8.044359572287384,23.835139473444094,80.44359572287384,71.50541842033229,241.33078716862147,,,,,,,runaway,,,,,,,,the heat the swollen air takes outgrows the limb tables
titania_stack,all_heats,quiet,True,4.0,0.005,191.54,8.3755245215479e-06,3.9725232455740156,13.407265953812304,39.725232455740155,134.07265953812305,119.17569736722045,402.2179786143691,,,,,,,runaway,,,,,,,,the heat the swollen air takes outgrows the limb tables
titania_stack,all_heats,quiet,True,4.0,0.01,191.54,1.67510490430958e-05,7.945046491148031,26.81453190762461,79.45046491148031,268.1453190762461,238.3513947344409,804.4359572287382,,,,,,,runaway,,,,,,,,the heat the swollen air takes outgrows the limb tables
titania_stack,all_heats,quiet,True,4.0,0.02,191.54,3.35020980861916e-05,15.890092982296062,53.62906381524922,158.90092982296062,536.2906381524922,476.7027894688818,1608.8719144574764,,,,,,,runaway,,,,,,,,the heat the swollen air takes outgrows the limb tables
titania_stack,all_heats,quiet,True,4.0,0.03,191.54,5.025314712928739e-05,23.835139473444094,80.44359572287384,238.3513947344409,804.4359572287383,715.0541842033228,2413.3078716862146,,,,,,,runaway,,,,,,,,the heat the swollen air takes outgrows the limb tables
titania_stack,all_heats,quiet,True,4.0,0.05,191.54,8.3755245215479e-05,39.72523245574016,134.07265953812308,397.25232455740155,1340.7265953812307,1191.7569736722048,4022.179786143691,,,,,,,runaway,,,,,,,,the heat the swollen air takes outgrows the limb tables
titania_stack,all_heats,quiet,True,4.0,0.1,191.54,0.000167510490430958,79.45046491148032,268.14531907624615,794.5046491148031,2681.4531907624614,2383.5139473444096,8044.359572287382,,,,,,,runaway,,,,,,,,the heat the swollen air takes outgrows the limb tables
titania_stack,all_heats,quiet,True,4.0,0.3,191.54,0.0005025314712928739,238.3513947344409,804.4359572287382,2383.5139473444087,8044.359572287381,7150.541842033227,24133.078716862143,,,,,,,runaway,,,,,,,,the heat the swollen air takes outgrows the limb tables
titania_stack,all_heats,quiet,True,4.0,1.0,191.54,0.0016751049043095799,794.5046491148031,2681.453190762461,7945.04649114803,26814.53190762461,23835.139473444095,80443.59572287381,,,,,,,runaway,,,,,,,,the heat the swollen air takes outgrows the limb tables
titania_stack,all_heats,quiet,False,4.0,1e-06,191.54,1.6751049043095798e-09,0.0007945046491148032,0.002681453190762461,0.00794504649114803,0.026814531907624607,0.02383513947344409,0.08044359572287381,3.576481991918902e-08,5.276973564804007e-09,3.048784635438501e-08,0.0,0.0,0.0,thermal_column,191.9848267501779,2.3907866916386578,20.71420511250348,0.00016331024107086318,3.723485125011604,0.0006099706923380206,False,
titania_stack,all_heats,quiet,False,4.0,3e-06,191.54,5.02531471292874e-09,0.0023835139473444094,0.008044359572287383,0.02383513947344409,0.08044359572287382,0.07150541842033228,0.24133078716862144,4.633459723218065e-08,1.5835845667697342e-08,3.049875156448331e-08,0.0,0.0,0.0,thermal_column,192.1230180708557,2.3918672781740478,20.689954248166416,0.00016707984468802576,3.719343552652551,0.0006233609830898708,False,
titania_stack,all_heats,quiet,False,4.0,1e-05,191.54,1.67510490430958e-08,0.007945046491148031,0.026814531907624613,0.0794504649114803,0.2681453190762461,0.23835139473444095,0.8044359572287382,8.338066406433894e-08,5.2843690772930164e-08,3.0536973291408774e-08,0.0,0.0,0.0,thermal_column,192.60769266031508,2.3956657989944627,20.605167378156544,0.0001809545423474746,3.7048949381066527,0.0006725217672580063,False,
titania_stack,all_heats,quiet,False,4.0,2e-05,191.54,3.35020980861916e-08,0.015890092982296062,0.05362906381524923,0.1589009298229606,0.5362906381524922,0.4767027894688819,1.6088719144574763,1.3644393379418767e-07,1.058522132656545e-07,3.059172052853317e-08,0.0,0.0,0.0,thermal_column,193.3027811291157,2.4011370363212636,20.484292055256116,0.00020274443430079334,3.6843903467492893,0.0007493633812666371,False,
titania_stack,all_heats,quiet,False,4.0,3e-05,191.54,5.02531471292874e-08,0.023835139473444098,0.08044359572287384,0.2383513947344409,0.8044359572287383,0.7150541842033228,2.4133078716862144,1.896729787071018e-07,1.5902633990537157e-07,3.064663880173022e-08,0.0,0.0,0.0,thermal_column,194.00105508833772,2.4066616392721585,20.363708924874953,0.00022708812606807882,3.6640988932950465,0.000834750094735169,False,
titania_stack,all_heats,quiet,False,4.0,5e-05,191.54,8.3755245215479e-08,0.03972523245574016,0.13407265953812308,0.39725232455740156,1.3407265953812304,1.1917569736722047,4.022179786143691,2.9663151121403083e-07,2.658745195416341e-07,3.0756991672396627e-08,0.0,0.0,0.0,thermal_column,195.40723275652715,2.4178742789966416,20.123413827341576,0.00028463321739500777,3.623951028029552,0.0010348969814699582,False,
titania_stack,all_heats,quiet,False,4.0,0.0001,191.54,1.67510490430958e-07,0.07945046491148032,0.26814531907624617,0.7945046491148031,2.681453190762461,2.3835139473444094,8.044359572287382,5.669839749032626e-07,5.359480511086633e-07,3.1035923794599304e-08,0.0,0.0,0.0,thermal_column,198.97948521168811,2.446896496987106,19.52774548357928,0.0004979487061765603,3.526351869004731,0.0017620900458431153,False,
titania_stack,all_heats,quiet,False,4.0,0.0002,191.54,3.35020980861916e-07,0.15890092982296064,0.5362906381524923,1.5890092982296062,5.362906381524922,4.767027894688819,16.088719144574764,1.1210325143218852e-06,1.0894192087478582e-06,3.161330557402685e-08,0.0,0.0,0.0,thermal_column,206.3817019060245,2.5096194113832078,18.35679905211043,0.0014911717245106866,3.342427185954839,0.0050037509572418174,False,
titania_stack,all_heats,quiet,False,4.0,0.0003,191.54,5.025314712928739e-07,0.23835139473444095,0.8044359572287383,2.383513947344409,8.044359572287382,7.150541842033228,24.133078716862144,1.6953467614350778e-06,1.6631136290475044e-06,3.2233132387573296e-08,0.0,0.0,0.0,thermal_column,214.1825955857277,2.5797611346427316,17.207284342950395,0.004360623744935866,3.1711360769455554,0.013889201763748126,False,
titania_stack,all_heats,quiet,False,4.0,0.0005,191.54,8.375524521547899e-07,0.39725232455740156,1.3407265953812304,3.972523245574015,13.407265953812303,11.917569736722047,40.22179786143691,2.9142972426438384e-06,2.8807033861624406e-06,3.359385648139781e-08,0.0,0.0,0.0,thermal_column,231.16008328323565,2.749151549778909,14.961133027466781,0.0350636653494266,2.858594142766674,0.10078284105840156,False,
titania_stack,all_heats,quiet,False,4.0,0.001,191.54,1.6751049043095798e-06,0.7945046491148031,2.681453190762461,7.94504649114803,26.814531907624605,23.835139473444094,80.44359572287382,6.529568271078044e-06,6.491849394112535e-06,3.771887696551034e-08,0.0,0.0,0.0,thermal_column,281.03434165133996,3.458956668800612,9.780735036473805,3.941699600285235,2.2418153216712224,8.912205570571313,False,
titania_stack,all_heats,quiet,False,4.0,0.0011808823925194294,191.54,1.9781018871221264e-06,0.9382165509144985,3.1664808593364326,9.382165509144983,31.664808593364327,28.14649652743495,94.99442578009297,7.999999999995639e-06,7.961005261709116e-06,3.899473828652293e-08,0.0,0.0,0.0,thermal_column,294.9510595143524,3.7781611600552134,8.531896305718071,11.997882007261648,2.1183881682415295,25.656452614825525,True,
titania_stack,all_heats,quiet,False,4.0,0.002,191.54,3.3502098086191596e-06,1.5890092982296062,5.362906381524922,15.89009298229606,53.62906381524921,47.67027894688819,160.88719144574765,,,,,,,runaway,,,,,,,,the heat the swollen air takes outgrows the limb tables
titania_stack,all_heats,quiet,False,4.0,0.003,191.54,5.0253147129287394e-06,2.38351394734441,8.044359572287384,23.835139473444094,80.44359572287384,71.50541842033229,241.33078716862147,,,,,,,runaway,,,,,,,,the heat the swollen air takes outgrows the limb tables
titania_stack,all_heats,quiet,False,4.0,0.005,191.54,8.3755245215479e-06,3.9725232455740156,13.407265953812304,39.725232455740155,134.07265953812305,119.17569736722045,402.2179786143691,,,,,,,runaway,,,,,,,,the heat the swollen air takes outgrows the limb tables
titania_stack,all_heats,quiet,False,4.0,0.01,191.54,1.67510490430958e-05,7.945046491148031,26.81453190762461,79.45046491148031,268.1453190762461,238.3513947344409,804.4359572287382,,,,,,,runaway,,,,,,,,the heat the swollen air takes outgrows the limb tables
titania_stack,all_heats,quiet,False,4.0,0.02,191.54,3.35020980861916e-05,15.890092982296062,53.62906381524922,158.90092982296062,536.2906381524922,476.7027894688818,1608.8719144574764,,,,,,,runaway,,,,,,,,the heat the swollen air takes outgrows the limb tables
titania_stack,all_heats,quiet,False,4.0,0.03,191.54,5.025314712928739e-05,23.835139473444094,80.44359572287384,238.3513947344409,804.4359572287383,715.0541842033228,2413.3078716862146,,,,,,,runaway,,,,,,,,the heat the swollen air takes outgrows the limb tables
titania_stack,all_heats,quiet,False,4.0,0.05,191.54,8.3755245215479e-05,39.72523245574016,134.07265953812308,397.25232455740155,1340.7265953812307,1191.7569736722048,4022.179786143691,,,,,,,runaway,,,,,,,,the heat the swollen air takes outgrows the limb tables
titania_stack,all_heats,quiet,False,4.0,0.1,191.54,0.000167510490430958,79.45046491148032,268.14531907624615,794.5046491148031,2681.4531907624614,2383.5139473444096,8044.359572287382,,,,,,,runaway,,,,,,,,the heat the swollen air takes outgrows the limb tables
titania_stack,all_heats,quiet,False,4.0,0.3,191.54,0.0005025314712928739,238.3513947344409,804.4359572287382,2383.5139473444087,8044.359572287381,7150.541842033227,24133.078716862143,,,,,,,runaway,,,,,,,,the heat the swollen air takes outgrows the limb tables
titania_stack,all_heats,quiet,False,4.0,1.0,191.54,0.0016751049043095799,794.5046491148031,2681.453190762461,7945.04649114803,26814.53190762461,23835.139473444095,80443.59572287381,,,,,,,runaway,,,,,,,,the heat the swollen air takes outgrows the limb tables
titania_stack,all_heats,solar_maximum,True,4.0,1e-06,191.54,2.8813140468218115e-09,0.0022306581914529164,0.0075284713961535936,0.022306581914529163,0.07528471396153592,0.06691974574358749,0.22585414188460778,5.8088199464493056e-06,1.1108654182461395e-08,1.0900672802313167e-06,4.7076440120355276e-06,0.0,0.0,thermal_column,219.97062900407985,2.6789667080324566,16.134072157264896,0.011885828713973052,3.0480344564984736,0.0364080803815913,False,
titania_stack,all_heats,solar_maximum,True,4.0,3e-06,191.54,8.643942140465435e-09,0.0066919745743587505,0.022585414188460783,0.06691974574358749,0.22585414188460784,0.2007592372307625,0.6775624256538234,5.8317776368452995e-06,3.3352214219743926e-08,1.0907814105900287e-06,4.7076440120355276e-06,0.0,0.0,thermal_column,220.30937344106297,2.682309795611908,16.08918691980393,0.012391395342214078,3.0415967898044873,0.03787735613804057,False,
titania_stack,all_heats,solar_maximum,True,4.0,1e-05,191.54,2.8813140468218118e-08,0.022306581914529167,0.07528471396153595,0.22306581914529164,0.7528471396153595,0.669197457435875,2.258541418846078,5.912415168910641e-06,1.1148140556325373e-07,1.093289751311859e-06,4.7076440120355276e-06,0.0,0.0,thermal_column,221.50104993187827,2.6941463351235457,15.932320634014927,0.014332451407423716,3.0192185859931815,0.04349161697219716,False,
titania_stack,all_heats,solar_maximum,True,4.0,2e-05,191.54,5.7626280936436235e-08,0.04461316382905833,0.1505694279230719,0.4461316382905833,1.505694279230719,1.33839491487175,4.517082837692156,6.0283881586525205e-06,2.23846896844414e-07,1.0968972497725793e-06,4.7076440120355276e-06,0.0,0.0,thermal_column,223.21995427164688,2.7114311170112306,15.708850897397502,0.017631524498106805,2.9876205006077696,0.05294838850610432,False,
titania_stack,all_heats,solar_maximum,True,4.0,3e-05,191.54,8.643942140465435e-08,0.0669197457435875,0.22585414188460784,0.669197457435875,2.2585414188460784,2.007592372307625,6.775624256538235,6.145284515220333e-06,3.3710703236350796e-07,1.1005334708212973e-06,4.7076440120355276e-06,0.0,0.0,thermal_column,224.9585280112707,2.7291733546824033,15.486113004418845,0.021671405226822392,2.956351856440577,0.06440635104852101,False,
titania_stack,all_heats,solar_maximum,True,4.0,5e-05,191.54,1.4406570234109058e-07,0.11153290957264585,0.37642356980767977,1.1153290957264583,3.7642356980767975,3.345987287179375,11.292707094230392,6.381891793453814e-06,5.663543176027393e-07,1.1078934638155476e-06,4.7076440120355276e-06,0.0,0.0,thermal_column,228.49488477069988,2.7660991886827455,15.042907215299836,0.03265358061898152,2.895075909280874,0.09505466431881879,False,
titania_stack,all_heats,solar_maximum,True,4.0,0.0001,191.54,2.8813140468218116e-07,0.2230658191452917,0.7528471396153595,2.2306581914529167,7.528471396153595,6.69197457435875,22.585414188460785,6.983900613271699e-06,1.1527742310954187e-06,1.1234823701407526e-06,4.7076440120355276e-06,0.0,0.0,thermal_column,237.54560195188859,2.866241025739791,13.964207905736918,0.0882793317924369,2.7505949766652686,0.24429634841761136,False,
titania_stack,all_heats,solar_maximum,True,4.0,0.00018084651150604612,191.54,5.21075593921093e-07,0.40340675228664596,1.3614977889674302,4.034067522866459,13.614977889674302,12.102202568599377,40.8449336690229,7.999999999998802e-06,2.1438544037326816e-06,1.14850158423059e-06,4.7076440120355276e-06,0.0,0.0,thermal_column,252.89271851053127,3.057816016830129,12.294994309256484,0.40718176671720885,2.5397558951304324,1.0414204121796198,False,
titania_stack,all_heats,solar_maximum,True,4.0,0.0002,191.54,5.762628093643623e-07,0.4461316382905834,1.505694279230719,4.461316382905833,15.05694279230719,13.3839491487175,45.17082837692157,,,,,,,runaway,,,,,,,,the heat the swollen air takes outgrows the limb tables
titania_stack,all_heats,solar_maximum,True,4.0,0.0003,191.54,8.643942140465433e-07,0.669197457435875,2.258541418846078,6.691974574358748,22.58541418846078,20.075923723076247,67.75624256538234,,,,,,,runaway,,,,,,,,the heat the swollen air takes outgrows the limb tables
titania_stack,all_heats,solar_maximum,True,4.0,0.0005,191.54,1.4406570234109057e-06,1.1153290957264583,3.7642356980767975,11.153290957264582,37.642356980767964,33.45987287179375,112.9270709423039,,,,,,,runaway,,,,,,,,the heat the swollen air takes outgrows the limb tables
titania_stack,all_heats,solar_maximum,True,4.0,0.001,191.54,2.8813140468218115e-06,2.2306581914529167,7.528471396153595,22.306581914529165,75.28471396153593,66.9197457435875,225.8541418846078,,,,,,,runaway,,,,,,,,the heat the swollen air takes outgrows the limb tables
titania_stack,all_heats,solar_maximum,True,4.0,0.002,191.54,5.762628093643623e-06,4.461316382905833,15.05694279230719,44.61316382905833,150.56942792307186,133.839491487175,451.7082837692156,,,,,,,runaway,,,,,,,,the heat the swollen air takes outgrows the limb tables
titania_stack,all_heats,solar_maximum,True,4.0,0.003,191.54,8.643942140465434e-06,6.69197457435875,22.585414188460785,66.9197457435875,225.85414188460783,200.75923723076247,677.5624256538234,,,,,,,runaway,,,,,,,,the heat the swollen air takes outgrows the limb tables
titania_stack,all_heats,solar_maximum,True,4.0,0.005,191.54,1.4406570234109058e-05,11.153290957264584,37.64235698076797,111.53290957264582,376.42356980767977,334.5987287179375,1129.270709423039,,,,,,,runaway,,,,,,,,the heat the swollen air takes outgrows the limb tables
titania_stack,all_heats,solar_maximum,True,4.0,0.01,191.54,2.8813140468218115e-05,22.30658191452917,75.28471396153594,223.06581914529164,752.8471396153595,669.197457435875,2258.541418846078,,,,,,,runaway,,,,,,,,the heat the swollen air takes outgrows the limb tables
titania_stack,all_heats,solar_maximum,True,4.0,0.02,191.54,5.762628093643623e-05,44.61316382905834,150.56942792307188,446.1316382905833,1505.694279230719,1338.39491487175,4517.082837692156,,,,,,,runaway,,,,,,,,the heat the swollen air takes outgrows the limb tables
titania_stack,all_heats,solar_maximum,True,4.0,0.03,191.54,8.643942140465434e-05,66.9197457435875,225.85414188460786,669.1974574358749,2258.541418846078,2007.592372307625,6775.6242565382345,,,,,,,runaway,,,,,,,,the heat the swollen air takes outgrows the limb tables
titania_stack,all_heats,solar_maximum,True,4.0,0.05,191.54,0.00014406570234109058,111.53290957264585,376.42356980767977,1115.3290957264583,3764.235698076797,3345.987287179375,11292.70709423039,,,,,,,runaway,,,,,,,,the heat the swollen air takes outgrows the limb tables
titania_stack,all_heats,solar_maximum,True,4.0,0.1,191.54,0.00028813140468218117,223.0658191452917,752.8471396153595,2230.6581914529165,7528.471396153594,6691.97457435875,22585.41418846078,,,,,,,runaway,,,,,,,,the heat the swollen air takes outgrows the limb tables
titania_stack,all_heats,solar_maximum,True,4.0,0.3,191.54,0.0008643942140465434,669.197457435875,2258.541418846078,6691.974574358748,22585.41418846078,20075.92372307625,67756.24256538234,,,,,,,runaway,,,,,,,,the heat the swollen air takes outgrows the limb tables
titania_stack,all_heats,solar_maximum,True,4.0,1.0,191.54,0.0028813140468218115,2230.6581914529165,7528.471396153595,22306.58191452916,75284.71396153593,66919.7457435875,225854.14188460782,,,,,,,runaway,,,,,,,,the heat the swollen air takes outgrows the limb tables
titania_stack,all_heats,solar_maximum,False,4.0,1e-06,191.54,2.8813140468218115e-09,0.0022306581914529164,0.0075284713961535936,0.022306581914529163,0.07528471396153592,0.06691974574358749,0.22585414188460778,9.42083903803797e-07,9.383117379140616e-09,9.327007864246562e-07,0.0,0.0,0.0,thermal_column,203.07585424069686,2.4872400047834677,18.823484690336127,0.0009642291106708262,3.420411541549791,0.0033104693690866015,False,
titania_stack,all_heats,solar_maximum,False,4.0,3e-06,191.54,8.643942140465435e-09,0.0066919745743587505,0.022585414188460783,0.06691974574358749,0.22585414188460784,0.2007592372307625,0.6775624256538234,9.614390719663098e-07,2.8165828651881847e-08,9.332732433144279e-07,0.0,0.0,0.0,thermal_column,203.34024587029472,2.4894756544053567,18.78212732613489,0.0010022979097683384,3.4139129112529547,0.0034346854087483835,False,
titania_stack,all_heats,solar_maximum,False,4.0,1e-05,191.54,2.8813140468218118e-08,0.022306581914529167,0.07528471396153595,0.22306581914529164,0.7528471396153595,0.669197457435875,2.258541418846078,1.0294086721112327e-06,9.408637548065652e-08,9.353222966305762e-07,0.0,0.0,0.0,thermal_column,204.27004822413826,2.497373493259968,18.637506970808943,0.0011475885200060575,3.3912699990198973,0.003906699263485572,False,
titania_stack,all_heats,solar_maximum,False,4.0,2e-05,191.54,5.7626280936436235e-08,0.04461316382905833,0.1505694279230719,0.4461316382905833,1.505694279230719,1.33839491487175,4.517082837692156,1.127117444112913e-06,1.8877650947233275e-07,9.383409346405802e-07,0.0,0.0,0.0,thermal_column,205.6104723127109,2.5088571140105382,18.431252536877725,0.0013918348275580555,3.3593158004941843,0.0046939097489099735,False,
titania_stack,all_heats,solar_maximum,False,4.0,3e-05,191.54,8.643942140465435e-08,0.0669197457435875,0.22585414188460784,0.669197457435875,2.2585414188460784,2.007592372307625,6.775624256538235,1.2254552380219634e-06,2.840762322191677e-07,9.413790058027958e-07,0.0,0.0,0.0,thermal_column,206.96359089011446,2.5205701713380684,18.22566002294096,0.0016868234892464479,3.327793053614845,0.005635826891777785,False,
titania_stack,all_heats,solar_maximum,False,4.0,5e-05,191.54,1.4406570234109058e-07,0.11153290957264585,0.37642356980767977,1.1153290957264583,3.7642356980767975,3.345987287179375,11.292707094230392,1.4240423458006482e-06,4.7652814272173483e-07,9.475142030789134e-07,0.0,0.0,0.0,thermal_column,209.708347383985,2.5447121989494916,17.816468266982927,0.002472122795494615,3.2657964762040934,0.008107058345298516,False,
titania_stack,all_heats,solar_maximum,False,4.0,0.0001,191.54,2.8813140468218116e-07,0.2230658191452917,0.7528471396153595,2.2306581914529167,7.528471396153595,6.69197457435875,22.585414188460785,1.9319544033742257e-06,9.687486445493805e-07,9.632057588248456e-07,0.0,0.0,0.0,thermal_column,216.7999620310951,2.60959277627721,16.805214683685442,0.0063443814358971895,3.116982862532344,0.01986632156912869,False,
titania_stack,all_heats,solar_maximum,False,4.0,0.0002,191.54,5.762628093643623e-07,0.4461316382905834,1.505694279230719,4.461316382905833,15.05694279230719,13.3839491487175,45.17082837692157,3.007251067803005e-06,2.009438545259556e-06,9.978125225434495e-07,0.0,0.0,0.0,thermal_column,232.17336393552333,2.764157860779896,14.81496986410319,0.04014785077530596,2.8414505289132563,0.1147133373695427,False,
titania_stack,all_heats,solar_maximum,False,4.0,0.0003,191.54,8.643942140465433e-07,0.669197457435875,2.258541418846078,6.691974574358748,22.58541418846078,20.075923723076247,67.75624256538234,4.1817926152292684e-06,3.1445613317880057e-06,1.0372312834412625e-06,0.0,0.0,0.0,thermal_column,249.43306592975023,2.965427423375223,12.853893101422415,0.24350618958282846,2.5908688109827693,0.6350906917196895,False,
titania_stack,all_heats,solar_maximum,False,4.0,0.0005,191.54,1.4406570234109057e-06,1.1153290957264583,3.7642356980767975,11.153290957264582,37.642356980767964,33.45987287179375,112.9270709423039,6.865374129821169e-06,5.744810213823289e-06,1.1205639159978798e-06,0.0,0.0,0.0,thermal_column,285.594303869685,3.5452316046870758,9.390351620628865,5.587205628065296,2.200661472580403,12.404020565960604,True,
titania_stack,all_heats,solar_maximum,False,4.0,0.0005779634964592971,191.54,1.665294340898421e-06,1.2892390077376998,4.351181651114738,12.892390077376996,43.51181651114737,38.67717023213099,130.53544953344212,7.999999999999642e-06,6.851498415769029e-06,1.1485015842306106e-06,0.0,0.0,0.0,thermal_column,296.0120181191003,3.790906477892827,8.472734427058834,12.634942564575711,2.11072931642064,26.92186134375777,True,
titania_stack,all_heats,solar_maximum,False,4.0,0.001,191.54,2.8813140468218115e-06,2.2306581914529167,7.528471396153595,22.306581914529165,75.28471396153593,66.9197457435875,225.8541418846078,,,,,,,runaway,,,,,,,,the heat the swollen air takes outgrows the limb tables
titania_stack,all_heats,solar_maximum,False,4.0,0.002,191.54,5.762628093643623e-06,4.461316382905833,15.05694279230719,44.61316382905833,150.56942792307186,133.839491487175,451.7082837692156,,,,,,,runaway,,,,,,,,the heat the swollen air takes outgrows the limb tables
titania_stack,all_heats,solar_maximum,False,4.0,0.003,191.54,8.643942140465434e-06,6.69197457435875,22.585414188460785,66.9197457435875,225.85414188460783,200.75923723076247,677.5624256538234,,,,,,,runaway,,,,,,,,the heat the swollen air takes outgrows the limb tables
titania_stack,all_heats,solar_maximum,False,4.0,0.005,191.54,1.4406570234109058e-05,11.153290957264584,37.64235698076797,111.53290957264582,376.42356980767977,334.5987287179375,1129.270709423039,,,,,,,runaway,,,,,,,,the heat the swollen air takes outgrows the limb tables
titania_stack,all_heats,solar_maximum,False,4.0,0.01,191.54,2.8813140468218115e-05,22.30658191452917,75.28471396153594,223.06581914529164,752.8471396153595,669.197457435875,2258.541418846078,,,,,,,runaway,,,,,,,,the heat the swollen air takes outgrows the limb tables
titania_stack,all_heats,solar_maximum,False,4.0,0.02,191.54,5.762628093643623e-05,44.61316382905834,150.56942792307188,446.1316382905833,1505.694279230719,1338.39491487175,4517.082837692156,,,,,,,runaway,,,,,,,,the heat the swollen air takes outgrows the limb tables
titania_stack,all_heats,solar_maximum,False,4.0,0.03,191.54,8.643942140465434e-05,66.9197457435875,225.85414188460786,669.1974574358749,2258.541418846078,2007.592372307625,6775.6242565382345,,,,,,,runaway,,,,,,,,the heat the swollen air takes outgrows the limb tables
titania_stack,all_heats,solar_maximum,False,4.0,0.05,191.54,0.00014406570234109058,111.53290957264585,376.42356980767977,1115.3290957264583,3764.235698076797,3345.987287179375,11292.70709423039,,,,,,,runaway,,,,,,,,the heat the swollen air takes outgrows the limb tables
titania_stack,all_heats,solar_maximum,False,4.0,0.1,191.54,0.00028813140468218117,223.0658191452917,752.8471396153595,2230.6581914529165,7528.471396153594,6691.97457435875,22585.41418846078,,,,,,,runaway,,,,,,,,the heat the swollen air takes outgrows the limb tables
titania_stack,all_heats,solar_maximum,False,4.0,0.3,191.54,0.0008643942140465434,669.197457435875,2258.541418846078,6691.974574358748,22585.41418846078,20075.92372307625,67756.24256538234,,,,,,,runaway,,,,,,,,the heat the swollen air takes outgrows the limb tables
titania_stack,all_heats,solar_maximum,False,4.0,1.0,191.54,0.0028813140468218115,2230.6581914529165,7528.471396153595,22306.58191452916,75284.71396153593,66919.7457435875,225854.14188460782,,,,,,,runaway,,,,,,,,the heat the swollen air takes outgrows the limb tables
titania_stack,all_heats,solar_maximum_stress,True,4.0,1e-06,191.54,4.24547091483034e-09,0.0019862616227870077,0.0067036329769061525,0.019862616227870073,0.06703632976906151,0.05958784868361022,0.20110898930718454,4.398499456997387e-06,1.534526767891713e-08,6.2254910855488e-07,3.76060508076359e-06,0.0,0.0,thermal_column,211.12364001086715,2.5823273930255333,17.439251503303016,0.0035246777223816392,3.2299859097210253,0.011434198990498717,False,
titania_stack,all_heats,solar_maximum_stress,True,4.0,3e-06,191.54,1.2736412744491021e-08,0.0059587848683610245,0.02011089893071846,0.05958784868361022,0.20110898930718457,0.1787635460508307,0.6033269679215536,4.429876732952868e-06,4.608544972550185e-08,6.231862024637763e-07,3.76060508076359e-06,0.0,0.0,thermal_column,211.56233856473742,2.586383827167496,17.375794566257028,0.003739504203503514,3.220523621382351,0.01209589757960006,False,
titania_stack,all_heats,solar_maximum_stress,True,4.0,1e-05,191.54,4.245470914830341e-08,0.01986261622787008,0.06703632976906154,0.19862616227870078,0.6703632976906152,0.5958784868361023,2.0110898930718455,4.540232172849403e-06,1.5420019866239432e-07,6.25426893423419e-07,3.76060508076359e-06,0.0,0.0,thermal_column,213.1087253333922,2.600797365504657,17.154112746639438,0.004597632890759242,3.1876175572795495,0.014721091977855021,False,
titania_stack,all_heats,solar_maximum_stress,True,4.0,2e-05,191.54,8.490941829660681e-08,0.03972523245574016,0.13407265953812308,0.39725232455740156,1.3407265953812304,1.1917569736722047,4.022179786143691,4.699341308572758e-06,3.100787333175455e-07,6.286574944916231e-07,3.76060508076359e-06,0.0,0.0,thermal_column,215.3476300071816,2.6219895927932373,16.83855997497655,0.006167826463040481,3.1412854103717693,0.019464361459944523,False,
titania_stack,all_heats,solar_maximum_stress,True,4.0,3e-05,191.54,1.273641274449102e-07,0.05958784868361024,0.2011089893071846,0.5958784868361022,2.0110898930718455,1.7876354605083071,6.033269679215536,4.860191685784263e-06,4.67663154755498e-07,6.319234502651749e-07,3.76060508076359e-06,0.0,0.0,thermal_column,217.6219325744162,2.6439215228925073,16.524365224120793,0.008261210617775539,3.0957132287755775,0.025696109983903297,False,
titania_stack,all_heats,solar_maximum_stress,True,4.0,5e-05,191.54,2.1227354574151702e-07,0.09931308113935039,0.3351816488453076,0.9931308113935038,3.3518164884530757,2.979392434180512,10.055449465359228,5.186767889007104e-06,7.879123726641891e-07,6.382504355793247e-07,3.76060508076359e-06,0.0,0.0,thermal_column,222.27222347564614,2.690087928849542,15.900996374767285,0.014737241885369658,3.007092885132039,0.044540379475454,False,
titania_stack,all_heats,solar_maximum_stress,True,4.0,0.0001,191.54,4.2454709148303405e-07,0.19862616227870078,0.6703632976906152,1.9862616227870076,6.703632976906151,5.958784868361024,20.110898930718456,6.03392873221108e-06,1.6192507464053929e-06,6.54072905042097e-07,3.76060508076359e-06,0.0,0.0,thermal_column,234.52115243096304,2.821088033398047,14.370681026324833,0.060661932510869515,2.798847611537637,0.17077536644868171,False,
titania_stack,all_heats,solar_maximum_stress,True,4.0,0.0002,191.54,8.490941829660681e-07,0.39725232455740156,1.3407265953812304,3.972523245574015,13.407265953812303,11.917569736722047,40.22179786143691,7.845081041484752e-06,3.401806904365919e-06,6.826690563552423e-07,3.76060508076359e-06,0.0,0.0,thermal_column,260.7619171595607,3.1624887810236104,11.529297593136963,0.8166721644239818,2.4464171716841565,2.0128940097829564,False,
titania_stack,all_heats,solar_maximum_stress,True,4.0,0.0002081591853495771,191.54,8.837337670564074e-07,0.41345860129047257,1.395422779355345,4.134586012904725,13.95422779355345,12.403758038714177,41.86268338066035,7.999999999999952e-06,3.554434892036143e-06,6.849600272002143e-07,3.76060508076359e-06,0.0,0.0,thermal_column,262.9286046612042,3.195591026366055,11.315844702157271,0.9911186493172156,2.4218575023517896,2.4186518423823533,False,
titania_stack,all_heats,solar_maximum_stress,True,4.0,0.0003,191.54,1.273641274449102e-06,0.5958784868361022,2.0110898930718455,5.958784868361022,20.110898930718452,17.87635460508307,60.33269679215535,,,,,,,runaway,,,,,,,,the heat the swollen air takes outgrows the limb tables
titania_stack,all_heats,solar_maximum_stress,True,4.0,0.0005,191.54,2.12273545741517e-06,0.9931308113935039,3.351816488453076,9.931308113935039,33.51816488453076,29.793924341805113,100.55449465359227,,,,,,,runaway,,,,,,,,the heat the swollen air takes outgrows the limb tables
titania_stack,all_heats,solar_maximum_stress,True,4.0,0.001,191.54,4.24547091483034e-06,1.9862616227870078,6.703632976906152,19.862616227870078,67.03632976906152,59.587848683610225,201.10898930718454,,,,,,,runaway,,,,,,,,the heat the swollen air takes outgrows the limb tables
titania_stack,all_heats,solar_maximum_stress,True,4.0,0.002,191.54,8.49094182966068e-06,3.9725232455740156,13.407265953812304,39.725232455740155,134.07265953812305,119.17569736722045,402.2179786143691,,,,,,,runaway,,,,,,,,the heat the swollen air takes outgrows the limb tables
titania_stack,all_heats,solar_maximum_stress,True,4.0,0.003,191.54,1.2736412744491022e-05,5.958784868361024,20.11089893071846,59.587848683610225,201.10898930718457,178.7635460508307,603.3269679215537,,,,,,,runaway,,,,,,,,the heat the swollen air takes outgrows the limb tables
titania_stack,all_heats,solar_maximum_stress,True,4.0,0.005,191.54,2.1227354574151702e-05,9.93130811393504,33.51816488453076,99.31308113935037,335.18164884530756,297.93924341805115,1005.5449465359226,,,,,,,runaway,,,,,,,,the heat the swollen air takes outgrows the limb tables
titania_stack,all_heats,solar_maximum_stress,True,4.0,0.01,191.54,4.2454709148303404e-05,19.86261622787008,67.03632976906152,198.62616227870075,670.3632976906151,595.8784868361023,2011.0898930718452,,,,,,,runaway,,,,,,,,the heat the swollen air takes outgrows the limb tables
titania_stack,all_heats,solar_maximum_stress,True,4.0,0.02,191.54,8.490941829660681e-05,39.72523245574016,134.07265953812305,397.2523245574015,1340.7265953812303,1191.7569736722046,4022.1797861436903,,,,,,,runaway,,,,,,,,the heat the swollen air takes outgrows the limb tables
titania_stack,all_heats,solar_maximum_stress,True,4.0,0.03,191.54,0.0001273641274449102,59.587848683610225,201.10898930718454,595.8784868361022,2011.0898930718452,1787.6354605083068,6033.269679215536,,,,,,,runaway,,,,,,,,the heat the swollen air takes outgrows the limb tables
titania_stack,all_heats,solar_maximum_stress,True,4.0,0.05,191.54,0.00021227354574151702,99.31308113935039,335.1816488453076,993.1308113935038,3351.816488453076,2979.392434180512,10055.449465359226,,,,,,,runaway,,,,,,,,the heat the swollen air takes outgrows the limb tables
titania_stack,all_heats,solar_maximum_stress,True,4.0,0.1,191.54,0.00042454709148303404,198.62616227870078,670.3632976906152,1986.2616227870076,6703.632976906152,5958.784868361024,20110.898930718453,,,,,,,runaway,,,,,,,,the heat the swollen air takes outgrows the limb tables
titania_stack,all_heats,solar_maximum_stress,True,4.0,0.3,191.54,0.001273641274449102,595.8784868361023,2011.0898930718456,5958.784868361023,20110.898930718453,17876.35460508307,60332.69679215537,,,,,,,runaway,,,,,,,,the heat the swollen air takes outgrows the limb tables
titania_stack,all_heats,solar_maximum_stress,True,4.0,1.0,191.54,0.00424547091483034,1986.261622787008,6703.632976906152,19862.616227870076,67036.32976906151,59587.84868361023,201108.98930718456,,,,,,,runaway,,,,,,,,the heat the swollen air takes outgrows the limb tables
titania_stack,all_heats,solar_maximum_stress,False,4.0,1e-06,191.54,4.24547091483034e-09,0.0019862616227870077,0.0067036329769061525,0.019862616227870073,0.06703632976906151,0.05958784868361022,0.20110898930718454,5.622705013273909e-07,1.3576014914373163e-08,5.486944864130178e-07,0.0,0.0,0.0,thermal_column,198.4184685801197,2.4456156203285833,19.593215501955463,0.0004684718251541449,3.540539069205632,0.001664416802919955,False,
titania_stack,all_heats,solar_maximum_stress,False,4.0,3e-06,191.54,1.2736412744491021e-08,0.0059587848683610245,0.02011089893071846,0.05958784868361022,0.20110898930718457,0.1787635460508307,0.6033269679215536,5.899460942890237e-07,4.0760714069029524e-08,5.491853802199943e-07,0.0,0.0,0.0,thermal_column,198.78438461326908,2.448635919631196,19.533025928495967,0.0004956908316904031,3.5307761253713115,0.0017563032410593136,False,
titania_stack,all_heats,solar_maximum_stress,False,4.0,1e-05,191.54,4.245470914830341e-08,0.01986261622787008,0.06703632976906154,0.19862616227870078,0.6703632976906152,0.5958784868361023,2.0110898930718455,6.871612964378379e-07,1.362515686764926e-07,5.509097277613453e-07,0.0,0.0,0.0,thermal_column,200.07179572170656,2.4593298567120745,19.322946696213386,0.0006036536903678672,3.4969924106709644,0.0021185231815606673,False,
titania_stack,all_heats,solar_maximum_stress,False,4.0,2e-05,191.54,8.490941829660681e-08,0.03972523245574016,0.13407265953812308,0.39725232455740156,1.3407265953812304,1.1917569736722047,4.022179786143691,8.269935517168682e-07,2.7360355954972693e-07,5.533899921671413e-07,0.0,0.0,0.0,thermal_column,201.9292075088636,2.4749469156511905,19.02440045268217,0.0007985801381078825,3.4494874576446173,0.0027648453118141883,False,
titania_stack,all_heats,solar_maximum_stress,False,4.0,3e-05,191.54,1.273641274449102e-07,0.05958784868361024,0.2011089893071846,0.5958784868361022,2.0110898930718455,1.7876354605083071,6.033269679215536,9.679597272475136e-07,4.1206935784700685e-07,5.558903694005068e-07,0.0,0.0,0.0,thermal_column,203.80827953236587,2.4909779985972325,18.72769352731588,0.0010543884087775366,3.4029928128965756,0.0036016970082029987,False,
titania_stack,all_heats,solar_maximum_stress,False,4.0,5e-05,191.54,2.1227354574151702e-07,0.09931308113935039,0.3351816488453076,0.9931308113935038,3.3518164884530757,2.979392434180512,10.055449465359228,1.2539891823256917e-06,6.928236468501012e-07,5.611655354755905e-07,0.0,0.0,0.0,thermal_column,207.64647148969323,2.5244511736679676,18.137794511258356,0.0018307470559353939,3.312522069889693,0.006088820718949807,False,
titania_stack,all_heats,solar_maximum_stress,False,4.0,0.0001,191.54,4.2454709148303405e-07,0.19862616227870078,0.6703632976906152,1.9862616227870076,6.703632976906151,5.958784868361024,20.110898930718456,1.991930578742131e-06,1.4170897267027842e-06,5.748408520393468e-07,0.0,0.0,0.0,thermal_column,217.6855893640883,2.6170529969409158,16.68913434714779,0.007067142826275224,3.0996301692514128,0.022007448791367328,False,
titania_stack,all_heats,solar_maximum_stress,False,4.0,0.0002,191.54,8.490941829660681e-07,0.39725232455740156,1.3407265953812304,3.972523245574015,13.407265953812303,11.917569736722047,40.22179786143691,3.5925546068187725e-06,2.9862910475263847e-06,6.062635592923877e-07,0.0,0.0,0.0,thermal_column,240.16700118070244,2.8559011078321266,13.861796152289266,0.09664696880670255,2.7183831684480757,0.2643217764318405,False,
titania_stack,all_heats,solar_maximum_stress,False,4.0,0.0003,191.54,1.273641274449102e-06,0.5958784868361022,2.0110898930718455,5.958784868361022,20.110898930718452,17.87635460508307,60.33269679215535,5.403019135241485e-06,4.760729763293373e-06,6.422893719481132e-07,0.0,0.0,0.0,thermal_column,265.9060546311436,3.2044606751918057,11.15816644933423,1.1403668920503947,2.3936500285218107,2.7506113341742044,False,
titania_stack,all_heats,solar_maximum_stress,False,4.0,0.00042839236272099906,191.54,1.8187273160674508e-06,0.8508993095677722,2.871785169791231,8.508993095677718,28.71785169791231,25.52697928703316,86.15355509373693,7.999999999998375e-06,7.315039972798182e-06,6.84960027200191e-07,0.0,0.0,0.0,thermal_column,294.188850407858,3.775360679432827,8.560346629704227,11.707961674733854,2.1234199079465053,25.095796706645476,True,
titania_stack,all_heats,solar_maximum_stress,False,4.0,0.0005,191.54,2.12273545741517e-06,0.9931308113935039,3.351816488453076,9.931308113935039,33.51816488453076,29.793924341805113,100.55449465359227,,,,,,,runaway,,,,,,,,the heat the swollen air takes outgrows the limb tables
titania_stack,all_heats,solar_maximum_stress,False,4.0,0.001,191.54,4.24547091483034e-06,1.9862616227870078,6.703632976906152,19.862616227870078,67.03632976906152,59.587848683610225,201.10898930718454,,,,,,,runaway,,,,,,,,the heat the swollen air takes outgrows the limb tables
titania_stack,all_heats,solar_maximum_stress,False,4.0,0.002,191.54,8.49094182966068e-06,3.9725232455740156,13.407265953812304,39.725232455740155,134.07265953812305,119.17569736722045,402.2179786143691,,,,,,,runaway,,,,,,,,the heat the swollen air takes outgrows the limb tables
titania_stack,all_heats,solar_maximum_stress,False,4.0,0.003,191.54,1.2736412744491022e-05,5.958784868361024,20.11089893071846,59.587848683610225,201.10898930718457,178.7635460508307,603.3269679215537,,,,,,,runaway,,,,,,,,the heat the swollen air takes outgrows the limb tables
titania_stack,all_heats,solar_maximum_stress,False,4.0,0.005,191.54,2.1227354574151702e-05,9.93130811393504,33.51816488453076,99.31308113935037,335.18164884530756,297.93924341805115,1005.5449465359226,,,,,,,runaway,,,,,,,,the heat the swollen air takes outgrows the limb tables
titania_stack,all_heats,solar_maximum_stress,False,4.0,0.01,191.54,4.2454709148303404e-05,19.86261622787008,67.03632976906152,198.62616227870075,670.3632976906151,595.8784868361023,2011.0898930718452,,,,,,,runaway,,,,,,,,the heat the swollen air takes outgrows the limb tables
titania_stack,all_heats,solar_maximum_stress,False,4.0,0.02,191.54,8.490941829660681e-05,39.72523245574016,134.07265953812305,397.2523245574015,1340.7265953812303,1191.7569736722046,4022.1797861436903,,,,,,,runaway,,,,,,,,the heat the swollen air takes outgrows the limb tables
titania_stack,all_heats,solar_maximum_stress,False,4.0,0.03,191.54,0.0001273641274449102,59.587848683610225,201.10898930718454,595.8784868361022,2011.0898930718452,1787.6354605083068,6033.269679215536,,,,,,,runaway,,,,,,,,the heat the swollen air takes outgrows the limb tables
titania_stack,all_heats,solar_maximum_stress,False,4.0,0.05,191.54,0.00021227354574151702,99.31308113935039,335.1816488453076,993.1308113935038,3351.816488453076,2979.392434180512,10055.449465359226,,,,,,,runaway,,,,,,,,the heat the swollen air takes outgrows the limb tables
titania_stack,all_heats,solar_maximum_stress,False,4.0,0.1,191.54,0.00042454709148303404,198.62616227870078,670.3632976906152,1986.2616227870076,6703.632976906152,5958.784868361024,20110.898930718453,,,,,,,runaway,,,,,,,,the heat the swollen air takes outgrows the limb tables
titania_stack,all_heats,solar_maximum_stress,False,4.0,0.3,191.54,0.001273641274449102,595.8784868361023,2011.0898930718456,5958.784868361023,20110.898930718453,17876.35460508307,60332.69679215537,,,,,,,runaway,,,,,,,,the heat the swollen air takes outgrows the limb tables
titania_stack,all_heats,solar_maximum_stress,False,4.0,1.0,191.54,0.00424547091483034,1986.261622787008,6703.632976906152,19862.616227870076,67036.32976906151,59587.84868361023,201108.98930718456,,,,,,,runaway,,,,,,,,the heat the swollen air takes outgrows the limb tables
edge_200nm,collisional,quiet,True,4.0,1e-06,199.83,1.6751049043095798e-09,0.0007945046491148032,0.002681453190762461,0.00794504649114803,0.026814531907624607,0.02383513947344409,0.08044359572287381,2.6475777011412505e-06,6.9436033471864305e-09,4.4159805370191475e-08,2.5964742924238726e-06,0.0,0.0,thermal_column,208.51362403668875,2.648868810065372,17.213973182168115,0.004391562122800422,3.269825862001896,0.014425077894699873,False,
edge_200nm,collisional,quiet,True,4.0,3e-06,199.83,5.02531471292874e-09,0.0023835139473444094,0.008044359572287383,0.02383513947344409,0.08044359572287382,0.07150541842033228,0.24133078716862144,2.661493113199223e-06,2.0840178439965543e-08,4.417864233538506e-08,2.5964742924238726e-06,0.0,0.0,thermal_column,208.70449790252698,2.650743372375948,17.18606757518216,0.004507248508228564,3.265514421746131,0.014785739214486464,False,
edge_200nm,collisional,quiet,True,4.0,1e-05,199.83,1.67510490430958e-08,0.007945046491148031,0.026814531907624613,0.0794504649114803,0.2681453190762461,0.23835139473444095,0.8044359572287382,2.7102957787729784e-06,6.957678099604359e-08,4.424470535306191e-08,2.5964742924238726e-06,0.0,0.0,thermal_column,209.37453568739042,2.657347650599969,17.088493269677404,0.004936150335167779,3.2504698795839215,0.01611882920802646,False,
edge_200nm,collisional,quiet,True,4.0,2e-05,199.83,3.35020980861916e-08,0.015890092982296062,0.05362906381524923,0.1589009298229606,0.5362906381524922,0.4767027894688819,1.6088719144574763,2.780281411395516e-06,1.394676757178803e-07,4.4339443253762875e-08,2.5964742924238726e-06,0.0,0.0,thermal_column,210.3371034372372,2.666900908193772,16.949357498243014,0.005618987081658327,3.229137440472682,0.018229347892442637,False,
edge_200nm,collisional,quiet,True,4.0,3e-05,199.83,5.02531471292874e-08,0.023835139473444098,0.08044359572287384,0.2383513947344409,0.8044359572287383,0.7150541842033228,2.4133078716862144,2.850583718393954e-06,2.0967481614098172e-07,4.443460982909968e-08,2.5964742924238726e-06,0.0,0.0,thermal_column,211.30600208927396,2.6765962825681147,16.81052607002807,0.006394081997133683,3.208013893965173,0.0206095556667183,False,
edge_200nm,collisional,quiet,True,4.0,5e-05,199.83,8.3755245215479e-08,0.03972523245574016,0.13407265953812308,0.39725232455740156,1.3407265953812304,1.1917569736722047,4.022179786143691,2.9921469920185927e-06,3.510464589000128e-07,4.4626240694707316e-08,2.5964742924238726e-06,0.0,0.0,thermal_column,213.26292771304452,2.696425886525131,16.533779953917122,0.008271187019066205,3.1661880137721643,0.0263156982087635,False,
edge_200nm,collisional,quiet,True,4.0,0.0001,199.83,1.67510490430958e-07,0.07945046491148032,0.26814531907624617,0.7945046491148031,2.681453190762461,2.3835139473444094,8.044359572287382,3.3522375733537604e-06,7.106426655348938e-07,4.512061539499388e-08,2.5964742924238726e-06,0.0,0.0,thermal_column,218.28143189016552,2.748824188859865,15.845729954569853,0.015668223273365,3.064387872146663,0.0482634374686522,False,
edge_200nm,collisional,quiet,True,4.0,0.0002,199.83,3.35020980861916e-07,0.15890092982296064,0.5362906381524923,1.5890092982296062,5.362906381524922,4.767027894688819,16.088719144574764,4.099402098381448e-06,1.4567876670701693e-06,4.61401388874059e-08,2.5964742924238726e-06,0.0,0.0,thermal_column,228.85192607983365,2.8672589450349806,14.489537392986357,0.054918786107038806,2.872071280540357,0.15866359644030137,False,
edge_200nm,collisional,quiet,True,4.0,0.0003,199.83,5.025314712928739e-07,0.23835139473444095,0.8044359572287383,2.383513947344409,8.044359572287382,7.150541842033228,24.133078716862144,4.884564277370884e-06,2.2409236182926735e-06,4.7166366654338065e-08,2.5964742924238726e-06,0.0,0.0,thermal_column,240.1252889833487,3.007626579391446,13.16479781169911,0.1856240802186547,2.6946273631410578,0.5035230303226788,False,
edge_200nm,collisional,quiet,True,4.0,0.0004935671383555162,199.83,8.2677673406537e-07,0.3921413860737469,1.3234771779988959,3.9214138607374687,13.234771779988957,11.764241582212406,39.70431533996687,6.4999999999998615e-06,3.854564065284828e-06,4.896164229115932e-08,2.5964742924238726e-06,0.0,0.0,thermal_column,262.71162758418103,3.349423474081473,10.805046829179812,1.5897990866485645,2.4048227879094672,3.854248907210166,False,
edge_200nm,collisional,quiet,True,4.0,0.0005,199.83,8.375524521547899e-07,0.39725232455740156,1.3407265953812304,3.972523245574015,13.407265953812303,11.917569736722047,40.22179786143691,,,,,,,runaway,,,,,,,,the heat the swollen air takes outgrows the limb tables
edge_200nm,collisional,quiet,True,4.0,0.001,199.83,1.6751049043095798e-06,0.7945046491148031,2.681453190762461,7.94504649114803,26.814531907624605,23.835139473444094,80.44359572287382,,,,,,,runaway,,,,,,,,the heat the swollen air takes outgrows the limb tables
edge_200nm,collisional,quiet,True,4.0,0.002,199.83,3.3502098086191596e-06,1.5890092982296062,5.362906381524922,15.89009298229606,53.62906381524921,47.67027894688819,160.88719144574765,,,,,,,runaway,,,,,,,,the heat the swollen air takes outgrows the limb tables
edge_200nm,collisional,quiet,True,4.0,0.003,199.83,5.0253147129287394e-06,2.38351394734441,8.044359572287384,23.835139473444094,80.44359572287384,71.50541842033229,241.33078716862147,,,,,,,runaway,,,,,,,,the heat the swollen air takes outgrows the limb tables
edge_200nm,collisional,quiet,True,4.0,0.005,199.83,8.3755245215479e-06,3.9725232455740156,13.407265953812304,39.725232455740155,134.07265953812305,119.17569736722045,402.2179786143691,,,,,,,runaway,,,,,,,,the heat the swollen air takes outgrows the limb tables
edge_200nm,collisional,quiet,True,4.0,0.01,199.83,1.67510490430958e-05,7.945046491148031,26.81453190762461,79.45046491148031,268.1453190762461,238.3513947344409,804.4359572287382,,,,,,,runaway,,,,,,,,the heat the swollen air takes outgrows the limb tables
edge_200nm,collisional,quiet,True,4.0,0.02,199.83,3.35020980861916e-05,15.890092982296062,53.62906381524922,158.90092982296062,536.2906381524922,476.7027894688818,1608.8719144574764,,,,,,,runaway,,,,,,,,the heat the swollen air takes outgrows the limb tables
edge_200nm,collisional,quiet,True,4.0,0.03,199.83,5.025314712928739e-05,23.835139473444094,80.44359572287384,238.3513947344409,804.4359572287383,715.0541842033228,2413.3078716862146,,,,,,,runaway,,,,,,,,the heat the swollen air takes outgrows the limb tables
edge_200nm,collisional,quiet,True,4.0,0.05,199.83,8.3755245215479e-05,39.72523245574016,134.07265953812308,397.25232455740155,1340.7265953812307,1191.7569736722048,4022.179786143691,,,,,,,runaway,,,,,,,,the heat the swollen air takes outgrows the limb tables
edge_200nm,collisional,quiet,True,4.0,0.1,199.83,0.000167510490430958,79.45046491148032,268.14531907624615,794.5046491148031,2681.4531907624614,2383.5139473444096,8044.359572287382,,,,,,,runaway,,,,,,,,the heat the swollen air takes outgrows the limb tables
edge_200nm,collisional,quiet,True,4.0,0.3,199.83,0.0005025314712928739,238.3513947344409,804.4359572287382,2383.5139473444087,8044.359572287381,7150.541842033227,24133.078716862143,,,,,,,runaway,,,,,,,,the heat the swollen air takes outgrows the limb tables
edge_200nm,collisional,quiet,True,4.0,1.0,199.83,0.0016751049043095799,794.5046491148031,2681.453190762461,7945.04649114803,26814.53190762461,23835.139473444095,80443.59572287381,,,,,,,runaway,,,,,,,,the heat the swollen air takes outgrows the limb tables
edge_200nm,collisional,quiet,False,4.0,1e-06,199.83,1.6751049043095798e-09,0.0007945046491148032,0.002681453190762461,0.00794504649114803,0.026814531907624607,0.02383513947344409,0.08044359572287381,4.7210169196925004e-08,6.40979255364242e-09,4.080037664328259e-08,0.0,0.0,0.0,thermal_column,200.40713772118556,2.553111869109164,18.582022356193164,0.0012214103676742134,3.469148208851262,0.004254007193566336,False,
edge_200nm,collisional,quiet,False,4.0,3e-06,199.83,5.02531471292874e-09,0.0023835139473444094,0.008044359572287383,0.02383513947344409,0.08044359572287382,0.07150541842033228,0.24133078716862144,6.005304309341254e-08,1.9236723656053696e-08,4.0816319437358844e-08,0.0,0.0,0.0,thermal_column,200.57686680719368,2.554655199801458,18.55508179955599,0.0012525935867355195,3.4647847731733252,0.004357173940568773,False,
edge_200nm,collisional,quiet,False,4.0,1e-05,199.83,1.67510490430958e-08,0.007945046491148031,0.026814531907624613,0.0794504649114803,0.2681453190762461,0.23835139473444095,0.8044359572287382,1.0508047826173156e-07,6.420826299198687e-08,4.08722152697447e-08,0.0,0.0,0.0,thermal_column,201.1724667314176,2.5600874818141226,18.46089112460188,0.0013679881099584467,3.4495871056884555,0.004737882461718353,False,
edge_200nm,collisional,quiet,False,4.0,2e-05,199.83,3.35020980861916e-08,0.015890092982296062,0.05362906381524923,0.1589009298229606,0.5362906381524922,0.4767027894688819,1.6088719144574763,1.6961493967757526e-07,1.2866261308403593e-07,4.0952326593539326e-08,0.0,0.0,0.0,thermal_column,202.02747605523672,2.5679313251800626,18.326611137468962,0.0015510491122135235,3.4280582590272193,0.005338658421206702,False,
edge_200nm,collisional,quiet,False,4.0,3e-05,199.83,5.02531471292874e-08,0.023835139473444098,0.08044359572287384,0.2383513947344409,0.8044359572287383,0.7150541842033228,2.4133078716862144,2.3439721328166123e-07,1.933644677370222e-07,4.103274554463908e-08,0.0,0.0,0.0,thermal_column,202.8873776449413,2.575874919041192,18.192660241537407,0.0017579782736265748,3.4066781728858557,0.006013494312821582,False,
edge_200nm,collisional,quiet,False,4.0,5e-05,199.83,8.3755245215479e-08,0.03972523245574016,0.13407265953812308,0.39725232455740156,1.3407265953812304,1.1917569736722047,4.022179786143691,3.647109286533957e-07,3.23516415209591e-07,4.1194513443804706e-08,0.0,0.0,0.0,thermal_column,204.6219897574073,2.592069191621046,17.925740887518707,0.0022559275931588415,3.364409687790138,0.007621923512577925,False,
edge_200nm,collisional,quiet,False,4.0,0.0001,199.83,1.67510490430958e-07,0.07945046491148032,0.26814531907624617,0.7945046491148031,2.681453190762461,2.3835139473444094,8.044359572287382,6.94933404587584e-07,6.533289619507027e-07,4.16044426368813e-08,0.0,0.0,0.0,thermal_column,209.045962398646,2.6344390741053654,17.26418436233359,0.0041820272636596415,3.2617421083921845,0.013702234778536592,False,
edge_200nm,collisional,quiet,False,4.0,0.0002,199.83,3.35020980861916e-07,0.15890092982296064,0.5362906381524923,1.5890092982296062,5.362906381524922,4.767027894688819,16.088719144574764,1.3763301281551085e-06,1.333857735903702e-06,4.2472392251406463e-08,0.0,0.0,0.0,thermal_column,218.3049431127188,2.728449027404199,15.962341349697091,0.014033297299897461,3.067766418809957,0.043271432867908695,False,
edge_200nm,collisional,quiet,False,4.0,0.0003,199.83,5.025314712928739e-07,0.23835139473444095,0.8044359572287383,2.383513947344409,8.044359572287382,7.150541842033228,24.133078716862144,2.0888701261091337e-06,2.045466630009586e-06,4.340349609954805e-08,0.0,0.0,0.0,thermal_column,228.1633623568886,2.8374915805948326,14.685729290561838,0.045735736505515705,2.887608063793989,0.13283041233898715,False,
edge_200nm,collisional,quiet,False,4.0,0.0005,199.83,8.375524521547899e-07,0.39725232455740156,1.3407265953812304,3.972523245574015,13.407265953812303,11.917569736722047,40.22179786143691,3.6319672753498484e-06,3.5864624941238375e-06,4.550478122601115e-08,0.0,0.0,0.0,thermal_column,249.92313803955008,3.1192812590309056,12.19593235873739,0.44915007787047817,2.563032253872761,1.159493982054875,False,
edge_200nm,collisional,quiet,False,4.0,0.0008260390767173088,199.83,1.3837021085605213e-06,0.6562918868024015,2.214985117958105,6.562918868024013,22.14985117958105,19.688756604072044,66.44955353874315,6.499999999998988e-06,6.451038357707828e-06,4.896164229115836e-08,0.0,0.0,0.0,thermal_column,284.0991476097183,3.7671522240404607,8.88368002996616,8.88604243416794,2.1911151614612323,19.654115037069033,True,
edge_200nm,collisional,quiet,False,4.0,0.001,199.83,1.6751049043095798e-06,0.7945046491148031,2.681453190762461,7.94504649114803,26.814531907624605,23.835139473444094,80.44359572287382,,,,,,,runaway,,,,,,,,the heat the swollen air takes outgrows the limb tables
edge_200nm,collisional,quiet,False,4.0,0.002,199.83,3.3502098086191596e-06,1.5890092982296062,5.362906381524922,15.89009298229606,53.62906381524921,47.67027894688819,160.88719144574765,,,,,,,runaway,,,,,,,,the heat the swollen air takes outgrows the limb tables
edge_200nm,collisional,quiet,False,4.0,0.003,199.83,5.0253147129287394e-06,2.38351394734441,8.044359572287384,23.835139473444094,80.44359572287384,71.50541842033229,241.33078716862147,,,,,,,runaway,,,,,,,,the heat the swollen air takes outgrows the limb tables
edge_200nm,collisional,quiet,False,4.0,0.005,199.83,8.3755245215479e-06,3.9725232455740156,13.407265953812304,39.725232455740155,134.07265953812305,119.17569736722045,402.2179786143691,,,,,,,runaway,,,,,,,,the heat the swollen air takes outgrows the limb tables
edge_200nm,collisional,quiet,False,4.0,0.01,199.83,1.67510490430958e-05,7.945046491148031,26.81453190762461,79.45046491148031,268.1453190762461,238.3513947344409,804.4359572287382,,,,,,,runaway,,,,,,,,the heat the swollen air takes outgrows the limb tables
edge_200nm,collisional,quiet,False,4.0,0.02,199.83,3.35020980861916e-05,15.890092982296062,53.62906381524922,158.90092982296062,536.2906381524922,476.7027894688818,1608.8719144574764,,,,,,,runaway,,,,,,,,the heat the swollen air takes outgrows the limb tables
edge_200nm,collisional,quiet,False,4.0,0.03,199.83,5.025314712928739e-05,23.835139473444094,80.44359572287384,238.3513947344409,804.4359572287383,715.0541842033228,2413.3078716862146,,,,,,,runaway,,,,,,,,the heat the swollen air takes outgrows the limb tables
edge_200nm,collisional,quiet,False,4.0,0.05,199.83,8.3755245215479e-05,39.72523245574016,134.07265953812308,397.25232455740155,1340.7265953812307,1191.7569736722048,4022.179786143691,,,,,,,runaway,,,,,,,,the heat the swollen air takes outgrows the limb tables
edge_200nm,collisional,quiet,False,4.0,0.1,199.83,0.000167510490430958,79.45046491148032,268.14531907624615,794.5046491148031,2681.4531907624614,2383.5139473444096,8044.359572287382,,,,,,,runaway,,,,,,,,the heat the swollen air takes outgrows the limb tables
edge_200nm,collisional,quiet,False,4.0,0.3,199.83,0.0005025314712928739,238.3513947344409,804.4359572287382,2383.5139473444087,8044.359572287381,7150.541842033227,24133.078716862143,,,,,,,runaway,,,,,,,,the heat the swollen air takes outgrows the limb tables
edge_200nm,collisional,quiet,False,4.0,1.0,199.83,0.0016751049043095799,794.5046491148031,2681.453190762461,7945.04649114803,26814.53190762461,23835.139473444095,80443.59572287381,,,,,,,runaway,,,,,,,,the heat the swollen air takes outgrows the limb tables
edge_200nm,collisional,solar_maximum,True,4.0,1e-06,199.83,2.8813140468218115e-09,0.0022306581914529164,0.0075284713961535936,0.022306581914529163,0.07528471396153592,0.06691974574358749,0.22585414188460778,6.328240283539689e-06,1.3631109281559143e-08,1.4390865950626454e-06,4.875522579195485e-06,0.0,0.0,thermal_column,233.25255577680855,2.9601497581219336,13.770062579233079,0.10687593760319392,2.7930919937859295,0.30041482749958787,False,
edge_200nm,collisional,solar_maximum,True,4.0,3e-06,199.83,8.643942140465435e-09,0.0066919745743587505,0.022585414188460783,0.06691974574358749,0.22585414188460784,0.2007592372307625,0.6775624256538234,6.356413231896668e-06,4.092656047686327e-08,1.4399640922243193e-06,4.875522579195485e-06,0.0,0.0,thermal_column,233.67100574415497,2.965379597475769,13.721161788369246,0.1117877690023831,2.7864352789268008,0.31348122329407024,False,
edge_200nm,collisional,solar_maximum,True,4.0,1e-05,199.83,2.8813140468218118e-08,0.022306581914529167,0.07528471396153595,0.22306581914529164,0.7528471396153595,0.669197457435875,2.258541418846078,6.455380179256254e-06,1.3681100421250514e-07,1.4430465958482636e-06,4.875522579195485e-06,0.0,0.0,thermal_column,235.14178031363707,2.983938618543047,13.550531215095264,0.13075237021732894,2.763283010936257,0.3636518278848726,False,
edge_200nm,collisional,solar_maximum,True,4.0,1.3142983299094015e-05,199.83,3.7869062396824056e-08,0.029317503356252942,0.0989465738273537,0.2931750335625294,0.989465738273537,0.8795251006875882,2.9683972148206106,6.499999999999886e-06,1.8004106036490878e-07,1.4444363604394884e-06,4.875522579195485e-06,0.0,0.0,thermal_column,235.8052196251036,2.9924020627320354,13.47418942841791,0.14024246946601002,2.7529862218353207,0.38860991025636865,False,
edge_200nm,collisional,solar_maximum,True,4.0,2e-05,199.83,5.7626280936436235e-08,0.04461316382905833,0.1505694279230719,0.4461316382905833,1.505694279230719,1.33839491487175,4.517082837692156,,,,,,,runaway,,,,,,,,the heat the swollen air takes outgrows the limb tables
edge_200nm,collisional,solar_maximum,True,4.0,3e-05,199.83,8.643942140465435e-08,0.0669197457435875,0.22585414188460784,0.669197457435875,2.2585414188460784,2.007592372307625,6.775624256538235,,,,,,,runaway,,,,,,,,the heat the swollen air takes outgrows the limb tables
edge_200nm,collisional,solar_maximum,True,4.0,5e-05,199.83,1.4406570234109058e-07,0.11153290957264585,0.37642356980767977,1.1153290957264583,3.7642356980767975,3.345987287179375,11.292707094230392,,,,,,,runaway,,,,,,,,the heat the swollen air takes outgrows the limb tables
edge_200nm,collisional,solar_maximum,True,4.0,0.0001,199.83,2.8813140468218116e-07,0.2230658191452917,0.7528471396153595,2.2306581914529167,7.528471396153595,6.69197457435875,22.585414188460785,,,,,,,runaway,,,,,,,,the heat the swollen air takes outgrows the limb tables
edge_200nm,collisional,solar_maximum,True,4.0,0.0002,199.83,5.762628093643623e-07,0.4461316382905834,1.505694279230719,4.461316382905833,15.05694279230719,13.3839491487175,45.17082837692157,,,,,,,runaway,,,,,,,,the heat the swollen air takes outgrows the limb tables
edge_200nm,collisional,solar_maximum,True,4.0,0.0003,199.83,8.643942140465433e-07,0.669197457435875,2.258541418846078,6.691974574358748,22.58541418846078,20.075923723076247,67.75624256538234,,,,,,,runaway,,,,,,,,the heat the swollen air takes outgrows the limb tables
edge_200nm,collisional,solar_maximum,True,4.0,0.0005,199.83,1.4406570234109057e-06,1.1153290957264583,3.7642356980767975,11.153290957264582,37.642356980767964,33.45987287179375,112.9270709423039,,,,,,,runaway,,,,,,,,the heat the swollen air takes outgrows the limb tables
edge_200nm,collisional,solar_maximum,True,4.0,0.001,199.83,2.8813140468218115e-06,2.2306581914529167,7.528471396153595,22.306581914529165,75.28471396153593,66.9197457435875,225.8541418846078,,,,,,,runaway,,,,,,,,the heat the swollen air takes outgrows the limb tables
edge_200nm,collisional,solar_maximum,True,4.0,0.002,199.83,5.762628093643623e-06,4.461316382905833,15.05694279230719,44.61316382905833,150.56942792307186,133.839491487175,451.7082837692156,,,,,,,runaway,,,,,,,,the heat the swollen air takes outgrows the limb tables
edge_200nm,collisional,solar_maximum,True,4.0,0.003,199.83,8.643942140465434e-06,6.69197457435875,22.585414188460785,66.9197457435875,225.85414188460783,200.75923723076247,677.5624256538234,,,,,,,runaway,,,,,,,,the heat the swollen air takes outgrows the limb tables
edge_200nm,collisional,solar_maximum,True,4.0,0.005,199.83,1.4406570234109058e-05,11.153290957264584,37.64235698076797,111.53290957264582,376.42356980767977,334.5987287179375,1129.270709423039,,,,,,,runaway,,,,,,,,the heat the swollen air takes outgrows the limb tables
edge_200nm,collisional,solar_maximum,True,4.0,0.01,199.83,2.8813140468218115e-05,22.30658191452917,75.28471396153594,223.06581914529164,752.8471396153595,669.197457435875,2258.541418846078,,,,,,,runaway,,,,,,,,the heat the swollen air takes outgrows the limb tables
edge_200nm,collisional,solar_maximum,True,4.0,0.02,199.83,5.762628093643623e-05,44.61316382905834,150.56942792307188,446.1316382905833,1505.694279230719,1338.39491487175,4517.082837692156,,,,,,,runaway,,,,,,,,the heat the swollen air takes outgrows the limb tables
edge_200nm,collisional,solar_maximum,True,4.0,0.03,199.83,8.643942140465434e-05,66.9197457435875,225.85414188460786,669.1974574358749,2258.541418846078,2007.592372307625,6775.6242565382345,,,,,,,runaway,,,,,,,,the heat the swollen air takes outgrows the limb tables
edge_200nm,collisional,solar_maximum,True,4.0,0.05,199.83,0.00014406570234109058,111.53290957264585,376.42356980767977,1115.3290957264583,3764.235698076797,3345.987287179375,11292.70709423039,,,,,,,runaway,,,,,,,,the heat the swollen air takes outgrows the limb tables
edge_200nm,collisional,solar_maximum,True,4.0,0.1,199.83,0.00028813140468218117,223.0658191452917,752.8471396153595,2230.6581914529165,7528.471396153594,6691.97457435875,22585.41418846078,,,,,,,runaway,,,,,,,,the heat the swollen air takes outgrows the limb tables
edge_200nm,collisional,solar_maximum,True,4.0,0.3,199.83,0.0008643942140465434,669.197457435875,2258.541418846078,6691.974574358748,22585.41418846078,20075.92372307625,67756.24256538234,,,,,,,runaway,,,,,,,,the heat the swollen air takes outgrows the limb tables
edge_200nm,collisional,solar_maximum,True,4.0,1.0,199.83,0.0028813140468218115,2230.6581914529165,7528.471396153595,22306.58191452916,75284.71396153593,66919.7457435875,225854.14188460782,,,,,,,runaway,,,,,,,,the heat the swollen air takes outgrows the limb tables
edge_200nm,collisional,solar_maximum,False,4.0,1e-06,199.83,2.8813140468218115e-09,0.0022306581914529164,0.0075284713961535936,0.022306581914529163,0.07528471396153592,0.06691974574358749,0.22585414188460778,1.2669789790574854e-06,1.1526681839558512e-08,1.255452297217927e-06,0.0,0.0,0.0,thermal_column,215.33151002786323,2.7080245373106404,16.30481318248385,0.01022227625100231,3.125202928238292,0.03210541889799345,False,
edge_200nm,collisional,solar_maximum,False,4.0,3e-06,199.83,8.643942140465435e-09,0.0066919745743587505,0.022585414188460783,0.06691974574358749,0.22585414188460784,0.2007592372307625,0.6775624256538234,1.2909511355473066e-06,3.4607446466044294e-08,1.2563436890812621e-06,0.0,0.0,0.0,thermal_column,215.6643262357864,2.7114524373842643,16.259070139483303,0.010665937248027571,3.1184306085717397,0.03342697487549654,False,
edge_200nm,collisional,solar_maximum,False,4.0,1e-05,199.83,2.8813140468218118e-08,0.022306581914529167,0.07528471396153595,0.22306581914529164,0.7528471396153595,0.669197457435875,2.258541418846078,1.3751536919370383e-06,1.1567897567139536e-07,1.2594747162656426e-06,0.0,0.0,0.0,thermal_column,216.8351786297051,2.7235910795228415,16.09920249738406,0.012372594200732159,3.0948388575583716,0.03848525875004979,False,
edge_200nm,collisional,solar_maximum,False,4.0,2e-05,199.83,5.7626280936436235e-08,0.04461316382905833,0.1505694279230719,0.4461316382905833,1.505694279230719,1.33839491487175,4.517082837692156,1.496258740798183e-06,2.322807978324514e-07,1.2639779429657318e-06,0.0,0.0,0.0,thermal_column,218.52406031005674,2.741321540618527,15.871455951977634,0.015283634687680698,3.0615350208481096,0.04703378218506557,False,
edge_200nm,collisional,solar_maximum,False,4.0,3e-05,199.83,8.643942140465435e-08,0.0669197457435875,0.22585414188460784,0.669197457435875,2.2585414188460784,2.007592372307625,6.775624256538235,1.6183337926394984e-06,3.4981655392981415e-07,1.2685172387096843e-06,0.0,0.0,0.0,thermal_column,220.23212157846604,2.759525896663635,15.644470606062622,0.018862839242977915,3.0286558810836177,0.05743148893919239,False,
edge_200nm,collisional,solar_maximum,False,4.0,5e-05,199.83,1.4406570234109058e-07,0.11153290957264585,0.37642356980767977,1.1153290957264583,3.7642356980767975,3.345987287179375,11.292707094230392,1.8654408976672942e-06,5.877351129505914e-07,1.2777057847167026e-06,0.0,0.0,0.0,thermal_column,223.7059653529676,2.7974286320725166,15.192856204273996,0.0286535206913239,2.964170236744857,0.08540320736891728,False,
edge_200nm,collisional,solar_maximum,False,4.0,0.0001,199.83,2.8813140468218116e-07,0.2230658191452917,0.7528471396153595,2.2306581914529167,7.528471396153595,6.69197457435875,22.585414188460785,2.5037270791544094e-06,1.201545724617862e-06,1.3021813545365474e-06,0.0,0.0,0.0,thermal_column,232.79205160777158,2.902520149890635,14.071247988666313,0.08065521604579108,2.809160566911817,0.22796272353870597,False,
edge_200nm,collisional,solar_maximum,False,4.0,0.0002,199.83,5.762628093643623e-07,0.4461316382905834,1.505694279230719,4.461316382905833,15.05694279230719,13.3839491487175,45.17082837692157,3.877921424625521e-06,2.522184349861289e-06,1.355737074764232e-06,0.0,0.0,0.0,thermal_column,252.56042848673755,3.167706525155104,11.884085380202096,0.5970547979502152,2.5279540769623874,1.520525485663874,False,
edge_200nm,collisional,solar_maximum,False,4.0,0.0003,199.83,8.643942140465433e-07,0.669197457435875,2.258541418846078,6.691974574358748,22.58541418846078,20.075923723076247,67.75624256538234,5.3882629629309915e-06,3.978453652603358e-06,1.4098093103276333e-06,0.0,0.0,0.0,thermal_column,272.62160581898104,3.5127382490470316,9.928186962339758,3.4962669429239055,2.3010760719981294,8.115064829627014,True,
edge_200nm,collisional,solar_maximum,False,4.0,0.00036905574954722,199.83,1.0633655152307574e-06,0.8232372308303024,2.778425654052271,8.232372308303022,27.78425654052271,24.69711692490907,83.35276962156811,6.4999999999997455e-06,5.0555636395602575e-06,1.4444363604394842e-06,0.0,0.0,0.0,thermal_column,284.12058744881415,3.771230750885599,8.873402828877687,8.969047155124787,2.190606494115569,19.83330903488081,True,
edge_200nm,collisional,solar_maximum,False,4.0,0.0005,199.83,1.4406570234109057e-06,1.1153290957264583,3.7642356980767975,11.153290957264582,37.642356980767964,33.45987287179375,112.9270709423039,,,,,,,runaway,,,,,,,,the heat the swollen air takes outgrows the limb tables
edge_200nm,collisional,solar_maximum,False,4.0,0.001,199.83,2.8813140468218115e-06,2.2306581914529167,7.528471396153595,22.306581914529165,75.28471396153593,66.9197457435875,225.8541418846078,,,,,,,runaway,,,,,,,,the heat the swollen air takes outgrows the limb tables
edge_200nm,collisional,solar_maximum,False,4.0,0.002,199.83,5.762628093643623e-06,4.461316382905833,15.05694279230719,44.61316382905833,150.56942792307186,133.839491487175,451.7082837692156,,,,,,,runaway,,,,,,,,the heat the swollen air takes outgrows the limb tables
edge_200nm,collisional,solar_maximum,False,4.0,0.003,199.83,8.643942140465434e-06,6.69197457435875,22.585414188460785,66.9197457435875,225.85414188460783,200.75923723076247,677.5624256538234,,,,,,,runaway,,,,,,,,the heat the swollen air takes outgrows the limb tables
edge_200nm,collisional,solar_maximum,False,4.0,0.005,199.83,1.4406570234109058e-05,11.153290957264584,37.64235698076797,111.53290957264582,376.42356980767977,334.5987287179375,1129.270709423039,,,,,,,runaway,,,,,,,,the heat the swollen air takes outgrows the limb tables
edge_200nm,collisional,solar_maximum,False,4.0,0.01,199.83,2.8813140468218115e-05,22.30658191452917,75.28471396153594,223.06581914529164,752.8471396153595,669.197457435875,2258.541418846078,,,,,,,runaway,,,,,,,,the heat the swollen air takes outgrows the limb tables
edge_200nm,collisional,solar_maximum,False,4.0,0.02,199.83,5.762628093643623e-05,44.61316382905834,150.56942792307188,446.1316382905833,1505.694279230719,1338.39491487175,4517.082837692156,,,,,,,runaway,,,,,,,,the heat the swollen air takes outgrows the limb tables
edge_200nm,collisional,solar_maximum,False,4.0,0.03,199.83,8.643942140465434e-05,66.9197457435875,225.85414188460786,669.1974574358749,2258.541418846078,2007.592372307625,6775.6242565382345,,,,,,,runaway,,,,,,,,the heat the swollen air takes outgrows the limb tables
edge_200nm,collisional,solar_maximum,False,4.0,0.05,199.83,0.00014406570234109058,111.53290957264585,376.42356980767977,1115.3290957264583,3764.235698076797,3345.987287179375,11292.70709423039,,,,,,,runaway,,,,,,,,the heat the swollen air takes outgrows the limb tables
edge_200nm,collisional,solar_maximum,False,4.0,0.1,199.83,0.00028813140468218117,223.0658191452917,752.8471396153595,2230.6581914529165,7528.471396153594,6691.97457435875,22585.41418846078,,,,,,,runaway,,,,,,,,the heat the swollen air takes outgrows the limb tables
edge_200nm,collisional,solar_maximum,False,4.0,0.3,199.83,0.0008643942140465434,669.197457435875,2258.541418846078,6691.974574358748,22585.41418846078,20075.92372307625,67756.24256538234,,,,,,,runaway,,,,,,,,the heat the swollen air takes outgrows the limb tables
edge_200nm,collisional,solar_maximum,False,4.0,1.0,199.83,0.0028813140468218115,2230.6581914529165,7528.471396153595,22306.58191452916,75284.71396153593,66919.7457435875,225854.14188460782,,,,,,,runaway,,,,,,,,the heat the swollen air takes outgrows the limb tables
edge_200nm,collisional,solar_maximum_stress,True,4.0,1e-06,199.83,4.24547091483034e-09,0.0019862616227870077,0.0067036329769061525,0.019862616227870073,0.06703632976906151,0.05958784868361022,0.20110898930718454,4.7409503768967965e-06,1.8835688881413942e-08,8.27403249379574e-07,3.894711438635809e-06,0.0,0.0,thermal_column,222.5164017679578,2.8148701717718776,15.179435135675142,0.029095669168884744,2.9803405181924703,0.08719800217018087,False,
edge_200nm,collisional,solar_maximum_stress,True,4.0,3e-06,199.83,1.2736412744491021e-08,0.0059587848683610245,0.02011089893071846,0.05958784868361022,0.20110898930718457,0.1787635460508307,0.6033269679215536,4.779553183496968e-06,5.657640294561128e-08,8.282653419155479e-07,3.894711438635809e-06,0.0,0.0,thermal_column,223.06414143664256,2.8210604689088505,15.108934964620687,0.0310557898462171,2.970267035573292,0.09276122519543235,False,
edge_200nm,collisional,solar_maximum_stress,True,4.0,1e-05,199.83,4.245470914830341e-08,0.01986261622787008,0.06703632976906154,0.19862616227870078,0.6703632976906152,0.5958784868361023,2.0110898930718455,4.9154122561613445e-06,1.894014192083029e-07,8.312993983172335e-07,3.894711438635809e-06,0.0,0.0,thermal_column,224.99574712936885,2.843145721848973,14.862866590255186,0.03898553913632734,2.9353921773475187,0.11509442997526617,False,
edge_200nm,collisional,solar_maximum_stress,True,4.0,2e-05,199.83,8.490941829660681e-08,0.03972523245574016,0.13407265953812308,0.39725232455740156,1.3407265953812304,1.1917569736722047,4.022179786143691,5.110960353914215e-06,3.809851533352062e-07,8.352637619432001e-07,3.894711438635809e-06,0.0,0.0,thermal_column,227.78469297399278,2.8757572236718745,14.51440551168058,0.053775408379795546,2.8865787346001017,0.15614698962917123,False,
edge_200nm,collisional,solar_maximum_stress,True,4.0,3e-05,199.83,1.273641274449102e-07,0.05958784868361024,0.2011089893071846,0.5958784868361022,2.0110898930718455,1.7876354605083071,6.033269679215536,5.308262224721261e-06,5.745968401142195e-07,8.38953945971233e-07,3.894711438635809e-06,0.0,0.0,thermal_column,230.60712010653674,2.909673010556281,14.169649585917027,0.07388693771788132,2.8390711796379846,0.21105362907766573,False,
edge_200nm,collisional,solar_maximum_stress,True,4.0,5e-05,199.83,2.1227354574151702e-07,0.09931308113935039,0.3351816488453076,0.9931308113935038,3.3518164884530757,2.979392434180512,10.055449465359228,5.7093984848474505e-06,9.682305529298965e-07,8.464564932817456e-07,3.894711438635809e-06,0.0,0.0,thermal_column,236.3664825535232,2.9819311779610804,13.489395869414091,0.13809595180221204,2.7472255961601797,0.3818496046386517,False,
edge_200nm,collisional,solar_maximum_stress,True,4.0,8.816668745842181e-05,199.83,3.743091072616667e-07,0.17512210770691983,0.5910371135108545,1.751221077069198,5.910371135108544,5.253663231207595,17.731113405325633,6.499999999999789e-06,1.744045259057965e-06,8.612433023060097e-07,3.894711438635809e-06,0.0,0.0,thermal_column,247.69688072626153,3.1378433054812866,12.232753326324982,0.43596819364090733,2.5850753167068343,1.1351843363990777,False,
edge_200nm,collisional,solar_maximum_stress,True,4.0,0.0001,199.83,4.2454709148303405e-07,0.19862616227870078,0.6703632976906152,1.9862616227870076,6.703632976906151,5.958784868361024,20.110898930718456,,,,,,,runaway,,,,,,,,the heat the swollen air takes outgrows the limb tables
edge_200nm,collisional,solar_maximum_stress,True,4.0,0.0002,199.83,8.490941829660681e-07,0.39725232455740156,1.3407265953812304,3.972523245574015,13.407265953812303,11.917569736722047,40.22179786143691,,,,,,,runaway,,,,,,,,the heat the swollen air takes outgrows the limb tables
edge_200nm,collisional,solar_maximum_stress,True,4.0,0.0003,199.83,1.273641274449102e-06,0.5958784868361022,2.0110898930718455,5.958784868361022,20.110898930718452,17.87635460508307,60.33269679215535,,,,,,,runaway,,,,,,,,the heat the swollen air takes outgrows the limb tables
edge_200nm,collisional,solar_maximum_stress,True,4.0,0.0005,199.83,2.12273545741517e-06,0.9931308113935039,3.351816488453076,9.931308113935039,33.51816488453076,29.793924341805113,100.55449465359227,,,,,,,runaway,,,,,,,,the heat the swollen air takes outgrows the limb tables
edge_200nm,collisional,solar_maximum_stress,True,4.0,0.001,199.83,4.24547091483034e-06,1.9862616227870078,6.703632976906152,19.862616227870078,67.03632976906152,59.587848683610225,201.10898930718454,,,,,,,runaway,,,,,,,,the heat the swollen air takes outgrows the limb tables
edge_200nm,collisional,solar_maximum_stress,True,4.0,0.002,199.83,8.49094182966068e-06,3.9725232455740156,13.407265953812304,39.725232455740155,134.07265953812305,119.17569736722045,402.2179786143691,,,,,,,runaway,,,,,,,,the heat the swollen air takes outgrows the limb tables
edge_200nm,collisional,solar_maximum_stress,True,4.0,0.003,199.83,1.2736412744491022e-05,5.958784868361024,20.11089893071846,59.587848683610225,201.10898930718457,178.7635460508307,603.3269679215537,,,,,,,runaway,,,,,,,,the heat the swollen air takes outgrows the limb tables
edge_200nm,collisional,solar_maximum_stress,True,4.0,0.005,199.83,2.1227354574151702e-05,9.93130811393504,33.51816488453076,99.31308113935037,335.18164884530756,297.93924341805115,1005.5449465359226,,,,,,,runaway,,,,,,,,the heat the swollen air takes outgrows the limb tables
edge_200nm,collisional,solar_maximum_stress,True,4.0,0.01,199.83,4.2454709148303404e-05,19.86261622787008,67.03632976906152,198.62616227870075,670.3632976906151,595.8784868361023,2011.0898930718452,,,,,,,runaway,,,,,,,,the heat the swollen air takes outgrows the limb tables
edge_200nm,collisional,solar_maximum_stress,True,4.0,0.02,199.83,8.490941829660681e-05,39.72523245574016,134.07265953812305,397.2523245574015,1340.7265953812303,1191.7569736722046,4022.1797861436903,,,,,,,runaway,,,,,,,,the heat the swollen air takes outgrows the limb tables
edge_200nm,collisional,solar_maximum_stress,True,4.0,0.03,199.83,0.0001273641274449102,59.587848683610225,201.10898930718454,595.8784868361022,2011.0898930718452,1787.6354605083068,6033.269679215536,,,,,,,runaway,,,,,,,,the heat the swollen air takes outgrows the limb tables
edge_200nm,collisional,solar_maximum_stress,True,4.0,0.05,199.83,0.00021227354574151702,99.31308113935039,335.1816488453076,993.1308113935038,3351.816488453076,2979.392434180512,10055.449465359226,,,,,,,runaway,,,,,,,,the heat the swollen air takes outgrows the limb tables
edge_200nm,collisional,solar_maximum_stress,True,4.0,0.1,199.83,0.00042454709148303404,198.62616227870078,670.3632976906152,1986.2616227870076,6703.632976906152,5958.784868361024,20110.898930718453,,,,,,,runaway,,,,,,,,the heat the swollen air takes outgrows the limb tables
edge_200nm,collisional,solar_maximum_stress,True,4.0,0.3,199.83,0.001273641274449102,595.8784868361023,2011.0898930718456,5958.784868361023,20110.898930718453,17876.35460508307,60332.69679215537,,,,,,,runaway,,,,,,,,the heat the swollen air takes outgrows the limb tables
edge_200nm,collisional,solar_maximum_stress,True,4.0,1.0,199.83,0.00424547091483034,1986.261622787008,6703.632976906152,19862.616227870076,67036.32976906151,59587.84868361023,201108.98930718456,,,,,,,runaway,,,,,,,,the heat the swollen air takes outgrows the limb tables
edge_200nm,collisional,solar_maximum_stress,False,4.0,1e-06,199.83,4.24547091483034e-09,0.0019862616227870077,0.0067036329769061525,0.019862616227870073,0.06703632976906151,0.05958784868361022,0.20110898930718454,7.531692111307825e-07,1.657933790091264e-08,7.365898732298698e-07,0.0,0.0,0.0,thermal_column,209.02595601749766,2.6398872951007033,17.230203384137663,0.00431919046352207,3.261071785381925,0.014149041919565364,False,
edge_200nm,collisional,solar_maximum_stress,False,4.0,3e-06,199.83,1.2736412744491021e-08,0.0059587848683610245,0.02011089893071846,0.05958784868361022,0.20110898930718457,0.1787635460508307,0.6033269679215536,7.871007214835943e-07,4.9787175864196396e-08,7.37313545619398e-07,0.0,0.0,0.0,thermal_column,209.48102568314295,2.6443694686168864,17.163631521524778,0.004595611383573229,3.250888358848198,0.015007991831841497,False,
edge_200nm,collisional,solar_maximum_stress,False,4.0,1e-05,199.83,4.245470914830341e-08,0.01986261622787008,0.06703632976906154,0.19862616227870078,0.6703632976906152,0.5958784868361023,2.0110898930718455,9.063910753898434e-07,1.665333714184777e-07,7.398577039713656e-07,0.0,0.0,0.0,thermal_column,211.0841108592048,2.6602987380510075,16.931290307890986,0.0057058807475625665,3.215569337385156,0.01843332094858814,False,
edge_200nm,collisional,solar_maximum_stress,False,4.0,2e-05,199.83,8.490941829660681e-08,0.03972523245574016,0.13407265953812308,0.39725232455740156,1.3407265953812304,1.1917569736722047,4.022179786143691,1.0783950621004443e-06,3.347921228206258e-07,7.436029392798186e-07,0.0,0.0,0.0,thermal_column,213.4043311765366,2.683747414608024,16.6008811236862,0.007759645754138542,3.165966767515457,0.02468524964946927,False,
edge_200nm,collisional,solar_maximum_stress,False,4.0,3e-05,199.83,1.273641274449102e-07,0.05958784868361024,0.2011089893071846,0.5958784868361022,2.0110898930718455,1.7876354605083071,6.033269679215536,1.2524071044721605e-06,5.049223952066626e-07,7.474847092654979e-07,0.0,0.0,0.0,thermal_column,215.76259765871623,2.708070102044396,16.271962833002878,0.010534290812773338,3.1172740577918145,0.033001776007662256,False,
edge_200nm,collisional,solar_maximum_stress,False,4.0,5e-05,199.83,2.1227354574151702e-07,0.09931308113935039,0.3351816488453076,0.9931308113935038,3.3518164884530757,2.979392434180512,10.055449465359228,1.6061783207649092e-06,8.508018675115502e-07,7.55376453253359e-07,0.0,0.0,0.0,thermal_column,220.58959023061934,2.759476054770059,15.619400626855802,0.0192987942446166,3.022588394468882,0.05864159021582855,False,
edge_200nm,collisional,solar_maximum_stress,False,4.0,0.0001,199.83,4.2454709148303405e-07,0.19862616227870078,0.6703632976906152,1.9862616227870076,6.703632976906151,5.958784868361024,20.110898930718456,2.5286920129172273e-06,1.7522669976506585e-06,7.764250152665689e-07,0.0,0.0,0.0,thermal_column,233.37509397407212,2.9073218679109707,14.012911766244153,0.08508677765309647,2.800191165003494,0.23972729730220185,False,
edge_200nm,collisional,solar_maximum_stress,False,4.0,0.0002,199.83,8.490941829660681e-07,0.39725232455740156,1.3407265953812304,3.972523245574015,13.407265953812303,11.917569736722047,40.22179786143691,4.570295092696951e-06,3.7467029819285397e-06,8.23592110768411e-07,0.0,0.0,0.0,thermal_column,261.6765210190549,3.316235951128701,10.95634824663465,1.3852767258309557,2.4183835522330552,3.376964948308479,False,
edge_200nm,collisional,solar_maximum_stress,False,4.0,0.0002850559621876866,199.83,1.2101967965668007e-06,0.5661957180400264,1.9109105483850894,5.661957180400263,19.109105483850893,16.98587154120079,57.32731645155267,6.499999999999674e-06,5.638756697693663e-06,8.612433023060076e-07,0.0,0.0,0.0,thermal_column,283.06680845314014,3.7614605268456343,8.929570105407219,8.538673681530152,2.1988644963801316,18.952343345790656,True,
edge_200nm,collisional,solar_maximum_stress,False,4.0,0.0003,199.83,1.273641274449102e-06,0.5958784868361022,2.0110898930718455,5.958784868361022,20.110898930718452,17.87635460508307,60.33269679215535,,,,,,,runaway,,,,,,,,the heat the swollen air takes outgrows the limb tables
edge_200nm,collisional,solar_maximum_stress,False,4.0,0.0005,199.83,2.12273545741517e-06,0.9931308113935039,3.351816488453076,9.931308113935039,33.51816488453076,29.793924341805113,100.55449465359227,,,,,,,runaway,,,,,,,,the heat the swollen air takes outgrows the limb tables
edge_200nm,collisional,solar_maximum_stress,False,4.0,0.001,199.83,4.24547091483034e-06,1.9862616227870078,6.703632976906152,19.862616227870078,67.03632976906152,59.587848683610225,201.10898930718454,,,,,,,runaway,,,,,,,,the heat the swollen air takes outgrows the limb tables
edge_200nm,collisional,solar_maximum_stress,False,4.0,0.002,199.83,8.49094182966068e-06,3.9725232455740156,13.407265953812304,39.725232455740155,134.07265953812305,119.17569736722045,402.2179786143691,,,,,,,runaway,,,,,,,,the heat the swollen air takes outgrows the limb tables
edge_200nm,collisional,solar_maximum_stress,False,4.0,0.003,199.83,1.2736412744491022e-05,5.958784868361024,20.11089893071846,59.587848683610225,201.10898930718457,178.7635460508307,603.3269679215537,,,,,,,runaway,,,,,,,,the heat the swollen air takes outgrows the limb tables
edge_200nm,collisional,solar_maximum_stress,False,4.0,0.005,199.83,2.1227354574151702e-05,9.93130811393504,33.51816488453076,99.31308113935037,335.18164884530756,297.93924341805115,1005.5449465359226,,,,,,,runaway,,,,,,,,the heat the swollen air takes outgrows the limb tables
edge_200nm,collisional,solar_maximum_stress,False,4.0,0.01,199.83,4.2454709148303404e-05,19.86261622787008,67.03632976906152,198.62616227870075,670.3632976906151,595.8784868361023,2011.0898930718452,,,,,,,runaway,,,,,,,,the heat the swollen air takes outgrows the limb tables
edge_200nm,collisional,solar_maximum_stress,False,4.0,0.02,199.83,8.490941829660681e-05,39.72523245574016,134.07265953812305,397.2523245574015,1340.7265953812303,1191.7569736722046,4022.1797861436903,,,,,,,runaway,,,,,,,,the heat the swollen air takes outgrows the limb tables
edge_200nm,collisional,solar_maximum_stress,False,4.0,0.03,199.83,0.0001273641274449102,59.587848683610225,201.10898930718454,595.8784868361022,2011.0898930718452,1787.6354605083068,6033.269679215536,,,,,,,runaway,,,,,,,,the heat the swollen air takes outgrows the limb tables
edge_200nm,collisional,solar_maximum_stress,False,4.0,0.05,199.83,0.00021227354574151702,99.31308113935039,335.1816488453076,993.1308113935038,3351.816488453076,2979.392434180512,10055.449465359226,,,,,,,runaway,,,,,,,,the heat the swollen air takes outgrows the limb tables
edge_200nm,collisional,solar_maximum_stress,False,4.0,0.1,199.83,0.00042454709148303404,198.62616227870078,670.3632976906152,1986.2616227870076,6703.632976906152,5958.784868361024,20110.898930718453,,,,,,,runaway,,,,,,,,the heat the swollen air takes outgrows the limb tables
edge_200nm,collisional,solar_maximum_stress,False,4.0,0.3,199.83,0.001273641274449102,595.8784868361023,2011.0898930718456,5958.784868361023,20110.898930718453,17876.35460508307,60332.69679215537,,,,,,,runaway,,,,,,,,the heat the swollen air takes outgrows the limb tables
edge_200nm,collisional,solar_maximum_stress,False,4.0,1.0,199.83,0.00424547091483034,1986.261622787008,6703.632976906152,19862.616227870076,67036.32976906151,59587.84868361023,201108.98930718456,,,,,,,runaway,,,,,,,,the heat the swollen air takes outgrows the limb tables
edge_200nm,lte,quiet,True,4.0,1e-06,200.22,1.6751049043095798e-09,0.0007945046491148032,0.002681453190762461,0.00794504649114803,0.026814531907624607,0.02383513947344409,0.08044359572287381,2.6521331454556553e-06,6.970972733670222e-09,4.4372987922989696e-08,2.6007891847989955e-06,0.0,0.0,thermal_column,208.92184887571565,2.658030551798488,17.121120315216668,0.004791003648435092,3.2595889329875263,0.01568861230758196,False,
edge_200nm,lte,quiet,True,4.0,3e-06,200.22,5.02531471292874e-09,0.0023835139473444094,0.008044359572287383,0.02383513947344409,0.08044359572287382,0.07150541842033228,0.24133078716862144,2.6661035599797775e-06,2.0922379892335775e-08,4.4391995288446164e-08,2.6007891847989955e-06,0.0,0.0,thermal_column,209.1136582116731,2.659929186932668,17.093206278887678,0.004917212031941227,3.2552789594735807,0.016080805744610304,False,
edge_200nm,lte,quiet,True,4.0,1e-05,200.22,1.67510490430958e-08,0.007945046491148031,0.026814531907624613,0.0794504649114803,0.2681453190762461,0.23835139473444095,0.8044359572287382,2.715099719328349e-06,6.985187780397584e-08,4.44586567253773e-08,2.6007891847989955e-06,0.0,0.0,thermal_column,209.786995435801,2.666618681439754,16.99560104244332,0.0053851299135815765,3.240242541297365,0.017530478430477416,False,
edge_200nm,lte,quiet,True,4.0,2e-05,200.22,3.35020980861916e-08,0.015890092982296062,0.05362906381524923,0.1589009298229606,0.5362906381524922,0.4767027894688819,1.6088719144574763,2.7853644482959354e-06,1.400210085071102e-07,4.45542549898297e-08,2.6007891847989955e-06,0.0,0.0,thermal_column,210.7543354995244,2.6762962114305995,16.85641874735516,0.006130094055362569,3.218983576362865,0.01982593116308245,False,
edge_200nm,lte,quiet,True,4.0,3e-05,200.22,5.02531471292874e-08,0.023835139473444098,0.08044359572287384,0.2383513947344409,0.8044359572287383,0.7150541842033228,2.4133078716862144,2.855949031604371e-06,2.1050955837514764e-07,4.4650288430227574e-08,2.6007891847989955e-06,0.0,0.0,thermal_column,211.72808564337402,2.6861189563386487,16.717537098289206,0.006975733420690083,3.197866163329366,0.02241432636176226,False,
edge_200nm,lte,quiet,True,4.0,5e-05,200.22,8.3755245215479e-08,0.03972523245574016,0.13407265953812308,0.39725232455740156,1.3407265953812304,1.1917569736722047,4.022179786143691,2.9980865373092165e-06,3.5245367973113667e-07,4.484367277908408e-08,2.6007891847989955e-06,0.0,0.0,thermal_column,213.6949228578225,2.7062129011641285,16.440682566202778,0.00902375299299394,3.1560961601994397,0.028620004578970543,False,
edge_200nm,lte,quiet,True,4.0,0.0001,200.22,1.67510490430958e-07,0.07945046491148032,0.26814531907624617,0.7945046491148031,2.681453190762461,2.3835139473444094,8.044359572287382,3.359684030814961e-06,7.135529112927512e-07,4.53419347232142e-08,2.6007891847989955e-06,0.0,0.0,thermal_column,218.739741732368,2.7593360856480857,15.75229051069444,0.01709552640947738,3.0544097248130644,0.0524913211017921,False,
edge_200nm,lte,quiet,True,4.0,0.0002,200.22,3.35020980861916e-07,0.15890092982296064,0.5362906381524923,1.5890092982296062,5.362906381524922,4.767027894688819,16.088719144574764,4.1101019219813016e-06,1.4629445736291706e-06,4.636816355313519e-08,2.6007891847989955e-06,0.0,0.0,thermal_column,229.36682078713218,2.8795216368202885,14.39544408819232,0.059929020365857094,2.8623519855340698,0.17256263839778876,False,
edge_200nm,lte,quiet,True,4.0,0.0003,200.22,5.025314712928739e-07,0.23835139473444095,0.8044359572287383,2.383513947344409,8.044359572287382,7.150541842033228,24.133078716862144,4.898576703471153e-06,2.250389210370547e-06,4.739830830160974e-08,2.6007891847989955e-06,0.0,0.0,thermal_column,240.6925010186133,3.0220558551151795,13.07106461707349,0.20238047254811975,2.685241844231174,0.5470985787754595,False,
edge_200nm,lte,quiet,True,4.0,0.0004912526812786889,200.22,8.228997756651627e-07,0.39030253916603097,1.3172710696853547,3.903025391660309,13.172710696853546,11.709076174980929,39.51813209056064,6.499999999998291e-06,3.85004292653565e-06,4.9167888663642715e-08,2.6007891847989955e-06,0.0,0.0,thermal_column,263.0052905732,3.36361906335289,10.747432303282565,1.6756511319193237,2.400430220597767,4.055156480113929,False,
edge_200nm,lte,quiet,True,4.0,0.0005,200.22,8.375524521547899e-07,0.39725232455740156,1.3407265953812304,3.972523245574015,13.407265953812303,11.917569736722047,40.22179786143691,,,,,,,runaway,,,,,,,,the heat the swollen air takes outgrows the limb tables
edge_200nm,lte,quiet,True,4.0,0.001,200.22,1.6751049043095798e-06,0.7945046491148031,2.681453190762461,7.94504649114803,26.814531907624605,23.835139473444094,80.44359572287382,,,,,,,runaway,,,,,,,,the heat the swollen air takes outgrows the limb tables
edge_200nm,lte,quiet,True,4.0,0.002,200.22,3.3502098086191596e-06,1.5890092982296062,5.362906381524922,15.89009298229606,53.62906381524921,47.67027894688819,160.88719144574765,,,,,,,runaway,,,,,,,,the heat the swollen air takes outgrows the limb tables
edge_200nm,lte,quiet,True,4.0,0.003,200.22,5.0253147129287394e-06,2.38351394734441,8.044359572287384,23.835139473444094,80.44359572287384,71.50541842033229,241.33078716862147,,,,,,,runaway,,,,,,,,the heat the swollen air takes outgrows the limb tables
edge_200nm,lte,quiet,True,4.0,0.005,200.22,8.3755245215479e-06,3.9725232455740156,13.407265953812304,39.725232455740155,134.07265953812305,119.17569736722045,402.2179786143691,,,,,,,runaway,,,,,,,,the heat the swollen air takes outgrows the limb tables
edge_200nm,lte,quiet,True,4.0,0.01,200.22,1.67510490430958e-05,7.945046491148031,26.81453190762461,79.45046491148031,268.1453190762461,238.3513947344409,804.4359572287382,,,,,,,runaway,,,,,,,,the heat the swollen air takes outgrows the limb tables
edge_200nm,lte,quiet,True,4.0,0.02,200.22,3.35020980861916e-05,15.890092982296062,53.62906381524922,158.90092982296062,536.2906381524922,476.7027894688818,1608.8719144574764,,,,,,,runaway,,,,,,,,the heat the swollen air takes outgrows the limb tables
edge_200nm,lte,quiet,True,4.0,0.03,200.22,5.025314712928739e-05,23.835139473444094,80.44359572287384,238.3513947344409,804.4359572287383,715.0541842033228,2413.3078716862146,,,,,,,runaway,,,,,,,,the heat the swollen air takes outgrows the limb tables
edge_200nm,lte,quiet,True,4.0,0.05,200.22,8.3755245215479e-05,39.72523245574016,134.07265953812308,397.25232455740155,1340.7265953812307,1191.7569736722048,4022.179786143691,,,,,,,runaway,,,,,,,,the heat the swollen air takes outgrows the limb tables
edge_200nm,lte,quiet,True,4.0,0.1,200.22,0.000167510490430958,79.45046491148032,268.14531907624615,794.5046491148031,2681.4531907624614,2383.5139473444096,8044.359572287382,,,,,,,runaway,,,,,,,,the heat the swollen air takes outgrows the limb tables
edge_200nm,lte,quiet,True,4.0,0.3,200.22,0.0005025314712928739,238.3513947344409,804.4359572287382,2383.5139473444087,8044.359572287381,7150.541842033227,24133.078716862143,,,,,,,runaway,,,,,,,,the heat the swollen air takes outgrows the limb tables
edge_200nm,lte,quiet,True,4.0,1.0,200.22,0.0016751049043095799,794.5046491148031,2681.453190762461,7945.04649114803,26814.53190762461,23835.139473444095,80443.59572287381,,,,,,,runaway,,,,,,,,the heat the swollen air takes outgrows the limb tables
edge_200nm,lte,quiet,False,4.0,1e-06,200.22,1.6751049043095798e-09,0.0007945046491148032,0.002681453190762461,0.00794504649114803,0.026814531907624607,0.02383513947344409,0.08044359572287381,4.742134310622045e-08,6.432269453689752e-09,4.09890736525307e-08,0.0,0.0,0.0,thermal_column,200.79858097483555,2.56132966895976,18.486295406788415,0.0013365679883198694,3.4581381126977373,0.004640513822958098,False,
edge_200nm,lte,quiet,False,4.0,3e-06,200.22,5.02531471292874e-09,0.0023835139473444094,0.008044359572287383,0.02383513947344409,0.08044359572287382,0.07150541842033228,0.24133078716862144,6.030939457242886e-08,1.930423055564667e-08,4.1005164016782186e-08,0.0,0.0,0.0,thermal_column,200.96905535297387,2.5628911743300034,18.459360505686952,0.0013706744542312758,3.4537978971312655,0.004753008550541313,False,
edge_200nm,lte,quiet,False,4.0,1e-05,200.22,1.67510490430958e-08,0.007945046491148031,0.026814531907624613,0.0794504649114803,0.2681453190762461,0.23835139473444095,0.8044359572287382,1.0549575543387785e-07,6.443417753580678e-08,4.1061577898071065e-08,0.0,0.0,0.0,thermal_column,201.5672536471673,2.568387484822857,18.36519248677575,0.0014968788135796764,3.4386547090038855,0.005168077630545664,False,
edge_200nm,lte,quiet,False,4.0,2e-05,200.22,3.35020980861916e-08,0.015890092982296062,0.05362906381524923,0.1589009298229606,0.5362906381524922,0.4767027894688819,1.6088719144574763,1.7025943678942153e-07,1.291170032844335e-07,4.1142433504988054e-08,0.0,0.0,0.0,thermal_column,202.42598031362593,2.576324186795634,18.230947746336913,0.0016970720459097684,3.417149166833609,0.005822935055038308,False,
edge_200nm,lte,quiet,False,4.0,3e-05,200.22,5.02531471292874e-08,0.023835139473444098,0.08044359572287384,0.2383513947344409,0.8044359572287383,0.7150541842033228,2.4133078716862144,2.3527352104228137e-07,1.94049919309509e-07,4.1223601732772366e-08,0.0,0.0,0.0,thermal_column,203.28960986189136,2.5843623625082146,18.097034663341795,0.0019233462457567676,3.3957924848242516,0.006558438464778736,False,
edge_200nm,lte,quiet,False,4.0,5e-05,200.22,8.3755245215479e-08,0.03972523245574016,0.13407265953812308,0.39725232455740156,1.3407265953812304,1.1917569736722047,4.022179786143691,3.660587297474296e-07,3.246718464160161e-07,4.138688333141352e-08,0.0,0.0,0.0,thermal_column,205.0317061511395,2.6007510558733555,17.830199360129395,0.0024677649557087785,3.35363968912211,0.008311333325553675,False,
edge_200nm,lte,quiet,False,4.0,0.0001,200.22,1.67510490430958e-07,0.07945046491148032,0.26814531907624617,0.7945046491148031,2.681453190762461,2.3835139473444094,8.044359572287382,6.975070535497665e-07,6.557063664502265e-07,4.180068709953984e-08,0.0,0.0,0.0,thermal_column,209.47448901113103,2.6436394808482624,17.168906653193144,0.004572756161434136,3.2511663840197307,0.014934583391826003,False,
edge_200nm,lte,quiet,False,4.0,0.0002,200.22,3.35020980861916e-07,0.15890092982296064,0.5362906381524923,1.5890092982296062,5.362906381524922,4.767027894688819,16.088719144574764,1.3816265126070595e-06,1.3389492365970416e-06,4.2677276010018025e-08,0.0,0.0,0.0,thermal_column,218.77726867483958,2.7388956894728342,15.867127795266066,0.015337355856571975,3.0575651069329495,0.047137710958677005,False,
edge_200nm,lte,quiet,False,4.0,0.0003,200.22,5.025314712928739e-07,0.23835139473444095,0.8044359572287383,2.383513947344409,8.044359572287382,7.150541842033228,24.133078716862144,2.097335397963998e-06,2.0537172368589805e-06,4.361816110501723e-08,0.0,0.0,0.0,thermal_column,228.69139514479022,2.8495728178192232,14.589702117890123,0.05000068989990064,2.877566374952707,0.1447206721496342,False,
edge_200nm,lte,quiet,False,4.0,0.0005,200.22,8.375524521547899e-07,0.39725232455740156,1.3407265953812304,3.972523245574015,13.407265953812303,11.917569736722047,40.22179786143691,3.647978648244017e-06,3.6022394323172904e-06,4.5739215926726594e-08,0.0,0.0,0.0,thermal_column,250.55310132050582,3.1359506391887892,12.100602848768416,0.49017903878911373,2.55380243201471,1.2609392882281407,False,
edge_200nm,lte,quiet,False,4.0,0.0008231047371784282,200.22,1.3787867820080328e-06,0.6539605403966793,2.207116823838793,6.539605403966792,22.07116823838793,19.618816211900377,66.21350471516378,6.499999999998246e-06,6.450832111334602e-06,4.916788866364267e-08,0.0,0.0,0.0,thermal_column,284.20854853577197,3.7826083965692785,8.843974654053607,9.21056108826769,2.1889915620574625,20.352952619943935,True,
edge_200nm,lte,quiet,False,4.0,0.001,200.22,1.6751049043095798e-06,0.7945046491148031,2.681453190762461,7.94504649114803,26.814531907624605,23.835139473444094,80.44359572287382,,,,,,,runaway,,,,,,,,the heat the swollen air takes outgrows the limb tables
edge_200nm,lte,quiet,False,4.0,0.002,200.22,3.3502098086191596e-06,1.5890092982296062,5.362906381524922,15.89009298229606,53.62906381524921,47.67027894688819,160.88719144574765,,,,,,,runaway,,,,,,,,the heat the swollen air takes outgrows the limb tables
edge_200nm,lte,quiet,False,4.0,0.003,200.22,5.0253147129287394e-06,2.38351394734441,8.044359572287384,23.835139473444094,80.44359572287384,71.50541842033229,241.33078716862147,,,,,,,runaway,,,,,,,,the heat the swollen air takes outgrows the limb tables
edge_200nm,lte,quiet,False,4.0,0.005,200.22,8.3755245215479e-06,3.9725232455740156,13.407265953812304,39.725232455740155,134.07265953812305,119.17569736722045,402.2179786143691,,,,,,,runaway,,,,,,,,the heat the swollen air takes outgrows the limb tables
edge_200nm,lte,quiet,False,4.0,0.01,200.22,1.67510490430958e-05,7.945046491148031,26.81453190762461,79.45046491148031,268.1453190762461,238.3513947344409,804.4359572287382,,,,,,,runaway,,,,,,,,the heat the swollen air takes outgrows the limb tables
edge_200nm,lte,quiet,False,4.0,0.02,200.22,3.35020980861916e-05,15.890092982296062,53.62906381524922,158.90092982296062,536.2906381524922,476.7027894688818,1608.8719144574764,,,,,,,runaway,,,,,,,,the heat the swollen air takes outgrows the limb tables
edge_200nm,lte,quiet,False,4.0,0.03,200.22,5.025314712928739e-05,23.835139473444094,80.44359572287384,238.3513947344409,804.4359572287383,715.0541842033228,2413.3078716862146,,,,,,,runaway,,,,,,,,the heat the swollen air takes outgrows the limb tables
edge_200nm,lte,quiet,False,4.0,0.05,200.22,8.3755245215479e-05,39.72523245574016,134.07265953812308,397.25232455740155,1340.7265953812307,1191.7569736722048,4022.179786143691,,,,,,,runaway,,,,,,,,the heat the swollen air takes outgrows the limb tables
edge_200nm,lte,quiet,False,4.0,0.1,200.22,0.000167510490430958,79.45046491148032,268.14531907624615,794.5046491148031,2681.4531907624614,2383.5139473444096,8044.359572287382,,,,,,,runaway,,,,,,,,the heat the swollen air takes outgrows the limb tables
edge_200nm,lte,quiet,False,4.0,0.3,200.22,0.0005025314712928739,238.3513947344409,804.4359572287382,2383.5139473444087,8044.359572287381,7150.541842033227,24133.078716862143,,,,,,,runaway,,,,,,,,the heat the swollen air takes outgrows the limb tables
edge_200nm,lte,quiet,False,4.0,1.0,200.22,0.0016751049043095799,794.5046491148031,2681.453190762461,7945.04649114803,26814.53190762461,23835.139473444095,80443.59572287381,,,,,,,runaway,,,,,,,,the heat the swollen air takes outgrows the limb tables
edge_200nm,lte,solar_maximum,True,4.0,1e-06,200.22,2.8813140468218115e-09,0.0022306581914529164,0.0075284713961535936,0.022306581914529163,0.07528471396153592,0.06691974574358749,0.22585414188460778,6.342904977472165e-06,1.3686630099412437e-08,1.4455934906915658e-06,4.883624856681187e-06,0.0,0.0,thermal_column,233.75508697094727,2.973410719683736,13.679179064706624,0.11625206758716533,2.783937452487866,0.3257186170678582,False,
edge_200nm,lte,solar_maximum,True,4.0,3e-06,200.22,8.643942140465435e-09,0.0066919745743587505,0.022585414188460783,0.06691974574358749,0.22585414188460784,0.2007592372307625,0.6775624256538234,6.371188477115437e-06,4.1093193787241747e-08,1.446470426647008e-06,4.883624856681187e-06,0.0,0.0,thermal_column,234.17506763960975,2.9787162099300915,13.630325433201946,0.12158714493243399,2.7772900472830155,0.33986267556356936,False,
edge_200nm,lte,solar_maximum,True,4.0,1e-05,200.22,2.8813140468218118e-08,0.022306581914529167,0.07528471396153595,0.22306581914529164,0.7528471396153595,0.669197457435875,2.258541418846078,6.470543069218012e-06,1.3736727551267382e-07,1.4495509370241517e-06,4.883624856681187e-06,0.0,0.0,thermal_column,235.6511093645367,2.9975442701235417,13.459871500456783,0.1421812302653325,2.754209155876095,0.3941639139710102,False,
edge_200nm,lte,solar_maximum,True,4.0,1.2067747809189963e-05,200.22,3.477097127612218e-08,0.02691902050295758,0.09085169419748183,0.26919020502957575,0.9085169419748184,0.8075706150887274,2.725550825924455,6.499999999999949e-06,1.6591088785574685e-07,1.4504642554630104e-06,4.883624856681187e-06,0.0,0.0,thermal_column,236.0889062503777,3.003183881094374,13.40968276195259,0.1488812088812895,2.7474716105409467,0.4117401908415076,False,
edge_200nm,lte,solar_maximum,True,4.0,2e-05,200.22,5.7626280936436235e-08,0.04461316382905833,0.1505694279230719,0.4461316382905833,1.505694279230719,1.33839491487175,4.517082837692156,,,,,,,runaway,,,,,,,,the heat the swollen air takes outgrows the limb tables
edge_200nm,lte,solar_maximum,True,4.0,3e-05,200.22,8.643942140465435e-08,0.0669197457435875,0.22585414188460784,0.669197457435875,2.2585414188460784,2.007592372307625,6.775624256538235,,,,,,,runaway,,,,,,,,the heat the swollen air takes outgrows the limb tables
edge_200nm,lte,solar_maximum,True,4.0,5e-05,200.22,1.4406570234109058e-07,0.11153290957264585,0.37642356980767977,1.1153290957264583,3.7642356980767975,3.345987287179375,11.292707094230392,,,,,,,runaway,,,,,,,,the heat the swollen air takes outgrows the limb tables
edge_200nm,lte,solar_maximum,True,4.0,0.0001,200.22,2.8813140468218116e-07,0.2230658191452917,0.7528471396153595,2.2306581914529167,7.528471396153595,6.69197457435875,22.585414188460785,,,,,,,runaway,,,,,,,,the heat the swollen air takes outgrows the limb tables
edge_200nm,lte,solar_maximum,True,4.0,0.0002,200.22,5.762628093643623e-07,0.4461316382905834,1.505694279230719,4.461316382905833,15.05694279230719,13.3839491487175,45.17082837692157,,,,,,,runaway,,,,,,,,the heat the swollen air takes outgrows the limb tables
edge_200nm,lte,solar_maximum,True,4.0,0.0003,200.22,8.643942140465433e-07,0.669197457435875,2.258541418846078,6.691974574358748,22.58541418846078,20.075923723076247,67.75624256538234,,,,,,,runaway,,,,,,,,the heat the swollen air takes outgrows the limb tables
edge_200nm,lte,solar_maximum,True,4.0,0.0005,200.22,1.4406570234109057e-06,1.1153290957264583,3.7642356980767975,11.153290957264582,37.642356980767964,33.45987287179375,112.9270709423039,,,,,,,runaway,,,,,,,,the heat the swollen air takes outgrows the limb tables
edge_200nm,lte,solar_maximum,True,4.0,0.001,200.22,2.8813140468218115e-06,2.2306581914529167,7.528471396153595,22.306581914529165,75.28471396153593,66.9197457435875,225.8541418846078,,,,,,,runaway,,,,,,,,the heat the swollen air takes outgrows the limb tables
edge_200nm,lte,solar_maximum,True,4.0,0.002,200.22,5.762628093643623e-06,4.461316382905833,15.05694279230719,44.61316382905833,150.56942792307186,133.839491487175,451.7082837692156,,,,,,,runaway,,,,,,,,the heat the swollen air takes outgrows the limb tables
edge_200nm,lte,solar_maximum,True,4.0,0.003,200.22,8.643942140465434e-06,6.69197457435875,22.585414188460785,66.9197457435875,225.85414188460783,200.75923723076247,677.5624256538234,,,,,,,runaway,,,,,,,,the heat the swollen air takes outgrows the limb tables
edge_200nm,lte,solar_maximum,True,4.0,0.005,200.22,1.4406570234109058e-05,11.153290957264584,37.64235698076797,111.53290957264582,376.42356980767977,334.5987287179375,1129.270709423039,,,,,,,runaway,,,,,,,,the heat the swollen air takes outgrows the limb tables
edge_200nm,lte,solar_maximum,True,4.0,0.01,200.22,2.8813140468218115e-05,22.30658191452917,75.28471396153594,223.06581914529164,752.8471396153595,669.197457435875,2258.541418846078,,,,,,,runaway,,,,,,,,the heat the swollen air takes outgrows the limb tables
edge_200nm,lte,solar_maximum,True,4.0,0.02,200.22,5.762628093643623e-05,44.61316382905834,150.56942792307188,446.1316382905833,1505.694279230719,1338.39491487175,4517.082837692156,,,,,,,runaway,,,,,,,,the heat the swollen air takes outgrows the limb tables
edge_200nm,lte,solar_maximum,True,4.0,0.03,200.22,8.643942140465434e-05,66.9197457435875,225.85414188460786,669.1974574358749,2258.541418846078,2007.592372307625,6775.6242565382345,,,,,,,runaway,,,,,,,,the heat the swollen air takes outgrows the limb tables
edge_200nm,lte,solar_maximum,True,4.0,0.05,200.22,0.00014406570234109058,111.53290957264585,376.42356980767977,1115.3290957264583,3764.235698076797,3345.987287179375,11292.70709423039,,,,,,,runaway,,,,,,,,the heat the swollen air takes outgrows the limb tables
edge_200nm,lte,solar_maximum,True,4.0,0.1,200.22,0.00028813140468218117,223.0658191452917,752.8471396153595,2230.6581914529165,7528.471396153594,6691.97457435875,22585.41418846078,,,,,,,runaway,,,,,,,,the heat the swollen air takes outgrows the limb tables
edge_200nm,lte,solar_maximum,True,4.0,0.3,200.22,0.0008643942140465434,669.197457435875,2258.541418846078,6691.974574358748,22585.41418846078,20075.92372307625,67756.24256538234,,,,,,,runaway,,,,,,,,the heat the swollen air takes outgrows the limb tables
edge_200nm,lte,solar_maximum,True,4.0,1.0,200.22,0.0028813140468218115,2230.6581914529165,7528.471396153595,22306.58191452916,75284.71396153593,66919.7457435875,225854.14188460782,,,,,,,runaway,,,,,,,,the heat the swollen air takes outgrows the limb tables
edge_200nm,lte,solar_maximum,False,4.0,1e-06,200.22,2.8813140468218115e-09,0.0022306581914529164,0.0075284713961535936,0.022306581914529163,0.07528471396153592,0.06691974574358749,0.22585414188460778,1.2730303679122145e-06,1.1571781860965404e-08,1.2614585860512491e-06,0.0,0.0,0.0,thermal_column,215.79762203354827,2.7182997452412585,16.208096326152422,0.011189143591626859,3.1146824618891182,0.035025633998659655,False,
edge_200nm,lte,solar_maximum,False,4.0,3e-06,200.22,8.643942140465435e-09,0.0066919745743587505,0.022585414188460783,0.06691974574358749,0.22585414188460784,0.2007592372307625,0.6775624256538234,1.2971017707786836e-06,3.4743110697572797e-08,1.2623586600811108e-06,0.0,0.0,0.0,thermal_column,216.13232819557442,2.7217773874713984,16.16231901898616,0.011674966026624737,3.107910149282926,0.03646776270511123,False,
edge_200nm,lte,solar_maximum,False,4.0,1e-05,200.22,2.8813140468218118e-08,0.022306581914529167,0.07528471396153595,0.22306581914529164,0.7528471396153595,0.669197457435875,2.258541418846078,1.3816557534577401e-06,1.1613546443655635e-07,1.2655202890211839e-06,0.0,0.0,0.0,thermal_column,217.3098835865068,2.7340935957675048,16.002327392843625,0.013543925153394138,3.0843174501004174,0.04198776942851444,False,
edge_200nm,lte,solar_maximum,False,4.0,2e-05,200.22,5.7626280936436235e-08,0.04461316382905833,0.1505694279230719,0.4461316382905833,1.505694279230719,1.33839491487175,4.517082837692156,1.503273947742098e-06,2.3320613073339914e-07,1.2700678170086988e-06,0.0,0.0,0.0,thermal_column,219.0086077477946,2.7520877341599133,15.774389098119904,0.01673225425390847,3.051086563955758,0.05131881937047833,False,
edge_200nm,lte,solar_maximum,False,4.0,3e-05,200.22,8.643942140465435e-08,0.0669197457435875,0.22585414188460784,0.669197457435875,2.2585414188460784,2.007592372307625,6.775624256538235,1.6258754537095065e-06,3.512233408807705e-07,1.274652112828736e-06,0.0,0.0,0.0,thermal_column,220.7267870240851,2.7705677759128355,15.5472000901742,0.02065298662835113,3.018201912744898,0.06266840964962506,False,
edge_200nm,lte,solar_maximum,False,4.0,5e-05,200.22,1.4406570234109058e-07,0.11153290957264585,0.37642356980767977,1.1153290957264583,3.7642356980767975,3.345987287179375,11.292707094230392,1.8740764913540807e-06,5.901436851894456e-07,1.2839328061646351e-06,0.0,0.0,0.0,thermal_column,224.22178915803616,2.8090614254119215,15.095133511227052,0.031380883580861496,2.953776846668046,0.09320971771360698,False,
edge_200nm,lte,solar_maximum,False,4.0,0.0001,200.22,2.8813140468218116e-07,0.2230658191452917,0.7528471396153595,2.2306581914529167,7.528471396153595,6.69197457435875,22.585414188460785,2.515354679463809e-06,1.2066920354270734e-06,1.3086626440367357e-06,0.0,0.0,0.0,thermal_column,233.3578673422788,2.9158012790017613,13.973192398782151,0.08832041299586567,2.7990127261577293,0.2487413596899053,False,
edge_200nm,lte,solar_maximum,False,4.0,0.0002,200.22,5.762628093643623e-07,0.4461316382905834,1.505694279230719,4.461316382905833,15.05694279230719,13.3839491487175,45.17082837692157,3.89663768311486e-06,2.533924743622876e-06,1.3627129394919846e-06,0.0,0.0,0.0,thermal_column,253.2103195304424,3.1854042599270893,11.787726490279285,0.652102101229909,2.518744072643743,1.6547764428749099,False,
edge_200nm,lte,solar_maximum,False,4.0,0.0003,200.22,8.643942140465433e-07,0.669197457435875,2.258541418846078,6.691974574358748,22.58541418846078,20.075923723076247,67.75624256538234,5.413300028077131e-06,3.996529137656512e-06,1.4167708904206186e-06,0.0,0.0,0.0,thermal_column,273.1681826326482,3.534184217093251,9.848196643505972,3.7584645979064324,2.2946180509792975,8.699740497869987,True,
edge_200nm,lte,solar_maximum,False,4.0,0.0003672846592897731,200.22,1.0582624479937864e-06,0.819286533839726,2.7650920517090753,8.192865338397258,27.650920517090753,24.578596015191778,82.95276155127226,6.4999999999999225e-06,5.049535744536909e-06,1.4504642554630096e-06,0.0,0.0,0.0,thermal_column,284.2148674599331,3.7865681696200215,8.834529717369005,9.28978768392938,2.1885990447828685,20.524551550440485,True,
edge_200nm,lte,solar_maximum,False,4.0,0.0005,200.22,1.4406570234109057e-06,1.1153290957264583,3.7642356980767975,11.153290957264582,37.642356980767964,33.45987287179375,112.9270709423039,,,,,,,runaway,,,,,,,,the heat the swollen air takes outgrows the limb tables
edge_200nm,lte,solar_maximum,False,4.0,0.001,200.22,2.8813140468218115e-06,2.2306581914529167,7.528471396153595,22.306581914529165,75.28471396153593,66.9197457435875,225.8541418846078,,,,,,,runaway,,,,,,,,the heat the swollen air takes outgrows the limb tables
edge_200nm,lte,solar_maximum,False,4.0,0.002,200.22,5.762628093643623e-06,4.461316382905833,15.05694279230719,44.61316382905833,150.56942792307186,133.839491487175,451.7082837692156,,,,,,,runaway,,,,,,,,the heat the swollen air takes outgrows the limb tables
edge_200nm,lte,solar_maximum,False,4.0,0.003,200.22,8.643942140465434e-06,6.69197457435875,22.585414188460785,66.9197457435875,225.85414188460783,200.75923723076247,677.5624256538234,,,,,,,runaway,,,,,,,,the heat the swollen air takes outgrows the limb tables
edge_200nm,lte,solar_maximum,False,4.0,0.005,200.22,1.4406570234109058e-05,11.153290957264584,37.64235698076797,111.53290957264582,376.42356980767977,334.5987287179375,1129.270709423039,,,,,,,runaway,,,,,,,,the heat the swollen air takes outgrows the limb tables
edge_200nm,lte,solar_maximum,False,4.0,0.01,200.22,2.8813140468218115e-05,22.30658191452917,75.28471396153594,223.06581914529164,752.8471396153595,669.197457435875,2258.541418846078,,,,,,,runaway,,,,,,,,the heat the swollen air takes outgrows the limb tables
edge_200nm,lte,solar_maximum,False,4.0,0.02,200.22,5.762628093643623e-05,44.61316382905834,150.56942792307188,446.1316382905833,1505.694279230719,1338.39491487175,4517.082837692156,,,,,,,runaway,,,,,,,,the heat the swollen air takes outgrows the limb tables
edge_200nm,lte,solar_maximum,False,4.0,0.03,200.22,8.643942140465434e-05,66.9197457435875,225.85414188460786,669.1974574358749,2258.541418846078,2007.592372307625,6775.6242565382345,,,,,,,runaway,,,,,,,,the heat the swollen air takes outgrows the limb tables
edge_200nm,lte,solar_maximum,False,4.0,0.05,200.22,0.00014406570234109058,111.53290957264585,376.42356980767977,1115.3290957264583,3764.235698076797,3345.987287179375,11292.70709423039,,,,,,,runaway,,,,,,,,the heat the swollen air takes outgrows the limb tables
edge_200nm,lte,solar_maximum,False,4.0,0.1,200.22,0.00028813140468218117,223.0658191452917,752.8471396153595,2230.6581914529165,7528.471396153594,6691.97457435875,22585.41418846078,,,,,,,runaway,,,,,,,,the heat the swollen air takes outgrows the limb tables
edge_200nm,lte,solar_maximum,False,4.0,0.3,200.22,0.0008643942140465434,669.197457435875,2258.541418846078,6691.974574358748,22585.41418846078,20075.92372307625,67756.24256538234,,,,,,,runaway,,,,,,,,the heat the swollen air takes outgrows the limb tables
edge_200nm,lte,solar_maximum,False,4.0,1.0,200.22,0.0028813140468218115,2230.6581914529165,7528.471396153595,22306.58191452916,75284.71396153593,66919.7457435875,225854.14188460782,,,,,,,runaway,,,,,,,,the heat the swollen air takes outgrows the limb tables
edge_200nm,lte,solar_maximum_stress,True,4.0,1e-06,200.22,4.24547091483034e-09,0.0019862616227870077,0.0067036329769061525,0.019862616227870073,0.06703632976906151,0.05958784868361022,0.20110898930718454,4.751466168632459e-06,1.8913491960215422e-08,8.313688994737494e-07,3.901183777198494e-06,0.0,0.0,thermal_column,222.98650782138273,2.826199408153725,15.086712732165534,0.0317182966929422,2.9705912588041015,0.09475222707787498,False,
edge_200nm,lte,solar_maximum_stress,True,4.0,3e-06,200.22,1.2736412744491021e-08,0.0059587848683610245,0.02011089893071846,0.05958784868361022,0.20110898930718457,0.1787635460508307,0.6033269679215536,4.790228038834062e-06,5.68100917195011e-08,8.322341699160675e-07,3.901183777198494e-06,0.0,0.0,thermal_column,223.53702334999437,2.8324794415694647,15.01619081296392,0.03385494218898496,2.9605200624423813,0.10079592494412244,False,
edge_200nm,lte,solar_maximum_stress,True,4.0,1e-05,200.22,4.245470914830341e-08,0.01986261622787008,0.06703632976906154,0.19862616227870078,0.6703632976906152,0.5958784868361023,2.0110898930718455,4.9266468469040496e-06,1.9018366069794473e-07,8.352794090076105e-07,3.901183777198494e-06,0.0,0.0,thermal_column,225.47836835182605,2.854887337601657,14.770056288146328,0.04249828557980939,2.925733749588056,0.12505922914847248,False,
edge_200nm,lte,solar_maximum_stress,True,4.0,2e-05,200.22,8.490941829660681e-08,0.03972523245574016,0.13407265953812308,0.39725232455740156,1.3407265953812304,1.1917569736722047,4.022179786143691,5.1229278234590355e-06,3.825384709951249e-07,8.39205575265417e-07,3.901183777198494e-06,0.0,0.0,thermal_column,228.2795171431966,2.887962909661949,14.421733026218593,0.05860579135680924,2.877034050612495,0.16962004009951953,False,
edge_200nm,lte,solar_maximum_stress,True,4.0,3e-05,200.22,1.273641274449102e-07,0.05958784868361024,0.2011089893071846,0.5958784868361022,2.0110898930718455,1.7876354605083071,6.033269679215536,5.321009986340204e-06,5.769326531281444e-07,8.428935560135655e-07,3.901183777198494e-06,0.0,0.0,thermal_column,231.11402139731217,2.9223706051840552,14.077139779039916,0.08050115153813331,2.8295872316801876,0.2291922631743362,False,
edge_200nm,lte,solar_maximum_stress,True,4.0,5e-05,200.22,2.1227354574151702e-07,0.09931308113935039,0.3351816488453076,0.9931308113935038,3.3518164884530757,2.979392434180512,10.055449465359228,5.723718098557623e-06,9.721429687576297e-07,8.503913526014998e-07,3.901183777198494e-06,0.0,0.0,thermal_column,236.89516202954005,2.9956817745320055,13.397511530952801,0.15033020671697214,2.7380422734336802,0.4143146082083821,False,
edge_200nm,lte,solar_maximum_stress,True,4.0,8.734898411999321e-05,200.22,3.708375715214084e-07,0.17349793494697432,0.5855555304460383,1.7349793494697425,5.855555304460383,5.204938048409229,17.566665913381147,6.499999999999621e-06,1.7339717126511986e-06,8.648445101499243e-07,3.901183777198494e-06,0.0,0.0,thermal_column,248.00642143238815,3.1501772379574584,12.169650145378116,0.46204292718133066,2.5798387444358704,1.2006988382542103,False,
edge_200nm,lte,solar_maximum_stress,True,4.0,0.0001,200.22,4.2454709148303405e-07,0.19862616227870078,0.6703632976906152,1.9862616227870076,6.703632976906151,5.958784868361024,20.110898930718456,,,,,,,runaway,,,,,,,,the heat the swollen air takes outgrows the limb tables
edge_200nm,lte,solar_maximum_stress,True,4.0,0.0002,200.22,8.490941829660681e-07,0.39725232455740156,1.3407265953812304,3.972523245574015,13.407265953812303,11.917569736722047,40.22179786143691,,,,,,,runaway,,,,,,,,the heat the swollen air takes outgrows the limb tables
edge_200nm,lte,solar_maximum_stress,True,4.0,0.0003,200.22,1.273641274449102e-06,0.5958784868361022,2.0110898930718455,5.958784868361022,20.110898930718452,17.87635460508307,60.33269679215535,,,,,,,runaway,,,,,,,,the heat the swollen air takes outgrows the limb tables
edge_200nm,lte,solar_maximum_stress,True,4.0,0.0005,200.22,2.12273545741517e-06,0.9931308113935039,3.351816488453076,9.931308113935039,33.51816488453076,29.793924341805113,100.55449465359227,,,,,,,runaway,,,,,,,,the heat the swollen air takes outgrows the limb tables
edge_200nm,lte,solar_maximum_stress,True,4.0,0.001,200.22,4.24547091483034e-06,1.9862616227870078,6.703632976906152,19.862616227870078,67.03632976906152,59.587848683610225,201.10898930718454,,,,,,,runaway,,,,,,,,the heat the swollen air takes outgrows the limb tables
edge_200nm,lte,solar_maximum_stress,True,4.0,0.002,200.22,8.49094182966068e-06,3.9725232455740156,13.407265953812304,39.725232455740155,134.07265953812305,119.17569736722045,402.2179786143691,,,,,,,runaway,,,,,,,,the heat the swollen air takes outgrows the limb tables
edge_200nm,lte,solar_maximum_stress,True,4.0,0.003,200.22,1.2736412744491022e-05,5.958784868361024,20.11089893071846,59.587848683610225,201.10898930718457,178.7635460508307,603.3269679215537,,,,,,,runaway,,,,,,,,the heat the swollen air takes outgrows the limb tables
edge_200nm,lte,solar_maximum_stress,True,4.0,0.005,200.22,2.1227354574151702e-05,9.93130811393504,33.51816488453076,99.31308113935037,335.18164884530756,297.93924341805115,1005.5449465359226,,,,,,,runaway,,,,,,,,the heat the swollen air takes outgrows the limb tables
edge_200nm,lte,solar_maximum_stress,True,4.0,0.01,200.22,4.2454709148303404e-05,19.86261622787008,67.03632976906152,198.62616227870075,670.3632976906151,595.8784868361023,2011.0898930718452,,,,,,,runaway,,,,,,,,the heat the swollen air takes outgrows the limb tables
edge_200nm,lte,solar_maximum_stress,True,4.0,0.02,200.22,8.490941829660681e-05,39.72523245574016,134.07265953812305,397.2523245574015,1340.7265953812303,1191.7569736722046,4022.1797861436903,,,,,,,runaway,,,,,,,,the heat the swollen air takes outgrows the limb tables
edge_200nm,lte,solar_maximum_stress,True,4.0,0.03,200.22,0.0001273641274449102,59.587848683610225,201.10898930718454,595.8784868361022,2011.0898930718452,1787.6354605083068,6033.269679215536,,,,,,,runaway,,,,,,,,the heat the swollen air takes outgrows the limb tables
edge_200nm,lte,solar_maximum_stress,True,4.0,0.05,200.22,0.00021227354574151702,99.31308113935039,335.1816488453076,993.1308113935038,3351.816488453076,2979.392434180512,10055.449465359226,,,,,,,runaway,,,,,,,,the heat the swollen air takes outgrows the limb tables
edge_200nm,lte,solar_maximum_stress,True,4.0,0.1,200.22,0.00042454709148303404,198.62616227870078,670.3632976906152,1986.2616227870076,6703.632976906152,5958.784868361024,20110.898930718453,,,,,,,runaway,,,,,,,,the heat the swollen air takes outgrows the limb tables
edge_200nm,lte,solar_maximum_stress,True,4.0,0.3,200.22,0.001273641274449102,595.8784868361023,2011.0898930718456,5958.784868361023,20110.898930718453,17876.35460508307,60332.69679215537,,,,,,,runaway,,,,,,,,the heat the swollen air takes outgrows the limb tables
edge_200nm,lte,solar_maximum_stress,True,4.0,1.0,200.22,0.00424547091483034,1986.261622787008,6703.632976906152,19862.616227870076,67036.32976906151,59587.84868361023,201108.98930718456,,,,,,,runaway,,,,,,,,the heat the swollen air takes outgrows the limb tables
edge_200nm,lte,solar_maximum_stress,False,4.0,1e-06,200.22,4.24547091483034e-09,0.0019862616227870077,0.0067036329769061525,0.019862616227870073,0.06703632976906151,0.05958784868361022,0.20110898930718454,7.56694114261688e-07,1.6640226545255322e-08,7.400538877164327e-07,0.0,0.0,0.0,thermal_column,209.45911873934884,2.6492144828703794,17.134033654375962,0.004726637638722575,3.250370398428128,0.0154337231737951,False,
edge_200nm,lte,solar_maximum_stress,False,4.0,3e-06,200.22,1.2736412744491021e-08,0.0059587848683610245,0.02011089893071846,0.05958784868361022,0.20110898930718457,0.1787635460508307,0.6033269679215536,7.907547952559628e-07,4.997036573546579e-08,7.407844295204969e-07,0.0,0.0,0.0,thermal_column,209.91601934520259,2.6537522058941736,17.06750574881467,0.005028830579638219,3.240202250759703,0.01636958574220886,False,
edge_200nm,lte,solar_maximum_stress,False,4.0,1e-05,200.22,4.245470914830341e-08,0.01986261622787008,0.06703632976906154,0.19862616227870078,0.6703632976906152,0.5958784868361023,2.0110898930718455,9.105029801202071e-07,1.6715016228654457e-07,7.433528178336625e-07,0.0,0.0,0.0,thermal_column,211.52552036587826,2.669880210157201,16.835323259992858,0.006242410123817646,3.205008748622916,0.020101395648737638,False,
edge_200nm,lte,solar_maximum_stress,False,4.0,2e-05,200.22,8.490941829660681e-08,0.03972523245574016,0.13407265953812308,0.39725232455740156,1.3407265953812304,1.1917569736722047,4.022179786143691,1.0831880839981383e-06,3.3604962990628605e-07,7.471384540918522e-07,0.0,0.0,0.0,thermal_column,213.85636078166928,2.6936369879002733,16.504971133731043,0.008487986330603162,3.15545446202318,0.026914007113720884,False,
edge_200nm,lte,solar_maximum_stress,False,4.0,3e-05,200.22,1.273641274449102e-07,0.05958784868361024,0.2011089893071846,0.5958784868361022,2.0110898930718455,1.7876354605083071,6.033269679215536,1.2579010379985412e-06,5.068434077608273e-07,7.51057630237714e-07,0.0,0.0,0.0,thermal_column,216.22708665455625,2.7182985190432234,16.17591152317828,0.011523380077181369,3.1068504994087163,0.03598156797949513,False,
edge_200nm,lte,solar_maximum_stress,False,4.0,5e-05,200.22,2.1227354574151702e-07,0.09931308113935039,0.3351816488453076,0.9931308113935038,3.3518164884530757,2.979392434180512,10.055449465359228,1.61314927198184e-06,8.541226825306975e-07,7.590265894511425e-07,0.0,0.0,0.0,thermal_column,221.08090538552324,2.7704515346969916,15.522948497049995,0.02111404610486774,3.0122496159667813,0.06394156128425287,False,
edge_200nm,lte,solar_maximum_stress,False,4.0,0.0001,200.22,4.2454709148303405e-07,0.19862616227870078,0.6703632976906152,1.9862616227870076,6.703632976906151,5.958784868361024,20.110898930718456,2.5398233966729045e-06,1.7595344995909073e-06,7.802888970819968e-07,0.0,0.0,0.0,thermal_column,233.9362660670009,2.9205788093249208,13.915843138911846,0.09308612034811087,2.790229550396588,0.26134829275418264,False,
edge_200nm,lte,solar_maximum_stress,False,4.0,0.0002,200.22,8.490941829660681e-07,0.39725232455740156,1.3407265953812304,3.972523245574015,13.407265953812303,11.917569736722047,40.22179786143691,4.591317308432619e-06,3.7635233674007904e-06,8.277939410318283e-07,0.0,0.0,0.0,thermal_column,262.30550699662734,3.3358551853829512,10.8657925869185,1.5042845916328886,2.4101900645874523,3.65490059037882,False,
edge_200nm,lte,solar_maximum_stress,False,4.0,0.0002838714748373721,200.22,1.2051680899720562e-06,0.5638430162734199,1.9029701799227927,5.638430162734199,19.029701799227926,16.915290488202597,57.08910539768377,6.499999999999709e-06,5.635155489849779e-06,8.64844510149926e-07,0.0,0.0,0.0,thermal_column,283.1755849699729,3.776920845453637,8.88960202473308,8.8527674566583,2.196732671442137,19.631242855681972,True,
edge_200nm,lte,solar_maximum_stress,False,4.0,0.0003,200.22,1.273641274449102e-06,0.5958784868361022,2.0110898930718455,5.958784868361022,20.110898930718452,17.87635460508307,60.33269679215535,,,,,,,runaway,,,,,,,,the heat the swollen air takes outgrows the limb tables
edge_200nm,lte,solar_maximum_stress,False,4.0,0.0005,200.22,2.12273545741517e-06,0.9931308113935039,3.351816488453076,9.931308113935039,33.51816488453076,29.793924341805113,100.55449465359227,,,,,,,runaway,,,,,,,,the heat the swollen air takes outgrows the limb tables
edge_200nm,lte,solar_maximum_stress,False,4.0,0.001,200.22,4.24547091483034e-06,1.9862616227870078,6.703632976906152,19.862616227870078,67.03632976906152,59.587848683610225,201.10898930718454,,,,,,,runaway,,,,,,,,the heat the swollen air takes outgrows the limb tables
edge_200nm,lte,solar_maximum_stress,False,4.0,0.002,200.22,8.49094182966068e-06,3.9725232455740156,13.407265953812304,39.725232455740155,134.07265953812305,119.17569736722045,402.2179786143691,,,,,,,runaway,,,,,,,,the heat the swollen air takes outgrows the limb tables
edge_200nm,lte,solar_maximum_stress,False,4.0,0.003,200.22,1.2736412744491022e-05,5.958784868361024,20.11089893071846,59.587848683610225,201.10898930718457,178.7635460508307,603.3269679215537,,,,,,,runaway,,,,,,,,the heat the swollen air takes outgrows the limb tables
edge_200nm,lte,solar_maximum_stress,False,4.0,0.005,200.22,2.1227354574151702e-05,9.93130811393504,33.51816488453076,99.31308113935037,335.18164884530756,297.93924341805115,1005.5449465359226,,,,,,,runaway,,,,,,,,the heat the swollen air takes outgrows the limb tables
edge_200nm,lte,solar_maximum_stress,False,4.0,0.01,200.22,4.2454709148303404e-05,19.86261622787008,67.03632976906152,198.62616227870075,670.3632976906151,595.8784868361023,2011.0898930718452,,,,,,,runaway,,,,,,,,the heat the swollen air takes outgrows the limb tables
edge_200nm,lte,solar_maximum_stress,False,4.0,0.02,200.22,8.490941829660681e-05,39.72523245574016,134.07265953812305,397.2523245574015,1340.7265953812303,1191.7569736722046,4022.1797861436903,,,,,,,runaway,,,,,,,,the heat the swollen air takes outgrows the limb tables
edge_200nm,lte,solar_maximum_stress,False,4.0,0.03,200.22,0.0001273641274449102,59.587848683610225,201.10898930718454,595.8784868361022,2011.0898930718452,1787.6354605083068,6033.269679215536,,,,,,,runaway,,,,,,,,the heat the swollen air takes outgrows the limb tables
edge_200nm,lte,solar_maximum_stress,False,4.0,0.05,200.22,0.00021227354574151702,99.31308113935039,335.1816488453076,993.1308113935038,3351.816488453076,2979.392434180512,10055.449465359226,,,,,,,runaway,,,,,,,,the heat the swollen air takes outgrows the limb tables
edge_200nm,lte,solar_maximum_stress,False,4.0,0.1,200.22,0.00042454709148303404,198.62616227870078,670.3632976906152,1986.2616227870076,6703.632976906152,5958.784868361024,20110.898930718453,,,,,,,runaway,,,,,,,,the heat the swollen air takes outgrows the limb tables
edge_200nm,lte,solar_maximum_stress,False,4.0,0.3,200.22,0.001273641274449102,595.8784868361023,2011.0898930718456,5958.784868361023,20110.898930718453,17876.35460508307,60332.69679215537,,,,,,,runaway,,,,,,,,the heat the swollen air takes outgrows the limb tables
edge_200nm,lte,solar_maximum_stress,False,4.0,1.0,200.22,0.00424547091483034,1986.261622787008,6703.632976906152,19862.616227870076,67036.32976906151,59587.84868361023,201108.98930718456,,,,,,,runaway,,,,,,,,the heat the swollen air takes outgrows the limb tables
edge_200nm,all_heats,quiet,True,4.0,1e-06,215.27,1.6751049043095798e-09,0.0007945046491148032,0.002681453190762461,0.00794504649114803,0.026814531907624607,0.02383513947344409,0.08044359572287381,2.835013261845792e-06,7.837235109284684e-09,5.040738070124873e-08,2.776768646035259e-06,0.0,0.0,thermal_column,224.64794423538476,3.0807960886218697,13.737591727048112,0.11226868408484363,2.898658418578905,0.327597629948746,False,
edge_200nm,all_heats,quiet,True,4.0,3e-06,215.27,5.02531471292874e-09,0.0023835139473444094,0.008044359572287383,0.02383513947344409,0.08044359572287382,0.07150541842033228,0.24133078716862144,2.8507244798554224e-06,2.35245580932791e-08,5.043127572688457e-08,2.776768646035259e-06,0.0,0.0,thermal_column,224.87087589321078,3.0838979518261525,13.710168682507023,0.11513409217372078,2.8946620876711044,0.3355010157981995,False,
edge_200nm,all_heats,quiet,True,4.0,1e-05,215.27,1.67510490430958e-08,0.007945046491148031,0.026814531907624613,0.0794504649114803,0.2681453190762461,0.23835139473444095,0.8044359572287382,2.9058492726246887e-06,7.856551214707563e-08,5.0515114442354264e-08,2.776768646035259e-06,0.0,0.0,thermal_column,225.65337973329076,3.0948449542014433,13.614298517450305,0.12573521789202444,2.8807218230844835,0.3646486773395542,False,
edge_200nm,all_heats,quiet,True,4.0,2e-05,215.27,3.35020980861916e-08,0.015890092982296062,0.05362906381524923,0.1589009298229606,0.5362906381524922,0.4767027894688819,1.6088719144574763,2.984966599842716e-06,1.575625106572357e-07,5.0635443150221136e-08,2.776768646035259e-06,0.0,0.0,thermal_column,226.77719320940068,3.1107306909818147,13.47765137608461,0.14254405479323426,2.8609578818796915,0.4105937906721365,False,
edge_200nm,all_heats,quiet,True,4.0,3e-05,215.27,5.02531471292874e-08,0.023835139473444098,0.08044359572287384,0.2383513947344409,0.8044359572287383,0.7150541842033228,2.4133078716862144,3.0644684350622387e-06,2.3695463716465712e-07,5.074515186232262e-08,2.776768646035259e-06,0.0,0.0,thermal_column,227.90705719849956,3.126900901252366,13.341483305566786,0.16151513735375325,2.841477892029108,0.4621089515842322,False,
edge_200nm,all_heats,quiet,True,4.0,5e-05,215.27,8.3755245215479e-08,0.03972523245574016,0.13407265953812308,0.39725232455740156,1.3407265953812304,1.1917569736722047,4.022179786143691,3.224674704303194e-06,3.969450946684758e-07,5.0960963599459716e-08,2.776768646035259e-06,0.0,0.0,thermal_column,230.18446571528082,3.1601218056710962,13.070619563402838,0.20703438926119702,2.803007965875209,0.5844192791367601,False,
edge_200nm,all_heats,quiet,True,4.0,0.0001,215.27,1.67510490430958e-07,0.07945046491148032,0.26814531907624617,0.7945046491148031,2.681453190762461,2.3835139473444094,8.044359572287382,3.6324558940970795e-06,8.041769678384972e-07,5.1510280223323465e-08,2.776768646035259e-06,0.0,0.0,thermal_column,235.9678179756483,3.248539953806767,12.403236338865378,0.38111669269943715,2.7105177796090163,1.0407520262706265,False,
edge_200nm,all_heats,quiet,True,4.0,0.0001439827657018462,215.27,2.411862369632198e-07,0.11439497674252425,0.3860830465060194,1.1439497674252421,3.860830465060193,3.4318493022757273,11.582491395180579,3.999999999999475e-06,1.1712259599582354e-06,5.2005394005980716e-08,2.776768646035259e-06,0.0,0.0,thermal_column,241.12591784038608,3.332889725340489,11.830719835878773,0.64209406924623,2.633675535132826,1.7043393349959146,False,
edge_200nm,all_heats,quiet,True,4.0,0.0002,215.27,3.35020980861916e-07,0.15890092982296064,0.5362906381524923,1.5890092982296062,5.362906381524922,4.767027894688819,16.088719144574764,,,,,,,runaway,,,,,,,,the heat the swollen air takes outgrows the limb tables
edge_200nm,all_heats,quiet,True,4.0,0.0003,215.27,5.025314712928739e-07,0.23835139473444095,0.8044359572287383,2.383513947344409,8.044359572287382,7.150541842033228,24.133078716862144,,,,,,,runaway,,,,,,,,the heat the swollen air takes outgrows the limb tables
edge_200nm,all_heats,quiet,True,4.0,0.0005,215.27,8.375524521547899e-07,0.39725232455740156,1.3407265953812304,3.972523245574015,13.407265953812303,11.917569736722047,40.22179786143691,,,,,,,runaway,,,,,,,,the heat the swollen air takes outgrows the limb tables
edge_200nm,all_heats,quiet,True,4.0,0.001,215.27,1.6751049043095798e-06,0.7945046491148031,2.681453190762461,7.94504649114803,26.814531907624605,23.835139473444094,80.44359572287382,,,,,,,runaway,,,,,,,,the heat the swollen air takes outgrows the limb tables
edge_200nm,all_heats,quiet,True,4.0,0.002,215.27,3.3502098086191596e-06,1.5890092982296062,5.362906381524922,15.89009298229606,53.62906381524921,47.67027894688819,160.88719144574765,,,,,,,runaway,,,,,,,,the heat the swollen air takes outgrows the limb tables
edge_200nm,all_heats,quiet,True,4.0,0.003,215.27,5.0253147129287394e-06,2.38351394734441,8.044359572287384,23.835139473444094,80.44359572287384,71.50541842033229,241.33078716862147,,,,,,,runaway,,,,,,,,the heat the swollen air takes outgrows the limb tables
edge_200nm,all_heats,quiet,True,4.0,0.005,215.27,8.3755245215479e-06,3.9725232455740156,13.407265953812304,39.725232455740155,134.07265953812305,119.17569736722045,402.2179786143691,,,,,,,runaway,,,,,,,,the heat the swollen air takes outgrows the limb tables
edge_200nm,all_heats,quiet,True,4.0,0.01,215.27,1.67510490430958e-05,7.945046491148031,26.81453190762461,79.45046491148031,268.1453190762461,238.3513947344409,804.4359572287382,,,,,,,runaway,,,,,,,,the heat the swollen air takes outgrows the limb tables
edge_200nm,all_heats,quiet,True,4.0,0.02,215.27,3.35020980861916e-05,15.890092982296062,53.62906381524922,158.90092982296062,536.2906381524922,476.7027894688818,1608.8719144574764,,,,,,,runaway,,,,,,,,the heat the swollen air takes outgrows the limb tables
edge_200nm,all_heats,quiet,True,4.0,0.03,215.27,5.025314712928739e-05,23.835139473444094,80.44359572287384,238.3513947344409,804.4359572287383,715.0541842033228,2413.3078716862146,,,,,,,runaway,,,,,,,,the heat the swollen air takes outgrows the limb tables
edge_200nm,all_heats,quiet,True,4.0,0.05,215.27,8.3755245215479e-05,39.72523245574016,134.07265953812308,397.25232455740155,1340.7265953812307,1191.7569736722048,4022.179786143691,,,,,,,runaway,,,,,,,,the heat the swollen air takes outgrows the limb tables
edge_200nm,all_heats,quiet,True,4.0,0.1,215.27,0.000167510490430958,79.45046491148032,268.14531907624615,794.5046491148031,2681.4531907624614,2383.5139473444096,8044.359572287382,,,,,,,runaway,,,,,,,,the heat the swollen air takes outgrows the limb tables
edge_200nm,all_heats,quiet,True,4.0,0.3,215.27,0.0005025314712928739,238.3513947344409,804.4359572287382,2383.5139473444087,8044.359572287381,7150.541842033227,24133.078716862143,,,,,,,runaway,,,,,,,,the heat the swollen air takes outgrows the limb tables
edge_200nm,all_heats,quiet,True,4.0,1.0,215.27,0.0016751049043095799,794.5046491148031,2681.453190762461,7945.04649114803,26814.53190762461,23835.139473444095,80443.59572287381,,,,,,,runaway,,,,,,,,the heat the swollen air takes outgrows the limb tables
edge_200nm,all_heats,quiet,False,4.0,1e-06,215.27,1.6751049043095798e-09,0.0007945046491148032,0.002681453190762461,0.00794504649114803,0.026814531907624607,0.02383513947344409,0.08044359572287381,5.3232666037459453e-08,7.105777356667661e-09,4.61268886807918e-08,0.0,0.0,0.0,thermal_column,215.90570400878278,2.935324229736893,15.002229766209986,0.03490396785106947,3.071290085159589,0.10783362283054142,False,
edge_200nm,all_heats,quiet,False,4.0,3e-06,215.27,5.02531471292874e-09,0.0023835139473444094,0.008044359572287383,0.02383513947344409,0.08044359572287382,0.07150541842033228,0.24133078716862144,6.747659725757067e-08,2.1327991469103603e-08,4.614860578846706e-08,0.0,0.0,0.0,thermal_column,216.10075814549538,2.937766841315147,14.976226270666727,0.035753071480857435,3.0673396220471583,0.1103163545427445,False,
edge_200nm,all_heats,quiet,False,4.0,1e-05,215.27,1.67510490430958e-08,0.007945046491148031,0.026814531907624613,0.0794504649114803,0.2681453190762461,0.23835139473444095,0.8044359572287382,1.1744273187141928e-07,7.12179448722487e-08,4.622478699917058e-08,0.0,0.0,0.0,thermal_column,216.78556406840082,2.946379778008062,14.885277116773466,0.0388878606666509,3.0535557363910697,0.11945546449138461,False,
edge_200nm,all_heats,quiet,False,4.0,2e-05,215.27,3.35020980861916e-08,0.015890092982296062,0.05362906381524923,0.1589009298229606,0.5362906381524922,0.4767027894688819,1.6088719144574763,1.8912760584479815e-07,1.4279352400962263e-07,4.633408183517552e-08,0.0,0.0,0.0,thermal_column,217.76951823401498,2.958858341664063,14.755527657424576,0.043839162667027705,3.0339601854450793,0.13381034730067312,False,
edge_200nm,all_heats,quiet,False,4.0,3e-05,215.27,5.02531471292874e-08,0.023835139473444098,0.08044359572287384,0.2383513947344409,0.8044359572287383,0.7150541842033228,2.4133078716862144,2.611733649816043e-07,2.1472943808437795e-07,4.6443926897226305e-08,0.0,0.0,0.0,thermal_column,218.760113437513,2.971546234632618,14.625993510831139,0.0494077716711209,3.0144769176636146,0.14984989603728868,False,
edge_200nm,all_heats,quiet,False,4.0,5e-05,215.27,8.3755245215479e-08,0.03972523245574016,0.13407265953812308,0.39725232455740156,1.3407265953812304,1.1917569736722047,4.022179786143691,4.0635849478735914e-07,3.596932103836892e-07,4.666528440366997e-08,0.0,0.0,0.0,thermal_column,220.76107349731765,2.997568130672632,14.367607264457693,0.06270471671960967,2.9759781643773846,0.18777713231201834,False,
edge_200nm,all_heats,quiet,False,4.0,0.0001,215.27,1.67510490430958e-07,0.07945046491148032,0.26814531907624617,0.7945046491148031,2.681453190762461,2.3835139473444094,8.044359572287382,7.758314880383616e-07,7.286028840950545e-07,4.722860394330699e-08,0.0,0.0,0.0,thermal_column,225.87620230200648,3.0666126674725604,13.726082523909755,0.11317716594781764,2.882230354873166,0.3283671478386411,False,
edge_200nm,all_heats,quiet,False,4.0,0.0002,215.27,3.35020980861916e-07,0.15890092982296064,0.5362906381524923,1.5890092982296062,5.362906381524922,4.767027894688819,16.088719144574764,1.5460384000350956e-06,1.4976123553786268e-06,4.84260446564687e-08,0.0,0.0,0.0,thermal_column,236.59110322942678,3.224479711923555,12.46286670351246,0.3600483251679328,2.706064751790575,0.9815290210197853,False,
edge_200nm,all_heats,quiet,False,4.0,0.0003,215.27,5.025314712928739e-07,0.23835139473444095,0.8044359572287383,2.383513947344409,8.044359572287382,7.150541842033228,24.133078716862144,2.3621778714853743e-06,2.3124896211384537e-06,4.968825034692056e-08,0.0,0.0,0.0,thermal_column,247.73610963217138,3.4122799942273594,11.247138287124125,1.088097206077534,2.546942303880827,2.794028634586842,False,
edge_200nm,all_heats,quiet,False,4.0,0.0004853403201266583,215.27,8.129959505033468e-07,0.38560514074349694,1.3014173500093023,3.8560514074349688,13.01417350009302,11.568154222304907,39.04252050027906,3.999999999998434e-06,3.947994605992455e-06,5.200539400597931e-08,0.0,0.0,0.0,thermal_column,266.94232040601327,3.8244801368260872,9.312926325166073,6.202131593509136,2.3175563454863486,14.51167857387709,True,
edge_200nm,all_heats,quiet,False,4.0,0.0005,215.27,8.375524521547899e-07,0.39725232455740156,1.3407265953812304,3.972523245574015,13.407265953812303,11.917569736722047,40.22179786143691,,,,,,,runaway,,,,,,,,the heat the swollen air takes outgrows the limb tables
edge_200nm,all_heats,quiet,False,4.0,0.001,215.27,1.6751049043095798e-06,0.7945046491148031,2.681453190762461,7.94504649114803,26.814531907624605,23.835139473444094,80.44359572287382,,,,,,,runaway,,,,,,,,the heat the swollen air takes outgrows the limb tables
edge_200nm,all_heats,quiet,False,4.0,0.002,215.27,3.3502098086191596e-06,1.5890092982296062,5.362906381524922,15.89009298229606,53.62906381524921,47.67027894688819,160.88719144574765,,,,,,,runaway,,,,,,,,the heat the swollen air takes outgrows the limb tables
edge_200nm,all_heats,quiet,False,4.0,0.003,215.27,5.0253147129287394e-06,2.38351394734441,8.044359572287384,23.835139473444094,80.44359572287384,71.50541842033229,241.33078716862147,,,,,,,runaway,,,,,,,,the heat the swollen air takes outgrows the limb tables
edge_200nm,all_heats,quiet,False,4.0,0.005,215.27,8.3755245215479e-06,3.9725232455740156,13.407265953812304,39.725232455740155,134.07265953812305,119.17569736722045,402.2179786143691,,,,,,,runaway,,,,,,,,the heat the swollen air takes outgrows the limb tables
edge_200nm,all_heats,quiet,False,4.0,0.01,215.27,1.67510490430958e-05,7.945046491148031,26.81453190762461,79.45046491148031,268.1453190762461,238.3513947344409,804.4359572287382,,,,,,,runaway,,,,,,,,the heat the swollen air takes outgrows the limb tables
edge_200nm,all_heats,quiet,False,4.0,0.02,215.27,3.35020980861916e-05,15.890092982296062,53.62906381524922,158.90092982296062,536.2906381524922,476.7027894688818,1608.8719144574764,,,,,,,runaway,,,,,,,,the heat the swollen air takes outgrows the limb tables
edge_200nm,all_heats,quiet,False,4.0,0.03,215.27,5.025314712928739e-05,23.835139473444094,80.44359572287384,238.3513947344409,804.4359572287383,715.0541842033228,2413.3078716862146,,,,,,,runaway,,,,,,,,the heat the swollen air takes outgrows the limb tables
edge_200nm,all_heats,quiet,False,4.0,0.05,215.27,8.3755245215479e-05,39.72523245574016,134.07265953812308,397.25232455740155,1340.7265953812307,1191.7569736722048,4022.179786143691,,,,,,,runaway,,,,,,,,the heat the swollen air takes outgrows the limb tables
edge_200nm,all_heats,quiet,False,4.0,0.1,215.27,0.000167510490430958,79.45046491148032,268.14531907624615,794.5046491148031,2681.4531907624614,2383.5139473444096,8044.359572287382,,,,,,,runaway,,,,,,,,the heat the swollen air takes outgrows the limb tables
edge_200nm,all_heats,quiet,False,4.0,0.3,215.27,0.0005025314712928739,238.3513947344409,804.4359572287382,2383.5139473444087,8044.359572287381,7150.541842033227,24133.078716862143,,,,,,,runaway,,,,,,,,the heat the swollen air takes outgrows the limb tables
edge_200nm,all_heats,quiet,False,4.0,1.0,215.27,0.0016751049043095799,794.5046491148031,2681.453190762461,7945.04649114803,26814.53190762461,23835.139473444095,80443.59572287381,,,,,,,runaway,,,,,,,,the heat the swollen air takes outgrows the limb tables
edge_200nm,all_heats,solar_maximum,True,4.0,1e-06,215.27,2.8813140468218115e-09,0.0022306581914529164,0.0075284713961535936,0.022306581914529163,0.07528471396153592,0.06691974574358749,0.22585414188460778,,,,,,,runaway,,,,,,,,the heat the swollen air takes outgrows the limb tables
edge_200nm,all_heats,solar_maximum,True,4.0,3e-06,215.27,8.643942140465435e-09,0.0066919745743587505,0.022585414188460783,0.06691974574358749,0.22585414188460784,0.2007592372307625,0.6775624256538234,,,,,,,runaway,,,,,,,,the heat the swollen air takes outgrows the limb tables
edge_200nm,all_heats,solar_maximum,True,4.0,1e-05,215.27,2.8813140468218118e-08,0.022306581914529167,0.07528471396153595,0.22306581914529164,0.7528471396153595,0.669197457435875,2.258541418846078,,,,,,,runaway,,,,,,,,the heat the swollen air takes outgrows the limb tables
edge_200nm,all_heats,solar_maximum,True,4.0,2e-05,215.27,5.7626280936436235e-08,0.04461316382905833,0.1505694279230719,0.4461316382905833,1.505694279230719,1.33839491487175,4.517082837692156,,,,,,,runaway,,,,,,,,the heat the swollen air takes outgrows the limb tables
edge_200nm,all_heats,solar_maximum,True,4.0,3e-05,215.27,8.643942140465435e-08,0.0669197457435875,0.22585414188460784,0.669197457435875,2.2585414188460784,2.007592372307625,6.775624256538235,,,,,,,runaway,,,,,,,,the heat the swollen air takes outgrows the limb tables
edge_200nm,all_heats,solar_maximum,True,4.0,5e-05,215.27,1.4406570234109058e-07,0.11153290957264585,0.37642356980767977,1.1153290957264583,3.7642356980767975,3.345987287179375,11.292707094230392,,,,,,,runaway,,,,,,,,the heat the swollen air takes outgrows the limb tables
edge_200nm,all_heats,solar_maximum,True,4.0,0.0001,215.27,2.8813140468218116e-07,0.2230658191452917,0.7528471396153595,2.2306581914529167,7.528471396153595,6.69197457435875,22.585414188460785,,,,,,,runaway,,,,,,,,the heat the swollen air takes outgrows the limb tables
edge_200nm,all_heats,solar_maximum,True,4.0,0.0002,215.27,5.762628093643623e-07,0.4461316382905834,1.505694279230719,4.461316382905833,15.05694279230719,13.3839491487175,45.17082837692157,,,,,,,runaway,,,,,,,,the heat the swollen air takes outgrows the limb tables
edge_200nm,all_heats,solar_maximum,True,4.0,0.0003,215.27,8.643942140465433e-07,0.669197457435875,2.258541418846078,6.691974574358748,22.58541418846078,20.075923723076247,67.75624256538234,,,,,,,runaway,,,,,,,,the heat the swollen air takes outgrows the limb tables
edge_200nm,all_heats,solar_maximum,True,4.0,0.0005,215.27,1.4406570234109057e-06,1.1153290957264583,3.7642356980767975,11.153290957264582,37.642356980767964,33.45987287179375,112.9270709423039,,,,,,,runaway,,,,,,,,the heat the swollen air takes outgrows the limb tables
edge_200nm,all_heats,solar_maximum,True,4.0,0.001,215.27,2.8813140468218115e-06,2.2306581914529167,7.528471396153595,22.306581914529165,75.28471396153593,66.9197457435875,225.8541418846078,,,,,,,runaway,,,,,,,,the heat the swollen air takes outgrows the limb tables
edge_200nm,all_heats,solar_maximum,True,4.0,0.002,215.27,5.762628093643623e-06,4.461316382905833,15.05694279230719,44.61316382905833,150.56942792307186,133.839491487175,451.7082837692156,,,,,,,runaway,,,,,,,,the heat the swollen air takes outgrows the limb tables
edge_200nm,all_heats,solar_maximum,True,4.0,0.003,215.27,8.643942140465434e-06,6.69197457435875,22.585414188460785,66.9197457435875,225.85414188460783,200.75923723076247,677.5624256538234,,,,,,,runaway,,,,,,,,the heat the swollen air takes outgrows the limb tables
edge_200nm,all_heats,solar_maximum,True,4.0,0.005,215.27,1.4406570234109058e-05,11.153290957264584,37.64235698076797,111.53290957264582,376.42356980767977,334.5987287179375,1129.270709423039,,,,,,,runaway,,,,,,,,the heat the swollen air takes outgrows the limb tables
edge_200nm,all_heats,solar_maximum,True,4.0,0.01,215.27,2.8813140468218115e-05,22.30658191452917,75.28471396153594,223.06581914529164,752.8471396153595,669.197457435875,2258.541418846078,,,,,,,runaway,,,,,,,,the heat the swollen air takes outgrows the limb tables
edge_200nm,all_heats,solar_maximum,True,4.0,0.02,215.27,5.762628093643623e-05,44.61316382905834,150.56942792307188,446.1316382905833,1505.694279230719,1338.39491487175,4517.082837692156,,,,,,,runaway,,,,,,,,the heat the swollen air takes outgrows the limb tables
edge_200nm,all_heats,solar_maximum,True,4.0,0.03,215.27,8.643942140465434e-05,66.9197457435875,225.85414188460786,669.1974574358749,2258.541418846078,2007.592372307625,6775.6242565382345,,,,,,,runaway,,,,,,,,the heat the swollen air takes outgrows the limb tables
edge_200nm,all_heats,solar_maximum,True,4.0,0.05,215.27,0.00014406570234109058,111.53290957264585,376.42356980767977,1115.3290957264583,3764.235698076797,3345.987287179375,11292.70709423039,,,,,,,runaway,,,,,,,,the heat the swollen air takes outgrows the limb tables
edge_200nm,all_heats,solar_maximum,True,4.0,0.1,215.27,0.00028813140468218117,223.0658191452917,752.8471396153595,2230.6581914529165,7528.471396153594,6691.97457435875,22585.41418846078,,,,,,,runaway,,,,,,,,the heat the swollen air takes outgrows the limb tables
edge_200nm,all_heats,solar_maximum,True,4.0,0.3,215.27,0.0008643942140465434,669.197457435875,2258.541418846078,6691.974574358748,22585.41418846078,20075.92372307625,67756.24256538234,,,,,,,runaway,,,,,,,,the heat the swollen air takes outgrows the limb tables
edge_200nm,all_heats,solar_maximum,True,4.0,1.0,215.27,0.0028813140468218115,2230.6581914529165,7528.471396153595,22306.58191452916,75284.71396153593,66919.7457435875,225854.14188460782,,,,,,,runaway,,,,,,,,the heat the swollen air takes outgrows the limb tables
edge_200nm,all_heats,solar_maximum,False,4.0,1e-06,215.27,2.8813140468218115e-09,0.0022306581914529164,0.0075284713961535936,0.022306581914529163,0.07528471396153592,0.06691974574358749,0.22585414188460778,1.4404434277665003e-06,1.2993410484426404e-08,1.427450017282074e-06,0.0,0.0,0.0,thermal_column,233.0842465986392,3.1898947472852064,12.78753197794284,0.2679966234141809,2.757948910641994,0.7444600615427222,False,
edge_200nm,all_heats,solar_maximum,False,4.0,3e-06,215.27,8.643942140465435e-09,0.0066919745743587505,0.022585414188460783,0.06691974574358749,0.22585414188460784,0.2007592372307625,0.6775624256538234,1.4676885173126406e-06,3.902092821097654e-08,1.428667589101664e-06,0.0,0.0,0.0,thermal_column,233.46925253949198,3.1957260686504365,12.743149257365827,0.27909766838008243,2.7518111245741355,0.7735928084626241,False,
edge_200nm,all_heats,solar_maximum,False,4.0,1e-05,215.27,2.8813140468218118e-08,0.022306581914529167,0.07528471396153595,0.22306581914529164,0.7528471396153595,0.669197457435875,2.258541418846078,1.563495980175392e-06,1.3054679505656095e-07,1.432949185118831e-06,0.0,0.0,0.0,thermal_column,234.82230531290938,3.216429937888315,12.588169007740929,0.3215686930110181,2.730452720222599,0.8844800999634884,False,
edge_200nm,all_heats,solar_maximum,False,4.0,2e-05,215.27,5.7626280936436235e-08,0.04461316382905833,0.1505694279230719,0.4461316382905833,1.505694279230719,1.33839491487175,4.517082837692156,1.7015892661234247e-06,2.6246874898675723e-07,1.4391205171366676e-06,0.0,0.0,0.0,thermal_column,236.76906859419722,3.2468116242468446,12.367842622106147,0.3932216914475238,2.7004304389572673,1.0698178371450113,False,
edge_200nm,all_heats,solar_maximum,False,4.0,3e-05,215.27,8.643942140465435e-08,0.0669197457435875,0.22585414188460784,0.669197457435875,2.2585414188460784,2.007592372307625,6.775624256538235,1.8411449065655504e-06,3.9578770539158446e-07,1.4453572011739658e-06,0.0,0.0,0.0,thermal_column,238.72998929266245,3.2781548071139106,12.148973111005757,0.48008000612232443,2.6709296187904203,1.2920386249449984,False,
edge_200nm,all_heats,solar_maximum,False,4.0,5e-05,215.27,1.4406570234109058e-07,0.11153290957264585,0.37642356980767977,1.1153290957264583,3.7642356980767975,3.345987287179375,11.292707094230392,2.1246364411279917e-06,6.667837247255146e-07,1.4578527164024773e-06,0.0,0.0,0.0,thermal_column,242.68445768663517,3.3437597830390513,11.716529075892003,0.7115970517429648,2.6136059948298347,1.8745379420203452,False,
edge_200nm,all_heats,solar_maximum,False,4.0,0.0001,215.27,2.8813140468218116e-07,0.2230658191452917,0.7528471396153595,2.2306581914529167,7.528471396153595,6.69197457435875,22.585414188460785,2.86090123544259e-06,1.3711706831619946e-06,1.4897305522805949e-06,0.0,0.0,0.0,thermal_column,252.58938824814004,3.5245731987745024,10.679584900257582,1.820248230395048,2.4816608720431987,4.5561112301249445,True,
edge_200nm,all_heats,solar_maximum,False,4.0,0.00017295418617318292,215.27,4.983353260774266e-07,0.3858016721332833,1.3020806434498313,3.8580167213328322,13.020806434498311,11.574050163998496,39.062419303494934,3.999999999998458e-06,2.4659589812684497e-06,1.5340410187300088e-06,0.0,0.0,0.0,thermal_column,265.8126176459979,3.8174115614786204,9.369823959716925,5.900895341626683,2.327811972191267,13.867662694282666,True,
edge_200nm,all_heats,solar_maximum,False,4.0,0.0002,215.27,5.762628093643623e-07,0.4461316382905834,1.505694279230719,4.461316382905833,15.05694279230719,13.3839491487175,45.17082837692157,,,,,,,runaway,,,,,,,,the heat the swollen air takes outgrows the limb tables
edge_200nm,all_heats,solar_maximum,False,4.0,0.0003,215.27,8.643942140465433e-07,0.669197457435875,2.258541418846078,6.691974574358748,22.58541418846078,20.075923723076247,67.75624256538234,,,,,,,runaway,,,,,,,,the heat the swollen air takes outgrows the limb tables
edge_200nm,all_heats,solar_maximum,False,4.0,0.0005,215.27,1.4406570234109057e-06,1.1153290957264583,3.7642356980767975,11.153290957264582,37.642356980767964,33.45987287179375,112.9270709423039,,,,,,,runaway,,,,,,,,the heat the swollen air takes outgrows the limb tables
edge_200nm,all_heats,solar_maximum,False,4.0,0.001,215.27,2.8813140468218115e-06,2.2306581914529167,7.528471396153595,22.306581914529165,75.28471396153593,66.9197457435875,225.8541418846078,,,,,,,runaway,,,,,,,,the heat the swollen air takes outgrows the limb tables
edge_200nm,all_heats,solar_maximum,False,4.0,0.002,215.27,5.762628093643623e-06,4.461316382905833,15.05694279230719,44.61316382905833,150.56942792307186,133.839491487175,451.7082837692156,,,,,,,runaway,,,,,,,,the heat the swollen air takes outgrows the limb tables
edge_200nm,all_heats,solar_maximum,False,4.0,0.003,215.27,8.643942140465434e-06,6.69197457435875,22.585414188460785,66.9197457435875,225.85414188460783,200.75923723076247,677.5624256538234,,,,,,,runaway,,,,,,,,the heat the swollen air takes outgrows the limb tables
edge_200nm,all_heats,solar_maximum,False,4.0,0.005,215.27,1.4406570234109058e-05,11.153290957264584,37.64235698076797,111.53290957264582,376.42356980767977,334.5987287179375,1129.270709423039,,,,,,,runaway,,,,,,,,the heat the swollen air takes outgrows the limb tables
edge_200nm,all_heats,solar_maximum,False,4.0,0.01,215.27,2.8813140468218115e-05,22.30658191452917,75.28471396153594,223.06581914529164,752.8471396153595,669.197457435875,2258.541418846078,,,,,,,runaway,,,,,,,,the heat the swollen air takes outgrows the limb tables
edge_200nm,all_heats,solar_maximum,False,4.0,0.02,215.27,5.762628093643623e-05,44.61316382905834,150.56942792307188,446.1316382905833,1505.694279230719,1338.39491487175,4517.082837692156,,,,,,,runaway,,,,,,,,the heat the swollen air takes outgrows the limb tables
edge_200nm,all_heats,solar_maximum,False,4.0,0.03,215.27,8.643942140465434e-05,66.9197457435875,225.85414188460786,669.1974574358749,2258.541418846078,2007.592372307625,6775.6242565382345,,,,,,,runaway,,,,,,,,the heat the swollen air takes outgrows the limb tables
edge_200nm,all_heats,solar_maximum,False,4.0,0.05,215.27,0.00014406570234109058,111.53290957264585,376.42356980767977,1115.3290957264583,3764.235698076797,3345.987287179375,11292.70709423039,,,,,,,runaway,,,,,,,,the heat the swollen air takes outgrows the limb tables
edge_200nm,all_heats,solar_maximum,False,4.0,0.1,215.27,0.00028813140468218117,223.0658191452917,752.8471396153595,2230.6581914529165,7528.471396153594,6691.97457435875,22585.41418846078,,,,,,,runaway,,,,,,,,the heat the swollen air takes outgrows the limb tables
edge_200nm,all_heats,solar_maximum,False,4.0,0.3,215.27,0.0008643942140465434,669.197457435875,2258.541418846078,6691.974574358748,22585.41418846078,20075.92372307625,67756.24256538234,,,,,,,runaway,,,,,,,,the heat the swollen air takes outgrows the limb tables
edge_200nm,all_heats,solar_maximum,False,4.0,1.0,215.27,0.0028813140468218115,2230.6581914529165,7528.471396153595,22306.58191452916,75284.71396153593,66919.7457435875,225854.14188460782,,,,,,,runaway,,,,,,,,the heat the swollen air takes outgrows the limb tables
edge_200nm,all_heats,solar_maximum_stress,True,4.0,1e-06,215.27,4.24547091483034e-09,0.0019862616227870077,0.0067036329769061525,0.019862616227870073,0.06703632976906151,0.05958784868361022,0.20110898930718454,,,,,,,runaway,,,,,,,,the heat the swollen air takes outgrows the limb tables
edge_200nm,all_heats,solar_maximum_stress,True,4.0,3e-06,215.27,1.2736412744491021e-08,0.0059587848683610245,0.02011089893071846,0.05958784868361022,0.20110898930718457,0.1787635460508307,0.6033269679215536,,,,,,,runaway,,,,,,,,the heat the swollen air takes outgrows the limb tables
edge_200nm,all_heats,solar_maximum_stress,True,4.0,1e-05,215.27,4.245470914830341e-08,0.01986261622787008,0.06703632976906154,0.19862616227870078,0.6703632976906152,0.5958784868361023,2.0110898930718455,,,,,,,runaway,,,,,,,,the heat the swollen air takes outgrows the limb tables
edge_200nm,all_heats,solar_maximum_stress,True,4.0,2e-05,215.27,8.490941829660681e-08,0.03972523245574016,0.13407265953812308,0.39725232455740156,1.3407265953812304,1.1917569736722047,4.022179786143691,,,,,,,runaway,,,,,,,,the heat the swollen air takes outgrows the limb tables
edge_200nm,all_heats,solar_maximum_stress,True,4.0,3e-05,215.27,1.273641274449102e-07,0.05958784868361024,0.2011089893071846,0.5958784868361022,2.0110898930718455,1.7876354605083071,6.033269679215536,,,,,,,runaway,,,,,,,,the heat the swollen air takes outgrows the limb tables
edge_200nm,all_heats,solar_maximum_stress,True,4.0,5e-05,215.27,2.1227354574151702e-07,0.09931308113935039,0.3351816488453076,0.9931308113935038,3.3518164884530757,2.979392434180512,10.055449465359228,,,,,,,runaway,,,,,,,,the heat the swollen air takes outgrows the limb tables
edge_200nm,all_heats,solar_maximum_stress,True,4.0,0.0001,215.27,4.2454709148303405e-07,0.19862616227870078,0.6703632976906152,1.9862616227870076,6.703632976906151,5.958784868361024,20.110898930718456,,,,,,,runaway,,,,,,,,the heat the swollen air takes outgrows the limb tables
edge_200nm,all_heats,solar_maximum_stress,True,4.0,0.0002,215.27,8.490941829660681e-07,0.39725232455740156,1.3407265953812304,3.972523245574015,13.407265953812303,11.917569736722047,40.22179786143691,,,,,,,runaway,,,,,,,,the heat the swollen air takes outgrows the limb tables
edge_200nm,all_heats,solar_maximum_stress,True,4.0,0.0003,215.27,1.273641274449102e-06,0.5958784868361022,2.0110898930718455,5.958784868361022,20.110898930718452,17.87635460508307,60.33269679215535,,,,,,,runaway,,,,,,,,the heat the swollen air takes outgrows the limb tables
edge_200nm,all_heats,solar_maximum_stress,True,4.0,0.0005,215.27,2.12273545741517e-06,0.9931308113935039,3.351816488453076,9.931308113935039,33.51816488453076,29.793924341805113,100.55449465359227,,,,,,,runaway,,,,,,,,the heat the swollen air takes outgrows the limb tables
edge_200nm,all_heats,solar_maximum_stress,True,4.0,0.001,215.27,4.24547091483034e-06,1.9862616227870078,6.703632976906152,19.862616227870078,67.03632976906152,59.587848683610225,201.10898930718454,,,,,,,runaway,,,,,,,,the heat the swollen air takes outgrows the limb tables
edge_200nm,all_heats,solar_maximum_stress,True,4.0,0.002,215.27,8.49094182966068e-06,3.9725232455740156,13.407265953812304,39.725232455740155,134.07265953812305,119.17569736722045,402.2179786143691,,,,,,,runaway,,,,,,,,the heat the swollen air takes outgrows the limb tables
edge_200nm,all_heats,solar_maximum_stress,True,4.0,0.003,215.27,1.2736412744491022e-05,5.958784868361024,20.11089893071846,59.587848683610225,201.10898930718457,178.7635460508307,603.3269679215537,,,,,,,runaway,,,,,,,,the heat the swollen air takes outgrows the limb tables
edge_200nm,all_heats,solar_maximum_stress,True,4.0,0.005,215.27,2.1227354574151702e-05,9.93130811393504,33.51816488453076,99.31308113935037,335.18164884530756,297.93924341805115,1005.5449465359226,,,,,,,runaway,,,,,,,,the heat the swollen air takes outgrows the limb tables
edge_200nm,all_heats,solar_maximum_stress,True,4.0,0.01,215.27,4.2454709148303404e-05,19.86261622787008,67.03632976906152,198.62616227870075,670.3632976906151,595.8784868361023,2011.0898930718452,,,,,,,runaway,,,,,,,,the heat the swollen air takes outgrows the limb tables
edge_200nm,all_heats,solar_maximum_stress,True,4.0,0.02,215.27,8.490941829660681e-05,39.72523245574016,134.07265953812305,397.2523245574015,1340.7265953812303,1191.7569736722046,4022.1797861436903,,,,,,,runaway,,,,,,,,the heat the swollen air takes outgrows the limb tables
edge_200nm,all_heats,solar_maximum_stress,True,4.0,0.03,215.27,0.0001273641274449102,59.587848683610225,201.10898930718454,595.8784868361022,2011.0898930718452,1787.6354605083068,6033.269679215536,,,,,,,runaway,,,,,,,,the heat the swollen air takes outgrows the limb tables
edge_200nm,all_heats,solar_maximum_stress,True,4.0,0.05,215.27,0.00021227354574151702,99.31308113935039,335.1816488453076,993.1308113935038,3351.816488453076,2979.392434180512,10055.449465359226,,,,,,,runaway,,,,,,,,the heat the swollen air takes outgrows the limb tables
edge_200nm,all_heats,solar_maximum_stress,True,4.0,0.1,215.27,0.00042454709148303404,198.62616227870078,670.3632976906152,1986.2616227870076,6703.632976906152,5958.784868361024,20110.898930718453,,,,,,,runaway,,,,,,,,the heat the swollen air takes outgrows the limb tables
edge_200nm,all_heats,solar_maximum_stress,True,4.0,0.3,215.27,0.001273641274449102,595.8784868361023,2011.0898930718456,5958.784868361023,20110.898930718453,17876.35460508307,60332.69679215537,,,,,,,runaway,,,,,,,,the heat the swollen air takes outgrows the limb tables
edge_200nm,all_heats,solar_maximum_stress,True,4.0,1.0,215.27,0.00424547091483034,1986.261622787008,6703.632976906152,19862.616227870076,67036.32976906151,59587.84868361023,201108.98930718456,,,,,,,runaway,,,,,,,,the heat the swollen air takes outgrows the limb tables
edge_200nm,all_heats,solar_maximum_stress,False,4.0,1e-06,215.27,4.24547091483034e-09,0.0019862616227870077,0.0067036329769061525,0.019862616227870073,0.06703632976906151,0.05958784868361022,0.20110898930718454,8.535968246814273e-07,1.850733743163969e-08,8.350894872497876e-07,0.0,0.0,0.0,thermal_column,225.84238605252617,3.0760386838897444,13.686070154720182,0.11750989276888342,2.8811063059160857,0.3408168222621761,False,
edge_200nm,all_heats,solar_maximum_stress,False,4.0,3e-06,215.27,1.2736412744491021e-08,0.0059587848683610245,0.02011089893071846,0.05958784868361022,0.20110898930718457,0.1787635460508307,0.6033269679215536,8.916789133107088e-07,5.559416775860203e-08,8.360847455521067e-07,0.0,0.0,0.0,thermal_column,226.36759259581498,3.0834251518343794,13.621606973089403,0.12468024679501671,2.8718391695418393,0.36046362770771134,False,
edge_200nm,all_heats,solar_maximum_stress,False,4.0,1e-05,215.27,4.245470914830341e-08,0.01986261622787008,0.06703632976906154,0.19862616227870078,0.6703632976906152,0.5958784868361023,2.0110898930718455,1.0257797531404776e-06,1.8617263156575874e-07,8.396071215747188e-07,0.0,0.0,0.0,thermal_column,228.21831701965263,3.109798037277236,13.39656096159047,0.1532976240363753,2.839758933112886,0.43830727656273233,False,
edge_200nm,all_heats,solar_maximum_stress,False,4.0,2e-05,215.27,8.490941829660681e-08,0.03972523245574016,0.13407265953812308,0.39725232455740156,1.3407265953812304,1.1917569736722047,4.022179786143691,1.2197838599751843e-06,3.749732469612906e-07,8.448106130138938e-07,0.0,0.0,0.0,thermal_column,230.8995162438399,3.148982135455032,13.076237149984506,0.20563131446689506,2.7947076303439022,0.5787232219238216,False,
edge_200nm,all_heats,solar_maximum_stress,False,4.0,3e-05,215.27,1.273641274449102e-07,0.05958784868361024,0.2011089893071846,0.5958784868361022,2.0110898930718455,1.7876354605083071,6.033269679215536,1.4165459642539602e-06,5.664578860261932e-07,8.500880782277668e-07,0.0,0.0,0.0,thermal_column,233.61831828847951,3.1899696657587344,12.757998936593033,0.27516961804705964,2.750700550043292,0.7623834148103992,False,
edge_200nm,all_heats,solar_maximum_stress,False,4.0,5e-05,215.27,2.1227354574151702e-07,0.09931308113935039,0.3351816488453076,0.9931308113935038,3.3518164884530757,2.979392434180512,10.055449465359228,1.8185828068580746e-06,9.577114761370716e-07,8.608713307210031e-07,0.0,0.0,0.0,thermal_column,239.14852738528865,3.277609648924691,12.129728154671836,0.48832302411118517,2.665794264756895,1.3117015651598565,False,
edge_200nm,all_heats,solar_maximum_stress,False,4.0,0.0001,215.27,4.2454709148303405e-07,0.19862616227870078,0.6703632976906152,1.9862616227870076,6.703632976906151,5.958784868361024,20.110898930718456,2.876725327350176e-06,1.988200181024201e-06,8.88525146325975e-07,0.0,0.0,0.0,thermal_column,253.13471757856598,3.5306168979070764,10.638335922435289,1.888756674851778,2.4754436788926295,4.715858656475304,True,
edge_200nm,all_heats,solar_maximum_stress,False,4.0,0.00014973364950059516,215.27,6.356898539261773e-07,0.29741020164287324,1.0037594305446973,2.974102016428732,10.037594305446971,8.922306049286195,30.112782916340915,3.999999999998509e-06,3.0852803331013196e-06,9.147196668971897e-07,0.0,0.0,0.0,thermal_column,265.7475369635482,3.8158628019302743,9.375922497632997,5.868863935379977,2.328516910491606,13.796501942784642,True,
edge_200nm,all_heats,solar_maximum_stress,False,4.0,0.0002,215.27,8.490941829660681e-07,0.39725232455740156,1.3407265953812304,3.972523245574015,13.407265953812303,11.917569736722047,40.22179786143691,,,,,,,runaway,,,,,,,,the heat the swollen air takes outgrows the limb tables
edge_200nm,all_heats,solar_maximum_stress,False,4.0,0.0003,215.27,1.273641274449102e-06,0.5958784868361022,2.0110898930718455,5.958784868361022,20.110898930718452,17.87635460508307,60.33269679215535,,,,,,,runaway,,,,,,,,the heat the swollen air takes outgrows the limb tables
edge_200nm,all_heats,solar_maximum_stress,False,4.0,0.0005,215.27,2.12273545741517e-06,0.9931308113935039,3.351816488453076,9.931308113935039,33.51816488453076,29.793924341805113,100.55449465359227,,,,,,,runaway,,,,,,,,the heat the swollen air takes outgrows the limb tables
edge_200nm,all_heats,solar_maximum_stress,False,4.0,0.001,215.27,4.24547091483034e-06,1.9862616227870078,6.703632976906152,19.862616227870078,67.03632976906152,59.587848683610225,201.10898930718454,,,,,,,runaway,,,,,,,,the heat the swollen air takes outgrows the limb tables
edge_200nm,all_heats,solar_maximum_stress,False,4.0,0.002,215.27,8.49094182966068e-06,3.9725232455740156,13.407265953812304,39.725232455740155,134.07265953812305,119.17569736722045,402.2179786143691,,,,,,,runaway,,,,,,,,the heat the swollen air takes outgrows the limb tables
edge_200nm,all_heats,solar_maximum_stress,False,4.0,0.003,215.27,1.2736412744491022e-05,5.958784868361024,20.11089893071846,59.587848683610225,201.10898930718457,178.7635460508307,603.3269679215537,,,,,,,runaway,,,,,,,,the heat the swollen air takes outgrows the limb tables
edge_200nm,all_heats,solar_maximum_stress,False,4.0,0.005,215.27,2.1227354574151702e-05,9.93130811393504,33.51816488453076,99.31308113935037,335.18164884530756,297.93924341805115,1005.5449465359226,,,,,,,runaway,,,,,,,,the heat the swollen air takes outgrows the limb tables
edge_200nm,all_heats,solar_maximum_stress,False,4.0,0.01,215.27,4.2454709148303404e-05,19.86261622787008,67.03632976906152,198.62616227870075,670.3632976906151,595.8784868361023,2011.0898930718452,,,,,,,runaway,,,,,,,,the heat the swollen air takes outgrows the limb tables
edge_200nm,all_heats,solar_maximum_stress,False,4.0,0.02,215.27,8.490941829660681e-05,39.72523245574016,134.07265953812305,397.2523245574015,1340.7265953812303,1191.7569736722046,4022.1797861436903,,,,,,,runaway,,,,,,,,the heat the swollen air takes outgrows the limb tables
edge_200nm,all_heats,solar_maximum_stress,False,4.0,0.03,215.27,0.0001273641274449102,59.587848683610225,201.10898930718454,595.8784868361022,2011.0898930718452,1787.6354605083068,6033.269679215536,,,,,,,runaway,,,,,,,,the heat the swollen air takes outgrows the limb tables
edge_200nm,all_heats,solar_maximum_stress,False,4.0,0.05,215.27,0.00021227354574151702,99.31308113935039,335.1816488453076,993.1308113935038,3351.816488453076,2979.392434180512,10055.449465359226,,,,,,,runaway,,,,,,,,the heat the swollen air takes outgrows the limb tables
edge_200nm,all_heats,solar_maximum_stress,False,4.0,0.1,215.27,0.00042454709148303404,198.62616227870078,670.3632976906152,1986.2616227870076,6703.632976906152,5958.784868361024,20110.898930718453,,,,,,,runaway,,,,,,,,the heat the swollen air takes outgrows the limb tables
edge_200nm,all_heats,solar_maximum_stress,False,4.0,0.3,215.27,0.001273641274449102,595.8784868361023,2011.0898930718456,5958.784868361023,20110.898930718453,17876.35460508307,60332.69679215537,,,,,,,runaway,,,,,,,,the heat the swollen air takes outgrows the limb tables
edge_200nm,all_heats,solar_maximum_stress,False,4.0,1.0,215.27,0.00424547091483034,1986.261622787008,6703.632976906152,19862.616227870076,67036.32976906151,59587.84868361023,201108.98930718456,,,,,,,runaway,,,,,,,,the heat the swollen air takes outgrows the limb tables
