# NASA/JPL Horizons; reference directions are apparent, MOON_ME, east-positive.
# All Julian dates are TT. Blank distance cells were not independently sampled.
# See calendar_ephemeris_inputs.json for queries, response hashes and event windows.
sample,jd_tt,sub_earth_lon_deg,sub_earth_lat_deg,sub_sun_lon_deg,sub_sun_lat_deg,earth_distance_km,sun_distance_km
73d,2451544.500000000000,5.567743000,-6.796551000,248.276339000,0.629269000,400930.760780950,146920926.891151190
2000_sunrise,2451616.166666666977,358.205334000,4.948820000,96.167484000,-1.168238000,,
2000_sunrise,2451616.187500000000,358.224500000,4.925822000,95.913690000,-1.168690000,,
2000_sunrise,2451616.208333333023,358.243682000,4.902692000,95.659900000,-1.169143000,,
2000_sunrise,2451616.229166666977,358.262878000,4.879429000,95.406112000,-1.169597000,,
2000_sunrise,2451616.250000000000,358.282088000,4.856036000,95.152327000,-1.170052000,,
2000_sunrise,2451616.270833333023,358.301312000,4.832512000,94.898545000,-1.170507000,,
2000_sunrise,2451616.291666666977,358.320550000,4.808858000,94.644766000,-1.170963000,,
2000_sunrise,2451616.312500000000,358.339802000,4.785074000,94.390990000,-1.171420000,,
2000_sunrise,2451616.333333333023,358.359067000,4.761162000,94.137216000,-1.171877000,,
2000_sunrise,2451616.354166666977,358.378345000,4.737122000,93.883446000,-1.172335000,,
2000_sunrise,2451616.375000000000,358.397637000,4.712954000,93.629678000,-1.172794000,,
2000_sunrise,2451616.395833333023,358.416941000,4.688659000,93.375914000,-1.173253000,,
2000_sunrise,2451616.416666666977,358.436258000,4.664238000,93.122152000,-1.173713000,,
2000_sunrise,2451616.437500000000,358.455588000,4.639691000,92.868393000,-1.174174000,,
2000_sunrise,2451616.458333333023,358.474929000,4.615019000,92.614638000,-1.174635000,,
2000_sunrise,2451616.479166666977,358.494283000,4.590223000,92.360885000,-1.175097000,,
2000_sunrise,2451616.500000000000,358.513649000,4.565303000,92.107135000,-1.175560000,,
2000_sunrise,2451616.520833333023,358.533027000,4.540261000,91.853388000,-1.176024000,,
2000_sunrise,2451616.541666666977,358.552416000,4.515095000,91.599644000,-1.176488000,,
2000_sunrise,2451616.562500000000,358.571817000,4.489808000,91.345902000,-1.176953000,,
2000_sunrise,2451616.583333333023,358.591228000,4.464400000,91.092164000,-1.177418000,,
2000_sunrise,2451616.604166666977,358.610651000,4.438871000,90.838429000,-1.177885000,,
2000_sunrise,2451616.625000000000,358.630085000,4.413223000,90.584696000,-1.178352000,,
2000_sunrise,2451616.645833333023,358.649529000,4.387455000,90.330967000,-1.178819000,,
2000_sunrise,2451616.666666666977,358.668984000,4.361569000,90.077240000,-1.179288000,,
2000_sunrise,2451616.687500000000,358.688449000,4.335566000,89.823516000,-1.179757000,,
2000_sunrise,2451616.708333333023,358.707924000,4.309445000,89.569796000,-1.180226000,,
2000_sunrise,2451616.729166666977,358.727410000,4.283208000,89.316078000,-1.180697000,,
2000_sunrise,2451616.750000000000,358.746905000,4.256855000,89.062363000,-1.181168000,,
2000_sunrise,2451616.770833333023,358.766409000,4.230387000,88.808651000,-1.181639000,,
2000_sunrise,2451616.791666666977,358.785924000,4.203805000,88.554942000,-1.182112000,,
2000_sunrise,2451616.812500000000,358.805447000,4.177109000,88.301236000,-1.182585000,,
2000_sunrise,2451616.833333333023,358.824980000,4.150300000,88.047532000,-1.183058000,,
2000_sunrise,2451616.854166666977,358.844522000,4.123380000,87.793832000,-1.183533000,,
2000_sunrise,2451616.875000000000,358.864072000,4.096347000,87.540135000,-1.184008000,,
2000_sunrise,2451616.895833333023,358.883631000,4.069204000,87.286440000,-1.184484000,,
2000_sunrise,2451616.916666666977,358.903199000,4.041951000,87.032749000,-1.184960000,,
2000_sunrise,2451616.937500000000,358.922775000,4.014589000,86.779060000,-1.185437000,,
2000_sunrise,2451616.958333333023,358.942359000,3.987118000,86.525374000,-1.185915000,,
2000_sunrise,2451616.979166666977,358.961952000,3.959539000,86.271691000,-1.186393000,,
2000_sunrise,2451617.000000000000,358.981552000,3.931853000,86.018012000,-1.186872000,,
2000_sunrise,2451617.020833333023,359.001160000,3.904061000,85.764335000,-1.187352000,,
2000_sunrise,2451617.041666666977,359.020775000,3.876163000,85.510661000,-1.187832000,,
2000_sunrise,2451617.062500000000,359.040398000,3.848160000,85.256990000,-1.188313000,,
2000_sunrise,2451617.083333333023,359.060028000,3.820053000,85.003321000,-1.188795000,,
2000_sunrise,2451617.104166666977,359.079666000,3.791843000,84.749656000,-1.189277000,,
2000_sunrise,2451617.125000000000,359.099310000,3.763530000,84.495994000,-1.189760000,,
2000_sunrise,2451617.145833333023,359.118961000,3.735115000,84.242334000,-1.190244000,,
2000_sunrise,2451617.166666666977,359.138619000,3.706599000,83.988678000,-1.190728000,,
73d,2451617.500000000000,359.453939000,3.237218000,79.930567000,-1.198564000,369811.414501404,148796983.453577995
2000_sunset,2451630.979166666977,0.127583000,-3.311829000,276.004253000,-1.446022000,,
2000_sunset,2451631.000000000000,0.098926000,-3.287012000,275.750413000,-1.446128000,,
2000_sunset,2451631.020833333023,0.070247000,-3.262136000,275.496570000,-1.446233000,,
2000_sunset,2451631.041666666977,0.041546000,-3.237201000,275.242725000,-1.446337000,,
2000_sunset,2451631.062500000000,0.012826000,-3.212207000,274.988877000,-1.446441000,,
2000_sunset,2451631.083333333023,359.984087000,-3.187155000,274.735025000,-1.446544000,,
2000_sunset,2451631.104166666977,359.955329000,-3.162045000,274.481171000,-1.446647000,,
2000_sunset,2451631.125000000000,359.926554000,-3.136878000,274.227315000,-1.446749000,,
2000_sunset,2451631.145833333023,359.897762000,-3.111653000,273.973455000,-1.446850000,,
2000_sunset,2451631.166666666977,359.868954000,-3.086372000,273.719592000,-1.446951000,,
2000_sunset,2451631.187500000000,359.840131000,-3.061035000,273.465727000,-1.447052000,,
2000_sunset,2451631.208333333023,359.811294000,-3.035642000,273.211859000,-1.447152000,,
2000_sunset,2451631.229166666977,359.782444000,-3.010193000,272.957988000,-1.447251000,,
2000_sunset,2451631.250000000000,359.753582000,-2.984689000,272.704114000,-1.447350000,,
2000_sunset,2451631.270833333023,359.724707000,-2.959131000,272.450238000,-1.447448000,,
2000_sunset,2451631.291666666977,359.695822000,-2.933518000,272.196358000,-1.447545000,,
2000_sunset,2451631.312500000000,359.666927000,-2.907852000,271.942476000,-1.447642000,,
2000_sunset,2451631.333333333023,359.638024000,-2.882132000,271.688591000,-1.447739000,,
2000_sunset,2451631.354166666977,359.609111000,-2.856359000,271.434703000,-1.447835000,,
2000_sunset,2451631.375000000000,359.580192000,-2.830533000,271.180813000,-1.447930000,,
2000_sunset,2451631.395833333023,359.551266000,-2.804655000,270.926919000,-1.448025000,,
2000_sunset,2451631.416666666977,359.522334000,-2.778725000,270.673023000,-1.448120000,,
2000_sunset,2451631.437500000000,359.493398000,-2.752744000,270.419124000,-1.448214000,,
2000_sunset,2451631.458333333023,359.464458000,-2.726712000,270.165222000,-1.448307000,,
2000_sunset,2451631.479166666977,359.435515000,-2.700629000,269.911317000,-1.448400000,,
2000_sunset,2451631.500000000000,359.406569000,-2.674495000,269.657409000,-1.448492000,,
2000_sunset,2451631.520833333023,359.377622000,-2.648312000,269.403499000,-1.448584000,,
2000_sunset,2451631.541666666977,359.348675000,-2.622080000,269.149585000,-1.448675000,,
2000_sunset,2451631.562500000000,359.319728000,-2.595798000,268.895669000,-1.448766000,,
2000_sunset,2451631.583333333023,359.290782000,-2.569468000,268.641750000,-1.448856000,,
2000_sunset,2451631.604166666977,359.261839000,-2.543089000,268.387829000,-1.448946000,,
2000_sunset,2451631.625000000000,359.232898000,-2.516663000,268.133904000,-1.449035000,,
2000_sunset,2451631.645833333023,359.203961000,-2.490189000,267.879977000,-1.449124000,,
2000_sunset,2451631.666666666977,359.175029000,-2.463668000,267.626046000,-1.449212000,,
2000_sunset,2451631.687500000000,359.146102000,-2.437101000,267.372113000,-1.449300000,,
2000_sunset,2451631.708333333023,359.117182000,-2.410487000,267.118178000,-1.449387000,,
2000_sunset,2451631.729166666977,359.088269000,-2.383828000,266.864239000,-1.449474000,,
2000_sunset,2451631.750000000000,359.059364000,-2.357123000,266.610297000,-1.449561000,,
2000_sunset,2451631.770833333023,359.030469000,-2.330373000,266.356353000,-1.449647000,,
2000_sunset,2451631.791666666977,359.001583000,-2.303579000,266.102406000,-1.449732000,,
2000_sunset,2451631.812500000000,358.972708000,-2.276740000,265.848456000,-1.449817000,,
2000_sunset,2451631.833333333023,358.943844000,-2.249857000,265.594503000,-1.449902000,,
2000_sunset,2451631.854166666977,358.914993000,-2.222932000,265.340548000,-1.449986000,,
2000_sunset,2451631.875000000000,358.886155000,-2.195963000,265.086589000,-1.450069000,,
2000_sunset,2451631.895833333023,358.857331000,-2.168952000,264.832628000,-1.450152000,,
2000_sunset,2451631.916666666977,358.828523000,-2.141898000,264.578664000,-1.450235000,,
2000_sunset,2451631.937500000000,358.799730000,-2.114803000,264.324697000,-1.450317000,,
2000_sunset,2451631.958333333023,358.770955000,-2.087667000,264.070727000,-1.450399000,,
2000_sunset,2451631.979166666977,358.742196000,-2.060489000,263.816755000,-1.450480000,,
73d,2451690.500000000000,353.841276000,3.662608000,269.709387000,-1.229395000,397582.131643837,151593240.880257010
73d,2451763.500000000000,7.008303000,-6.399780000,97.300259000,0.571235000,393281.948508757,151708507.420394212
73d,2451836.500000000000,359.252714000,1.257590000,286.833904000,1.513529000,370321.929880659,149107183.578908801
73d,2451909.500000000000,355.512266000,5.345752000,118.375012000,0.189100000,403574.441783842,146886439.423138410
73d,2451982.500000000000,7.088825000,-5.212877000,310.576008000,-1.481688000,382473.085944498,148939238.174436510
73d,2452055.500000000000,357.714661000,-0.651780000,139.862432000,-0.850481000,368773.778168698,151256990.847393006
73d,2452128.500000000000,357.777935000,6.298408000,327.901661000,1.036643000,405787.568502936,152057110.743019611
73d,2452201.500000000000,6.419390000,-3.712254000,157.018033000,1.363726000,373930.502483938,148687984.066452503
73d,2452274.500000000000,356.142103000,-2.269316000,348.882712000,-0.323676000,368751.627476345,147466863.272378087
73d,2452347.500000000000,359.900158000,6.566712000,180.830862000,-1.569902000,406706.198277258,148319451.523979902
73d,2452420.500000000000,3.780912000,-2.300335000,10.302836000,-0.348061000,368490.118308196,151898952.221490711
73d,2452493.500000000000,354.166431000,-3.719819000,198.259926000,1.299925000,373966.504074407,151379070.737416297
73d,2452566.500000000000,2.436020000,6.285429000,27.391068000,1.138517000,405855.695065135,149383810.637010008
73d,2452639.500000000000,1.901766000,-0.731072000,219.308155000,-0.831959000,368329.523828930,146814940.138607889
73d,2452712.500000000000,352.519967000,-5.186845000,51.083457000,-1.467301000,383457.390658555,148902350.807431310
73d,2452785.500000000000,4.430172000,5.363048000,240.826235000,0.159020000,403201.963406657,151315383.445879698
73d,2452858.500000000000,0.841219000,1.186541000,68.467957000,1.499694000,369484.588761345,151865516.819436401
73d,2452931.500000000000,353.251165000,-6.382304000,257.974704000,0.690345000,392782.563954837,148994909.501875997
73d,2453004.500000000000,6.220821000,3.690441000,89.444510000,-1.209738000,397749.409877829,147149964.783175796
73d,2453077.500000000000,359.996708000,3.177385000,281.731178000,-1.181125000,369710.276374974,148768397.299097598
73d,2453150.500000000000,354.425665000,-6.796899000,110.945993000,0.610863000,400731.999291378,151353632.539645106
73d,2453223.500000000000,7.017999000,1.573242000,299.125787000,1.527713000,388867.236029848,151874929.444038391
73d,2453296.500000000000,359.331034000,4.716087000,128.095773000,0.221026000,367757.894217988,148809914.966428995
73d,2453369.500000000000,356.628122000,-6.347406000,320.060154000,-1.495332000,404731.571991925,147426984.799432009
73d,2453442.500000000000,6.024128000,-0.414338000,151.884821000,-0.790811000,378914.857049780,148379134.042976499
73d,2453515.500000000000,356.994256000,5.627847000,341.493717000,1.037766000,365635.473041392,151869169.334905893
73d,2453588.500000000000,358.929481000,-5.285445000,169.347090000,1.406011000,406227.575052010,151341073.454642802
73d,2453661.500000000000,4.927340000,-2.093280000,358.582156000,-0.346540000,372654.999505626,149413188.047416300
73d,2453734.500000000000,354.917835000,6.266989000,190.378269000,-1.516953000,368573.684552839,146758846.330123603
73d,2453807.500000000000,0.911648000,-3.815188000,22.274324000,-0.368834000,406276.103567062,149049324.228651911
73d,2453880.500000000000,2.833176000,-3.560462000,211.916807000,1.359347000,370913.558077038,151190359.011528194
73d,2453953.500000000000,353.268573000,6.701895000,39.665836000,1.105706000,376994.757495610,151999929.347360492
73d,2454026.500000000000,3.260359000,-1.882158000,229.052090000,-0.814145000,405207.070044717,148784613.737023711
73d,2454099.500000000000,1.817212000,-5.047736000,60.600802000,-1.453644000,371213.795381454,147296882.665923804
73d,2454172.500000000000,352.538444000,6.598094000,252.846956000,0.151855000,388556.220947580,148599854.305817008
73d,2454245.500000000000,4.762978000,0.425241000,82.098395000,1.544663000,400804.467235943,151590822.938541204
73d,2454318.500000000000,1.552914000,-6.226557000,270.293486000,0.624683000,370115.459769906,151743833.876940608
73d,2454391.500000000000,353.792931000,5.620055000,99.165950000,-1.158196000,396819.827864380,148969155.900870115
73d,2454464.500000000000,6.118402000,2.708630000,291.240842000,-1.209985000,393961.575412579,147204129.260496110
73d,2454537.500000000000,0.490245000,-6.674502000,122.956784000,0.625362000,366908.611117070,148461215.631178588
73d,2454610.500000000000,355.445237000,3.901946000,312.722339000,1.549759000,402217.642405352,151794059.542952687
73d,2454683.500000000000,6.142738000,4.422733000,140.420712000,0.141716000,385324.621759319,151491816.004050106
73d,2454756.500000000000,359.297931000,-6.496129000,329.754067000,-1.426484000,363868.114420695,149396958.979158610
73d,2454829.500000000000,357.542786000,1.907483000,161.405052000,-0.877114000,404990.838643875,146721720.911508888
73d,2454902.500000000000,4.814187000,5.482364000,353.464187000,1.107224000,377271.238546724,149008426.519765705
73d,2454975.500000000000,356.053742000,-6.057909000,183.026216000,1.325422000,364911.968090768,151135497.224270314
73d,2455048.500000000000,359.576246000,-0.150373000,10.870693000,-0.349289000,405687.000615030,152150384.437146395
73d,2455121.500000000000,4.183917000,6.225822000,200.118375000,-1.522227000,373997.077743187,148744092.193931788
73d,2455194.500000000000,353.764200000,-5.393384000,31.732460000,-0.421447000,371309.457808423,147401951.581550002
73d,2455267.500000000000,1.436977000,-2.283678000,223.918627000,1.397343000,405925.541056108,148335536.563005596
73d,2455340.500000000000,3.050002000,6.683082000,53.297774000,1.012364000,373102.399814348,151716169.939595908
73d,2455413.500000000000,352.768894000,-4.140259000,241.415891000,-0.805644000,382119.989376714,151627029.667988002
73d,2455486.500000000000,3.592243000,-4.335060000,70.322368000,-1.498565000,403735.078290603,149266963.275388688
73d,2455559.500000000000,2.952210000,6.558973000,262.328194000,0.145789000,372241.977501645,147047089.508048207
73d,2455632.500000000000,352.707631000,-2.192266000,94.043027000,1.524102000,392953.670283021,148542055.473452002
73d,2455705.500000000000,4.890858000,-5.906401000,283.929095000,0.552434000,397914.182675169,151535389.773852289
73d,2455778.500000000000,2.358414000,5.689602000,111.539938000,-1.168771000,367980.194137222,151654750.811810613
73d,2455851.500000000000,354.446970000,0.099229000,300.948351000,-1.265851000,399103.208322305,149353348.477287292
73d,2455924.500000000000,5.743927000,-6.614483000,132.423408000,0.633911000,390388.568490050,146884698.499043494
73d,2455997.500000000000,0.487064000,4.375765000,324.654256000,1.491633000,362648.928320097,148902761.002761185
73d,2456070.500000000000,356.049673000,2.225903000,154.093518000,0.109394000,402806.997647904,151099732.370045990
73d,2456143.500000000000,5.645228000,-6.577721000,342.111038000,-1.477570000,382850.229988231,152121554.596952409
73d,2456216.500000000000,358.162339000,3.044700000,171.195903000,-0.871258000,361589.428442433,148772774.130269915
73d,2456289.500000000000,358.112014000,4.029402000,2.898358000,1.067987000,404532.236944020,147513150.031196207
73d,2456362.500000000000,4.584991000,-6.148796000,194.984368000,1.295317000,378147.482144420,148242060.077589810
73d,2456435.500000000000,354.371099000,1.769662000,24.459991000,-0.387872000,366671.151209636,151774543.917664886
73d,2456508.500000000000,0.194773000,5.531861000,212.522723000,-1.560486000,405653.979098030,151439693.936888486
73d,2456581.500000000000,4.426576000,-5.359623000,41.499761000,-0.398996000,375993.107184994,149434275.261579514
73d,2456654.500000000000,352.525908000,0.018297000,233.401848000,1.332777000,376456.287460510,146936692.473811507
73d,2456727.500000000000,2.017604000,6.587148000,65.186400000,1.026764000,404976.219807431,148773596.618855715
73d,2456800.500000000000,3.989440000,-4.026014000,255.041515000,-0.899183000,374164.748669121,151331860.033841014
73d,2456873.500000000000,352.350723000,-2.122624000,82.679698000,-1.464407000,386956.966571919,151781457.548792690
73d,2456946.500000000000,4.162707000,6.827019000,272.094172000,0.126889000,401746.849261651,149139193.450291991
73d,2457019.500000000000,3.682281000,-2.157449000,103.507978000,1.495641000,370346.747857242,147056333.439252913
73d,2457092.500000000000,353.239671000,-4.128317000,295.808367000,0.563749000,395620.935698593,148790406.135362208
73d,2457165.500000000000,4.974279000,6.146641000,125.159376000,-1.256937000,394898.822411035,151250355.210904211
73d,2457238.500000000000,2.237069000,-0.240046000,313.321633000,-1.196347000,363899.092946443,152027436.230178505
73d,2457311.500000000000,355.190216000,-5.547263000,142.225936000,0.575803000,400134.653887068,148829796.440153003
73d,2457384.500000000000,5.526948000,4.869138000,334.106659000,1.525196000,387669.675886912,147444707.471409708
73d,2457457.500000000000,358.892133000,1.278476000,166.034873000,0.068880000,359587.567509142,148227082.976955086
73d,2457530.500000000000,356.903858000,-6.333623000,355.676121000,-1.515468000,402465.822914396,151840102.894421011
73d,2457603.500000000000,5.339029000,3.395330000,183.600371000,-0.806638000,382822.091035004,151419723.450886101
73d,2457676.500000000000,356.024300000,2.671614000,12.647196000,0.999235000,361558.013463027,149510325.023729086
73d,2457749.500000000000,359.022318000,-6.613884000,204.464545000,1.366006000,404486.787738783,146760080.477020204
73d,2457822.500000000000,4.544735000,1.790698000,36.353647000,-0.472786000,379947.687228471,148883638.122400492
73d,2457895.500000000000,352.892139000,4.136094000,226.168648000,-1.512552000,371179.275953142,151213673.315438807
73d,2457968.500000000000,0.959783000,-6.281801000,53.856471000,-0.400122000,404990.145888190,152039659.239073187
73d,2458041.500000000000,4.868058000,-0.191861000,243.191722000,1.348629000,377698.093215409,148983592.495697588
73d,2458114.500000000000,352.073812000,5.610480000,74.617698000,1.048518000,382006.276858207,147172153.905429095
73d,2458187.500000000000,2.640575000,-5.125653000,266.943416000,-0.940783000,403460.335788861,148515668.262644410
73d,2458260.500000000000,4.332414000,-2.299129000,96.318149000,-1.416374000,372569.757886658,151411055.615186691
73d,2458333.500000000000,353.023731000,6.554574000,284.486172000,0.134621000,390720.772535260,151947445.704703987
73d,2458406.500000000000,4.318716000,-3.269058000,113.305133000,1.529312000,399249.136950277,149065186.938408494
73d,2458479.500000000000,3.614348000,-4.059736000,305.264237000,0.566453000,365915.263732982,147308190.660194397
73d,2458552.500000000000,354.347356000,6.653720000,137.080075000,-1.255331000,396910.594877259,148229368.616471589
73d,2458625.500000000000,4.709081000,-1.180617000,326.941535000,-1.161199000,392508.171003865,151725296.812102795
73d,2458698.500000000000,0.955827000,-5.134862000,154.684672000,0.608687000,359823.861061153,151500114.723049313
73d,2458771.500000000000,356.394350000,6.108405000,343.853518000,1.566854000,399753.744360647,149591752.494081706
73d,2458844.500000000000,4.916097000,0.742179000,175.477009000,0.063459000,387347.601773425,146741027.702127695
73d,2458917.500000000000,356.912070000,-5.825993000,7.525767000,-1.466854000,358712.266442416,148876437.702865690
73d,2458990.500000000000,357.799740000,5.108727000,197.268781000,-0.799601000,402344.885944485,151040168.294366688
73d,2459063.500000000000,4.941919000,2.530181000,25.067930000,1.088738000,383870.788109732,152175827.295668989
73d,2459136.500000000000,354.522799000,-6.478790000,214.285444000,1.336081000,365174.820298412,148941081.323374808
73d,2459209.500000000000,359.540316000,3.589454000,45.736332000,-0.397895000,404063.925721219,147399079.633339405
73d,2459282.500000000000,4.949666000,4.285039000,238.046578000,-1.527787000,381479.514980797,148293981.660357207
73d,2459355.500000000000,352.554139000,-6.803257000,67.454307000,-0.333491000,376712.316137552,151500700.330439508
73d,2459428.500000000000,1.285521000,1.489241000,255.642020000,1.391792000,404347.773384371,151714422.939518601
73d,2459501.500000000000,5.464931000,5.758253000,84.449312000,1.041718000,376797.905729962,149300865.166035712
73d,2459574.500000000000,352.894749000,-6.354187000,276.353779000,-0.874473000,386591.255817280,147219159.498564303
73d,2459647.500000000000,2.544664000,-0.891843000,108.160550000,-1.441168000,401777.643001444,148398104.695076704
73d,2459720.500000000000,4.670499000,6.553037000,298.114232000,0.232400000,368324.503054589,151533778.083209693
73d,2459793.500000000000,354.100121000,-5.109342000,125.784128000,1.526311000,392682.776923451,151571188.179864705
73d,2459866.500000000000,3.984018000,-3.019491000,315.078118000,0.594367000,397266.293964418,149501423.483317286
73d,2459939.500000000000,2.966817000,6.612855000,146.509035000,-1.208446000,360716.461687364,146849248.643268496
73d,2460012.500000000000,355.354306000,-3.423115000,338.716055000,-1.198687000,396323.875923613,148870709.078471005
73d,2460085.500000000000,4.197438000,-4.562269000,168.319434000,0.726708000,392133.696675692,151009179.718190402
73d,2460158.500000000000,359.572499000,6.328670000,356.294298000,1.501456000,357369.185190466,152186920.157063603
73d,2460231.500000000000,356.918544000,-1.566099000,185.342548000,0.151497000,399201.540092050,148862136.451983899
73d,2460304.500000000000,4.746127000,-5.702865000,16.932349000,-1.508166000,388197.711890629,147507333.368639588
73d,2460377.500000000000,355.495987000,5.958042000,209.123152000,-0.744199000,361911.062774585,148194799.124823689
73d,2460450.500000000000,357.881187000,0.460034000,38.630621000,1.111860000,402007.029542244,151677248.038767695
73d,2460523.500000000000,5.571838000,-6.515883000,226.776595000,1.320891000,385223.530712057,151552166.330400288
73d,2460596.500000000000,353.762718000,5.102918000,55.568116000,-0.347550000,370677.355294655,149433852.032487512
73d,2460669.500000000000,359.593209000,2.689151000,247.481076000,-1.558649000,404183.811957628,146983663.231045008
73d,2460742.500000000000,5.994754000,-6.766098000,79.291437000,-0.276498000,380541.094033953,148591966.127413601
73d,2460815.500000000000,352.989177000,3.519503000,269.254313000,1.390719000,381468.461815603,151408318.993875504
73d,2460888.500000000000,1.204714000,4.694409000,96.919891000,1.038563000,403685.899465506,151796456.972655594
73d,2460961.500000000000,6.424681000,-6.208716000,286.222072000,-0.865338000,373230.794289194,149336526.989472985
73d,2461034.500000000000,353.678215000,1.432019000,117.581335000,-1.452708000,388802.498829941,146925892.973023891
73d,2461107.500000000000,2.459741000,6.014719000,309.905590000,0.272155000,400375.187516755,148713143.298133403
73d,2461180.500000000000,4.362601000,-5.077436000,139.410892000,1.499110000,363206.702799931,151105710.478330314
73d,2461253.500000000000,354.769758000,-0.686389000,327.500556000,0.610726000,392344.475565235,152184969.249846011
73d,2461326.500000000000,3.911932000,6.546493000,156.378455000,-1.243271000,396498.884873159,148939245.693637788
73d,2461399.500000000000,1.534962000,-3.845270000,348.111970000,-1.167151000,357069.311952628,147482860.227068096
73d,2461472.500000000000,355.545954000,-2.568896000,180.156980000,0.698741000,395643.707104696,148070967.844768792
73d,2461545.500000000000,4.534813000,6.498594000,9.885071000,1.525105000,392359.282556816,151740859.130301207
73d,2461618.500000000000,357.697477000,-2.691504000,197.861119000,0.085628000,358905.042351791,151518420.991716713
73d,2461691.500000000000,356.925970000,-4.319374000,26.745365000,-1.486907000,398822.084831326,149635189.014387190
73d,2461764.500000000000,5.657674000,6.003173000,218.541686000,-0.763210000,389530.226977514,146818826.268481493
73d,2461837.500000000000,354.136780000,-1.255785000,50.407523000,1.090473000,367090.107017473,148652390.004800290
73d,2461910.500000000000,358.042573000,-5.842845000,240.418361000,1.316366000,402731.668128918,151166425.820185989
73d,2461983.500000000000,6.598324000,4.908772000,68.079211000,-0.431151000,384677.395715020,152034517.901376992
73d,2462056.500000000000,353.476618000,0.768221000,257.346358000,-1.521434000,376085.238146195,149259465.198626906
73d,2462129.500000000000,359.798167000,-6.739361000,88.668919000,-0.343832000,404396.620405033,147150867.494029790
73d,2462202.500000000000,6.875884000,3.167064000,281.055773000,1.407845000,377088.419460843,148473408.296596706
73d,2462275.500000000000,353.361840000,2.873245000,110.529651000,0.983132000,384030.470629809,151169318.467847586
73d,2462348.500000000000,1.582256000,-6.714598000,298.704219000,-0.923365000,403021.495261079,152039679.332013488
73d,2462421.500000000000,6.180788000,1.216928000,127.472143000,-1.420719000,368026.370667142,149121764.166771799
73d,2462494.500000000000,354.366092000,4.572128000,319.255513000,0.178333000,388526.231229013,147457677.650529504
2030_twilight_month,2462561.500000000000,4.305684000,-4.094026000,224.421453000,1.505119000,,
2030_twilight_month,2462561.520833333023,4.312232000,-4.119319000,224.167378000,1.505316000,,
2030_twilight_month,2462561.541666666977,4.318720000,-4.144506000,223.913301000,1.505514000,,
2030_twilight_month,2462561.562500000000,4.325147000,-4.169585000,223.659221000,1.505711000,,
2030_twilight_month,2462561.583333333023,4.331513000,-4.194555000,223.405139000,1.505908000,,
2030_twilight_month,2462561.604166666977,4.337818000,-4.219417000,223.151055000,1.506106000,,
2030_twilight_month,2462561.625000000000,4.344062000,-4.244170000,222.896969000,1.506303000,,
2030_twilight_month,2462561.645833333023,4.350244000,-4.268813000,222.642881000,1.506500000,,
2030_twilight_month,2462561.666666666977,4.356365000,-4.293346000,222.388790000,1.506697000,,
2030_twilight_month,2462561.687500000000,4.362424000,-4.317768000,222.134698000,1.506894000,,
2030_twilight_month,2462561.708333333023,4.368422000,-4.342079000,221.880603000,1.507091000,,
2030_twilight_month,2462561.729166666977,4.374357000,-4.366277000,221.626506000,1.507287000,,
2030_twilight_month,2462561.750000000000,4.380231000,-4.390364000,221.372407000,1.507484000,,
2030_twilight_month,2462561.770833333023,4.386042000,-4.414337000,221.118306000,1.507681000,,
2030_twilight_month,2462561.791666666977,4.391790000,-4.438197000,220.864203000,1.507877000,,
2030_twilight_month,2462561.812500000000,4.397476000,-4.461943000,220.610098000,1.508073000,,
2030_twilight_month,2462561.833333333023,4.403099000,-4.485574000,220.355991000,1.508270000,,
2030_twilight_month,2462561.854166666977,4.408659000,-4.509091000,220.101882000,1.508466000,,
2030_twilight_month,2462561.875000000000,4.414156000,-4.532492000,219.847770000,1.508662000,,
2030_twilight_month,2462561.895833333023,4.419589000,-4.555778000,219.593657000,1.508858000,,
2030_twilight_month,2462561.916666666977,4.424958000,-4.578947000,219.339542000,1.509054000,,
2030_twilight_month,2462561.937500000000,4.430264000,-4.601999000,219.085425000,1.509249000,,
2030_twilight_month,2462561.958333333023,4.435506000,-4.624933000,218.831305000,1.509445000,,
2030_twilight_month,2462561.979166666977,4.440683000,-4.647750000,218.577184000,1.509640000,,
2030_twilight_month,2462562.000000000000,4.445796000,-4.670448000,218.323061000,1.509835000,,
2030_twilight_month,2462562.020833333023,4.450845000,-4.693028000,218.068936000,1.510030000,,
2030_twilight_month,2462562.041666666977,4.455828000,-4.715488000,217.814809000,1.510225000,,
2030_twilight_month,2462562.062500000000,4.460747000,-4.737829000,217.560680000,1.510420000,,
2030_twilight_month,2462562.083333333023,4.465600000,-4.760049000,217.306549000,1.510615000,,
2030_twilight_month,2462562.104166666977,4.470388000,-4.782149000,217.052416000,1.510809000,,
2030_twilight_month,2462562.125000000000,4.475110000,-4.804128000,216.798282000,1.511004000,,
2030_twilight_month,2462562.145833333023,4.479766000,-4.825985000,216.544145000,1.511198000,,
2030_twilight_month,2462562.166666666977,4.484357000,-4.847720000,216.290007000,1.511392000,,
2030_twilight_month,2462562.187500000000,4.488881000,-4.869332000,216.035867000,1.511586000,,
2030_twilight_month,2462562.208333333023,4.493338000,-4.890822000,215.781725000,1.511780000,,
2030_twilight_month,2462562.229166666977,4.497729000,-4.912189000,215.527581000,1.511973000,,
2030_twilight_month,2462562.250000000000,4.502052000,-4.933431000,215.273435000,1.512167000,,
2030_twilight_month,2462562.270833333023,4.506309000,-4.954550000,215.019288000,1.512360000,,
2030_twilight_month,2462562.291666666977,4.510498000,-4.975544000,214.765138000,1.512553000,,
2030_twilight_month,2462562.312500000000,4.514619000,-4.996413000,214.510987000,1.512746000,,
2030_twilight_month,2462562.333333333023,4.518673000,-5.017157000,214.256835000,1.512938000,,
2030_twilight_month,2462562.354166666977,4.522658000,-5.037774000,214.002680000,1.513131000,,
2030_twilight_month,2462562.375000000000,4.526576000,-5.058266000,213.748524000,1.513323000,,
2030_twilight_month,2462562.395833333023,4.530424000,-5.078631000,213.494366000,1.513515000,,
2030_twilight_month,2462562.416666666977,4.534204000,-5.098869000,213.240206000,1.513707000,,
2030_twilight_month,2462562.437500000000,4.537914000,-5.118980000,212.986044000,1.513899000,,
2030_twilight_month,2462562.458333333023,4.541556000,-5.138962000,212.731881000,1.514090000,,
2030_twilight_month,2462562.479166666977,4.545128000,-5.158817000,212.477716000,1.514281000,,
2030_twilight_month,2462562.500000000000,4.548630000,-5.178543000,212.223550000,1.514472000,,
2030_twilight_month,2462562.520833333023,4.552062000,-5.198140000,211.969382000,1.514663000,,
2030_twilight_month,2462562.541666666977,4.555423000,-5.217608000,211.715212000,1.514854000,,
2030_twilight_month,2462562.562500000000,4.558715000,-5.236946000,211.461041000,1.515044000,,
2030_twilight_month,2462562.583333333023,4.561935000,-5.256154000,211.206868000,1.515234000,,
2030_twilight_month,2462562.604166666977,4.565085000,-5.275232000,210.952693000,1.515424000,,
2030_twilight_month,2462562.625000000000,4.568163000,-5.294179000,210.698517000,1.515614000,,
2030_twilight_month,2462562.645833333023,4.571169000,-5.312995000,210.444339000,1.515803000,,
2030_twilight_month,2462562.666666666977,4.574104000,-5.331679000,210.190160000,1.515992000,,
2030_twilight_month,2462562.687500000000,4.576967000,-5.350231000,209.935979000,1.516181000,,
2030_twilight_month,2462562.708333333023,4.579758000,-5.368652000,209.681796000,1.516370000,,
2030_twilight_month,2462562.729166666977,4.582476000,-5.386940000,209.427612000,1.516558000,,
2030_twilight_month,2462562.750000000000,4.585121000,-5.405095000,209.173427000,1.516747000,,
2030_twilight_month,2462562.770833333023,4.587693000,-5.423117000,208.919240000,1.516935000,,
2030_twilight_month,2462562.791666666977,4.590192000,-5.441006000,208.665051000,1.517122000,,
2030_twilight_month,2462562.812500000000,4.592617000,-5.458761000,208.410861000,1.517310000,,
2030_twilight_month,2462562.833333333023,4.594968000,-5.476381000,208.156670000,1.517497000,,
2030_twilight_month,2462562.854166666977,4.597246000,-5.493868000,207.902477000,1.517684000,,
2030_twilight_month,2462562.875000000000,4.599448000,-5.511219000,207.648282000,1.517870000,,
2030_twilight_month,2462562.895833333023,4.601577000,-5.528436000,207.394087000,1.518057000,,
2030_twilight_month,2462562.916666666977,4.603630000,-5.545517000,207.139889000,1.518243000,,
2030_twilight_month,2462562.937500000000,4.605608000,-5.562463000,206.885691000,1.518428000,,
2030_twilight_month,2462562.958333333023,4.607511000,-5.579273000,206.631491000,1.518614000,,
2030_twilight_month,2462562.979166666977,4.609337000,-5.595947000,206.377289000,1.518799000,,
2030_twilight_month,2462563.000000000000,4.611088000,-5.612484000,206.123087000,1.518984000,,
2030_twilight_month,2462563.020833333023,4.612763000,-5.628884000,205.868882000,1.519169000,,
2030_twilight_month,2462563.041666666977,4.614361000,-5.645148000,205.614677000,1.519353000,,
2030_twilight_month,2462563.062500000000,4.615882000,-5.661274000,205.360470000,1.519537000,,
2030_twilight_month,2462563.083333333023,4.617326000,-5.677263000,205.106262000,1.519721000,,
2030_twilight_month,2462563.104166666977,4.618693000,-5.693114000,204.852053000,1.519904000,,
2030_twilight_month,2462563.125000000000,4.619982000,-5.708827000,204.597842000,1.520087000,,
2030_twilight_month,2462563.145833333023,4.621193000,-5.724401000,204.343630000,1.520270000,,
2030_twilight_month,2462563.166666666977,4.622326000,-5.739837000,204.089417000,1.520452000,,
2030_twilight_month,2462563.187500000000,4.623380000,-5.755134000,203.835202000,1.520634000,,
2030_twilight_month,2462563.208333333023,4.624356000,-5.770293000,203.580987000,1.520816000,,
2030_twilight_month,2462563.229166666977,4.625253000,-5.785311000,203.326770000,1.520998000,,
2030_twilight_month,2462563.250000000000,4.626070000,-5.800191000,203.072551000,1.521179000,,
2030_twilight_month,2462563.270833333023,4.626807000,-5.814930000,202.818332000,1.521360000,,
2030_twilight_month,2462563.291666666977,4.627465000,-5.829530000,202.564112000,1.521540000,,
2030_twilight_month,2462563.312500000000,4.628043000,-5.843990000,202.309890000,1.521720000,,
2030_twilight_month,2462563.333333333023,4.628540000,-5.858309000,202.055667000,1.521900000,,
2030_twilight_month,2462563.354166666977,4.628957000,-5.872487000,201.801443000,1.522080000,,
2030_twilight_month,2462563.375000000000,4.629292000,-5.886525000,201.547218000,1.522259000,,
2030_twilight_month,2462563.395833333023,4.629546000,-5.900422000,201.292991000,1.522438000,,
2030_twilight_month,2462563.416666666977,4.629719000,-5.914178000,201.038764000,1.522616000,,
2030_twilight_month,2462563.437500000000,4.629809000,-5.927792000,200.784535000,1.522794000,,
2030_twilight_month,2462563.458333333023,4.629818000,-5.941264000,200.530306000,1.522972000,,
2030_twilight_month,2462563.479166666977,4.629744000,-5.954595000,200.276075000,1.523149000,,
2030_twilight_month,2462563.500000000000,4.629588000,-5.967784000,200.021843000,1.523326000,,
2030_twilight_month,2462563.520833333023,4.629348000,-5.980831000,199.767610000,1.523503000,,
2030_twilight_month,2462563.541666666977,4.629025000,-5.993735000,199.513377000,1.523679000,,
2030_twilight_month,2462563.562500000000,4.628619000,-6.006497000,199.259142000,1.523855000,,
2030_twilight_month,2462563.583333333023,4.628129000,-6.019117000,199.004906000,1.524031000,,
2030_twilight_month,2462563.604166666977,4.627555000,-6.031593000,198.750669000,1.524206000,,
2030_twilight_month,2462563.625000000000,4.626896000,-6.043927000,198.496431000,1.524381000,,
2030_twilight_month,2462563.645833333023,4.626152000,-6.056117000,198.242192000,1.524555000,,
2030_twilight_month,2462563.666666666977,4.625324000,-6.068165000,197.987953000,1.524729000,,
2030_twilight_month,2462563.687500000000,4.624411000,-6.080069000,197.733712000,1.524903000,,
2030_twilight_month,2462563.708333333023,4.623412000,-6.091829000,197.479470000,1.525076000,,
2030_twilight_month,2462563.729166666977,4.622327000,-6.103446000,197.225228000,1.525249000,,
2030_twilight_month,2462563.750000000000,4.621156000,-6.114918000,196.970984000,1.525421000,,
2030_twilight_month,2462563.770833333023,4.619898000,-6.126247000,196.716740000,1.525593000,,
2030_twilight_month,2462563.791666666977,4.618554000,-6.137432000,196.462494000,1.525765000,,
2030_twilight_month,2462563.812500000000,4.617124000,-6.148473000,196.208248000,1.525936000,,
2030_twilight_month,2462563.833333333023,4.615606000,-6.159370000,195.954001000,1.526107000,,
2030_twilight_month,2462563.854166666977,4.614000000,-6.170122000,195.699753000,1.526277000,,
2030_twilight_month,2462563.875000000000,4.612307000,-6.180729000,195.445505000,1.526447000,,
2030_twilight_month,2462563.895833333023,4.610525000,-6.191193000,195.191255000,1.526617000,,
2030_twilight_month,2462563.916666666977,4.608656000,-6.201511000,194.937005000,1.526786000,,
2030_twilight_month,2462563.937500000000,4.606698000,-6.211684000,194.682754000,1.526955000,,
2030_twilight_month,2462563.958333333023,4.604651000,-6.221713000,194.428502000,1.527123000,,
2030_twilight_month,2462563.979166666977,4.602514000,-6.231597000,194.174249000,1.527291000,,
2030_twilight_month,2462564.000000000000,4.600289000,-6.241335000,193.919996000,1.527459000,,
2030_twilight_month,2462564.020833333023,4.597974000,-6.250929000,193.665742000,1.527626000,,
2030_twilight_month,2462564.041666666977,4.595568000,-6.260377000,193.411487000,1.527793000,,
2030_twilight_month,2462564.062500000000,4.593073000,-6.269680000,193.157231000,1.527959000,,
2030_twilight_month,2462564.083333333023,4.590487000,-6.278838000,192.902975000,1.528125000,,
2030_twilight_month,2462564.104166666977,4.587811000,-6.287851000,192.648718000,1.528290000,,
2030_twilight_month,2462564.125000000000,4.585043000,-6.296717000,192.394461000,1.528455000,,
2030_twilight_month,2462564.145833333023,4.582184000,-6.305439000,192.140202000,1.528619000,,
2030_twilight_month,2462564.166666666977,4.579234000,-6.314015000,191.885943000,1.528783000,,
2030_twilight_month,2462564.187500000000,4.576192000,-6.322445000,191.631684000,1.528947000,,
2030_twilight_month,2462564.208333333023,4.573057000,-6.330730000,191.377423000,1.529110000,,
2030_twilight_month,2462564.229166666977,4.569831000,-6.338868000,191.123163000,1.529273000,,
2030_twilight_month,2462564.250000000000,4.566511000,-6.346862000,190.868901000,1.529435000,,
2030_twilight_month,2462564.270833333023,4.563099000,-6.354709000,190.614639000,1.529597000,,
2030_twilight_month,2462564.291666666977,4.559594000,-6.362411000,190.360376000,1.529758000,,
2030_twilight_month,2462564.312500000000,4.555996000,-6.369967000,190.106113000,1.529919000,,
2030_twilight_month,2462564.333333333023,4.552304000,-6.377377000,189.851850000,1.530080000,,
2030_twilight_month,2462564.354166666977,4.548518000,-6.384641000,189.597585000,1.530240000,,
2030_twilight_month,2462564.375000000000,4.544638000,-6.391760000,189.343320000,1.530399000,,
2030_twilight_month,2462564.395833333023,4.540663000,-6.398732000,189.089055000,1.530558000,,
2030_twilight_month,2462564.416666666977,4.536594000,-6.405559000,188.834789000,1.530717000,,
2030_twilight_month,2462564.437500000000,4.532430000,-6.412240000,188.580523000,1.530875000,,
2030_twilight_month,2462564.458333333023,4.528171000,-6.418775000,188.326256000,1.531032000,,
2030_twilight_month,2462564.479166666977,4.523817000,-6.425164000,188.071989000,1.531190000,,
2030_twilight_month,2462564.500000000000,4.519367000,-6.431407000,187.817721000,1.531346000,,
2030_twilight_month,2462564.520833333023,4.514821000,-6.437505000,187.563453000,1.531503000,,
2030_twilight_month,2462564.541666666977,4.510179000,-6.443457000,187.309185000,1.531658000,,
2030_twilight_month,2462564.562500000000,4.505441000,-6.449263000,187.054916000,1.531813000,,
2030_twilight_month,2462564.583333333023,4.500606000,-6.454923000,186.800646000,1.531968000,,
2030_twilight_month,2462564.604166666977,4.495674000,-6.460438000,186.546377000,1.532122000,,
2030_twilight_month,2462564.625000000000,4.490646000,-6.465807000,186.292107000,1.532276000,,
2030_twilight_month,2462564.645833333023,4.485520000,-6.471030000,186.037836000,1.532430000,,
2030_twilight_month,2462564.666666666977,4.480297000,-6.476108000,185.783565000,1.532582000,,
2030_twilight_month,2462564.687500000000,4.474976000,-6.481041000,185.529294000,1.532735000,,
2030_twilight_month,2462564.708333333023,4.469557000,-6.485827000,185.275023000,1.532886000,,
2030_twilight_month,2462564.729166666977,4.464040000,-6.490469000,185.020751000,1.533038000,,
2030_twilight_month,2462564.750000000000,4.458425000,-6.494965000,184.766479000,1.533189000,,
2030_twilight_month,2462564.770833333023,4.452711000,-6.499315000,184.512206000,1.533339000,,
2030_twilight_month,2462564.791666666977,4.446898000,-6.503521000,184.257934000,1.533489000,,
2030_twilight_month,2462564.812500000000,4.440986000,-6.507581000,184.003661000,1.533638000,,
2030_twilight_month,2462564.833333333023,4.434975000,-6.511496000,183.749387000,1.533787000,,
2030_twilight_month,2462564.854166666977,4.428865000,-6.515266000,183.495114000,1.533935000,,
2030_twilight_month,2462564.875000000000,4.422655000,-6.518891000,183.240840000,1.534083000,,
2030_twilight_month,2462564.895833333023,4.416345000,-6.522372000,182.986567000,1.534230000,,
2030_twilight_month,2462564.916666666977,4.409936000,-6.525707000,182.732292000,1.534377000,,
2030_twilight_month,2462564.937500000000,4.403425000,-6.528898000,182.478018000,1.534523000,,
2030_twilight_month,2462564.958333333023,4.396815000,-6.531944000,182.223744000,1.534669000,,
2030_twilight_month,2462564.979166666977,4.390104000,-6.534846000,181.969469000,1.534814000,,
2030_twilight_month,2462565.000000000000,4.383292000,-6.537603000,181.715194000,1.534959000,,
2030_twilight_month,2462565.020833333023,4.376379000,-6.540216000,181.460920000,1.535103000,,
2030_twilight_month,2462565.041666666977,4.369365000,-6.542685000,181.206645000,1.535247000,,
2030_twilight_month,2462565.062500000000,4.362250000,-6.545010000,180.952369000,1.535390000,,
2030_twilight_month,2462565.083333333023,4.355033000,-6.547190000,180.698094000,1.535533000,,
2030_twilight_month,2462565.104166666977,4.347714000,-6.549227000,180.443819000,1.535675000,,
2030_twilight_month,2462565.125000000000,4.340293000,-6.551120000,180.189543000,1.535816000,,
2030_twilight_month,2462565.145833333023,4.332770000,-6.552870000,179.935268000,1.535957000,,
2030_twilight_month,2462565.166666666977,4.325145000,-6.554476000,179.680993000,1.536098000,,
2030_twilight_month,2462565.187500000000,4.317418000,-6.555939000,179.426717000,1.536238000,,
2030_twilight_month,2462565.208333333023,4.309588000,-6.557258000,179.172441000,1.536377000,,
2030_twilight_month,2462565.229166666977,4.301655000,-6.558434000,178.918166000,1.536516000,,
2030_twilight_month,2462565.250000000000,4.293620000,-6.559468000,178.663890000,1.536655000,,
2030_twilight_month,2462565.270833333023,4.285481000,-6.560358000,178.409615000,1.536792000,,
2030_twilight_month,2462565.291666666977,4.277239000,-6.561106000,178.155339000,1.536930000,,
2030_twilight_month,2462565.312500000000,4.268894000,-6.561712000,177.901063000,1.537067000,,
2030_twilight_month,2462565.333333333023,4.260445000,-6.562175000,177.646788000,1.537203000,,
2030_twilight_month,2462565.354166666977,4.251892000,-6.562496000,177.392512000,1.537339000,,
2030_twilight_month,2462565.375000000000,4.243236000,-6.562675000,177.138237000,1.537474000,,
2030_twilight_month,2462565.395833333023,4.234476000,-6.562712000,176.883962000,1.537608000,,
2030_twilight_month,2462565.416666666977,4.225611000,-6.562607000,176.629686000,1.537742000,,
2030_twilight_month,2462565.437500000000,4.216642000,-6.562360000,176.375411000,1.537876000,,
2030_twilight_month,2462565.458333333023,4.207570000,-6.561973000,176.121136000,1.538009000,,
2030_twilight_month,2462565.479166666977,4.198392000,-6.561444000,175.866861000,1.538141000,,
2030_twilight_month,2462565.500000000000,4.189110000,-6.560774000,175.612587000,1.538273000,,
2030_twilight_month,2462565.520833333023,4.179723000,-6.559963000,175.358312000,1.538405000,,
2030_twilight_month,2462565.541666666977,4.170232000,-6.559012000,175.104038000,1.538535000,,
2030_twilight_month,2462565.562500000000,4.160635000,-6.557920000,174.849763000,1.538666000,,
2030_twilight_month,2462565.583333333023,4.150933000,-6.556688000,174.595489000,1.538795000,,
2030_twilight_month,2462565.604166666977,4.141127000,-6.555316000,174.341215000,1.538925000,,
2030_twilight_month,2462565.625000000000,4.131214000,-6.553803000,174.086942000,1.539053000,,
2030_twilight_month,2462565.645833333023,4.121197000,-6.552152000,173.832668000,1.539181000,,
2030_twilight_month,2462565.666666666977,4.111074000,-6.550360000,173.578395000,1.539309000,,
2030_twilight_month,2462565.687500000000,4.100845000,-6.548430000,173.324122000,1.539436000,,
2030_twilight_month,2462565.708333333023,4.090511000,-6.546360000,173.069849000,1.539562000,,
2030_twilight_month,2462565.729166666977,4.080071000,-6.544151000,172.815577000,1.539688000,,
2030_twilight_month,2462565.750000000000,4.069525000,-6.541804000,172.561305000,1.539813000,,
2030_twilight_month,2462565.770833333023,4.058873000,-6.539318000,172.307033000,1.539938000,,
2030_twilight_month,2462565.791666666977,4.048115000,-6.536694000,172.052761000,1.540062000,,
2030_twilight_month,2462565.812500000000,4.037252000,-6.533932000,171.798490000,1.540186000,,
2030_twilight_month,2462565.833333333023,4.026281000,-6.531032000,171.544219000,1.540309000,,
2030_twilight_month,2462565.854166666977,4.015205000,-6.527995000,171.289948000,1.540431000,,
2030_twilight_month,2462565.875000000000,4.004023000,-6.524820000,171.035678000,1.540553000,,
2030_twilight_month,2462565.895833333023,3.992734000,-6.521508000,170.781408000,1.540674000,,
2030_twilight_month,2462565.916666666977,3.981338000,-6.518060000,170.527138000,1.540795000,,
2030_twilight_month,2462565.937500000000,3.969837000,-6.514474000,170.272869000,1.540915000,,
2030_twilight_month,2462565.958333333023,3.958228000,-6.510753000,170.018600000,1.541035000,,
2030_twilight_month,2462565.979166666977,3.946513000,-6.506895000,169.764332000,1.541154000,,
2030_twilight_month,2462566.000000000000,3.934692000,-6.502901000,169.510064000,1.541273000,,
2030_twilight_month,2462566.020833333023,3.922764000,-6.498771000,169.255796000,1.541391000,,
2030_twilight_month,2462566.041666666977,3.910729000,-6.494506000,169.001529000,1.541508000,,
2030_twilight_month,2462566.062500000000,3.898588000,-6.490106000,168.747263000,1.541625000,,
2030_twilight_month,2462566.083333333023,3.886339000,-6.485571000,168.492996000,1.541741000,,
2030_twilight_month,2462566.104166666977,3.873984000,-6.480901000,168.238731000,1.541857000,,
2030_twilight_month,2462566.125000000000,3.861523000,-6.476097000,167.984465000,1.541972000,,
2030_twilight_month,2462566.145833333023,3.848954000,-6.471159000,167.730201000,1.542087000,,
2030_twilight_month,2462566.166666666977,3.836279000,-6.466087000,167.475936000,1.542201000,,
2030_twilight_month,2462566.187500000000,3.823496000,-6.460881000,167.221673000,1.542314000,,
2030_twilight_month,2462566.208333333023,3.810607000,-6.455542000,166.967409000,1.542427000,,
2030_twilight_month,2462566.229166666977,3.797611000,-6.450069000,166.713147000,1.542539000,,
2030_twilight_month,2462566.250000000000,3.784509000,-6.444464000,166.458885000,1.542651000,,
2030_twilight_month,2462566.270833333023,3.771299000,-6.438727000,166.204623000,1.542762000,,
2030_twilight_month,2462566.291666666977,3.757983000,-6.432857000,165.950362000,1.542873000,,
2030_twilight_month,2462566.312500000000,3.744560000,-6.426855000,165.696101000,1.542983000,,
2030_twilight_month,2462566.333333333023,3.731030000,-6.420722000,165.441842000,1.543092000,,
2030_twilight_month,2462566.354166666977,3.717393000,-6.414457000,165.187582000,1.543201000,,
2030_twilight_month,2462566.375000000000,3.703650000,-6.408060000,164.933324000,1.543309000,,
2030_twilight_month,2462566.395833333023,3.689799000,-6.401533000,164.679066000,1.543417000,,
2030_twilight_month,2462566.416666666977,3.675843000,-6.394876000,164.424808000,1.543524000,,
2030_twilight_month,2462566.437500000000,3.661779000,-6.388088000,164.170552000,1.543631000,,
2030_twilight_month,2462566.458333333023,3.647609000,-6.381170000,163.916295000,1.543737000,,
2030_twilight_month,2462566.479166666977,3.633332000,-6.374123000,163.662040000,1.543842000,,
2030_twilight_month,2462566.500000000000,3.618949000,-6.366946000,163.407785000,1.543947000,,
2030_twilight_month,2462566.520833333023,3.604460000,-6.359640000,163.153531000,1.544052000,,
2030_twilight_month,2462566.541666666977,3.589864000,-6.352205000,162.899278000,1.544155000,,
2030_twilight_month,2462566.562500000000,3.575161000,-6.344642000,162.645025000,1.544259000,,
2030_twilight_month,2462566.583333333023,3.560353000,-6.336951000,162.390773000,1.544361000,,
2030_twilight_month,2462566.604166666977,3.545438000,-6.329132000,162.136522000,1.544463000,,
2030_twilight_month,2462566.625000000000,3.530417000,-6.321185000,161.882272000,1.544565000,,
2030_twilight_month,2462566.645833333023,3.515290000,-6.313111000,161.628022000,1.544666000,,
2030_twilight_month,2462566.666666666977,3.500057000,-6.304910000,161.373773000,1.544766000,,
2030_twilight_month,2462566.687500000000,3.484718000,-6.296582000,161.119525000,1.544866000,,
2030_twilight_month,2462566.708333333023,3.469274000,-6.288128000,160.865277000,1.544965000,,
2030_twilight_month,2462566.729166666977,3.453723000,-6.279549000,160.611031000,1.545063000,,
2030_twilight_month,2462566.750000000000,3.438067000,-6.270843000,160.356785000,1.545161000,,
2030_twilight_month,2462566.770833333023,3.422306000,-6.262012000,160.102540000,1.545259000,,
2030_twilight_month,2462566.791666666977,3.406439000,-6.253056000,159.848296000,1.545356000,,
2030_twilight_month,2462566.812500000000,3.390467000,-6.243976000,159.594052000,1.545452000,,
2030_twilight_month,2462566.833333333023,3.374389000,-6.234771000,159.339810000,1.545548000,,
2030_twilight_month,2462566.854166666977,3.358207000,-6.225442000,159.085568000,1.545643000,,
2030_twilight_month,2462566.875000000000,3.341920000,-6.215989000,158.831327000,1.545738000,,
2030_twilight_month,2462566.895833333023,3.325527000,-6.206413000,158.577088000,1.545832000,,
2030_twilight_month,2462566.916666666977,3.309031000,-6.196713000,158.322848000,1.545925000,,
2030_twilight_month,2462566.937500000000,3.292429000,-6.186892000,158.068610000,1.546018000,,
2030_twilight_month,2462566.958333333023,3.275723000,-6.176947000,157.814373000,1.546110000,,
2030_twilight_month,2462566.979166666977,3.258913000,-6.166881000,157.560137000,1.546202000,,
2030_twilight_month,2462567.000000000000,3.241999000,-6.156693000,157.305901000,1.546293000,,
2030_twilight_month,2462567.020833333023,3.224981000,-6.146384000,157.051667000,1.546384000,,
2030_twilight_month,2462567.041666666977,3.207859000,-6.135953000,156.797433000,1.546474000,,
2030_twilight_month,2462567.062500000000,3.190633000,-6.125402000,156.543201000,1.546564000,,
2030_twilight_month,2462567.083333333023,3.173304000,-6.114731000,156.288969000,1.546653000,,
2030_twilight_month,2462567.104166666977,3.155871000,-6.103939000,156.034738000,1.546741000,,
2030_twilight_month,2462567.125000000000,3.138336000,-6.093028000,155.780509000,1.546829000,,
2030_twilight_month,2462567.145833333023,3.120697000,-6.081998000,155.526280000,1.546916000,,
2030_twilight_month,2462567.166666666977,3.102955000,-6.070849000,155.272052000,1.547003000,,
2030_twilight_month,2462567.187500000000,3.085111000,-6.059581000,155.017826000,1.547089000,,
2030_twilight_month,2462567.208333333023,3.067165000,-6.048195000,154.763600000,1.547174000,,
2030_twilight_month,2462567.229166666977,3.049116000,-6.036691000,154.509375000,1.547259000,,
2030_twilight_month,2462567.250000000000,3.030965000,-6.025070000,154.255152000,1.547344000,,
2030_twilight_month,2462567.270833333023,3.012713000,-6.013331000,154.000929000,1.547428000,,
2030_twilight_month,2462567.291666666977,2.994358000,-6.001476000,153.746708000,1.547511000,,
2030_twilight_month,2462567.312500000000,2.975903000,-5.989504000,153.492487000,1.547594000,,
2030_twilight_month,2462567.333333333023,2.957346000,-5.977416000,153.238268000,1.547676000,,
2030_twilight_month,2462567.354166666977,2.938688000,-5.965212000,152.984050000,1.547757000,,
2030_twilight_month,2462567.375000000000,2.919929000,-5.952893000,152.729833000,1.547838000,,
2030_twilight_month,2462567.395833333023,2.901070000,-5.940459000,152.475617000,1.547919000,,
2030_twilight_month,2462567.416666666977,2.882110000,-5.927911000,152.221402000,1.547999000,,
2030_twilight_month,2462567.437500000000,2.863051000,-5.915248000,151.967188000,1.548078000,,
2030_twilight_month,2462567.458333333023,2.843891000,-5.902471000,151.712975000,1.548157000,,
2030_twilight_month,2462567.479166666977,2.824632000,-5.889581000,151.458764000,1.548235000,,
2030_twilight_month,2462567.500000000000,2.805274000,-5.876577000,151.204553000,1.548313000,,
73d,2462567.500000000000,2.805274000,-5.876577000,151.204553000,1.548313000,399759.097599664,148097236.703449994
2030_twilight_month,2462567.520833333023,2.785816000,-5.863461000,150.950344000,1.548390000,,
2030_twilight_month,2462567.541666666977,2.766260000,-5.850232000,150.696136000,1.548467000,,
2030_twilight_month,2462567.562500000000,2.746605000,-5.836891000,150.441929000,1.548543000,,
2030_twilight_month,2462567.583333333023,2.726852000,-5.823439000,150.187724000,1.548618000,,
2030_twilight_month,2462567.604166666977,2.707001000,-5.809875000,149.933519000,1.548693000,,
2030_twilight_month,2462567.625000000000,2.687051000,-5.796201000,149.679316000,1.548768000,,
2030_twilight_month,2462567.645833333023,2.667005000,-5.782416000,149.425114000,1.548842000,,
2030_twilight_month,2462567.666666666977,2.646861000,-5.768520000,149.170913000,1.548915000,,
2030_twilight_month,2462567.687500000000,2.626620000,-5.754515000,148.916713000,1.548988000,,
2030_twilight_month,2462567.708333333023,2.606283000,-5.740401000,148.662515000,1.549060000,,
2030_twilight_month,2462567.729166666977,2.585849000,-5.726177000,148.408318000,1.549131000,,
2030_twilight_month,2462567.750000000000,2.565319000,-5.711845000,148.154122000,1.549203000,,
2030_twilight_month,2462567.770833333023,2.544694000,-5.697405000,147.899927000,1.549273000,,
2030_twilight_month,2462567.791666666977,2.523973000,-5.682856000,147.645734000,1.549343000,,
2030_twilight_month,2462567.812500000000,2.503156000,-5.668201000,147.391542000,1.549413000,,
2030_twilight_month,2462567.833333333023,2.482245000,-5.653438000,147.137351000,1.549481000,,
2030_twilight_month,2462567.854166666977,2.461240000,-5.638568000,146.883162000,1.549550000,,
2030_twilight_month,2462567.875000000000,2.440140000,-5.623592000,146.628974000,1.549618000,,
2030_twilight_month,2462567.895833333023,2.418947000,-5.608510000,146.374787000,1.549685000,,
2030_twilight_month,2462567.916666666977,2.397660000,-5.593323000,146.120601000,1.549752000,,
2030_twilight_month,2462567.937500000000,2.376279000,-5.578030000,145.866417000,1.549818000,,
2030_twilight_month,2462567.958333333023,2.354806000,-5.562633000,145.612234000,1.549884000,,
2030_twilight_month,2462567.979166666977,2.333240000,-5.547131000,145.358053000,1.549949000,,
2030_twilight_month,2462568.000000000000,2.311582000,-5.531525000,145.103873000,1.550014000,,
2030_twilight_month,2462568.020833333023,2.289833000,-5.515816000,144.849694000,1.550078000,,
2030_twilight_month,2462568.041666666977,2.267992000,-5.500003000,144.595517000,1.550141000,,
2030_twilight_month,2462568.062500000000,2.246059000,-5.484087000,144.341341000,1.550204000,,
2030_twilight_month,2462568.083333333023,2.224036000,-5.468069000,144.087166000,1.550267000,,
2030_twilight_month,2462568.104166666977,2.201923000,-5.451949000,143.832993000,1.550329000,,
2030_twilight_month,2462568.125000000000,2.179720000,-5.435728000,143.578822000,1.550390000,,
2030_twilight_month,2462568.145833333023,2.157427000,-5.419405000,143.324651000,1.550451000,,
2030_twilight_month,2462568.166666666977,2.135044000,-5.402981000,143.070482000,1.550511000,,
2030_twilight_month,2462568.187500000000,2.112573000,-5.386457000,142.816315000,1.550571000,,
2030_twilight_month,2462568.208333333023,2.090014000,-5.369833000,142.562149000,1.550631000,,
2030_twilight_month,2462568.229166666977,2.067366000,-5.353109000,142.307984000,1.550689000,,
2030_twilight_month,2462568.250000000000,2.044631000,-5.336285000,142.053821000,1.550748000,,
2030_twilight_month,2462568.270833333023,2.021808000,-5.319363000,141.799660000,1.550805000,,
2030_twilight_month,2462568.291666666977,1.998899000,-5.302343000,141.545500000,1.550863000,,
2030_twilight_month,2462568.312500000000,1.975903000,-5.285224000,141.291341000,1.550919000,,
2030_twilight_month,2462568.333333333023,1.952821000,-5.268008000,141.037184000,1.550976000,,
2030_twilight_month,2462568.354166666977,1.929653000,-5.250694000,140.783028000,1.551031000,,
2030_twilight_month,2462568.375000000000,1.906400000,-5.233283000,140.528874000,1.551086000,,
2030_twilight_month,2462568.395833333023,1.883062000,-5.215776000,140.274721000,1.551141000,,
2030_twilight_month,2462568.416666666977,1.859640000,-5.198173000,140.020570000,1.551195000,,
2030_twilight_month,2462568.437500000000,1.836134000,-5.180474000,139.766421000,1.551249000,,
2030_twilight_month,2462568.458333333023,1.812544000,-5.162680000,139.512273000,1.551302000,,
2030_twilight_month,2462568.479166666977,1.788871000,-5.144792000,139.258126000,1.551354000,,
2030_twilight_month,2462568.500000000000,1.765116000,-5.126808000,139.003981000,1.551407000,,
2030_twilight_month,2462568.520833333023,1.741279000,-5.108731000,138.749838000,1.551458000,,
2030_twilight_month,2462568.541666666977,1.717359000,-5.090559000,138.495696000,1.551509000,,
2030_twilight_month,2462568.562500000000,1.693359000,-5.072295000,138.241556000,1.551560000,,
2030_twilight_month,2462568.583333333023,1.669277000,-5.053938000,137.987417000,1.551610000,,
2030_twilight_month,2462568.604166666977,1.645116000,-5.035488000,137.733280000,1.551659000,,
2030_twilight_month,2462568.625000000000,1.620874000,-5.016946000,137.479145000,1.551709000,,
2030_twilight_month,2462568.645833333023,1.596553000,-4.998313000,137.225011000,1.551757000,,
2030_twilight_month,2462568.666666666977,1.572153000,-4.979588000,136.970879000,1.551805000,,
2030_twilight_month,2462568.687500000000,1.547675000,-4.960773000,136.716748000,1.551853000,,
2030_twilight_month,2462568.708333333023,1.523118000,-4.941867000,136.462619000,1.551900000,,
2030_twilight_month,2462568.729166666977,1.498484000,-4.922871000,136.208492000,1.551946000,,
2030_twilight_month,2462568.750000000000,1.473773000,-4.903785000,135.954366000,1.551992000,,
2030_twilight_month,2462568.770833333023,1.448986000,-4.884611000,135.700242000,1.552038000,,
2030_twilight_month,2462568.791666666977,1.424122000,-4.865347000,135.446120000,1.552083000,,
2030_twilight_month,2462568.812500000000,1.399183000,-4.845995000,135.191999000,1.552128000,,
2030_twilight_month,2462568.833333333023,1.374169000,-4.826555000,134.937880000,1.552172000,,
2030_twilight_month,2462568.854166666977,1.349080000,-4.807028000,134.683763000,1.552215000,,
2030_twilight_month,2462568.875000000000,1.323918000,-4.787413000,134.429647000,1.552259000,,
2030_twilight_month,2462568.895833333023,1.298681000,-4.767711000,134.175533000,1.552301000,,
2030_twilight_month,2462568.916666666977,1.273372000,-4.747923000,133.921421000,1.552343000,,
2030_twilight_month,2462568.937500000000,1.247991000,-4.728050000,133.667311000,1.552385000,,
2030_twilight_month,2462568.958333333023,1.222537000,-4.708090000,133.413202000,1.552426000,,
2030_twilight_month,2462568.979166666977,1.197012000,-4.688046000,133.159095000,1.552467000,,
2030_twilight_month,2462569.000000000000,1.171417000,-4.667917000,132.904989000,1.552507000,,
2030_twilight_month,2462569.020833333023,1.145751000,-4.647703000,132.650886000,1.552547000,,
2030_twilight_month,2462569.041666666977,1.120015000,-4.627406000,132.396784000,1.552586000,,
2030_twilight_month,2462569.062500000000,1.094210000,-4.607025000,132.142684000,1.552625000,,
2030_twilight_month,2462569.083333333023,1.068336000,-4.586561000,131.888585000,1.552663000,,
2030_twilight_month,2462569.104166666977,1.042394000,-4.566014000,131.634489000,1.552701000,,
2030_twilight_month,2462569.125000000000,1.016385000,-4.545385000,131.380394000,1.552739000,,
2030_twilight_month,2462569.145833333023,0.990308000,-4.524674000,131.126301000,1.552776000,,
2030_twilight_month,2462569.166666666977,0.964165000,-4.503882000,130.872209000,1.552812000,,
2030_twilight_month,2462569.187500000000,0.937956000,-4.483008000,130.618120000,1.552848000,,
2030_twilight_month,2462569.208333333023,0.911682000,-4.462054000,130.364032000,1.552884000,,
2030_twilight_month,2462569.229166666977,0.885343000,-4.441020000,130.109946000,1.552919000,,
2030_twilight_month,2462569.250000000000,0.858940000,-4.419906000,129.855862000,1.552953000,,
2030_twilight_month,2462569.270833333023,0.832473000,-4.398713000,129.601780000,1.552987000,,
2030_twilight_month,2462569.291666666977,0.805943000,-4.377440000,129.347700000,1.553021000,,
2030_twilight_month,2462569.312500000000,0.779351000,-4.356089000,129.093621000,1.553054000,,
2030_twilight_month,2462569.333333333023,0.752696000,-4.334660000,128.839544000,1.553087000,,
2030_twilight_month,2462569.354166666977,0.725981000,-4.313153000,128.585469000,1.553119000,,
2030_twilight_month,2462569.375000000000,0.699205000,-4.291569000,128.331396000,1.553151000,,
2030_twilight_month,2462569.395833333023,0.672369000,-4.269908000,128.077325000,1.553183000,,
2030_twilight_month,2462569.416666666977,0.645473000,-4.248170000,127.823256000,1.553214000,,
2030_twilight_month,2462569.437500000000,0.618519000,-4.226356000,127.569188000,1.553244000,,
2030_twilight_month,2462569.458333333023,0.591506000,-4.204466000,127.315123000,1.553274000,,
2030_twilight_month,2462569.479166666977,0.564436000,-4.182501000,127.061059000,1.553304000,,
2030_twilight_month,2462569.500000000000,0.537308000,-4.160461000,126.806997000,1.553333000,,
2030_twilight_month,2462569.520833333023,0.510124000,-4.138347000,126.552937000,1.553362000,,
2030_twilight_month,2462569.541666666977,0.482885000,-4.116159000,126.298879000,1.553390000,,
2030_twilight_month,2462569.562500000000,0.455590000,-4.093897000,126.044823000,1.553418000,,
2030_twilight_month,2462569.583333333023,0.428241000,-4.071561000,125.790769000,1.553445000,,
2030_twilight_month,2462569.604166666977,0.400838000,-4.049153000,125.536716000,1.553472000,,
2030_twilight_month,2462569.625000000000,0.373382000,-4.026673000,125.282666000,1.553498000,,
2030_twilight_month,2462569.645833333023,0.345873000,-4.004120000,125.028617000,1.553525000,,
2030_twilight_month,2462569.666666666977,0.318312000,-3.981496000,124.774571000,1.553550000,,
2030_twilight_month,2462569.687500000000,0.290699000,-3.958800000,124.520526000,1.553575000,,
2030_twilight_month,2462569.708333333023,0.263036000,-3.936034000,124.266484000,1.553600000,,
2030_twilight_month,2462569.729166666977,0.235323000,-3.913198000,124.012443000,1.553624000,,
2030_twilight_month,2462569.750000000000,0.207561000,-3.890291000,123.758404000,1.553648000,,
2030_twilight_month,2462569.770833333023,0.179750000,-3.867315000,123.504367000,1.553672000,,
2030_twilight_month,2462569.791666666977,0.151890000,-3.844270000,123.250333000,1.553695000,,
2030_twilight_month,2462569.812500000000,0.123984000,-3.821156000,122.996300000,1.553718000,,
2030_twilight_month,2462569.833333333023,0.096030000,-3.797974000,122.742269000,1.553740000,,
2030_twilight_month,2462569.854166666977,0.068031000,-3.774723000,122.488240000,1.553762000,,
2030_twilight_month,2462569.875000000000,0.039986000,-3.751406000,122.234213000,1.553783000,,
2030_twilight_month,2462569.895833333023,0.011897000,-3.728021000,121.980188000,1.553804000,,
2030_twilight_month,2462569.916666666977,359.983763000,-3.704569000,121.726165000,1.553824000,,
2030_twilight_month,2462569.937500000000,359.955586000,-3.681051000,121.472145000,1.553844000,,
2030_twilight_month,2462569.958333333023,359.927366000,-3.657468000,121.218126000,1.553864000,,
2030_twilight_month,2462569.979166666977,359.899105000,-3.633819000,120.964109000,1.553883000,,
2030_twilight_month,2462570.000000000000,359.870802000,-3.610105000,120.710094000,1.553902000,,
2030_twilight_month,2462570.020833333023,359.842458000,-3.586326000,120.456081000,1.553921000,,
2030_twilight_month,2462570.041666666977,359.814075000,-3.562483000,120.202071000,1.553939000,,
2030_twilight_month,2462570.062500000000,359.785652000,-3.538576000,119.948062000,1.553956000,,
2030_twilight_month,2462570.083333333023,359.757191000,-3.514606000,119.694055000,1.553974000,,
2030_twilight_month,2462570.104166666977,359.728692000,-3.490573000,119.440051000,1.553990000,,
2030_twilight_month,2462570.125000000000,359.700156000,-3.466477000,119.186048000,1.554007000,,
2030_twilight_month,2462570.145833333023,359.671583000,-3.442319000,118.932048000,1.554023000,,
2030_twilight_month,2462570.166666666977,359.642975000,-3.418099000,118.678049000,1.554039000,,
2030_twilight_month,2462570.187500000000,359.614332000,-3.393818000,118.424053000,1.554054000,,
2030_twilight_month,2462570.208333333023,359.585655000,-3.369476000,118.170059000,1.554069000,,
2030_twilight_month,2462570.229166666977,359.556944000,-3.345073000,117.916067000,1.554083000,,
2030_twilight_month,2462570.250000000000,359.528200000,-3.320611000,117.662076000,1.554097000,,
2030_twilight_month,2462570.270833333023,359.499424000,-3.296088000,117.408088000,1.554111000,,
2030_twilight_month,2462570.291666666977,359.470617000,-3.271507000,117.154103000,1.554124000,,
2030_twilight_month,2462570.312500000000,359.441779000,-3.246866000,116.900119000,1.554137000,,
2030_twilight_month,2462570.333333333023,359.412911000,-3.222167000,116.646137000,1.554149000,,
2030_twilight_month,2462570.354166666977,359.384014000,-3.197410000,116.392158000,1.554161000,,
2030_twilight_month,2462570.375000000000,359.355089000,-3.172595000,116.138180000,1.554173000,,
2030_twilight_month,2462570.395833333023,359.326136000,-3.147723000,115.884205000,1.554184000,,
2030_twilight_month,2462570.416666666977,359.297156000,-3.122794000,115.630232000,1.554195000,,
2030_twilight_month,2462570.437500000000,359.268150000,-3.097809000,115.376261000,1.554206000,,
2030_twilight_month,2462570.458333333023,359.239118000,-3.072768000,115.122292000,1.554216000,,
2030_twilight_month,2462570.479166666977,359.210062000,-3.047671000,114.868325000,1.554225000,,
2030_twilight_month,2462570.500000000000,359.180982000,-3.022519000,114.614360000,1.554235000,,
2030_twilight_month,2462570.520833333023,359.151878000,-2.997312000,114.360398000,1.554244000,,
2030_twilight_month,2462570.541666666977,359.122753000,-2.972050000,114.106437000,1.554252000,,
2030_twilight_month,2462570.562500000000,359.093605000,-2.946735000,113.852479000,1.554261000,,
2030_twilight_month,2462570.583333333023,359.064437000,-2.921366000,113.598523000,1.554269000,,
2030_twilight_month,2462570.604166666977,359.035248000,-2.895944000,113.344569000,1.554276000,,
2030_twilight_month,2462570.625000000000,359.006040000,-2.870470000,113.090618000,1.554283000,,
2030_twilight_month,2462570.645833333023,358.976814000,-2.844943000,112.836668000,1.554290000,,
2030_twilight_month,2462570.666666666977,358.947570000,-2.819364000,112.582721000,1.554296000,,
2030_twilight_month,2462570.687500000000,358.918308000,-2.793733000,112.328776000,1.554302000,,
2030_twilight_month,2462570.708333333023,358.889031000,-2.768052000,112.074833000,1.554308000,,
2030_twilight_month,2462570.729166666977,358.859738000,-2.742319000,111.820892000,1.554313000,,
2030_twilight_month,2462570.750000000000,358.830430000,-2.716537000,111.566954000,1.554318000,,
2030_twilight_month,2462570.770833333023,358.801108000,-2.690705000,111.313017000,1.554323000,,
2030_twilight_month,2462570.791666666977,358.771773000,-2.664823000,111.059083000,1.554327000,,
2030_twilight_month,2462570.812500000000,358.742426000,-2.638892000,110.805151000,1.554331000,,
2030_twilight_month,2462570.833333333023,358.713067000,-2.612912000,110.551222000,1.554334000,,
2030_twilight_month,2462570.854166666977,358.683698000,-2.586885000,110.297294000,1.554337000,,
2030_twilight_month,2462570.875000000000,358.654318000,-2.560809000,110.043369000,1.554340000,,
2030_twilight_month,2462570.895833333023,358.624929000,-2.534686000,109.789446000,1.554343000,,
2030_twilight_month,2462570.916666666977,358.595532000,-2.508516000,109.535525000,1.554345000,,
2030_twilight_month,2462570.937500000000,358.566128000,-2.482300000,109.281607000,1.554346000,,
2030_twilight_month,2462570.958333333023,358.536716000,-2.456037000,109.027690000,1.554348000,,
2030_twilight_month,2462570.979166666977,358.507299000,-2.429729000,108.773776000,1.554349000,,
2030_twilight_month,2462571.000000000000,358.477876000,-2.403375000,108.519864000,1.554349000,,
2030_twilight_month,2462571.020833333023,358.448449000,-2.376977000,108.265955000,1.554350000,,
2030_twilight_month,2462571.041666666977,358.419019000,-2.350534000,108.012048000,1.554350000,,
2030_twilight_month,2462571.062500000000,358.389586000,-2.324046000,107.758143000,1.554349000,,
2030_procellarum_0p1_darkening,2462571.083333333023,358.360150000,-2.297515000,107.504240000,1.554349000,,
2030_twilight_month,2462571.083333333023,358.360150000,-2.297515000,107.504240000,1.554349000,,
2030_procellarum_0p1_darkening,2462571.084027777892,358.359169000,-2.296630000,107.495776000,1.554349000,,
2030_procellarum_0p1_darkening,2462571.084722221829,358.358188000,-2.295745000,107.487313000,1.554348000,,
2030_procellarum_0p1_darkening,2462571.085416667163,358.357207000,-2.294860000,107.478850000,1.554348000,,
2030_procellarum_0p1_darkening,2462571.086111111101,358.356226000,-2.293975000,107.470386000,1.554348000,,
2030_procellarum_0p1_darkening,2462571.086805555969,358.355244000,-2.293089000,107.461923000,1.554348000,,
2030_procellarum_0p1_darkening,2462571.087499999907,358.354263000,-2.292204000,107.453460000,1.554348000,,
2030_procellarum_0p1_darkening,2462571.088194443844,358.353282000,-2.291319000,107.444996000,1.554348000,,
2030_procellarum_0p1_darkening,2462571.088888889179,358.352301000,-2.290433000,107.436533000,1.554348000,,
2030_procellarum_0p1_darkening,2462571.089583333116,358.351320000,-2.289548000,107.428069000,1.554348000,,
2030_procellarum_0p1_darkening,2462571.090277777985,358.350338000,-2.288662000,107.419606000,1.554348000,,
2030_procellarum_0p1_darkening,2462571.090972221922,358.349357000,-2.287777000,107.411143000,1.554348000,,
2030_procellarum_0p1_darkening,2462571.091666666791,358.348376000,-2.286891000,107.402679000,1.554348000,,
2030_procellarum_0p1_darkening,2462571.092361111194,358.347395000,-2.286005000,107.394216000,1.554348000,,
2030_procellarum_0p1_darkening,2462571.093055556063,358.346414000,-2.285120000,107.385753000,1.554348000,,
2030_procellarum_0p1_darkening,2462571.093750000000,358.345432000,-2.284234000,107.377289000,1.554348000,,
2030_procellarum_0p1_darkening,2462571.094444443937,358.344451000,-2.283348000,107.368826000,1.554348000,,
2030_procellarum_0p1_darkening,2462571.095138888806,358.343470000,-2.282462000,107.360363000,1.554348000,,
2030_procellarum_0p1_darkening,2462571.095833333209,358.342489000,-2.281576000,107.351899000,1.554348000,,
2030_procellarum_0p1_darkening,2462571.096527778078,358.341508000,-2.280690000,107.343436000,1.554348000,,
2030_procellarum_0p1_darkening,2462571.097222222015,358.340526000,-2.279804000,107.334973000,1.554348000,,
2030_procellarum_0p1_darkening,2462571.097916666884,358.339545000,-2.278918000,107.326509000,1.554348000,,
2030_procellarum_0p1_darkening,2462571.098611110821,358.338564000,-2.278032000,107.318046000,1.554348000,,
2030_procellarum_0p1_darkening,2462571.099305556156,358.337583000,-2.277146000,107.309583000,1.554348000,,
2030_procellarum_0p1_darkening,2462571.100000000093,358.336601000,-2.276260000,107.301119000,1.554348000,,
2030_procellarum_0p1_darkening,2462571.100694444031,358.335620000,-2.275373000,107.292656000,1.554348000,,
2030_procellarum_0p1_darkening,2462571.101388888899,358.334639000,-2.274487000,107.284193000,1.554348000,,
2030_procellarum_0p1_darkening,2462571.102083332837,358.333658000,-2.273601000,107.275729000,1.554348000,,
2030_procellarum_0p1_darkening,2462571.102777778171,358.332677000,-2.272714000,107.267266000,1.554348000,,
2030_procellarum_0p1_darkening,2462571.103472222108,358.331695000,-2.271828000,107.258803000,1.554347000,,
2030_procellarum_0p1_darkening,2462571.104166666977,358.330714000,-2.270941000,107.250339000,1.554347000,,
2030_twilight_month,2462571.104166666977,358.330714000,-2.270941000,107.250339000,1.554347000,,
2030_procellarum_0p1_darkening,2462571.104861110914,358.329733000,-2.270055000,107.241876000,1.554347000,,
2030_procellarum_0p1_darkening,2462571.105555555783,358.328752000,-2.269168000,107.233413000,1.554347000,,
2030_procellarum_0p1_darkening,2462571.106250000186,358.327771000,-2.268281000,107.224949000,1.554347000,,
2030_procellarum_0p1_darkening,2462571.106944445055,358.326789000,-2.267395000,107.216486000,1.554347000,,
2030_procellarum_0p1_darkening,2462571.107638888992,358.325808000,-2.266508000,107.208023000,1.554347000,,
2030_procellarum_0p1_darkening,2462571.108333332930,358.324827000,-2.265621000,107.199560000,1.554347000,,
2030_procellarum_0p1_darkening,2462571.109027777798,358.323846000,-2.264734000,107.191096000,1.554347000,,
2030_procellarum_0p1_darkening,2462571.109722222202,358.322864000,-2.263848000,107.182633000,1.554347000,,
2030_procellarum_0p1_darkening,2462571.110416667070,358.321883000,-2.262961000,107.174170000,1.554347000,,
2030_procellarum_0p1_darkening,2462571.111111111008,358.320902000,-2.262074000,107.165706000,1.554347000,,
2030_procellarum_0p1_darkening,2462571.111805554945,358.319921000,-2.261187000,107.157243000,1.554347000,,
2030_procellarum_0p1_darkening,2462571.112499999814,358.318940000,-2.260300000,107.148780000,1.554347000,,
2030_procellarum_0p1_darkening,2462571.113194444217,358.317958000,-2.259412000,107.140317000,1.554347000,,
2030_procellarum_0p1_darkening,2462571.113888889086,358.316977000,-2.258525000,107.131853000,1.554347000,,
2030_procellarum_0p1_darkening,2462571.114583333023,358.315996000,-2.257638000,107.123390000,1.554347000,,
2030_procellarum_0p1_darkening,2462571.115277777892,358.315015000,-2.256751000,107.114927000,1.554347000,,
2030_procellarum_0p1_darkening,2462571.115972221829,358.314033000,-2.255864000,107.106463000,1.554347000,,
2030_procellarum_0p1_darkening,2462571.116666667163,358.313052000,-2.254976000,107.098000000,1.554347000,,
2030_procellarum_0p1_darkening,2462571.117361111101,358.312071000,-2.254089000,107.089537000,1.554347000,,
2030_procellarum_0p1_darkening,2462571.118055555969,358.311090000,-2.253201000,107.081074000,1.554347000,,
2030_procellarum_0p1_darkening,2462571.118749999907,358.310109000,-2.252314000,107.072610000,1.554346000,,
2030_procellarum_0p1_darkening,2462571.119444443844,358.309127000,-2.251426000,107.064147000,1.554346000,,
2030_procellarum_0p1_darkening,2462571.120138889179,358.308146000,-2.250539000,107.055684000,1.554346000,,
2030_procellarum_0p1_darkening,2462571.120833333116,358.307165000,-2.249651000,107.047221000,1.554346000,,
2030_procellarum_0p1_darkening,2462571.121527777985,358.306184000,-2.248763000,107.038757000,1.554346000,,
2030_procellarum_0p1_darkening,2462571.122222221922,358.305203000,-2.247876000,107.030294000,1.554346000,,
2030_procellarum_0p1_darkening,2462571.122916666791,358.304221000,-2.246988000,107.021831000,1.554346000,,
2030_procellarum_0p1_darkening,2462571.123611111194,358.303240000,-2.246100000,107.013368000,1.554346000,,
2030_procellarum_0p1_darkening,2462571.124305556063,358.302259000,-2.245212000,107.004904000,1.554346000,,
2030_procellarum_0p1_darkening,2462571.125000000000,358.301278000,-2.244324000,106.996441000,1.554346000,,
2030_twilight_month,2462571.125000000000,358.301278000,-2.244324000,106.996441000,1.554346000,,
2030_procellarum_0p1_darkening,2462571.125694443937,358.300296000,-2.243436000,106.987978000,1.554346000,,
2030_procellarum_0p1_darkening,2462571.126388888806,358.299315000,-2.242548000,106.979515000,1.554346000,,
2030_procellarum_0p1_darkening,2462571.127083333209,358.298334000,-2.241660000,106.971051000,1.554346000,,
2030_procellarum_0p1_darkening,2462571.127777778078,358.297353000,-2.240772000,106.962588000,1.554346000,,
2030_procellarum_0p1_darkening,2462571.128472222015,358.296372000,-2.239884000,106.954125000,1.554346000,,
2030_procellarum_0p1_darkening,2462571.129166666884,358.295390000,-2.238996000,106.945662000,1.554346000,,
2030_procellarum_0p1_darkening,2462571.129861110821,358.294409000,-2.238107000,106.937199000,1.554346000,,
2030_procellarum_0p1_darkening,2462571.130555556156,358.293428000,-2.237219000,106.928735000,1.554346000,,
2030_procellarum_0p1_darkening,2462571.131250000093,358.292447000,-2.236331000,106.920272000,1.554346000,,
2030_procellarum_0p1_darkening,2462571.131944444031,358.291466000,-2.235442000,106.911809000,1.554345000,,
2030_procellarum_0p1_darkening,2462571.132638888899,358.290484000,-2.234554000,106.903346000,1.554345000,,
2030_procellarum_0p1_darkening,2462571.133333332837,358.289503000,-2.233665000,106.894883000,1.554345000,,
2030_procellarum_0p1_darkening,2462571.134027778171,358.288522000,-2.232777000,106.886419000,1.554345000,,
2030_procellarum_0p1_darkening,2462571.134722222108,358.287541000,-2.231888000,106.877956000,1.554345000,,
2030_procellarum_0p1_darkening,2462571.135416666977,358.286560000,-2.231000000,106.869493000,1.554345000,,
2030_procellarum_0p1_darkening,2462571.136111110914,358.285578000,-2.230111000,106.861030000,1.554345000,,
2030_procellarum_0p1_darkening,2462571.136805555783,358.284597000,-2.229222000,106.852567000,1.554345000,,
2030_procellarum_0p1_darkening,2462571.137500000186,358.283616000,-2.228334000,106.844103000,1.554345000,,
2030_procellarum_0p1_darkening,2462571.138194445055,358.282635000,-2.227445000,106.835640000,1.554345000,,
2030_procellarum_0p1_darkening,2462571.138888888992,358.281654000,-2.226556000,106.827177000,1.554345000,,
2030_procellarum_0p1_darkening,2462571.139583332930,358.280672000,-2.225667000,106.818714000,1.554345000,,
2030_procellarum_0p1_darkening,2462571.140277777798,358.279691000,-2.224778000,106.810251000,1.554345000,,
2030_procellarum_0p1_darkening,2462571.140972222202,358.278710000,-2.223889000,106.801787000,1.554345000,,
2030_procellarum_0p1_darkening,2462571.141666667070,358.277729000,-2.223000000,106.793324000,1.554345000,,
2030_procellarum_0p1_darkening,2462571.142361111008,358.276748000,-2.222111000,106.784861000,1.554345000,,
2030_procellarum_0p1_darkening,2462571.143055554945,358.275766000,-2.221222000,106.776398000,1.554345000,,
2030_procellarum_0p1_darkening,2462571.143749999814,358.274785000,-2.220333000,106.767935000,1.554344000,,
2030_procellarum_0p1_darkening,2462571.144444444217,358.273804000,-2.219443000,106.759472000,1.554344000,,
2030_procellarum_0p1_darkening,2462571.145138889086,358.272823000,-2.218554000,106.751008000,1.554344000,,
2030_procellarum_0p1_darkening,2462571.145833333023,358.271842000,-2.217665000,106.742545000,1.554344000,,
2030_twilight_month,2462571.145833333023,358.271842000,-2.217665000,106.742545000,1.554344000,,
2030_procellarum_0p1_darkening,2462571.146527777892,358.270861000,-2.216775000,106.734082000,1.554344000,,
2030_procellarum_0p1_darkening,2462571.147222221829,358.269879000,-2.215886000,106.725619000,1.554344000,,
2030_procellarum_0p1_darkening,2462571.147916667163,358.268898000,-2.214996000,106.717156000,1.554344000,,
2030_procellarum_0p1_darkening,2462571.148611111101,358.267917000,-2.214107000,106.708693000,1.554344000,,
2030_procellarum_0p1_darkening,2462571.149305555969,358.266936000,-2.213217000,106.700229000,1.554344000,,
2030_procellarum_0p1_darkening,2462571.149999999907,358.265955000,-2.212328000,106.691766000,1.554344000,,
2030_procellarum_0p1_darkening,2462571.150694443844,358.264973000,-2.211438000,106.683303000,1.554344000,,
2030_procellarum_0p1_darkening,2462571.151388889179,358.263992000,-2.210548000,106.674840000,1.554344000,,
2030_procellarum_0p1_darkening,2462571.152083333116,358.263011000,-2.209659000,106.666377000,1.554344000,,
2030_procellarum_0p1_darkening,2462571.152777777985,358.262030000,-2.208769000,106.657914000,1.554344000,,
2030_procellarum_0p1_darkening,2462571.153472221922,358.261049000,-2.207879000,106.649451000,1.554344000,,
2030_procellarum_0p1_darkening,2462571.154166666791,358.260068000,-2.206989000,106.640987000,1.554343000,,
2030_procellarum_0p1_darkening,2462571.154861111194,358.259087000,-2.206099000,106.632524000,1.554343000,,
2030_procellarum_0p1_darkening,2462571.155555556063,358.258105000,-2.205209000,106.624061000,1.554343000,,
2030_procellarum_0p1_darkening,2462571.156250000000,358.257124000,-2.204319000,106.615598000,1.554343000,,
2030_procellarum_0p1_darkening,2462571.156944443937,358.256143000,-2.203429000,106.607135000,1.554343000,,
2030_procellarum_0p1_darkening,2462571.157638888806,358.255162000,-2.202539000,106.598672000,1.554343000,,
2030_procellarum_0p1_darkening,2462571.158333333209,358.254181000,-2.201649000,106.590209000,1.554343000,,
2030_procellarum_0p1_darkening,2462571.159027778078,358.253200000,-2.200759000,106.581746000,1.554343000,,
2030_procellarum_0p1_darkening,2462571.159722222015,358.252218000,-2.199868000,106.573283000,1.554343000,,
2030_procellarum_0p1_darkening,2462571.160416666884,358.251237000,-2.198978000,106.564819000,1.554343000,,
2030_procellarum_0p1_darkening,2462571.161111110821,358.250256000,-2.198088000,106.556356000,1.554343000,,
2030_procellarum_0p1_darkening,2462571.161805556156,358.249275000,-2.197197000,106.547893000,1.554343000,,
2030_procellarum_0p1_darkening,2462571.162500000093,358.248294000,-2.196307000,106.539430000,1.554343000,,
2030_procellarum_0p1_darkening,2462571.163194444031,358.247313000,-2.195416000,106.530967000,1.554343000,,
2030_procellarum_0p1_darkening,2462571.163888888899,358.246332000,-2.194526000,106.522504000,1.554342000,,
2030_procellarum_0p1_darkening,2462571.164583332837,358.245350000,-2.193635000,106.514041000,1.554342000,,
2030_procellarum_0p1_darkening,2462571.165277778171,358.244369000,-2.192745000,106.505578000,1.554342000,,
2030_procellarum_0p1_darkening,2462571.165972222108,358.243388000,-2.191854000,106.497115000,1.554342000,,
2030_procellarum_0p1_darkening,2462571.166666666977,358.242407000,-2.190963000,106.488652000,1.554342000,,
2030_twilight_month,2462571.166666666977,358.242407000,-2.190963000,106.488652000,1.554342000,,
2030_twilight_month,2462571.187500000000,358.212975000,-2.164220000,106.234760000,1.554340000,,
2030_twilight_month,2462571.208333333023,358.183545000,-2.137436000,105.980871000,1.554337000,,
2030_procellarum_0p1_brightening,2462571.229166666977,358.154120000,-2.110611000,105.726984000,1.554334000,,
2030_twilight_month,2462571.229166666977,358.154120000,-2.110611000,105.726984000,1.554334000,,
2030_procellarum_0p1_brightening,2462571.229861110914,358.153139000,-2.109716000,105.718521000,1.554334000,,
2030_procellarum_0p1_brightening,2462571.230555555783,358.152158000,-2.108821000,105.710059000,1.554334000,,
2030_procellarum_0p1_brightening,2462571.231250000186,358.151177000,-2.107926000,105.701596000,1.554334000,,
2030_procellarum_0p1_brightening,2462571.231944445055,358.150197000,-2.107031000,105.693133000,1.554333000,,
2030_procellarum_0p1_brightening,2462571.232638888992,358.149216000,-2.106136000,105.684670000,1.554333000,,
2030_procellarum_0p1_brightening,2462571.233333332930,358.148235000,-2.105241000,105.676207000,1.554333000,,
2030_procellarum_0p1_brightening,2462571.234027777798,358.147254000,-2.104346000,105.667744000,1.554333000,,
2030_procellarum_0p1_brightening,2462571.234722222202,358.146274000,-2.103450000,105.659282000,1.554333000,,
2030_procellarum_0p1_brightening,2462571.235416667070,358.145293000,-2.102555000,105.650819000,1.554333000,,
2030_procellarum_0p1_brightening,2462571.236111111008,358.144312000,-2.101660000,105.642356000,1.554333000,,
2030_procellarum_0p1_brightening,2462571.236805554945,358.143331000,-2.100765000,105.633893000,1.554333000,,
2030_procellarum_0p1_brightening,2462571.237499999814,358.142351000,-2.099869000,105.625430000,1.554333000,,
2030_procellarum_0p1_brightening,2462571.238194444217,358.141370000,-2.098974000,105.616967000,1.554332000,,
2030_procellarum_0p1_brightening,2462571.238888889086,358.140389000,-2.098078000,105.608505000,1.554332000,,
2030_procellarum_0p1_brightening,2462571.239583333023,358.139409000,-2.097183000,105.600042000,1.554332000,,
2030_procellarum_0p1_brightening,2462571.240277777892,358.138428000,-2.096287000,105.591579000,1.554332000,,
2030_procellarum_0p1_brightening,2462571.240972221829,358.137447000,-2.095392000,105.583116000,1.554332000,,
2030_procellarum_0p1_brightening,2462571.241666667163,358.136467000,-2.094496000,105.574653000,1.554332000,,
2030_procellarum_0p1_brightening,2462571.242361111101,358.135486000,-2.093600000,105.566191000,1.554332000,,
2030_procellarum_0p1_brightening,2462571.243055555969,358.134505000,-2.092705000,105.557728000,1.554332000,,
2030_procellarum_0p1_brightening,2462571.243749999907,358.133525000,-2.091809000,105.549265000,1.554331000,,
2030_procellarum_0p1_brightening,2462571.244444443844,358.132544000,-2.090913000,105.540802000,1.554331000,,
2030_procellarum_0p1_brightening,2462571.245138889179,358.131563000,-2.090017000,105.532339000,1.554331000,,
2030_procellarum_0p1_brightening,2462571.245833333116,358.130583000,-2.089121000,105.523877000,1.554331000,,
2030_procellarum_0p1_brightening,2462571.246527777985,358.129602000,-2.088225000,105.515414000,1.554331000,,
2030_procellarum_0p1_brightening,2462571.247222221922,358.128621000,-2.087329000,105.506951000,1.554331000,,
2030_procellarum_0p1_brightening,2462571.247916666791,358.127641000,-2.086433000,105.498488000,1.554331000,,
2030_procellarum_0p1_brightening,2462571.248611111194,358.126660000,-2.085537000,105.490025000,1.554331000,,
2030_procellarum_0p1_brightening,2462571.249305556063,358.125679000,-2.084641000,105.481563000,1.554331000,,
2030_procellarum_0p1_brightening,2462571.250000000000,358.124699000,-2.083745000,105.473100000,1.554330000,,
2030_twilight_month,2462571.250000000000,358.124699000,-2.083745000,105.473100000,1.554330000,,
2030_procellarum_0p1_brightening,2462571.250694443937,358.123718000,-2.082849000,105.464637000,1.554330000,,
2030_procellarum_0p1_brightening,2462571.251388888806,358.122738000,-2.081953000,105.456174000,1.554330000,,
2030_procellarum_0p1_brightening,2462571.252083333209,358.121757000,-2.081056000,105.447711000,1.554330000,,
2030_procellarum_0p1_brightening,2462571.252777778078,358.120776000,-2.080160000,105.439249000,1.554330000,,
2030_procellarum_0p1_brightening,2462571.253472222015,358.119796000,-2.079264000,105.430786000,1.554330000,,
2030_procellarum_0p1_brightening,2462571.254166666884,358.118815000,-2.078367000,105.422323000,1.554330000,,
2030_procellarum_0p1_brightening,2462571.254861110821,358.117835000,-2.077471000,105.413860000,1.554330000,,
2030_procellarum_0p1_brightening,2462571.255555556156,358.116854000,-2.076574000,105.405398000,1.554329000,,
2030_procellarum_0p1_brightening,2462571.256250000093,358.115874000,-2.075678000,105.396935000,1.554329000,,
2030_procellarum_0p1_brightening,2462571.256944444031,358.114893000,-2.074781000,105.388472000,1.554329000,,
2030_procellarum_0p1_brightening,2462571.257638888899,358.113913000,-2.073884000,105.380009000,1.554329000,,
2030_procellarum_0p1_brightening,2462571.258333332837,358.112932000,-2.072988000,105.371547000,1.554329000,,
2030_procellarum_0p1_brightening,2462571.259027778171,358.111951000,-2.072091000,105.363084000,1.554329000,,
2030_procellarum_0p1_brightening,2462571.259722222108,358.110971000,-2.071194000,105.354621000,1.554329000,,
2030_procellarum_0p1_brightening,2462571.260416666977,358.109990000,-2.070297000,105.346158000,1.554329000,,
2030_procellarum_0p1_brightening,2462571.261111110914,358.109010000,-2.069400000,105.337696000,1.554328000,,
2030_procellarum_0p1_brightening,2462571.261805555783,358.108029000,-2.068504000,105.329233000,1.554328000,,
2030_procellarum_0p1_brightening,2462571.262500000186,358.107049000,-2.067607000,105.320770000,1.554328000,,
2030_procellarum_0p1_brightening,2462571.263194445055,358.106068000,-2.066710000,105.312307000,1.554328000,,
2030_procellarum_0p1_brightening,2462571.263888888992,358.105088000,-2.065813000,105.303845000,1.554328000,,
2030_procellarum_0p1_brightening,2462571.264583332930,358.104107000,-2.064915000,105.295382000,1.554328000,,
2030_procellarum_0p1_brightening,2462571.265277777798,358.103127000,-2.064018000,105.286919000,1.554328000,,
2030_procellarum_0p1_brightening,2462571.265972222202,358.102146000,-2.063121000,105.278457000,1.554328000,,
2030_procellarum_0p1_brightening,2462571.266666667070,358.101166000,-2.062224000,105.269994000,1.554327000,,
2030_procellarum_0p1_brightening,2462571.267361111008,358.100186000,-2.061327000,105.261531000,1.554327000,,
2030_procellarum_0p1_brightening,2462571.268055554945,358.099205000,-2.060429000,105.253068000,1.554327000,,
2030_procellarum_0p1_brightening,2462571.268749999814,358.098225000,-2.059532000,105.244606000,1.554327000,,
2030_procellarum_0p1_brightening,2462571.269444444217,358.097244000,-2.058635000,105.236143000,1.554327000,,
2030_procellarum_0p1_brightening,2462571.270138889086,358.096264000,-2.057737000,105.227680000,1.554327000,,
2030_procellarum_0p1_brightening,2462571.270833333023,358.095283000,-2.056840000,105.219218000,1.554327000,,
2030_twilight_month,2462571.270833333023,358.095283000,-2.056840000,105.219218000,1.554327000,,
2030_procellarum_0p1_brightening,2462571.271527777892,358.094303000,-2.055942000,105.210755000,1.554326000,,
2030_procellarum_0p1_brightening,2462571.272222221829,358.093323000,-2.055044000,105.202292000,1.554326000,,
2030_procellarum_0p1_brightening,2462571.272916667163,358.092342000,-2.054147000,105.193829000,1.554326000,,
2030_procellarum_0p1_brightening,2462571.273611111101,358.091362000,-2.053249000,105.185367000,1.554326000,,
2030_procellarum_0p1_brightening,2462571.274305555969,358.090381000,-2.052352000,105.176904000,1.554326000,,
2030_procellarum_0p1_brightening,2462571.274999999907,358.089401000,-2.051454000,105.168441000,1.554326000,,
2030_procellarum_0p1_brightening,2462571.275694443844,358.088421000,-2.050556000,105.159979000,1.554326000,,
2030_procellarum_0p1_brightening,2462571.276388889179,358.087440000,-2.049658000,105.151516000,1.554326000,,
2030_procellarum_0p1_brightening,2462571.277083333116,358.086460000,-2.048760000,105.143053000,1.554325000,,
2030_procellarum_0p1_brightening,2462571.277777777985,358.085480000,-2.047862000,105.134591000,1.554325000,,
2030_procellarum_0p1_brightening,2462571.278472221922,358.084499000,-2.046964000,105.126128000,1.554325000,,
2030_procellarum_0p1_brightening,2462571.279166666791,358.083519000,-2.046066000,105.117665000,1.554325000,,
2030_procellarum_0p1_brightening,2462571.279861111194,358.082539000,-2.045168000,105.109203000,1.554325000,,
2030_procellarum_0p1_brightening,2462571.280555556063,358.081558000,-2.044270000,105.100740000,1.554325000,,
2030_procellarum_0p1_brightening,2462571.281250000000,358.080578000,-2.043372000,105.092277000,1.554325000,,
2030_procellarum_0p1_brightening,2462571.281944443937,358.079598000,-2.042474000,105.083815000,1.554324000,,
2030_procellarum_0p1_brightening,2462571.282638888806,358.078617000,-2.041576000,105.075352000,1.554324000,,
2030_procellarum_0p1_brightening,2462571.283333333209,358.077637000,-2.040677000,105.066889000,1.554324000,,
2030_procellarum_0p1_brightening,2462571.284027778078,358.076657000,-2.039779000,105.058427000,1.554324000,,
2030_procellarum_0p1_brightening,2462571.284722222015,358.075677000,-2.038881000,105.049964000,1.554324000,,
2030_procellarum_0p1_brightening,2462571.285416666884,358.074696000,-2.037982000,105.041501000,1.554324000,,
2030_procellarum_0p1_brightening,2462571.286111110821,358.073716000,-2.037084000,105.033039000,1.554324000,,
2030_procellarum_0p1_brightening,2462571.286805556156,358.072736000,-2.036185000,105.024576000,1.554323000,,
2030_procellarum_0p1_brightening,2462571.287500000093,358.071756000,-2.035287000,105.016113000,1.554323000,,
2030_procellarum_0p1_brightening,2462571.288194444031,358.070775000,-2.034388000,105.007651000,1.554323000,,
2030_procellarum_0p1_brightening,2462571.288888888899,358.069795000,-2.033490000,104.999188000,1.554323000,,
2030_procellarum_0p1_brightening,2462571.289583332837,358.068815000,-2.032591000,104.990726000,1.554323000,,
2030_procellarum_0p1_brightening,2462571.290277778171,358.067835000,-2.031692000,104.982263000,1.554323000,,
2030_procellarum_0p1_brightening,2462571.290972222108,358.066855000,-2.030793000,104.973800000,1.554323000,,
2030_procellarum_0p1_brightening,2462571.291666666977,358.065874000,-2.029895000,104.965338000,1.554322000,,
2030_twilight_month,2462571.291666666977,358.065874000,-2.029895000,104.965338000,1.554322000,,
2030_procellarum_0p1_brightening,2462571.292361110914,358.064894000,-2.028996000,104.956875000,1.554322000,,
2030_procellarum_0p1_brightening,2462571.293055555783,358.063914000,-2.028097000,104.948412000,1.554322000,,
2030_procellarum_0p1_brightening,2462571.293750000186,358.062934000,-2.027198000,104.939950000,1.554322000,,
2030_procellarum_0p1_brightening,2462571.294444445055,358.061954000,-2.026299000,104.931487000,1.554322000,,
2030_procellarum_0p1_brightening,2462571.295138888992,358.060974000,-2.025400000,104.923025000,1.554322000,,
2030_procellarum_0p1_brightening,2462571.295833332930,358.059993000,-2.024501000,104.914562000,1.554322000,,
2030_procellarum_0p1_brightening,2462571.296527777798,358.059013000,-2.023602000,104.906099000,1.554321000,,
2030_procellarum_0p1_brightening,2462571.297222222202,358.058033000,-2.022703000,104.897637000,1.554321000,,
2030_procellarum_0p1_brightening,2462571.297916667070,358.057053000,-2.021803000,104.889174000,1.554321000,,
2030_procellarum_0p1_brightening,2462571.298611111008,358.056073000,-2.020904000,104.880712000,1.554321000,,
2030_procellarum_0p1_brightening,2462571.299305554945,358.055093000,-2.020005000,104.872249000,1.554321000,,
2030_procellarum_0p1_brightening,2462571.299999999814,358.054113000,-2.019106000,104.863786000,1.554321000,,
2030_procellarum_0p1_brightening,2462571.300694444217,358.053133000,-2.018206000,104.855324000,1.554321000,,
2030_procellarum_0p1_brightening,2462571.301388889086,358.052153000,-2.017307000,104.846861000,1.554320000,,
2030_procellarum_0p1_brightening,2462571.302083333023,358.051172000,-2.016407000,104.838399000,1.554320000,,
2030_procellarum_0p1_brightening,2462571.302777777892,358.050192000,-2.015508000,104.829936000,1.554320000,,
2030_procellarum_0p1_brightening,2462571.303472221829,358.049212000,-2.014608000,104.821473000,1.554320000,,
2030_procellarum_0p1_brightening,2462571.304166667163,358.048232000,-2.013709000,104.813011000,1.554320000,,
2030_procellarum_0p1_brightening,2462571.304861111101,358.047252000,-2.012809000,104.804548000,1.554320000,,
2030_procellarum_0p1_brightening,2462571.305555555969,358.046272000,-2.011909000,104.796086000,1.554320000,,
2030_procellarum_0p1_brightening,2462571.306249999907,358.045292000,-2.011010000,104.787623000,1.554319000,,
2030_procellarum_0p1_brightening,2462571.306944443844,358.044312000,-2.010110000,104.779161000,1.554319000,,
2030_procellarum_0p1_brightening,2462571.307638889179,358.043332000,-2.009210000,104.770698000,1.554319000,,
2030_procellarum_0p1_brightening,2462571.308333333116,358.042352000,-2.008310000,104.762235000,1.554319000,,
2030_procellarum_0p1_brightening,2462571.309027777985,358.041372000,-2.007410000,104.753773000,1.554319000,,
2030_procellarum_0p1_brightening,2462571.309722221922,358.040392000,-2.006511000,104.745310000,1.554319000,,
2030_procellarum_0p1_brightening,2462571.310416666791,358.039412000,-2.005611000,104.736848000,1.554319000,,
2030_procellarum_0p1_brightening,2462571.311111111194,358.038432000,-2.004711000,104.728385000,1.554318000,,
2030_procellarum_0p1_brightening,2462571.311805556063,358.037452000,-2.003811000,104.719923000,1.554318000,,
2030_procellarum_0p1_brightening,2462571.312500000000,358.036472000,-2.002910000,104.711460000,1.554318000,,
2030_twilight_month,2462571.312500000000,358.036472000,-2.002910000,104.711460000,1.554318000,,
2030_twilight_month,2462571.333333333023,358.007079000,-1.975888000,104.457585000,1.554313000,,
2030_twilight_month,2462571.354166666977,357.977694000,-1.948826000,104.203712000,1.554308000,,
2030_twilight_month,2462571.375000000000,357.948318000,-1.921727000,103.949841000,1.554303000,,
2030_twilight_month,2462571.395833333023,357.918953000,-1.894591000,103.695973000,1.554297000,,
2030_twilight_month,2462571.416666666977,357.889600000,-1.867417000,103.442107000,1.554291000,,
2030_twilight_month,2462571.437500000000,357.860259000,-1.840207000,103.188243000,1.554284000,,
2030_twilight_month,2462571.458333333023,357.830930000,-1.812960000,102.934382000,1.554278000,,
2030_twilight_month,2462571.479166666977,357.801616000,-1.785678000,102.680523000,1.554271000,,
2030_twilight_month,2462571.500000000000,357.772317000,-1.758361000,102.426666000,1.554263000,,
2030_twilight_month,2462571.520833333023,357.743033000,-1.731008000,102.172812000,1.554256000,,
2030_twilight_month,2462571.541666666977,357.713765000,-1.703621000,101.918960000,1.554247000,,
2030_twilight_month,2462571.562500000000,357.684515000,-1.676199000,101.665110000,1.554239000,,
2030_twilight_month,2462571.583333333023,357.655283000,-1.648744000,101.411263000,1.554230000,,
2030_twilight_month,2462571.604166666977,357.626070000,-1.621256000,101.157418000,1.554221000,,
2030_twilight_month,2462571.625000000000,357.596877000,-1.593735000,100.903575000,1.554212000,,
2030_twilight_month,2462571.645833333023,357.567705000,-1.566181000,100.649735000,1.554203000,,
2030_twilight_month,2462571.666666666977,357.538554000,-1.538596000,100.395897000,1.554193000,,
2030_twilight_month,2462571.687500000000,357.509426000,-1.510978000,100.142061000,1.554182000,,
2030_twilight_month,2462571.708333333023,357.480321000,-1.483330000,99.888228000,1.554172000,,
2030_twilight_month,2462571.729166666977,357.451240000,-1.455651000,99.634397000,1.554161000,,
2030_twilight_month,2462571.750000000000,357.422185000,-1.427941000,99.380569000,1.554150000,,
2030_twilight_month,2462571.770833333023,357.393155000,-1.400201000,99.126743000,1.554138000,,
2030_twilight_month,2462571.791666666977,357.364152000,-1.372432000,98.872919000,1.554126000,,
2030_twilight_month,2462571.812500000000,357.335177000,-1.344634000,98.619098000,1.554114000,,
2030_twilight_month,2462571.833333333023,357.306230000,-1.316807000,98.365279000,1.554102000,,
2030_twilight_month,2462571.854166666977,357.277313000,-1.288952000,98.111462000,1.554089000,,
2030_twilight_month,2462571.875000000000,357.248426000,-1.261069000,97.857648000,1.554076000,,
2030_twilight_month,2462571.895833333023,357.219570000,-1.233159000,97.603837000,1.554063000,,
2030_twilight_month,2462571.916666666977,357.190746000,-1.205222000,97.350027000,1.554049000,,
2030_twilight_month,2462571.937500000000,357.161955000,-1.177258000,97.096220000,1.554035000,,
2030_twilight_month,2462571.958333333023,357.133198000,-1.149268000,96.842416000,1.554021000,,
2030_twilight_month,2462571.979166666977,357.104475000,-1.121253000,96.588613000,1.554006000,,
2030_twilight_month,2462572.000000000000,357.075788000,-1.093212000,96.334814000,1.553992000,,
2030_twilight_month,2462572.020833333023,357.047138000,-1.065146000,96.081016000,1.553976000,,
2030_twilight_month,2462572.041666666977,357.018524000,-1.037056000,95.827221000,1.553961000,,
2030_twilight_month,2462572.062500000000,356.989949000,-1.008942000,95.573429000,1.553945000,,
2030_twilight_month,2462572.083333333023,356.961413000,-0.980805000,95.319639000,1.553929000,,
2030_twilight_month,2462572.104166666977,356.932917000,-0.952644000,95.065851000,1.553913000,,
2030_twilight_month,2462572.125000000000,356.904462000,-0.924461000,94.812066000,1.553896000,,
2030_twilight_month,2462572.145833333023,356.876049000,-0.896255000,94.558283000,1.553879000,,
2030_twilight_month,2462572.166666666977,356.847678000,-0.868028000,94.304502000,1.553862000,,
2030_twilight_month,2462572.187500000000,356.819351000,-0.839779000,94.050724000,1.553844000,,
2030_twilight_month,2462572.208333333023,356.791068000,-0.811509000,93.796949000,1.553827000,,
2030_twilight_month,2462572.229166666977,356.762830000,-0.783219000,93.543176000,1.553809000,,
2030_twilight_month,2462572.250000000000,356.734639000,-0.754909000,93.289405000,1.553790000,,
2030_twilight_month,2462572.270833333023,356.706494000,-0.726579000,93.035637000,1.553771000,,
2030_twilight_month,2462572.291666666977,356.678398000,-0.698229000,92.781871000,1.553752000,,
2030_twilight_month,2462572.312500000000,356.650350000,-0.669861000,92.528107000,1.553733000,,
2030_twilight_month,2462572.333333333023,356.622352000,-0.641475000,92.274346000,1.553714000,,
2030_twilight_month,2462572.354166666977,356.594405000,-0.613071000,92.020588000,1.553694000,,
2030_twilight_month,2462572.375000000000,356.566509000,-0.584649000,91.766832000,1.553674000,,
2030_twilight_month,2462572.395833333023,356.538666000,-0.556210000,91.513078000,1.553653000,,
2030_twilight_month,2462572.416666666977,356.510876000,-0.527755000,91.259327000,1.553632000,,
2030_twilight_month,2462572.437500000000,356.483140000,-0.499284000,91.005578000,1.553611000,,
2030_twilight_month,2462572.458333333023,356.455459000,-0.470797000,90.751832000,1.553590000,,
2030_twilight_month,2462572.479166666977,356.427834000,-0.442294000,90.498088000,1.553569000,,
2030_twilight_month,2462572.500000000000,356.400266000,-0.413777000,90.244346000,1.553547000,,
2030_twilight_month,2462572.520833333023,356.372756000,-0.385245000,89.990607000,1.553525000,,
2030_twilight_month,2462572.541666666977,356.345305000,-0.356700000,89.736871000,1.553502000,,
2030_twilight_month,2462572.562500000000,356.317913000,-0.328141000,89.483137000,1.553479000,,
2030_twilight_month,2462572.583333333023,356.290582000,-0.299569000,89.229405000,1.553456000,,
2030_twilight_month,2462572.604166666977,356.263312000,-0.270984000,88.975676000,1.553433000,,
2030_twilight_month,2462572.625000000000,356.236104000,-0.242387000,88.721949000,1.553409000,,
2030_twilight_month,2462572.645833333023,356.208960000,-0.213779000,88.468225000,1.553386000,,
2030_twilight_month,2462572.666666666977,356.181879000,-0.185159000,88.214504000,1.553361000,,
2030_twilight_month,2462572.687500000000,356.154864000,-0.156528000,87.960784000,1.553337000,,
2030_twilight_month,2462572.708333333023,356.127914000,-0.127888000,87.707067000,1.553312000,,
2030_twilight_month,2462572.729166666977,356.101032000,-0.099237000,87.453353000,1.553287000,,
2030_twilight_month,2462572.750000000000,356.074217000,-0.070577000,87.199641000,1.553262000,,
2030_twilight_month,2462572.770833333023,356.047470000,-0.041907000,86.945932000,1.553237000,,
2030_twilight_month,2462572.791666666977,356.020793000,-0.013230000,86.692225000,1.553211000,,
2030_twilight_month,2462572.812500000000,355.994186000,0.015456000,86.438521000,1.553185000,,
2030_twilight_month,2462572.833333333023,355.967651000,0.044150000,86.184819000,1.553158000,,
2030_twilight_month,2462572.854166666977,355.941187000,0.072850000,85.931119000,1.553132000,,
2030_twilight_month,2462572.875000000000,355.914797000,0.101557000,85.677422000,1.553105000,,
2030_twilight_month,2462572.895833333023,355.888481000,0.130271000,85.423728000,1.553077000,,
2030_twilight_month,2462572.916666666977,355.862240000,0.158990000,85.170035000,1.553050000,,
2030_twilight_month,2462572.937500000000,355.836074000,0.187715000,84.916346000,1.553022000,,
2030_twilight_month,2462572.958333333023,355.809985000,0.216444000,84.662659000,1.552994000,,
2030_twilight_month,2462572.979166666977,355.783974000,0.245178000,84.408974000,1.552966000,,
2030_twilight_month,2462573.000000000000,355.758041000,0.273916000,84.155292000,1.552937000,,
2030_twilight_month,2462573.020833333023,355.732187000,0.302657000,83.901613000,1.552908000,,
2030_twilight_month,2462573.041666666977,355.706414000,0.331402000,83.647935000,1.552879000,,
2030_twilight_month,2462573.062500000000,355.680722000,0.360148000,83.394261000,1.552850000,,
2030_twilight_month,2462573.083333333023,355.655112000,0.388897000,83.140589000,1.552820000,,
2030_twilight_month,2462573.104166666977,355.629585000,0.417648000,82.886919000,1.552790000,,
2030_twilight_month,2462573.125000000000,355.604142000,0.446399000,82.633252000,1.552760000,,
2030_twilight_month,2462573.145833333023,355.578783000,0.475151000,82.379587000,1.552729000,,
2030_twilight_month,2462573.166666666977,355.553510000,0.503904000,82.125925000,1.552698000,,
2030_twilight_month,2462573.187500000000,355.528324000,0.532656000,81.872265000,1.552667000,,
2030_twilight_month,2462573.208333333023,355.503225000,0.561407000,81.618608000,1.552636000,,
2030_twilight_month,2462573.229166666977,355.478214000,0.590157000,81.364953000,1.552604000,,
2030_twilight_month,2462573.250000000000,355.453293000,0.618905000,81.111301000,1.552572000,,
2030_twilight_month,2462573.270833333023,355.428462000,0.647651000,80.857651000,1.552540000,,
2030_twilight_month,2462573.291666666977,355.403721000,0.676395000,80.604004000,1.552508000,,
2030_twilight_month,2462573.312500000000,355.379073000,0.705135000,80.350359000,1.552475000,,
2030_twilight_month,2462573.333333333023,355.354517000,0.733872000,80.096717000,1.552442000,,
2030_twilight_month,2462573.354166666977,355.330055000,0.762604000,79.843077000,1.552409000,,
2030_twilight_month,2462573.375000000000,355.305688000,0.791332000,79.589440000,1.552375000,,
2030_twilight_month,2462573.395833333023,355.281416000,0.820054000,79.335805000,1.552341000,,
2030_twilight_month,2462573.416666666977,355.257240000,0.848772000,79.082173000,1.552307000,,
2030_twilight_month,2462573.437500000000,355.233162000,0.877483000,78.828543000,1.552273000,,
2030_twilight_month,2462573.458333333023,355.209182000,0.906187000,78.574915000,1.552238000,,
2030_twilight_month,2462573.479166666977,355.185300000,0.934884000,78.321291000,1.552203000,,
2030_twilight_month,2462573.500000000000,355.161519000,0.963574000,78.067668000,1.552168000,,
2030_twilight_month,2462573.520833333023,355.137838000,0.992256000,77.814048000,1.552132000,,
2030_twilight_month,2462573.541666666977,355.114259000,1.020929000,77.560431000,1.552097000,,
2030_twilight_month,2462573.562500000000,355.090783000,1.049593000,77.306816000,1.552060000,,
2030_twilight_month,2462573.583333333023,355.067410000,1.078248000,77.053204000,1.552024000,,
2030_twilight_month,2462573.604166666977,355.044141000,1.106892000,76.799594000,1.551988000,,
2030_twilight_month,2462573.625000000000,355.020977000,1.135526000,76.545987000,1.551951000,,
2030_twilight_month,2462573.645833333023,354.997920000,1.164149000,76.292382000,1.551913000,,
2030_twilight_month,2462573.666666666977,354.974969000,1.192761000,76.038780000,1.551876000,,
2030_twilight_month,2462573.687500000000,354.952126000,1.221360000,75.785180000,1.551838000,,
2030_twilight_month,2462573.708333333023,354.929392000,1.249947000,75.531582000,1.551800000,,
2030_twilight_month,2462573.729166666977,354.906767000,1.278520000,75.277987000,1.551762000,,
2030_twilight_month,2462573.750000000000,354.884253000,1.307081000,75.024395000,1.551723000,,
2030_twilight_month,2462573.770833333023,354.861850000,1.335627000,74.770805000,1.551685000,,
2030_twilight_month,2462573.791666666977,354.839559000,1.364158000,74.517218000,1.551645000,,
2030_twilight_month,2462573.812500000000,354.817381000,1.392674000,74.263633000,1.551606000,,
2030_twilight_month,2462573.833333333023,354.795316000,1.421175000,74.010050000,1.551566000,,
2030_twilight_month,2462573.854166666977,354.773367000,1.449660000,73.756470000,1.551526000,,
2030_twilight_month,2462573.875000000000,354.751533000,1.478128000,73.502893000,1.551486000,,
2030_twilight_month,2462573.895833333023,354.729816000,1.506578000,73.249318000,1.551446000,,
2030_twilight_month,2462573.916666666977,354.708216000,1.535011000,72.995746000,1.551405000,,
2030_twilight_month,2462573.937500000000,354.686734000,1.563426000,72.742176000,1.551364000,,
2030_twilight_month,2462573.958333333023,354.665371000,1.591822000,72.488608000,1.551322000,,
2030_twilight_month,2462573.979166666977,354.644127000,1.620199000,72.235043000,1.551281000,,
2030_twilight_month,2462574.000000000000,354.623005000,1.648556000,71.981481000,1.551239000,,
2030_twilight_month,2462574.020833333023,354.602004000,1.676893000,71.727920000,1.551197000,,
2030_twilight_month,2462574.041666666977,354.581126000,1.705209000,71.474363000,1.551154000,,
2030_twilight_month,2462574.062500000000,354.560370000,1.733503000,71.220808000,1.551111000,,
2030_twilight_month,2462574.083333333023,354.539739000,1.761776000,70.967255000,1.551068000,,
2030_twilight_month,2462574.104166666977,354.519233000,1.790026000,70.713705000,1.551025000,,
2030_twilight_month,2462574.125000000000,354.498852000,1.818253000,70.460157000,1.550981000,,
2030_twilight_month,2462574.145833333023,354.478598000,1.846457000,70.206612000,1.550937000,,
2030_twilight_month,2462574.166666666977,354.458472000,1.874636000,69.953070000,1.550893000,,
2030_twilight_month,2462574.187500000000,354.438473000,1.902791000,69.699529000,1.550849000,,
2030_twilight_month,2462574.208333333023,354.418604000,1.930921000,69.445992000,1.550804000,,
2030_twilight_month,2462574.229166666977,354.398865000,1.959025000,69.192456000,1.550759000,,
2030_twilight_month,2462574.250000000000,354.379256000,1.987103000,68.938924000,1.550713000,,
2030_twilight_month,2462574.270833333023,354.359780000,2.015154000,68.685393000,1.550668000,,
2030_twilight_month,2462574.291666666977,354.340435000,2.043178000,68.431865000,1.550622000,,
2030_twilight_month,2462574.312500000000,354.321223000,2.071174000,68.178340000,1.550576000,,
2030_twilight_month,2462574.333333333023,354.302146000,2.099142000,67.924817000,1.550529000,,
2030_twilight_month,2462574.354166666977,354.283203000,2.127080000,67.671297000,1.550482000,,
2030_twilight_month,2462574.375000000000,354.264397000,2.154989000,67.417779000,1.550435000,,
2030_twilight_month,2462574.395833333023,354.245726000,2.182868000,67.164263000,1.550388000,,
2030_twilight_month,2462574.416666666977,354.227193000,2.210716000,66.910750000,1.550340000,,
2030_twilight_month,2462574.437500000000,354.208798000,2.238534000,66.657239000,1.550292000,,
2030_twilight_month,2462574.458333333023,354.190541000,2.266319000,66.403731000,1.550244000,,
2030_twilight_month,2462574.479166666977,354.172424000,2.294072000,66.150225000,1.550195000,,
2030_twilight_month,2462574.500000000000,354.154448000,2.321792000,65.896722000,1.550146000,,
2030_twilight_month,2462574.520833333023,354.136613000,2.349479000,65.643221000,1.550097000,,
2030_twilight_month,2462574.541666666977,354.118920000,2.377132000,65.389723000,1.550047000,,
2030_twilight_month,2462574.562500000000,354.101370000,2.404750000,65.136227000,1.549998000,,
2030_twilight_month,2462574.583333333023,354.083963000,2.432333000,64.882733000,1.549948000,,
2030_twilight_month,2462574.604166666977,354.066701000,2.459880000,64.629242000,1.549897000,,
2030_twilight_month,2462574.625000000000,354.049583000,2.487391000,64.375754000,1.549846000,,
2030_twilight_month,2462574.645833333023,354.032612000,2.514865000,64.122268000,1.549795000,,
2030_twilight_month,2462574.666666666977,354.015788000,2.542302000,63.868784000,1.549744000,,
2030_twilight_month,2462574.687500000000,353.999110000,2.569700000,63.615302000,1.549693000,,
2030_twilight_month,2462574.708333333023,353.982581000,2.597060000,63.361824000,1.549641000,,
2030_twilight_month,2462574.729166666977,353.966201000,2.624381000,63.108347000,1.549588000,,
2030_twilight_month,2462574.750000000000,353.949971000,2.651662000,62.854873000,1.549536000,,
2030_twilight_month,2462574.770833333023,353.933891000,2.678903000,62.601401000,1.549483000,,
2030_twilight_month,2462574.791666666977,353.917963000,2.706102000,62.347932000,1.549430000,,
2030_twilight_month,2462574.812500000000,353.902186000,2.733260000,62.094465000,1.549376000,,
2030_twilight_month,2462574.833333333023,353.886562000,2.760376000,61.841001000,1.549323000,,
2030_twilight_month,2462574.854166666977,353.871092000,2.787450000,61.587539000,1.549268000,,
2030_twilight_month,2462574.875000000000,353.855776000,2.814480000,61.334080000,1.549214000,,
2030_twilight_month,2462574.895833333023,353.840614000,2.841466000,61.080622000,1.549159000,,
2030_twilight_month,2462574.916666666977,353.825609000,2.868407000,60.827168000,1.549104000,,
2030_twilight_month,2462574.937500000000,353.810759000,2.895304000,60.573715000,1.549049000,,
2030_twilight_month,2462574.958333333023,353.796067000,2.922155000,60.320265000,1.548993000,,
2030_twilight_month,2462574.979166666977,353.781533000,2.948959000,60.066818000,1.548937000,,
2030_twilight_month,2462575.000000000000,353.767157000,2.975717000,59.813373000,1.548881000,,
2030_twilight_month,2462575.020833333023,353.752940000,3.002427000,59.559930000,1.548824000,,
2030_twilight_month,2462575.041666666977,353.738883000,3.029089000,59.306490000,1.548767000,,
2030_twilight_month,2462575.062500000000,353.724987000,3.055702000,59.053052000,1.548710000,,
2030_twilight_month,2462575.083333333023,353.711253000,3.082266000,58.799616000,1.548652000,,
2030_twilight_month,2462575.104166666977,353.697680000,3.108780000,58.546183000,1.548595000,,
2030_twilight_month,2462575.125000000000,353.684270000,3.135243000,58.292752000,1.548536000,,
2030_twilight_month,2462575.145833333023,353.671023000,3.161655000,58.039323000,1.548478000,,
2030_twilight_month,2462575.166666666977,353.657941000,3.188016000,57.785897000,1.548419000,,
2030_twilight_month,2462575.187500000000,353.645023000,3.214324000,57.532473000,1.548360000,,
2030_twilight_month,2462575.208333333023,353.632271000,3.240579000,57.279052000,1.548300000,,
2030_twilight_month,2462575.229166666977,353.619685000,3.266780000,57.025633000,1.548240000,,
2030_twilight_month,2462575.250000000000,353.607265000,3.292927000,56.772216000,1.548180000,,
2030_twilight_month,2462575.270833333023,353.595013000,3.319019000,56.518802000,1.548119000,,
2030_twilight_month,2462575.291666666977,353.582929000,3.345056000,56.265390000,1.548058000,,
2030_twilight_month,2462575.312500000000,353.571014000,3.371036000,56.011980000,1.547997000,,
2030_twilight_month,2462575.333333333023,353.559268000,3.396960000,55.758573000,1.547936000,,
2030_twilight_month,2462575.354166666977,353.547692000,3.422826000,55.505168000,1.547874000,,
2030_twilight_month,2462575.375000000000,353.536287000,3.448634000,55.251765000,1.547811000,,
2030_twilight_month,2462575.395833333023,353.525053000,3.474383000,54.998365000,1.547749000,,
2030_twilight_month,2462575.416666666977,353.513991000,3.500074000,54.744967000,1.547686000,,
2030_twilight_month,2462575.437500000000,353.503101000,3.525704000,54.491571000,1.547622000,,
2030_twilight_month,2462575.458333333023,353.492385000,3.551273000,54.238177000,1.547559000,,
2030_twilight_month,2462575.479166666977,353.481842000,3.576782000,53.984786000,1.547495000,,
2030_twilight_month,2462575.500000000000,353.471474000,3.602228000,53.731398000,1.547431000,,
2030_twilight_month,2462575.520833333023,353.461280000,3.627612000,53.478011000,1.547366000,,
2030_twilight_month,2462575.541666666977,353.451262000,3.652933000,53.224627000,1.547301000,,
2030_twilight_month,2462575.562500000000,353.441421000,3.678190000,52.971245000,1.547235000,,
2030_twilight_month,2462575.583333333023,353.431755000,3.703383000,52.717865000,1.547170000,,
2030_twilight_month,2462575.604166666977,353.422268000,3.728510000,52.464488000,1.547104000,,
2030_twilight_month,2462575.625000000000,353.412958000,3.753572000,52.211113000,1.547037000,,
2030_twilight_month,2462575.645833333023,353.403826000,3.778567000,51.957740000,1.546970000,,
2030_twilight_month,2462575.666666666977,353.394874000,3.803495000,51.704370000,1.546903000,,
2030_twilight_month,2462575.687500000000,353.386101000,3.828356000,51.451001000,1.546836000,,
2030_twilight_month,2462575.708333333023,353.377508000,3.853148000,51.197635000,1.546768000,,
2030_twilight_month,2462575.729166666977,353.369096000,3.877871000,50.944272000,1.546699000,,
2030_twilight_month,2462575.750000000000,353.360865000,3.902524000,50.690910000,1.546631000,,
2030_twilight_month,2462575.770833333023,353.352816000,3.927107000,50.437551000,1.546562000,,
2030_twilight_month,2462575.791666666977,353.344949000,3.951619000,50.184194000,1.546492000,,
2030_twilight_month,2462575.812500000000,353.337265000,3.976059000,49.930839000,1.546423000,,
2030_twilight_month,2462575.833333333023,353.329764000,4.000427000,49.677487000,1.546353000,,
2030_twilight_month,2462575.854166666977,353.322447000,4.024722000,49.424136000,1.546282000,,
2030_twilight_month,2462575.875000000000,353.315314000,4.048944000,49.170788000,1.546211000,,
2030_twilight_month,2462575.895833333023,353.308366000,4.073090000,48.917443000,1.546140000,,
2030_twilight_month,2462575.916666666977,353.301603000,4.097162000,48.664099000,1.546068000,,
2030_twilight_month,2462575.937500000000,353.295026000,4.121159000,48.410757000,1.545996000,,
2030_twilight_month,2462575.958333333023,353.288636000,4.145078000,48.157418000,1.545924000,,
2030_twilight_month,2462575.979166666977,353.282432000,4.168921000,47.904081000,1.545851000,,
2030_twilight_month,2462576.000000000000,353.276415000,4.192686000,47.650746000,1.545778000,,
2030_twilight_month,2462576.020833333023,353.270586000,4.216373000,47.397414000,1.545705000,,
2030_twilight_month,2462576.041666666977,353.264945000,4.239981000,47.144083000,1.545631000,,
2030_twilight_month,2462576.062500000000,353.259493000,4.263508000,46.890755000,1.545557000,,
2030_twilight_month,2462576.083333333023,353.254230000,4.286956000,46.637429000,1.545482000,,
2030_twilight_month,2462576.104166666977,353.249156000,4.310322000,46.384105000,1.545407000,,
2030_twilight_month,2462576.125000000000,353.244272000,4.333607000,46.130783000,1.545332000,,
2030_twilight_month,2462576.145833333023,353.239579000,4.356809000,45.877463000,1.545256000,,
2030_twilight_month,2462576.166666666977,353.235076000,4.379928000,45.624145000,1.545179000,,
2030_twilight_month,2462576.187500000000,353.230764000,4.402963000,45.370830000,1.545103000,,
2030_twilight_month,2462576.208333333023,353.226644000,4.425913000,45.117517000,1.545026000,,
2030_twilight_month,2462576.229166666977,353.222716000,4.448779000,44.864205000,1.544948000,,
2030_twilight_month,2462576.250000000000,353.218980000,4.471558000,44.610896000,1.544871000,,
2030_twilight_month,2462576.270833333023,353.215437000,4.494251000,44.357589000,1.544792000,,
2030_twilight_month,2462576.291666666977,353.212087000,4.516857000,44.104285000,1.544714000,,
2030_twilight_month,2462576.312500000000,353.208930000,4.539374000,43.850982000,1.544635000,,
2030_twilight_month,2462576.333333333023,353.205967000,4.561803000,43.597681000,1.544555000,,
2030_twilight_month,2462576.354166666977,353.203199000,4.584143000,43.344383000,1.544475000,,
2030_twilight_month,2462576.375000000000,353.200624000,4.606393000,43.091086000,1.544395000,,
2030_twilight_month,2462576.395833333023,353.198245000,4.628551000,42.837792000,1.544315000,,
2030_twilight_month,2462576.416666666977,353.196061000,4.650619000,42.584499000,1.544234000,,
2030_twilight_month,2462576.437500000000,353.194072000,4.672594000,42.331209000,1.544152000,,
2030_twilight_month,2462576.458333333023,353.192280000,4.694476000,42.077921000,1.544070000,,
2030_twilight_month,2462576.479166666977,353.190683000,4.716265000,41.824635000,1.543988000,,
2030_twilight_month,2462576.500000000000,353.189283000,4.737960000,41.571351000,1.543905000,,
2030_twilight_month,2462576.520833333023,353.188079000,4.759560000,41.318069000,1.543822000,,
2030_twilight_month,2462576.541666666977,353.187073000,4.781064000,41.064789000,1.543738000,,
2030_twilight_month,2462576.562500000000,353.186264000,4.802472000,40.811510000,1.543654000,,
2030_twilight_month,2462576.583333333023,353.185652000,4.823783000,40.558234000,1.543570000,,
2030_twilight_month,2462576.604166666977,353.185238000,4.844996000,40.304960000,1.543485000,,
2030_twilight_month,2462576.625000000000,353.185023000,4.866110000,40.051688000,1.543400000,,
2030_twilight_month,2462576.645833333023,353.185005000,4.887126000,39.798418000,1.543314000,,
2030_twilight_month,2462576.666666666977,353.185187000,4.908042000,39.545150000,1.543228000,,
2030_twilight_month,2462576.687500000000,353.185567000,4.928857000,39.291884000,1.543141000,,
2030_twilight_month,2462576.708333333023,353.186146000,4.949571000,39.038620000,1.543054000,,
2030_twilight_month,2462576.729166666977,353.186924000,4.970183000,38.785358000,1.542967000,,
2030_twilight_month,2462576.750000000000,353.187902000,4.990692000,38.532098000,1.542879000,,
2030_twilight_month,2462576.770833333023,353.189080000,5.011099000,38.278839000,1.542791000,,
2030_twilight_month,2462576.791666666977,353.190457000,5.031401000,38.025583000,1.542702000,,
2030_twilight_month,2462576.812500000000,353.192034000,5.051598000,37.772329000,1.542613000,,
2030_twilight_month,2462576.833333333023,353.193812000,5.071690000,37.519076000,1.542523000,,
2030_twilight_month,2462576.854166666977,353.195790000,5.091676000,37.265826000,1.542433000,,
2030_twilight_month,2462576.875000000000,353.197968000,5.111555000,37.012577000,1.542343000,,
2030_twilight_month,2462576.895833333023,353.200348000,5.131326000,36.759330000,1.542252000,,
2030_twilight_month,2462576.916666666977,353.202928000,5.150989000,36.506085000,1.542160000,,
2030_twilight_month,2462576.937500000000,353.205709000,5.170543000,36.252842000,1.542068000,,
2030_twilight_month,2462576.958333333023,353.208691000,5.189987000,35.999601000,1.541976000,,
2030_twilight_month,2462576.979166666977,353.211874000,5.209322000,35.746362000,1.541883000,,
2030_twilight_month,2462577.000000000000,353.215259000,5.228545000,35.493125000,1.541790000,,
2030_twilight_month,2462577.020833333023,353.218845000,5.247656000,35.239889000,1.541696000,,
2030_twilight_month,2462577.041666666977,353.222633000,5.266654000,34.986656000,1.541602000,,
2030_twilight_month,2462577.062500000000,353.226622000,5.285540000,34.733424000,1.541508000,,
2030_twilight_month,2462577.083333333023,353.230813000,5.304312000,34.480194000,1.541412000,,
2030_twilight_month,2462577.104166666977,353.235205000,5.322969000,34.226966000,1.541317000,,
2030_twilight_month,2462577.125000000000,353.239800000,5.341511000,33.973739000,1.541221000,,
2030_twilight_month,2462577.145833333023,353.244596000,5.359936000,33.720515000,1.541124000,,
2030_twilight_month,2462577.166666666977,353.249594000,5.378245000,33.467292000,1.541028000,,
2030_twilight_month,2462577.187500000000,353.254794000,5.396437000,33.214071000,1.540930000,,
2030_twilight_month,2462577.208333333023,353.260196000,5.414511000,32.960851000,1.540832000,,
2030_twilight_month,2462577.229166666977,353.265800000,5.432466000,32.707634000,1.540734000,,
2030_twilight_month,2462577.250000000000,353.271605000,5.450301000,32.454418000,1.540635000,,
2030_twilight_month,2462577.270833333023,353.277613000,5.468016000,32.201204000,1.540536000,,
2030_twilight_month,2462577.291666666977,353.283823000,5.485610000,31.947992000,1.540436000,,
2030_twilight_month,2462577.312500000000,353.290234000,5.503083000,31.694781000,1.540336000,,
2030_twilight_month,2462577.333333333023,353.296848000,5.520434000,31.441573000,1.540235000,,
2030_twilight_month,2462577.354166666977,353.303663000,5.537661000,31.188366000,1.540134000,,
2030_twilight_month,2462577.375000000000,353.310680000,5.554765000,30.935160000,1.540032000,,
2030_twilight_month,2462577.395833333023,353.317899000,5.571744000,30.681956000,1.539930000,,
2030_twilight_month,2462577.416666666977,353.325319000,5.588599000,30.428754000,1.539827000,,
2030_twilight_month,2462577.437500000000,353.332941000,5.605327000,30.175554000,1.539724000,,
2030_twilight_month,2462577.458333333023,353.340764000,5.621930000,29.922355000,1.539621000,,
2030_twilight_month,2462577.479166666977,353.348789000,5.638405000,29.669158000,1.539516000,,
2030_twilight_month,2462577.500000000000,353.357015000,5.654752000,29.415963000,1.539412000,,
2030_twilight_month,2462577.520833333023,353.365442000,5.670971000,29.162769000,1.539307000,,
2030_twilight_month,2462577.541666666977,353.374070000,5.687060000,28.909577000,1.539201000,,
2030_twilight_month,2462577.562500000000,353.382898000,5.703020000,28.656386000,1.539095000,,
2030_twilight_month,2462577.583333333023,353.391928000,5.718849000,28.403197000,1.538988000,,
2030_twilight_month,2462577.604166666977,353.401158000,5.734548000,28.150010000,1.538881000,,
2030_twilight_month,2462577.625000000000,353.410589000,5.750114000,27.896824000,1.538774000,,
2030_twilight_month,2462577.645833333023,353.420220000,5.765547000,27.643640000,1.538666000,,
2030_twilight_month,2462577.666666666977,353.430050000,5.780848000,27.390457000,1.538557000,,
2030_twilight_month,2462577.687500000000,353.440081000,5.796014000,27.137276000,1.538448000,,
2030_twilight_month,2462577.708333333023,353.450311000,5.811046000,26.884097000,1.538338000,,
2030_twilight_month,2462577.729166666977,353.460741000,5.825943000,26.630919000,1.538228000,,
2030_twilight_month,2462577.750000000000,353.471370000,5.840703000,26.377742000,1.538118000,,
2030_twilight_month,2462577.770833333023,353.482198000,5.855327000,26.124567000,1.538007000,,
2030_twilight_month,2462577.791666666977,353.493225000,5.869814000,25.871394000,1.537895000,,
2030_twilight_month,2462577.812500000000,353.504450000,5.884163000,25.618222000,1.537783000,,
2030_twilight_month,2462577.833333333023,353.515873000,5.898373000,25.365051000,1.537670000,,
2030_twilight_month,2462577.854166666977,353.527494000,5.912444000,25.111882000,1.537557000,,
2030_twilight_month,2462577.875000000000,353.539313000,5.926376000,24.858715000,1.537444000,,
2030_twilight_month,2462577.895833333023,353.551329000,5.940166000,24.605548000,1.537329000,,
2030_twilight_month,2462577.916666666977,353.563543000,5.953816000,24.352384000,1.537215000,,
2030_twilight_month,2462577.937500000000,353.575953000,5.967323000,24.099220000,1.537100000,,
2030_twilight_month,2462577.958333333023,353.588559000,5.980688000,23.846059000,1.536984000,,
2030_twilight_month,2462577.979166666977,353.601362000,5.993910000,23.592898000,1.536868000,,
2030_twilight_month,2462578.000000000000,353.614360000,6.006988000,23.339739000,1.536751000,,
2030_twilight_month,2462578.020833333023,353.627554000,6.019922000,23.086581000,1.536634000,,
2030_twilight_month,2462578.041666666977,353.640942000,6.032711000,22.833425000,1.536516000,,
2030_twilight_month,2462578.062500000000,353.654526000,6.045354000,22.580270000,1.536398000,,
2030_twilight_month,2462578.083333333023,353.668303000,6.057850000,22.327116000,1.536279000,,
2030_twilight_month,2462578.104166666977,353.682275000,6.070200000,22.073964000,1.536159000,,
2030_twilight_month,2462578.125000000000,353.696440000,6.082402000,21.820813000,1.536039000,,
2030_twilight_month,2462578.145833333023,353.710798000,6.094456000,21.567663000,1.535919000,,
2030_twilight_month,2462578.166666666977,353.725349000,6.106361000,21.314515000,1.535798000,,
2030_twilight_month,2462578.187500000000,353.740092000,6.118117000,21.061368000,1.535677000,,
2030_twilight_month,2462578.208333333023,353.755027000,6.129723000,20.808222000,1.535555000,,
2030_twilight_month,2462578.229166666977,353.770153000,6.141178000,20.555077000,1.535432000,,
2030_twilight_month,2462578.250000000000,353.785470000,6.152482000,20.301934000,1.535309000,,
2030_twilight_month,2462578.270833333023,353.800977000,6.163634000,20.048792000,1.535185000,,
2030_twilight_month,2462578.291666666977,353.816675000,6.174633000,19.795651000,1.535061000,,
2030_twilight_month,2462578.312500000000,353.832561000,6.185479000,19.542511000,1.534937000,,
2030_twilight_month,2462578.333333333023,353.848637000,6.196172000,19.289373000,1.534812000,,
2030_twilight_month,2462578.354166666977,353.864901000,6.206710000,19.036235000,1.534686000,,
2030_twilight_month,2462578.375000000000,353.881353000,6.217094000,18.783099000,1.534560000,,
2030_twilight_month,2462578.395833333023,353.897993000,6.227322000,18.529964000,1.534433000,,
2030_twilight_month,2462578.416666666977,353.914819000,6.237394000,18.276831000,1.534305000,,
2030_twilight_month,2462578.437500000000,353.931831000,6.247310000,18.023698000,1.534178000,,
2030_twilight_month,2462578.458333333023,353.949029000,6.257069000,17.770567000,1.534049000,,
2030_twilight_month,2462578.479166666977,353.966413000,6.266669000,17.517436000,1.533920000,,
2030_twilight_month,2462578.500000000000,353.983981000,6.276112000,17.264307000,1.533791000,,
2030_twilight_month,2462578.520833333023,354.001733000,6.285396000,17.011179000,1.533661000,,
2030_twilight_month,2462578.541666666977,354.019668000,6.294520000,16.758051000,1.533530000,,
2030_twilight_month,2462578.562500000000,354.037786000,6.303484000,16.504925000,1.533399000,,
2030_twilight_month,2462578.583333333023,354.056086000,6.312288000,16.251800000,1.533268000,,
2030_twilight_month,2462578.604166666977,354.074568000,6.320931000,15.998676000,1.533135000,,
2030_twilight_month,2462578.625000000000,354.093231000,6.329412000,15.745553000,1.533003000,,
2030_twilight_month,2462578.645833333023,354.112073000,6.337731000,15.492432000,1.532869000,,
2030_twilight_month,2462578.666666666977,354.131096000,6.345888000,15.239311000,1.532736000,,
2030_twilight_month,2462578.687500000000,354.150297000,6.353881000,14.986191000,1.532601000,,
2030_twilight_month,2462578.708333333023,354.169677000,6.361711000,14.733072000,1.532466000,,
2030_twilight_month,2462578.729166666977,354.189234000,6.369376000,14.479954000,1.532331000,,
2030_twilight_month,2462578.750000000000,354.208968000,6.376877000,14.226836000,1.532195000,,
2030_twilight_month,2462578.770833333023,354.228878000,6.384213000,13.973720000,1.532058000,,
2030_twilight_month,2462578.791666666977,354.248963000,6.391383000,13.720605000,1.531921000,,
2030_twilight_month,2462578.812500000000,354.269224000,6.398386000,13.467491000,1.531784000,,
2030_twilight_month,2462578.833333333023,354.289658000,6.405223000,13.214377000,1.531646000,,
2030_twilight_month,2462578.854166666977,354.310265000,6.411893000,12.961265000,1.531507000,,
2030_twilight_month,2462578.875000000000,354.331045000,6.418395000,12.708153000,1.531368000,,
2030_twilight_month,2462578.895833333023,354.351997000,6.424729000,12.455042000,1.531228000,,
2030_twilight_month,2462578.916666666977,354.373120000,6.430894000,12.201932000,1.531087000,,
2030_twilight_month,2462578.937500000000,354.394412000,6.436890000,11.948823000,1.530947000,,
2030_twilight_month,2462578.958333333023,354.415874000,6.442717000,11.695715000,1.530805000,,
2030_twilight_month,2462578.979166666977,354.437505000,6.448373000,11.442607000,1.530663000,,
2030_twilight_month,2462579.000000000000,354.459303000,6.453860000,11.189500000,1.530521000,,
2030_twilight_month,2462579.020833333023,354.481269000,6.459175000,10.936394000,1.530378000,,
2030_twilight_month,2462579.041666666977,354.503400000,6.464319000,10.683289000,1.530234000,,
2030_twilight_month,2462579.062500000000,354.525697000,6.469291000,10.430184000,1.530090000,,
2030_twilight_month,2462579.083333333023,354.548158000,6.474091000,10.177081000,1.529945000,,
2030_twilight_month,2462579.104166666977,354.570783000,6.478718000,9.923978000,1.529800000,,
2030_twilight_month,2462579.125000000000,354.593571000,6.483172000,9.670875000,1.529654000,,
2030_twilight_month,2462579.145833333023,354.616520000,6.487453000,9.417773000,1.529508000,,
2030_twilight_month,2462579.166666666977,354.639630000,6.491560000,9.164672000,1.529361000,,
2030_twilight_month,2462579.187500000000,354.662901000,6.495493000,8.911572000,1.529213000,,
2030_twilight_month,2462579.208333333023,354.686330000,6.499251000,8.658472000,1.529065000,,
2030_twilight_month,2462579.229166666977,354.709918000,6.502834000,8.405373000,1.528917000,,
2030_twilight_month,2462579.250000000000,354.733663000,6.506241000,8.152275000,1.528768000,,
2030_twilight_month,2462579.270833333023,354.757565000,6.509473000,7.899177000,1.528618000,,
2030_twilight_month,2462579.291666666977,354.781622000,6.512528000,7.646079000,1.528468000,,
2030_twilight_month,2462579.312500000000,354.805834000,6.515407000,7.392982000,1.528317000,,
2030_twilight_month,2462579.333333333023,354.830199000,6.518109000,7.139886000,1.528166000,,
2030_twilight_month,2462579.354166666977,354.854717000,6.520634000,6.886791000,1.528014000,,
2030_twilight_month,2462579.375000000000,354.879386000,6.522981000,6.633695000,1.527862000,,
2030_twilight_month,2462579.395833333023,354.904207000,6.525151000,6.380601000,1.527709000,,
2030_twilight_month,2462579.416666666977,354.929177000,6.527142000,6.127507000,1.527556000,,
2030_twilight_month,2462579.437500000000,354.954295000,6.528954000,5.874413000,1.527402000,,
2030_twilight_month,2462579.458333333023,354.979562000,6.530588000,5.621320000,1.527247000,,
2030_twilight_month,2462579.479166666977,355.004975000,6.532042000,5.368227000,1.527092000,,
2030_twilight_month,2462579.500000000000,355.030534000,6.533317000,5.115134000,1.526937000,,
2030_twilight_month,2462579.520833333023,355.056238000,6.534412000,4.862043000,1.526780000,,
2030_twilight_month,2462579.541666666977,355.082085000,6.535327000,4.608951000,1.526624000,,
2030_twilight_month,2462579.562500000000,355.108075000,6.536061000,4.355860000,1.526467000,,
2030_twilight_month,2462579.583333333023,355.134207000,6.536615000,4.102769000,1.526309000,,
2030_twilight_month,2462579.604166666977,355.160479000,6.536988000,3.849679000,1.526151000,,
2030_twilight_month,2462579.625000000000,355.186890000,6.537180000,3.596589000,1.525992000,,
2030_twilight_month,2462579.645833333023,355.213440000,6.537190000,3.343499000,1.525833000,,
2030_twilight_month,2462579.666666666977,355.240128000,6.537019000,3.090409000,1.525673000,,
2030_twilight_month,2462579.687500000000,355.266951000,6.536665000,2.837320000,1.525512000,,
2030_twilight_month,2462579.708333333023,355.293910000,6.536130000,2.584231000,1.525351000,,
2030_twilight_month,2462579.729166666977,355.321003000,6.535412000,2.331143000,1.525190000,,
2030_twilight_month,2462579.750000000000,355.348229000,6.534511000,2.078054000,1.525028000,,
2030_twilight_month,2462579.770833333023,355.375586000,6.533428000,1.824966000,1.524866000,,
2030_twilight_month,2462579.791666666977,355.403075000,6.532162000,1.571878000,1.524703000,,
2030_twilight_month,2462579.812500000000,355.430693000,6.530712000,1.318791000,1.524539000,,
2030_twilight_month,2462579.833333333023,355.458439000,6.529079000,1.065703000,1.524375000,,
2030_twilight_month,2462579.854166666977,355.486313000,6.527262000,0.812616000,1.524210000,,
2030_twilight_month,2462579.875000000000,355.514313000,6.525261000,0.559529000,1.524045000,,
2030_twilight_month,2462579.895833333023,355.542438000,6.523077000,0.306442000,1.523880000,,
2030_twilight_month,2462579.916666666977,355.570687000,6.520708000,0.053355000,1.523714000,,
2030_twilight_month,2462579.937500000000,355.599059000,6.518155000,359.800268000,1.523547000,,
2030_twilight_month,2462579.958333333023,355.627552000,6.515418000,359.547181000,1.523380000,,
2030_twilight_month,2462579.979166666977,355.656166000,6.512496000,359.294094000,1.523212000,,
2030_twilight_month,2462580.000000000000,355.684899000,6.509390000,359.041008000,1.523044000,,
2030_twilight_month,2462580.020833333023,355.713750000,6.506098000,358.787921000,1.522875000,,
2030_twilight_month,2462580.041666666977,355.742718000,6.502622000,358.534835000,1.522706000,,
2030_twilight_month,2462580.062500000000,355.771801000,6.498961000,358.281748000,1.522536000,,
2030_twilight_month,2462580.083333333023,355.800999000,6.495114000,358.028662000,1.522366000,,
2030_twilight_month,2462580.104166666977,355.830310000,6.491083000,357.775575000,1.522195000,,
2030_twilight_month,2462580.125000000000,355.859733000,6.486866000,357.522489000,1.522024000,,
2030_twilight_month,2462580.145833333023,355.889267000,6.482463000,357.269402000,1.521852000,,
2030_twilight_month,2462580.166666666977,355.918911000,6.477876000,357.016315000,1.521680000,,
2030_twilight_month,2462580.187500000000,355.948663000,6.473102000,356.763229000,1.521507000,,
2030_twilight_month,2462580.208333333023,355.978522000,6.468144000,356.510142000,1.521334000,,
2030_twilight_month,2462580.229166666977,356.008487000,6.462999000,356.257055000,1.521160000,,
2030_twilight_month,2462580.250000000000,356.038557000,6.457669000,356.003968000,1.520986000,,
2030_twilight_month,2462580.270833333023,356.068730000,6.452154000,355.750880000,1.520811000,,
2030_twilight_month,2462580.291666666977,356.099005000,6.446452000,355.497793000,1.520636000,,
2030_twilight_month,2462580.312500000000,356.129381000,6.440565000,355.244705000,1.520461000,,
2030_twilight_month,2462580.333333333023,356.159856000,6.434493000,354.991617000,1.520284000,,
2030_twilight_month,2462580.354166666977,356.190430000,6.428234000,354.738529000,1.520108000,,
2030_twilight_month,2462580.375000000000,356.221102000,6.421790000,354.485441000,1.519931000,,
2030_twilight_month,2462580.395833333023,356.251868000,6.415161000,354.232353000,1.519753000,,
2030_twilight_month,2462580.416666666977,356.282730000,6.408346000,353.979264000,1.519575000,,
2030_twilight_month,2462580.437500000000,356.313685000,6.401345000,353.726175000,1.519396000,,
2030_twilight_month,2462580.458333333023,356.344731000,6.394159000,353.473085000,1.519217000,,
2030_twilight_month,2462580.479166666977,356.375869000,6.386787000,353.219996000,1.519038000,,
2030_twilight_month,2462580.500000000000,356.407095000,6.379230000,352.966906000,1.518858000,,
2030_twilight_month,2462580.520833333023,356.438410000,6.371488000,352.713815000,1.518677000,,
2030_twilight_month,2462580.541666666977,356.469812000,6.363560000,352.460725000,1.518497000,,
2030_twilight_month,2462580.562500000000,356.501299000,6.355447000,352.207633000,1.518315000,,
2030_twilight_month,2462580.583333333023,356.532870000,6.347150000,351.954542000,1.518133000,,
2030_twilight_month,2462580.604166666977,356.564524000,6.338667000,351.701450000,1.517951000,,
2030_twilight_month,2462580.625000000000,356.596260000,6.329999000,351.448358000,1.517768000,,
2030_twilight_month,2462580.645833333023,356.628076000,6.321147000,351.195265000,1.517585000,,
2030_twilight_month,2462580.666666666977,356.659971000,6.312111000,350.942172000,1.517402000,,
2030_twilight_month,2462580.687500000000,356.691944000,6.302889000,350.689078000,1.517218000,,
2030_twilight_month,2462580.708333333023,356.723993000,6.293484000,350.435984000,1.517033000,,
2030_twilight_month,2462580.729166666977,356.756116000,6.283895000,350.182889000,1.516848000,,
2030_twilight_month,2462580.750000000000,356.788314000,6.274121000,349.929794000,1.516663000,,
2030_twilight_month,2462580.770833333023,356.820584000,6.264164000,349.676698000,1.516477000,,
2030_twilight_month,2462580.791666666977,356.852924000,6.254023000,349.423602000,1.516291000,,
2030_twilight_month,2462580.812500000000,356.885335000,6.243699000,349.170505000,1.516104000,,
2030_twilight_month,2462580.833333333023,356.917813000,6.233192000,348.917407000,1.515917000,,
2030_twilight_month,2462580.854166666977,356.950359000,6.222502000,348.664309000,1.515729000,,
2030_twilight_month,2462580.875000000000,356.982970000,6.211629000,348.411210000,1.515541000,,
2030_twilight_month,2462580.895833333023,357.015646000,6.200573000,348.158111000,1.515353000,,
2030_twilight_month,2462580.916666666977,357.048385000,6.189335000,347.905011000,1.515164000,,
2030_twilight_month,2462580.937500000000,357.081185000,6.177915000,347.651910000,1.514975000,,
2030_twilight_month,2462580.958333333023,357.114046000,6.166314000,347.398809000,1.514786000,,
2030_twilight_month,2462580.979166666977,357.146965000,6.154530000,347.145706000,1.514596000,,
2030_twilight_month,2462581.000000000000,357.179942000,6.142566000,346.892604000,1.514405000,,
2030_twilight_month,2462581.020833333023,357.212975000,6.130420000,346.639500000,1.514214000,,
2030_twilight_month,2462581.041666666977,357.246064000,6.118094000,346.386395000,1.514023000,,
2030_twilight_month,2462581.062500000000,357.279205000,6.105588000,346.133290000,1.513832000,,
2030_twilight_month,2462581.083333333023,357.312399000,6.092901000,345.880184000,1.513640000,,
2030_twilight_month,2462581.104166666977,357.345644000,6.080034000,345.627078000,1.513447000,,
2030_twilight_month,2462581.125000000000,357.378939000,6.066988000,345.373970000,1.513254000,,
2030_twilight_month,2462581.145833333023,357.412281000,6.053763000,345.120861000,1.513061000,,
2030_twilight_month,2462581.166666666977,357.445671000,6.040359000,344.867752000,1.512868000,,
2030_twilight_month,2462581.187500000000,357.479106000,6.026777000,344.614642000,1.512674000,,
2030_twilight_month,2462581.208333333023,357.512585000,6.013017000,344.361531000,1.512480000,,
2030_twilight_month,2462581.229166666977,357.546106000,5.999078000,344.108419000,1.512285000,,
2030_twilight_month,2462581.250000000000,357.579670000,5.984963000,343.855306000,1.512090000,,
2030_twilight_month,2462581.270833333023,357.613273000,5.970670000,343.602192000,1.511895000,,
2030_twilight_month,2462581.291666666977,357.646915000,5.956201000,343.349077000,1.511699000,,
2030_twilight_month,2462581.312500000000,357.680594000,5.941555000,343.095961000,1.511503000,,
2030_twilight_month,2462581.333333333023,357.714310000,5.926734000,342.842845000,1.511306000,,
2030_twilight_month,2462581.354166666977,357.748060000,5.911738000,342.589727000,1.511110000,,
2030_twilight_month,2462581.375000000000,357.781844000,5.896566000,342.336608000,1.510913000,,
2030_twilight_month,2462581.395833333023,357.815660000,5.881220000,342.083488000,1.510715000,,
2030_twilight_month,2462581.416666666977,357.849506000,5.865699000,341.830367000,1.510517000,,
2030_twilight_month,2462581.437500000000,357.883382000,5.850005000,341.577245000,1.510319000,,
2030_twilight_month,2462581.458333333023,357.917286000,5.834138000,341.324122000,1.510121000,,
2030_twilight_month,2462581.479166666977,357.951216000,5.818098000,341.070998000,1.509922000,,
2030_twilight_month,2462581.500000000000,357.985172000,5.801886000,340.817872000,1.509723000,,
2030_twilight_month,2462581.520833333023,358.019152000,5.785502000,340.564746000,1.509524000,,
2030_twilight_month,2462581.541666666977,358.053155000,5.768946000,340.311618000,1.509324000,,
2030_twilight_month,2462581.562500000000,358.087179000,5.752220000,340.058489000,1.509124000,,
2030_twilight_month,2462581.583333333023,358.121223000,5.735323000,339.805359000,1.508923000,,
2030_twilight_month,2462581.604166666977,358.155286000,5.718257000,339.552228000,1.508723000,,
2030_twilight_month,2462581.625000000000,358.189366000,5.701021000,339.299096000,1.508522000,,
2030_twilight_month,2462581.645833333023,358.223462000,5.683616000,339.045962000,1.508321000,,
2030_twilight_month,2462581.666666666977,358.257574000,5.666043000,338.792827000,1.508119000,,
2030_twilight_month,2462581.687500000000,358.291698000,5.648303000,338.539691000,1.507917000,,
2030_twilight_month,2462581.708333333023,358.325835000,5.630395000,338.286553000,1.507715000,,
2030_twilight_month,2462581.729166666977,358.359983000,5.612321000,338.033415000,1.507513000,,
2030_twilight_month,2462581.750000000000,358.394140000,5.594080000,337.780274000,1.507310000,,
2030_twilight_month,2462581.770833333023,358.428306000,5.575674000,337.527133000,1.507107000,,
2030_twilight_month,2462581.791666666977,358.462479000,5.557103000,337.273990000,1.506904000,,
2030_twilight_month,2462581.812500000000,358.496657000,5.538368000,337.020846000,1.506701000,,
2030_twilight_month,2462581.833333333023,358.530840000,5.519469000,336.767700000,1.506497000,,
2030_twilight_month,2462581.854166666977,358.565025000,5.500407000,336.514553000,1.506293000,,
2030_twilight_month,2462581.875000000000,358.599213000,5.481182000,336.261405000,1.506089000,,
2030_twilight_month,2462581.895833333023,358.633401000,5.461795000,336.008255000,1.505884000,,
2030_twilight_month,2462581.916666666977,358.667589000,5.442247000,335.755104000,1.505680000,,
2030_twilight_month,2462581.937500000000,358.701775000,5.422538000,335.501951000,1.505475000,,
2030_twilight_month,2462581.958333333023,358.735957000,5.402670000,335.248797000,1.505270000,,
2030_twilight_month,2462581.979166666977,358.770135000,5.382642000,334.995641000,1.505064000,,
2030_twilight_month,2462582.000000000000,358.804307000,5.362455000,334.742484000,1.504859000,,
2030_twilight_month,2462582.020833333023,358.838472000,5.342110000,334.489325000,1.504653000,,
2030_twilight_month,2462582.041666666977,358.872628000,5.321607000,334.236165000,1.504447000,,
2030_twilight_month,2462582.062500000000,358.906776000,5.300948000,333.983003000,1.504240000,,
2030_twilight_month,2462582.083333333023,358.940912000,5.280133000,333.729839000,1.504034000,,
2030_twilight_month,2462582.104166666977,358.975037000,5.259162000,333.476674000,1.503827000,,
2030_twilight_month,2462582.125000000000,359.009148000,5.238037000,333.223508000,1.503620000,,
2030_twilight_month,2462582.145833333023,359.043245000,5.216757000,332.970339000,1.503413000,,
2030_twilight_month,2462582.166666666977,359.077326000,5.195324000,332.717170000,1.503206000,,
2030_twilight_month,2462582.187500000000,359.111391000,5.173739000,332.463998000,1.502999000,,
2030_twilight_month,2462582.208333333023,359.145437000,5.152002000,332.210825000,1.502791000,,
2030_twilight_month,2462582.229166666977,359.179464000,5.130113000,331.957650000,1.502583000,,
2030_twilight_month,2462582.250000000000,359.213471000,5.108074000,331.704473000,1.502375000,,
2030_twilight_month,2462582.270833333023,359.247455000,5.085886000,331.451295000,1.502167000,,
2030_twilight_month,2462582.291666666977,359.281417000,5.063548000,331.198115000,1.501959000,,
2030_twilight_month,2462582.312500000000,359.315355000,5.041062000,330.944933000,1.501750000,,
2030_twilight_month,2462582.333333333023,359.349268000,5.018429000,330.691749000,1.501542000,,
2030_twilight_month,2462582.354166666977,359.383154000,4.995649000,330.438564000,1.501333000,,
2030_twilight_month,2462582.375000000000,359.417013000,4.972723000,330.185377000,1.501124000,,
2030_twilight_month,2462582.395833333023,359.450843000,4.949652000,329.932188000,1.500915000,,
2030_twilight_month,2462582.416666666977,359.484643000,4.926437000,329.678997000,1.500706000,,
2030_twilight_month,2462582.437500000000,359.518412000,4.903078000,329.425804000,1.500496000,,
2030_twilight_month,2462582.458333333023,359.552149000,4.879576000,329.172610000,1.500287000,,
2030_twilight_month,2462582.479166666977,359.585853000,4.855932000,328.919414000,1.500077000,,
2030_twilight_month,2462582.500000000000,359.619522000,4.832147000,328.666215000,1.499868000,,
2030_twilight_month,2462582.520833333023,359.653156000,4.808222000,328.413015000,1.499658000,,
2030_twilight_month,2462582.541666666977,359.686753000,4.784157000,328.159813000,1.499448000,,
2030_twilight_month,2462582.562500000000,359.720312000,4.759953000,327.906609000,1.499238000,,
2030_twilight_month,2462582.583333333023,359.753832000,4.735611000,327.653403000,1.499028000,,
2030_twilight_month,2462582.604166666977,359.787312000,4.711132000,327.400195000,1.498818000,,
2030_twilight_month,2462582.625000000000,359.820751000,4.686517000,327.146986000,1.498607000,,
2030_twilight_month,2462582.645833333023,359.854148000,4.661767000,326.893774000,1.498397000,,
2030_twilight_month,2462582.666666666977,359.887502000,4.636881000,326.640560000,1.498186000,,
2030_twilight_month,2462582.687500000000,359.920812000,4.611862000,326.387344000,1.497976000,,
2030_twilight_month,2462582.708333333023,359.954076000,4.586711000,326.134126000,1.497765000,,
2030_twilight_month,2462582.729166666977,359.987293000,4.561427000,325.880906000,1.497555000,,
2030_twilight_month,2462582.750000000000,0.020463000,4.536012000,325.627684000,1.497344000,,
2030_twilight_month,2462582.770833333023,0.053585000,4.510466000,325.374460000,1.497133000,,
2030_twilight_month,2462582.791666666977,0.086657000,4.484792000,325.121234000,1.496922000,,
2030_twilight_month,2462582.812500000000,0.119678000,4.458988000,324.868006000,1.496711000,,
2030_twilight_month,2462582.833333333023,0.152648000,4.433058000,324.614776000,1.496500000,,
2030_twilight_month,2462582.854166666977,0.185565000,4.407000000,324.361543000,1.496289000,,
2030_twilight_month,2462582.875000000000,0.218428000,4.380816000,324.108309000,1.496078000,,
2030_twilight_month,2462582.895833333023,0.251237000,4.354508000,323.855072000,1.495867000,,
2030_twilight_month,2462582.916666666977,0.283990000,4.328075000,323.601833000,1.495656000,,
2030_twilight_month,2462582.937500000000,0.316686000,4.301519000,323.348592000,1.495445000,,
2030_twilight_month,2462582.958333333023,0.349325000,4.274841000,323.095349000,1.495234000,,
2030_twilight_month,2462582.979166666977,0.381905000,4.248042000,322.842103000,1.495023000,,
2030_twilight_month,2462583.000000000000,0.414426000,4.221122000,322.588855000,1.494812000,,
2030_twilight_month,2462583.020833333023,0.446886000,4.194083000,322.335605000,1.494601000,,
2030_twilight_month,2462583.041666666977,0.479285000,4.166925000,322.082353000,1.494390000,,
2030_twilight_month,2462583.062500000000,0.511621000,4.139649000,321.829099000,1.494179000,,
2030_twilight_month,2462583.083333333023,0.543894000,4.112257000,321.575842000,1.493967000,,
2030_twilight_month,2462583.104166666977,0.576102000,4.084749000,321.322583000,1.493756000,,
2030_twilight_month,2462583.125000000000,0.608246000,4.057126000,321.069322000,1.493545000,,
2030_twilight_month,2462583.145833333023,0.640323000,4.029389000,320.816058000,1.493334000,,
2030_twilight_month,2462583.166666666977,0.672333000,4.001539000,320.562792000,1.493123000,,
2030_twilight_month,2462583.187500000000,0.704275000,3.973578000,320.309524000,1.492912000,,
2030_twilight_month,2462583.208333333023,0.736149000,3.945505000,320.056253000,1.492701000,,
2030_twilight_month,2462583.229166666977,0.767953000,3.917322000,319.802980000,1.492491000,,
2030_twilight_month,2462583.250000000000,0.799686000,3.889030000,319.549704000,1.492280000,,
2030_twilight_month,2462583.270833333023,0.831348000,3.860630000,319.296427000,1.492069000,,
2030_twilight_month,2462583.291666666977,0.862938000,3.832123000,319.043146000,1.491858000,,
2030_twilight_month,2462583.312500000000,0.894454000,3.803509000,318.789864000,1.491648000,,
2030_twilight_month,2462583.333333333023,0.925897000,3.774791000,318.536579000,1.491437000,,
2030_twilight_month,2462583.354166666977,0.957265000,3.745968000,318.283291000,1.491227000,,
2030_twilight_month,2462583.375000000000,0.988557000,3.717042000,318.030001000,1.491016000,,
2030_twilight_month,2462583.395833333023,1.019773000,3.688013000,317.776709000,1.490806000,,
2030_twilight_month,2462583.416666666977,1.050911000,3.658883000,317.523414000,1.490596000,,
2030_twilight_month,2462583.437500000000,1.081971000,3.629653000,317.270116000,1.490385000,,
2030_twilight_month,2462583.458333333023,1.112953000,3.600324000,317.016816000,1.490175000,,
2030_twilight_month,2462583.479166666977,1.143855000,3.570896000,316.763514000,1.489965000,,
2030_twilight_month,2462583.500000000000,1.174677000,3.541371000,316.510209000,1.489756000,,
2030_twilight_month,2462583.520833333023,1.205417000,3.511750000,316.256901000,1.489546000,,
2030_twilight_month,2462583.541666666977,1.236076000,3.482033000,316.003591000,1.489336000,,
2030_twilight_month,2462583.562500000000,1.266651000,3.452222000,315.750279000,1.489127000,,
2030_twilight_month,2462583.583333333023,1.297144000,3.422318000,315.496964000,1.488917000,,
2030_twilight_month,2462583.604166666977,1.327552000,3.392321000,315.243646000,1.488708000,,
2030_twilight_month,2462583.625000000000,1.357876000,3.362233000,314.990325000,1.488499000,,
2030_twilight_month,2462583.645833333023,1.388113000,3.332055000,314.737002000,1.488290000,,
2030_twilight_month,2462583.666666666977,1.418265000,3.301787000,314.483677000,1.488081000,,
2030_twilight_month,2462583.687500000000,1.448329000,3.271432000,314.230348000,1.487873000,,
2030_twilight_month,2462583.708333333023,1.478306000,3.240988000,313.977018000,1.487664000,,
2030_twilight_month,2462583.729166666977,1.508194000,3.210459000,313.723684000,1.487456000,,
2030_twilight_month,2462583.750000000000,1.537994000,3.179845000,313.470348000,1.487248000,,
2030_twilight_month,2462583.770833333023,1.567703000,3.149146000,313.217009000,1.487040000,,
2030_twilight_month,2462583.791666666977,1.597322000,3.118364000,312.963667000,1.486832000,,
2030_twilight_month,2462583.812500000000,1.626850000,3.087500000,312.710323000,1.486624000,,
2030_twilight_month,2462583.833333333023,1.656287000,3.056555000,312.456976000,1.486416000,,
2030_twilight_month,2462583.854166666977,1.685631000,3.025530000,312.203626000,1.486209000,,
2030_twilight_month,2462583.875000000000,1.714882000,2.994426000,311.950274000,1.486002000,,
2030_twilight_month,2462583.895833333023,1.744039000,2.963243000,311.696919000,1.485795000,,
2030_twilight_month,2462583.916666666977,1.773103000,2.931984000,311.443561000,1.485588000,,
2030_twilight_month,2462583.937500000000,1.802071000,2.900649000,311.190200000,1.485382000,,
2030_twilight_month,2462583.958333333023,1.830944000,2.869239000,310.936836000,1.485175000,,
2030_twilight_month,2462583.979166666977,1.859722000,2.837755000,310.683470000,1.484969000,,
2030_twilight_month,2462584.000000000000,1.888402000,2.806198000,310.430101000,1.484763000,,
2030_twilight_month,2462584.020833333023,1.916986000,2.774569000,310.176729000,1.484558000,,
2030_twilight_month,2462584.041666666977,1.945471000,2.742870000,309.923354000,1.484352000,,
2030_twilight_month,2462584.062500000000,1.973859000,2.711101000,309.669977000,1.484147000,,
2030_twilight_month,2462584.083333333023,2.002147000,2.679263000,309.416597000,1.483942000,,
2030_twilight_month,2462584.104166666977,2.030337000,2.647357000,309.163213000,1.483737000,,
2030_twilight_month,2462584.125000000000,2.058426000,2.615385000,308.909827000,1.483533000,,
2030_twilight_month,2462584.145833333023,2.086415000,2.583347000,308.656438000,1.483328000,,
2030_twilight_month,2462584.166666666977,2.114303000,2.551244000,308.403047000,1.483124000,,
2030_twilight_month,2462584.187500000000,2.142090000,2.519079000,308.149652000,1.482920000,,
2030_twilight_month,2462584.208333333023,2.169775000,2.486850000,307.896254000,1.482717000,,
2030_twilight_month,2462584.229166666977,2.197358000,2.454560000,307.642854000,1.482514000,,
2030_twilight_month,2462584.250000000000,2.224837000,2.422210000,307.389451000,1.482310000,,
2030_twilight_month,2462584.270833333023,2.252213000,2.389801000,307.136044000,1.482108000,,
2030_twilight_month,2462584.291666666977,2.279486000,2.357333000,306.882635000,1.481905000,,
2030_twilight_month,2462584.312500000000,2.306654000,2.324808000,306.629223000,1.481703000,,
2030_twilight_month,2462584.333333333023,2.333717000,2.292226000,306.375808000,1.481501000,,
2030_twilight_month,2462584.354166666977,2.360675000,2.259590000,306.122390000,1.481299000,,
2030_twilight_month,2462584.375000000000,2.387528000,2.226899000,305.868969000,1.481098000,,
2030_twilight_month,2462584.395833333023,2.414274000,2.194155000,305.615545000,1.480897000,,
2030_twilight_month,2462584.416666666977,2.440914000,2.161359000,305.362118000,1.480696000,,
2030_twilight_month,2462584.437500000000,2.467448000,2.128512000,305.108688000,1.480496000,,
2030_twilight_month,2462584.458333333023,2.493874000,2.095615000,304.855255000,1.480296000,,
2030_twilight_month,2462584.479166666977,2.520192000,2.062670000,304.601819000,1.480096000,,
2030_twilight_month,2462584.500000000000,2.546402000,2.029676000,304.348380000,1.479896000,,
2030_twilight_month,2462584.520833333023,2.572504000,1.996635000,304.094938000,1.479697000,,
2030_twilight_month,2462584.541666666977,2.598497000,1.963549000,303.841493000,1.479498000,,
2030_twilight_month,2462584.562500000000,2.624380000,1.930418000,303.588045000,1.479299000,,
2030_twilight_month,2462584.583333333023,2.650155000,1.897242000,303.334594000,1.479101000,,
2030_twilight_month,2462584.604166666977,2.675819000,1.864025000,303.081140000,1.478903000,,
2030_twilight_month,2462584.625000000000,2.701373000,1.830765000,302.827682000,1.478705000,,
2030_twilight_month,2462584.645833333023,2.726817000,1.797465000,302.574222000,1.478508000,,
2030_twilight_month,2462584.666666666977,2.752149000,1.764126000,302.320759000,1.478311000,,
2030_twilight_month,2462584.687500000000,2.777371000,1.730747000,302.067292000,1.478115000,,
2030_twilight_month,2462584.708333333023,2.802480000,1.697331000,301.813823000,1.477918000,,
2030_twilight_month,2462584.729166666977,2.827478000,1.663879000,301.560350000,1.477722000,,
2030_twilight_month,2462584.750000000000,2.852364000,1.630391000,301.306874000,1.477527000,,
2030_twilight_month,2462584.770833333023,2.877138000,1.596869000,301.053396000,1.477332000,,
2030_twilight_month,2462584.791666666977,2.901798000,1.563313000,300.799914000,1.477137000,,
2030_twilight_month,2462584.812500000000,2.926346000,1.529725000,300.546428000,1.476942000,,
2030_twilight_month,2462584.833333333023,2.950781000,1.496105000,300.292940000,1.476748000,,
2030_twilight_month,2462584.854166666977,2.975102000,1.462455000,300.039449000,1.476555000,,
2030_twilight_month,2462584.875000000000,2.999309000,1.428776000,299.785954000,1.476361000,,
2030_twilight_month,2462584.895833333023,3.023402000,1.395068000,299.532457000,1.476168000,,
2030_twilight_month,2462584.916666666977,3.047381000,1.361333000,299.278956000,1.475976000,,
2030_twilight_month,2462584.937500000000,3.071245000,1.327571000,299.025452000,1.475783000,,
2030_twilight_month,2462584.958333333023,3.094995000,1.293785000,298.771945000,1.475591000,,
2030_twilight_month,2462584.979166666977,3.118629000,1.259974000,298.518434000,1.475400000,,
2030_twilight_month,2462585.000000000000,3.142149000,1.226140000,298.264921000,1.475209000,,
2030_twilight_month,2462585.020833333023,3.165553000,1.192283000,298.011404000,1.475018000,,
2030_twilight_month,2462585.041666666977,3.188841000,1.158406000,297.757884000,1.474828000,,
2030_twilight_month,2462585.062500000000,3.212014000,1.124508000,297.504361000,1.474638000,,
2030_twilight_month,2462585.083333333023,3.235071000,1.090591000,297.250834000,1.474449000,,
2030_twilight_month,2462585.104166666977,3.258011000,1.056655000,296.997305000,1.474260000,,
2030_twilight_month,2462585.125000000000,3.280836000,1.022703000,296.743772000,1.474071000,,
2030_twilight_month,2462585.145833333023,3.303543000,0.988734000,296.490236000,1.473883000,,
2030_twilight_month,2462585.166666666977,3.326134000,0.954750000,296.236697000,1.473695000,,
2030_twilight_month,2462585.187500000000,3.348609000,0.920752000,295.983154000,1.473507000,,
2030_twilight_month,2462585.208333333023,3.370966000,0.886740000,295.729608000,1.473320000,,
2030_twilight_month,2462585.229166666977,3.393206000,0.852717000,295.476059000,1.473134000,,
2030_twilight_month,2462585.250000000000,3.415329000,0.818682000,295.222507000,1.472948000,,
2030_twilight_month,2462585.270833333023,3.437335000,0.784637000,294.968952000,1.472762000,,
2030_twilight_month,2462585.291666666977,3.459223000,0.750582000,294.715393000,1.472577000,,
2030_twilight_month,2462585.312500000000,3.480993000,0.716519000,294.461831000,1.472392000,,
2030_twilight_month,2462585.333333333023,3.502646000,0.682449000,294.208265000,1.472207000,,
2030_twilight_month,2462585.354166666977,3.524181000,0.648373000,293.954697000,1.472023000,,
2030_twilight_month,2462585.375000000000,3.545597000,0.614291000,293.701125000,1.471840000,,
2030_twilight_month,2462585.395833333023,3.566896000,0.580205000,293.447550000,1.471657000,,
2030_twilight_month,2462585.416666666977,3.588077000,0.546116000,293.193971000,1.471474000,,
2030_twilight_month,2462585.437500000000,3.609139000,0.512024000,292.940389000,1.471292000,,
2030_twilight_month,2462585.458333333023,3.630084000,0.477930000,292.686804000,1.471110000,,
2030_twilight_month,2462585.479166666977,3.650909000,0.443836000,292.433216000,1.470929000,,
2030_twilight_month,2462585.500000000000,3.671617000,0.409743000,292.179624000,1.470748000,,
2030_twilight_month,2462585.520833333023,3.692206000,0.375651000,291.926029000,1.470567000,,
2030_twilight_month,2462585.541666666977,3.712676000,0.341561000,291.672431000,1.470387000,,
2030_twilight_month,2462585.562500000000,3.733028000,0.307475000,291.418829000,1.470208000,,
2030_twilight_month,2462585.583333333023,3.753261000,0.273393000,291.165224000,1.470029000,,
2030_twilight_month,2462585.604166666977,3.773375000,0.239316000,290.911616000,1.469850000,,
2030_twilight_month,2462585.625000000000,3.793371000,0.205246000,290.658004000,1.469672000,,
2030_twilight_month,2462585.645833333023,3.813248000,0.171182000,290.404389000,1.469495000,,
2030_twilight_month,2462585.666666666977,3.833006000,0.137127000,290.150771000,1.469318000,,
2030_twilight_month,2462585.687500000000,3.852645000,0.103081000,289.897149000,1.469141000,,
2030_twilight_month,2462585.708333333023,3.872166000,0.069044000,289.643524000,1.468965000,,
2030_twilight_month,2462585.729166666977,3.891568000,0.035019000,289.389896000,1.468789000,,
2030_twilight_month,2462585.750000000000,3.910850000,0.001005000,289.136264000,1.468614000,,
2030_twilight_month,2462585.770833333023,3.930015000,-0.032996000,288.882629000,1.468439000,,
2030_twilight_month,2462585.791666666977,3.949060000,-0.066983000,288.628991000,1.468265000,,
2030_twilight_month,2462585.812500000000,3.967986000,-0.100955000,288.375349000,1.468091000,,
2030_twilight_month,2462585.833333333023,3.986794000,-0.134912000,288.121704000,1.467917000,,
2030_twilight_month,2462585.854166666977,4.005483000,-0.168853000,287.868055000,1.467745000,,
2030_twilight_month,2462585.875000000000,4.024053000,-0.202776000,287.614403000,1.467572000,,
2030_twilight_month,2462585.895833333023,4.042505000,-0.236681000,287.360748000,1.467400000,,
2030_twilight_month,2462585.916666666977,4.060837000,-0.270567000,287.107089000,1.467229000,,
2030_twilight_month,2462585.937500000000,4.079052000,-0.304432000,286.853427000,1.467058000,,
2030_twilight_month,2462585.958333333023,4.097147000,-0.338277000,286.599762000,1.466888000,,
2030_twilight_month,2462585.979166666977,4.115124000,-0.372100000,286.346093000,1.466718000,,
2030_twilight_month,2462586.000000000000,4.132983000,-0.405899000,286.092420000,1.466548000,,
2030_twilight_month,2462586.020833333023,4.150723000,-0.439676000,285.838745000,1.466380000,,
2030_twilight_month,2462586.041666666977,4.168345000,-0.473427000,285.585066000,1.466211000,,
2030_twilight_month,2462586.062500000000,4.185848000,-0.507153000,285.331383000,1.466043000,,
2030_twilight_month,2462586.083333333023,4.203233000,-0.540853000,285.077698000,1.465876000,,
2030_twilight_month,2462586.104166666977,4.220500000,-0.574526000,284.824008000,1.465709000,,
2030_twilight_month,2462586.125000000000,4.237649000,-0.608170000,284.570316000,1.465543000,,
2030_twilight_month,2462586.145833333023,4.254680000,-0.641786000,284.316620000,1.465377000,,
2030_twilight_month,2462586.166666666977,4.271593000,-0.675371000,284.062920000,1.465211000,,
2030_twilight_month,2462586.187500000000,4.288388000,-0.708926000,283.809217000,1.465046000,,
2030_twilight_month,2462586.208333333023,4.305066000,-0.742449000,283.555511000,1.464882000,,
2030_twilight_month,2462586.229166666977,4.321625000,-0.775940000,283.301802000,1.464718000,,
2030_twilight_month,2462586.250000000000,4.338067000,-0.809397000,283.048089000,1.464555000,,
2030_twilight_month,2462586.270833333023,4.354392000,-0.842820000,282.794372000,1.464392000,,
2030_twilight_month,2462586.291666666977,4.370600000,-0.876208000,282.540652000,1.464230000,,
2030_twilight_month,2462586.312500000000,4.386690000,-0.909560000,282.286929000,1.464068000,,
2030_twilight_month,2462586.333333333023,4.402663000,-0.942876000,282.033202000,1.463907000,,
2030_twilight_month,2462586.354166666977,4.418519000,-0.976153000,281.779472000,1.463746000,,
2030_twilight_month,2462586.375000000000,4.434258000,-1.009393000,281.525739000,1.463585000,,
2030_twilight_month,2462586.395833333023,4.449880000,-1.042593000,281.272002000,1.463426000,,
2030_twilight_month,2462586.416666666977,4.465386000,-1.075753000,281.018261000,1.463266000,,
2030_twilight_month,2462586.437500000000,4.480775000,-1.108872000,280.764517000,1.463108000,,
2030_twilight_month,2462586.458333333023,4.496048000,-1.141949000,280.510770000,1.462950000,,
2030_twilight_month,2462586.479166666977,4.511205000,-1.174983000,280.257020000,1.462792000,,
2030_twilight_month,2462586.500000000000,4.526246000,-1.207975000,280.003266000,1.462635000,,
2030_twilight_month,2462586.520833333023,4.541170000,-1.240921000,279.749508000,1.462478000,,
2030_twilight_month,2462586.541666666977,4.555979000,-1.273823000,279.495747000,1.462322000,,
2030_twilight_month,2462586.562500000000,4.570672000,-1.306679000,279.241983000,1.462166000,,
2030_twilight_month,2462586.583333333023,4.585250000,-1.339488000,278.988215000,1.462011000,,
2030_twilight_month,2462586.604166666977,4.599712000,-1.372250000,278.734444000,1.461857000,,
2030_twilight_month,2462586.625000000000,4.614060000,-1.404964000,278.480669000,1.461702000,,
2030_twilight_month,2462586.645833333023,4.628292000,-1.437628000,278.226891000,1.461549000,,
2030_twilight_month,2462586.666666666977,4.642409000,-1.470242000,277.973110000,1.461396000,,
2030_twilight_month,2462586.687500000000,4.656412000,-1.502806000,277.719325000,1.461243000,,
2030_twilight_month,2462586.708333333023,4.670300000,-1.535318000,277.465537000,1.461091000,,
2030_twilight_month,2462586.729166666977,4.684073000,-1.567778000,277.211745000,1.460940000,,
2030_twilight_month,2462586.750000000000,4.697733000,-1.600185000,276.957950000,1.460789000,,
2030_twilight_month,2462586.770833333023,4.711278000,-1.632539000,276.704152000,1.460639000,,
2030_twilight_month,2462586.791666666977,4.724710000,-1.664837000,276.450350000,1.460489000,,
2030_twilight_month,2462586.812500000000,4.738028000,-1.697080000,276.196544000,1.460339000,,
2030_twilight_month,2462586.833333333023,4.751232000,-1.729267000,275.942736000,1.460190000,,
2030_twilight_month,2462586.854166666977,4.764324000,-1.761397000,275.688923000,1.460042000,,
2030_twilight_month,2462586.875000000000,4.777302000,-1.793470000,275.435108000,1.459894000,,
2030_twilight_month,2462586.895833333023,4.790167000,-1.825484000,275.181289000,1.459747000,,
2030_twilight_month,2462586.916666666977,4.802919000,-1.857439000,274.927466000,1.459600000,,
2030_twilight_month,2462586.937500000000,4.815559000,-1.889334000,274.673640000,1.459454000,,
2030_twilight_month,2462586.958333333023,4.828087000,-1.921168000,274.419811000,1.459308000,,
2030_twilight_month,2462586.979166666977,4.840502000,-1.952941000,274.165979000,1.459163000,,
2030_twilight_month,2462587.000000000000,4.852805000,-1.984651000,273.912143000,1.459018000,,
2030_twilight_month,2462587.020833333023,4.864997000,-2.016299000,273.658303000,1.458874000,,
2030_twilight_month,2462587.041666666977,4.877077000,-2.047883000,273.404460000,1.458730000,,
2030_twilight_month,2462587.062500000000,4.889046000,-2.079403000,273.150614000,1.458587000,,
2030_twilight_month,2462587.083333333023,4.900903000,-2.110857000,272.896764000,1.458444000,,
2030_twilight_month,2462587.104166666977,4.912650000,-2.142246000,272.642911000,1.458302000,,
2030_twilight_month,2462587.125000000000,4.924286000,-2.173568000,272.389055000,1.458160000,,
2030_twilight_month,2462587.145833333023,4.935811000,-2.204823000,272.135195000,1.458019000,,
2030_twilight_month,2462587.166666666977,4.947226000,-2.236010000,271.881331000,1.457879000,,
2030_twilight_month,2462587.187500000000,4.958531000,-2.267128000,271.627465000,1.457739000,,
2030_twilight_month,2462587.208333333023,4.969726000,-2.298177000,271.373595000,1.457599000,,
2030_twilight_month,2462587.229166666977,4.980812000,-2.329156000,271.119721000,1.457460000,,
2030_twilight_month,2462587.250000000000,4.991787000,-2.360064000,270.865844000,1.457321000,,
2030_twilight_month,2462587.270833333023,5.002654000,-2.390900000,270.611964000,1.457183000,,
2030_twilight_month,2462587.291666666977,5.013412000,-2.421664000,270.358081000,1.457046000,,
2030_twilight_month,2462587.312500000000,5.024060000,-2.452356000,270.104194000,1.456909000,,
2030_twilight_month,2462587.333333333023,5.034601000,-2.482974000,269.850303000,1.456772000,,
2030_twilight_month,2462587.354166666977,5.045032000,-2.513517000,269.596410000,1.456636000,,
2030_twilight_month,2462587.375000000000,5.055356000,-2.543986000,269.342513000,1.456501000,,
2030_twilight_month,2462587.395833333023,5.065572000,-2.574379000,269.088612000,1.456366000,,
2030_twilight_month,2462587.416666666977,5.075680000,-2.604696000,268.834708000,1.456231000,,
2030_twilight_month,2462587.437500000000,5.085680000,-2.634936000,268.580801000,1.456097000,,
2030_twilight_month,2462587.458333333023,5.095574000,-2.665098000,268.326890000,1.455963000,,
2030_twilight_month,2462587.479166666977,5.105360000,-2.695182000,268.072977000,1.455830000,,
2030_twilight_month,2462587.500000000000,5.115039000,-2.725187000,267.819059000,1.455698000,,
2030_twilight_month,2462587.520833333023,5.124612000,-2.755112000,267.565139000,1.455566000,,
2030_twilight_month,2462587.541666666977,5.134079000,-2.784958000,267.311215000,1.455434000,,
2030_twilight_month,2462587.562500000000,5.143439000,-2.814722000,267.057287000,1.455303000,,
2030_twilight_month,2462587.583333333023,5.152694000,-2.844405000,266.803357000,1.455173000,,
2030_twilight_month,2462587.604166666977,5.161842000,-2.874005000,266.549423000,1.455043000,,
2030_twilight_month,2462587.625000000000,5.170886000,-2.903523000,266.295485000,1.454913000,,
2030_twilight_month,2462587.645833333023,5.179824000,-2.932958000,266.041545000,1.454784000,,
2030_twilight_month,2462587.666666666977,5.188657000,-2.962308000,265.787601000,1.454655000,,
2030_twilight_month,2462587.687500000000,5.197386000,-2.991574000,265.533653000,1.454527000,,
2030_twilight_month,2462587.708333333023,5.206010000,-3.020754000,265.279703000,1.454399000,,
2030_twilight_month,2462587.729166666977,5.214530000,-3.049849000,265.025749000,1.454272000,,
2030_twilight_month,2462587.750000000000,5.222945000,-3.078857000,264.771791000,1.454146000,,
2030_twilight_month,2462587.770833333023,5.231257000,-3.107777000,264.517831000,1.454019000,,
2030_twilight_month,2462587.791666666977,5.239465000,-3.136610000,264.263867000,1.453894000,,
2030_twilight_month,2462587.812500000000,5.247570000,-3.165355000,264.009900000,1.453768000,,
2030_twilight_month,2462587.833333333023,5.255572000,-3.194011000,263.755929000,1.453643000,,
2030_twilight_month,2462587.854166666977,5.263471000,-3.222577000,263.501955000,1.453519000,,
2030_twilight_month,2462587.875000000000,5.271268000,-3.251053000,263.247978000,1.453395000,,
2030_twilight_month,2462587.895833333023,5.278962000,-3.279438000,262.993998000,1.453272000,,
2030_twilight_month,2462587.916666666977,5.286553000,-3.307732000,262.740014000,1.453149000,,
2030_twilight_month,2462587.937500000000,5.294043000,-3.335933000,262.486027000,1.453026000,,
2030_twilight_month,2462587.958333333023,5.301431000,-3.364043000,262.232037000,1.452904000,,
2030_twilight_month,2462587.979166666977,5.308718000,-3.392059000,261.978044000,1.452783000,,
2030_twilight_month,2462588.000000000000,5.315903000,-3.419982000,261.724047000,1.452662000,,
2030_twilight_month,2462588.020833333023,5.322988000,-3.447810000,261.470047000,1.452541000,,
2030_twilight_month,2462588.041666666977,5.329971000,-3.475544000,261.216044000,1.452421000,,
2030_twilight_month,2462588.062500000000,5.336854000,-3.503182000,260.962037000,1.452301000,,
2030_twilight_month,2462588.083333333023,5.343637000,-3.530724000,260.708027000,1.452182000,,
2030_twilight_month,2462588.104166666977,5.350320000,-3.558170000,260.454014000,1.452063000,,
2030_twilight_month,2462588.125000000000,5.356902000,-3.585519000,260.199998000,1.451945000,,
2030_twilight_month,2462588.145833333023,5.363386000,-3.612770000,259.945979000,1.451827000,,
2030_twilight_month,2462588.166666666977,5.369769000,-3.639923000,259.691956000,1.451709000,,
2030_twilight_month,2462588.187500000000,5.376054000,-3.666977000,259.437930000,1.451592000,,
2030_twilight_month,2462588.208333333023,5.382240000,-3.693933000,259.183901000,1.451476000,,
2030_twilight_month,2462588.229166666977,5.388327000,-3.720788000,258.929869000,1.451359000,,
2030_twilight_month,2462588.250000000000,5.394315000,-3.747543000,258.675833000,1.451244000,,
2030_twilight_month,2462588.270833333023,5.400205000,-3.774197000,258.421794000,1.451128000,,
2030_twilight_month,2462588.291666666977,5.405997000,-3.800750000,258.167752000,1.451013000,,
2030_twilight_month,2462588.312500000000,5.411692000,-3.827202000,257.913707000,1.450899000,,
2030_twilight_month,2462588.333333333023,5.417289000,-3.853550000,257.659659000,1.450785000,,
2030_twilight_month,2462588.354166666977,5.422788000,-3.879796000,257.405607000,1.450671000,,
2030_twilight_month,2462588.375000000000,5.428190000,-3.905939000,257.151553000,1.450558000,,
2030_twilight_month,2462588.395833333023,5.433496000,-3.931978000,256.897495000,1.450445000,,
2030_twilight_month,2462588.416666666977,5.438705000,-3.957912000,256.643434000,1.450333000,,
2030_twilight_month,2462588.437500000000,5.443817000,-3.983741000,256.389370000,1.450221000,,
2030_twilight_month,2462588.458333333023,5.448833000,-4.009465000,256.135302000,1.450109000,,
2030_twilight_month,2462588.479166666977,5.453753000,-4.035083000,255.881232000,1.449998000,,
2030_twilight_month,2462588.500000000000,5.458577000,-4.060594000,255.627158000,1.449887000,,
2030_twilight_month,2462588.520833333023,5.463306000,-4.085999000,255.373081000,1.449777000,,
2030_twilight_month,2462588.541666666977,5.467939000,-4.111296000,255.119001000,1.449667000,,
2030_twilight_month,2462588.562500000000,5.472477000,-4.136486000,254.864918000,1.449557000,,
2030_twilight_month,2462588.583333333023,5.476920000,-4.161567000,254.610832000,1.449448000,,
2030_twilight_month,2462588.604166666977,5.481269000,-4.186540000,254.356743000,1.449339000,,
2030_twilight_month,2462588.625000000000,5.485523000,-4.211403000,254.102651000,1.449231000,,
2030_twilight_month,2462588.645833333023,5.489682000,-4.236156000,253.848555000,1.449123000,,
2030_twilight_month,2462588.666666666977,5.493748000,-4.260799000,253.594457000,1.449015000,,
2030_twilight_month,2462588.687500000000,5.497720000,-4.285332000,253.340355000,1.448908000,,
2030_twilight_month,2462588.708333333023,5.501598000,-4.309753000,253.086250000,1.448801000,,
2030_twilight_month,2462588.729166666977,5.505382000,-4.334063000,252.832143000,1.448694000,,
2030_twilight_month,2462588.750000000000,5.509073000,-4.358261000,252.578032000,1.448588000,,
2030_twilight_month,2462588.770833333023,5.512672000,-4.382346000,252.323918000,1.448482000,,
2030_twilight_month,2462588.791666666977,5.516177000,-4.406319000,252.069801000,1.448377000,,
2030_twilight_month,2462588.812500000000,5.519590000,-4.430178000,251.815681000,1.448272000,,
2030_twilight_month,2462588.833333333023,5.522910000,-4.453923000,251.561558000,1.448167000,,
2030_twilight_month,2462588.854166666977,5.526138000,-4.477554000,251.307432000,1.448063000,,
2030_twilight_month,2462588.875000000000,5.529274000,-4.501071000,251.053303000,1.447959000,,
2030_twilight_month,2462588.895833333023,5.532318000,-4.524472000,250.799170000,1.447855000,,
2030_twilight_month,2462588.916666666977,5.535271000,-4.547758000,250.545035000,1.447752000,,
2030_twilight_month,2462588.937500000000,5.538132000,-4.570928000,250.290897000,1.447649000,,
2030_twilight_month,2462588.958333333023,5.540902000,-4.593982000,250.036756000,1.447546000,,
2030_twilight_month,2462588.979166666977,5.543580000,-4.616919000,249.782612000,1.447444000,,
2030_twilight_month,2462589.000000000000,5.546168000,-4.639739000,249.528465000,1.447342000,,
2030_twilight_month,2462589.020833333023,5.548665000,-4.662441000,249.274314000,1.447240000,,
2030_twilight_month,2462589.041666666977,5.551072000,-4.685025000,249.020161000,1.447139000,,
2030_twilight_month,2462589.062500000000,5.553388000,-4.707491000,248.766005000,1.447038000,,
2030_twilight_month,2462589.083333333023,5.555614000,-4.729838000,248.511846000,1.446937000,,
2030_twilight_month,2462589.104166666977,5.557751000,-4.752066000,248.257684000,1.446837000,,
2030_twilight_month,2462589.125000000000,5.559797000,-4.774175000,248.003519000,1.446737000,,
2030_twilight_month,2462589.145833333023,5.561754000,-4.796164000,247.749351000,1.446637000,,
2030_twilight_month,2462589.166666666977,5.563621000,-4.818032000,247.495181000,1.446538000,,
2030_twilight_month,2462589.187500000000,5.565400000,-4.839780000,247.241007000,1.446439000,,
2030_twilight_month,2462589.208333333023,5.567089000,-4.861406000,246.986830000,1.446340000,,
2030_twilight_month,2462589.229166666977,5.568689000,-4.882912000,246.732651000,1.446241000,,
2030_twilight_month,2462589.250000000000,5.570201000,-4.904295000,246.478468000,1.446143000,,
2030_twilight_month,2462589.270833333023,5.571624000,-4.925556000,246.224283000,1.446045000,,
2030_twilight_month,2462589.291666666977,5.572958000,-4.946695000,245.970095000,1.445948000,,
2030_twilight_month,2462589.312500000000,5.574205000,-4.967711000,245.715904000,1.445850000,,
2030_twilight_month,2462589.333333333023,5.575363000,-4.988603000,245.461710000,1.445753000,,
2030_twilight_month,2462589.354166666977,5.576434000,-5.009373000,245.207513000,1.445657000,,
2030_twilight_month,2462589.375000000000,5.577417000,-5.030018000,244.953313000,1.445560000,,
2030_twilight_month,2462589.395833333023,5.578312000,-5.050539000,244.699111000,1.445464000,,
2030_twilight_month,2462589.416666666977,5.579120000,-5.070935000,244.444905000,1.445368000,,
2030_twilight_month,2462589.437500000000,5.579840000,-5.091206000,244.190697000,1.445272000,,
2030_twilight_month,2462589.458333333023,5.580474000,-5.111352000,243.936486000,1.445177000,,
2030_twilight_month,2462589.479166666977,5.581021000,-5.131372000,243.682272000,1.445082000,,
2030_twilight_month,2462589.500000000000,5.581481000,-5.151267000,243.428056000,1.444987000,,
2030_twilight_month,2462589.520833333023,5.581854000,-5.171035000,243.173836000,1.444892000,,
2030_twilight_month,2462589.541666666977,5.582141000,-5.190677000,242.919614000,1.444798000,,
2030_twilight_month,2462589.562500000000,5.582341000,-5.210191000,242.665389000,1.444703000,,
2030_twilight_month,2462589.583333333023,5.582456000,-5.229579000,242.411161000,1.444610000,,
2030_twilight_month,2462589.604166666977,5.582484000,-5.248839000,242.156931000,1.444516000,,
2030_twilight_month,2462589.625000000000,5.582426000,-5.267971000,241.902697000,1.444422000,,
2030_twilight_month,2462589.645833333023,5.582283000,-5.286975000,241.648461000,1.444329000,,
2030_twilight_month,2462589.666666666977,5.582054000,-5.305850000,241.394223000,1.444236000,,
2030_twilight_month,2462589.687500000000,5.581740000,-5.324597000,241.139981000,1.444143000,,
2030_twilight_month,2462589.708333333023,5.581340000,-5.343214000,240.885737000,1.444051000,,
2030_twilight_month,2462589.729166666977,5.580855000,-5.361703000,240.631490000,1.443959000,,
2030_twilight_month,2462589.750000000000,5.580285000,-5.380061000,240.377240000,1.443867000,,
2030_twilight_month,2462589.770833333023,5.579630000,-5.398290000,240.122988000,1.443775000,,
2030_twilight_month,2462589.791666666977,5.578890000,-5.416389000,239.868733000,1.443683000,,
2030_twilight_month,2462589.812500000000,5.578066000,-5.434357000,239.614475000,1.443591000,,
2030_twilight_month,2462589.833333333023,5.577157000,-5.452194000,239.360214000,1.443500000,,
2030_twilight_month,2462589.854166666977,5.576163000,-5.469900000,239.105951000,1.443409000,,
2030_twilight_month,2462589.875000000000,5.575086000,-5.487475000,238.851686000,1.443318000,,
2030_twilight_month,2462589.895833333023,5.573924000,-5.504919000,238.597417000,1.443227000,,
2030_twilight_month,2462589.916666666977,5.572678000,-5.522231000,238.343146000,1.443137000,,
2030_twilight_month,2462589.937500000000,5.571348000,-5.539410000,238.088873000,1.443047000,,
2030_twilight_month,2462589.958333333023,5.569934000,-5.556457000,237.834596000,1.442956000,,
2030_twilight_month,2462589.979166666977,5.568436000,-5.573372000,237.580317000,1.442866000,,
2030_twilight_month,2462590.000000000000,5.566855000,-5.590154000,237.326036000,1.442777000,,
2030_twilight_month,2462590.020833333023,5.565190000,-5.606803000,237.071752000,1.442687000,,
2030_twilight_month,2462590.041666666977,5.563442000,-5.623318000,236.817465000,1.442598000,,
2030_twilight_month,2462590.062500000000,5.561611000,-5.639700000,236.563176000,1.442508000,,
2030_twilight_month,2462590.083333333023,5.559696000,-5.655948000,236.308884000,1.442419000,,
2030_twilight_month,2462590.104166666977,5.557699000,-5.672062000,236.054590000,1.442330000,,
2030_twilight_month,2462590.125000000000,5.555618000,-5.688042000,235.800293000,1.442241000,,
2030_twilight_month,2462590.145833333023,5.553454000,-5.703887000,235.545993000,1.442152000,,
2030_twilight_month,2462590.166666666977,5.551208000,-5.719598000,235.291691000,1.442064000,,
2030_twilight_month,2462590.187500000000,5.548879000,-5.735174000,235.037387000,1.441975000,,
2030_twilight_month,2462590.208333333023,5.546467000,-5.750614000,234.783080000,1.441887000,,
2030_twilight_month,2462590.229166666977,5.543973000,-5.765919000,234.528770000,1.441799000,,
2030_twilight_month,2462590.250000000000,5.541396000,-5.781089000,234.274458000,1.441711000,,
2030_twilight_month,2462590.270833333023,5.538737000,-5.796123000,234.020144000,1.441623000,,
2030_twilight_month,2462590.291666666977,5.535996000,-5.811021000,233.765827000,1.441535000,,
2030_twilight_month,2462590.312500000000,5.533172000,-5.825782000,233.511507000,1.441447000,,
2030_twilight_month,2462590.333333333023,5.530267000,-5.840408000,233.257186000,1.441360000,,
2030_twilight_month,2462590.354166666977,5.527279000,-5.854897000,233.002861000,1.441272000,,
2030_twilight_month,2462590.375000000000,5.524209000,-5.869249000,232.748534000,1.441185000,,
2030_twilight_month,2462590.395833333023,5.521058000,-5.883464000,232.494205000,1.441098000,,
2030_twilight_month,2462590.416666666977,5.517825000,-5.897542000,232.239874000,1.441011000,,
2030_twilight_month,2462590.437500000000,5.514510000,-5.911482000,231.985540000,1.440924000,,
2030_twilight_month,2462590.458333333023,5.511113000,-5.925286000,231.731203000,1.440837000,,
2030_twilight_month,2462590.479166666977,5.507635000,-5.938951000,231.476864000,1.440750000,,
2030_twilight_month,2462590.500000000000,5.504076000,-5.952479000,231.222523000,1.440663000,,
2030_twilight_month,2462590.520833333023,5.500435000,-5.965869000,230.968180000,1.440576000,,
2030_twilight_month,2462590.541666666977,5.496712000,-5.979120000,230.713834000,1.440490000,,
2030_twilight_month,2462590.562500000000,5.492908000,-5.992233000,230.459485000,1.440403000,,
2030_twilight_month,2462590.583333333023,5.489023000,-6.005208000,230.205135000,1.440317000,,
2030_twilight_month,2462590.604166666977,5.485057000,-6.018044000,229.950782000,1.440230000,,
2030_twilight_month,2462590.625000000000,5.481010000,-6.030742000,229.696427000,1.440144000,,
2030_twilight_month,2462590.645833333023,5.476882000,-6.043300000,229.442069000,1.440057000,,
2030_twilight_month,2462590.666666666977,5.472672000,-6.055720000,229.187709000,1.439971000,,
2030_twilight_month,2462590.687500000000,5.468382000,-6.068000000,228.933347000,1.439885000,,
2030_twilight_month,2462590.708333333023,5.464011000,-6.080141000,228.678983000,1.439799000,,
2030_twilight_month,2462590.729166666977,5.459559000,-6.092142000,228.424616000,1.439713000,,
2030_twilight_month,2462590.750000000000,5.455026000,-6.104004000,228.170247000,1.439627000,,
2030_twilight_month,2462590.770833333023,5.450412000,-6.115726000,227.915876000,1.439540000,,
2030_twilight_month,2462590.791666666977,5.445718000,-6.127308000,227.661502000,1.439454000,,
2030_twilight_month,2462590.812500000000,5.440943000,-6.138750000,227.407127000,1.439368000,,
2030_twilight_month,2462590.833333333023,5.436087000,-6.150052000,227.152749000,1.439282000,,
2030_twilight_month,2462590.854166666977,5.431151000,-6.161213000,226.898369000,1.439197000,,
2030_twilight_month,2462590.875000000000,5.426134000,-6.172235000,226.643986000,1.439111000,,
2030_twilight_month,2462590.895833333023,5.421037000,-6.183116000,226.389602000,1.439025000,,
2030_twilight_month,2462590.916666666977,5.415859000,-6.193856000,226.135215000,1.438939000,,
2030_twilight_month,2462590.937500000000,5.410601000,-6.204456000,225.880826000,1.438853000,,
2030_twilight_month,2462590.958333333023,5.405262000,-6.214915000,225.626435000,1.438767000,,
2030_twilight_month,2462590.979166666977,5.399843000,-6.225233000,225.372042000,1.438681000,,
2030_twilight_month,2462591.000000000000,5.394344000,-6.235410000,225.117647000,1.438595000,,
2030_twilight_month,2462591.020833333023,5.388764000,-6.245446000,224.863249000,1.438509000,,
2030_twilight_month,2462591.041666666977,5.383104000,-6.255341000,224.608850000,1.438423000,,
2030_twilight_month,2462591.062500000000,5.377364000,-6.265095000,224.354448000,1.438337000,,
2030_twilight_month,2462591.083333333023,5.371543000,-6.274707000,224.100044000,1.438251000,,
2030_twilight_month,2462591.104166666977,5.365643000,-6.284178000,223.845639000,1.438165000,,
2030_twilight_month,2462591.125000000000,5.359662000,-6.293508000,223.591231000,1.438079000,,
2030_twilight_month,2462591.145833333023,5.353601000,-6.302696000,223.336821000,1.437993000,,
2030_twilight_month,2462591.166666666977,5.347460000,-6.311742000,223.082409000,1.437907000,,
2030_twilight_month,2462591.187500000000,5.341239000,-6.320647000,222.827995000,1.437821000,,
2030_twilight_month,2462591.208333333023,5.334937000,-6.329410000,222.573578000,1.437735000,,
2030_twilight_month,2462591.229166666977,5.328556000,-6.338032000,222.319160000,1.437649000,,
2030_twilight_month,2462591.250000000000,5.322094000,-6.346511000,222.064740000,1.437562000,,
2030_twilight_month,2462591.270833333023,5.315553000,-6.354849000,221.810318000,1.437476000,,
2030_twilight_month,2462591.291666666977,5.308931000,-6.363044000,221.555894000,1.437390000,,
2030_twilight_month,2462591.312500000000,5.302229000,-6.371098000,221.301468000,1.437303000,,
2030_twilight_month,2462591.333333333023,5.295448000,-6.379010000,221.047040000,1.437217000,,
2030_twilight_month,2462591.354166666977,5.288586000,-6.386779000,220.792610000,1.437130000,,
2030_twilight_month,2462591.375000000000,5.281644000,-6.394407000,220.538178000,1.437044000,,
2030_twilight_month,2462591.395833333023,5.274622000,-6.401892000,220.283744000,1.436957000,,
2030_twilight_month,2462591.416666666977,5.267520000,-6.409235000,220.029308000,1.436870000,,
2030_twilight_month,2462591.437500000000,5.260339000,-6.416436000,219.774870000,1.436783000,,
2030_twilight_month,2462591.458333333023,5.253077000,-6.423495000,219.520430000,1.436696000,,
2030_twilight_month,2462591.479166666977,5.245735000,-6.430412000,219.265989000,1.436609000,,
2030_twilight_month,2462591.500000000000,5.238313000,-6.437186000,219.011545000,1.436522000,,
2030_twilight_month,2462591.520833333023,5.230811000,-6.443818000,218.757100000,1.436435000,,
2030_twilight_month,2462591.541666666977,5.223230000,-6.450308000,218.502653000,1.436348000,,
2030_twilight_month,2462591.562500000000,5.215568000,-6.456655000,218.248204000,1.436260000,,
2030_twilight_month,2462591.583333333023,5.207826000,-6.462860000,217.993753000,1.436173000,,
2030_twilight_month,2462591.604166666977,5.200004000,-6.468923000,217.739300000,1.436085000,,
2030_twilight_month,2462591.625000000000,5.192102000,-6.474843000,217.484846000,1.435997000,,
2030_twilight_month,2462591.645833333023,5.184120000,-6.480621000,217.230389000,1.435910000,,
2030_twilight_month,2462591.666666666977,5.176059000,-6.486257000,216.975931000,1.435822000,,
2030_twilight_month,2462591.687500000000,5.167917000,-6.491751000,216.721471000,1.435733000,,
2030_twilight_month,2462591.708333333023,5.159695000,-6.497102000,216.467009000,1.435645000,,
2030_twilight_month,2462591.729166666977,5.151393000,-6.502311000,216.212546000,1.435557000,,
2030_twilight_month,2462591.750000000000,5.143011000,-6.507378000,215.958081000,1.435468000,,
2030_twilight_month,2462591.770833333023,5.134549000,-6.512302000,215.703614000,1.435380000,,
2030_twilight_month,2462591.791666666977,5.126006000,-6.517085000,215.449145000,1.435291000,,
2030_twilight_month,2462591.812500000000,5.117384000,-6.521725000,215.194675000,1.435202000,,
2030_twilight_month,2462591.833333333023,5.108682000,-6.526223000,214.940202000,1.435113000,,
2030_twilight_month,2462591.854166666977,5.099899000,-6.530579000,214.685729000,1.435024000,,
2030_twilight_month,2462591.875000000000,5.091037000,-6.534793000,214.431253000,1.434935000,,
2030_twilight_month,2462591.895833333023,5.082094000,-6.538864000,214.176776000,1.434845000,,
2030_twilight_month,2462591.916666666977,5.073071000,-6.542794000,213.922297000,1.434755000,,
2030_twilight_month,2462591.937500000000,5.063967000,-6.546582000,213.667817000,1.434665000,,
2030_twilight_month,2462591.958333333023,5.054784000,-6.550228000,213.413334000,1.434575000,,
2030_twilight_month,2462591.979166666977,5.045520000,-6.553732000,213.158851000,1.434485000,,
2030_twilight_month,2462592.000000000000,5.036177000,-6.557094000,212.904365000,1.434395000,,
2030_twilight_month,2462592.020833333023,5.026753000,-6.560315000,212.649878000,1.434304000,,
2030_twilight_month,2462592.041666666977,5.017248000,-6.563393000,212.395390000,1.434214000,,
2030_twilight_month,2462592.062500000000,5.007663000,-6.566331000,212.140899000,1.434123000,,
2030_twilight_month,2462592.083333333023,4.997998000,-6.569126000,211.886408000,1.434032000,,
2030_twilight_month,2462592.104166666977,4.988253000,-6.571780000,211.631914000,1.433941000,,
2030_twilight_month,2462592.125000000000,4.978427000,-6.574293000,211.377419000,1.433849000,,
2030_twilight_month,2462592.145833333023,4.968521000,-6.576664000,211.122923000,1.433757000,,
2030_twilight_month,2462592.166666666977,4.958535000,-6.578895000,210.868425000,1.433666000,,
2030_twilight_month,2462592.187500000000,4.948468000,-6.580983000,210.613926000,1.433574000,,
2030_twilight_month,2462592.208333333023,4.938320000,-6.582931000,210.359425000,1.433481000,,
2030_twilight_month,2462592.229166666977,4.928092000,-6.584738000,210.104922000,1.433389000,,
2030_twilight_month,2462592.250000000000,4.917784000,-6.586404000,209.850418000,1.433296000,,
2030_twilight_month,2462592.270833333023,4.907395000,-6.587929000,209.595913000,1.433203000,,
2030_twilight_month,2462592.291666666977,4.896926000,-6.589313000,209.341406000,1.433110000,,
2030_twilight_month,2462592.312500000000,4.886376000,-6.590557000,209.086897000,1.433017000,,
2030_twilight_month,2462592.333333333023,4.875745000,-6.591660000,208.832388000,1.432923000,,
2030_twilight_month,2462592.354166666977,4.865034000,-6.592623000,208.577876000,1.432830000,,
2030_twilight_month,2462592.375000000000,4.854242000,-6.593445000,208.323364000,1.432736000,,
2030_twilight_month,2462592.395833333023,4.843370000,-6.594127000,208.068850000,1.432641000,,
2030_twilight_month,2462592.416666666977,4.832416000,-6.594669000,207.814334000,1.432547000,,
2030_twilight_month,2462592.437500000000,4.821382000,-6.595071000,207.559817000,1.432452000,,
2030_twilight_month,2462592.458333333023,4.810268000,-6.595333000,207.305299000,1.432357000,,
2030_twilight_month,2462592.479166666977,4.799072000,-6.595455000,207.050780000,1.432262000,,
2030_twilight_month,2462592.500000000000,4.787796000,-6.595438000,206.796259000,1.432167000,,
2030_twilight_month,2462592.520833333023,4.776439000,-6.595281000,206.541736000,1.432071000,,
2030_twilight_month,2462592.541666666977,4.765001000,-6.594985000,206.287213000,1.431975000,,
2030_twilight_month,2462592.562500000000,4.753482000,-6.594549000,206.032688000,1.431879000,,
2030_twilight_month,2462592.583333333023,4.741882000,-6.593975000,205.778162000,1.431783000,,
2030_twilight_month,2462592.604166666977,4.730202000,-6.593261000,205.523634000,1.431686000,,
2030_twilight_month,2462592.625000000000,4.718440000,-6.592408000,205.269105000,1.431589000,,
2030_twilight_month,2462592.645833333023,4.706598000,-6.591417000,205.014575000,1.431492000,,
2030_twilight_month,2462592.666666666977,4.694674000,-6.590287000,204.760044000,1.431394000,,
2030_twilight_month,2462592.687500000000,4.682670000,-6.589019000,204.505512000,1.431296000,,
2030_twilight_month,2462592.708333333023,4.670584000,-6.587613000,204.250978000,1.431198000,,
2030_twilight_month,2462592.729166666977,4.658417000,-6.586068000,203.996443000,1.431100000,,
2030_twilight_month,2462592.750000000000,4.646169000,-6.584386000,203.741907000,1.431001000,,
2030_twilight_month,2462592.770833333023,4.633841000,-6.582565000,203.487369000,1.430902000,,
2030_twilight_month,2462592.791666666977,4.621431000,-6.580607000,203.232831000,1.430803000,,
2030_twilight_month,2462592.812500000000,4.608939000,-6.578512000,202.978291000,1.430704000,,
2030_twilight_month,2462592.833333333023,4.596367000,-6.576279000,202.723750000,1.430604000,,
2030_twilight_month,2462592.854166666977,4.583713000,-6.573909000,202.469208000,1.430504000,,
2030_twilight_month,2462592.875000000000,4.570979000,-6.571402000,202.214665000,1.430404000,,
2030_twilight_month,2462592.895833333023,4.558163000,-6.568758000,201.960120000,1.430303000,,
2030_twilight_month,2462592.916666666977,4.545265000,-6.565978000,201.705575000,1.430202000,,
2030_twilight_month,2462592.937500000000,4.532287000,-6.563061000,201.451028000,1.430101000,,
2030_twilight_month,2462592.958333333023,4.519227000,-6.560008000,201.196480000,1.429999000,,
2030_twilight_month,2462592.979166666977,4.506086000,-6.556819000,200.941932000,1.429897000,,
2030_twilight_month,2462593.000000000000,4.492863000,-6.553494000,200.687382000,1.429795000,,
2030_twilight_month,2462593.020833333023,4.479559000,-6.550033000,200.432831000,1.429692000,,
2030_twilight_month,2462593.041666666977,4.466174000,-6.546436000,200.178279000,1.429590000,,
2030_twilight_month,2462593.062500000000,4.452707000,-6.542705000,199.923726000,1.429486000,,
2030_twilight_month,2462593.083333333023,4.439159000,-6.538838000,199.669172000,1.429383000,,
2030_twilight_month,2462593.104166666977,4.425529000,-6.534836000,199.414617000,1.429279000,,
2030_twilight_month,2462593.125000000000,4.411818000,-6.530700000,199.160061000,1.429175000,,
2030_twilight_month,2462593.145833333023,4.398026000,-6.526429000,198.905504000,1.429071000,,
2030_twilight_month,2462593.166666666977,4.384152000,-6.522024000,198.650946000,1.428966000,,
2030_twilight_month,2462593.187500000000,4.370196000,-6.517484000,198.396387000,1.428861000,,
2030_twilight_month,2462593.208333333023,4.356159000,-6.512811000,198.141827000,1.428755000,,
2030_twilight_month,2462593.229166666977,4.342041000,-6.508004000,197.887266000,1.428649000,,
2030_twilight_month,2462593.250000000000,4.327841000,-6.503064000,197.632704000,1.428543000,,
2030_twilight_month,2462593.270833333023,4.313559000,-6.497990000,197.378141000,1.428437000,,
2030_twilight_month,2462593.291666666977,4.299196000,-6.492783000,197.123578000,1.428330000,,
2030_twilight_month,2462593.312500000000,4.284752000,-6.487444000,196.869013000,1.428223000,,
2030_twilight_month,2462593.333333333023,4.270226000,-6.481972000,196.614448000,1.428115000,,
2030_twilight_month,2462593.354166666977,4.255618000,-6.476367000,196.359881000,1.428007000,,
2030_twilight_month,2462593.375000000000,4.240929000,-6.470631000,196.105314000,1.427899000,,
2030_twilight_month,2462593.395833333023,4.226158000,-6.464762000,195.850746000,1.427790000,,
2030_twilight_month,2462593.416666666977,4.211306000,-6.458762000,195.596177000,1.427681000,,
2030_twilight_month,2462593.437500000000,4.196372000,-6.452630000,195.341607000,1.427572000,,
2030_twilight_month,2462593.458333333023,4.181356000,-6.446368000,195.087037000,1.427462000,,
2030_twilight_month,2462593.479166666977,4.166259000,-6.439974000,194.832465000,1.427352000,,
2030_twilight_month,2462593.500000000000,4.151080000,-6.433450000,194.577893000,1.427242000,,
2030_twilight_month,2462593.520833333023,4.135820000,-6.426795000,194.323320000,1.427131000,,
2030_twilight_month,2462593.541666666977,4.120479000,-6.420010000,194.068747000,1.427020000,,
2030_twilight_month,2462593.562500000000,4.105055000,-6.413095000,193.814172000,1.426908000,,
2030_twilight_month,2462593.583333333023,4.089550000,-6.406051000,193.559597000,1.426796000,,
2030_twilight_month,2462593.604166666977,4.073964000,-6.398877000,193.305021000,1.426684000,,
2030_twilight_month,2462593.625000000000,4.058296000,-6.391573000,193.050444000,1.426571000,,
2030_twilight_month,2462593.645833333023,4.042547000,-6.384141000,192.795867000,1.426458000,,
2030_twilight_month,2462593.666666666977,4.026716000,-6.376580000,192.541289000,1.426345000,,
2030_twilight_month,2462593.687500000000,4.010803000,-6.368891000,192.286710000,1.426231000,,
2030_twilight_month,2462593.708333333023,3.994809000,-6.361074000,192.032130000,1.426116000,,
2030_twilight_month,2462593.729166666977,3.978734000,-6.353129000,191.777550000,1.426002000,,
2030_twilight_month,2462593.750000000000,3.962577000,-6.345056000,191.522969000,1.425887000,,
2030_twilight_month,2462593.770833333023,3.946339000,-6.336856000,191.268388000,1.425771000,,
2030_twilight_month,2462593.791666666977,3.930019000,-6.328529000,191.013806000,1.425655000,,
2030_twilight_month,2462593.812500000000,3.913618000,-6.320075000,190.759223000,1.425539000,,
2030_twilight_month,2462593.833333333023,3.897136000,-6.311495000,190.504640000,1.425423000,,
2030_twilight_month,2462593.854166666977,3.880572000,-6.302789000,190.250056000,1.425306000,,
2030_twilight_month,2462593.875000000000,3.863927000,-6.293956000,189.995471000,1.425188000,,
2030_twilight_month,2462593.895833333023,3.847200000,-6.284998000,189.740886000,1.425070000,,
2030_twilight_month,2462593.916666666977,3.830393000,-6.275915000,189.486301000,1.424952000,,
2030_twilight_month,2462593.937500000000,3.813504000,-6.266706000,189.231714000,1.424833000,,
2030_twilight_month,2462593.958333333023,3.796534000,-6.257373000,188.977128000,1.424714000,,
2030_twilight_month,2462593.979166666977,3.779482000,-6.247916000,188.722540000,1.424595000,,
2030_twilight_month,2462594.000000000000,3.762350000,-6.238334000,188.467953000,1.424475000,,
2030_twilight_month,2462594.020833333023,3.745137000,-6.228628000,188.213364000,1.424354000,,
2030_twilight_month,2462594.041666666977,3.727842000,-6.218799000,187.958775000,1.424234000,,
2030_twilight_month,2462594.062500000000,3.710467000,-6.208846000,187.704186000,1.424112000,,
2030_twilight_month,2462594.083333333023,3.693010000,-6.198771000,187.449596000,1.423991000,,
2030_twilight_month,2462594.104166666977,3.675473000,-6.188573000,187.195006000,1.423869000,,
2030_twilight_month,2462594.125000000000,3.657854000,-6.178252000,186.940415000,1.423746000,,
2030_twilight_month,2462594.145833333023,3.640155000,-6.167810000,186.685824000,1.423623000,,
2030_twilight_month,2462594.166666666977,3.622375000,-6.157245000,186.431233000,1.423500000,,
2030_twilight_month,2462594.187500000000,3.604514000,-6.146560000,186.176641000,1.423376000,,
2030_twilight_month,2462594.208333333023,3.586573000,-6.135753000,185.922048000,1.423252000,,
2030_twilight_month,2462594.229166666977,3.568551000,-6.124825000,185.667455000,1.423128000,,
2030_twilight_month,2462594.250000000000,3.550448000,-6.113777000,185.412862000,1.423003000,,
2030_twilight_month,2462594.270833333023,3.532265000,-6.102609000,185.158269000,1.422877000,,
2030_twilight_month,2462594.291666666977,3.514002000,-6.091321000,184.903675000,1.422751000,,
2030_twilight_month,2462594.312500000000,3.495658000,-6.079914000,184.649081000,1.422625000,,
2030_twilight_month,2462594.333333333023,3.477233000,-6.068387000,184.394486000,1.422498000,,
2030_twilight_month,2462594.354166666977,3.458729000,-6.056741000,184.139891000,1.422371000,,
2030_twilight_month,2462594.375000000000,3.440144000,-6.044977000,183.885296000,1.422243000,,
2030_twilight_month,2462594.395833333023,3.421479000,-6.033095000,183.630700000,1.422115000,,
2030_twilight_month,2462594.416666666977,3.402734000,-6.021095000,183.376104000,1.421986000,,
2030_twilight_month,2462594.437500000000,3.383909000,-6.008977000,183.121508000,1.421857000,,
2030_twilight_month,2462594.458333333023,3.365004000,-5.996742000,182.866912000,1.421728000,,
2030_twilight_month,2462594.479166666977,3.346020000,-5.984391000,182.612315000,1.421598000,,
2030_twilight_month,2462594.500000000000,3.326955000,-5.971922000,182.357718000,1.421467000,,
73d,2462640.500000000000,2.728322000,-0.384805000,341.098920000,0.493707000,358985.518944994,151659741.814877898
73d,2462713.500000000000,355.163870000,5.713645000,168.941004000,-1.232688000,391695.271667229,151483525.325026393
73d,2462786.500000000000,4.372845000,-4.597016000,357.990876000,-1.208180000,396262.747988078,149716706.820240796
73d,2462859.500000000000,359.109717000,-1.735158000,189.566336000,0.665341000,357107.144474336,146797571.703170598
73d,2462932.500000000000,355.782232000,6.455088000,21.598617000,1.530774000,395409.635918872,148771094.411730409
73d,2463005.500000000000,5.258398000,-3.034000000,211.502759000,-0.022097000,393363.560023957,150975640.091118515
73d,2463078.500000000000,355.823621000,-3.177870000,39.257676000,-1.451022000,362609.384537322,152134179.282230794
73d,2463151.500000000000,357.264877000,6.715186000,228.459151000,-0.826762000,399877.835038854,149092676.492374510
73d,2463224.500000000000,6.420932000,-1.073491000,59.794284000,1.108095000,389542.821558872,147371386.558636606
73d,2463297.500000000000,353.769681000,-4.772404000,252.175244000,1.266524000,372424.121473785,148335960.682408392
73d,2463370.500000000000,358.363448000,6.210440000,81.649044000,-0.478623000,403533.037197074,151365788.069331914
73d,2463443.500000000000,7.202703000,1.162315000,269.883315000,-1.523104000,382314.673502596,151828758.001898289
73d,2463516.500000000000,353.935463000,-6.047944000,98.557109000,-0.374724000,379553.050588288,149256815.382479310
73d,2463589.500000000000,0.238624000,4.818515000,290.410008000,1.424032000,404365.128257559,147284746.047706515
73d,2463662.500000000000,6.478907000,3.161524000,122.283029000,0.918785000,371896.488900734,148240174.476784110
73d,2463735.500000000000,354.334798000,-6.595469000,312.261157000,-0.941247000,384158.733400018,151588497.610916197
73d,2463808.500000000000,1.870378000,2.891690000,140.031473000,-1.443983000,402646.623542773,151580938.682008296
73d,2463881.500000000000,4.834116000,4.548697000,329.163659000,0.190872000,362675.063134367,149653995.686454594
73d,2463954.500000000000,355.159680000,-6.496603000,160.600450000,1.524509000,387482.375746428,146787606.685201108
73d,2464027.500000000000,3.035019000,0.873721000,352.808194000,0.475455000,399611.166313607,148776385.083411098
73d,2464100.500000000000,0.586006000,5.351453000,182.568039000,-1.261504000,357795.049735090,150943103.419649988
73d,2464173.500000000000,355.602610000,-5.980808000,10.483283000,-1.213353000,391048.231794350,152255278.508478492
73d,2464246.500000000000,4.661038000,-1.138927000,199.501372000,0.692900000,397186.963443174,148996266.321447790
73d,2464319.500000000000,357.317740000,6.110569000,30.941804000,1.484950000,360016.804905989,147453185.952368408
73d,2464392.500000000000,355.936449000,-5.007154000,223.251616000,0.000004000,396609.680646580,148112387.352125615
73d,2464465.500000000000,5.743923000,-3.155075000,52.848434000,-1.520410000,393350.664187005,151552402.848897398
73d,2464538.500000000000,355.471810000,6.709081000,241.019826000,-0.752016000,367808.465985332,151741658.090679586
73d,2464611.500000000000,357.262950000,-3.331389000,69.674863000,1.067416000,401184.127096508,149505169.732377201
73d,2464684.500000000000,7.153105000,-4.999904000,261.540485000,1.286671000,387765.171098962,147055183.834304303
73d,2464757.500000000000,354.528983000,6.685822000,93.355432000,-0.485532000,376140.007240263,148313978.045491815
73d,2464830.500000000000,358.541495000,-1.071245000,283.477060000,-1.554518000,404228.883791112,151383757.744601995
73d,2464903.500000000000,7.268298000,-6.208845000,111.148641000,-0.289572000,377713.819116050,151801664.833502889
73d,2464976.500000000000,355.194772000,5.875121000,300.316579000,1.380551000,380471.972014125,149610401.911288589
73d,2465049.500000000000,0.307825000,1.244375000,131.655665000,0.982631000,404469.885381812,146897876.527144611
73d,2465122.500000000000,5.664170000,-6.602058000,323.976042000,-0.980063000,366020.026368698,148635228.651419491
73d,2465195.500000000000,355.076432000,4.563408000,153.664896000,-1.413330000,383236.934945365,150921494.421310097
73d,2465268.500000000000,1.983508000,3.223271000,341.714323000,0.248053000,402546.841618722,152263960.668266892
73d,2465341.500000000000,3.300746000,-6.499761000,170.560729000,1.492168000,359556.379074913,149061005.171559989
73d,2465414.500000000000,355.276740000,3.046619000,2.109357000,0.569525000,386229.933078716,147545378.870546013
73d,2465487.500000000000,3.405501000,4.791437000,194.283178000,-1.333442000,400560.774329796,147965006.965423793
73d,2465560.500000000000,359.160431000,-6.259522000,24.043692000,-1.108720000,359526.782286054,151583812.404627591
73d,2465633.500000000000,355.248306000,1.300038000,212.116182000,0.686342000,391914.899432144,151587173.723712087
73d,2465706.500000000000,5.369097000,6.037415000,40.882988000,1.538126000,397430.375168909,149738937.606727690
73d,2465779.500000000000,356.850562000,-5.696712000,232.592162000,0.015517000,365292.357313870,146967796.421914101
73d,2465852.500000000000,355.487145000,-0.821306000,64.475242000,-1.514531000,398464.069804017,148481956.283444196
73d,2465925.500000000000,6.811708000,6.770129000,254.622411000,-0.677375000,391787.656523428,151110660.615716696
73d,2465998.500000000000,355.833134000,-4.457559000,82.268315000,1.079654000,371938.041457732,151925423.733524799
73d,2466071.500000000000,357.169711000,-3.083107000,271.499806000,1.339559000,403008.598608183,149455703.768860489
73d,2466144.500000000000,7.839918000,6.656427000,102.713696000,-0.483718000,383369.823136021,147136923.208562791
73d,2466217.500000000000,355.507839000,-2.606462000,295.129696000,-1.530020000,376982.951497752,148518683.812964201
73d,2466290.500000000000,358.623224000,-4.918563000,124.746027000,-0.238905000,405169.286920922,151017733.488140196
73d,2466363.500000000000,7.174190000,5.783550000,312.918930000,1.408979000,371973.023151464,152122414.721586287
73d,2466436.500000000000,355.648179000,-0.636383000,141.642433000,1.013956000,379348.878819543,149123736.946596295
73d,2466509.500000000000,0.680338000,-6.045014000,333.293620000,-0.977412000,404669.517333092,147525429.178189903
73d,2466582.500000000000,4.359461000,4.636587000,165.342199000,-1.361745000,362402.554731174,147989932.239342809
73d,2466655.500000000000,354.742096000,1.132806000,355.231188000,0.254796000,381644.628678996,151618299.220823407
73d,2466728.500000000000,2.696438000,-6.532196000,183.196295000,1.560337000,403228.550177494,151512642.948767394
73d,2466801.500000000000,1.614999000,3.466492000,12.070714000,0.540652000,359664.510047034,149795572.135627389
73d,2466874.500000000000,354.516730000,2.890783000,203.654219000,-1.264216000,386686.072398957,146842640.846886486
73d,2466947.500000000000,4.498561000,-6.499085000,35.684007000,-1.133193000,400705.367591308,148655250.673647791
73d,2467020.500000000000,358.212436000,2.157142000,225.710370000,0.763650000,363945.820203323,150989108.182266593
73d,2467093.500000000000,354.665948000,4.653064000,53.459752000,1.526089000,393891.616784248,152116908.880869091
73d,2467166.500000000000,6.658558000,-5.799319000,242.601032000,0.023497000,396547.012884216,149242398.904536188
73d,2467239.500000000000,356.704308000,0.314680000,73.820950000,-1.470303000,369752.246806599,147254580.700416386
73d,2467312.500000000000,355.535166000,6.099342000,266.293489000,-0.698326000,401125.552338514,148308705.699136406
73d,2467385.500000000000,7.541257000,-4.360196000,95.867667000,1.160346000,387932.315997720,151237493.085500807
73d,2467458.500000000000,356.344774000,-1.796780000,284.110504000,1.293543000,373522.248342650,152036610.874450803
73d,2467531.500000000000,357.543093000,6.750787000,112.703958000,-0.441956000,404808.408989320,149304386.813813806
73d,2467604.500000000000,7.809744000,-2.437423000,304.469836000,-1.526134000,377694.507543745,147341730.737297714
73d,2467677.500000000000,355.747861000,-3.590128000,136.407454000,-0.242372000,375566.490978280,148006741.034155905
73d,2467750.500000000000,359.416095000,6.509316000,326.465098000,1.478523000,405633.188423859,151556571.246064305
73d,2467823.500000000000,5.853587000,-0.647124000,154.285967000,0.927306000,367729.332224949,151616080.533574313
73d,2467896.500000000000,355.471484000,-4.920049000,343.233392000,-0.892310000,377093.823678467,149846345.505383015
73d,2467969.500000000000,1.659923000,5.652449000,174.688476000,-1.434814000,405120.366424376,146784614.922414094
73d,2468042.500000000000,2.295670000,0.792651000,6.847075000,0.317579000,361824.415782094,148641296.548326492
73d,2468115.500000000000,354.153490000,-5.901547000,196.818127000,1.528913000,381970.051743859,150863857.639163494
73d,2468188.500000000000,3.729526000,4.354648000,24.687155000,0.520300000,403070.476642372,152299189.047834605
73d,2468261.500000000000,0.006611000,2.324250000,213.662794000,-1.248111000,362948.931896029,149196259.924310386
73d,2468334.500000000000,354.061438000,-6.639728000,44.964781000,-1.180093000,389001.250086990,147429876.294496089
73d,2468407.500000000000,5.559040000,2.563894000,237.358077000,0.811640000,399968.891010204,148027191.480623096
73d,2468480.500000000000,357.746295000,3.981178000,67.036438000,1.466054000,367837.150515840,151324134.011362702
73d,2468553.500000000000,354.831456000,-6.765428000,255.272057000,0.014331000,397269.021757683,151869648.938323885
73d,2468626.500000000000,7.225367000,0.345180000,83.835135000,-1.494175000,393691.117154034,149599074.852169991
73d,2468699.500000000000,357.331751000,5.482890000,275.586357000,-0.718115000,371791.051797160,147243855.314890087
73d,2468772.500000000000,356.076045000,-5.978294000,107.457501000,1.163367000,403549.998642637,148116738.633812010
73d,2468845.500000000000,7.350278000,-1.896539000,297.687425000,1.234974000,382987.784479228,151317059.211470991
73d,2468918.500000000000,356.873968000,6.338998000,125.387496000,-0.461038000,372622.052197442,151711380.762149394
73d,2468991.500000000000,358.384770000,-4.445906000,314.455100000,-1.574442000,405742.756089400,149806847.016414613
73d,2469064.500000000000,6.499509000,-3.630907000,145.716957000,-0.232440000,372786.524254611,146912589.714974195
73d,2469137.500000000000,355.916582000,6.549576000,338.017094000,1.428616000,372947.246446727,148607358.678030908
73d,2469210.500000000000,0.230143000,-2.556488000,167.897473000,0.911889000,406108.805083296,150790309.322956204
73d,2469283.500000000000,4.038780000,-4.770775000,355.897111000,-0.961708000,365539.260250550,152297411.845659196
73d,2469356.500000000000,355.177481000,6.409796000,184.757645000,-1.419773000,376473.149705805,149163741.921319991
73d,2469429.500000000000,2.372508000,-0.532829000,16.140731000,0.271573000,405086.729594609,147582176.483576506
73d,2469502.500000000000,0.950099000,-5.673171000,208.423762000,1.506758000,364324.087199743,147931626.715139896
73d,2469575.500000000000,353.692549000,5.958183000,38.209074000,0.486111000,384123.524000664,151440790.956877112
73d,2469648.500000000000,4.418664000,1.633303000,226.374867000,-1.316644000,402820.326062795,151642266.713930398
73d,2469721.500000000000,359.638352000,-6.476206000,55.007071000,-1.143432000,366671.936681924,149745810.616165102
73d,2469794.500000000000,353.912797000,4.817873000,246.679321000,0.735189000,392946.688992510,147086932.261647910
73d,2469867.500000000000,6.013226000,3.790731000,78.593049000,1.486165000,397663.554805274,148356824.332614392
2050_sunset,2469873.187500000000,359.062168000,6.431709000,9.463309000,1.470912000,,
2050_sunset,2469873.208333333023,359.036518000,6.425111000,9.210225000,1.470696000,,
2050_sunset,2469873.229166666977,359.010890000,6.418391000,8.957141000,1.470480000,,
2050_sunset,2469873.250000000000,358.985285000,6.411549000,8.704058000,1.470261000,,
2050_sunset,2469873.270833333023,358.959702000,6.404584000,8.450974000,1.470042000,,
2050_sunset,2469873.291666666977,358.934142000,6.397498000,8.197891000,1.469821000,,
2050_sunset,2469873.312500000000,358.908604000,6.390289000,7.944808000,1.469599000,,
2050_sunset,2469873.333333333023,358.883090000,6.382958000,7.691726000,1.469375000,,
2050_sunset,2469873.354166666977,358.857598000,6.375506000,7.438643000,1.469150000,,
2050_sunset,2469873.375000000000,358.832129000,6.367932000,7.185561000,1.468924000,,
2050_sunset,2469873.395833333023,358.806684000,6.360236000,6.932478000,1.468696000,,
2050_sunset,2469873.416666666977,358.781262000,6.352418000,6.679396000,1.468467000,,
2050_sunset,2469873.437500000000,358.755864000,6.344480000,6.426314000,1.468236000,,
2050_sunset,2469873.458333333023,358.730489000,6.336419000,6.173232000,1.468004000,,
2050_sunset,2469873.479166666977,358.705139000,6.328238000,5.920151000,1.467771000,,
2050_sunset,2469873.500000000000,358.679812000,6.319935000,5.667069000,1.467536000,,
2050_sunset,2469873.520833333023,358.654510000,6.311511000,5.413987000,1.467300000,,
2050_sunset,2469873.541666666977,358.629231000,6.302967000,5.160906000,1.467063000,,
2050_sunset,2469873.562500000000,358.603977000,6.294301000,4.907825000,1.466824000,,
2050_sunset,2469873.583333333023,358.578748000,6.285515000,4.654743000,1.466584000,,
2050_sunset,2469873.604166666977,358.553544000,6.276608000,4.401662000,1.466343000,,
2050_sunset,2469873.625000000000,358.528364000,6.267581000,4.148581000,1.466100000,,
2050_sunset,2469873.645833333023,358.503209000,6.258434000,3.895500000,1.465856000,,
2050_sunset,2469873.666666666977,358.478080000,6.249166000,3.642419000,1.465610000,,
2050_sunset,2469873.687500000000,358.452975000,6.239778000,3.389338000,1.465363000,,
2050_sunset,2469873.708333333023,358.427897000,6.230270000,3.136256000,1.465115000,,
2050_sunset,2469873.729166666977,358.402843000,6.220642000,2.883175000,1.464865000,,
2050_sunset,2469873.750000000000,358.377815000,6.210894000,2.630094000,1.464614000,,
2050_sunset,2469873.770833333023,358.352814000,6.201027000,2.377013000,1.464361000,,
2050_sunset,2469873.791666666977,358.327838000,6.191040000,2.123932000,1.464108000,,
2050_sunset,2469873.812500000000,358.302888000,6.180934000,1.870851000,1.463852000,,
2050_sunset,2469873.833333333023,358.277964000,6.170709000,1.617770000,1.463596000,,
2050_sunset,2469873.854166666977,358.253067000,6.160365000,1.364688000,1.463338000,,
2050_sunset,2469873.875000000000,358.228196000,6.149901000,1.111607000,1.463079000,,
2050_sunset,2469873.895833333023,358.203352000,6.139319000,0.858526000,1.462818000,,
2050_sunset,2469873.916666666977,358.178535000,6.128619000,0.605444000,1.462556000,,
2050_sunset,2469873.937500000000,358.153745000,6.117800000,0.352363000,1.462293000,,
2050_sunset,2469873.958333333023,358.128981000,6.106862000,0.099281000,1.462028000,,
2050_sunset,2469873.979166666977,358.104245000,6.095806000,359.846199000,1.461762000,,
2050_sunset,2469874.000000000000,358.079536000,6.084633000,359.593117000,1.461494000,,
2050_sunset,2469874.020833333023,358.054855000,6.073341000,359.340035000,1.461226000,,
2050_sunset,2469874.041666666977,358.030201000,6.061932000,359.086953000,1.460955000,,
2050_sunset,2469874.062500000000,358.005575000,6.050405000,358.833871000,1.460684000,,
2050_sunset,2469874.083333333023,357.980977000,6.038760000,358.580788000,1.460411000,,
2050_sunset,2469874.104166666977,357.956407000,6.026999000,358.327706000,1.460137000,,
2050_sunset,2469874.125000000000,357.931865000,6.015120000,358.074623000,1.459861000,,
2050_sunset,2469874.145833333023,357.907351000,6.003125000,357.821540000,1.459584000,,
2050_sunset,2469874.166666666977,357.882866000,5.991012000,357.568457000,1.459306000,,
2050_sunset,2469874.187500000000,357.858410000,5.978784000,357.315373000,1.459027000,,
2050_sunrise,2469887.958333333023,1.645368000,-5.633154000,189.608306000,1.166922000,,
2050_sunrise,2469887.979166666977,1.685055000,-5.614006000,189.353816000,1.166554000,,
2050_sunrise,2469888.000000000000,1.724677000,-5.594690000,189.099325000,1.166185000,,
2050_sunrise,2469888.020833333023,1.764232000,-5.575207000,188.844833000,1.165818000,,
2050_sunrise,2469888.041666666977,1.803718000,-5.555558000,188.590340000,1.165450000,,
2050_sunrise,2469888.062500000000,1.843133000,-5.535744000,188.335847000,1.165084000,,
2050_sunrise,2469888.083333333023,1.882477000,-5.515765000,188.081353000,1.164717000,,
2050_sunrise,2469888.104166666977,1.921747000,-5.495622000,187.826859000,1.164352000,,
2050_sunrise,2469888.125000000000,1.960943000,-5.475316000,187.572364000,1.163987000,,
2050_sunrise,2469888.145833333023,2.000062000,-5.454848000,187.317868000,1.163622000,,
2050_sunrise,2469888.166666666977,2.039104000,-5.434218000,187.063372000,1.163258000,,
2050_sunrise,2469888.187500000000,2.078066000,-5.413427000,186.808875000,1.162894000,,
2050_sunrise,2469888.208333333023,2.116947000,-5.392477000,186.554378000,1.162531000,,
2050_sunrise,2469888.229166666977,2.155746000,-5.371367000,186.299880000,1.162169000,,
2050_sunrise,2469888.250000000000,2.194460000,-5.350099000,186.045382000,1.161807000,,
2050_sunrise,2469888.270833333023,2.233090000,-5.328674000,185.790883000,1.161445000,,
2050_sunrise,2469888.291666666977,2.271633000,-5.307092000,185.536384000,1.161084000,,
2050_sunrise,2469888.312500000000,2.310087000,-5.285355000,185.281884000,1.160724000,,
2050_sunrise,2469888.333333333023,2.348452000,-5.263463000,185.027384000,1.160364000,,
2050_sunrise,2469888.354166666977,2.386725000,-5.241417000,184.772883000,1.160004000,,
2050_sunrise,2469888.375000000000,2.424906000,-5.219218000,184.518382000,1.159646000,,
2050_sunrise,2469888.395833333023,2.462993000,-5.196866000,184.263881000,1.159287000,,
2050_sunrise,2469888.416666666977,2.500984000,-5.174363000,184.009379000,1.158929000,,
2050_sunrise,2469888.437500000000,2.538878000,-5.151710000,183.754877000,1.158572000,,
2050_sunrise,2469888.458333333023,2.576674000,-5.128908000,183.500374000,1.158215000,,
2050_sunrise,2469888.479166666977,2.614370000,-5.105956000,183.245871000,1.157859000,,
2050_sunrise,2469888.500000000000,2.651965000,-5.082857000,182.991368000,1.157504000,,
2050_sunrise,2469888.520833333023,2.689457000,-5.059612000,182.736864000,1.157149000,,
2050_sunrise,2469888.541666666977,2.726846000,-5.036220000,182.482361000,1.156794000,,
2050_sunrise,2469888.562500000000,2.764128000,-5.012683000,182.227857000,1.156440000,,
2050_sunrise,2469888.583333333023,2.801304000,-4.989003000,181.973352000,1.156086000,,
2050_sunrise,2469888.604166666977,2.838372000,-4.965179000,181.718848000,1.155733000,,
2050_sunrise,2469888.625000000000,2.875331000,-4.941213000,181.464343000,1.155381000,,
2050_sunrise,2469888.645833333023,2.912178000,-4.917106000,181.209838000,1.155029000,,
2050_sunrise,2469888.666666666977,2.948914000,-4.892859000,180.955333000,1.154678000,,
2050_sunrise,2469888.687500000000,2.985535000,-4.868472000,180.700828000,1.154327000,,
2050_sunrise,2469888.708333333023,3.022042000,-4.843947000,180.446322000,1.153977000,,
2050_sunrise,2469888.729166666977,3.058433000,-4.819285000,180.191817000,1.153627000,,
2050_sunrise,2469888.750000000000,3.094706000,-4.794486000,179.937311000,1.153278000,,
2050_sunrise,2469888.770833333023,3.130861000,-4.769552000,179.682805000,1.152929000,,
2050_sunrise,2469888.791666666977,3.166895000,-4.744484000,179.428300000,1.152581000,,
2050_sunrise,2469888.812500000000,3.202808000,-4.719282000,179.173794000,1.152234000,,
2050_sunrise,2469888.833333333023,3.238598000,-4.693948000,178.919288000,1.151887000,,
2050_sunrise,2469888.854166666977,3.274264000,-4.668482000,178.664782000,1.151540000,,
2050_sunrise,2469888.875000000000,3.309804000,-4.642886000,178.410276000,1.151195000,,
2050_sunrise,2469888.895833333023,3.345219000,-4.617160000,178.155770000,1.150849000,,
2050_sunrise,2469888.916666666977,3.380505000,-4.591306000,177.901264000,1.150505000,,
2050_sunrise,2469888.937500000000,3.415663000,-4.565325000,177.646758000,1.150160000,,
2050_sunrise,2469888.958333333023,3.450690000,-4.539217000,177.392252000,1.149817000,,
73d,2469940.500000000000,358.634863000,-6.785244000,268.813687000,-0.077327000,369957.420509654,151163819.217435807
73d,2470013.500000000000,354.999375000,2.917058000,96.501478000,-1.498887000,400324.680562012,151863064.356868595
73d,2470086.500000000000,7.364211000,5.479801000,285.635479000,-0.713952000,389621.095606640,149606910.618355900
73d,2470159.500000000000,358.351301000,-6.320874000,116.768293000,1.103795000,370991.507329269,147028573.538695514
73d,2470232.500000000000,356.640274000,0.621207000,309.218883000,1.271997000,404835.904224918,148496466.168504208
73d,2470305.500000000000,6.543832000,6.338046000,138.953051000,-0.578383000,378263.650289953,150906337.394000888
73d,2470378.500000000000,357.360629000,-5.320115000,327.109545000,-1.528748000,370015.978048371,152267010.666908592
73d,2470451.500000000000,358.894213000,-1.565219000,155.800728000,-0.281505000,406366.983164942,149192321.799182385
73d,2470524.500000000000,5.240869000,6.550208000,347.317292000,1.429321000,369526.589086421,147550571.124994397
73d,2470597.500000000000,355.382818000,-4.171358000,179.494509000,0.892824000,371840.308482250,147852550.033216506
73d,2470670.500000000000,0.767383000,-3.471544000,9.417798000,-1.037800000,406093.547308027,151547044.674030513
73d,2470743.500000000000,3.093459000,6.453087000,197.470997000,-1.364092000,366523.542588139,151604837.015973508
73d,2470816.500000000000,354.177205000,-2.781870000,26.159482000,0.198707000,377674.944561298,149883886.474620104
73d,2470889.500000000000,3.117685000,-5.137911000,217.744085000,1.557716000,405189.804370208,146879628.457322896
73d,2470962.500000000000,0.846602000,6.100471000,49.743072000,0.416644000,367807.062091249,148451892.503078997
73d,2471035.500000000000,353.002042000,-0.954770000,239.944850000,-1.318995000,388052.384520035,150990659.424063414
73d,2471108.500000000000,5.128166000,-6.382874000,67.686449000,-1.136548000,401165.091161924,152138990.019723296
73d,2471181.500000000000,0.421747000,5.113246000,256.733857000,0.731493000,369629.544088240,149494114.360185295
73d,2471254.500000000000,353.660982000,1.296947000,87.866637000,1.501717000,396811.131796345,147182514.169461489
73d,2471327.500000000000,6.573581000,-6.857263000,280.363066000,-0.126073000,393888.806761318,148226372.966130495
73d,2471400.500000000000,359.409977000,3.505749000,110.075630000,-1.483790000,369436.496068060,150998629.275539398
73d,2471473.500000000000,355.362296000,3.473586000,298.330086000,-0.714217000,402543.147657216,152178752.636052698
73d,2471546.500000000000,7.279285000,-6.428552000,126.855672000,1.130917000,384800.641666028,149410200.380319715
73d,2471619.500000000000,358.660268000,1.667110000,318.491234000,1.269379000,367927.050392569,147490590.619467795
73d,2471692.500000000000,357.239616000,5.083302000,150.516842000,-0.583454000,405810.629654090,147832321.988014698
73d,2471765.500000000000,5.842177000,-5.445262000,340.662649000,-1.521293000,374683.514042424,151455569.929652214
73d,2471838.500000000000,356.459517000,0.053655000,168.569544000,-0.245463000,368053.759982539,151608534.388534904
73d,2471911.500000000000,359.726333000,6.117050000,357.362987000,1.460591000,406430.095632520,150008398.214575589
73d,2471984.500000000000,4.280899000,-4.303103000,188.777876000,0.878488000,369655.565758587,146850301.622303993
73d,2472057.500000000000,353.797524000,-1.481175000,20.886274000,-0.989392000,372591.941565540,148507822.741774887
73d,2472130.500000000000,1.835312000,6.630896000,211.054881000,-1.388624000,406212.758147216,150767707.837512404
73d,2472203.500000000000,2.548786000,-2.975655000,38.870836000,0.300190000,369045.430235772,152263628.076326013
73d,2472276.500000000000,352.964192000,-3.282721000,227.843472000,1.522160000,381427.782446081,149402005.370571613
73d,2472349.500000000000,4.162644000,6.497496000,58.992562000,0.480586000,403983.809846340,147448851.478665292
73d,2472422.500000000000,1.247117000,-1.211169000,251.449293000,-1.334533000,370648.339443201,148046736.477446586
73d,2472495.500000000000,352.645675000,-5.046415000,81.210568000,-1.098407000,392405.313613167,151112836.649102688
73d,2472568.500000000000,5.954505000,5.534495000,269.484221000,0.806403000,398319.508918482,151925699.255717397
73d,2472641.500000000000,0.855071000,0.866381000,97.985860000,1.476191000,369793.903872806,149584776.758015901
73d,2472714.500000000000,354.201151000,-6.271160000,289.623560000,-0.044167000,400030.148793183,147399392.643288106
73d,2472787.500000000000,6.598087000,3.858865000,121.564848000,-1.517969000,389444.678940893,147998726.840760410
73d,2472860.500000000000,359.407780000,2.732963000,311.850224000,-0.637583000,366360.643252201,151333483.887426704
73d,2472933.500000000000,356.255675000,-6.659936000,139.635553000,1.166857000,404130.345471795,151654780.400896192
73d,2473006.500000000000,6.636581000,1.965494000,328.598980000,1.269564000,380819.423402979,149938372.232735306
73d,2473079.500000000000,357.675991000,4.117185000,159.810802000,-0.509267000,364672.527019650,146889753.738892794
73d,2473152.500000000000,358.402564000,-6.340680000,352.090895000,-1.578528000,405831.179606303,148549768.575913996
73d,2473225.500000000000,4.676777000,0.297970000,182.115556000,-0.119433000,374315.526832732,150713598.200321913
73d,2473298.500000000000,354.977501000,5.174722000,10.072134000,1.416685000,367499.940157829,152330711.643219113
73d,2473371.500000000000,0.887445000,-5.498679000,198.922266000,0.952689000,406406.659687784,149272523.936320603
73d,2473444.500000000000,3.286426000,-1.365628000,30.147639000,-0.998210000,371824.573471385,147559949.140919894
73d,2473517.500000000000,352.687983000,6.166895000,222.556302000,-1.358082000,376414.520602331,147907544.104963392
73d,2473590.500000000000,2.719130000,-4.108306000,52.374803000,0.354705000,405108.206992770,151335049.631752491
73d,2473663.500000000000,2.490342000,-3.187007000,240.621128000,1.520784000,371769.841680863,151784932.346522987
73d,2473736.500000000000,352.646968000,6.800943000,69.113657000,0.527936000,386403.965415737,149749634.400281310
73d,2473809.500000000000,4.803404000,-2.081011000,260.742394000,-1.346704000,401862.307385506,147140315.260448992
73d,2473882.500000000000,1.717694000,-4.884196000,92.693379000,-1.053042000,370726.212019249,148135443.489631087
73d,2473955.500000000000,353.395685000,6.628600000,283.005608000,0.835286000,396207.769107720,151200030.287446290
73d,2474028.500000000000,5.859548000,0.229830000,110.755669000,1.484375000,394815.650502453,151878941.570882201
73d,2474101.500000000000,1.310531000,-6.015773000,299.755152000,-0.027505000,367067.586269967,149843315.300826788
73d,2474174.500000000000,355.296672000,5.615522000,130.849525000,-1.517905000,401942.061642399,146959304.917782098
73d,2474247.500000000000,5.785560000,2.298749000,323.296026000,-0.597389000,385742.361570155,148407795.462722600
73d,2474320.500000000000,358.832446000,-6.428400000,153.191203000,1.168543000,362830.485435460,150735974.916776508
73d,2474393.500000000000,357.386686000,4.069961000,341.316333000,1.303685000,404156.592744305,152368490.270848513
73d,2474466.500000000000,5.402003000,3.876011000,169.957136000,-0.545412000,379375.348750016,149325437.975206792
73d,2474539.500000000000,356.513224000,-6.521730000,1.317995000,-1.525701000,363005.203346565,147602654.227160811
73d,2474612.500000000000,359.261478000,2.259128000,193.592719000,-0.149323000,405661.092654117,147728545.879855514
73d,2474685.500000000000,3.833135000,5.080515000,23.587887000,1.471068000,375523.180676172,151399042.832287788
73d,2474758.500000000000,353.952867000,-6.421508000,211.745075000,0.896519000,370511.742719371,151703725.532734394
73d,2474831.500000000000,1.417645000,0.166456000,40.272498000,-0.978564000,405607.565706747,150004804.859835893
73d,2474904.500000000000,3.447952000,6.141393000,231.827898000,-1.357130000,374553.348186009,147001109.766241610
73d,2474977.500000000000,352.279579000,-5.822687000,63.793943000,0.328278000,381801.460114741,148228486.641597301
73d,2475050.500000000000,3.083229000,-2.144481000,254.173916000,1.557321000,403716.751186967,150915455.209763914
73d,2475123.500000000000,3.207179000,6.755849000,81.915722000,0.441848000,372208.276465822,152066964.941221088
73d,2475196.500000000000,353.058509000,-4.381489000,270.889606000,-1.307496000,391196.029369821,149754618.445621789
73d,2475269.500000000000,4.738264000,-4.239962000,101.937495000,-1.097576000,399117.086618906,147200237.584239691
73d,2475342.500000000000,2.629122000,6.605794000,294.432415000,0.841054000,367791.052822693,148237977.172065794
73d,2475415.500000000000,354.161079000,-2.331964000,124.292972000,1.478786000,398486.322977583,150778464.304655790
73d,2475488.500000000000,5.434112000,-5.666885000,312.539118000,-0.112586000,391562.990227887,152227649.603289813
73d,2475561.500000000000,1.331601000,5.842748000,141.043158000,-1.463181000,362955.239364644,149442429.970120192
73d,2475634.500000000000,356.129019000,-0.159122000,332.506249000,-0.701021000,402004.663378401,147619309.540534496
73d,2475707.500000000000,5.041426000,-6.327266000,164.618533000,1.226038000,384086.173564395,147738798.555668801
73d,2475780.500000000000,357.780685000,4.930556000,354.808361000,1.215271000,360564.328904285,151376552.546839386
73d,2475853.500000000000,357.917078000,1.876575000,182.816630000,-0.563735000,404038.037762343,151602417.481674790
73d,2475926.500000000000,5.000235000,-6.546237000,11.505807000,-1.539826000,379506.615092845,150101642.333662808
73d,2475999.500000000000,354.977644000,3.889291000,202.883680000,-0.196887000,365109.045183593,146936860.450141102
73d,2476072.500000000000,359.633515000,3.802487000,34.964479000,1.491313000,405199.816953985,148405756.125195801
73d,2476145.500000000000,4.358246000,-6.416614000,225.291534000,0.798717000,377645.481142805,150735668.976200789
73d,2476218.500000000000,352.849981000,2.415641000,53.068928000,-0.966622000,375264.701997902,152190711.692486614
73d,2476291.500000000000,1.875830000,5.505377000,242.032010000,-1.404358000,405111.255999483,149544180.052103788
73d,2476364.500000000000,4.442381000,-5.693379000,73.045190000,0.325515000,375490.814351297,147393182.790344298
73d,2476437.500000000000,352.217378000,0.344434000,265.565738000,1.533236000,386845.382178027,148091428.424959600
73d,2476510.500000000000,3.296502000,6.600372000,95.410252000,0.378380000,401783.844172124,150993984.447319090
73d,2476583.500000000000,4.176974000,-4.283067000,283.708953000,-1.326836000,370144.417830690,152067156.058832705
73d,2476656.500000000000,353.423832000,-1.907034000,112.135269000,-1.126579000,394269.438697235,149564631.711189002
73d,2476729.500000000000,4.820453000,6.779378000,303.663345000,0.844723000,396163.112396559,147455599.227699786
73d,2476802.500000000000,2.504584000,-2.562034000,135.696557000,1.423208000,363336.884147173,147816813.054425806
73d,2476875.500000000000,354.826343000,-3.834049000,325.995464000,-0.134205000,398852.128373800,151340871.968756914
73d,2476948.500000000000,5.265864000,6.179902000,153.887563000,-1.513967000,389539.761005849,151680226.810441405
73d,2477021.500000000000,0.095956000,-0.984897000,342.696677000,-0.685101000,359277.399490652,150101075.269111603
73d,2477094.500000000000,356.765782000,-5.268567000,173.891572000,1.187971000,401778.463893528,146881255.455201209
73d,2477167.500000000000,4.934429000,5.200351000,6.173490000,1.200594000,383956.796030060,148430123.953523487
73d,2477240.500000000000,355.730960000,0.328455000,196.361024000,-0.610930000,361685.466441957,150646339.341225803
73d,2477313.500000000000,358.541652000,-6.276777000,24.294046000,-1.568775000,403603.599341075,152370695.837609887
73d,2477386.500000000000,5.265666000,3.905985000,213.102087000,-0.163414000,381317.203804375,149445011.835723102
73d,2477459.500000000000,353.203351000,1.965660000,44.161282000,1.419010000,369515.511468456,147510232.821604908
73d,2477532.500000000000,0.348099000,-6.771108000,236.665052000,0.826466000,405081.372602063,147823459.137028009
73d,2477605.500000000000,4.962842000,2.199770000,66.564754000,-1.059377000,378444.054314478,151148510.247802198
73d,2477678.500000000000,352.357809000,3.859160000,254.876534000,-1.360296000,380615.824121266,151965810.644209206
73d,2477751.500000000000,2.404862000,-6.435816000,83.241153000,0.304709000,403905.069911352,149848792.273159713
73d,2477824.500000000000,5.196469000,0.086620000,274.800417000,1.519149000,373986.619942337,147276938.650108188
73d,2477897.500000000000,352.664135000,5.454482000,106.764171000,0.390899000,390392.663280712,147883680.738651186
73d,2477970.500000000000,3.644629000,-5.213238000,297.201277000,-1.404274000,399441.815750824,151125264.744665802
73d,2478043.500000000000,3.895028000,-1.887389000,125.016099000,-1.044408000,366039.284095305,151828248.508820713
73d,2478116.500000000000,354.418712000,6.369328000,313.857245000,0.792920000,395409.472273490,150091063.941480696
73d,2478189.500000000000,4.743365000,-3.473755000,144.937695000,1.465161000,394019.474120461,146985334.354476601
73d,2478262.500000000000,1.030718000,-3.340787000,337.335125000,-0.159223000,358790.587865439,148357429.165937513
73d,2478335.500000000000,355.798593000,6.571133000,167.427218000,-1.535308000,398846.123319980,150568737.444700509
73d,2478408.500000000000,5.015268000,-1.646404000,355.542348000,-0.615416000,388778.155577642,152391037.683063596
73d,2478481.500000000000,357.929304000,-4.459693000,184.163285000,1.141591000,358324.791774376,149455364.145870894
73d,2478554.500000000000,357.638854000,6.267973000,15.350121000,1.284541000,401211.694213504,147669800.919768304
73d,2478627.500000000000,4.886953000,0.173899000,207.697895000,-0.682337000,385643.816072440,147671917.593327403
73d,2478700.500000000000,353.997874000,-5.507188000,37.736268000,-1.501251000,365235.989247771,151207952.390719712
73d,2478773.500000000000,359.241721000,5.410508000,225.988864000,-0.150193000,403687.297334958,151744006.575423598
73d,2478846.500000000000,5.476959000,2.166154000,54.415907000,1.451564000,382461.117307158,150065458.393392205
73d,2478919.500000000000,352.737111000,-6.473801000,245.892733000,0.851591000,375451.927028864,147187221.742265791
73d,2478992.500000000000,0.709878000,3.826751000,77.850941000,-1.071297000,404440.247081217,148099315.243296087
73d,2479065.500000000000,5.552918000,4.129028000,268.372183000,-1.308669000,377113.895491327,150895011.673220992
73d,2479138.500000000000,352.898892000,-6.819513000,96.115603000,0.330209000,384967.240875327,151938029.497365206
73d,2479211.500000000000,2.607061000,1.648505000,285.052634000,1.561959000,402500.373922967,149911804.991425395
73d,2479284.500000000000,5.281621000,5.563006000,116.006342000,0.397515000,369720.782091566,147167975.969061792
73d,2479357.500000000000,353.941026000,-6.315225000,308.481745000,-1.391059000,391703.012009645,148275152.251752585
73d,2479430.500000000000,3.380517000,-0.605768000,138.510884000,-1.006780000,397942.370456176,150656312.388749987
73d,2479503.500000000000,3.069322000,6.238081000,326.727369000,0.836145000,360908.990293544,152312413.686846614
73d,2479576.500000000000,355.526093000,-5.218946000,155.232844000,1.494895000,395330.454056143,149467595.110375792
73d,2479649.500000000000,4.276310000,-2.553806000,346.547344000,-0.150308000,393201.579792454,147670192.853681803
73d,2479722.500000000000,359.253775000,6.458677000,178.757258000,-1.488036000,356866.728011777,147649141.177284509
73d,2479795.500000000000,356.443273000,-3.795049000,8.947219000,-0.619501000,398074.543704876,151308112.814607888
73d,2479868.500000000000,4.833713000,-4.172594000,197.059489000,1.236668000,389888.590199997,151652798.343058705
73d,2479941.500000000000,356.334780000,6.562676000,25.596274000,1.244870000,360452.642864760,150155639.928387612
73d,2480014.500000000000,357.899452000,-1.990170000,216.947034000,-0.604371000,401284.303308843,146996881.562312692
73d,2480087.500000000000,5.312014000,-5.574647000,49.040215000,-1.525596000,386737.101135765,148262367.520093709
73d,2480160.500000000000,353.612671000,6.352262000,239.485855000,-0.078610000,370937.167455898,150762627.870816499
73d,2480233.500000000000,359.225135000,0.216545000,67.281203000,1.477108000,403598.344810335,152182775.998845905
73d,2480306.500000000000,6.434467000,-6.561292000,256.192732000,0.842213000,381958.542644855,149734041.627599806
73d,2480379.500000000000,353.213859000,5.384614000,87.070823000,-0.999344000,380547.772410845,147281003.851922214
73d,2480452.500000000000,0.700337000,2.566604000,279.672320000,-1.342805000,403861.047197632,148035634.218637198
73d,2480525.500000000000,6.085377000,-6.789320000,109.617854000,0.426278000,373041.707230191,150817707.252687991
73d,2480598.500000000000,353.945795000,3.686886000,297.927954000,1.552043000,387004.107386452,152251985.754053891
73d,2480671.500000000000,2.383707000,4.487342000,126.301724000,0.418462000,401538.701796037,149654614.627739698
73d,2480744.500000000000,5.131639000,-6.273133000,317.700305000,-1.350034000,363904.200846664,147552584.541646987
73d,2480817.500000000000,354.722349000,1.715962000,149.818176000,-1.034493000,391366.586241078,147614818.853804708
73d,2480890.500000000000,3.212943000,5.709280000,340.175836000,0.939850000,397224.870375337,151257728.868084490
73d,2480963.500000000000,1.769916000,-5.469837000,168.166391000,1.421773000,357799.766746814,151697038.561426789
73d,2481036.500000000000,355.836254000,-0.242528000,356.778600000,-0.063369000,394132.791029003,150275060.020989299
73d,2481109.500000000000,4.461093000,6.385899000,187.973932000,-1.535099000,393950.745126290,146931799.900817901
73d,2481182.500000000000,357.496924000,-4.667339000,20.192014000,-0.573244000,358433.050898240,148282683.223568708
73d,2481255.500000000000,356.348088000,-2.184418000,210.574375000,1.251901000,398268.955495830,150556348.838523000
73d,2481328.500000000000,5.572258000,6.623010000,38.519809000,1.224189000,390490.101705316,152360213.655587703
73d,2481401.500000000000,355.224842000,-3.457467000,227.273527000,-0.578552000,365680.468383972,149675192.253544599
73d,2481474.500000000000,357.742018000,-4.159508000,58.209607000,-1.553265000,401874.250234527,147525685.932617486
73d,2481547.500000000000,6.617291000,6.256288000,250.758389000,-0.035216000,386225.187772909,147783853.130776107
73d,2481620.500000000000,353.502387000,-1.670532000,80.739418000,1.455810000,375913.843038978,150885154.640226603
73d,2481693.500000000000,359.343161000,-5.798932000,269.133943000,0.830874000,404103.357808352,152038013.199677289
73d,2481766.500000000000,7.323937000,5.122320000,97.411747000,-1.011576000,378640.276925227,149908236.392545998
73d,2481839.500000000000,353.870759000,0.514580000,288.846222000,-1.361681000,383102.395588175,147491538.605294108
73d,2481912.500000000000,0.824946000,-6.632400000,120.852421000,0.440865000,403571.119770854,147742769.462296188
73d,2481985.500000000000,6.014701000,3.494909000,311.390622000,1.520079000,367448.827349592,151070498.989015400
73d,2482058.500000000000,354.394235000,2.531532000,139.268687000,0.401827000,387068.320692861,151732207.384249210
73d,2482131.500000000000,2.723211000,-6.618067000,328.006638000,-1.392052000,400826.052565252,150245036.075350702
73d,2482204.500000000000,3.680566000,1.899557000,159.030701000,-1.011204000,359507.548752391,147011295.329584002
73d,2482277.500000000000,354.881902000,4.152669000,351.351728000,0.886696000,389970.576669013,148319722.461617589
73d,2482350.500000000000,3.825279000,-5.992331000,181.657909000,1.436458000,397681.472096580,150463108.760444999
73d,2482423.500000000000,359.628577000,0.576526000,9.712122000,-0.142119000,357536.086337048,152389474.622514009
73d,2482496.500000000000,355.830827000,5.491599000,198.363146000,-1.518122000,394071.949688554,149569038.905959606
73d,2482569.500000000000,5.313431000,-4.939973000,29.407263000,-0.608163000,394588.775709656,147695881.825359702
73d,2482642.500000000000,355.830280000,-0.880717000,221.822024000,1.228838000,363072.955376965,147682012.873868912
73d,2482715.500000000000,356.383478000,6.503368000,51.920051000,1.212397000,399262.224671918,151068257.829047292
73d,2482788.500000000000,6.637525000,-3.369379000,240.241200000,-0.671968000,390374.925759044,151812759.677365094
73d,2482861.500000000000,354.492752000,-2.746481000,68.554314000,-1.505516000,370806.705236759,150038299.778961301
73d,2482934.500000000000,358.073055000,6.843085000,259.972308000,-0.110589000,403262.352971897,147292333.940505505
73d,2483007.500000000000,7.298113000,-1.298925000,91.956313000,1.473548000,383230.216970307,147952869.479490995
73d,2483080.500000000000,353.984536000,-4.558583000,282.547558000,0.769975000,378647.436924097,150951369.803609490
73d,2483153.500000000000,359.729360000,6.248915000,110.354756000,-1.063591000,404526.522747966,151905045.901967704
73d,2483226.500000000000,7.268225000,0.846725000,299.207608000,-1.331769000,373604.670046178,150089031.953691095
73d,2483299.500000000000,354.582960000,-5.805516000,130.064594000,0.357068000,383267.993305701,147084029.988617390
73d,2483372.500000000000,1.357336000,4.882197000,322.565151000,1.572182000,403089.196599636,148219142.820419192
73d,2483445.500000000000,4.430621000,2.488606000,152.724640000,0.281415000,362809.568843670,150520794.391597509
73d,2483518.500000000000,354.952265000,-6.407845000,340.908893000,-1.376078000,385730.269210049,152419848.317996114
73d,2483591.500000000000,3.211101000,3.161158000,169.422333000,-1.044934000,400924.522182349,149574003.572688311
73d,2483664.500000000000,1.324806000,3.728526000,0.549530000,0.856799000,357627.341282067,147706582.783297211
73d,2483737.500000000000,355.119181000,-6.574383000,192.895301000,1.438341000,389805.581735579,147539341.124441385
73d,2483810.500000000000,4.360281000,1.291016000,23.129796000,-0.237645000,398057.074218819,151191707.133604288
73d,2483883.500000000000,357.806524000,4.856998000,211.342454000,-1.487289000,360585.495742547,151757199.399422914
73d,2483956.500000000000,355.951840000,-6.278095000,39.724469000,-0.669128000,394946.102381355,150247807.447992295
73d,2484029.500000000000,6.024418000,-0.816690000,231.031735000,1.253619000,394999.631473866,147081210.495660186
73d,2484102.500000000000,355.244162000,5.988896000,63.088025000,1.160203000,368150.335405814,148035366.494311512
73d,2484175.500000000000,356.648579000,-5.273536000,253.685527000,-0.710842000,401094.947877407,150718103.845577389
73d,2484248.500000000000,7.085124000,-2.999033000,81.528997000,-1.511170000,388187.940103497,152155037.067417204
73d,2484321.500000000000,355.146461000,6.707255000,270.332392000,-0.123423000,374612.472829285,150013716.953768790
73d,2484394.500000000000,358.320220000,-3.476999000,101.135783000,1.476371000,404377.970512776,147274797.635568798
73d,2484467.500000000000,7.306158000,-4.819530000,293.736439000,0.723568000,378263.175137256,147993436.433832109
73d,2484540.500000000000,354.975935000,6.635777000,123.805351000,-1.077220000,379175.052640836,150561855.097795993
73d,2484613.500000000000,0.091600000,-1.250500000,312.168767000,-1.351038000,404589.215527273,152322958.847774506
73d,2484686.500000000000,6.260175000,-5.874326000,140.477169000,0.385741000,368144.890311258,149743220.903429687
73d,2484759.500000000000,355.497892000,5.943645000,331.720284000,1.553033000,381636.157442637,147709558.593042314
73d,2484832.500000000000,1.605466000,0.896893000,163.926877000,0.277485000,403380.309631675,147495925.149852514
73d,2484905.500000000000,2.655164000,-6.290166000,354.335015000,-1.396082000,359930.511982282,151141107.744887888
73d,2484978.500000000000,355.184822000,4.937606000,182.458124000,-1.025223000,385189.417026985,151685047.136261612
73d,2485051.500000000000,3.506195000,2.854949000,10.927534000,0.889550000,401224.027874691,150400774.422748893
73d,2485124.500000000000,359.735017000,-6.544835000,202.084170000,1.403337000,359501.069033823,147043456.455919802
73d,2485197.500000000000,354.825078000,3.604652000,34.227013000,-0.185536000,390702.737135368,148163296.384357512
73d,2485270.500000000000,5.038566000,4.635380000,224.793907000,-1.548225000,398473.422837543,150479488.129680514
73d,2485343.500000000000,357.268115000,-6.573681000,52.697360000,-0.573199000,364950.972936648,152263974.194826514
73d,2485416.500000000000,355.679485000,1.685543000,241.448191000,1.225697000,397182.142465058,149854106.040909708
73d,2485489.500000000000,6.804067000,6.060648000,72.270809000,1.197978000,393452.455847714,147541557.642072409
73d,2485562.500000000000,356.054891000,-5.979579000,264.816801000,-0.710694000,372129.791692412,147853113.739689797
73d,2485635.500000000000,356.532595000,-0.647253000,94.924842000,-1.519269000,402912.886429699,150710126.966580302
73d,2485708.500000000000,7.639444000,6.776748000,283.338967000,-0.028128000,384036.154090770,152098286.149568707
73d,2485781.500000000000,356.126933000,-4.650038000,111.566513000,1.438525000,375870.109348282,149865601.001573890
73d,2485854.500000000000,358.484341000,-2.900877000,302.903904000,0.805187000,405246.869842192,147614421.755089402
73d,2485927.500000000000,6.890596000,6.626855000,134.945557000,-1.109725000,372476.278252192,147624557.039675504
73d,2486000.500000000000,355.611258000,-2.943814000,325.536365000,-1.314846000,377515.614253143,151075258.938541293
73d,2486073.500000000000,0.322055000,-4.636638000,153.516996000,0.451962000,405213.548920494,151708358.600516200
73d,2486146.500000000000,5.164572000,5.972139000,342.142519000,1.530076000,363828.661132473,150371500.165221989
73d,2486219.500000000000,355.292360000,-1.211863000,173.128938000,0.363798000,380144.702995589,147017693.524701387
73d,2486292.500000000000,2.143281000,-5.820011000,5.418325000,-1.457979000,403775.027706508,148241499.009658992
73d,2486365.500000000000,1.316355000,5.236754000,195.876551000,-0.916831000,360923.876352053,150399887.411988586
73d,2486438.500000000000,354.409758000,0.543904000,23.882213000,0.872738000,385415.015384104,152397819.865077198
73d,2486511.500000000000,4.467324000,-6.546097000,212.542608000,1.460840000,401747.827458915,149701856.035819411
73d,2486584.500000000000,358.855045000,4.228032000,43.395527000,-0.170923000,363651.975027058,147648703.490960509
73d,2486657.500000000000,354.170728000,2.541378000,235.931806000,-1.537387000,393338.255540508,147654769.986425310
73d,2486730.500000000000,6.129340000,-6.681412000,66.095737000,-0.511502000,396984.685354510,150934558.618418187
73d,2486803.500000000000,357.483929000,2.640199000,254.469793000,1.246996000,369116.914781813,151983174.000232786
73d,2486876.500000000000,355.398017000,4.520700000,82.703108000,1.234197000,399893.976272157,150078263.299051791
73d,2486949.500000000000,7.796782000,-5.968633000,274.019677000,-0.704780000,389830.191102328,147375181.680547595
73d,2487022.500000000000,356.674707000,0.603315000,106.044863000,-1.486364000,373348.091203832,147709213.454777002
73d,2487095.500000000000,356.873782000,5.961084000,296.728245000,0.010423000,404567.114246439,150925269.364003599
73d,2487168.500000000000,7.620054000,-4.563187000,124.614246000,1.469237000,378726.512103762,151891623.806253910
73d,2487241.500000000000,356.542286000,-1.406542000,313.332271000,0.827085000,374390.584412880,150339829.890516788
73d,2487314.500000000000,359.093183000,6.575908000,144.146591000,-1.098897000,406158.957009819,147083661.893515199
73d,2487387.500000000000,5.789117000,-2.958510000,336.624099000,-1.273408000,367828.862198710,148139501.734467596
73d,2487460.500000000000,355.090058000,-3.010305000,166.942854000,0.465741000,375775.917038728,150349188.310692608
73d,2487533.500000000000,1.266842000,6.488114000,355.137449000,1.591732000,405374.101474642,152461728.540915787
73d,2487606.500000000000,3.447379000,-1.472958000,183.603789000,0.319349000,363149.864537374,149722893.271474510
73d,2487679.500000000000,354.360863000,-4.452292000,14.549091000,-1.378629000,379722.080122191,147765047.922484696
73d,2487752.500000000000,3.360939000,5.866736000,206.993272000,-0.951023000,404150.213792672,147447853.835154593
73d,2487825.500000000000,359.950701000,-0.030395000,37.261019000,0.943834000,364077.282321766,150995613.961907715
73d,2487898.500000000000,353.786571000,-5.777270000,225.622798000,1.435570000,388053.655549980,151835681.337646186
73d,2487971.500000000000,5.573869000,4.641735000,53.867390000,-0.168352000,400703.999303300,150352746.578736693
73d,2488044.500000000000,358.534251000,1.810278000,245.110318000,-1.505307000,368045.701600287,147271609.225205988
73d,2488117.500000000000,354.080434000,-6.693469000,77.151240000,-0.546378000,396916.098821832,147854199.834657907
2100_sunset,2488130.750000000000,5.907506000,6.794678000,276.193635000,-0.101733000,,
2100_sunset,2488130.770833333023,5.920312000,6.797502000,275.940067000,-0.101070000,,
2100_sunset,2488130.791666666977,5.932976000,6.800155000,275.686496000,-0.100408000,,
2100_sunset,2488130.812500000000,5.945497000,6.802636000,275.432922000,-0.099747000,,
2100_sunset,2488130.833333333023,5.957875000,6.804946000,275.179345000,-0.099087000,,
2100_sunset,2488130.854166666977,5.970111000,6.807086000,274.925764000,-0.098427000,,
2100_sunset,2488130.875000000000,5.982204000,6.809055000,274.672180000,-0.097769000,,
2100_sunset,2488130.895833333023,5.994154000,6.810853000,274.418593000,-0.097110000,,
2100_sunset,2488130.916666666977,6.005962000,6.812481000,274.165002000,-0.096453000,,
2100_sunset,2488130.937500000000,6.017626000,6.813940000,273.911408000,-0.095797000,,
2100_sunset,2488130.958333333023,6.029148000,6.815228000,273.657811000,-0.095141000,,
2100_sunset,2488130.979166666977,6.040528000,6.816347000,273.404210000,-0.094486000,,
2100_sunset,2488131.000000000000,6.051764000,6.817297000,273.150606000,-0.093832000,,
2100_sunset,2488131.020833333023,6.062858000,6.818078000,272.896999000,-0.093178000,,
2100_sunset,2488131.041666666977,6.073810000,6.818690000,272.643388000,-0.092525000,,
2100_sunset,2488131.062500000000,6.084618000,6.819133000,272.389774000,-0.091873000,,
2100_sunset,2488131.083333333023,6.095284000,6.819408000,272.136157000,-0.091222000,,
2100_sunset,2488131.104166666977,6.105808000,6.819515000,271.882536000,-0.090571000,,
2100_sunset,2488131.125000000000,6.116188000,6.819454000,271.628913000,-0.089921000,,
2100_sunset,2488131.145833333023,6.126427000,6.819225000,271.375285000,-0.089272000,,
2100_sunset,2488131.166666666977,6.136522000,6.818829000,271.121655000,-0.088624000,,
2100_sunset,2488131.187500000000,6.146476000,6.818266000,270.868021000,-0.087976000,,
2100_sunset,2488131.208333333023,6.156286000,6.817536000,270.614384000,-0.087330000,,
2100_sunset,2488131.229166666977,6.165955000,6.816640000,270.360744000,-0.086684000,,
2100_sunset,2488131.250000000000,6.175481000,6.815577000,270.107100000,-0.086038000,,
2100_sunset,2488131.270833333023,6.184865000,6.814348000,269.853454000,-0.085393000,,
2100_sunset,2488131.291666666977,6.194106000,6.812954000,269.599803000,-0.084750000,,
2100_sunset,2488131.312500000000,6.203206000,6.811394000,269.346150000,-0.084106000,,
2100_sunset,2488131.333333333023,6.212163000,6.809669000,269.092493000,-0.083464000,,
2100_sunset,2488131.354166666977,6.220979000,6.807779000,268.838833000,-0.082822000,,
2100_sunset,2488131.375000000000,6.229652000,6.805724000,268.585170000,-0.082181000,,
2100_sunset,2488131.395833333023,6.238183000,6.803505000,268.331504000,-0.081541000,,
2100_sunset,2488131.416666666977,6.246573000,6.801122000,268.077834000,-0.080901000,,
2100_sunset,2488131.437500000000,6.254821000,6.798576000,267.824161000,-0.080263000,,
2100_sunset,2488131.458333333023,6.262927000,6.795866000,267.570485000,-0.079624000,,
2100_sunset,2488131.479166666977,6.270892000,6.792993000,267.316805000,-0.078987000,,
2100_sunset,2488131.500000000000,6.278715000,6.789957000,267.063122000,-0.078350000,,
2100_sunset,2488131.520833333023,6.286397000,6.786758000,266.809436000,-0.077715000,,
2100_sunset,2488131.541666666977,6.293938000,6.783398000,266.555747000,-0.077079000,,
2100_sunset,2488131.562500000000,6.301337000,6.779875000,266.302055000,-0.076445000,,
2100_sunset,2488131.583333333023,6.308596000,6.776191000,266.048359000,-0.075811000,,
2100_sunset,2488131.604166666977,6.315713000,6.772346000,265.794660000,-0.075178000,,
2100_sunset,2488131.625000000000,6.322690000,6.768340000,265.540958000,-0.074546000,,
2100_sunset,2488131.645833333023,6.329525000,6.764173000,265.287252000,-0.073914000,,
2100_sunset,2488131.666666666977,6.336220000,6.759846000,265.033544000,-0.073283000,,
2100_sunset,2488131.687500000000,6.342775000,6.755360000,264.779832000,-0.072653000,,
2100_sunset,2488131.708333333023,6.349189000,6.750714000,264.526117000,-0.072023000,,
2100_sunset,2488131.729166666977,6.355463000,6.745908000,264.272399000,-0.071395000,,
2100_sunset,2488131.750000000000,6.361596000,6.740944000,264.018677000,-0.070766000,,
2100_sunrise,2488145.500000000000,353.542911000,-6.839744000,96.280564000,0.246271000,,
2100_sunrise,2488145.520833333023,353.524934000,-6.841082000,96.026677000,0.246725000,,
2100_sunrise,2488145.541666666977,353.507068000,-6.842285000,95.772792000,0.247179000,,
2100_sunrise,2488145.562500000000,353.489312000,-6.843352000,95.518910000,0.247633000,,
2100_sunrise,2488145.583333333023,353.471668000,-6.844283000,95.265030000,0.248088000,,
2100_sunrise,2488145.604166666977,353.454136000,-6.845079000,95.011153000,0.248544000,,
2100_sunrise,2488145.625000000000,353.436717000,-6.845739000,94.757278000,0.249000000,,
2100_sunrise,2488145.645833333023,353.419410000,-6.846262000,94.503406000,0.249457000,,
2100_sunrise,2488145.666666666977,353.402218000,-6.846648000,94.249536000,0.249914000,,
2100_sunrise,2488145.687500000000,353.385140000,-6.846898000,93.995669000,0.250372000,,
2100_sunrise,2488145.708333333023,353.368178000,-6.847012000,93.741804000,0.250831000,,
2100_sunrise,2488145.729166666977,353.351331000,-6.846988000,93.487942000,0.251290000,,
2100_sunrise,2488145.750000000000,353.334600000,-6.846827000,93.234082000,0.251750000,,
2100_sunrise,2488145.770833333023,353.317985000,-6.846528000,92.980225000,0.252211000,,
2100_sunrise,2488145.791666666977,353.301489000,-6.846092000,92.726370000,0.252672000,,
2100_sunrise,2488145.812500000000,353.285110000,-6.845518000,92.472518000,0.253134000,,
2100_sunrise,2488145.833333333023,353.268850000,-6.844806000,92.218668000,0.253597000,,
2100_sunrise,2488145.854166666977,353.252709000,-6.843957000,91.964821000,0.254060000,,
2100_sunrise,2488145.875000000000,353.236687000,-6.842968000,91.710976000,0.254523000,,
2100_sunrise,2488145.895833333023,353.220786000,-6.841842000,91.457134000,0.254988000,,
2100_sunrise,2488145.916666666977,353.205006000,-6.840576000,91.203295000,0.255453000,,
2100_sunrise,2488145.937500000000,353.189348000,-6.839172000,90.949458000,0.255919000,,
2100_sunrise,2488145.958333333023,353.173811000,-6.837629000,90.695623000,0.256385000,,
2100_sunrise,2488145.979166666977,353.158397000,-6.835947000,90.441791000,0.256852000,,
2100_sunrise,2488146.000000000000,353.143107000,-6.834125000,90.187962000,0.257320000,,
2100_sunrise,2488146.020833333023,353.127940000,-6.832164000,89.934135000,0.257789000,,
2100_sunrise,2488146.041666666977,353.112897000,-6.830063000,89.680310000,0.258258000,,
2100_sunrise,2488146.062500000000,353.097980000,-6.827823000,89.426488000,0.258728000,,
2100_sunrise,2488146.083333333023,353.083188000,-6.825442000,89.172669000,0.259198000,,
2100_sunrise,2488146.104166666977,353.068522000,-6.822922000,88.918853000,0.259669000,,
2100_sunrise,2488146.125000000000,353.053983000,-6.820261000,88.665038000,0.260141000,,
2100_sunrise,2488146.145833333023,353.039571000,-6.817459000,88.411227000,0.260614000,,
2100_sunrise,2488146.166666666977,353.025287000,-6.814517000,88.157418000,0.261087000,,
2100_sunrise,2488146.187500000000,353.011132000,-6.811434000,87.903611000,0.261561000,,
2100_sunrise,2488146.208333333023,352.997105000,-6.808211000,87.649807000,0.262036000,,
2100_sunrise,2488146.229166666977,352.983208000,-6.804846000,87.396006000,0.262512000,,
2100_sunrise,2488146.250000000000,352.969442000,-6.801340000,87.142207000,0.262988000,,
2100_sunrise,2488146.270833333023,352.955805000,-6.797693000,86.888411000,0.263465000,,
2100_sunrise,2488146.291666666977,352.942301000,-6.793904000,86.634618000,0.263942000,,
2100_sunrise,2488146.312500000000,352.928928000,-6.789973000,86.380827000,0.264421000,,
2100_sunrise,2488146.333333333023,352.915687000,-6.785901000,86.127038000,0.264900000,,
2100_sunrise,2488146.354166666977,352.902580000,-6.781687000,85.873253000,0.265380000,,
2100_sunrise,2488146.375000000000,352.889606000,-6.777330000,85.619469000,0.265860000,,
2100_sunrise,2488146.395833333023,352.876766000,-6.772832000,85.365689000,0.266342000,,
2100_sunrise,2488146.416666666977,352.864062000,-6.768191000,85.111911000,0.266824000,,
2100_sunrise,2488146.437500000000,352.851492000,-6.763408000,84.858135000,0.267307000,,
2100_sunrise,2488146.458333333023,352.839058000,-6.758482000,84.604363000,0.267790000,,
2100_sunrise,2488146.479166666977,352.826760000,-6.753413000,84.350592000,0.268275000,,
2100_sunrise,2488146.500000000000,352.814600000,-6.748201000,84.096825000,0.268760000,,
73d,2488190.500000000000,6.952952000,2.766404000,267.883164000,1.319721000,393882.077499665,150640313.551607996
73d,2488263.500000000000,357.716038000,3.715323000,95.764532000,1.163961000,370786.077649386,152020606.615646005
73d,2488336.500000000000,355.966421000,-6.774817000,284.495079000,-0.671709000,402657.041350392,150223421.154241413
73d,2488409.500000000000,7.732075000,0.568929000,115.227355000,-1.498197000,384851.560788011,147306833.968881786
73d,2488482.500000000000,357.142966000,5.177661000,307.771297000,-0.005866000,371570.430095232,148041297.160115689
73d,2488555.500000000000,357.746039000,-5.955236000,138.016165000,1.515686000,405873.731930083,150382841.995574087
73d,2488628.500000000000,6.545179000,-1.380926000,326.374907000,0.732767000,373991.036257057,152354038.436466813
73d,2488701.500000000000,356.416568000,6.024614000,154.670341000,-1.036475000,372015.312147130,149770825.153095007
73d,2488774.500000000000,0.130968000,-4.579732000,345.771456000,-1.361797000,406259.347364279,147815302.677261114
73d,2488847.500000000000,3.886032000,-2.838386000,178.013950000,0.517596000,366473.196080621,147431019.099020988
73d,2488920.500000000000,354.460069000,6.473345000,8.470447000,1.542412000,375069.730709400,151036281.502669185
73d,2488993.500000000000,2.234319000,-2.875492000,196.712109000,0.285005000,405595.511001498,151688463.264770895
73d,2489066.500000000000,1.833734000,-4.171931000,25.054525000,-1.375023000,364815.073217993,150459688.876219988
73d,2489139.500000000000,353.796654000,6.651063000,216.201503000,-0.996959000,382245.563921797,147154291.074967206
73d,2489212.500000000000,4.140422000,-0.838722000,48.295870000,0.969486000,403411.802004518,148064749.493544906
73d,2489285.500000000000,359.694202000,-5.470842000,239.016316000,1.369741000,367813.896806182,150483964.580119014
73d,2489358.500000000000,353.649423000,6.237896000,66.912093000,-0.180892000,391858.149260550,152189080.094810605
73d,2489431.500000000000,6.171856000,1.468522000,255.638905000,-1.537776000,398774.786725660,149999650.331873298
73d,2489504.500000000000,359.112494000,-6.453713000,86.325744000,-0.558853000,370217.967161514,147454405.223237813
73d,2489577.500000000000,354.599670000,4.955116000,278.912794000,1.311771000,400239.803328623,147869557.318520814
73d,2489650.500000000000,6.784060000,3.620787000,109.134185000,1.108174000,389687.492794338,150580065.884598494
73d,2489723.500000000000,358.606690000,-6.730376000,297.538988000,-0.702847000,369661.734952835,152254847.991013288
73d,2489796.500000000000,356.633963000,3.026404000,125.750701000,-1.529872000,404486.492048851,149894407.251974910
73d,2489869.500000000000,6.905410000,5.151649000,316.934165000,-0.002265000,379874.747144729,147686591.948655307
73d,2489942.500000000000,357.397668000,-6.344948000,149.063404000,1.462537000,368712.569632959,147446419.684210092
73d,2490015.500000000000,358.491952000,0.880102000,339.695081000,0.726319000,406047.455406929,151025382.085069686
73d,2490088.500000000000,5.145064000,5.952473000,167.767482000,-1.116351000,371539.928146767,151726998.981763512
73d,2490161.500000000000,356.049289000,-5.664419000,356.262340000,-1.339984000,370227.536403130,150522700.243960500
73d,2490234.500000000000,0.757211000,-1.216188000,187.211480000,0.471776000,406466.571203444,147058572.886424214
73d,2490307.500000000000,2.726550000,6.411406000,19.471959000,1.525194000,367470.937144036,148106803.264299810
73d,2490380.500000000000,353.678999000,-4.795507000,210.108481000,0.242238000,377316.889847849,150333322.582369298
73d,2490453.500000000000,2.778700000,-3.254304000,38.115584000,-1.439332000,405071.871949805,152403237.811264485
73d,2490526.500000000000,1.701148000,6.644690000,226.744216000,-0.953431000,368187.491183614,149914713.639802396
73d,2490599.500000000000,353.105841000,-3.331525000,57.425793000,0.878674000,386323.971097932,147622893.243650585
73d,2490672.500000000000,4.786444000,-5.122700000,250.034717000,1.401047000,401981.888802865,147586138.699150503
73d,2490745.500000000000,0.454945000,6.351237000,80.260579000,-0.276269000,369873.409330918,150690145.888427913
73d,2490818.500000000000,353.661629000,-1.209997000,268.727580000,-1.538939000,395774.452078074,152114694.660581708
73d,2490891.500000000000,6.444828000,-6.377162000,96.866656000,-0.554662000,395409.751955302,150178333.893021703
73d,2490964.500000000000,0.293353000,5.305399000,288.059976000,1.262419000,369556.697749467,147573075.128313512
73d,2491037.500000000000,354.984009000,1.127821000,120.134087000,1.139567000,402540.516897363,147517567.205572397
73d,2491110.500000000000,6.536108000,-6.755064000,310.886796000,-0.808890000,385011.130072417,150833928.938617110
73d,2491183.500000000000,358.875105000,3.840105000,138.886626000,-1.473101000,366987.608645980,151799230.502508700
73d,2491256.500000000000,357.230186000,3.204120000,327.464002000,-0.050006000,405149.850752831,150534113.636428207
73d,2491329.500000000000,6.117523000,-6.424826000,158.241289000,1.473202000,376443.802164223,147142026.177658886
73d,2491402.500000000000,356.609242000,2.372115000,350.652278000,0.721734000,366229.136282360,148101346.202468514
73d,2491475.500000000000,359.142865000,4.814688000,181.154298000,-1.180036000,406448.149842070,150210675.585755706
73d,2491548.500000000000,4.412169000,-5.776284000,9.354493000,-1.277471000,371166.259630966,152440855.417575687
73d,2491621.500000000000,354.626610000,0.853050000,197.816982000,0.425033000,371136.547858577,149860279.126521200
73d,2491694.500000000000,1.552804000,6.035690000,28.608338000,1.583115000,406227.829108338,147834423.843374908
73d,2491767.500000000000,2.656085000,-4.894177000,221.085030000,0.183559000,370590.064486186,147443602.009828210
73d,2491840.500000000000,352.436816000,-0.923593000,51.404661000,-1.413589000,381161.288690921,150791581.493797213
73d,2491913.500000000000,3.726782000,6.742985000,239.871453000,-0.937203000,404208.046904044,151859846.688266307
73d,2491986.500000000000,2.095498000,-3.462763000,68.001245000,0.897719000,370688.864473586,150359929.965754807
73d,2492059.500000000000,352.699512000,-3.025846000,259.189553000,1.423539000,391092.884518323,147458158.788345486
73d,2492132.500000000000,5.428445000,6.628384000,91.201581000,-0.298109000,399040.954987390,147748987.469185114
73d,2492205.500000000000,1.234754000,-1.523760000,282.052819000,-1.518722000,369326.257278681,150656711.505005509
73d,2492278.500000000000,353.905873000,-4.880521000,109.989131000,-0.530134000,398957.722842593,151913520.668152094
73d,2492351.500000000000,6.722459000,5.633908000,298.644346000,1.301965000,391231.485612553,150362884.253940105
73d,2492424.500000000000,0.370547000,0.457147000,129.317455000,1.136800000,366483.832225946,147256332.264765412
73d,2492497.500000000000,355.805771000,-6.052933000,321.810022000,-0.792361000,403573.423449594,148045916.249464810
73d,2492570.500000000000,6.019046000,4.148386000,152.230620000,-1.462735000,381730.652704620,150268364.620442301
73d,2492643.500000000000,357.878569000,2.037854000,340.549031000,-0.005045000,363744.116651728,152430056.308323711
73d,2492716.500000000000,358.221020000,-6.539515000,168.864116000,1.507024000,405600.526446705,149835280.943241686
73d,2492789.500000000000,5.207182000,2.578562000,359.807010000,0.719667000,375377.933175551,147858105.597520292
73d,2492862.500000000000,354.800689000,3.371433000,192.134316000,-1.129831000,366340.655359172,147365112.025537312
73d,2492935.500000000000,0.212293000,-6.466953000,22.628407000,-1.306066000,406106.695835127,150936533.317193806
73d,2493008.500000000000,3.833530000,0.973897000,210.951847000,0.538969000,373393.111434830,151755704.165382087
73d,2493081.500000000000,353.121968000,4.803474000,39.173223000,1.536241000,374229.586268143,150499357.727013111
73d,2493154.500000000000,2.622523000,-5.763721000,230.266104000,0.256986000,405669.141386560,147229065.779194087
73d,2493227.500000000000,2.690376000,-0.890387000,62.343022000,-1.428074000,373075.218942151,147886650.203743786
73d,2493300.500000000000,352.134306000,6.103975000,253.207121000,-0.895306000,386268.415779062,150496261.617061406
73d,2493373.500000000000,4.363318000,-4.314840000,81.127020000,0.965367000,401970.695050045,152175036.419995397
73d,2493446.500000000000,2.607466000,-2.918462000,269.811768000,1.399760000,371054.544796547,150239452.927413702
73d,2493519.500000000000,353.193057000,6.768563000,100.372281000,-0.212876000,395284.119189838,147387258.684794605
73d,2493592.500000000000,5.607670000,-2.247101000,292.997168000,-1.554810000,395357.210942176,147805443.261764199
73d,2493665.500000000000,1.211354000,-4.550127000,123.341717000,-0.445316000,366242.500972777,150356983.321300685
73d,2493738.500000000000,355.036753000,6.559207000,311.758319000,1.331005000,400682.538541400,152376644.591514111
73d,2493811.500000000000,6.135923000,-0.114876000,139.948738000,1.135543000,387863.708479491,150003399.163585305
73d,2493884.500000000000,359.690278000,-5.578899000,330.950953000,-0.718738000,362150.689991611,147822369.069961488
73d,2493957.500000000000,357.022208000,5.664361000,163.180728000,-1.508806000,403900.781581485,147294491.266849190
73d,2494030.500000000000,4.951314000,1.671743000,353.847949000,0.110771000,380407.774665047,150907331.296682388
73d,2494103.500000000000,356.437606000,-6.159142000,182.053981000,1.464608000,362687.649754199,151731999.651881903
73d,2494176.500000000000,359.255025000,4.338143000,10.391012000,0.793688000,405015.204333345,150666680.770752907
73d,2494249.500000000000,4.332552000,3.279815000,201.291900000,-1.146448000,377015.410608844,147164942.802452594
73d,2494322.500000000000,353.455173000,-6.622520000,33.495097000,-1.273787000,369339.311042125,147957155.974028409
73d,2494395.500000000000,0.962321000,2.589758000,224.289660000,0.585497000,405665.712568173,150233631.700335085
73d,2494468.500000000000,3.699380000,4.823467000,52.333196000,1.532613000,375315.583522495,152330677.633286715
73d,2494541.500000000000,352.728250000,-6.689396000,240.928642000,0.283455000,379721.758457089,150146288.148995489
73d,2494614.500000000000,2.983638000,0.375730000,71.480451000,-1.434980000,404201.528971883,147675240.030381411
73d,2494687.500000000000,3.486793000,6.105763000,264.110689000,-0.861809000,373398.885541758,147610287.651140809
73d,2494760.500000000000,352.637040000,-5.965459000,94.425954000,0.976387000,390888.363059513,150429780.814630598
73d,2494833.500000000000,4.405560000,-1.990676000,282.985831000,1.402861000,399437.889685133,152145594.262545913
73d,2494906.500000000000,3.169884000,6.696602000,111.050964000,-0.221560000,368407.494577171,150189611.409568012
73d,2494979.500000000000,354.290161000,-4.456802000,302.114202000,-1.560851000,397588.924487471,147774024.279776007
73d,2495052.500000000000,4.994081000,-3.945454000,134.215598000,-0.425858000,392412.321693486,147420445.921637297
73d,2495125.500000000000,1.024786000,6.560300000,325.032325000,1.322740000,361640.008330103,150789662.214066595
73d,2495198.500000000000,355.975853000,-2.547256000,153.153408000,1.142021000,401206.466054073,151722385.777253687
73d,2495271.500000000000,5.321476000,-5.271968000,341.603871000,-0.765316000,385871.132230358,150656936.827705801
73d,2495344.500000000000,358.579671000,6.097022000,172.360047000,-1.461917000,359626.463231548,147184012.043493688
73d,2495417.500000000000,357.656465000,-0.543015000,4.670440000,0.049990000,403192.184753037,148055823.477747709
73d,2495490.500000000000,4.513619000,-6.088363000,195.363244000,1.511719000,381412.264838049,150128669.174452811
73d,2495563.500000000000,355.093709000,5.529756000,23.531032000,0.722270000,364446.948925642,152401081.521330386
73d,2495636.500000000000,359.643437000,1.558717000,212.003816000,-1.138380000,404779.923000627,149978734.404740900
73d,2495709.500000000000,4.588207000,-6.611615000,42.669424000,-1.283415000,378885.034541625,147837386.511155486
73d,2495782.500000000000,352.714162000,4.529723000,235.185262000,0.552541000,374943.030904744,147483295.364644915
73d,2495855.500000000000,1.144950000,3.688305000,65.586940000,1.555347000,404829.992317655,150657414.782802701
73d,2495928.500000000000,4.756616000,-6.619418000,254.119656000,0.182283000,375943.870122299,151951600.439686000
73d,2496001.500000000000,352.637017000,2.775764000,82.162761000,-1.387596000,384922.721470912,150328782.076750904
73d,2496074.500000000000,3.160763000,5.471544000,273.278776000,-0.919778000,402630.717184477,147554741.984439105
73d,2496147.500000000000,4.434598000,-5.861690000,105.289779000,0.980474000,370722.896256537,147576386.710081398
73d,2496220.500000000000,353.320186000,0.536147000,296.220305000,1.389645000,393415.984974528,150684608.880619407
73d,2496293.500000000000,4.222524000,6.463725000,124.226738000,-0.309530000,397123.887216248,151889284.237350494
73d,2496366.500000000000,3.419643000,-4.557728000,312.798902000,-1.514568000,363813.543617686,150565094.346500993
73d,2496439.500000000000,354.957150000,-1.634510000,143.396586000,-0.516460000,398164.474332388,147222292.469776005
73d,2496512.500000000000,4.709691000,6.630989000,335.865820000,1.373582000,390348.345879664,147973597.054854214
73d,2496585.500000000000,359.781883000,-3.254553000,166.456130000,1.044144000,358677.587807133,150122201.477334887
73d,2496658.500000000000,356.453058000,-3.488302000,354.730621000,-0.778316000,400543.304483574,152486424.091501206
73d,2496731.500000000000,5.269347000,6.277994000,183.074621000,-1.480515000,385888.848006449,149966883.155830592
73d,2496804.500000000000,356.613185000,-1.960890000,13.810380000,0.001300000,360051.636841262,147899775.138228089
73d,2496877.500000000000,358.054624000,-5.071295000,206.244411000,1.526788000,403130.905156932,147281487.074953407
73d,2496950.500000000000,4.991199000,5.574309000,36.797424000,0.630060000,382716.135707475,150778379.395029694
73d,2497023.500000000000,353.612001000,-0.415687000,225.223195000,-1.139590000,369136.189272362,151863250.111506313
73d,2497096.500000000000,0.048882000,-6.300206000,53.341766000,-1.327406000,404469.021984020,150592147.048169494
73d,2497169.500000000000,5.597440000,4.312199000,244.351691000,0.554525000,380072.503742923,147372113.131478995
73d,2497242.500000000000,352.161114000,1.577745000,76.400011000,1.516414000,380418.477181600,147665769.706650704
73d,2497315.500000000000,1.630965000,-6.856303000,267.385474000,0.128729000,403943.332522756,150417406.399906099
73d,2497388.500000000000,5.449773000,2.490280000,95.368920000,-1.415143000,373967.141464503,152088720.821863115
73d,2497461.500000000000,353.016454000,3.640835000,283.964847000,-0.941317000,388524.579875835,150503787.856127203
73d,2497534.500000000000,3.416964000,-6.463294000,114.435924000,0.976132000,400722.606796089,147430754.429937989
73d,2497607.500000000000,4.431749000,0.474433000,307.049047000,1.343630000,365880.115204221,147809646.627873600
73d,2497680.500000000000,353.990915000,5.193337000,137.518912000,-0.332690000,394383.799467786,150121601.487976909
73d,2497753.500000000000,4.380997000,-5.312758000,325.994047000,-1.563694000,395090.142415948,152397451.973300695
73d,2497826.500000000000,2.050638000,-1.190050000,154.155551000,-0.480798000,359580.567677507,150071483.801003397
73d,2497899.500000000000,355.765922000,6.144641000,344.971680000,1.330548000,397484.615510951,147964364.540287912
73d,2497972.500000000000,4.748351000,-3.838830000,177.288489000,1.042495000,390203.754718205,147222512.516298711
73d,2498045.500000000000,357.486268000,-2.424097000,7.970211000,-0.812326000,358026.495835998,150771961.655325890
73d,2498118.500000000000,357.165220000,6.590779000,196.339424000,-1.494671000,400531.292684253,151722006.375509709
73d,2498191.500000000000,5.399629000,-2.162295000,24.545973000,0.045938000,386749.171788720,150754846.698292106
73d,2498264.500000000000,354.632392000,-3.823868000,215.408781000,1.465996000,363882.158337812,147314181.026308507
73d,2498337.500000000000,358.634006000,6.508233000,47.545730000,0.682785000,403160.470435371,147858124.955623299
73d,2498410.500000000000,5.595234000,-0.214384000,238.487358000,-1.226840000,383774.947909767,150185985.485252589
73d,2498483.500000000000,352.828414000,-5.301339000,66.531515000,-1.255860000,374410.145723260,152197170.954144895
73d,2498556.500000000000,0.609520000,5.631657000,255.094673000,0.543704000,404369.818051655,150295833.986643106
73d,2498629.500000000000,6.129563000,1.937914000,85.553270000,1.519518000,378776.009581461,147665334.728945106
73d,2498702.500000000000,352.766239000,-6.393671000,278.149258000,0.151745000,384510.277259465,147693806.247875512
73d,2498775.500000000000,1.874521000,3.950617000,108.597826000,-1.470692000,402728.622533922,150282119.249265909
73d,2498848.500000000000,5.448226000,3.828613000,297.195091000,-0.849113000,369721.270379837,152222996.406483799
73d,2498921.500000000000,354.016318000,-6.712435000,125.218216000,0.941464000,390274.261547118,150160911.535667092
73d,2498994.500000000000,3.468144000,1.853497000,316.188205000,1.402148000,398984.841078532,147875931.987845391
73d,2499067.500000000000,3.172566000,5.047313000,148.308338000,-0.351442000,360755.561125317,147298447.854611009
73d,2499140.500000000000,355.072151000,-6.313564000,339.167333000,-1.573520000,393771.842757397,150756630.121731400
73d,2499213.500000000000,4.168288000,-0.180113000,167.412557000,-0.401014000,394750.541984853,151713573.630495489
73d,2499286.500000000000,0.127442000,5.784201000,355.730591000,1.294796000,356884.974713604,150777456.004984885
73d,2499359.500000000000,356.545381000,-5.462370000,186.468281000,1.124578000,397008.025694115,147225542.588189095
73d,2499432.500000000000,4.617445000,-2.049592000,18.719657000,-0.868590000,391096.404002901,147957419.392711401
73d,2499505.500000000000,355.819893000,6.361748000,209.588305000,-1.422275000,361021.467868876,150082659.738405585
73d,2499578.500000000000,357.530140000,-4.178971000,37.721145000,0.052504000,400414.231696714,152390127.446027905
73d,2499651.500000000000,5.744101000,-3.896935000,226.198315000,1.510288000,388049.105475411,150144594.545967788
73d,2499724.500000000000,353.916941000,6.761655000,56.676187000,0.705065000,369421.488679913,147782335.769946396
73d,2499797.500000000000,358.840013000,-2.280000000,249.259010000,-1.227443000,403556.155006341,147444020.486041903
73d,2499870.500000000000,6.194477000,-5.521870000,79.764620000,-1.208394000,382522.072893250,150478765.776836514
73d,2499943.500000000000,353.474241000,6.512943000,268.329837000,0.578962000,379143.966258418,152116045.695556790
73d,2500016.500000000000,0.587448000,0.053050000,96.340818000,1.553492000,404027.958822487,150400563.950038403
73d,2500089.500000000000,6.701423000,-6.509323000,287.330911000,0.161991000,374813.365818697,147693147.533983499
73d,2500162.500000000000,353.920440000,5.449059000,119.369153000,-1.440452000,386431.230028908,147352170.975666404
73d,2500235.500000000000,1.777121000,2.331814000,310.399286000,-0.822141000,401701.011475441,150608567.683478802
73d,2500308.500000000000,4.922962000,-6.673515000,138.489251000,0.996403000,364412.904528480,151835972.719343603
73d,2500381.500000000000,355.087214000,3.886220000,326.940873000,1.426892000,389816.865537720,150789540.459275395
73d,2500454.500000000000,3.210583000,4.126017000,157.483776000,-0.336548000,398590.897679166,147280388.489217997
73d,2500527.500000000000,1.701497000,-6.375486000,349.898546000,-1.525638000,357097.202260332,147907657.658875197
73d,2500600.500000000000,355.452883000,2.166963000,180.659406000,-0.395503000,393153.045768160,149961560.736679107
73d,2500673.500000000000,4.201691000,5.426835000,8.955824000,1.387925000,395085.069978675,152475557.134083688
73d,2500746.500000000000,358.529905000,-5.950923000,197.290722000,1.072602000,358178.444754931,150130320.218306810
73d,2500819.500000000000,356.436028000,0.239702000,27.817829000,-0.773549000,396716.151222533,147973937.125099391
73d,2500892.500000000000,5.344192000,6.362790000,220.334390000,-1.454696000,392306.671090932,147240084.583627403
73d,2500965.500000000000,354.975503000,-5.289596000,50.902247000,0.121174000,366081.420303869,150539887.486439288
73d,2501038.500000000000,357.383587000,-1.928107000,239.482239000,1.529969000,401326.639526065,151904574.694713801
73d,2501111.500000000000,6.746547000,6.767617000,67.509943000,0.689358000,387330.221988155,150657233.353183389
73d,2501184.500000000000,354.151742000,-3.901074000,258.415306000,-1.167187000,374864.018253782,147604534.964100510
73d,2501257.500000000000,358.709842000,-4.061347000,90.473357000,-1.246361000,404156.874839802,147541034.159753412
73d,2501330.500000000000,7.148691000,6.390766000,281.550961000,0.667020000,378713.739283343,150360516.904843092
73d,2501403.500000000000,354.111130000,-1.915904000,109.613356000,1.521649000,381624.087503670,151927159.494217008
73d,2501476.500000000000,0.665780000,-5.653082000,298.140620000,0.178486000,403946.140515567,150663991.528586805
73d,2501549.500000000000,6.726929000,5.301119000,128.538110000,-1.413827000,369097.154115491,147454765.751714110
73d,2501622.500000000000,354.598882000,0.190869000,321.068082000,-0.865042000,385713.358396318,147865113.077291191
73d,2501695.500000000000,1.923661000,-6.418920000,151.702084000,1.082997000,401663.054638922,149976374.104292214
73d,2501768.500000000000,3.785509000,4.020649000,340.194051000,1.344762000,359984.119150467,152411046.737296611
73d,2501841.500000000000,355.175966000,2.075673000,168.353856000,-0.276716000,388767.931843722,150114141.785559714
73d,2501914.500000000000,3.692617000,-6.552893000,359.040605000,-1.583368000,398695.399971923,148048879.166549414
73d,2501987.500000000000,359.753880000,2.857260000,191.380646000,-0.356462000,357558.183442620,147192592.951387912
73d,2502060.500000000000,355.131328000,3.770096000,22.086643000,1.376085000,392869.748852452,150652300.365578204
73d,2502133.500000000000,5.190279000,-6.193118000,210.600694000,1.041760000,395901.017602331,151734143.228742212
73d,2502206.500000000000,356.904750000,1.450213000,38.661703000,-0.761492000,362063.529282201,150775593.434748203
73d,2502279.500000000000,356.252228000,5.373251000,229.525823000,-1.487086000,398077.992360783,147427654.809419513
73d,2502352.500000000000,6.527791000,-5.247887000,61.612643000,0.146056000,391771.895884177,147746970.164740711
73d,2502425.500000000000,354.664778000,-0.396273000,252.684954000,1.500828000,371161.620762960,150222405.306705803
73d,2502498.500000000000,357.434665000,6.522940000,80.769965000,0.668012000,402708.192655998,152136080.747840911
73d,2502571.500000000000,7.761826000,-3.611158000,269.285275000,-1.194567000,384630.771739533,150463007.073742390
73d,2502644.500000000000,354.476476000,-2.471890000,99.628182000,-1.251400000,377886.921611599,147574081.250132710
73d,2502717.500000000000,359.125710000,6.813719000,292.223981000,0.661641000,404764.998947635,147676503.371510506
73d,2502790.500000000000,7.011916000,-1.614182000,122.807947000,1.488846000,373410.685885351,150126514.549415410
73d,2502863.500000000000,354.664299000,-4.238336000,311.375975000,0.150960000,381397.759839849,152360319.926929414
73d,2502936.500000000000,1.176393000,6.223481000,139.413464000,-1.454248000,404050.951387562,150226958.603780597
73d,2503009.500000000000,5.451112000,0.227760000,330.224181000,-0.847358000,363766.667323015,147975927.381902605
73d,2503082.500000000000,354.791121000,-5.447230000,162.403363000,1.026033000,384303.537970904,147150216.596807688
73d,2503155.500000000000,2.642384000,5.050639000,353.335393000,1.362855000,401583.454080199,150663869.511948198
73d,2503228.500000000000,1.583355000,1.597900000,181.664247000,-0.374323000,358911.898999556,151729873.854091913
73d,2503301.500000000000,355.174649000,-6.269850000,9.862602000,-1.560421000,387995.272336797,150904777.814514309
73d,2503374.500000000000,4.529196000,3.524707000,200.563489000,-0.396072000,399403.749599595,147312237.304110408
73d,2503447.500000000000,357.742691000,2.933569000,32.736635000,1.346530000,360738.363777593,147804672.969695985
73d,2503520.500000000000,355.168878000,-6.728357000,223.806159000,1.022792000,394525.752812457,150001878.301817507
73d,2503593.500000000000,5.975836000,1.626258000,51.955544000,-0.858719000,395477.184648808,152355636.768559903
73d,2503666.500000000000,356.150995000,4.509735000,240.412037000,-1.441625000,367075.965706818,150393467.910636604
73d,2503739.500000000000,356.400638000,-6.502654000,70.729588000,0.057708000,400164.670909425,147801324.780580491
73d,2503812.500000000000,7.270138000,-0.628862000,263.345806000,1.523064000,389490.818260173,147413128.585987389
73d,2503885.500000000000,355.025628000,5.861237000,93.921282000,0.595418000,374254.927541691,150193818.827718794
73d,2503958.500000000000,357.930309000,-5.375201000,282.573333000,-1.244758000,404080.603735666,152184861.219060600
73d,2504031.500000000000,7.661259000,-2.767985000,110.535316000,-1.224538000,380024.293406383,150474832.784610897
73d,2504104.500000000000,355.468924000,6.565246000,301.348068000,0.581338000,378123.796265373,147917950.022293806
73d,2504177.500000000000,359.641955000,-3.567092000,133.460514000,1.532362000,405199.805350343,147224259.320102215
73d,2504250.500000000000,5.808108000,-4.316646000,324.530854000,0.038848000,367956.175125225,150517913.019397914
73d,2504323.500000000000,355.260659000,6.566136000,152.757514000,-1.435793000,380204.395933540,151735876.523410201
73d,2504396.500000000000,1.698415000,-1.521608000,341.109020000,-0.882535000,403922.377366546,150939293.199667096
73d,2504469.500000000000,3.429275000,-5.297984000,171.581311000,1.007845000,360912.936918318,147362066.275686711
73d,2504542.500000000000,354.951805000,6.161539000,3.922769000,1.370810000,383244.220512103,147868657.410154492
73d,2504615.500000000000,3.167453000,0.508104000,194.850697000,-0.460739000,402261.864583418,149841728.298799098
73d,2504688.500000000000,359.847845000,-6.010478000,23.159852000,-1.521352000,360304.733919121,152402866.270687014
73d,2504761.500000000000,355.077168000,5.368087000,211.518513000,-0.435477000,389251.678800972,150267457.549709201
73d,2504834.500000000000,5.087685000,2.577404000,41.894090000,1.377711000,399492.785268394,148037497.828631699
73d,2504907.500000000000,357.289872000,-6.625260000,234.425102000,0.978210000,365593.315406520,147294061.459836692
73d,2504980.500000000000,355.007100000,3.979997000,65.040265000,-0.867716000,396915.719852682,150351348.243028015
73d,2505053.500000000000,6.650901000,4.557961000,253.738624000,-1.442343000,393961.832924201,151926465.113168001
73d,2505126.500000000000,356.640440000,-6.733573000,81.652740000,0.072815000,370864.837462647,150617896.517041296
73d,2505199.500000000000,356.516834000,1.890450000,272.500353000,1.533319000,402412.017999480,147766510.764955610
73d,2505272.500000000000,7.470154000,6.006674000,104.535852000,0.570216000,385111.167231434,147436394.466058314
73d,2505345.500000000000,356.209471000,-6.058454000,295.679623000,-1.250352000,374648.953169472,150392645.911806196
73d,2505418.500000000000,358.124584000,-0.466469000,123.865104000,-1.221588000,405205.731353470,151848640.182456702
73d,2505491.500000000000,7.247285000,6.619773000,312.287052000,0.625658000,374426.225218965,150806900.528292805
73d,2505564.500000000000,356.249588000,-4.834658000,142.646983000,1.512498000,376555.899568440,147419574.138972789
73d,2505637.500000000000,359.957122000,-2.591275000,335.114653000,0.062286000,405394.990032332,147841541.840132087
73d,2505710.500000000000,4.463296000,6.553051000,165.907370000,-1.453651000,364538.174102255,149862257.808822602
73d,2505783.500000000000,355.238478000,-3.447674000,354.374290000,-0.854293000,378654.057791881,152452739.896297604
73d,2505856.500000000000,2.113440000,-4.333189000,182.556429000,1.052676000,404553.983845751,150204369.122727990
73d,2505929.500000000000,1.991955000,6.261295000,13.081119000,1.344436000,361022.612342650,148085390.818868607
73d,2506002.500000000000,354.262783000,-1.886375000,205.481918000,-0.402927000,384178.317030527,147151475.736395389
73d,2506075.500000000000,3.883004000,-5.726462000,36.251801000,-1.578852000,402308.258213548,150526536.032852411
73d,2506148.500000000000,359.360549000,5.754507000,224.841877000,-0.324377000,364321.574473232,151825086.182807714
73d,2506221.500000000000,354.331020000,0.093437000,52.799760000,1.338714000,391567.131305997,150818046.316820711
73d,2506294.500000000000,6.140069000,-6.639368000,243.607066000,1.029731000,398597.646508859,147534074.317029089
73d,2506367.500000000000,357.714835000,4.677471000,75.627721000,-0.860470000,369592.670387376,147538937.872068405
73d,2506440.500000000000,354.835372000,2.355635000,266.867428000,-1.445572000,399774.342706949,150191204.863264203
73d,2506513.500000000000,7.319397000,-6.777148000,94.994484000,0.169230000,390250.998549198,152093288.978519887
73d,2506586.500000000000,357.560029000,2.934896000,283.450960000,1.503862000,372230.485969222,150733229.411330909
73d,2506659.500000000000,356.647434000,4.366343000,113.708539000,0.650617000,404419.749866056,147572731.573553711
73d,2506732.500000000000,7.547932000,-6.050798000,306.275349000,-1.275907000,379395.985199463,147633874.945604593
73d,2506805.500000000000,356.553327000,0.996506000,137.013967000,-1.169320000,373049.284162122,149883302.210165292
73d,2506878.500000000000,358.637923000,5.733125000,325.596940000,0.686005000,405900.311319211,152414425.801685899
73d,2506951.500000000000,6.393861000,-4.862126000,153.634100000,1.495757000,369994.085435268,150332334.492140710
73d,2507024.500000000000,355.870604000,-0.796864000,344.236570000,0.154358000,374078.580823333,148123527.674459785
73d,2507097.500000000000,0.758028000,6.419112000,176.504443000,-1.505397000,406047.135223768,147052214.142871499
73d,2507170.500000000000,3.067086000,-3.681939000,7.462441000,-0.748363000,363957.488670518,150515966.209018707
73d,2507243.500000000000,354.184856000,-2.404851000,195.934642000,1.045423000,378940.578315898,151729894.594751805
73d,2507316.500000000000,3.178747000,6.567679000,24.030797000,1.403400000,404490.329984486,151018562.244914293
73d,2507389.500000000000,0.912052000,-2.319426000,214.640678000,-0.397443000,364441.665266890,147472672.750725299
73d,2507462.500000000000,353.261331000,-4.110284000,46.759254000,-1.552030000,386824.669844041,147676115.279330701
73d,2507535.500000000000,5.147957000,6.105115000,237.966586000,-0.270442000,401425.904227085,149902104.643543899
73d,2507608.500000000000,359.074978000,-0.565279000,66.149215000,1.360356000,367955.123508119,152212084.832713991
73d,2507681.500000000000,354.081102000,-5.693974000,254.617642000,1.056275000,395330.588481817,150593310.007092088
73d,2507754.500000000000,7.036759000,4.850141000,84.795665000,-0.853760000,395542.313003181,147864086.745305985
73d,2507827.500000000000,358.289039000,1.510563000,277.401952000,-1.419329000,370967.907392930,147503057.890876412
73d,2507900.500000000000,355.199989000,-6.616276000,108.081233000,0.195749000,402577.003244500,149974905.263409704
73d,2507973.500000000000,7.526562000,2.984970000,296.813870000,1.533514000,385371.718491920,152194261.982556611
73d,2508046.500000000000,357.768881000,3.359977000,124.741100000,0.643355000,370889.259954233,150450574.707689792
73d,2508119.500000000000,357.533383000,-6.666655000,315.412411000,-1.263782000,405688.159920446,148081671.782490313
73d,2508192.500000000000,6.553788000,1.046139000,147.550548000,-1.144178000,374793.121165341,147150308.537519604
73d,2508265.500000000000,356.089527000,4.668157000,338.632706000,0.684814000,370199.147226655,150472036.354503214
73d,2508338.500000000000,359.708550000,-5.991716000,167.027030000,1.539953000,406547.333000885,151679476.021613002
73d,2508411.500000000000,4.760420000,-0.624288000,355.242465000,0.097229000,367974.081030596,151037087.353331298
73d,2508484.500000000000,354.906228000,5.671323000,185.703359000,-1.434553000,373281.988820792,147430940.972295612
73d,2508557.500000000000,1.885858000,-4.837055000,17.962946000,-0.809060000,405908.981104249,147816892.919867903
73d,2508630.500000000000,1.710087000,-2.084851000,209.030012000,1.111653000,366510.453817151,149795351.119919002
73d,2508703.500000000000,353.373123000,6.470719000,37.349969000,1.357519000,381168.007929177,152335737.590431809
73d,2508776.500000000000,4.215193000,-3.182775000,225.704264000,-0.406515000,404021.565556092,150384366.265984297
73d,2508849.500000000000,0.328880000,-3.737777000,55.949657000,-1.526750000,368072.849336853,148007571.182839215
73d,2508922.500000000000,353.162826000,6.829618000,248.518099000,-0.315491000,391287.262930604,147332324.989350587
73d,2508995.500000000000,5.729591000,-1.032437000,79.212000000,1.417825000,398904.523171015,150216920.210328192
73d,2509068.500000000000,359.550685000,-5.305579000,267.976090000,0.972505000,369675.613488488,152053408.818037808
73d,2509141.500000000000,354.498617000,6.336377000,95.830000000,-0.823209000,399003.259219962,150614109.907168388
73d,2509214.500000000000,7.141754000,1.298101000,286.592306000,-1.443500000,391442.370851545,147873868.876783997
73d,2509287.500000000000,358.862426000,-6.279635000,118.609681000,0.178920000,369404.608128002,147240147.543823808
73d,2509360.500000000000,356.167970000,4.985306000,309.842390000,1.568466000,404141.017404234,150366383.163893193
73d,2509433.500000000000,6.581054000,3.223022000,138.113038000,0.540630000,381093.458126807,151818669.341778904
73d,2509506.500000000000,357.954102000,-6.572478000,326.420917000,-1.211266000,367733.957592997,151014795.659877807
73d,2509579.500000000000,358.491255000,3.188655000,156.748584000,-1.226015000,406234.629757760,147443866.063342810
73d,2509652.500000000000,4.966440000,4.551539000,349.129628000,0.725944000,372221.134781358,147767663.522910804
73d,2509725.500000000000,355.444719000,-6.464575000,180.128139000,1.479122000,369119.609634397,149719144.591777802
73d,2509798.500000000000,0.496160000,1.215459000,8.573249000,0.066301000,406220.708150983,152467020.824230701
73d,2509871.500000000000,3.466910000,5.557001000,196.768292000,-1.446083000,368991.107644651,150360704.972628802
73d,2509944.500000000000,354.053755000,-6.106498000,27.107205000,-0.856160000,374952.961952900,148128503.494256496
73d,2510017.500000000000,2.568467000,-0.919399000,219.564800000,1.128683000,405683.452043045,147090843.576879710
73d,2510090.500000000000,1.442271000,6.378213000,50.403457000,1.287953000,369442.011958441,150312256.989496112
73d,2510163.500000000000,353.025529000,-5.231282000,239.104988000,-0.432330000,385631.672915122,151913420.652531594
73d,2510236.500000000000,4.642390000,-3.125461000,66.992901000,-1.564025000,402405.210331343,150908890.424912691
73d,2510309.500000000000,1.157343000,6.780766000,257.689462000,-0.324068000,370444.652544854,147741640.291494012
73d,2510382.500000000000,353.304489000,-3.575556000,89.685136000,1.384518000,395556.544262596,147361318.520228803
73d,2510455.500000000000,5.881504000,-5.045202000,281.033517000,0.925146000,395503.210122756,150093116.643383086
73d,2510528.500000000000,0.413042000,6.440276000,109.229105000,-0.870659000,368667.919264123,151943509.742737889
73d,2510601.500000000000,355.114957000,-1.369109000,297.634486000,-1.473872000,401406.620078446,150951549.239308715
73d,2510674.500000000000,6.665378000,-6.195479000,127.785078000,0.176251000,387091.316172750,147643288.517258406
73d,2510747.500000000000,359.320205000,5.479405000,320.299788000,1.516861000,365787.944130402,147677730.009875208
73d,2510820.500000000000,356.807305000,0.865229000,151.191483000,0.527868000,404937.874179548,149685857.389375210
73d,2510893.500000000000,5.726721000,-6.553205000,339.808379000,-1.291111000,377867.308396925,152394224.235700190
73d,2510966.500000000000,357.371778000,4.342126000,167.877888000,-1.188338000,365534.157070776,150395679.863696814
73d,2511039.500000000000,359.093484000,2.871717000,358.278922000,0.669712000,406007.335325192,148248212.213736892
73d,2511112.500000000000,4.206269000,-6.489725000,190.613109000,1.470587000,372573.220428127,147023565.072978288
73d,2511185.500000000000,354.149398000,3.182623000,21.576004000,0.036639000,370300.841447016,150361643.002258688
73d,2511258.500000000000,1.129441000,4.636589000,210.211491000,-1.504696000,406253.936984776,151712366.677308589
73d,2511331.500000000000,3.333476000,-6.135965000,38.200545000,-0.800160000,371176.223538057,151058915.212298095
73d,2511404.500000000000,352.926871000,1.528497000,228.759719000,1.049957000,379290.813085290,147646936.192142189
73d,2511477.500000000000,3.208184000,6.068853000,60.829117000,1.333751000,404625.961208045,147598229.315318406
73d,2511550.500000000000,2.324980000,-5.277449000,252.133658000,-0.523942000,371609.319631981,149899734.296700090
73d,2511623.500000000000,352.571756000,-0.614907000,80.368802000,-1.537596000,390150.353238404,152071983.050210714
73d,2511696.500000000000,5.250009000,6.810457000,268.795951000,-0.311368000,400040.799463949,150719229.273972899
73d,2511769.500000000000,2.067944000,-3.751118000,98.873922000,1.349660000,369998.341938285,147824065.112318307
73d,2511842.500000000000,353.681554000,-2.847992000,291.451065000,0.971563000,398533.091538802,147568862.035660088
73d,2511915.500000000000,5.896648000,6.628381000,122.236805000,-0.961109000,391624.907169013,149840240.092481285
73d,2511988.500000000000,0.691031000,-1.925397000,311.016249000,-1.407766000,365388.044339782,152286085.105011791
73d,2512061.500000000000,355.695360000,-4.639183000,138.930137000,0.150872000,402814.639874466,150456915.575449914
73d,2512134.500000000000,6.317242000,5.737455000,329.482299000,1.542227000,383362.418249773,148178828.288943499
73d,2512207.500000000000,358.274104000,-0.281336000,161.653945000,0.524198000,362620.825691850,147036904.172419190
73d,2512280.500000000000,357.586722000,-5.827369000,352.763867000,-1.335182000,404858.595255853,150396327.507078886
73d,2512353.500000000000,5.188583000,4.570370000,181.300502000,-1.118931000,377349.869592781,151680600.493712306
73d,2512426.500000000000,355.601963000,1.204615000,9.369159000,0.631544000,365017.661145130,151139911.263011187
73d,2512499.500000000000,0.028754000,-6.516848000,199.818756000,1.534699000,406057.190272936,147506702.544671297
73d,2512572.500000000000,3.897219000,3.244214000,31.986204000,-0.007891000,374621.768187210,147699973.100389689
73d,2512645.500000000000,352.635104000,2.793921000,223.235708000,-1.472313000,374265.048202788,149756758.290119797
73d,2512718.500000000000,2.022161000,-6.643774000,51.565561000,-0.786126000,405402.393135987,152308945.909570605
73d,2512791.500000000000,3.632565000,1.486625000,239.893992000,1.089018000,373683.730266055,150590186.340342492
73d,2512864.500000000000,352.195892000,4.566679000,69.993445000,1.345029000,384448.893835257,147968778.699310303
73d,2512937.500000000000,4.018080000,-5.954070000,262.564634000,-0.525889000,402692.568008773,147291587.458515614
73d,2513010.500000000000,2.794559000,-0.591916000,93.376746000,-1.514821000,371186.730321244,149982171.664714098
73d,2513083.500000000000,352.999371000,5.983625000,282.189382000,-0.279021000,393990.776876632,152174421.420193195
73d,2513156.500000000000,5.517465000,-4.454224000,110.016989000,1.390886000,396781.091946519,150702103.404749513
73d,2513229.500000000000,2.285308000,-2.569820000,300.647841000,0.974778000,366780.763999420,148069562.358128399
73d,2513302.500000000000,354.631133000,6.605814000,132.676880000,-0.928882000,400330.372452365,147073284.360953391
73d,2513375.500000000000,5.585424000,-2.543822000,324.001879000,-1.399950000,388235.104257960,150258231.575890601
73d,2513448.500000000000,359.631369000,-3.957824000,152.382014000,0.215749000,361725.144241335,151725880.088739514
73d,2513521.500000000000,356.882965000,6.501613000,340.588462000,1.574371000,402904.519581811,151191700.374312311
73d,2513594.500000000000,5.498865000,-0.677904000,170.854704000,0.527918000,382142.785769943,147544704.123437494
73d,2513667.500000000000,356.419517000,-4.972981000,3.132827000,-1.271175000,361094.430441461,147714814.751192003
73d,2513740.500000000000,358.687766000,5.853883000,194.315824000,-1.139121000,404830.648080030,149575033.310942203
73d,2513813.500000000000,4.490349000,1.048945000,22.770679000,0.749906000,378434.711756157,152398826.199677199
73d,2513886.500000000000,354.040671000,-5.940929000,211.007174000,1.486290000,367903.082642422,150532160.522958487
73d,2513959.500000000000,0.870162000,4.656357000,41.143378000,0.080602000,405379.603555149,148217362.505528003
73d,2514032.500000000000,3.964224000,2.872429000,233.638055000,-1.489859000,377081.628164434,147113303.966316491
73d,2514105.500000000000,352.081868000,-6.697275000,64.515279000,-0.739515000,379624.405413341,150063868.346160203
73d,2514178.500000000000,2.615896000,2.820495000,253.336270000,1.155673000,404178.037952940,151915624.300476700
73d,2514251.500000000000,4.009022000,4.647664000,81.181489000,1.316275000,373877.683180470,150913213.779096514
73d,2514324.500000000000,352.759693000,-6.775799000,271.753953000,-0.444761000,389431.173080651,147977437.343541712
73d,2514397.500000000000,4.072947000,0.524709000,103.755540000,-1.550929000,400126.056670272,147283452.110036492
73d,2514470.500000000000,3.186188000,5.918941000,295.166314000,-0.198866000,367858.183552491,150077360.565116286
73d,2514543.500000000000,354.038035000,-5.975503000,123.468471000,1.405631000,396457.448870835,151793707.883471787
73d,2514616.500000000000,5.146908000,-1.708189000,311.821842000,0.973581000,393876.481026440,151070635.204170913
73d,2514689.500000000000,1.850009000,6.457414000,141.899936000,-0.872168000,362094.160354929,147653221.309691012
73d,2514762.500000000000,355.838902000,-4.567948000,334.330964000,-1.454995000,400300.055991047,147714771.271274507
73d,2514835.500000000000,4.737563000,-3.442874000,165.355110000,0.318670000,387114.544213730,149570832.255745798
73d,2514908.500000000000,358.371169000,6.519394000,353.986894000,1.521478000,359094.407601969,152391090.156270504
73d,2514981.500000000000,357.726684000,-2.867383000,182.081895000,0.580204000,402620.683590835,150455276.225327909
73d,2515054.500000000000,4.812597000,-4.828057000,12.332863000,-1.297029000,382663.529036809,148311145.850090414
73d,2515127.500000000000,354.978800000,6.453046000,204.716319000,-1.110216000,363475.412266527,147025502.405420005
73d,2515200.500000000000,359.091885000,-0.917282000,35.685227000,0.765561000,404238.660545877,150237074.816534400
73d,2515273.500000000000,4.701689000,-5.971527000,224.472621000,1.477491000,380334.424596623,151751836.817390889
73d,2515346.500000000000,353.255201000,6.000438000,52.331381000,0.089822000,372945.376782295,151055258.679221988
73d,2515419.500000000000,1.131843000,1.343849000,242.860878000,-1.502424000,404917.652144236,147757238.885180801
73d,2515492.500000000000,4.824000000,-6.707473000,74.890721000,-0.719370000,377401.747301239,147454187.840026885
73d,2515565.500000000000,352.479890000,4.809288000,266.299906000,1.157136000,384783.431894407,149930058.189228207
73d,2515638.500000000000,2.558291000,3.575569000,94.620796000,1.307053000,402644.898534007,152025940.506824613
73d,2515711.500000000000,4.996327000,-6.703432000,282.974331000,-0.471531000,371398.764315956,150923738.927683502
73d,2515784.500000000000,353.547488000,2.933281000,112.966848000,-1.543220000,392474.292220962,147764434.287882388
73d,2515857.500000000000,3.818802000,5.276926000,305.509462000,-0.201256000,397769.959943556,147531730.247362912
73d,2515930.500000000000,3.150488000,-5.988073000,136.438436000,1.393848000,363051.405327641,149648549.285273403
73d,2516003.500000000000,354.882755000,0.795827000,325.210434000,0.971622000,396680.799416751,152376632.298999906
73d,2516076.500000000000,4.704957000,6.203046000,153.125217000,-0.929444000,392353.307506400,150551780.634855211
73d,2516149.500000000000,0.866312000,-4.998391000,343.518386000,-1.412426000,358114.129307410,148303324.324621797
73d,2516222.500000000000,356.310435000,-1.238329000,175.723978000,0.253233000,399760.629088967,146931911.272924215
73d,2516295.500000000000,4.602439000,6.531055000,6.908889000,1.564493000,387176.737466367,150257362.078759611
73d,2516368.500000000000,356.742473000,-4.057754000,195.571551000,0.486485000,360251.799182398,151690807.200257093
73d,2516441.500000000000,357.934708000,-3.176754000,23.521012000,-1.285329000,401997.033081385,151250603.519265801
73d,2516514.500000000000,5.333441000,6.467267000,213.936372000,-1.127881000,384344.520139685,147645618.771535903
73d,2516587.500000000000,353.592415000,-2.798650000,45.986837000,0.716424000,368402.629044487,147545029.930459499
73d,2516660.500000000000,359.337326000,-4.994653000,237.429462000,1.495191000,404324.573958504,149654240.622365385
73d,2516733.500000000000,5.659069000,5.872281000,65.797978000,-0.022982000,380610.679483411,152209133.122000486
73d,2516806.500000000000,352.872433000,-0.875807000,254.113203000,-1.465104000,378548.162911713,150846615.229611605
73d,2516879.500000000000,1.326162000,-6.325150000,84.079391000,-0.787204000,404282.522630266,148033097.550363511
73d,2516952.500000000000,5.958930000,4.553327000,276.626359000,1.160442000,375087.729520079,147321896.912526011
73d,2517025.500000000000,352.835721000,1.349394000,107.541909000,1.272078000,388035.152892404,149700532.085918099
73d,2517098.500000000000,2.780189000,-6.805971000,296.419629000,-0.557918000,401074.657661196,152181383.858279407
73d,2517171.500000000000,5.104125000,2.815698000,124.244092000,-1.506181000,366864.420580741,150733011.577097088
73d,2517244.500000000000,354.261142000,3.364063000,314.678532000,-0.296558000,393104.742464166,148289497.394130498
73d,2517317.500000000000,3.882596000,-6.414901000,146.754026000,1.435475000,396262.003363079,147001563.945564985
73d,2517390.500000000000,1.877173000,1.207797000,338.114254000,0.876734000,358638.787692674,150177255.929081291
73d,2517463.500000000000,355.359700000,4.875405000,166.634470000,-0.949047000,396385.127476348,151632124.992362112
73d,2517536.500000000000,4.911575000,-5.495342000,354.782324000,-1.434267000,391667.065924309,151293241.419251710
73d,2517609.500000000000,358.638866000,-0.207472000,184.979467000,0.219169000,357436.831132249,147650782.384219199
73d,2517682.500000000000,356.702246000,5.993638000,17.165679000,1.571919000,399236.310346843,147680895.404172003
73d,2517755.500000000000,5.182476000,-4.269845000,208.499556000,0.401741000,388504.524622680,149489709.248130500
73d,2517828.500000000000,354.779584000,-1.652676000,36.956520000,-1.277153000,363779.635010507,152282005.276630789
73d,2517901.500000000000,358.425340000,6.683573000,225.243951000,-1.161183000,402448.872195010,150650697.181914210
73d,2517974.500000000000,6.055344000,-2.595152000,55.223142000,0.727470000,385135.204593263,148258702.867722988
73d,2518047.500000000000,352.865864000,-3.435161000,247.725603000,1.460997000,374163.258134769,147207807.885057807
73d,2518120.500000000000,359.746033000,6.667171000,78.653217000,-0.053901000,404299.220201613,149902780.048984498
73d,2518193.500000000000,6.413613000,-0.487589000,267.583658000,-1.492341000,378999.148173851,151960426.122109890
73d,2518266.500000000000,353.038462000,-5.122259000,95.357266000,-0.777116000,382661.044970410,150855516.276478887
73d,2518339.500000000000,1.774649000,5.721558000,285.834048000,1.160090000,403436.638750066,148113031.983045012
73d,2518412.500000000000,5.888724000,1.628112000,117.834163000,1.239819000,370471.006525913,147163159.537683487
73d,2518485.500000000000,353.737799000,-6.189721000,309.264098000,-0.567661000,388927.257066735,150090234.513369411
73d,2518558.500000000000,2.984569000,4.083546000,137.722755000,-1.542059000,399926.481111178,151740288.592730790
73d,2518631.500000000000,3.970635000,3.250717000,325.966897000,-0.245175000,361696.733188779,151223909.345921308
73d,2518704.500000000000,355.161421000,-6.565445000,156.009831000,1.397838000,392672.407959591,147654861.822668910
73d,2518777.500000000000,3.955666000,2.215525000,348.384161000,0.898558000,395602.053878744,147673949.389985114
73d,2518850.500000000000,359.623444000,4.291013000,179.549285000,-0.982569000,356994.733468634,149458681.592507601
73d,2518923.500000000000,356.043839000,-6.427971000,8.183927000,-1.438747000,395715.551682130,152395558.606409311
73d,2518996.500000000000,5.032523000,0.297214000,196.291717000,0.278088000,392598.800152139,150572201.564487189
73d,2519069.500000000000,356.525945000,5.320341000,26.370246000,1.513963000,359660.237623812,148336182.460544705
73d,2519142.500000000000,357.177815000,-5.800661000,218.798198000,0.465692000,399769.570222786,146998508.182442009
73d,2519215.500000000000,5.562978000,-1.706757000,49.827414000,-1.358523000,389191.159505424,150071284.601519704
73d,2519288.500000000000,354.080801000,6.304115000,238.722326000,-1.076689000,369134.906151983,151851721.545497090
73d,2519361.500000000000,358.680067000,-4.470808000,66.490763000,0.711889000,402847.195221346,151114507.142268091
73d,2519434.500000000000,6.733602000,-3.744948000,256.961084000,1.479059000,384371.625783172,147913445.740471512
73d,2519507.500000000000,353.349478000,6.810167000,88.904898000,-0.024680000,378835.754932006,147248645.737324089
73d,2519580.500000000000,0.004060000,-2.432536000,280.455501000,-1.538271000,404097.652388685,149855756.530928105
73d,2519653.500000000000,6.491463000,-5.353757000,108.859893000,-0.677973000,374939.737455849,151927716.880754799
73d,2519726.500000000000,354.239054000,6.512965000,297.128324000,1.134959000,384577.858639903,151182516.984369010
73d,2519799.500000000000,1.777493000,-0.136022000,127.074015000,1.299809000,402722.150908899,147820649.951517195
73d,2519872.500000000000,5.175588000,-6.211698000,319.532084000,-0.575528000,364565.881244682,147527766.457912087
73d,2519945.500000000000,354.765741000,5.540770000,150.634038000,-1.532335000,388554.536790866,149423930.870703608
73d,2520018.500000000000,2.896920000,1.958118000,339.434697000,-0.169239000,399343.126782012,152370314.164388895
73d,2520091.500000000000,2.371863000,-6.472345000,167.365305000,1.377983000,358237.520907512,150643659.643263012
73d,2520164.500000000000,355.783086000,4.224968000,357.556495000,0.988197000,391474.665514815,148446412.660418987
73d,2520237.500000000000,3.985093000,3.713330000,189.806916000,-1.027235000,396521.390844026,146886440.495142907
73d,2520310.500000000000,357.923845000,-6.547425000,21.016298000,-1.359189000,358377.231537739,150085804.822429299
73d,2520383.500000000000,356.128173000,2.636531000,209.817122000,0.297153000,396097.787866293,151676825.381318390
73d,2520456.500000000000,5.427822000,5.244528000,37.706526000,1.566062000,393218.605769708,151316934.096824199
73d,2520529.500000000000,355.729500000,-6.389872000,228.033713000,0.480055000,364897.138731125,147851455.038947701
73d,2520602.500000000000,356.971517000,0.589935000,60.008366000,-1.332541000,400691.717622656,147457516.402495086
73d,2520675.500000000000,6.529842000,6.412843000,251.584525000,-1.033919000,388390.786558468,149586402.779877007
73d,2520748.500000000000,354.359330000,-5.612025000,79.974110000,0.753067000,373971.768272674,152022812.543508112
73d,2520821.500000000000,358.629134000,-1.761967000,268.321527000,1.512429000,403714.967616294,150997303.799143195
73d,2520894.500000000000,7.476422000,6.833754000,98.161072000,-0.015612000,380750.197157213,148074680.542881489
73d,2520967.500000000000,354.454753000,-4.078596000,290.654516000,-1.508842000,380964.495362870,147437902.751661897
73d,2521040.500000000000,359.921146000,-3.877252000,121.703896000,-0.655557000,404233.327158279,149525962.487428993
73d,2521113.500000000000,6.482284000,6.435828000,310.631998000,1.191160000,369231.941074663,152198182.080733508
73d,2521186.500000000000,354.993640000,-2.190714000,138.469653000,1.300675000,384425.650151796,150708647.892387509
73d,2521259.500000000000,1.834133000,-5.377859000,328.749291000,-0.554918000,402427.805194085,148419427.705190688
73d,2521332.500000000000,3.968923000,5.594499000,160.853602000,-1.493330000,360145.481045217,146939310.774454087
73d,2521405.500000000000,354.884447000,-0.325106000,352.199485000,-0.182567000,387089.225790539,150110375.847366393
73d,2521478.500000000000,3.257166000,-6.233959000,180.891770000,1.464938000,400003.551216137,151599209.717042089
73d,2521551.500000000000,0.716820000,4.694954000,8.915386000,0.923322000,357757.621938662,151367926.092681795
73d,2521624.500000000000,355.408023000,1.567363000,199.083409000,-0.941918000,391346.378331238,147740763.813958496
73d,2521697.500000000000,4.829733000,-6.615250000,31.217463000,-1.408434000,397150.023439765,147612754.205019891
73d,2521770.500000000000,356.835433000,3.672307000,222.660379000,0.363685000,363003.787251754,149471583.784642190
73d,2521843.500000000000,355.685244000,3.515807000,51.159403000,1.561704000,397209.993833831,152211016.347815305
73d,2521916.500000000000,6.677497000,-6.412736000,239.442111000,0.454158000,392936.334164138,150790516.229803413
73d,2521989.500000000000,355.392557000,2.025742000,69.265202000,-1.274333000,370108.881222305,148205717.522666812
73d,2522062.500000000000,356.924243000,5.313271000,261.808321000,-1.085464000,402482.738840816,147224069.874490201
73d,2522135.500000000000,7.467943000,-5.446661000,92.808370000,0.829708000,384979.747902074,149735046.599133015
73d,2522208.500000000000,354.902513000,-0.096323000,281.812883000,1.468443000,376530.550084275,152090756.056865185
73d,2522281.500000000000,358.784335000,6.439992000,109.562690000,-0.009044000,404755.184371544,150893212.383052200
73d,2522354.500000000000,7.788873000,-3.838906000,299.924588000,-1.495001000,375274.010621981,148257415.420907408
73d,2522427.500000000000,354.939415000,-2.141771000,131.910358000,-0.691090000,380558.097800418,146982911.730557412
73d,2522500.500000000000,0.422148000,6.676723000,323.408385000,1.259116000,404295.605160472,150009942.349265814
73d,2522573.500000000000,5.342932000,-2.173724000,151.993363000,1.210270000,364576.268463085,151680683.685572088
73d,2522646.500000000000,355.076548000,-3.797250000,340.098779000,-0.503734000,382670.599743531,151409819.025850087
73d,2522719.500000000000,2.557989000,6.231655000,170.129483000,-1.553024000,402778.179172723,147734413.769345611
73d,2522792.500000000000,1.864078000,-0.744440000,2.375898000,-0.154556000,358759.881939150,147606241.993265986
73d,2522865.500000000000,354.500736000,-5.111331000,193.741056000,1.442947000,386934.203710572,149324695.980024397
73d,2522938.500000000000,4.231363000,5.307047000,22.408738000,0.890763000,400140.735493467,152357569.138168395
73d,2523011.500000000000,358.879529000,0.728935000,210.513338000,-0.954704000,360886.309593142,150750471.346280098
73d,2523084.500000000000,355.080415000,-6.224108000,40.433732000,-1.437101000,392584.923408144,148399403.810305804
73d,2523157.500000000000,6.008678000,3.860733000,232.867648000,0.375111000,397058.367350668,146981188.999873996
73d,2523230.500000000000,356.077061000,2.446204000,63.953286000,1.519365000,367716.005136736,149813369.336867213
73d,2523303.500000000000,355.846478000,-6.831422000,252.979188000,0.422320000,399663.475293751,151888321.199740410
73d,2523376.500000000000,7.434412000,1.866518000,80.700908000,-1.315837000,390476.051269337,151170908.936905801
73d,2523449.500000000000,355.742518000,4.271161000,271.056401000,-1.092684000,373447.670013542,148171369.087827593
73d,2523522.500000000000,357.337497000,-6.549411000,102.964944000,0.800416000,404273.225508347,147138719.652350903
73d,2523595.500000000000,7.523726000,-0.372743000,294.610002000,1.436971000,379937.632198252,149774671.055929989
73d,2523668.500000000000,355.407200000,5.612163000,123.092821000,-0.059225000,376628.511934470,151744773.687697202
73d,2523741.500000000000,359.502875000,-5.405990000,311.328415000,-1.539868000,405312.417734601,151338484.453707486
73d,2523814.500000000000,6.634798000,-2.276122000,141.182931000,-0.677353000,369907.138142526,147894053.523043692
73d,2523887.500000000000,355.349906000,6.308911000,333.525913000,1.190291000,378423.211627122,147582534.977319807
73d,2523960.500000000000,1.179635000,-3.759599000,164.813560000,1.222673000,404678.901882929,149267106.101219386
73d,2524033.500000000000,3.312514000,-3.574161000,353.615821000,-0.605656000,361921.355390415,152324240.984459311
73d,2524106.500000000000,355.080733000,6.556753000,181.621561000,-1.525119000,381935.751557800,150712306.828310192
73d,2524179.500000000000,3.275157000,-1.886311000,11.631175000,-0.204459000,402880.099932894,148554882.528086692
73d,2524252.500000000000,359.955432000,-4.680316000,203.905915000,1.418020000,360925.907527608,146906095.401474297
73d,2524325.500000000000,354.297011000,6.463249000,35.137450000,0.878649000,388301.790115330,149926789.121557891
73d,2524398.500000000000,4.991931000,0.197909000,224.076964000,-1.052348000,400215.702075163,151664218.723311096
73d,2524471.500000000000,357.998424000,-5.818021000,51.882094000,-1.378014000,364932.550668973,151302366.569720685
73d,2524544.500000000000,355.082318000,5.715453000,242.152108000,0.292605000,395559.450587856,148017708.370353013
73d,2524617.500000000000,6.588506000,2.435905000,74.086714000,1.550928000,395201.853569341,147381757.331070900
2200_sunset,2524660.604166666977,353.562007000,-4.294551000,269.958133000,1.078451000,,
2200_sunset,2524660.625000000000,353.570568000,-4.319867000,269.704526000,1.077849000,,
2200_sunset,2524660.645833333023,353.579283000,-4.345089000,269.450916000,1.077248000,,
2200_sunset,2524660.666666666977,353.588153000,-4.370216000,269.197302000,1.076647000,,
2200_sunset,2524660.687500000000,353.597177000,-4.395247000,268.943686000,1.076046000,,
2200_sunset,2524660.708333333023,353.606357000,-4.420183000,268.690067000,1.075446000,,
2200_sunset,2524660.729166666977,353.615692000,-4.445021000,268.436444000,1.074846000,,
2200_sunset,2524660.750000000000,353.625183000,-4.469762000,268.182818000,1.074246000,,
2200_sunset,2524660.770833333023,353.634829000,-4.494404000,267.929190000,1.073646000,,
2200_sunset,2524660.791666666977,353.644632000,-4.518947000,267.675558000,1.073047000,,
2200_sunset,2524660.812500000000,353.654591000,-4.543390000,267.421923000,1.072448000,,
2200_sunset,2524660.833333333023,353.664707000,-4.567732000,267.168284000,1.071849000,,
2200_sunset,2524660.854166666977,353.674979000,-4.591973000,266.914643000,1.071250000,,
2200_sunset,2524660.875000000000,353.685408000,-4.616111000,266.660999000,1.070652000,,
2200_sunset,2524660.895833333023,353.695995000,-4.640146000,266.407351000,1.070054000,,
2200_sunset,2524660.916666666977,353.706739000,-4.664077000,266.153700000,1.069456000,,
2200_sunset,2524660.937500000000,353.717641000,-4.687904000,265.900046000,1.068859000,,
2200_sunset,2524660.958333333023,353.728700000,-4.711625000,265.646389000,1.068261000,,
2200_sunset,2524660.979166666977,353.739918000,-4.735240000,265.392729000,1.067664000,,
2200_sunset,2524661.000000000000,353.751293000,-4.758749000,265.139066000,1.067068000,,
2200_sunset,2524661.020833333023,353.762827000,-4.782149000,264.885399000,1.066472000,,
2200_sunset,2524661.041666666977,353.774520000,-4.805441000,264.631730000,1.065876000,,
2200_sunset,2524661.062500000000,353.786371000,-4.828624000,264.378057000,1.065280000,,
2200_sunset,2524661.083333333023,353.798381000,-4.851697000,264.124381000,1.064685000,,
2200_sunset,2524661.104166666977,353.810550000,-4.874660000,263.870702000,1.064089000,,
2200_sunset,2524661.125000000000,353.822878000,-4.897511000,263.617019000,1.063495000,,
2200_sunset,2524661.145833333023,353.835366000,-4.920249000,263.363334000,1.062900000,,
2200_sunset,2524661.166666666977,353.848013000,-4.942875000,263.109645000,1.062306000,,
2200_sunset,2524661.187500000000,353.860819000,-4.965387000,262.855954000,1.061712000,,
2200_sunset,2524661.208333333023,353.873785000,-4.987784000,262.602259000,1.061119000,,
2200_sunset,2524661.229166666977,353.886912000,-5.010067000,262.348560000,1.060526000,,
2200_sunset,2524661.250000000000,353.900198000,-5.032233000,262.094859000,1.059933000,,
2200_sunset,2524661.270833333023,353.913644000,-5.054282000,261.841154000,1.059340000,,
2200_sunset,2524661.291666666977,353.927250000,-5.076214000,261.587447000,1.058748000,,
2200_sunset,2524661.312500000000,353.941017000,-5.098028000,261.333736000,1.058156000,,
2200_sunset,2524661.333333333023,353.954944000,-5.119723000,261.080022000,1.057565000,,
2200_sunset,2524661.354166666977,353.969031000,-5.141298000,260.826305000,1.056973000,,
2200_sunset,2524661.375000000000,353.983279000,-5.162752000,260.572584000,1.056382000,,
2200_sunset,2524661.395833333023,353.997688000,-5.184086000,260.318860000,1.055792000,,
2200_sunset,2524661.416666666977,354.012257000,-5.205297000,260.065134000,1.055202000,,
2200_sunset,2524661.437500000000,354.026988000,-5.226385000,259.811404000,1.054612000,,
2200_sunset,2524661.458333333023,354.041878000,-5.247350000,259.557670000,1.054022000,,
2200_sunset,2524661.479166666977,354.056930000,-5.268191000,259.303934000,1.053433000,,
2200_sunset,2524661.500000000000,354.072143000,-5.288907000,259.050194000,1.052844000,,
2200_sunset,2524661.520833333023,354.087517000,-5.309497000,258.796452000,1.052256000,,
2200_sunset,2524661.541666666977,354.103051000,-5.329961000,258.542706000,1.051668000,,
2200_sunset,2524661.562500000000,354.118747000,-5.350298000,258.288957000,1.051080000,,
2200_sunset,2524661.583333333023,354.134603000,-5.370506000,258.035204000,1.050493000,,
2200_sunset,2524661.604166666977,354.150621000,-5.390586000,257.781449000,1.049906000,,
2200_sunrise,2524674.500000000000,4.926578000,5.587057000,100.440136000,0.779131000,,
2200_sunrise,2524674.520833333023,4.906600000,5.604168000,100.186237000,0.778831000,,
2200_sunrise,2524674.541666666977,4.886526000,5.621162000,99.932340000,0.778530000,,
2200_sunrise,2524674.562500000000,4.866358000,5.638040000,99.678445000,0.778230000,,
2200_sunrise,2524674.583333333023,4.846097000,5.654800000,99.424553000,0.777929000,,
2200_sunrise,2524674.604166666977,4.825742000,5.671444000,99.170663000,0.777628000,,
2200_sunrise,2524674.625000000000,4.805295000,5.687970000,98.916776000,0.777328000,,
2200_sunrise,2524674.645833333023,4.784756000,5.704378000,98.662891000,0.777027000,,
2200_sunrise,2524674.666666666977,4.764126000,5.720669000,98.409008000,0.776726000,,
2200_sunrise,2524674.687500000000,4.743406000,5.736843000,98.155127000,0.776426000,,
2200_sunrise,2524674.708333333023,4.722597000,5.752898000,97.901249000,0.776125000,,
2200_sunrise,2524674.729166666977,4.701698000,5.768835000,97.647374000,0.775824000,,
2200_sunrise,2524674.750000000000,4.680711000,5.784655000,97.393500000,0.775523000,,
2200_sunrise,2524674.770833333023,4.659637000,5.800356000,97.139629000,0.775222000,,
2200_sunrise,2524674.791666666977,4.638476000,5.815938000,96.885760000,0.774921000,,
2200_sunrise,2524674.812500000000,4.617229000,5.831402000,96.631894000,0.774619000,,
2200_sunrise,2524674.833333333023,4.595896000,5.846748000,96.378030000,0.774318000,,
2200_sunrise,2524674.854166666977,4.574479000,5.861974000,96.124168000,0.774017000,,
2200_sunrise,2524674.875000000000,4.552977000,5.877082000,95.870309000,0.773715000,,
2200_sunrise,2524674.895833333023,4.531392000,5.892070000,95.616451000,0.773413000,,
2200_sunrise,2524674.916666666977,4.509725000,5.906939000,95.362597000,0.773112000,,
2200_sunrise,2524674.937500000000,4.487975000,5.921689000,95.108744000,0.772810000,,
2200_sunrise,2524674.958333333023,4.466144000,5.936320000,94.854894000,0.772508000,,
2200_sunrise,2524674.979166666977,4.444233000,5.950830000,94.601046000,0.772205000,,
2200_sunrise,2524675.000000000000,4.422242000,5.965222000,94.347201000,0.771903000,,
2200_sunrise,2524675.020833333023,4.400171000,5.979493000,94.093358000,0.771601000,,
2200_sunrise,2524675.041666666977,4.378022000,5.993644000,93.839517000,0.771298000,,
2200_sunrise,2524675.062500000000,4.355795000,6.007676000,93.585679000,0.770995000,,
2200_sunrise,2524675.083333333023,4.333491000,6.021587000,93.331842000,0.770692000,,
2200_sunrise,2524675.104166666977,4.311111000,6.035378000,93.078009000,0.770389000,,
2200_sunrise,2524675.125000000000,4.288655000,6.049048000,92.824177000,0.770086000,,
2200_sunrise,2524675.145833333023,4.266123000,6.062598000,92.570348000,0.769783000,,
2200_sunrise,2524675.166666666977,4.243518000,6.076027000,92.316521000,0.769479000,,
2200_sunrise,2524675.187500000000,4.220838000,6.089336000,92.062696000,0.769175000,,
2200_sunrise,2524675.208333333023,4.198086000,6.102524000,91.808874000,0.768871000,,
2200_sunrise,2524675.229166666977,4.175262000,6.115590000,91.555054000,0.768567000,,
2200_sunrise,2524675.250000000000,4.152365000,6.128536000,91.301237000,0.768263000,,
2200_sunrise,2524675.270833333023,4.129398000,6.141361000,91.047421000,0.767958000,,
2200_sunrise,2524675.291666666977,4.106361000,6.154064000,90.793608000,0.767653000,,
2200_sunrise,2524675.312500000000,4.083253000,6.166646000,90.539798000,0.767348000,,
2200_sunrise,2524675.333333333023,4.060078000,6.179107000,90.285989000,0.767043000,,
2200_sunrise,2524675.354166666977,4.036833000,6.191446000,90.032183000,0.766738000,,
2200_sunrise,2524675.375000000000,4.013522000,6.203663000,89.778379000,0.766432000,,
2200_sunrise,2524675.395833333023,3.990143000,6.215758000,89.524578000,0.766126000,,
2200_sunrise,2524675.416666666977,3.966699000,6.227732000,89.270779000,0.765820000,,
2200_sunrise,2524675.437500000000,3.943189000,6.239584000,89.016982000,0.765513000,,
2200_sunrise,2524675.458333333023,3.919614000,6.251314000,88.763187000,0.765207000,,
2200_sunrise,2524675.479166666977,3.895975000,6.262921000,88.509395000,0.764900000,,
2200_sunrise,2524675.500000000000,3.872272000,6.274407000,88.255605000,0.764593000,,
73d,2524690.500000000000,356.699094000,-6.634855000,265.729362000,0.350070000,370980.971878585,149621107.667553186
73d,2524763.500000000000,356.061788000,4.151385000,94.201356000,-1.343288000,402033.222729289,151908268.510445297
73d,2524836.500000000000,7.642948000,4.423387000,282.516434000,-1.062774000,386521.672361920,151128862.104349196
73d,2524909.500000000000,356.732942000,-6.722256000,112.239312000,0.738682000,374066.577295573,148019831.462532997
73d,2524982.500000000000,357.851503000,2.010289000,304.710034000,1.490319000,405302.180219175,147473841.546645314
73d,2525055.500000000000,6.638847000,5.691103000,135.849494000,-0.160293000,374649.673461178,149379166.165757596
73d,2525128.500000000000,356.161413000,-6.124274000,324.812824000,-1.513952000,374720.338366046,152270681.976518989
73d,2525201.500000000000,359.936978000,-0.203632000,152.689169000,-0.692463000,405853.591255850,150752456.722734302
73d,2525274.500000000000,5.147400000,6.287464000,342.802786000,1.184615000,365805.275073856,148523799.265379310
73d,2525347.500000000000,355.352408000,-5.198059000,174.961502000,1.229579000,377046.033412579,146859148.963928998
73d,2525420.500000000000,1.636139000,-2.230416000,6.323182000,-0.669147000,404837.829636656,150000729.248605698
73d,2525493.500000000000,1.925146000,6.517507000,195.170987000,-1.483948000,362624.320638298,151604157.664366096
73d,2525566.500000000000,354.583959000,-4.020832000,23.066272000,-0.236481000,382454.285043673,151450009.455342293
73d,2525639.500000000000,3.909515000,-4.108976000,213.204447000,1.459247000,403302.399291099,147849718.513593405
73d,2525712.500000000000,359.377031000,6.572568000,45.231484000,0.843447000,364803.652282215,147473471.290687799
73d,2525785.500000000000,353.821407000,-2.374589000,236.834102000,-1.052980000,391425.721373184,149421631.172719985
73d,2525858.500000000000,5.660729000,-5.717100000,65.397232000,-1.377943000,398789.784802904,152150139.628056794
73d,2525931.500000000000,358.574073000,6.088502000,253.630239000,0.328436000,368801.803769624,151030736.456096709
73d,2526004.500000000000,354.812781000,-0.165446000,83.342362000,1.548907000,398692.166160328,148215182.558256596
73d,2526077.500000000000,7.220189000,-6.685884000,275.846683000,0.344929000,391577.954302333,147210699.225123703
73d,2526150.500000000000,357.670551000,4.881337000,106.944357000,-1.339252000,371681.042830985,149466292.813680291
73d,2526223.500000000000,356.311126000,2.179379000,296.035188000,-1.056250000,403850.867685854,152143319.172626913
73d,2526296.500000000000,7.538265000,-6.753842000,123.759194000,0.796077000,381375.084597761,150961161.022029996
73d,2526369.500000000000,357.501190000,3.223056000,313.983004000,1.476178000,372127.360411595,148482628.531415313
73d,2526442.500000000000,358.250630000,4.103785000,145.981991000,-0.122158000,406218.799575427,146882509.334035695
73d,2526515.500000000000,5.763602000,-6.152575000,337.536408000,-1.526542000,370221.962696684,149896633.031036496
73d,2526588.500000000000,355.796487000,1.598585000,166.267345000,-0.639576000,373000.900662621,151579638.163908303
73d,2526661.500000000000,0.553329000,5.490393000,354.282411000,1.229896000,406055.566739970,151534200.458987892
73d,2526734.500000000000,3.934116000,-5.316358000,184.262043000,1.210324000,365078.113267793,147865801.650218189
73d,2526807.500000000000,354.218081000,-0.033255000,16.366380000,-0.586741000,377007.881575087,147559777.820143193
73d,2526880.500000000000,2.595024000,6.391366000,207.918697000,-1.534743000,405247.768818181,149200444.948808014
73d,2526953.500000000000,1.170969000,-4.351052000,36.584494000,-0.113826000,365377.542629887,152237476.820084810
73d,2527026.500000000000,353.546923000,-1.920357000,224.747484000,1.427831000,385286.016822525,150912066.025788307
73d,2527099.500000000000,4.984425000,6.722831000,54.506895000,0.908197000,402365.286659883,148488644.911332190
73d,2527172.500000000000,359.621615000,-2.888501000,246.910466000,-1.046847000,368815.713153249,147069486.094679505
73d,2527245.500000000000,353.354675000,-3.924823000,78.078269000,-1.363622000,395156.866487073,149586950.551255703
73d,2527318.500000000000,6.622328000,6.268015000,267.189680000,0.425300000,395843.908564925,151878911.576795906
73d,2527391.500000000000,359.043921000,-0.912933000,94.889115000,1.520462000,370216.884130334,151120159.217810899
73d,2527464.500000000000,355.085421000,-5.573519000,285.138388000,0.428427000,401695.652074177,148371659.689537913
73d,2527537.500000000000,7.432247000,4.990478000,117.027615000,-1.361166000,386573.459458938,147079105.881328315
73d,2527610.500000000000,358.000288000,1.114938000,308.720631000,-1.006981000,369552.094121150,149781918.336851388
73d,2527683.500000000000,356.961793000,-6.441378000,137.331555000,0.853688000,405424.959695867,151629959.574171990
73d,2527756.500000000000,6.978299000,3.328114000,325.517082000,1.461923000,376628.334922808,151445821.345423400
73d,2527829.500000000000,356.950269000,2.788234000,155.308336000,-0.048950000,369338.866672091,147909540.254023314
73d,2527902.500000000000,359.267535000,-6.566605000,347.564271000,-1.576945000,406487.862167517,147595992.610328615
73d,2527975.500000000000,4.415839000,1.787492000,178.971518000,-0.541604000,369143.283881643,149165399.995748103
73d,2528048.500000000000,354.554190000,4.104262000,7.778391000,1.208606000,372139.577479990,152285952.860507101
73d,2528121.500000000000,1.733425000,-6.126868000,195.846728000,1.258945000,406313.840241730,150791144.097822189
73d,2528194.500000000000,2.602695000,0.212367000,25.665375000,-0.590073000,366987.943500772,148597720.795586407
73d,2528267.500000000000,353.088117000,5.407627000,218.003521000,-1.510064000,379825.139121265,146932697.052195787
73d,2528340.500000000000,3.691314000,-5.120029000,49.248657000,-0.084418000,404323.736147709,149793025.440245003
73d,2528413.500000000000,0.850682000,-1.573008000,238.321162000,1.448718000,368859.764015636,151729991.411347210
73d,2528486.500000000000,353.106520000,6.477193000,66.056904000,0.914788000,389428.368010490,151301206.091071010
73d,2528559.500000000000,5.896943000,-3.410299000,256.244157000,-1.045612000,400261.125143170,148141074.720513999
73d,2528632.500000000000,359.962848000,-3.481993000,88.144262000,-1.338923000,370362.542158461,147205288.993442893
73d,2528705.500000000000,353.903662000,6.835489000,279.876858000,0.436290000,398801.889097969,149612268.614284486
73d,2528778.500000000000,6.708738000,-1.231118000,108.460706000,1.543400000,391766.457265139,151846857.348021686
73d,2528851.500000000000,359.505000000,-5.036569000,296.698056000,0.403288000,368711.201533370,151359923.201752514
73d,2528924.500000000000,356.008384000,6.298876000,126.351227000,-1.341566000,403840.076630373,148025412.691738188
73d,2528997.500000000000,6.681451000,0.908716000,318.758715000,-0.999991000,381902.637829695,147447083.067436606
73d,2529070.500000000000,357.636806000,-5.909842000,150.030000000,0.851708000,366401.832183291,149173342.768845499
73d,2529143.500000000000,358.106482000,5.076086000,339.027003000,1.497021000,405721.175085442,152295328.928256601
73d,2529216.500000000000,5.512893000,2.600425000,166.899930000,-0.122649000,374435.399376892,150848850.936059296
73d,2529289.500000000000,356.092413000,-6.389286000,356.843986000,-1.506271000,367260.521009018,148655026.392845511
73d,2529362.500000000000,0.308394000,3.478169000,189.032653000,-0.610210000,406539.683241379,146802476.103293508
73d,2529435.500000000000,3.057606000,3.933762000,20.422482000,1.267095000,370309.614537424,149830352.204020500
73d,2529508.500000000000,353.672278000,-6.644145000,209.447616000,1.193910000,374471.441600925,151610420.637532413
73d,2529581.500000000000,2.489641000,1.540805000,37.238237000,-0.600776000,405548.052819029,151537465.370475709
73d,2529654.500000000000,2.180788000,5.272734000,227.334357000,-1.497712000,370258.324107323,148045391.099887997
73d,2529727.500000000000,352.647397000,-6.457709000,59.246347000,-0.144801000,384536.135037308,147342503.366964906
73d,2529800.500000000000,4.262027000,-0.742017000,250.999558000,1.497370000,402720.861013453,149312850.793862194
73d,2529873.500000000000,1.285195000,6.350527000,79.628374000,0.814446000,370380.476925122,151981208.445562214
73d,2529946.500000000000,353.471653000,-5.439229000,267.849795000,-1.028599000,393951.525816445,151250362.116812497
73d,2530019.500000000000,5.947325000,-3.007869000,97.459395000,-1.373841000,397055.241868086,148301721.464937806
73d,2530092.500000000000,0.934551000,6.760549000,289.877749000,0.412959000,368837.205239493,147304918.321506411
73d,2530165.500000000000,354.685137000,-3.660124000,121.109247000,1.553383000,401278.626083123,149226984.753710687
73d,2530238.500000000000,6.163601000,-4.766149000,310.250064000,0.299718000,387702.197232194,152119387.552821994
73d,2530311.500000000000,359.760101000,6.453482000,137.992102000,-1.306178000,365458.332434969,150955067.839611411
73d,2530384.500000000000,356.919113000,-1.562759000,328.049769000,-1.091124000,404342.962801755,148668755.539908588
73d,2530457.500000000000,5.540071000,-5.794462000,160.043735000,0.883227000,379192.732020842,146849580.900204003
73d,2530530.500000000000,356.978873000,5.809174000,351.629950000,1.431086000,363902.248672884,149812633.544177592
73d,2530603.500000000000,358.773970000,0.524914000,180.509208000,-0.164141000,405824.586448025,151501216.987525314
73d,2530676.500000000000,4.595481000,-6.353494000,8.464844000,-1.524944000,374118.582248612,151596296.656566590
73d,2530749.500000000000,354.950541000,4.986802000,198.410709000,-0.645287000,368478.178125710,147995888.092108309
73d,2530822.500000000000,0.815009000,2.583813000,30.399874000,1.267054000,406081.228037605,147534541.669806808
73d,2530895.500000000000,3.125132000,-6.634111000,222.094224000,1.126087000,372985.923797879,149154316.672679812
73d,2530968.500000000000,352.763548000,3.789360000,50.771614000,-0.618164000,378697.382269546,152092621.483446807
73d,2531041.500000000000,3.016008000,4.551013000,238.992658000,-1.535159000,404819.994208739,151014901.505476505
73d,2531114.500000000000,2.915552000,-6.421927000,68.594235000,-0.140977000,372292.980233826,148491126.787376612
73d,2531187.500000000000,352.516312000,1.887065000,260.988264000,1.463164000,389589.741330493,147172583.426733792
73d,2531260.500000000000,4.490247000,6.070814000,92.219947000,0.781921000,400214.004075745,149442999.473589599
73d,2531333.500000000000,2.384879000,-5.488370000,281.404800000,-1.080342000,369378.885032799,151950983.319572985
73d,2531406.500000000000,353.759593000,-0.415280000,109.101684000,-1.375645000,397201.165105416,151081562.552361488
73d,2531479.500000000000,5.956900000,6.743824000,299.213008000,0.411919000,393387.648172973,148497603.980222106
73d,2531552.500000000000,1.304650000,-4.027307000,131.111883000,1.507099000,365168.052782679,146946398.121090800
73d,2531625.500000000000,355.336007000,-2.584468000,322.817956000,0.303640000,402006.476840598,149754476.852254301
73d,2531698.500000000000,5.706156000,6.570337000,151.574842000,-1.383397000,384847.803329151,151580218.774136096
73d,2531771.500000000000,359.070564000,-2.538323000,339.672589000,-1.041436000,362021.179203771,151595681.278847694
73d,2531844.500000000000,357.543052000,-4.337064000,169.421834000,0.836929000,404456.904330395,147957330.494225502
73d,2531917.500000000000,5.043235000,5.948890000,1.609571000,1.438050000,378383.118387871,147546230.365732998
73d,2531990.500000000000,355.270342000,-1.215524000,193.156929000,-0.196735000,364478.363616719,149068974.578180790
73d,2532063.500000000000,359.412904000,-5.690689000,21.987520000,-1.571093000,405435.824884736,152254931.250916213
73d,2532136.500000000000,4.591312000,5.040625000,210.076193000,-0.576975000,376014.786313823,150930437.334833294
73d,2532209.500000000000,353.255692000,0.446471000,39.716077000,1.185140000,372040.730954217,148617147.690740585
73d,2532282.500000000000,1.612204000,-6.604534000,232.086281000,1.186202000,405751.667896688,146918399.688965291
73d,2532355.500000000000,3.690819000,3.714447000,63.360321000,-0.703269000,374822.917160037,149585048.342031807
73d,2532428.500000000000,352.151367000,2.459321000,252.567433000,-1.500326000,383833.100326482,151816608.854054689
73d,2532501.500000000000,3.629836000,-6.773936000,80.236716000,-0.126957000,403074.393982189,151366597.116324812
73d,2532574.500000000000,3.793427000,1.819406000,270.337551000,1.444805000,372169.568121361,148355433.568401903
73d,2532647.500000000000,352.724577000,4.398117000,102.182672000,0.826430000,393543.567074681,147034989.413913608
73d,2532720.500000000000,4.850410000,-6.022859000,294.000796000,-1.155495000,397007.564632412,149511594.527608901
73d,2532793.500000000000,2.407434000,-0.195391000,122.715446000,-1.299060000,366099.814389703,151697670.450284988
73d,2532866.500000000000,354.563622000,5.779212000,310.860685000,0.393155000,398829.877616866,151571413.381826788
73d,2532939.500000000000,5.815757000,-4.608655000,140.472067000,1.540103000,390243.878786021,148118324.377308607
73d,2533012.500000000000,0.288793000,-1.887163000,332.765469000,0.313846000,360749.572532673,147476760.787080914
73d,2533085.500000000000,356.281371000,6.434297000,164.206395000,-1.410712000,402312.485877119,148983318.546949208
73d,2533158.500000000000,5.282039000,-2.997911000,353.249531000,-0.969504000,383495.319097308,152248073.314872086
73d,2533231.500000000000,357.127776000,-3.194375000,181.149849000,0.823658000,360814.705176708,150937404.044182301
73d,2533304.500000000000,358.548817000,6.543424000,10.916767000,1.507795000,403983.020002945,148786212.055943191
73d,2533377.500000000000,4.706079000,-1.335529000,203.103713000,-0.229748000,380058.190057880,146807891.442633897
73d,2533450.500000000000,353.403022000,-4.456694000,34.517552000,-1.518127000,367533.730440012,149633280.805748910
73d,2533523.500000000000,0.346431000,6.099879000,223.686674000,-0.553473000,405266.883930538,151579231.532231212
73d,2533596.500000000000,4.587073000,0.567092000,51.412702000,1.240231000,377755.734056089,151554598.759630293
73d,2533669.500000000000,352.456412000,-5.795915000,241.449620000,1.196737000,377627.362955249,148273422.667568207
73d,2533742.500000000000,2.231860000,4.901980000,73.260499000,-0.678458000,404538.632633779,147294475.198906004
73d,2533815.500000000000,4.276267000,2.637857000,265.136868000,-1.477458000,374633.211508969,149286019.806665599
73d,2533888.500000000000,352.454216000,-6.659408000,93.822562000,-0.080696000,388412.469265981,151782574.590769798
73d,2533961.500000000000,3.986778000,2.982712000,282.058009000,1.492523000,400853.479378670,151365568.085061610
73d,2534034.500000000000,3.980109000,4.405980000,111.573184000,0.825637000,369092.291218105,148311660.693691790
73d,2534107.500000000000,353.883406000,-6.689894000,303.891533000,-1.112403000,395653.173898462,147413901.310732394
73d,2534180.500000000000,4.558197000,0.790764000,135.267757000,-1.293689000,394462.624060805,149081659.323933899
73d,2534253.500000000000,1.686422000,5.490375000,324.436454000,0.462095000,361367.019482638,152136113.095359802
73d,2534326.500000000000,355.743147000,-5.990993000,152.235786000,1.560845000,399371.780900601,150956884.445469886
73d,2534399.500000000000,5.153133000,-1.223643000,342.130355000,0.324272000,388558.217172331,148782152.342486411
73d,2534472.500000000000,358.588973000,6.079876000,174.145062000,-1.351635000,358200.660340438,146806427.962691188
73d,2534545.500000000000,357.238138000,-4.830229000,5.726624000,-1.003665000,401669.190815294,149721763.028715789
73d,2534618.500000000000,4.739768000,-2.920784000,194.752537000,0.942310000,384539.617092478,151479110.859926790
73d,2534691.500000000000,355.494487000,6.519143000,22.617184000,1.446250000,362309.035712707,151639393.674385101
73d,2534764.500000000000,359.189800000,-3.239461000,212.511521000,-0.146300000,403762.606342090,148105197.635019690
73d,2534837.500000000000,4.716100000,-4.522045000,44.437161000,-1.544418000,381852.989800135,147446879.890395999
73d,2534910.500000000000,352.812917000,6.729569000,236.244492000,-0.507758000,373136.254131314,149156889.055149198
73d,2534983.500000000000,0.595918000,-1.175647000,64.971156000,1.285357000,404523.815449961,152018305.331775188
73d,2535056.500000000000,5.287253000,-5.914561000,253.213784000,1.162343000,378198.630396962,151183621.980965495
73d,2535129.500000000000,352.730373000,6.238390000,82.659012000,-0.602255000,383089.912276402,148448253.680764705
73d,2535202.500000000000,2.328037000,1.210684000,275.064175000,-1.521925000,403137.305667181,147178104.359445602
73d,2535275.500000000000,4.851749000,-6.673409000,106.367414000,-0.007485000,371481.164283465,149235262.569849700
73d,2535348.500000000000,353.534051000,4.909036000,295.617745000,1.497406000,391069.220256308,152046418.721249998
73d,2535421.500000000000,3.659995000,3.358424000,123.332451000,0.813387000,398970.427737156,151138149.555389315
73d,2535494.500000000000,4.059199000,-6.654221000,313.291070000,-1.067042000,363914.411190149,148684346.311713398
73d,2535567.500000000000,354.919526000,3.101170000,145.196192000,-1.338522000,396009.504979573,146814758.363504887
73d,2535640.500000000000,4.029655000,4.894105000,336.934379000,0.545749000,392996.868887606,149639646.768578410
73d,2535713.500000000000,0.551956000,-6.180058000,165.856438000,1.501170000,358103.208427488,151500576.174049497
73d,2535786.500000000000,356.388193000,1.166412000,353.827276000,0.371122000,398489.302408327,151739611.337677985
73d,2535859.500000000000,4.828878000,5.910420000,183.545979000,-1.387222000,388932.048994216,148081928.536670208
73d,2535932.500000000000,356.928807000,-5.615193000,15.598689000,-0.981565000,358924.869406743,147485653.985301614
73d,2536005.500000000000,357.445176000,-0.835355000,207.306563000,0.947462000,401520.426552931,148942046.311567187
73d,2536078.500000000000,5.094088000,6.541478000,36.210860000,1.433167000,385593.709021675,152163759.335116297
73d,2536151.500000000000,354.420888000,-4.735922000,224.304885000,-0.163777000,367210.857596881,151119623.179448396
73d,2536224.500000000000,359.205215000,-2.963404000,53.804253000,-1.552798000,403589.013161374,148701449.548824012
73d,2536297.500000000000,5.863614000,6.677560000,246.156443000,-0.499742000,382470.888179625,146962716.899766892
73d,2536370.500000000000,352.676693000,-3.229653000,77.469884000,1.264840000,378643.429952030,149312266.216007292
73d,2536443.500000000000,0.705834000,-4.929870000,266.820007000,1.147828000,404123.162053629,151804514.728282988
73d,2536516.500000000000,6.245938000,6.061141000,94.450283000,-0.652260000,375801.541741254,151371275.457875192
73d,2536589.500000000000,353.355645000,-1.119568000,284.438095000,-1.519881000,386602.910592064,148619476.634160012
73d,2536662.500000000000,2.273033000,-6.218280000,116.239739000,-0.032020000,401901.029877028,146985615.836369008
73d,2536735.500000000000,5.118868000,4.786744000,308.118697000,1.481466000,366216.710119280,149460401.725508898
73d,2536808.500000000000,354.125548000,1.059025000,136.956878000,0.782760000,391804.467870393,151515647.736084610
73d,2536881.500000000000,3.685629000,-6.652999000,325.058187000,-1.130374000,397531.194627670,151676921.960556209
73d,2536954.500000000000,3.042631000,3.351555000,154.619914000,-1.300635000,359337.421220409,148187093.300937504
73d,2537027.500000000000,355.331737000,2.963101000,346.750983000,0.457870000,394909.793895013,147527477.053580403
73d,2537100.500000000000,4.267471000,-6.425343000,178.371411000,1.538337000,393161.464998590,148864443.651392788
73d,2537173.500000000000,358.614446000,2.141785000,7.414322000,0.270832000,357517.283146390,152170034.376969695
73d,2537246.500000000000,356.561384000,4.590734000,195.397101000,-1.382012000,398267.520212141,151008577.535871297
73d,2537319.500000000000,5.421503000,-5.772550000,25.019740000,-1.007136000,389713.146079782,148869893.980482489
73d,2537392.500000000000,355.124442000,0.743025000,217.196550000,0.901425000,363247.653274041,146872554.769335300
73d,2537465.500000000000,357.576815000,5.962583000,48.650279000,1.444791000,401829.034543213,149487713.236936301
73d,2537538.500000000000,6.171079000,-4.625327000,237.935578000,-0.280952000,386160.284601970,151584436.854988992
73d,2537611.500000000000,353.501275000,-1.142080000,65.600053000,-1.504289000,372533.071000947,151499075.851922095
73d,2537684.500000000000,359.560783000,6.773212000,255.576953000,-0.568332000,404114.622018987,148420902.021679401
73d,2537757.500000000000,6.785141000,-2.865642000,87.329274000,1.271598000,380493.064509965,147202331.510070205
73d,2537830.500000000000,353.020267000,-3.201520000,279.264893000,1.113312000,382241.300535363,149332887.117949814
73d,2537903.500000000000,1.000248000,6.686699000,108.040033000,-0.728420000,403650.081784934,151691846.498088896
73d,2537976.500000000000,6.488307000,-0.805515000,296.259820000,-1.483354000,371337.700151397,151514500.136032999
73d,2538049.500000000000,353.989579000,-4.875754000,125.674544000,-0.105383000,387812.779295063,148273874.423640013
73d,2538122.500000000000,2.631365000,5.738580000,317.943567000,1.526201000,400671.436237890,147426184.290276289
73d,2538195.500000000000,3.798235000,0.962243000,149.427380000,0.690698000,361329.081250804,148922773.797997296
73d,2538268.500000000000,354.748608000,-5.925420000,338.599081000,-1.139005000,390917.082137594,152169885.430559605
73d,2538341.500000000000,4.013509000,4.306575000,166.476797000,-1.314752000,397226.680371208,151025578.606551588
73d,2538414.500000000000,0.796514000,2.365680000,356.174390000,0.434094000,356835.615424957,148890333.615095109
73d,2538487.500000000000,355.784036000,-6.495392000,188.244746000,1.545296000,394472.460342222,146760337.643346697
73d,2538560.500000000000,4.699964000,2.664881000,19.848163000,0.204054000,393751.693133380,149581676.826800287
73d,2538633.500000000000,356.542850000,3.598646000,209.027843000,-1.377826000,360414.868416810,151498109.911775291
73d,2538706.500000000000,356.924926000,-6.614404000,36.804692000,-1.033636000,398506.171797424,151710828.518541992
73d,2538779.500000000000,6.064020000,0.710037000,226.633507000,0.924697000,390717.919971563,148256264.242465705
73d,2538852.500000000000,354.070836000,5.010460000,58.452735000,1.407164000,368646.009368991,147292059.042331189
73d,2538925.500000000000,357.999674000,-6.049270000,250.387092000,-0.296766000,402824.849766291,149077490.949944407
73d,2538998.500000000000,6.684699000,-1.484486000,79.209718000,-1.533976000,384627.465873030,151909582.847355902
73d,2539071.500000000000,353.822155000,6.215221000,267.405957000,-0.540234000,377023.978433096,151434863.701214403
73d,2539144.500000000000,359.862787000,-4.620067000,96.749279000,1.262589000,404341.574966959,148507790.902397990
73d,2539217.500000000000,6.998437000,-3.545058000,289.107517000,1.098882000,376188.531120214,147212746.762100995
73d,2539290.500000000000,353.969097000,6.693797000,120.491077000,-0.731264000,383708.352489805,148964697.124004513
73d,2539363.500000000000,1.322479000,-2.584740000,309.849323000,-1.513849000,402966.107312081,152038382.123845309
73d,2539436.500000000000,5.532969000,-4.945590000,137.555630000,-0.036506000,366036.235468932,151176067.603175700
73d,2539509.500000000000,355.090333000,6.462469000,327.347519000,1.492587000,387020.145987943,148904698.785681099
73d,2539582.500000000000,2.737438000,-0.466431000,159.274133000,0.726029000,400432.907475420,146774474.098604292
73d,2539655.500000000000,1.839534000,-5.689328000,351.019712000,-1.160292000,357911.186861840,149519552.223979592
73d,2539728.500000000000,355.346136000,5.766067000,180.133605000,-1.297775000,390434.372314268,151398837.221881986
73d,2539801.500000000000,4.119080000,1.530887000,8.027737000,0.499186000,397461.424613327,151818894.907001793
73d,2539874.500000000000,358.852485000,-6.263191000,197.705183000,1.499162000,358013.850549192,148246669.127706110
73d,2539947.500000000000,355.934078000,4.676195000,29.600272000,0.293524000,394644.036856549,147458943.197691500
73d,2540020.500000000000,5.203618000,3.436570000,221.460741000,-1.450037000,394717.145164200,148846839.772703201
73d,2540093.500000000000,355.666092000,-6.700333000,50.386520000,-0.931666000,364997.925562553,151985867.365056187
73d,2540166.500000000000,356.961961000,3.000620000,238.529492000,0.922292000,399844.008958237,151249576.822387695
73d,2540239.500000000000,6.714634000,5.171086000,67.912401000,1.438150000,389924.345430584,148770863.814305007
73d,2540312.500000000000,354.605828000,-6.618476000,260.183672000,-0.263171000,373685.534419304,147103129.076103896
73d,2540385.500000000000,357.962780000,0.770570000,91.594520000,-1.557505000,403764.811453364,149129126.512004107
73d,2540458.500000000000,7.231032000,6.372336000,281.029757000,-0.436149000,380887.578021347,151801214.088551193
73d,2540531.500000000000,354.803619000,-5.737293000,108.648457000,1.245210000,379354.059532278,151292672.269913405
73d,2540604.500000000000,359.937461000,-1.588633000,298.551565000,1.169554000,404526.753092587,148784450.079278588
73d,2540677.500000000000,6.681239000,6.725908000,130.303546000,-0.735438000,370333.056464806,146927455.887359500
73d,2540750.500000000000,354.970638000,-4.269856000,322.206682000,-1.500706000,382793.427282496,149463902.211433589
73d,2540823.500000000000,1.322422000,-3.566279000,151.192676000,0.042074000,403155.936321460,151423890.246551007
73d,2540896.500000000000,4.418120000,6.457669000,339.237948000,1.479697000,361326.207593603,151771196.114182889
73d,2540969.500000000000,355.423106000,-2.615650000,168.768407000,0.799304000,385794.504077273,148228623.871691793
73d,2541042.500000000000,2.934630000,-5.052914000,0.791000000,-1.194869000,400781.280159958,147524520.139405400
73d,2541115.500000000000,0.273234000,6.021729000,192.537196000,-1.219814000,358362.793355680,148789083.920842886
73d,2541188.500000000000,355.008582000,-0.882495000,21.569450000,0.501668000,390226.498243777,152106321.240254104
73d,2541261.500000000000,4.801120000,-6.145565000,209.634558000,1.553002000,398322.234362396,151101890.742915004
73d,2541334.500000000000,357.736411000,5.357805000,39.057293000,0.297672000,361959.621019993,148888427.307880491
73d,2541407.500000000000,355.471233000,1.169271000,231.271951000,-1.420990000,396301.045520738,146903377.432203114
73d,2541480.500000000000,6.237202000,-6.751194000,62.773686000,-0.905844000,393905.464615764,149331681.702392608
73d,2541553.500000000000,355.822947000,4.149660000,252.154865000,0.967992000,369913.049055854,151674735.437171012
73d,2541626.500000000000,356.668758000,3.353342000,79.811544000,1.450908000,401558.898190794,151516371.655740499
73d,2541699.500000000000,7.814599000,-6.568877000,269.674893000,-0.257569000,386971.790007964,148578310.156012893
73d,2541772.500000000000,355.323351000,2.303348000,101.380296000,-1.520370000,376277.088359759,147019455.584418088
73d,2541845.500000000000,358.096911000,5.176232000,293.403493000,-0.430498000,404755.310177365,149275645.448326200
73d,2541918.500000000000,7.362558000,-5.595787000,122.290834000,1.300388000,375486.496583004,151599775.419886202
73d,2541991.500000000000,355.473713000,0.233487000,310.440390000,1.158751000,378912.640541226,151737095.363902807
73d,2542064.500000000000,0.221290000,6.239933000,139.796672000,-0.716339000,405056.449056855,148335562.810439289
73d,2542137.500000000000,5.778695000,-4.233755000,331.978974000,-1.471305000,364930.400365131,147426857.808048189
73d,2542210.500000000000,354.860083000,-1.605290000,163.588854000,0.032595000,381255.823625096,148728878.216154099
73d,2542283.500000000000,1.972699000,6.568587000,352.816667000,1.556420000,403313.173307429,152138971.259837091
73d,2542356.500000000000,2.727849000,-2.942365000,180.712806000,0.717430000,360100.836927686,151123875.066651911
73d,2542429.500000000000,354.853902000,-3.294547000,10.216642000,-1.104474000,384875.609375557,149015268.143059403
73d,2542502.500000000000,3.991101000,6.359773000,202.321261000,-1.278876000,401503.096127637,146754377.173007190
73d,2542575.500000000000,358.703256000,-1.678320000,33.904104000,0.557293000,361637.021125888,149376324.466018796
73d,2542648.500000000000,354.492956000,-4.895227000,223.292210000,1.536809000,392022.674733785,151480567.321134806
73d,2542721.500000000000,5.950417000,5.576644000,51.005611000,0.263349000,397687.361813860,151764536.246660292
73d,2542794.500000000000,357.115474000,0.092552000,240.762118000,-1.379631000,367017.356030014,148502270.160817504
73d,2542867.500000000000,355.286961000,-6.223716000,72.494184000,-0.966344000,398929.827626790,147213184.768743902
73d,2542940.500000000000,7.311511000,4.085542000,264.517222000,1.033773000,391164.601565647,148990156.504241407
73d,2543013.500000000000,355.979241000,2.137361000,93.435957000,1.384657000,372645.991143583,151683631.837050408
73d,2543086.500000000000,357.063547000,-6.818735000,281.627534000,-0.260218000,403626.720772980,151594700.759130597
73d,2543159.500000000000,8.044877000,2.090454000,110.884790000,-1.522731000,382062.307988392,148586859.537917912
73d,2543232.500000000000,355.911645000,3.971809000,303.119684000,-0.476320000,375779.928081186,147345073.874422401
73d,2543305.500000000000,358.761792000,-6.478028000,134.638329000,1.345046000,405732.153006350,148781582.375635296
73d,2543378.500000000000,6.416776000,0.143568000,324.054229000,1.063601000,370222.760700077,152001120.090770900
73d,2543451.500000000000,355.520828000,5.236240000,151.791681000,-0.691406000,377231.484960767,151159134.519552410
73d,2543524.500000000000,1.128717000,-5.470837000,341.450738000,-1.540774000,405142.901092843,149056110.691699207
73d,2543597.500000000000,3.742252000,-1.418760000,173.341645000,0.052614000,362624.625991044,146769548.279549301
73d,2543670.500000000000,354.457736000,6.066656000,5.092714000,1.515661000,380167.087443890,149426726.782308996
73d,2543743.500000000000,2.974892000,-4.050759000,194.375766000,0.676438000,403773.796800397,151332994.428190798
73d,2543816.500000000000,0.762628000,-2.805151000,22.188755000,-1.129012000,361520.504040396,151834151.633956611
73d,2543889.500000000000,354.483565000,6.630950000,211.873133000,-1.302984000,386411.635187443,148388752.700086892
73d,2543962.500000000000,4.913131000,-2.237281000,43.643472000,0.550311000,401200.466740669,147434163.210575908
73d,2544035.500000000000,357.981756000,-4.279830000,235.622586000,1.492989000,366107.958977185,148852118.915403992
73d,2544108.500000000000,354.429221000,6.678519000,64.585873000,0.232480000,394970.344221840,151848764.437887400
73d,2544181.500000000000,6.716390000,-0.020554000,252.767480000,-1.428403000,396003.146055286,151351774.101578295
73d,2544254.500000000000,357.303130000,-5.679239000,82.012985000,-0.958167000,370362.641576720,148734784.588024706
73d,2544327.500000000000,355.732277000,5.853175000,274.247306000,0.995734000,401782.289479253,147179178.713314801
73d,2544400.500000000000,7.321496000,2.258007000,105.747112000,1.360559000,386800.559458508,148976391.751043290
73d,2544473.500000000000,356.810190000,-6.500526000,295.216684000,-0.316578000,372577.827210899,151889915.469259202
73d,2544546.500000000000,357.666148000,4.230297000,122.883172000,-1.552078000,405158.173759367,151292651.023326695
73d,2544619.500000000000,7.293186000,4.072618000,312.634770000,-0.461614000,376684.704461320,148923246.885193288
73d,2544692.500000000000,356.443390000,-6.604106000,144.380960000,1.278501000,373616.874888812,146805588.614586294
73d,2544765.500000000000,359.500356000,2.217529000,336.322559000,1.089246000,405903.655813196,149392193.398797810
73d,2544838.500000000000,4.711060000,5.150507000,165.430739000,-0.798405000,367173.237161310,151370401.565560013
73d,2544911.500000000000,355.542655000,-6.273825000,353.401279000,-1.504040000,375487.905840657,151899002.814012110
73d,2544984.500000000000,1.757256000,0.143943000,182.894859000,0.011223000,405501.004968185,148316665.308542907
73d,2545057.500000000000,2.006617000,5.902468000,14.808957000,1.497027000,363051.721312602,147465835.625732988
73d,2545130.500000000000,354.027032000,-5.678485000,206.714137000,0.662158000,381635.914839361,148699615.550440997
73d,2545203.500000000000,3.544670000,-1.947869000,35.783500000,-1.217407000,403495.637390735,152040567.849788398
73d,2545276.500000000000,0.127892000,6.528462000,223.882292000,-1.237540000,365142.106357912,151276292.668956608
73d,2545349.500000000000,354.032733000,-4.509165000,53.128533000,0.462630000,389443.396804124,148926835.707557589
73d,2545422.500000000000,5.608133000,-4.019218000,245.350031000,1.536601000,400118.637571377,146916041.603484213
73d,2545495.500000000000,358.502021000,6.752170000,76.864911000,0.162080000,369363.504364771,149072081.924894989
73d,2545568.500000000000,354.507437000,-2.621556000,266.394246000,-1.449002000,398287.558670123,151707199.459586412
73d,2545641.500000000000,6.990173000,-5.671990000,94.033423000,-0.926316000,392582.216412536,151565634.803666204
73d,2545714.500000000000,358.494097000,6.224416000,283.757485000,0.949610000,371179.027638854,148844720.858706504
73d,2545787.500000000000,356.045575000,-0.312742000,115.444737000,1.406830000,403903.845997400,146918294.754330486
73d,2545860.500000000000,7.001792000,-6.533887000,307.497374000,-0.400913000,381530.302541199,149175241.060361594
73d,2545933.500000000000,357.432326000,5.078472000,136.548190000,-1.515139000,370720.675733389,151413014.353601813
73d,2546006.500000000000,358.163813000,1.924395000,324.639927000,-0.474016000,405808.996176861,151886584.485100687
73d,2546079.500000000000,6.298165000,-6.627868000,153.929724000,1.286848000,372395.682573447,148447971.304638714
73d,2546152.500000000000,356.293530000,3.719714000,345.982839000,1.107469000,371108.853824751,147474522.506945312
73d,2546225.500000000000,0.039795000,3.782742000,177.742475000,-0.846635000,406437.504536350,148574681.184287697
73d,2546298.500000000000,3.598938000,-6.331449000,7.024651000,-1.456358000,366366.788663075,152046141.111677915
73d,2546371.500000000000,354.643631000,2.297119000,194.978002000,0.006998000,375934.859319957,151209946.124267787
73d,2546444.500000000000,2.445551000,5.317308000,24.323903000,1.543508000,405460.909785307,149136893.886197686
73d,2546517.500000000000,1.512997000,-5.829013000,216.396814000,0.636280000,366311.290445378,146822755.864449590
73d,2546590.500000000000,352.983258000,0.568337000,47.986214000,-1.187010000,384711.212075459,149184028.508585304
73d,2546663.500000000000,4.485480000,6.448852000,237.532553000,-1.230801000,402760.103549763,151434814.285132915
73d,2546736.500000000000,0.361777000,-4.829207000,65.176131000,0.521521000,368443.383910694,151714577.735406905
73d,2546809.500000000000,353.554074000,-1.619185000,254.901301000,1.540477000,393543.409279561,148717765.609894305
73d,2546882.500000000000,6.357186000,6.844449000,86.527882000,0.180413000,397170.698872540,147189305.383614391
73d,2546955.500000000000,359.466389000,-3.188186000,278.618578000,-1.440782000,370127.872705864,149015269.338706315
73d,2547028.500000000000,354.591552000,-3.759203000,107.652511000,-0.899206000,401182.380725582,151509406.147738904
73d,2547101.500000000000,7.328210000,6.337691000,295.823442000,1.017255000,387964.379335015,151688765.633144796
73d,2547174.500000000000,358.947011000,-1.257661000,125.025736000,1.388938000,369356.710482402,148573723.765695006
73d,2547247.500000000000,356.641371000,-5.351189000,317.141057000,-0.342692000,405121.064785232,147425089.363633603
73d,2547320.500000000000,6.411099000,5.193194000,148.788509000,-1.526791000,377240.150849769,148651749.456935912
73d,2547393.500000000000,356.887778000,0.467120000,338.222585000,-0.418346000,367831.925625061,152006926.592093915
73d,2547466.500000000000,358.958483000,-6.258209000,166.037454000,1.335544000,406517.525607538,151186589.064744592
73d,2547539.500000000000,5.249895000,3.862782000,355.539848000,1.093763000,370403.384505988,149159096.665658802
73d,2547612.500000000000,354.860724000,2.017045000,187.434956000,-0.766697000,370517.396897373,146758016.535196811
73d,2547685.500000000000,1.078802000,-6.596342000,19.203694000,-1.511269000,406367.388229918,149318039.892324507
73d,2547758.500000000000,2.810752000,2.525250000,208.607456000,0.135799000,368688.605946055,151332377.596127808
73d,2547831.500000000000,353.254182000,3.633348000,36.354042000,1.497879000,378182.601587099,151850763.822796911
73d,2547904.500000000000,3.633950000,-6.336698000,225.990896000,0.702767000,405070.405388305,148510989.563151211
73d,2547977.500000000000,1.306692000,0.834411000,57.652721000,-1.181591000,369752.436568785,147319676.646303505
73d,2548050.500000000000,352.488781000,5.263992000,249.767991000,-1.217285000,389284.986433953,148844662.898554415
73d,2548123.500000000000,5.326026000,-5.328617000,78.782239000,0.605643000,400307.342304758,151765253.359881788
73d,2548196.500000000000,0.808750000,-1.229449000,266.984705000,1.512157000,369957.578927418,151557952.730792105
73d,2548269.500000000000,353.757257000,6.416399000,96.111807000,0.254720000,397520.439467362,148731496.831677914
73d,2548342.500000000000,6.768204000,-3.571980000,288.298263000,-1.464945000,392987.977642278,147197095.562688589
73d,2548415.500000000000,359.658957000,-3.145229000,119.887287000,-0.845820000,368108.935013839,148731776.214326203
73d,2548488.500000000000,355.519369000,6.720582000,309.418217000,1.062041000,403023.311404557,151920006.535982490
73d,2548561.500000000000,6.803330000,-1.560487000,137.135555000,1.371693000,383786.834022090,151347268.558903605
73d,2548634.500000000000,358.578886000,-4.559789000,326.703802000,-0.278353000,365724.711866563,149134250.058692098
73d,2548707.500000000000,357.798701000,6.255778000,158.467028000,-1.567936000,405781.805504531,146740827.368440688
73d,2548780.500000000000,5.140163000,0.225274000,350.408661000,-0.335483000,375092.889021121,149261561.998070896
73d,2548853.500000000000,355.621371000,-5.469296000,179.701008000,1.314658000,366573.690205875,151280649.974045008
73d,2548926.500000000000,0.116599000,5.266965000,7.596387000,1.137843000,406188.105067102,151999689.510178506
73d,2548999.500000000000,3.962408000,1.869322000,197.022898000,-0.785155000,371663.041553041,148476819.293888897
73d,2549072.500000000000,353.539275000,-6.274295000,28.811088000,-1.481788000,372481.493068720,147413044.348724008
73d,2549145.500000000000,2.096567000,3.800720000,220.837339000,0.152124000,405971.024185602,148584562.274933606
73d,2549218.500000000000,2.287744000,3.507035000,49.979625000,1.514292000,371299.291018126,151885014.279899687
73d,2549291.500000000000,352.793462000,-6.789897000,238.124700000,0.688172000,382956.631333380,151451984.077906787
73d,2549364.500000000000,4.259342000,1.782949000,67.228842000,-1.180532000,403366.834127688,149024290.012696803
73d,2549437.500000000000,1.824581000,5.116794000,259.415831000,-1.204269000,371513.033417331,147032734.693187296
73d,2549510.500000000000,352.860196000,-6.572586000,90.965654000,0.596486000,393875.181805489,148832098.388541788
73d,2549583.500000000000,5.521370000,-0.577624000,280.627661000,1.529138000,397112.761240298,151662487.369369209
73d,2549656.500000000000,1.284176000,6.211131000,108.256998000,0.202232000,368517.394913452,151507515.876550913
73d,2549729.500000000000,354.759110000,-5.481822000,297.869594000,-1.452548000,400231.201074802,149074194.020384192
73d,2549802.500000000000,6.150707000,-2.722002000,129.518137000,-0.856867000,389043.583770484,146902438.955695003
73d,2549875.500000000000,359.680232000,6.570356000,321.573687000,1.048031000,364037.666668412,149155404.746095896
73d,2549948.500000000000,356.560549000,-3.796743000,150.796023000,1.382833000,403891.279860691,151261953.154321015
73d,2550021.500000000000,5.709536000,-4.287899000,338.824242000,-0.362476000,380993.346851280,151955752.763296694
73d,2550094.500000000000,357.809329000,6.479489000,168.100172000,-1.505926000,363059.098627574,148521368.239620000
73d,2550167.500000000000,358.674591000,-1.881868000,359.992982000,-0.429612000,405318.838486168,147510195.556526303
73d,2550240.500000000000,4.129362000,-5.355456000,191.888018000,1.366330000,375804.736102129,148491071.517943889
73d,2550313.500000000000,354.496954000,6.218242000,21.194231000,1.060531000,367795.239069189,151942198.478978515
73d,2550386.500000000000,0.728013000,0.193683000,209.211780000,-0.808250000,405957.172077296,151278833.760816693
73d,2550459.500000000000,3.643015000,-6.239344000,38.429440000,-1.476461000,373797.303436416,149187260.370795488
73d,2550532.500000000000,352.815516000,5.548441000,230.482749000,0.089380000,377448.886961784,146912798.188046396
73d,2550605.500000000000,2.446480000,2.421126000,62.116156000,1.549746000,404824.340903991,149047440.605875105
73d,2550678.500000000000,3.092081000,-6.756033000,251.773260000,0.578368000,372912.373618652,151478219.811816812
73d,2550751.500000000000,352.707696000,4.122718000,79.376008000,-1.156794000,387949.711170302,151655660.984200209
73d,2550824.500000000000,4.502358000,4.486858000,269.042072000,-1.246947000,401296.090924080,148852849.118012995
73d,2550897.500000000000,2.851907000,-6.545976000,100.588192000,0.577090000,370246.633247089,147067481.445880711
73d,2550970.500000000000,353.555891000,2.037106000,292.745215000,1.534001000,396815.786617476,149030091.534243912
73d,2551043.500000000000,5.192241000,5.903236000,121.877142000,0.101960000,393927.073325461,151426890.507541895
73d,2551116.500000000000,1.822448000,-5.652192000,310.013433000,-1.424744000,364775.023681130,151861780.040339887
73d,2551189.500000000000,355.468496000,-0.194713000,139.159721000,-0.927003000,401374.862007078,148583166.960249513
73d,2551262.500000000000,5.534010000,6.509509000,331.165717000,1.074947000,385973.314822332,147433556.165931910
73d,2551335.500000000000,358.905188000,-4.527078000,162.955713000,1.312827000,360889.243792482,148484565.997581005
73d,2551408.500000000000,357.135835000,-2.237301000,352.392583000,-0.392521000,403491.827167341,151985877.428761303
73d,2551481.500000000000,5.216966000,6.539148000,180.293524000,-1.528952000,380525.124807765,151273639.484001786
73d,2551554.500000000000,356.308063000,-3.352419000,9.599663000,-0.457358000,362763.417280951,149266884.720829993
73d,2551627.500000000000,359.170387000,-4.070409000,201.513783000,1.364674000,405192.095866088,146748168.304961711
73d,2551700.500000000000,4.234188000,6.245100000,33.309217000,1.003618000,377498.287685673,149141807.585485399
73d,2551773.500000000000,353.177602000,-1.972060000,222.870540000,-0.834122000,372077.163584136,151346670.984229386
73d,2551846.500000000000,1.190977000,-5.647212000,50.580064000,-1.508010000,405297.542092564,151912278.534699708
73d,2551919.500000000000,4.465940000,5.442767000,240.124921000,0.104582000,375892.530292989,148717763.032388210
73d,2551992.500000000000,352.132124000,-0.012046000,71.683853000,1.501343000,382895.361409956,147183918.371746510
73d,2552065.500000000000,2.961623000,-6.676815000,263.896603000,0.561369000,403341.561947900,148747554.503343999
73d,2552138.500000000000,3.948974000,4.004385000,93.008172000,-1.212398000,371970.616807777,151588107.816071212
73d,2552211.500000000000,352.946872000,2.235015000,281.203757000,-1.240685000,391802.849649255,151775513.066021711
73d,2552284.500000000000,4.711840000,-6.790843000,110.219695000,0.575742000,398592.149313567,148829222.260539800
73d,2552357.500000000000,3.319222000,2.140916000,302.332743000,1.498344000,366381.821881661,147293637.111999214
73d,2552430.500000000000,354.167561000,4.151951000,134.006599000,0.108626000,398270.442481705,148500998.806133896
73d,2552503.500000000000,5.157543000,-6.059323000,323.626366000,-1.495929000,391003.946924713,151862158.016104698
73d,2552576.500000000000,0.888773000,0.446651000,151.396087000,-0.856686000,360926.613023956,151346553.748094589
73d,2552649.500000000000,356.254024000,5.515641000,340.779912000,1.027480000,401178.058607164,149326180.370855600
73d,2552722.500000000000,5.290899000,-4.894930000,172.558125000,1.332988000,385014.792408727,146752715.410458088
73d,2552795.500000000000,356.862892000,-0.916331000,4.465164000,-0.406981000,359761.223865539,149141622.920470297
73d,2552868.500000000000,357.910546000,6.357259000,193.962360000,-1.561039000,403522.951614563,151185237.635166585
73d,2552941.500000000000,5.147856000,-3.518327000,21.803512000,-0.377516000,381327.785907723,152025489.072780699
73d,2553014.500000000000,354.304539000,-2.443606000,211.198412000,1.299799000,365860.128956901,148666279.869060308
73d,2553087.500000000000,359.923926000,6.696560000,42.846271000,1.083401000,404862.055065398,147410554.751986295
73d,2553160.500000000000,4.759543000,-1.830621000,234.967422000,-0.911163000,379434.584195259,148537708.493824303
73d,2553233.500000000000,352.182319000,-4.141267000,64.169691000,-1.446597000,377258.080443211,151679770.768961012
73d,2553306.500000000000,1.927677000,6.295763000,252.345161000,0.128438000,404583.967309023,151543736.314874798
73d,2553379.500000000000,5.007582000,0.246083000,81.350929000,1.500794000,375750.076049826,149051053.691156209
73d,2553452.500000000000,352.407266000,-5.670210000,273.449131000,0.614413000,387581.315591410,147188499.118452311
73d,2553525.500000000000,3.296297000,5.020763000,105.070668000,-1.263902000,401223.432330462,148687351.087263405
73d,2553598.500000000000,4.134614000,2.311738000,294.826893000,-1.158182000,368495.406255757,151687544.300807387
73d,2553671.500000000000,353.749690000,-6.512183000,122.462550000,0.576368000,394166.202323342,151438749.574074596
73d,2553744.500000000000,4.769979000,3.160897000,311.993166000,1.543362000,395938.869912148,149208406.411158293
73d,2553817.500000000000,2.363589000,3.868644000,143.599303000,0.120689000,361502.714007082,146838879.473994315
73d,2553890.500000000000,355.291516000,-6.580630000,335.649867000,-1.509740000,398145.758953630,149130998.392172813
73d,2553963.500000000000,4.794703000,1.227893000,165.035663000,-0.781245000,390014.175741863,151189003.383401006
73d,2554036.500000000000,359.063431000,4.882002000,352.985011000,1.022084000,358072.750178022,152037773.861547291
73d,2554109.500000000000,357.267851000,-6.105057000,182.260939000,1.396922000,400906.195315488,148592911.209488600
73d,2554182.500000000000,4.862034000,-0.619106000,14.019077000,-0.427742000,385718.220816841,147493080.693777204
73d,2554255.500000000000,354.967014000,5.736058000,206.051446000,-1.506488000,362200.068709025,148439174.263017386
73d,2554328.500000000000,358.600345000,-5.153117000,35.366233000,-0.365324000,403119.727429764,151859846.948588699
73d,2554401.500000000000,5.217172000,-2.514491000,223.450019000,1.364727000,383108.785177781,151398041.255074501
73d,2554474.500000000000,353.271942000,6.540762000,52.497955000,1.081762000,370964.303379419,149190569.304479808
73d,2554547.500000000000,0.418265000,-3.538502000,244.530953000,-0.877267000,404618.335485880,146942734.401362896
73d,2554620.500000000000,5.251268000,-4.373427000,76.231477000,-1.430010000,379276.953145201,148852564.007676601
73d,2554693.500000000000,352.620489000,6.821195000,265.972273000,0.177952000,382348.541758897,151558318.847863495
73d,2554766.500000000000,2.048393000,-1.348627000,93.597611000,1.538183000,403341.616533976,151691070.223337591
73d,2554839.500000000000,5.583266000,-5.798559000,283.150412000,0.609964000,372942.034508595,149059856.770661205
73d,2554912.500000000000,353.496258000,6.254431000,114.635707000,-1.208736000,390447.790967778,146918710.847193092
73d,2554985.500000000000,3.147463000,0.990087000,306.874167000,-1.165949000,399227.562541363,148940071.023120403
73d,2555058.500000000000,3.662790000,-6.437846000,136.124148000,0.652055000,363547.211173118,151289793.512129098
73d,2555131.500000000000,354.980671000,5.009565000,324.206659000,1.555996000,394416.238107660,152041672.064400911
73d,2555204.500000000000,4.266344000,2.972049000,153.299495000,0.128348000,394746.099725348,148686529.953951299
73d,2555277.500000000000,1.032600000,-6.528646000,345.179395000,-1.451468000,357335.727823105,147460741.873618811
73d,2555350.500000000000,356.070506000,3.435449000,177.104198000,-0.810252000,397643.333987803,148321272.185143709
73d,2555423.500000000000,4.420400000,4.483318000,6.587159000,1.133192000,390215.621468413,151902320.697331399
73d,2555496.500000000000,357.472113000,-6.433886000,194.559544000,1.323493000,358883.386535584,151371869.128217489
73d,2555569.500000000000,357.579205000,1.597485000,23.665208000,-0.336870000,400253.033750517,149387702.169809312
73d,2555642.500000000000,5.133077000,5.727735000,215.593447000,-1.541977000,387424.162751007,146797765.063405812
73d,2555715.500000000000,353.981086000,-6.139628000,47.354457000,-0.326169000,367199.413310929,148919719.294951588
73d,2555788.500000000000,358.697085000,-0.552598000,237.099057000,1.400831000,403312.140144836,151299434.674027711
73d,2555861.500000000000,5.967083000,6.601434000,64.797848000,1.039472000,383166.045743766,151910075.464723706
73d,2555934.500000000000,353.357890000,-5.148133000,254.245730000,-0.819421000,376829.813304012,148987622.552306890
73d,2556007.500000000000,0.341816000,-2.841018000,85.740922000,-1.475497000,404290.871647362,147154107.824854314
73d,2556080.500000000000,6.278129000,6.777342000,278.002996000,0.239649000,376384.878779226,148703863.924118996
73d,2556153.500000000000,353.340943000,-3.421741000,107.234702000,1.520825000,385592.154145239,151351313.435781896
73d,2556226.500000000000,1.991361000,-4.771028000,295.437160000,0.591635000,402344.567789255,151879927.299977392
73d,2556299.500000000000,5.839588000,6.160755000,124.370555000,-1.183399000,367837.897306082,148882514.835096091
73d,2556372.500000000000,354.436682000,-1.345803000,316.350151000,-1.222838000,390678.802635962,147425339.855369985
73d,2556445.500000000000,2.940780000,-5.945177000,148.134712000,0.715800000,398413.548769010,148361640.262318790
73d,2556518.500000000000,2.746800000,5.163447000,337.814724000,1.488029000,358921.036026937,151823435.074152589
73d,2556591.500000000000,355.377301000,0.655406000,165.636505000,0.146073000,393814.088036211,151340872.431856513
73d,2556664.500000000000,4.321023000,-6.481924000,354.891460000,-1.497359000,394455.728435362,149446498.453294694
73d,2556737.500000000000,359.219930000,4.156735000,186.647350000,-0.792644000,356930.281088322,146777796.491306305
73d,2556810.500000000000,356.027824000,2.540446000,18.523857000,1.108720000,397017.643313669,149037867.149729788
73d,2556883.500000000000,5.115891000,-6.540725000,208.208518000,1.303389000,391367.287938638,151139966.240809202
73d,2556956.500000000000,355.882792000,2.991104000,35.957420000,-0.367939000,362514.764889118,152001568.320448995
73d,2557029.500000000000,357.544372000,4.400358000,225.361894000,-1.555315000,400833.348289786,148807621.359916300
73d,2557102.500000000000,6.234569000,-6.066159000,56.893960000,-0.332280000,387779.137731821,147371080.778994709
73d,2557175.500000000000,353.547156000,1.305084000,249.101893000,1.373947000,372899.929641716,148568665.223140091
73d,2557248.500000000000,358.733074000,5.950681000,78.393305000,1.018082000,403779.540052333,151555527.505550206
73d,2557321.500000000000,7.123411000,-4.875957000,266.582993000,-0.883965000,381209.789661498,151669320.319728613
73d,2557394.500000000000,353.550146000,-0.839302000,95.483676000,-1.455930000,380794.994350430,149009346.706878185
73d,2557467.500000000000,0.602575000,6.744783000,287.506143000,0.198344000,404096.033029433,147244465.359866798
73d,2557540.500000000000,6.506542000,-3.132545000,119.218834000,1.506167000,371366.155371027,148508392.133317590
73d,2557613.500000000000,353.954920000,-2.902344000,309.004859000,0.556207000,386147.301359444,151747546.900028914
73d,2557686.500000000000,2.252867000,6.618567000,136.703055000,-1.246378000,401778.181908450,151468876.306636095
73d,2557759.500000000000,4.966956000,-1.350812000,326.090751000,-1.185396000,362435.849711533,149372970.702975690
73d,2557832.500000000000,354.822436000,-4.504817000,157.665934000,0.631545000,389730.769602796,146759344.275741309
73d,2557905.500000000000,3.399594000,5.825125000,349.761925000,1.529817000,398034.203672473,149025521.371427715
73d,2557978.500000000000,0.629970000,0.017315000,179.281810000,0.032889000,357490.744956029,151121442.107780397
73d,2558051.500000000000,355.546471000,-5.691112000,7.162141000,-1.483768000,392950.285691297,152130492.905505091
73d,2558124.500000000000,5.000694000,4.631658000,196.416789000,-0.816676000,395238.052544090,148722876.647376001
73d,2558197.500000000000,356.976591000,1.409688000,28.014793000,1.059611000,359644.959601123,147430974.244681597
73d,2558270.500000000000,356.198503000,-6.541116000,220.209545000,1.313609000,397929.683866591,148353459.324976712
73d,2558343.500000000000,5.944964000,3.046754000,49.573139000,-0.482129000,391519.160606688,151742796.009400308
73d,2558416.500000000000,354.822853000,3.113419000,237.712136000,-1.510056000,367756.355007116,151587053.415133804
73d,2558489.500000000000,357.785641000,-6.783678000,66.615069000,-0.402481000,401924.305591568,149262153.949578613
73d,2558562.500000000000,7.156044000,0.973350000,258.607264000,1.388244000,386424.001956781,147008992.579363793
73d,2558635.500000000000,353.666554000,4.817226000,90.327023000,0.975622000,376978.381407603,148578926.965999097
73d,2558708.500000000000,359.212383000,-6.136038000,280.187254000,-0.951431000,404293.407635030,151531559.397652686
73d,2558781.500000000000,7.206289000,-1.220337000,107.847973000,-1.422152000,377043.438911919,151690072.181612104
73d,2558854.500000000000,354.401267000,6.033093000,297.231994000,0.134895000,382218.912168677,149337694.121146202
73d,2558927.500000000000,1.015669000,-4.680469000,128.706136000,1.543989000,403837.747177766,146884975.004584789
73d,2559000.500000000000,5.463319000,-3.016748000,320.950257000,0.477442000,365674.612106323,148863933.466073692
73d,2559073.500000000000,354.650873000,6.515839000,150.364583000,-1.250897000,385528.484151816,151106387.504590213
73d,2559146.500000000000,2.681602000,-2.825600000,338.435332000,-1.198316000,401261.896900728,152129706.203468412
73d,2559219.500000000000,2.901172000,-4.254858000,167.456162000,0.626833000,359044.798829223,148802812.986956209
73d,2559292.500000000000,355.322018000,6.499133000,359.191817000,1.539598000,388530.844250452,147514034.664578289
73d,2559365.500000000000,3.830833000,-0.896958000,191.244725000,-0.019235000,398784.757784302,148206767.389705390
73d,2559438.500000000000,358.523838000,-5.168540000,20.765919000,-1.468062000,358689.892536385,151771593.072298408
73d,2559511.500000000000,355.808690000,6.069677000,208.829581000,-0.822030000,393654.480164486,151445897.975686789
73d,2559584.500000000000,5.457066000,1.159184000,37.789688000,1.093418000,395692.599309159,149480496.038520008
73d,2559657.500000000000,355.961594000,-6.129487000,229.684040000,1.284093000,364704.824155748,146925395.048525691
73d,2559730.500000000000,356.278329000,5.033419000,61.433770000,-0.465430000,399452.083577346,148756782.279904693
73d,2559803.500000000000,6.619875000,3.286385000,251.333549000,-1.534529000,390537.814161151,151267592.564470798
73d,2559876.500000000000,354.982717000,-6.755415000,78.975981000,-0.346107000,372246.978821434,151812282.394967288
73d,2559949.500000000000,357.997192000,3.212126000,268.381096000,1.387948000,403325.439169759,149164657.148581296
73d,2560022.500000000000,7.455718000,5.082829000,99.797226000,0.979818000,382612.992523515,147124797.406102210
73d,2560095.500000000000,354.840591000,-6.624033000,292.059153000,-0.943713000,378533.659302714,148750722.941292495
73d,2560168.500000000000,359.376763000,0.930549000,121.459863000,-1.433589000,404729.880295128,151209076.764504701
73d,2560241.500000000000,6.784347000,6.138414000,309.625397000,0.218080000,371492.818815997,151978501.836353987
73d,2560314.500000000000,355.422826000,-5.800281000,138.524871000,1.512438000,381684.476138114,148877141.726724893
73d,2560387.500000000000,1.188293000,-1.292582000,330.391463000,0.536617000,403644.916145686,147481070.980630487
73d,2560460.500000000000,3.928876000,6.461839000,162.272557000,-1.269212000,361536.912881734,148239689.224614888
73d,2560533.500000000000,355.087964000,-4.620192000,351.981277000,-1.175848000,384139.064991780,151795737.479230404
73d,2560606.500000000000,2.878957000,-3.202972000,179.882501000,0.702652000,401871.977705111,151389718.282078594
73d,2560679.500000000000,1.193443000,6.513874000,8.980392000,1.498890000,358390.485590797,149535154.898131996
73d,2560752.500000000000,355.139546000,-3.178515000,200.732314000,0.071799000,388752.309127540,146791919.587433994
73d,2560825.500000000000,4.336320000,-4.841225000,32.631139000,-1.535708000,399292.668025980,148909667.426857710
73d,2560898.500000000000,357.736309000,6.412667000,222.440510000,-0.711092000,362891.263423531,151161599.448082089
73d,2560971.500000000000,355.375981000,-1.323591000,50.133546000,1.078536000,395061.122914221,152013179.726440400
73d,2561044.500000000000,6.371553000,-6.152012000,239.500979000,1.323559000,395412.982980734,148959754.105145395
73d,2561117.500000000000,356.152202000,5.785518000,70.885045000,-0.429981000,369671.629930520,147236529.997827590
2300_sunrise,2561189.312500000000,357.718378000,-0.663896000,277.684215000,-1.563342000,,
2300_sunrise,2561189.333333333023,357.689290000,-0.635612000,277.430623000,-1.563195000,,
2300_sunrise,2561189.354166666977,357.660228000,-0.607313000,277.177029000,-1.563046000,,
2300_sunrise,2561189.375000000000,357.631193000,-0.578999000,276.923432000,-1.562898000,,
2300_sunrise,2561189.395833333023,357.602185000,-0.550671000,276.669832000,-1.562749000,,
2300_sunrise,2561189.416666666977,357.573207000,-0.522329000,276.416229000,-1.562599000,,
2300_sunrise,2561189.437500000000,357.544258000,-0.493974000,276.162623000,-1.562449000,,
2300_sunrise,2561189.458333333023,357.515340000,-0.465606000,275.909015000,-1.562299000,,
2300_sunrise,2561189.479166666977,357.486453000,-0.437226000,275.655404000,-1.562148000,,
2300_sunrise,2561189.500000000000,357.457599000,-0.408833000,275.401790000,-1.561997000,,
2300_sunrise,2561189.520833333023,357.428777000,-0.380429000,275.148174000,-1.561845000,,
2300_sunrise,2561189.541666666977,357.399990000,-0.352013000,274.894554000,-1.561693000,,
2300_sunrise,2561189.562500000000,357.371238000,-0.323587000,274.640932000,-1.561541000,,
2300_sunrise,2561189.583333333023,357.342521000,-0.295151000,274.387307000,-1.561388000,,
2300_sunrise,2561189.604166666977,357.313842000,-0.266704000,274.133679000,-1.561234000,,
2300_sunrise,2561189.625000000000,357.285199000,-0.238249000,273.880049000,-1.561081000,,
2300_sunrise,2561189.645833333023,357.256596000,-0.209784000,273.626415000,-1.560926000,,
2300_sunrise,2561189.666666666977,357.228032000,-0.181311000,273.372779000,-1.560772000,,
2300_sunrise,2561189.687500000000,357.199508000,-0.152830000,273.119140000,-1.560617000,,
2300_sunrise,2561189.708333333023,357.171025000,-0.124341000,272.865499000,-1.560461000,,
2300_sunrise,2561189.729166666977,357.142585000,-0.095845000,272.611854000,-1.560305000,,
2300_sunrise,2561189.750000000000,357.114188000,-0.067342000,272.358207000,-1.560149000,,
2300_sunrise,2561189.770833333023,357.085834000,-0.038833000,272.104557000,-1.559992000,,
2300_sunrise,2561189.791666666977,357.057525000,-0.010318000,271.850904000,-1.559835000,,
2300_sunrise,2561189.812500000000,357.029262000,0.018202000,271.597249000,-1.559678000,,
2300_sunrise,2561189.833333333023,357.001046000,0.046727000,271.343590000,-1.559520000,,
2300_sunrise,2561189.854166666977,356.972877000,0.075257000,271.089929000,-1.559362000,,
2300_sunrise,2561189.875000000000,356.944756000,0.103791000,270.836265000,-1.559203000,,
2300_sunrise,2561189.895833333023,356.916685000,0.132329000,270.582598000,-1.559044000,,
2300_sunrise,2561189.916666666977,356.888664000,0.160869000,270.328928000,-1.558885000,,
2300_sunrise,2561189.937500000000,356.860693000,0.189413000,270.075256000,-1.558725000,,
2300_sunrise,2561189.958333333023,356.832775000,0.217959000,269.821581000,-1.558565000,,
2300_sunrise,2561189.979166666977,356.804910000,0.246506000,269.567903000,-1.558404000,,
2300_sunrise,2561190.000000000000,356.777099000,0.275055000,269.314222000,-1.558243000,,
2300_sunrise,2561190.020833333023,356.749342000,0.303605000,269.060538000,-1.558082000,,
2300_sunrise,2561190.041666666977,356.721641000,0.332155000,268.806852000,-1.557920000,,
2300_sunrise,2561190.062500000000,356.693996000,0.360705000,268.553162000,-1.557758000,,
2300_sunrise,2561190.083333333023,356.666409000,0.389255000,268.299470000,-1.557596000,,
2300_sunrise,2561190.104166666977,356.638880000,0.417804000,268.045775000,-1.557433000,,
2300_sunrise,2561190.125000000000,356.611410000,0.446352000,267.792078000,-1.557270000,,
2300_sunrise,2561190.145833333023,356.584000000,0.474898000,267.538377000,-1.557106000,,
2300_sunrise,2561190.166666666977,356.556651000,0.503441000,267.284674000,-1.556942000,,
2300_sunrise,2561190.187500000000,356.529364000,0.531982000,267.030968000,-1.556778000,,
2300_sunrise,2561190.208333333023,356.502140000,0.560520000,266.777259000,-1.556614000,,
2300_sunrise,2561190.229166666977,356.474979000,0.589054000,266.523547000,-1.556449000,,
2300_sunrise,2561190.250000000000,356.447883000,0.617584000,266.269832000,-1.556283000,,
2300_sunrise,2561190.270833333023,356.420853000,0.646109000,266.016115000,-1.556118000,,
2300_sunrise,2561190.291666666977,356.393888000,0.674629000,265.762395000,-1.555952000,,
2300_sunrise,2561190.312500000000,356.366991000,0.703144000,265.508672000,-1.555785000,,
73d,2561190.500000000000,356.128094000,0.959455000,263.225038000,-1.554273000,401501.710448199,148532628.081469297
2300_sunset,2561204.312500000000,4.241300000,-2.253041000,94.695337000,-1.436059000,,
2300_sunset,2561204.333333333023,4.255314000,-2.284490000,94.441487000,-1.435971000,,
2300_sunset,2561204.354166666977,4.269228000,-2.315868000,94.187639000,-1.435884000,,
2300_sunset,2561204.375000000000,4.283044000,-2.347177000,93.933795000,-1.435798000,,
2300_sunset,2561204.395833333023,4.296761000,-2.378414000,93.679953000,-1.435712000,,
2300_sunset,2561204.416666666977,4.310379000,-2.409579000,93.426113000,-1.435626000,,
2300_sunset,2561204.437500000000,4.323900000,-2.440671000,93.172277000,-1.435540000,,
2300_sunset,2561204.458333333023,4.337322000,-2.471690000,92.918443000,-1.435455000,,
2300_sunset,2561204.479166666977,4.350647000,-2.502634000,92.664612000,-1.435370000,,
2300_sunset,2561204.500000000000,4.363873000,-2.533504000,92.410784000,-1.435285000,,
2300_sunset,2561204.520833333023,4.377002000,-2.564298000,92.156959000,-1.435201000,,
2300_sunset,2561204.541666666977,4.390033000,-2.595016000,91.903136000,-1.435117000,,
2300_sunset,2561204.562500000000,4.402967000,-2.625657000,91.649316000,-1.435034000,,
2300_sunset,2561204.583333333023,4.415804000,-2.656220000,91.395499000,-1.434950000,,
2300_sunset,2561204.604166666977,4.428543000,-2.686705000,91.141685000,-1.434867000,,
2300_sunset,2561204.625000000000,4.441186000,-2.717110000,90.887873000,-1.434785000,,
2300_sunset,2561204.645833333023,4.453732000,-2.747436000,90.634064000,-1.434702000,,
2300_sunset,2561204.666666666977,4.466181000,-2.777681000,90.380258000,-1.434620000,,
2300_sunset,2561204.687500000000,4.478533000,-2.807845000,90.126454000,-1.434539000,,
2300_sunset,2561204.708333333023,4.490789000,-2.837927000,89.872653000,-1.434457000,,
2300_sunset,2561204.729166666977,4.502949000,-2.867927000,89.618855000,-1.434376000,,
2300_sunset,2561204.750000000000,4.515013000,-2.897843000,89.365060000,-1.434295000,,
2300_sunset,2561204.770833333023,4.526981000,-2.927675000,89.111267000,-1.434214000,,
2300_sunset,2561204.791666666977,4.538853000,-2.957423000,88.857477000,-1.434134000,,
2300_sunset,2561204.812500000000,4.550630000,-2.987085000,88.603690000,-1.434054000,,
2300_sunset,2561204.833333333023,4.562311000,-3.016662000,88.349905000,-1.433974000,,
2300_sunset,2561204.854166666977,4.573896000,-3.046152000,88.096124000,-1.433895000,,
2300_sunset,2561204.875000000000,4.585387000,-3.075554000,87.842344000,-1.433815000,,
2300_sunset,2561204.895833333023,4.596783000,-3.104869000,87.588568000,-1.433736000,,
2300_sunset,2561204.916666666977,4.608083000,-3.134095000,87.334794000,-1.433658000,,
2300_sunset,2561204.937500000000,4.619289000,-3.163232000,87.081023000,-1.433579000,,
2300_sunset,2561204.958333333023,4.630401000,-3.192280000,86.827255000,-1.433501000,,
2300_sunset,2561204.979166666977,4.641418000,-3.221237000,86.573489000,-1.433423000,,
2300_sunset,2561205.000000000000,4.652341000,-3.250102000,86.319726000,-1.433345000,,
2300_sunset,2561205.020833333023,4.663170000,-3.278876000,86.065965000,-1.433267000,,
2300_sunset,2561205.041666666977,4.673905000,-3.307558000,85.812208000,-1.433190000,,
2300_sunset,2561205.062500000000,4.684546000,-3.336146000,85.558453000,-1.433113000,,
2300_sunset,2561205.083333333023,4.695094000,-3.364642000,85.304700000,-1.433036000,,
2300_sunset,2561205.104166666977,4.705548000,-3.393042000,85.050950000,-1.432960000,,
2300_sunset,2561205.125000000000,4.715909000,-3.421348000,84.797203000,-1.432883000,,
2300_sunset,2561205.145833333023,4.726177000,-3.449559000,84.543459000,-1.432807000,,
2300_sunset,2561205.166666666977,4.736352000,-3.477673000,84.289717000,-1.432731000,,
2300_sunset,2561205.187500000000,4.746435000,-3.505691000,84.035978000,-1.432655000,,
2300_sunset,2561205.208333333023,4.756424000,-3.533612000,83.782241000,-1.432580000,,
2300_sunset,2561205.229166666977,4.766322000,-3.561435000,83.528507000,-1.432504000,,
2300_sunset,2561205.250000000000,4.776126000,-3.589159000,83.274776000,-1.432429000,,
2300_sunset,2561205.270833333023,4.785839000,-3.616785000,83.021047000,-1.432354000,,
2300_sunset,2561205.291666666977,4.795460000,-3.644311000,82.767321000,-1.432279000,,
2300_sunset,2561205.312500000000,4.804989000,-3.671736000,82.513598000,-1.432204000,,
73d,2561263.500000000000,7.303505000,-6.815719000,92.591143000,-0.247453000,387142.415024585,151435762.258166790
73d,2561336.500000000000,355.956552000,4.400126000,280.780912000,1.377151000,374697.555785097,151885259.757691205
73d,2561409.500000000000,357.971980000,3.197710000,109.624043000,1.039953000,404662.413496164,149057881.738639086
73d,2561482.500000000000,7.691612000,-6.600473000,301.539020000,-0.943985000,376907.320044463,147296634.229594290
73d,2561555.500000000000,355.592949000,2.573687000,133.358594000,-1.407398000,377827.542466067,148264904.954603702
73d,2561628.500000000000,359.629504000,4.920736000,323.203431000,0.284101000,405067.211663991,151717197.863875300
73d,2561701.500000000000,5.958681000,-5.779706000,150.969482000,1.504700000,366613.632236763,151502118.272211105
73d,2561774.500000000000,355.578201000,0.726129000,340.170056000,0.606715000,379676.567804699,149577714.451798201
73d,2561847.500000000000,1.657976000,5.998726000,171.746581000,-1.297001000,404255.760538848,146751462.857647389
73d,2561920.500000000000,2.388761000,-4.849034000,3.830250000,-1.103871000,360267.958174902,148885302.150985003
73d,2561993.500000000000,354.432896000,-0.993943000,193.528093000,0.710508000,384044.613211851,151034325.718733996
73d,2562066.500000000000,3.723085000,6.558600000,21.383619000,1.550547000,402072.539588658,152186521.587124109
73d,2562139.500000000000,359.906646000,-3.756048000,210.558429000,0.059041000,361551.130810309,148919555.728723794
73d,2562212.500000000000,354.307403000,-2.873873000,42.022145000,-1.490228000,390316.727242807,147401415.489208907
73d,2562285.500000000000,5.610020000,6.564062000,234.323572000,-0.697528000,398959.133376176,148262221.573254287
73d,2562358.500000000000,357.355961000,-2.275794000,63.735278000,1.119552000,367329.727972863,151530595.248773098
73d,2562431.500000000000,355.085662000,-4.760537000,251.961276000,1.325825000,397860.553481431,151721919.977636486
73d,2562504.500000000000,7.419591000,5.789891000,80.732811000,-0.432200000,392762.803653830,149345558.932963014
73d,2562577.500000000000,356.707322000,-0.256627000,272.660829000,-1.525304000,372526.566657745,147182121.326402396
73d,2562650.500000000000,356.278302000,-6.141091000,104.437623000,-0.256273000,403716.851933740,148389847.122144997
73d,2562723.500000000000,7.722979000,4.281545000,294.399724000,1.427601000,382040.303525389,151485380.889358103
73d,2562796.500000000000,356.311373000,1.794018000,122.092568000,0.998764000,374486.671821473,151599392.223455787
73d,2562869.500000000000,358.582890000,-6.687461000,311.354809000,-0.927902000,405703.270226578,149521193.074447691
73d,2562942.500000000000,6.907077000,2.492832000,142.795151000,-1.393662000,371513.750620052,146883738.336198002
73d,2563015.500000000000,355.465303000,3.458234000,334.990908000,0.256210000,375382.698820261,148844068.000505596
73d,2563088.500000000000,0.503304000,-6.435548000,164.608307000,1.564546000,405738.816531811,150982070.419945896
73d,2563161.500000000000,4.308242000,0.912345000,352.617225000,0.512049000,363981.041859104,152174775.195590287
73d,2563234.500000000000,354.917257000,4.794950000,181.627852000,-1.222558000,378616.395051689,148897154.297666699
73d,2563307.500000000000,2.748178000,-5.651204000,13.231518000,-1.183746000,404376.781926027,147541787.265641689
73d,2563380.500000000000,0.690945000,-0.491142000,205.366137000,0.760098000,362718.348547283,148158011.437505096
73d,2563453.500000000000,353.727565000,5.927746000,34.944277000,1.513401000,385504.921113798,151644661.759597093
73d,2563526.500000000000,4.893038000,-4.353457000,223.069283000,0.013184000,401908.467970667,151517589.432686210
73d,2563599.500000000000,358.902340000,-2.198843000,51.888950000,-1.456811000,365626.278365852,149492561.720354408
73d,2563672.500000000000,354.133197000,6.727075000,243.774307000,-0.764640000,393861.332207206,147017912.957683086
73d,2563745.500000000000,6.457348000,-2.470871000,75.552168000,1.169117000,396671.475659608,148615923.739287615
73d,2563818.500000000000,357.619996000,-4.025834000,265.565953000,1.249967000,370123.229769787,151338229.486997813
73d,2563891.500000000000,355.390011000,6.745698000,93.201423000,-0.439338000,400888.007663240,151777956.778943807
73d,2563964.500000000000,7.777737000,-0.215548000,282.533547000,-1.537759000,388663.539952478,149314751.250260413
73d,2564037.500000000000,357.276368000,-5.465098000,113.860376000,-0.295284000,372375.608925828,146994163.047785997
73d,2564110.500000000000,357.117459000,5.841506000,306.168742000,1.459814000,405148.003950733,148722385.942188889
73d,2564183.500000000000,6.828261000,1.837624000,135.693195000,0.900857000,377123.479137664,151104159.787650704
73d,2564256.500000000000,356.619694000,-6.237951000,323.796148000,-0.911370000,372127.240086458,152139774.131657600
73d,2564329.500000000000,359.482312000,4.334391000,152.691729000,-1.453684000,406347.345831262,148938323.653252006
73d,2564402.500000000000,5.139016000,3.388758000,344.397712000,0.270445000,367965.371956970,147502201.296026796
73d,2564475.500000000000,355.102174000,-6.515953000,176.427038000,1.516465000,373984.013466243,148094652.871603608
73d,2564548.500000000000,1.373530000,2.531204000,6.167321000,0.479673000,405629.398694568,151728288.012410402
73d,2564621.500000000000,2.561724000,4.560648000,194.140227000,-1.262517000,364692.705534918,151483689.527884007
73d,2564694.500000000000,354.385021000,-6.514126000,23.076663000,-1.201243000,379377.754768431,149636675.893645287
73d,2564767.500000000000,3.555646000,0.488251000,214.804329000,0.748647000,404439.223824827,146818205.572217792
73d,2564840.500000000000,359.866745000,5.655319000,46.716217000,1.468644000,366250.091055434,148698469.683960289
73d,2564913.500000000000,353.531324000,-6.044652000,236.690146000,-0.024329000,389194.092157231,151154365.222813994
73d,2564986.500000000000,5.427916000,-1.761392000,64.378819000,-1.509167000,400363.328055733,152046888.609524190
73d,2565059.500000000000,359.304401000,6.540140000,253.651840000,-0.747743000,369064.577380338,149219787.905973405
73d,2565132.500000000000,354.254466000,-4.758615000,84.929201000,1.110439000,397641.583045549,147155124.950919598
73d,2565205.500000000000,6.720367000,-3.926714000,277.344946000,1.238824000,393094.953000489,148445607.227517605
73d,2565278.500000000000,358.455827000,6.757739000,106.796409000,-0.505964000,370266.714075427,151207859.494713902
73d,2565351.500000000000,355.981789000,-2.753532000,295.012157000,-1.563540000,403076.067910830,152036922.337425709
73d,2565424.500000000000,7.275710000,-5.459887000,123.759483000,-0.279595000,383845.201656208,149155872.843984008
73d,2565497.500000000000,358.076120000,6.255092000,315.550090000,1.397292000,369741.977258494,147434546.242577404
73d,2565570.500000000000,357.760933000,-0.526235000,147.486104000,0.925114000,405997.142971753,148088876.686404586
73d,2565643.500000000000,5.649435000,-6.195389000,337.375478000,-1.011798000,373160.756120416,151637803.618974686
73d,2565716.500000000000,356.505244000,5.392575000,165.249358000,-1.402317000,370184.150191960,151490045.860774487
73d,2565789.500000000000,0.080615000,1.590155000,354.277190000,0.225641000,406302.674496604,149733959.353577495
73d,2565862.500000000000,3.839369000,-6.486145000,185.841889000,1.508781000,367524.212637415,146807952.064430892
73d,2565935.500000000000,354.261504000,4.390498000,17.881738000,0.482048000,374459.198627052,148759255.156867296
73d,2566008.500000000000,2.003378000,3.534914000,207.770133000,-1.341672000,405838.974804056,150942772.668358505
73d,2566081.500000000000,1.989423000,-6.548281000,35.593563000,-1.122888000,366996.595086888,152157994.161903411
73d,2566154.500000000000,353.534766000,2.921048000,224.738260000,0.680213000,382772.915531021,149112409.207575709
73d,2566227.500000000000,4.215402000,5.270897000,56.084411000,1.524038000,403531.668481371,147414393.327491194
73d,2566300.500000000000,0.537471000,-6.185450000,248.426525000,-0.086716000,369557.523982089,148274209.457161009
73d,2566373.500000000000,353.129233000,0.890959000,77.929991000,-1.500466000,393211.513998697,151331697.888195187
73d,2566446.500000000000,6.049892000,6.482228000,266.187057000,-0.707414000,397828.491318248,151797382.082612008
73d,2566519.500000000000,0.245310000,-5.098836000,94.850339000,1.084856000,370004.301723843,149326723.128257394
73d,2566592.500000000000,354.495906000,-1.444659000,286.712585000,1.297776000,400641.213150165,147315381.994475096
73d,2566665.500000000000,6.709593000,6.815466000,118.529082000,-0.571368000,388539.520614784,148262088.905043304
73d,2566738.500000000000,359.117021000,-3.489574000,308.575427000,-1.518319000,367856.052361194,151523431.862314194
73d,2566811.500000000000,356.413583000,-3.523234000,136.322012000,-0.269483000,404580.883134235,151563985.292080909
73d,2566884.500000000000,6.825743000,6.355707000,325.467984000,1.420474000,379279.385449190,149648802.456251413
73d,2566957.500000000000,357.663312000,-1.833401000,156.896857000,0.940813000,366771.121620068,146828958.367612511
73d,2567030.500000000000,358.416485000,-5.070117000,349.062713000,-1.036452000,406145.736573875,148789334.896540105
73d,2567103.500000000000,4.829715000,5.521102000,178.850656000,-1.351594000,372044.626279359,150916263.534187585
73d,2567176.500000000000,355.211585000,-0.322377000,6.778421000,0.227840000,369367.720338330,152227376.270372897
73d,2567249.500000000000,0.930055000,-6.144785000,195.798508000,1.561526000,406575.932598247,148997547.494663596
73d,2567322.500000000000,3.196195000,4.506828000,27.248591000,0.465904000,369443.850861316,147506311.716721088
73d,2567395.500000000000,352.846873000,1.345512000,219.508632000,-1.305024000,377659.046235370,148124326.298993200
73d,2567468.500000000000,2.943303000,-6.717411000,49.135885000,-1.121253000,405043.516771322,151547447.701969296
73d,2567541.500000000000,2.154264000,3.086548000,237.295401000,0.756646000,370195.631013324,151666615.690005302
73d,2567614.500000000000,352.673822000,3.319818000,65.993747000,1.511645000,387184.194113663,149508781.151202202
73d,2567687.500000000000,5.187270000,-6.521833000,257.811248000,-0.052133000,401530.697945163,147056819.190928102
73d,2567760.500000000000,1.130896000,1.179965000,89.647111000,-1.489793000,370486.270044567,148374604.670479804
73d,2567833.500000000000,353.337393000,5.124791000,279.769660000,-0.677927000,396892.703053655,151375423.372586101
73d,2567906.500000000000,6.427052000,-5.457225000,107.427451000,1.152780000,393995.788184404,151808702.918024689
73d,2567979.500000000000,0.720574000,-0.882388000,296.653337000,1.281252000,368098.013209768,149566701.681426615
73d,2568052.500000000000,355.200368000,6.242030000,127.917284000,-0.504898000,402757.570845007,146910668.208320111
73d,2568125.500000000000,6.411723000,-3.814516000,320.277155000,-1.532899000,384134.237839588,148620467.858603388
73d,2568198.500000000000,358.393901000,-2.537514000,149.944714000,-0.198904000,364645.639659213,150939797.539294690
73d,2568271.500000000000,357.460243000,6.594075000,338.003426000,1.463471000,405002.449964108,152260553.832973093
73d,2568344.500000000000,5.889727000,-2.094008000,166.859844000,0.926562000,377140.913105873,149063202.405446410
73d,2568417.500000000000,356.132019000,-3.864382000,358.392721000,-0.946737000,364716.270709404,147546343.653926194
73d,2568490.500000000000,359.582816000,6.341498000,190.565824000,-1.401856000,406318.753159161,147961755.171475589
73d,2568563.500000000000,3.864243000,-0.510024000,20.331460000,0.354256000,373100.014307551,151597116.522818089
73d,2568636.500000000000,353.704173000,-5.091069000,208.414272000,1.515006000,371579.350804095,151584410.767316401
73d,2568709.500000000000,1.990472000,5.527958000,37.179567000,0.536822000,405890.163634299,149754366.863553613
73d,2568782.500000000000,2.893254000,1.278711000,228.867659000,-1.306883000,372634.811546621,146933204.621572614
73d,2568855.500000000000,352.090446000,-6.229302000,60.773583000,-1.104376000,382521.519149218,148479465.406825215
73d,2568928.500000000000,3.800622000,4.041381000,250.891885000,0.833951000,403487.767627155,151078065.899041206
73d,2569001.500000000000,2.330467000,3.222756000,78.607593000,1.477025000,371440.632556538,151977996.165338099
73d,2569074.500000000000,352.976476000,-6.826475000,267.788882000,0.010958000,392059.517613170,149475907.920515686
73d,2569147.500000000000,5.468449000,1.945002000,98.990372000,-1.514963000,398339.843369032,147165210.220472813
73d,2569220.500000000000,1.607400000,4.888084000,291.426027000,-0.633392000,368352.008099687,148455208.301800907
73d,2569293.500000000000,354.257835000,-6.530062000,121.015643000,1.181042000,399617.760086708,150992062.039745390
73d,2569366.500000000000,6.099303000,-0.291894000,309.252687000,1.261532000,390220.995670347,152105243.955832392
73d,2569439.500000000000,0.459682000,5.885030000,137.926392000,-0.466591000,364277.533501563,149186538.321148187
73d,2569512.500000000000,356.454098000,-5.501370000,329.582865000,-1.579972000,403267.990128493,147545961.045258701
73d,2569585.500000000000,5.310507000,-2.157327000,161.599572000,-0.133395000,382037.544671971,147980614.102962494
73d,2569658.500000000000,357.275081000,6.317368000,351.532395000,1.428692000,361906.758797058,151579040.468131214
73d,2569731.500000000000,358.515217000,-4.041277000,179.504223000,0.948828000,405032.284379008,151497393.728830099
73d,2569804.500000000000,4.755445000,-3.703337000,8.376899000,-0.978567000,377151.393808762,149829958.572092593
73d,2569877.500000000000,354.765003000,6.583617000,199.948108000,-1.375921000,366113.176655590,146870085.484484911
73d,2569950.500000000000,0.301957000,-2.248903000,31.936464000,0.337347000,405678.804598904,148658354.039551109
73d,2570023.500000000000,3.613654000,-5.064986000,222.001427000,1.526491000,375535.715666597,150922428.360614806
73d,2570096.500000000000,352.935205000,6.551284000,49.774192000,0.503790000,376015.496096654,152099775.012314111
73d,2570169.500000000000,2.500881000,-0.057385000,238.899711000,-1.314281000,405090.343058544,149248099.589959502
73d,2570242.500000000000,3.405940000,-6.214704000,70.142945000,-1.100015000,374195.743482405,147347826.428191513
73d,2570315.500000000000,352.392183000,5.808521000,262.535369000,0.813167000,387833.389291058,148308594.740184903
73d,2570388.500000000000,3.848935000,2.292333000,92.156264000,1.483576000,401226.120592907,151215186.675133795
73d,2570461.500000000000,3.235425000,-6.764997000,280.413944000,-0.058701000,370063.680986322,151949640.042199314
73d,2570534.500000000000,353.707737000,4.252394000,109.008563000,-1.491979000,395567.343674355,149313380.629395187
73d,2570607.500000000000,5.168643000,4.294159000,300.770828000,-0.661393000,395104.555779385,147367010.186865091
73d,2570680.500000000000,1.827624000,-6.538168000,132.661597000,1.164271000,364146.833062857,148062347.457554609
73d,2570753.500000000000,355.235338000,2.219745000,322.760552000,1.266906000,400291.499046662,151533036.191450208
73d,2570826.500000000000,5.335738000,5.566606000,150.561373000,-0.560940000,387886.902827865,151600432.524458796
73d,2570899.500000000000,359.893375000,-5.882253000,339.570865000,-1.520666000,360360.946174917,149823894.725092500
73d,2570972.500000000000,357.162727000,0.140466000,170.968291000,-0.225514000,403033.308333642,146803075.651907802
73d,2571045.500000000000,4.634452000,6.240798000,3.142259000,1.476560000,381664.283526861,148664711.933877110
73d,2571118.500000000000,355.931385000,-5.170460000,193.104594000,0.856097000,362609.673221624,150851803.894374490
73d,2571191.500000000000,358.917513000,-1.902351000,20.965405000,-0.996393000,404372.823569639,152285480.291900307
73d,2571264.500000000000,4.774182000,6.586610000,209.978900000,-1.376293000,378951.098321217,149163383.516449988
73d,2571337.500000000000,353.465518000,-4.130989000,41.252713000,0.265962000,370349.126146746,147447332.429043293
73d,2571410.500000000000,0.665393000,-3.931861000,233.644350000,1.559570000,405361.330042225,148039746.169537187
73d,2571483.500000000000,4.383651000,6.498537000,63.331863000,0.389991000,376732.294822552,151374479.810890108
73d,2571556.500000000000,352.565437000,-2.429887000,251.547903000,-1.299804000,381515.572096959,151845778.036098987
73d,2571629.500000000000,2.721981000,-5.634484000,80.144709000,-1.145407000,403781.736812600,149602166.754945993
73d,2571702.500000000000,4.649711000,5.681473000,271.867690000,0.797978000,373284.831328269,147189088.627837092
73d,2571775.500000000000,352.722741000,-0.224819000,103.751073000,1.469304000,391630.778457837,148125085.818734497
73d,2571848.500000000000,3.939781000,-6.605686000,293.962912000,-0.149984000,398761.294485110,151306215.981797487
73d,2571921.500000000000,3.644464000,4.267038000,121.687531000,-1.472872000,366352.385345068,151754090.329131186
73d,2571994.500000000000,354.407847000,1.990940000,310.759926000,-0.729619000,396909.404139657,149815370.960671008
73d,2572067.500000000000,4.961706000,-6.684315000,141.979592000,1.185739000,392587.830265006,146928396.219893485
73d,2572140.500000000000,1.051028000,2.735245000,334.335929000,1.203856000,359669.905276019,148569073.718728900
73d,2572213.500000000000,355.781678000,3.816366000,164.166253000,-0.592425000,400320.139600741,150777063.548584610
73d,2572286.500000000000,5.219700000,-6.150260000,352.232173000,-1.544066000,386645.220105371,152301675.766929597
73d,2572359.500000000000,358.078154000,1.340286000,181.046276000,-0.231509000,359207.191396747,149184678.209541202
73d,2572432.500000000000,357.668037000,5.279606000,12.416481000,1.466964000,402444.229580170,147598414.919725090
73d,2572505.500000000000,4.925685000,-5.292207000,204.702693000,0.810948000,383148.020335426,147891210.097617000
73d,2572578.500000000000,354.033486000,-0.057648000,34.489298000,-1.007163000,365840.060430863,151430653.099987686
73d,2572651.500000000000,359.504209000,6.370933000,222.685319000,-1.396866000,404457.054318269,151642125.913578808
73d,2572724.500000000000,5.362950000,-3.985885000,51.305908000,0.296624000,380371.208214801,149808134.783720493
73d,2572797.500000000000,352.475841000,-1.934544000,242.958641000,1.518550000,376099.940502195,147094973.334171891
73d,2572870.500000000000,1.163304000,6.836919000,74.854675000,0.398202000,404665.152672162,148352362.767648906
73d,2572943.500000000000,5.292828000,-2.145726000,265.097916000,-1.352395000,376054.486542327,151075696.726046085
73d,2573016.500000000000,352.507127000,-3.923384000,92.817718000,-1.107055000,385949.752798503,151863331.013490409
73d,2573089.500000000000,3.200892000,6.380837000,281.919934000,0.804761000,402152.467505427,149622121.289515495
73d,2573162.500000000000,4.938997000,-0.056534000,113.069283000,1.446924000,369654.042987969,147110769.634341002
73d,2573235.500000000000,353.506481000,-5.457668000,305.468677000,-0.125784000,393255.379885493,148490175.852860093
73d,2573308.500000000000,4.045538000,5.112179000,135.230944000,-1.530662000,396701.652732828,150874224.782716304
73d,2573381.500000000000,2.812936000,1.721415000,323.441476000,-0.645623000,361567.017646579,152209948.973122686
73d,2573454.500000000000,355.277438000,-6.306554000,152.086041000,1.150770000,397137.844886667,149215587.967657685
73d,2573527.500000000000,4.868108000,3.472645000,343.636434000,1.243947000,391137.091530421,147583688.899922699
73d,2573600.500000000000,358.908284000,2.995982000,175.736485000,-0.604740000,357504.670379840,147868295.645119190
73d,2573673.500000000000,356.596128000,-6.575816000,5.708870000,-1.565425000,399738.846467232,151518225.671768486
73d,2573746.500000000000,5.170342000,1.741836000,193.759367000,-0.139463000,387475.851577715,151562484.779928893
73d,2573819.500000000000,355.863215000,4.236938000,22.466642000,1.405228000,360727.309906410,149902281.872019291
73d,2573892.500000000000,358.408785000,-6.337073000,214.029265000,0.899011000,402548.229200579,146905359.625877708
73d,2573965.500000000000,5.167698000,-0.141578000,46.015672000,-1.075396000,384566.791616149,148498628.360694885
73d,2574038.500000000000,353.028089000,5.520020000,236.233775000,-1.326719000,371171.912567875,150957524.704655200
73d,2574111.500000000000,0.008010000,-5.417314000,63.965833000,0.315204000,404143.227284273,152114325.613395691
73d,2574184.500000000000,5.953053000,-2.249914000,253.053312000,1.531581000,380602.269813553,149443187.931581110
73d,2574257.500000000000,352.592132000,6.514689000,84.156319000,0.449222000,381359.797723257,147223470.341174006
73d,2574330.500000000000,1.550703000,-3.697277000,276.631394000,-1.392340000,403607.187103775,148240811.605389804
73d,2574403.500000000000,5.446861000,-4.158016000,106.370267000,-1.022248000,372740.064345392,151043645.133953393
73d,2574476.500000000000,353.553088000,6.761747000,294.601962000,0.811642000,388569.284884631,152140583.142267287
73d,2574549.500000000000,3.204356000,-1.526935000,123.175063000,1.489736000,400528.807668765,149402546.329541206
73d,2574622.500000000000,4.433580000,-5.444270000,314.790080000,-0.107938000,364184.865826100,147470003.949678004
73d,2574695.500000000000,354.680344000,6.224333000,146.786682000,-1.527319000,393490.142712023,147850422.364215791
73d,2574768.500000000000,3.789820000,0.595563000,336.959219000,-0.578911000,395450.862682639,151449903.857153088
73d,2574841.500000000000,1.206358000,-6.052141000,164.840156000,1.161106000,358023.816202905,151613634.030773014
73d,2574914.500000000000,356.245595000,5.210121000,353.683386000,1.306944000,396238.533689382,150005668.470259011
73d,2574987.500000000000,4.551191000,2.463710000,185.043001000,-0.618742000,391749.653141522,146851812.819237202
73d,2575060.500000000000,356.988885000,-6.434604000,17.188084000,-1.504502000,358280.107887027,148514617.236550689
73d,2575133.500000000000,357.087212000,3.842998000,207.327873000,-0.121203000,399786.840584150,150753583.742183387
73d,2575206.500000000000,5.232467000,4.171605000,35.187199000,1.474925000,388446.741385964,152290085.568027914
73d,2575279.500000000000,354.801367000,-6.682537000,224.148292000,0.884443000,365591.958268964,149389489.822863400
73d,2575352.500000000000,358.522745000,1.957603000,55.267166000,-1.019684000,402651.325875028,147454896.687784702
73d,2575425.500000000000,5.954300000,5.682261000,247.753876000,-1.318508000,384765.949035346,147997922.884266913
73d,2575498.500000000000,353.170259000,-6.398491000,77.484843000,0.364857000,376526.165792524,151125217.832999110
73d,2575571.500000000000,0.087340000,-0.371570000,265.795356000,1.565463000,404070.924910788,151929601.703126103
73d,2575644.500000000000,6.638099000,6.609235000,94.290365000,0.435537000,377946.938550615,149650749.760579407
73d,2575717.500000000000,353.674690000,-5.288982000,285.901898000,-1.341047000,384657.548121744,147384652.681420386
73d,2575790.500000000000,1.380812000,-2.667491000,117.860593000,-1.037789000,402786.887025184,147990609.943818510
73d,2575863.500000000000,5.512324000,6.723132000,308.135971000,0.882626000,367310.750340452,151271299.413281113
73d,2575936.500000000000,354.523862000,-3.603787000,135.948929000,1.478878000,389251.503163806,151658295.244393587
73d,2576009.500000000000,2.997519000,-4.470659000,324.898423000,-0.101782000,399524.311082731,149960838.280211210
73d,2576082.500000000000,3.407330000,6.258309000,156.085444000,-1.480543000,359299.432503156,146934856.306260198
73d,2576155.500000000000,355.243439000,-1.747303000,348.372198000,-0.628785000,392271.293414016,148539445.395195097
73d,2576228.500000000000,3.744592000,-5.646480000,178.385640000,1.262281000,395913.176434495,150678448.720037103
73d,2576301.500000000000,359.622339000,5.656992000,6.414841000,1.219869000,357105.184197266,152312724.172095090
73d,2576374.500000000000,356.284920000,0.184585000,195.213598000,-0.545933000,395846.431013448,149294299.029715687
73d,2576447.500000000000,4.994575000,-6.409341000,26.469708000,-1.553836000,392676.750374446,147611875.738909990
73d,2576520.500000000000,355.763442000,4.926051000,218.817987000,-0.086797000,362794.402096388,147881482.077291697
73d,2576593.500000000000,356.851010000,2.239163000,48.665950000,1.484040000,400162.757010263,151304132.398979992
73d,2576666.500000000000,6.314728000,-6.700639000,236.938901000,0.831746000,388806.955412454,151728283.893156290
73d,2576739.500000000000,354.334598000,3.569885000,65.408532000,-0.970086000,371149.183440275,149790359.817272693
73d,2576812.500000000000,358.476532000,4.299791000,257.049711000,-1.374717000,403524.930177390,147177279.969537705
73d,2576885.500000000000,7.029905000,-6.259191000,88.958393000,0.413315000,382190.624792437,148188288.735239595
73d,2576958.500000000000,353.764486000,1.584522000,279.304404000,1.536960000,379963.027296114,151150339.789883614
73d,2577031.500000000000,0.079058000,5.851607000,107.059383000,0.406859000,404205.389470024,151854203.411485910
73d,2577104.500000000000,7.228142000,-5.067150000,296.066936000,-1.330948000,373027.584450336,149798546.249149293
73d,2577177.500000000000,354.344566000,-0.572157000,127.152864000,-1.081009000,385362.495522900,147004174.140503287
73d,2577250.500000000000,1.564270000,6.563952000,319.557371000,0.925580000,402197.036207425,148427510.556329101
73d,2577323.500000000000,4.621153000,-3.602874000,149.475461000,1.405979000,362363.338665207,150745910.712166697
73d,2577396.500000000000,354.848553000,-2.480944000,337.606928000,-0.091031000,388033.875995540,152336162.267990410
73d,2577469.500000000000,3.379178000,6.545517000,166.263104000,-1.530452000,399550.846949598,149316870.768947005
73d,2577542.500000000000,1.482977000,-2.236892000,357.637026000,-0.616759000,357066.210495867,147618049.481159210
73d,2577615.500000000000,355.107060000,-4.097679000,189.856487000,1.229605000,391757.920317998,147747794.268604904
73d,2577688.500000000000,4.527024000,6.020046000,19.905768000,1.201618000,396314.891590782,151404466.763536215
73d,2577761.500000000000,357.737557000,-0.909592000,208.020253000,-0.600857000,360056.396690430,151668183.232993305
73d,2577834.500000000000,356.115223000,-5.544696000,36.593784000,-1.559686000,396247.139434895,150005300.576415986
73d,2577907.500000000000,6.151745000,4.977262000,228.105033000,-0.101605000,393280.843845926,146980285.272801101
73d,2577980.500000000000,354.756775000,0.772860000,60.073851000,1.444658000,368114.379260522,148262571.271320999
73d,2578053.500000000000,357.015617000,-6.598396000,250.467553000,0.806616000,401705.164774593,150909600.481699407
73d,2578126.500000000000,7.227254000,3.321809000,78.208629000,-1.046579000,386907.596371316,152102637.935062796
73d,2578199.500000000000,354.430152000,2.800762000,267.211650000,-1.355661000,375435.121170938,149731774.977707893
73d,2578272.500000000000,358.775542000,-6.829189000,98.209556000,0.355706000,404487.666702939,147205027.529930204
73d,2578345.500000000000,7.421665000,1.218861000,290.733445000,1.526176000,377453.603957334,148189971.584596306
73d,2578418.500000000000,354.254305000,4.552058000,120.573727000,0.354431000,380984.678747147,150795931.968945891
73d,2578491.500000000000,0.640416000,-6.132409000,308.832649000,-1.394117000,404140.736127127,152227200.022830307
73d,2578564.500000000000,6.343744000,-0.742203000,137.348246000,-1.042998000,367600.975412345,149484227.318879485
73d,2578637.500000000000,354.922614000,5.725384000,328.780029000,0.833528000,383966.978520684,147615356.121326298
73d,2578710.500000000000,2.168862000,-4.807125000,160.909838000,1.446187000,402247.366018401,147726330.833332509
73d,2578783.500000000000,2.543160000,-2.162120000,351.098758000,-0.200954000,359263.248787804,151352498.190358400
73d,2578856.500000000000,355.053597000,6.374179000,179.117592000,-1.512837000,387358.282014812,151601386.641341805
73d,2578929.500000000000,4.025862000,-3.168792000,7.828535000,-0.642941000,399650.309621229,150128268.314498693
73d,2579002.500000000000,359.194251000,-3.430158000,199.141906000,1.190995000,358622.689192577,146950162.318013608
73d,2579075.500000000000,355.135172000,6.658716000,31.251242000,1.219361000,392366.591435598,148398477.018944114
73d,2579148.500000000000,5.335961000,-1.270002000,221.547951000,-0.709219000,396834.252884299,150678267.916141003
73d,2579221.500000000000,356.435945000,-4.789105000,49.393106000,-1.499734000,364313.435535798,152204165.235447913
73d,2579294.500000000000,356.304587000,6.344535000,238.331646000,-0.159536000,398248.996844635,149563500.583018988
73d,2579367.500000000000,6.834707000,0.926699000,69.338771000,1.470178000,392119.291370571,147459905.338171601
73d,2579440.500000000000,355.024430000,-6.038722000,261.844815000,0.769025000,372462.631259628,148054819.104783714
73d,2579513.500000000000,357.288732000,5.194427000,91.676875000,-1.088153000,403270.205454411,150957127.771633208
73d,2579586.500000000000,7.541736000,3.106189000,280.035594000,-1.318081000,383251.331537905,152010975.806049287
73d,2579659.500000000000,355.243421000,-6.678500000,108.422670000,0.320157000,377285.790657729,149611747.711952686
73d,2579732.500000000000,359.240359000,3.315096000,299.966571000,1.572474000,405015.131465813,147486588.188792408
73d,2579805.500000000000,6.612755000,4.730921000,131.960632000,0.291167000,371863.841335741,147856034.027079910
73d,2579878.500000000000,355.168067000,-6.557659000,322.280575000,-1.387612000,379781.389088715,151295268.552165002
73d,2579951.500000000000,1.001878000,1.172762000,150.202478000,-1.037643000,404372.642194189,151651359.600006104
73d,2580024.500000000000,4.753675000,5.674256000,339.000324000,0.845000000,362983.137628588,150090331.744423509
73d,2580097.500000000000,355.366734000,-5.961208000,170.198286000,1.455081000,382619.614849580,146913808.301053911
73d,2580170.500000000000,2.516926000,-0.889478000,2.446773000,-0.226794000,402459.928087871,148458474.565313697
73d,2580243.500000000000,0.723786000,6.186380000,192.627439000,-1.495555000,359619.441731878,150624265.794069707
73d,2580316.500000000000,355.013065000,-5.059556000,20.598336000,-0.641690000,387396.597809247,152339119.639826089
73d,2580389.500000000000,4.518880000,-2.888116000,209.388274000,1.237196000,400372.756481467,149424013.209648490
73d,2580462.500000000000,358.085462000,6.617321000,40.485198000,1.194582000,362470.498459411,147559136.073143601
73d,2580535.500000000000,354.932593000,-3.653848000,232.928804000,-0.681572000,394601.649726711,147838835.093942791
73d,2580608.500000000000,5.951762000,-4.758593000,62.871829000,-1.523990000,395867.438113875,151171151.350037813
73d,2580681.500000000000,356.744796000,6.651701000,251.167182000,-0.085123000,368886.579412661,151903624.057166010
73d,2580754.500000000000,356.131483000,-1.594012000,79.545145000,1.458515000,400449.705973263,149842866.318023801
73d,2580827.500000000000,7.515738000,-6.161831000,271.098849000,0.788856000,389046.198332514,147258494.887281209
73d,2580900.500000000000,356.058412000,5.933315000,103.026585000,-1.070369000,374462.843749571,147926574.250732094
73d,2580973.500000000000,357.477277000,0.798174000,293.512077000,-1.327907000,404486.599910491,151122951.533881694
73d,2581046.500000000000,7.405560000,-6.730995000,121.295565000,0.413936000,378031.527184570,151854687.148400396
73d,2581119.500000000000,356.312475000,4.583092000,310.184141000,1.544727000,376516.385275016,150061880.059750706
73d,2581192.500000000000,359.446005000,2.945926000,141.227115000,0.357822000,405630.676009248,146991818.248180211
73d,2581265.500000000000,5.624008000,-6.550859000,333.624600000,-1.400547000,366661.185498861,148337823.892981589
73d,2581338.500000000000,355.324320000,3.036827000,163.726504000,-0.995575000,378318.752327910,150573714.346514910
73d,2581411.500000000000,1.372519000,4.619529000,351.825979000,0.917535000,404564.005988047,152398835.227282614
73d,2581484.500000000000,3.341010000,-6.054756000,180.460718000,1.419573000,361506.032933278,149458285.192835391
73d,2581557.500000000000,354.797611000,1.390232000,11.634298000,-0.118738000,381945.813662089,147672021.583143592
73d,2581630.500000000000,3.262797000,5.859548000,203.976281000,-1.558052000,403201.416269096,147655949.659554690
73d,2581703.500000000000,359.722970000,-5.455517000,34.044749000,-0.525918000,362512.699988878,151220426.027406603
73d,2581776.500000000000,354.268419000,-0.492093000,222.282335000,1.228704000,389396.462669022,151744603.408680588
73d,2581849.500000000000,5.493231000,6.637705000,50.743241000,1.239798000,399821.675454304,150104603.509177804
73d,2581922.500000000000,358.091204000,-4.357297000,242.158923000,-0.653144000,367362.914005880,147159492.199340492
73d,2581995.500000000000,354.441544000,-2.638966000,74.141567000,-1.526267000,397511.961490921,148088896.908169389
73d,2582068.500000000000,6.996062000,6.712822000,264.646596000,0.007242000,393118.214811379,150834480.457032502
73d,2582141.500000000000,357.259792000,-2.621701000,92.427425000,1.447013000,371412.143903161,151970174.322733313
73d,2582214.500000000000,356.210411000,-4.626498000,281.373572000,0.845541000,402867.325313795,149942315.570013404
73d,2582287.500000000000,7.923758000,5.908938000,112.272046000,-1.071077000,383940.406603294,147223738.176089913
73d,2582360.500000000000,356.740445000,-0.574048000,304.791430000,-1.307718000,373460.661459893,148234909.164032012
73d,2582433.500000000000,357.866317000,-5.939333000,134.781635000,0.472003000,405790.524353383,150622623.129212886
73d,2582506.500000000000,6.936440000,4.558564000,323.061562000,1.536243000,372712.888057934,152275065.481740892
73d,2582579.500000000000,356.189036000,1.284606000,151.538597000,0.400340000,374443.612997317,149510941.427408993
73d,2582652.500000000000,0.200854000,-6.513643000,342.827063000,-1.426666000,405976.437258594,147703787.975300193
73d,2582725.500000000000,4.170035000,3.185061000,175.028153000,-0.935236000,364670.342780738,147644596.740431190
73d,2582798.500000000000,354.413437000,2.835982000,5.225205000,0.905296000,377191.627547777,151273474.804406285
73d,2582871.500000000000,2.436514000,-6.490994000,193.378294000,1.460426000,405092.392183464,151618083.982184589
73d,2582944.500000000000,1.806670000,1.783231000,21.919161000,-0.146888000,363016.090864617,150189380.633851290
73d,2583017.500000000000,353.791202000,4.410285000,213.246407000,-1.517325000,383701.398256917,147036840.826601595
73d,2583090.500000000000,4.462470000,-5.906725000,45.319770000,-0.538290000,402691.263405969,148294386.394840807
73d,2583163.500000000000,359.193398000,0.152913000,235.749700000,1.266418000,366727.446120004,150697048.390753597
73d,2583236.500000000000,353.774273000,5.853128000,63.601388000,1.220414000,392616.221404565,152145656.198423803
73d,2583309.500000000000,6.618710000,-4.598320000,252.486318000,-0.666098000,397968.136521846,149703565.460821092
73d,2583382.500000000000,358.253359000,-1.836416000,83.393415000,-1.496879000,370294.198210147,147364169.927121997
73d,2583455.500000000000,354.768935000,6.717949000,275.937859000,-0.020295000,400749.265627333,148058379.414485008
73d,2583528.500000000000,7.315510000,-2.668076000,105.894197000,1.489632000,388706.175617193,150826656.039298207
73d,2583601.500000000000,357.737223000,-3.720871000,294.252432000,0.787834000,371036.724048116,152182725.481379986
73d,2583674.500000000000,356.901640000,6.684492000,122.594986000,-1.055435000,404880.628093516,149646298.483245999
73d,2583747.500000000000,7.381955000,-0.568488000,314.025957000,-1.308335000,378573.944631501,147557327.874037296
73d,2583820.500000000000,356.638637000,-5.041842000,146.074353000,0.444053000,370870.539378864,147658879.627399087
73d,2583893.500000000000,358.913992000,5.855362000,336.470429000,1.586124000,406196.343788315,151246967.472846508
73d,2583966.500000000000,5.369487000,1.157623000,164.451271000,0.291103000,369859.805812211,151683936.168497413
73d,2584039.500000000000,355.620945000,-5.911419000,353.093291000,-1.354152000,372306.389496552,150254661.372592598
73d,2584112.500000000000,1.293120000,4.552242000,184.283067000,-1.018369000,406262.908556536,146934381.193968505
73d,2584185.500000000000,2.366001000,2.565752000,16.480258000,0.946283000,365521.476994872,148316866.473403811
73d,2584258.500000000000,353.663714000,-6.517747000,206.874259000,1.408935000,378809.002560545,150559374.895868093
73d,2584331.500000000000,3.366129000,2.859119000,34.802282000,-0.192816000,404517.165362762,152366176.582133293
73d,2584404.500000000000,0.855448000,4.077249000,223.570657000,-1.499113000,366588.377430339,149634427.505906492
73d,2584477.500000000000,353.360206000,-6.752819000,54.514185000,-0.611358000,387404.883855389,147523429.041037887
73d,2584550.500000000000,5.267105000,0.717049000,247.032291000,1.307547000,401219.359792790,147769329.566548288
73d,2584623.500000000000,359.318858000,5.511748000,77.054417000,1.132985000,369360.297195104,150935115.745285392
73d,2584696.500000000000,354.106959000,-6.213522000,265.412095000,-0.683558000,396590.608398571,152033070.625255495
73d,2584769.500000000000,6.832331000,-1.607142000,93.724586000,-1.518132000,394568.109886514,149937109.753940612
73d,2584842.500000000000,359.140319000,6.453985000,285.140683000,-0.059737000,370318.112483029,147450117.426756710
73d,2584915.500000000000,355.495941000,-4.808903000,117.131268000,1.498958000,403209.319712406,147734625.742380410
73d,2584988.500000000000,6.758883000,-3.621405000,307.692510000,0.694971000,383929.026059975,151039496.516034693
73d,2585061.500000000000,358.119289000,6.645735000,135.552802000,-1.055699000,368694.299046599,151760448.093829095
73d,2585134.500000000000,357.820602000,-2.895297000,324.330232000,-1.371990000,405597.051349460,150262263.715862691
73d,2585207.500000000000,5.994901000,-4.977059000,155.291601000,0.454581000,374839.839589014,147037152.780283600
73d,2585280.500000000000,356.366452000,6.352486000,347.663756000,1.533887000,368229.246877022,148292105.540464610
73d,2585353.500000000000,359.686104000,-0.847347000,177.943462000,0.254509000,406495.809307404,150436055.493738294
73d,2585426.500000000000,3.955899000,-5.808425000,6.031891000,-1.397858000,369104.711122587,152397449.030158311
73d,2585499.500000000000,354.899091000,5.823613000,194.676859000,-1.019954000,372853.231834076,149591519.119662613
73d,2585572.500000000000,1.912853000,1.256043000,25.672179000,0.922370000,405955.693657612,147727839.063903511
73d,2585645.500000000000,1.840294000,-6.438597000,218.106053000,1.370489000,368549.870678180,147636921.093933314
73d,2585718.500000000000,352.980707000,4.937722000,48.201832000,-0.216096000,382372.032998585,151040393.335217595
73d,2585791.500000000000,3.969465000,3.390315000,236.549901000,-1.549509000,403765.663895411,151787891.141408712
73d,2585864.500000000000,1.196768000,-6.730169000,64.882342000,-0.575495000,369476.860907119,150105586.113561392
73d,2585937.500000000000,353.217520000,3.294833000,256.248795000,1.252533000,392066.977178012,147320258.629100800
73d,2586010.500000000000,5.568935000,5.253029000,88.239736000,1.139441000,398449.901176254,147977695.267701209
73d,2586083.500000000000,0.450889000,-6.336424000,278.820436000,-0.749268000,369518.540736321,150868063.848188013
73d,2586156.500000000000,354.368491000,1.071027000,106.668566000,-1.516067000,399709.431210201,151878534.171859592
73d,2586229.500000000000,6.810197000,6.388308000,295.509378000,-0.037111000,390414.834941739,150080123.259274006
73d,2586302.500000000000,359.889197000,-5.262226000,126.355158000,1.445840000,367780.438445545,147156139.183685213
73d,2586375.500000000000,356.119164000,-1.224581000,318.845234000,0.739164000,404189.089082954,148233392.676964015
73d,2586448.500000000000,6.015418000,6.652602000,148.981545000,-1.149457000,380205.125456084,150506350.588635594
73d,2586521.500000000000,357.932892000,-3.949451000,337.254116000,-1.308939000,365621.758828575,152370322.599269092
73d,2586594.500000000000,358.388719000,-3.213546000,165.711296000,0.427082000,406011.579736196,149581199.622689486
73d,2586667.500000000000,5.094804000,6.408806000,356.869301000,1.540596000,373123.398484359,147739912.027736813
73d,2586740.500000000000,355.134440000,-2.656636000,189.160347000,0.257651000,368135.768526687,147553476.433433712
73d,2586813.500000000000,0.298767000,-4.855983000,19.403948000,-1.460361000,406271.499040438,151177454.249811292
73d,2586886.500000000000,3.618504000,5.904444000,207.649744000,-0.931580000,371025.672766288,151702292.114575893
73d,2586959.500000000000,353.488093000,-1.061229000,36.023323000,0.855185000,375514.537344264,150250569.826650292
73d,2587032.500000000000,2.730094000,-6.147922000,227.334846000,1.438306000,405670.613104087,147095004.888061404
73d,2587105.500000000000,2.241536000,5.007379000,59.369972000,-0.269185000,371413.722306782,148098666.188789994
73d,2587178.500000000000,352.342597000,0.961344000,249.970493000,-1.532573000,387101.207345857,150711016.016988814
73d,2587251.500000000000,4.626059000,-6.817549000,77.821097000,-0.534848000,401714.889115857,152150686.160286307
73d,2587324.500000000000,2.117946000,3.448348000,266.633702000,1.245581000,370628.297356033,149950390.586024791
73d,2587397.500000000000,353.207231000,3.131041000,97.442732000,1.189611000,396052.299070693,147289796.263476908
73d,2587470.500000000000,5.971894000,-6.579962000,289.995748000,-0.796287000,394605.681620745,147988301.873014301
73d,2587543.500000000000,0.834779000,1.525720000,120.103443000,-1.462350000,367180.291414515,150601331.477853686
73d,2587616.500000000000,354.977629000,4.912977000,308.452807000,-0.023251000,401523.180619839,152307998.614531010
73d,2587689.500000000000,6.617725000,-5.560641000,136.776599000,1.477709000,386410.923003906,149751382.999682188
73d,2587762.500000000000,359.440167000,-0.295522000,328.046617000,0.762877000,363849.261975964,147699746.798494101
73d,2587835.500000000000,356.948578000,6.009417000,160.179438000,-1.157798000,404773.477664257,147504101.890586406
73d,2587908.500000000000,5.393479000,-4.221480000,350.651592000,-1.258806000,378138.458415104,151129307.792330086
73d,2587981.500000000000,356.352841000,-1.742602000,178.735298000,0.452447000,364316.942843321,151681604.415575892
73d,2588054.500000000000,359.380626000,6.540172000,7.242859000,1.594063000,405753.054795080,150405539.933059603
73d,2588127.500000000000,4.456606000,-2.775209000,198.368843000,0.247536000,374463.377187101,147033513.729932606
73d,2588200.500000000000,353.298852000,-3.192967000,30.512112000,-1.402156000,370431.669843628,148167332.312232703
73d,2588273.500000000000,1.371411000,6.527247000,221.085554000,-0.926477000,406057.349291141,150455944.322007209
73d,2588346.500000000000,3.431864000,-1.089868000,49.002239000,0.943538000,373336.837579670,152305136.971856892
73d,2588419.500000000000,352.505671000,-4.826189000,237.762968000,1.423257000,380433.882403287,149863092.210075110
73d,2588492.500000000000,3.580781000,5.767382000,68.543977000,-0.215998000,404159.210402620,147562003.791612089
73d,2588565.500000000000,2.810978000,0.944356000,261.117267000,-1.524330000,372560.832488834,147792890.184181511
73d,2588638.500000000000,352.409613000,-6.149015000,91.215370000,-0.496811000,391661.897954705,150696747.168534398
73d,2588711.500000000000,5.155385000,4.204121000,279.635952000,1.315148000,398813.590049854,152076154.792538285
73d,2588784.500000000000,2.380111000,2.932265000,107.897557000,1.163294000,368822.902983190,149933423.203952402
73d,2588857.500000000000,354.133702000,-6.718279000,299.176435000,-0.723922000,398733.277988088,147627027.032980114
73d,2588930.500000000000,5.726766000,2.177732000,131.239623000,-1.481549000,390976.808949699,147635802.384623110
73d,2589003.500000000000,0.315745000,4.393316000,321.832942000,0.044177000,362969.865614062,151024353.902222306
73d,2589076.500000000000,356.103432000,-6.468268000,149.812583000,1.509156000,402517.031739197,151690024.425365001
73d,2589149.500000000000,5.857507000,0.193639000,338.476826000,0.748265000,383811.730940223,150380968.855827391
73d,2589222.500000000000,357.974808000,5.359781000,169.400803000,-1.080118000,360965.308731863,147059180.226579785
73d,2589295.500000000000,358.095112000,-5.647864000,1.716139000,-1.322483000,404372.372103603,148243394.268203110
73d,2589368.500000000000,4.517081000,-1.499757000,192.142335000,0.573289000,378975.713558864,150359834.642338514
73d,2589441.500000000000,354.741535000,6.104102000,20.214004000,1.531924000,365274.976097693,152376258.040640086
73d,2589514.500000000000,0.326890000,-4.353550000,208.846969000,0.306286000,405505.231494494,149707827.355197787
73d,2589587.500000000000,4.007207000,-3.205254000,39.705443000,-1.414293000,376692.272180419,147719624.723450094
73d,2589660.500000000000,352.487342000,6.710166000,232.215667000,-0.913611000,375581.450680515,147650480.286273688
73d,2589733.500000000000,1.912515000,-2.523084000,62.365057000,0.995181000,404895.305917320,150916093.921612501
73d,2589806.500000000000,3.851518000,-4.888828000,250.802225000,1.382805000,374699.321264063,151909383.214741290
73d,2589879.500000000000,352.576573000,6.721456000,79.005051000,-0.166969000,385787.389391042,150088418.940568686
73d,2589952.500000000000,3.875789000,-0.215077000,270.327892000,-1.556961000,402135.359759064,147396674.221267611
73d,2590025.500000000000,3.391583000,-6.123708000,102.335650000,-0.460302000,370640.960642388,147778651.770188510
73d,2590098.500000000000,353.438262000,5.852276000,293.002992000,1.330121000,394758.662506615,150903084.253316909
73d,2590171.500000000000,4.814087000,2.064315000,120.927254000,1.133390000,396016.638216445,151880932.248519301
73d,2590244.500000000000,2.593561000,-6.614200000,309.638458000,-0.701562000,364566.496773903,150291529.631199509
73d,2590317.500000000000,355.280402000,4.332965000,140.450776000,-1.517323000,399783.505042202,147102572.627272606
73d,2590390.500000000000,4.923729000,3.857534000,332.904482000,0.088683000,388547.665578280,148155106.545295507
73d,2590463.500000000000,359.352562000,-6.514082000,163.219407000,1.468376000,359612.228427670,150357076.477872401
73d,2590536.500000000000,357.006509000,2.516560000,351.444574000,0.765195000,401984.083282874,152443666.291331798
73d,2590609.500000000000,5.054747000,5.145485000,179.889996000,-1.126360000,383660.134039915,149713185.611734986
73d,2590682.500000000000,356.517466000,-6.238419000,10.879056000,-1.297870000,360777.948056361,147779198.136418790
73d,2590755.500000000000,358.615307000,0.537709000,203.247729000,0.545248000,404078.092158314,147458637.924966902
73d,2590828.500000000000,4.390192000,6.093701000,33.578631000,1.540148000,380453.041506568,151015364.061284900
73d,2590901.500000000000,353.759534000,-5.724104000,221.916732000,0.249224000,369729.511364315,151807378.277114689
73d,2590974.500000000000,0.557648000,-1.648247000,50.169149000,-1.419152000,404828.200137742,150360230.702330112
73d,2591047.500000000000,4.808583000,6.698706000,241.420517000,-0.917483000,378372.963755634,147233060.082868487
73d,2591120.500000000000,352.296000000,-4.567305000,73.418560000,0.953065000,381312.400276107,147867585.575932801
73d,2591193.500000000000,2.082232000,-3.846071000,264.191232000,1.386871000,403723.786553000,150627427.929911286
73d,2591266.500000000000,4.770018000,6.637707000,92.065952000,-0.257191000,373306.307487337,152071556.512359411
73d,2591339.500000000000,353.164088000,-2.657410000,280.803608000,-1.539710000,389855.933326580,150225169.974779010
73d,2591412.500000000000,3.729855000,-5.526036000,111.514208000,-0.503468000,399987.526852798,147323108.047912091
73d,2591485.500000000000,3.984550000,5.815570000,304.061918000,1.310792000,366098.783486535,147984948.327072412
73d,2591558.500000000000,354.169409000,-0.446978000,134.314357000,1.115579000,396054.563130441,150374464.884148210
73d,2591631.500000000000,4.535532000,-6.390808000,322.668479000,-0.797558000,393740.822329818,152341539.824079514
73d,2591704.500000000000,2.001118000,4.645246000,150.987112000,-1.462434000,360209.583968652,149809843.741359711
73d,2591777.500000000000,355.908421000,1.639138000,342.052857000,-0.018379000,399149.560316310,147834280.680785388
73d,2591850.500000000000,4.688527000,-6.564011000,174.287718000,1.512471000,388114.926078937,147425610.385455012
73d,2591923.500000000000,357.715713000,3.568004000,4.778518000,0.672246000,358640.728019043,151014380.853255987
73d,2591996.500000000000,357.343073000,3.491660000,192.993833000,-1.149584000,401768.054863280,151672345.571112812
73d,2592069.500000000000,5.269596000,-6.325626000,21.408388000,-1.301112000,384392.668665065,150489144.074788302
73d,2592142.500000000000,354.774536000,2.275819000,212.474122000,0.484325000,364430.796966354,147171851.984166890
73d,2592215.500000000000,358.863346000,5.167191000,44.583264000,1.566767000,403888.404894506,148067952.081587195
73d,2592288.500000000000,5.365879000,-5.644751000,235.296204000,0.137494000,381799.896883839,150408871.451872885
73d,2592361.500000000000,352.798899000,0.496670000,63.214928000,-1.391705000,375042.407008104,152184216.255165190
73d,2592434.500000000000,0.958859000,6.413687000,251.961708000,-0.958104000,404633.984305020,150011018.266079813
73d,2592507.500000000000,5.851313000,-4.296594000,82.614996000,0.947297000,377599.009034706,147542858.505522311
73d,2592580.500000000000,352.500602000,-1.677065000,275.200428000,1.376989000,385644.433169976,147864579.602568090
73d,2592653.500000000000,2.296930000,6.843724000,105.396744000,-0.332268000,402345.170021631,150552988.653305590
73d,2592726.500000000000,5.312028000,-2.448363000,293.867631000,-1.519785000,369548.972469414,152179667.918633610
73d,2592799.500000000000,353.685944000,-3.683222000,122.059073000,-0.541608000,391871.796438491,149910499.313101590
73d,2592872.500000000000,3.916815000,6.361911000,313.231490000,1.337214000,397890.394075568,147708844.942936510
73d,2592945.500000000000,3.102831000,-0.643010000,145.354754000,1.058738000,361176.554653539,147493172.504346699
73d,2593018.500000000000,354.820402000,-5.152247000,335.957547000,-0.811631000,395610.686204026,151005783.945323914
73d,2593091.500000000000,4.644701000,5.275094000,164.077605000,-1.479199000,392887.479195702,151699767.018267989
73d,2593164.500000000000,0.072551000,0.841635000,352.577742000,-0.009337000,357381.155420103,150511930.857719690
73d,2593237.500000000000,356.493066000,-6.129881000,183.504144000,1.506116000,398719.287934633,147078616.331922710
73d,2593310.500000000000,4.920834000,3.918300000,15.784336000,0.647986000,388718.782061592,148142825.526613504
73d,2593383.500000000000,355.554313000,2.138016000,206.368572000,-1.161549000,361241.172351795,150315934.247587293
73d,2593456.500000000000,357.866181000,-6.665189000,34.430749000,-1.313618000,401611.559656629,152377058.904009491
73d,2593529.500000000000,5.807547000,2.217004000,223.033255000,0.531548000,385881.594568933,149872762.051148415
73d,2593602.500000000000,353.357724000,3.752845000,53.734927000,1.520019000,369676.861803630,147660921.853030801
73d,2593675.500000000000,359.436149000,-6.558602000,246.303232000,0.164524000,404170.373423152,147599427.042093307
73d,2593748.500000000000,5.975093000,0.153358000,76.551669000,-1.443891000,381142.701840926,150734353.580076993
73d,2593821.500000000000,352.827168000,5.355204000,265.034052000,-0.904862000,379919.610994214,152076104.066028297
73d,2593894.500000000000,1.342981000,-5.563561000,93.155849000,0.950474000,403972.117910549,150173110.058363408
73d,2593967.500000000000,6.292004000,-2.013510000,284.387553000,1.370138000,374331.572217390,147536770.005761206
73d,2594040.500000000000,353.307738000,6.365609000,116.397088000,-0.301801000,388008.372479557,147539164.136504114
73d,2594113.500000000000,2.579481000,-3.820500000,307.195158000,-1.570517000,400780.328067786,150825780.766622007
73d,2594186.500000000000,4.495086000,-3.693887000,135.186037000,-0.442675000,364614.126798553,151832870.449856907
73d,2594259.500000000000,354.798866000,6.631476000,323.758646000,1.306507000,391884.718297936,150525237.663485199
73d,2594332.500000000000,3.891167000,-1.825603000,154.548129000,1.107727000,396890.862345845,147148399.100699693
73d,2594405.500000000000,1.171999000,-4.766875000,346.933887000,-0.810406000,357271.683176743,148086288.436174005
73d,2594478.500000000000,355.665508000,6.308335000,177.454924000,-1.482811000,395236.899342766,150202358.478897899
73d,2594551.500000000000,4.569784000,0.115354000,5.663719000,0.085303000,392953.483334878,152450619.221495092
73d,2594624.500000000000,357.943491000,-5.616994000,194.109615000,1.458722000,357983.122770157,149864229.561877310
73d,2594697.500000000000,357.041964000,5.534314000,24.909032000,0.751651000,398392.491977048,147843721.319349587
73d,2594770.500000000000,5.198771000,2.044677000,217.347199000,-1.220778000,390220.266879303,147416393.576610386
73d,2594843.500000000000,354.334756000,-6.398911000,47.711675000,-1.229560000,365875.219187285,150795572.620768100
73d,2594916.500000000000,358.226243000,4.178676000,236.153135000,0.559183000,402201.194128884,151849707.892442703
73d,2594989.500000000000,6.273219000,3.983873000,64.335029000,1.543322000,385840.381929517,150416492.913518399
73d,2595062.500000000000,353.516864000,-6.820336000,255.473292000,0.214075000,375367.646148688,147451095.451877505
73d,2595135.500000000000,359.547198000,2.154552000,87.477919000,-1.461530000,404199.825659751,147743975.540066689
73d,2595208.500000000000,6.523185000,5.592529000,278.361206000,-0.820674000,378084.213565318,150581650.308963001
73d,2595281.500000000000,353.724663000,-6.455128000,106.279571000,0.963740000,383072.773222986,151918973.734689504
73d,2595354.500000000000,1.413301000,-0.200720000,294.982800000,1.417993000,403297.497067300,150387599.045271814
73d,2595427.500000000000,6.095651000,6.438030000,125.589672000,-0.287245000,368920.401786550,147329718.143811405
73d,2595500.500000000000,354.550153000,-5.353364000,318.097796000,-1.563793000,387955.749301098,148028747.623342007
73d,2595573.500000000000,2.389751000,-2.336779000,148.514474000,-0.380211000,400295.662465299,150235326.787301213
73d,2595646.500000000000,3.361581000,6.569061000,336.866728000,1.319622000,359760.058305656,152384084.551133007
73d,2595719.500000000000,355.548933000,-3.893077000,165.190889000,1.149829000,391142.854391735,149854528.533831686
73d,2595792.500000000000,3.739626000,-4.062386000,356.096938000,-0.818620000,396908.461437867,147900309.117455214
73d,2595865.500000000000,359.415825000,6.441591000,188.412507000,-1.427051000,356962.784588727,147369504.761266202
73d,2595938.500000000000,355.775862000,-2.247962000,18.898749000,0.081316000,394722.160553282,150914722.303632587
73d,2596011.500000000000,4.911348000,-5.440814000,207.248965000,1.527757000,394097.582490472,151708277.819856703
73d,2596084.500000000000,356.654522000,6.150448000,35.504169000,0.720431000,361526.903581302,150519155.264438689
73d,2596157.500000000000,356.885624000,-0.228738000,226.551448000,-1.166741000,399181.019345302,147263405.127554297
73d,2596230.500000000000,6.051984000,-6.460278000,58.653835000,-1.239658000,390271.637253549,147944187.156046212
73d,2596303.500000000000,354.385656000,5.373882000,249.466506000,0.607804000,371402.618647343,150447195.861793697
73d,2596376.500000000000,358.019188000,2.052507000,77.441401000,1.554987000,402947.170170325,152139232.853809893
73d,2596449.500000000000,7.354002000,-6.817176000,266.126729000,0.190885000,383698.479962270,150182093.411332190
73d,2596522.500000000000,354.215681000,3.839023000,96.669646000,-1.405938000,379158.504219196,147445213.453749210
73d,2596595.500000000000,359.547830000,4.168540000,289.287916000,-0.854843000,404376.049476979,147835879.659272611
73d,2596668.500000000000,6.799637000,-6.342456000,119.599233000,1.029221000,372862.454167823,150386343.313046098
73d,2596741.500000000000,354.616615000,1.839639000,308.080883000,1.395058000,383534.477842776,152329917.506865799
73d,2596814.500000000000,1.404122000,5.629342000,136.244571000,-0.290401000,403200.277227912,149988897.993545502
73d,2596887.500000000000,5.470422000,-5.317578000,327.281339000,-1.526213000,363160.785183737,147808762.845679611
73d,2596960.500000000000,354.871416000,-0.133154000,159.460953000,-0.426389000,386774.260309157,147324488.570833504
73d,2597033.500000000000,2.664684000,6.357830000,350.134664000,1.406594000,400263.817774604,150908315.819337398
73d,2597106.500000000000,1.762347000,-4.264108000,178.353971000,1.047535000,358106.580390186,151721305.984310895
73d,2597179.500000000000,355.358782000,-1.988532000,6.679509000,-0.745804000,390047.412979349,150657935.019873202
73d,2597252.500000000000,4.471239000,6.564544000,197.602801000,-1.484668000,397822.406851946,147151250.216228902
73d,2597325.500000000000,357.713053000,-3.193345000,29.789493000,0.104484000,360004.347357699,147986343.193379611
73d,2597398.500000000000,355.423522000,-3.805608000,220.584780000,1.526043000,395753.004564087,150239065.536536604
73d,2597471.500000000000,5.983756000,6.252737000,48.655919000,0.661105000,393975.055034682,152354084.342785001
73d,2597544.500000000000,355.861092000,-1.603115000,237.217299000,-1.138927000,366921.167629566,150115821.460875690
73d,2597617.500000000000,356.686806000,-5.482321000,67.801127000,-1.296842000,400759.390387358,147670471.714708388
73d,2597690.500000000000,7.315267000,5.224181000,260.387508000,0.645411000,388291.682639416,147567958.125299692
2400_sunset,2597714.541666666977,5.160065000,6.631879000,327.722752000,1.166646000,,
2400_sunset,2597714.562500000000,5.193119000,6.634637000,327.469671000,1.167158000,,
2400_sunset,2597714.583333333023,5.225992000,6.637202000,327.216589000,1.167670000,,
2400_sunset,2597714.604166666977,5.258685000,6.639574000,326.963504000,1.168181000,,
2400_sunset,2597714.625000000000,5.291195000,6.641753000,326.710416000,1.168692000,,
2400_sunset,2597714.645833333023,5.323522000,6.643740000,326.457327000,1.169202000,,
2400_sunset,2597714.666666666977,5.355665000,6.645535000,326.204235000,1.169711000,,
2400_sunset,2597714.687500000000,5.387622000,6.647139000,325.951140000,1.170220000,,
2400_sunset,2597714.708333333023,5.419394000,6.648550000,325.698044000,1.170728000,,
2400_sunset,2597714.729166666977,5.450979000,6.649771000,325.444945000,1.171235000,,
2400_sunset,2597714.750000000000,5.482376000,6.650801000,325.191843000,1.171742000,,
2400_sunset,2597714.770833333023,5.513584000,6.651641000,324.938739000,1.172249000,,
2400_sunset,2597714.791666666977,5.544603000,6.652291000,324.685633000,1.172754000,,
2400_sunset,2597714.812500000000,5.575431000,6.652750000,324.432524000,1.173259000,,
2400_sunset,2597714.833333333023,5.606068000,6.653021000,324.179413000,1.173764000,,
2400_sunset,2597714.854166666977,5.636512000,6.653102000,323.926299000,1.174268000,,
2400_sunset,2597714.875000000000,5.666763000,6.652994000,323.673183000,1.174771000,,
2400_sunset,2597714.895833333023,5.696820000,6.652698000,323.420064000,1.175274000,,
2400_sunset,2597714.916666666977,5.726683000,6.652214000,323.166943000,1.175776000,,
2400_sunset,2597714.937500000000,5.756350000,6.651543000,322.913819000,1.176278000,,
2400_sunset,2597714.958333333023,5.785820000,6.650684000,322.660693000,1.176779000,,
2400_sunset,2597714.979166666977,5.815093000,6.649639000,322.407564000,1.177279000,,
2400_sunset,2597715.000000000000,5.844169000,6.648407000,322.154433000,1.177779000,,
2400_sunset,2597715.020833333023,5.873045000,6.646988000,321.901299000,1.178278000,,
2400_sunset,2597715.041666666977,5.901722000,6.645385000,321.648163000,1.178776000,,
2400_sunset,2597715.062500000000,5.930199000,6.643596000,321.395024000,1.179274000,,
2400_sunset,2597715.083333333023,5.958475000,6.641622000,321.141883000,1.179772000,,
2400_sunset,2597715.104166666977,5.986549000,6.639464000,320.888739000,1.180268000,,
2400_sunset,2597715.125000000000,6.014421000,6.637122000,320.635592000,1.180765000,,
2400_sunset,2597715.145833333023,6.042090000,6.634597000,320.382443000,1.181260000,,
2400_sunset,2597715.166666666977,6.069555000,6.631888000,320.129291000,1.181755000,,
2400_sunset,2597715.187500000000,6.096815000,6.628997000,319.876137000,1.182249000,,
2400_sunset,2597715.208333333023,6.123871000,6.625924000,319.622980000,1.182743000,,
2400_sunset,2597715.229166666977,6.150720000,6.622669000,319.369820000,1.183236000,,
2400_sunset,2597715.250000000000,6.177364000,6.619233000,319.116658000,1.183729000,,
2400_sunset,2597715.270833333023,6.203800000,6.615616000,318.863492000,1.184221000,,
2400_sunset,2597715.291666666977,6.230029000,6.611820000,318.610325000,1.184712000,,
2400_sunset,2597715.312500000000,6.256049000,6.607843000,318.357154000,1.185203000,,
2400_sunset,2597715.333333333023,6.281861000,6.603687000,318.103981000,1.185693000,,
2400_sunset,2597715.354166666977,6.307463000,6.599352000,317.850806000,1.186182000,,
2400_sunset,2597715.375000000000,6.332856000,6.594839000,317.597627000,1.186671000,,
2400_sunset,2597715.395833333023,6.358038000,6.590148000,317.344446000,1.187160000,,
2400_sunset,2597715.416666666977,6.383009000,6.585280000,317.091262000,1.187647000,,
2400_sunset,2597715.437500000000,6.407768000,6.580236000,316.838075000,1.188135000,,
2400_sunset,2597715.458333333023,6.432315000,6.575015000,316.584886000,1.188621000,,
2400_sunset,2597715.479166666977,6.456650000,6.569618000,316.331694000,1.189107000,,
2400_sunset,2597715.500000000000,6.480772000,6.564046000,316.078499000,1.189592000,,
2400_sunset,2597715.520833333023,6.504680000,6.558300000,315.825301000,1.190077000,,
2400_sunset,2597715.541666666977,6.528374000,6.552379000,315.572101000,1.190561000,,
2400_sunrise,2597730.500000000000,354.274479000,-6.364796000,133.154261000,1.398212000,,
2400_sunrise,2597730.520833333023,354.258403000,-6.356556000,132.899950000,1.398315000,,
2400_sunrise,2597730.541666666977,354.242398000,-6.348183000,132.645640000,1.398418000,,
2400_sunrise,2597730.562500000000,354.226465000,-6.339679000,132.391332000,1.398521000,,
2400_sunrise,2597730.583333333023,354.210603000,-6.331043000,132.137026000,1.398624000,,
2400_sunrise,2597730.604166666977,354.194814000,-6.322275000,131.882721000,1.398727000,,
2400_sunrise,2597730.625000000000,354.179096000,-6.313375000,131.628418000,1.398829000,,
2400_sunrise,2597730.645833333023,354.163451000,-6.304344000,131.374117000,1.398932000,,
2400_sunrise,2597730.666666666977,354.147878000,-6.295181000,131.119817000,1.399034000,,
2400_sunrise,2597730.687500000000,354.132378000,-6.285886000,130.865520000,1.399136000,,
2400_sunrise,2597730.708333333023,354.116952000,-6.276460000,130.611223000,1.399239000,,
2400_sunrise,2597730.729166666977,354.101598000,-6.266902000,130.356929000,1.399341000,,
2400_sunrise,2597730.750000000000,354.086319000,-6.257214000,130.102636000,1.399443000,,
2400_sunrise,2597730.770833333023,354.071113000,-6.247393000,129.848345000,1.399544000,,
2400_sunrise,2597730.791666666977,354.055982000,-6.237442000,129.594056000,1.399646000,,
2400_sunrise,2597730.812500000000,354.040925000,-6.227359000,129.339769000,1.399748000,,
2400_sunrise,2597730.833333333023,354.025943000,-6.217146000,129.085483000,1.399849000,,
2400_sunrise,2597730.854166666977,354.011036000,-6.206801000,128.831199000,1.399951000,,
2400_sunrise,2597730.875000000000,353.996204000,-6.196326000,128.576917000,1.400052000,,
2400_sunrise,2597730.895833333023,353.981448000,-6.185720000,128.322636000,1.400154000,,
2400_sunrise,2597730.916666666977,353.966767000,-6.174983000,128.068358000,1.400255000,,
2400_sunrise,2597730.937500000000,353.952163000,-6.164115000,127.814081000,1.400356000,,
2400_sunrise,2597730.958333333023,353.937635000,-6.153117000,127.559806000,1.400458000,,
2400_sunrise,2597730.979166666977,353.923183000,-6.141988000,127.305533000,1.400559000,,
2400_sunrise,2597731.000000000000,353.908809000,-6.130729000,127.051262000,1.400660000,,
2400_sunrise,2597731.020833333023,353.894512000,-6.119340000,126.796992000,1.400761000,,
2400_sunrise,2597731.041666666977,353.880292000,-6.107820000,126.542725000,1.400862000,,
2400_sunrise,2597731.062500000000,353.866151000,-6.096171000,126.288459000,1.400963000,,
2400_sunrise,2597731.083333333023,353.852087000,-6.084392000,126.034195000,1.401064000,,
2400_sunrise,2597731.104166666977,353.838102000,-6.072482000,125.779933000,1.401165000,,
2400_sunrise,2597731.125000000000,353.824195000,-6.060443000,125.525673000,1.401266000,,
2400_sunrise,2597731.145833333023,353.810368000,-6.048275000,125.271415000,1.401367000,,
2400_sunrise,2597731.166666666977,353.796619000,-6.035977000,125.017158000,1.401468000,,
2400_sunrise,2597731.187500000000,353.782951000,-6.023549000,124.762904000,1.401569000,,
2400_sunrise,2597731.208333333023,353.769362000,-6.010992000,124.508651000,1.401670000,,
2400_sunrise,2597731.229166666977,353.755853000,-5.998306000,124.254401000,1.401771000,,
2400_sunrise,2597731.250000000000,353.742425000,-5.985492000,124.000152000,1.401872000,,
2400_sunrise,2597731.270833333023,353.729078000,-5.972548000,123.745906000,1.401973000,,
2400_sunrise,2597731.291666666977,353.715812000,-5.959475000,123.491661000,1.402074000,,
2400_sunrise,2597731.312500000000,353.702628000,-5.946274000,123.237418000,1.402175000,,
2400_sunrise,2597731.333333333023,353.689525000,-5.932944000,122.983177000,1.402276000,,
2400_sunrise,2597731.354166666977,353.676504000,-5.919486000,122.728939000,1.402377000,,
2400_sunrise,2597731.375000000000,353.663566000,-5.905900000,122.474702000,1.402478000,,
2400_sunrise,2597731.395833333023,353.650710000,-5.892185000,122.220467000,1.402579000,,
2400_sunrise,2597731.416666666977,353.637938000,-5.878343000,121.966234000,1.402681000,,
2400_sunrise,2597731.437500000000,353.625248000,-5.864372000,121.712003000,1.402782000,,
2400_sunrise,2597731.458333333023,353.612643000,-5.850275000,121.457775000,1.402883000,,
2400_sunrise,2597731.479166666977,353.600121000,-5.836049000,121.203548000,1.402985000,,
2400_sunrise,2597731.500000000000,353.587684000,-5.821696000,120.949323000,1.403086000,,
73d,2597763.500000000000,354.516500000,0.435867000,90.729193000,1.505990000,375137.475316211,150461882.424612790
73d,2597836.500000000000,358.269099000,-6.564778000,279.279546000,0.156406000,404148.585881866,152143682.632124692
73d,2597909.500000000000,7.849920000,3.546044000,107.352143000,-1.414408000,379170.434542699,150239124.474182397
73d,2597982.500000000000,354.871744000,2.518235000,298.427178000,-0.903149000,379985.099117117,147759749.317239404
73d,2598055.500000000000,359.953789000,-6.727070000,130.485503000,1.049822000,404767.369780796,147407793.527256697
73d,2598128.500000000000,6.090372000,1.693238000,321.363055000,1.321038000,367219.462698300,150745514.850666791
73d,2598201.500000000000,354.822462000,4.154665000,149.443088000,-0.304759000,382534.391290873,151732597.264539212
73d,2598274.500000000000,2.083299000,-6.133159000,337.931169000,-1.582576000,403033.236416739,150677536.089500815
73d,2598347.500000000000,3.536739000,0.092667000,168.637677000,-0.416127000,360015.802336008,147216804.378944010
73d,2598420.500000000000,354.720500000,5.370486000,0.948245000,1.354637000,385434.579572604,148038432.795416504
73d,2598493.500000000000,3.584064000,-5.053307000,191.670256000,1.026945000,400901.602849111,150085340.850756288
73d,2598566.500000000000,359.617876000,-1.258639000,19.842857000,-0.807875000,359319.515093681,152407526.663514286
73d,2598639.500000000000,355.184396000,6.312786000,208.334358000,-1.485314000,390850.895384699,149999429.447886109
73d,2598712.500000000000,5.436993000,-3.541470000,38.967463000,0.079456000,397976.198659026,147891093.621168196
73d,2598785.500000000000,356.552082000,-2.818861000,231.460901000,1.488958000,364974.791042571,147452798.594235808
73d,2598858.500000000000,355.424466000,6.810570000,61.882128000,0.641117000,397819.135320996,150624762.268879801
73d,2598931.500000000000,6.915743000,-1.538112000,250.411109000,-1.219054000,392700.508520879,151897636.835149705
73d,2599004.500000000000,355.671452000,-4.533742000,78.492506000,-1.257931000,371116.551263589,150377440.962445587
73d,2599077.500000000000,357.078366000,6.475559000,269.555214000,0.584713000,402883.008750720,147587414.328104794
73d,2599150.500000000000,7.595347000,0.734373000,101.577309000,1.505205000,384165.433268461,147629370.186923593
73d,2599223.500000000000,355.253593000,-5.853295000,292.500513000,0.104814000,376121.188751529,150624262.371618092
73d,2599296.500000000000,358.787891000,5.243538000,120.528694000,-1.462037000,405131.477142510,151854409.449875802
73d,2599369.500000000000,7.263451000,2.734086000,309.136003000,-0.859221000,373713.730480465,150538631.638476998
73d,2599442.500000000000,355.540970000,-6.475030000,139.672773000,0.969283000,378778.771628670,147278348.713580310
73d,2599515.500000000000,0.618375000,3.464859000,332.165931000,1.375818000,404727.837727524,147998288.310174197
73d,2599588.500000000000,4.219794000,4.056413000,162.704773000,-0.413159000,363572.951006462,150112962.894451588
73d,2599661.500000000000,355.107189000,-6.542355000,351.055317000,-1.554069000,380960.943948990,152440623.204668790
73d,2599734.500000000000,2.674957000,1.508823000,179.388509000,-0.428890000,403434.338747428,149956608.276642710
73d,2599807.500000000000,1.381784000,5.065303000,10.118408000,1.325143000,359686.309381561,147934599.850581497
73d,2599880.500000000000,354.625916000,-6.269099000,202.538378000,1.046513000,386122.728145752,147301951.209368289
73d,2599953.500000000000,4.170567000,-0.536396000,33.068871000,-0.901310000,400990.659765293,150788150.595613688
73d,2600026.500000000000,358.501558000,5.992744000,221.529737000,-1.420701000,363115.815898946,151809454.166624308
73d,2600099.500000000000,355.020841000,-5.460968000,49.642047000,0.023451000,392868.758369103,150584512.259894788
73d,2600172.500000000000,6.152538000,-2.703526000,240.644594000,1.527114000,397449.273234475,147361141.498866200
73d,2600245.500000000000,356.691807000,6.688383000,72.691388000,0.607103000,369304.538867863,147720208.910392910
73d,2600318.500000000000,355.594693000,-3.897405000,263.656031000,-1.248998000,400401.382943433,150419193.852923214
73d,2600391.500000000000,7.210903000,-4.667510000,91.683303000,-1.219819000,389451.646725230,152106054.567660898
73d,2600464.500000000000,356.719439000,6.715942000,280.265041000,0.568131000,373180.494146911,150452921.349569499
73d,2600537.500000000000,357.337877000,-1.734291000,110.751020000,1.542386000,404532.121037198,147437809.198042303
73d,2600610.500000000000,7.312977000,-5.977831000,303.330014000,0.060523000,378651.566934862,147792719.728524506
73d,2600683.500000000000,356.138278000,5.993912000,133.793681000,-1.444073000,375100.026164736,150146668.520149410
73d,2600756.500000000000,359.203519000,0.560606000,322.302268000,-0.852745000,405523.038578595,152389551.183091700
73d,2600829.500000000000,6.119599000,-6.485598000,150.435762000,0.998328000,368900.554514272,150084023.680327505
73d,2600902.500000000000,355.954481000,4.875593000,341.307885000,1.390628000,376557.887619018,147961905.549424410
73d,2600975.500000000000,1.016786000,2.588794000,173.551841000,-0.422424000,405267.457245029,147222363.174741685
73d,2601048.500000000000,2.705030000,-6.524734000,4.284409000,-1.530271000,362265.737781713,150764102.725792795
73d,2601121.500000000000,354.734261000,3.613769000,192.637703000,-0.402827000,381070.568538782,151717237.232735187
73d,2601194.500000000000,3.197469000,4.362223000,20.847536000,1.376256000,403591.265830809,150774498.471947610
73d,2601267.500000000000,0.412691000,-6.398973000,211.706819000,1.027340000,362734.877634945,147300627.145681500
73d,2601340.500000000000,353.889270000,1.992145000,43.811459000,-0.842130000,388266.161395829,147856441.712848097
73d,2601413.500000000000,5.045899000,5.847063000,234.785732000,-1.441017000,400605.374359224,150143999.562468886
73d,2601486.500000000000,358.534317000,-5.877591000,62.836915000,0.116332000,367119.570903128,152232569.671622604
73d,2601559.500000000000,354.621192000,-0.168473000,251.407125000,1.521223000,396075.455704660,150314438.652243912
73d,2601632.500000000000,6.940498000,6.726649000,81.857823000,0.642358000,394836.957445554,147710336.099825203
73d,2601705.500000000000,357.727619000,-4.643987000,274.433938000,-1.228877000,371509.369553036,147647289.167885095
73d,2601778.500000000000,355.578746000,-2.478912000,104.904856000,-1.213048000,402782.778001593,150260895.119182110
73d,2601851.500000000000,7.576073000,6.743457000,293.483140000,0.666879000,384610.906612246,152177963.436077088
73d,2601924.500000000000,357.458426000,-2.897926000,121.536727000,1.510059000,372616.994272038,150208947.258218586
73d,2601997.500000000000,357.710937000,-4.410922000,312.476458000,0.140223000,405650.560609965,147900193.772695214
73d,2602070.500000000000,6.699794000,6.004618000,144.580130000,-1.457326000,373455.482525084,147322193.536721289
73d,2602143.500000000000,356.101858000,-1.115552000,335.481434000,-0.813563000,372615.719995072,150720314.092371911
73d,2602216.500000000000,359.754416000,-5.699377000,163.695465000,1.072025000,406297.176811450,151686413.113701910
73d,2602289.500000000000,4.977701000,4.976228000,352.080642000,1.356045000,366105.006770259,150780950.811605901
73d,2602362.500000000000,355.043357000,0.576308000,182.746187000,-0.325845000,375520.598981578,147265428.363853395
73d,2602435.500000000000,1.896368000,-6.436040000,15.010515000,-1.595370000,405484.748296900,147975585.108212411
73d,2602508.500000000000,1.685605000,3.934086000,205.859524000,-0.287287000,364553.461753976,150033880.362885594
73d,2602581.500000000000,353.576724000,2.303970000,34.024710000,1.349543000,382578.272015640,152360131.527801394
73d,2602654.500000000000,4.373094000,-6.633744000,222.523604000,1.069290000,403500.021466037,150127706.048894405
73d,2602727.500000000000,359.943866000,2.494975000,52.977238000,-0.820232000,366800.252664613,147856179.015047491
73d,2602800.500000000000,353.285769000,4.184305000,245.560768000,-1.446401000,392065.663295360,147462371.608597785
73d,2602873.500000000000,6.048917000,-6.113835000,76.042704000,0.190556000,398238.592584135,150485279.182126909
73d,2602946.500000000000,358.959417000,0.545998000,264.649791000,1.508198000,369693.748063631,152046620.207752109
73d,2603019.500000000000,354.598207000,5.761800000,92.659527000,0.681502000,399468.810143997,150393348.642165512
73d,2603092.500000000000,7.603283000,-4.762656000,283.620381000,-1.234614000,390545.296029262,147684593.647900403
73d,2603165.500000000000,358.163260000,-1.522224000,115.670442000,-1.188976000,370762.743335788,147410005.716229707
73d,2603238.500000000000,356.259018000,6.573769000,306.666202000,0.706094000,404515.566237676,150600256.993842214
73d,2603311.500000000000,7.159579000,-2.968312000,134.798430000,1.498307000,379755.272731507,151837946.770777285
73d,2603384.500000000000,357.388129000,-3.243935000,323.263554000,0.168312000,369860.482514550,150757945.151590496
73d,2603457.500000000000,358.666653000,6.575227000,153.778410000,-1.477776000,406509.467458710,147289606.423098713
73d,2603530.500000000000,5.348580000,-1.241568000,346.208375000,-0.768975000,370302.675037063,147923491.857061505
73d,2603603.500000000000,355.088289000,-4.484967000,176.920950000,1.058356000,371165.973541398,149966957.769784898
73d,2603676.500000000000,0.898500000,5.969792000,5.276771000,1.390389000,406230.828852726,152462588.539035887
73d,2603749.500000000000,3.422958000,0.340047000,193.577124000,-0.374802000,366916.039562501,150110071.503148288
73d,2603822.500000000000,353.869616000,-5.622468000,24.140202000,-1.547442000,376440.661926032,147981255.298420608
73d,2603895.500000000000,3.093322000,4.848848000,216.613948000,-0.314524000,405359.081723338,147233216.180922091
73d,2603968.500000000000,0.813877000,1.953680000,47.204603000,1.380458000,367819.806456004,150572716.396095097
73d,2604041.500000000000,353.082999000,-6.550160000,235.804800000,1.031236000,386533.714845434,151892405.717679799
73d,2604114.500000000000,5.236558000,3.123808000,63.805755000,-0.838902000,401807.165911201,150685289.915066093
73d,2604187.500000000000,0.118305000,3.774759000,254.733764000,-1.428261000,369845.833592085,147569588.266682506
73d,2604260.500000000000,353.481918000,-6.842728000,86.744546000,0.144452000,396310.252057129,147535660.335339487
73d,2604333.500000000000,6.470114000,0.891232000,277.849155000,1.544607000,394636.063114360,150323646.841945708
73d,2604406.500000000000,359.339700000,5.302262000,105.930748000,0.599091000,369420.729949856,151965537.881424993
73d,2604479.500000000000,355.447760000,-6.227891000,294.439755000,-1.227403000,402177.364535230,150675849.917754114
73d,2604552.500000000000,7.115434000,-1.333054000,124.846044000,-1.203419000,385871.062656210,147494157.696469098
73d,2604625.500000000000,358.394772000,6.172112000,317.352947000,0.666233000,367499.996761455,147828326.796286196
73d,2604698.500000000000,357.301948000,-4.867599000,148.001767000,1.527829000,405567.970036823,149957819.672578096
73d,2604771.500000000000,5.885778000,-3.067567000,336.501901000,0.052752000,376200.161226620,152391690.153598905
73d,2604844.500000000000,356.894474000,6.490179000,164.658263000,-1.418048000,367391.478273674,150138457.547562689
73d,2604917.500000000000,359.681791000,-3.143535000,355.350744000,-0.869076000,406325.175844742,148078341.100803405
73d,2604990.500000000000,3.806214000,-4.338032000,187.635135000,1.093450000,370427.731915076,147186848.676357090
73d,2605063.500000000000,354.174838000,6.553544000,18.405599000,1.329321000,371769.237268940,150624957.837606013
73d,2605136.500000000000,1.709760000,-1.185221000,206.884334000,-0.429460000,406144.644832712,151703023.565389395
73d,2605209.500000000000,2.529076000,-5.495609000,35.009868000,-1.534601000,369146.589606122,150811959.132249296
73d,2605282.500000000000,353.236794000,6.250303000,225.825759000,-0.382657000,380453.653553483,147459553.874045610
73d,2605355.500000000000,3.643942000,1.034717000,57.878758000,1.408745000,404194.688224735,147777015.135213107
73d,2605428.500000000000,1.267751000,-6.446302000,248.979350000,0.940719000,370475.084624677,150141437.273993313
73d,2605501.500000000000,353.038344000,5.232154000,77.056025000,-0.847642000,391074.364939137,152106920.710298300
73d,2605574.500000000000,5.588540000,3.285654000,265.616825000,-1.453595000,399452.630172504,150448654.903636098
73d,2605647.500000000000,1.033893000,-6.791427000,95.931589000,0.118658000,370071.908680638,147657072.357399195
73d,2605720.500000000000,354.140263000,3.422434000,288.511949000,1.550209000,399463.210702123,147697564.150584102
73d,2605793.500000000000,6.081887000,5.065484000,119.086800000,0.516392000,390673.681552712,150124344.907010913
73d,2605866.500000000000,0.055885000,-6.381649000,307.686715000,-1.232160000,366583.477119909,152291226.205796301
73d,2605939.500000000000,356.162194000,1.246350000,135.736877000,-1.242528000,403638.276169943,150224532.312341005
73d,2606012.500000000000,6.269690000,6.085826000,326.518009000,0.677920000,381855.368268461,147982982.196210593
73d,2606085.500000000000,358.104897000,-5.536303000,158.701843000,1.475776000,364327.718777007,147189012.405494899
73d,2606158.500000000000,357.966259000,-0.894691000,349.608990000,0.034699000,405415.192884025,150661941.358013988
73d,2606231.500000000000,4.927186000,6.465517000,177.953957000,-1.464818000,375208.757536639,151699555.100547403
73d,2606304.500000000000,355.908637000,-4.567295000,6.202270000,-0.858558000,366612.669173144,150892455.091222495
73d,2606377.500000000000,0.248448000,-2.900854000,196.843478000,1.074257000,406314.526898426,147321599.012827188
73d,2606450.500000000000,3.384674000,6.555512000,29.066641000,1.303787000,372245.592262868,147852524.687402993
73d,2606523.500000000000,353.091109000,-3.384776000,220.067867000,-0.454933000,375459.211949271,149999512.786166012
73d,2606596.500000000000,2.212964000,-4.749286000,48.257104000,-1.577116000,405367.829581550,152342353.436165005
73d,2606669.500000000000,3.053379000,6.243247000,236.720265000,-0.332423000,371951.055012381,150331298.383864194
73d,2606742.500000000000,352.533112000,-1.553385000,67.024037000,1.342472000,385415.860142753,147818017.250338405
73d,2606815.500000000000,4.208977000,-6.195427000,259.642081000,0.965213000,402422.115547195,147411129.782946110
73d,2606888.500000000000,2.220588000,5.279876000,90.204558000,-0.911861000,370726.488551134,150248668.700898588
73d,2606961.500000000000,353.208358000,0.742824000,278.890714000,-1.443672000,394881.211224216,152173773.219316214
73d,2607034.500000000000,5.759677000,-6.814104000,106.827847000,0.146017000,396140.468552354,150486384.443058908
73d,2607107.500000000000,1.888676000,3.709158000,297.671228000,1.508701000,367488.536804591,147882031.835533798
73d,2607180.500000000000,354.672171000,2.917718000,129.741618000,0.563416000,401285.876289926,147227005.062075585
73d,2607253.500000000000,5.844883000,-6.542776000,320.821159000,-1.315276000,386823.348460980,150494624.140233308
73d,2607326.500000000000,359.601411000,2.071958000,149.075713000,-1.161055000,363222.416073538,151759182.189001590
73d,2607399.500000000000,356.864024000,4.632561000,337.394856000,0.651523000,403831.402948553,150943906.065276206
73d,2607472.500000000000,5.732670000,-5.737045000,167.886457000,1.494719000,379929.741096197,147371360.913206995
73d,2607545.500000000000,356.529237000,0.613511000,0.217681000,0.055803000,362662.654498938,147864341.943376988
73d,2607618.500000000000,358.727159000,5.844315000,191.132307000,-1.513268000,405566.386689102,149827908.766159594
73d,2607691.500000000000,4.603617000,-4.709014000,19.491640000,-0.761766000,375911.309865727,152421265.507474005
73d,2607764.500000000000,354.116015000,-0.954226000,207.798585000,1.028354000,369006.690874218,150274871.258551806
73d,2607837.500000000000,1.084378000,6.599294000,38.203038000,1.383510000,405860.633312762,148053821.340936899
73d,2607910.500000000000,3.731835000,-3.353675000,230.688929000,-0.499774000,375009.062231640,147249709.887682796
73d,2607983.500000000000,351.983569000,-2.777917000,61.339072000,-1.533549000,380335.243408695,150337015.731656313
73d,2608056.500000000000,3.074137000,6.694525000,250.035997000,-0.285629000,404248.467939335,151901676.132601112
73d,2608129.500000000000,3.575865000,-1.482808000,77.970804000,1.354477000,372889.415221932,150689339.969266087
73d,2608202.500000000000,352.502727000,-4.650647000,268.803578000,1.019090000,390258.307697660,147788910.625206798
73d,2608275.500000000000,4.662413000,5.888437000,100.788641000,-0.935122000,399579.713466465,147449946.234747410
73d,2608348.500000000000,2.671100000,0.621192000,291.998502000,-1.387740000,368220.192051558,150313876.848594010
73d,2608421.500000000000,353.799480000,-5.977536000,120.155611000,0.176884000,397558.629357033,151825897.521832585
73d,2608494.500000000000,5.851827000,4.355139000,308.618007000,1.549199000,392621.485063061,150810005.476719290
73d,2608567.500000000000,1.332691000,2.420517000,138.946863000,0.581549000,363287.636895707,147487468.791624010
73d,2608640.500000000000,355.722929000,-6.537270000,331.380102000,-1.308831000,401653.267046267,147845156.108391613
73d,2608713.500000000000,5.335742000,2.597126000,162.202509000,-1.112994000,384987.668834731,149838104.211331815
73d,2608786.500000000000,357.986264000,3.680260000,350.680346000,0.679387000,360372.342088585,152414090.178044587
73d,2608859.500000000000,357.947535000,-6.478957000,178.878483000,1.541479000,403886.622930714,150209571.722010911
73d,2608932.500000000000,5.036948000,0.847395000,9.392801000,0.050884000,380131.664541023,148133461.465152591
73d,2609005.500000000000,354.560943000,4.802482000,201.753543000,-1.456477000,364307.058258523,147162615.217160702
73d,2609078.500000000000,359.660973000,-5.901225000,32.540301000,-0.771873000,405072.533877404,150512493.991077513
73d,2609151.500000000000,4.428462000,-0.965466000,221.126943000,1.122600000,378136.842491753,151757444.546067506
73d,2609224.500000000000,352.883280000,5.959035000,49.142462000,1.350730000,373459.650759267,150817244.791416198
73d,2609297.500000000000,1.872150000,-4.642237000,239.894956000,-0.443869000,405219.986336552,147556235.365176290
73d,2609370.500000000000,4.074601000,-2.925665000,71.938509000,-1.532043000,376083.187789635,147620543.480753690
73d,2609443.500000000000,352.172025000,6.737853000,263.137415000,-0.251329000,385569.265352917,150170893.892019689
73d,2609516.500000000000,3.387975000,-2.702627000,91.281606000,1.411132000,402232.704063257,152069567.613951892
73d,2609589.500000000000,4.105649000,-4.697388000,279.795230000,0.984557000,371259.504705329,150660076.766070813
73d,2609662.500000000000,353.388704000,6.706033000,109.998067000,-0.859901000,393796.051808771,147599861.406206995
73d,2609735.500000000000,4.565134000,-0.414669000,302.588587000,-1.420179000,396598.632867259,147654593.691829801
73d,2609808.500000000000,2.315621000,-5.797405000,133.282679000,0.245848000,363817.219258749,149918510.243918389
73d,2609881.500000000000,355.063420000,5.865248000,321.903496000,1.569063000,398359.289209759,152388273.871940196
73d,2609954.500000000000,5.195312000,1.661394000,149.945791000,0.558293000,390551.857780244,150325330.860482812
73d,2610027.500000000000,0.222959000,-6.307264000,340.551599000,-1.235810000,358995.165552802,148111372.626294494
73d,2610100.500000000000,356.791343000,4.540600000,172.803418000,-1.172760000,401414.835067555,147067904.510917515
73d,2610173.500000000000,4.569035000,3.310387000,3.750495000,0.787311000,384875.839001304,150524772.781040907
73d,2610246.500000000000,356.425776000,-6.533237000,192.244325000,1.469035000,360769.396365825,151718088.686682791
73d,2610319.500000000000,358.627326000,2.885548000,20.331483000,0.109596000,403154.237261645,151018139.030995011
73d,2610392.500000000000,4.789325000,4.785058000,210.942888000,-1.480673000,382069.118231459,147445913.176263809
73d,2610465.500000000000,353.423682000,-6.600753000,43.074725000,-0.763925000,368824.090883116,147692472.036746293
73d,2610538.500000000000,0.045772000,0.842679000,234.243050000,1.161896000,404755.812208147,149903428.255628794
73d,2610611.500000000000,4.858228000,6.042895000,62.487139000,1.303654000,379010.704728907,152256332.702335507
73d,2610684.500000000000,352.847026000,-6.063409000,250.903396000,-0.417723000,379308.959346002,150581076.938004702
73d,2610757.500000000000,1.944561000,-1.493582000,81.103997000,-1.564055000,404102.554643865,147870425.740846097
73d,2610830.500000000000,5.078308000,6.749818000,273.704101000,-0.226945000,374455.725427618,147441882.669536293
73d,2610903.500000000000,352.913066000,-4.710994000,104.368930000,1.403365000,389417.276542723,149978629.167225510
73d,2610976.500000000000,3.273095000,-3.676164000,293.138189000,0.950263000,400294.181993445,152185517.027563512
73d,2611049.500000000000,4.477228000,6.651744000,121.037876000,-0.862636000,367028.461691438,150508464.568955690
73d,2611122.500000000000,354.472460000,-2.806602000,311.727700000,-1.463680000,394943.140272118,148096428.873330712
73d,2611195.500000000000,4.060905000,-5.214325000,143.815460000,0.270016000,394796.347223457,147147979.612953812
73d,2611268.500000000000,1.639230000,6.003046000,334.955676000,1.520523000,359105.183428248,150421674.720631689
73d,2611341.500000000000,355.734246000,-0.784461000,163.335449000,0.549265000,398194.348795885,151668514.937987894
73d,2611414.500000000000,4.810082000,-6.111549000,351.564538000,-1.292163000,389710.673140894,151053953.964553803
73d,2611487.500000000000,358.686095000,5.221572000,182.011523000,-1.148853000,357808.146215884,147462842.145199507
73d,2611560.500000000000,357.061353000,1.216155000,14.224651000,0.730057000,400633.154405164,147819114.634573191
73d,2611633.500000000000,4.833159000,-6.551629000,205.336146000,1.473186000,386284.343619274,149741283.517760307
73d,2611706.500000000000,354.962622000,4.338547000,33.665826000,0.043100000,364075.469405694,152332730.358295411
73d,2611779.500000000000,358.777774000,3.250539000,222.016504000,-1.491255000,403219.689717571,150398645.706210792
73d,2611852.500000000000,5.619281000,-6.552007000,52.280209000,-0.774142000,383204.602490493,148078318.628214687
73d,2611925.500000000000,352.881730000,2.886492000,244.779206000,1.116313000,374813.824068499,147324673.150854200
73d,2611998.500000000000,0.115797000,5.124750000,75.515203000,1.304114000,404419.962551165,150189386.193481296
73d,2612071.500000000000,6.065404000,-5.879850000,264.276979000,-0.518123000,377915.303072220,151969205.097866595
73d,2612144.500000000000,352.955023000,0.806575000,92.155658000,-1.529179000,383831.871315962,150634624.128103912
73d,2612217.500000000000,2.109909000,6.380158000,282.895224000,-0.279184000,403084.668092463,147902697.022089601
73d,2612290.500000000000,5.674197000,-4.510344000,114.886691000,1.388021000,370155.538201200,147316180.849312812
73d,2612363.500000000000,353.602053000,-1.427019000,306.130293000,0.933651000,390691.457843703,150339139.968092710
73d,2612436.500000000000,3.273758000,6.728757000,134.393082000,-0.955588000,398912.973871786,151783190.374824107
73d,2612509.500000000000,4.032632000,-2.901267000,322.777432000,-1.407429000,361894.096522477,150974450.570749998
73d,2612582.500000000000,355.001795000,-3.339238000,153.035167000,0.177053000,394628.958587396,147477683.801894099
73d,2612655.500000000000,4.168306000,6.349374000,345.437362000,1.569740000,393827.096886590,147793348.786550701
73d,2612728.500000000000,359.769164000,-1.558133000,176.400545000,0.450371000,357249.348649000,149715458.452544689
73d,2612801.500000000000,356.031903000,-4.852532000,4.864888000,-1.302807000,397373.909511757,152432447.946130306
73d,2612874.500000000000,5.232576000,5.534253000,193.098551000,-1.148343000,390418.653586963,150337062.712091386
73d,2612947.500000000000,356.468289000,-0.161120000,23.404180000,0.672465000,359810.179003929,148162037.531776011
73d,2613020.500000000000,357.354119000,-6.069044000,215.860712000,1.502051000,400959.012384387,147109916.536866188
73d,2613093.500000000000,5.619946000,4.331420000,46.696384000,-0.058191000,387117.210558506,150345885.683961093
73d,2613166.500000000000,353.748667000,1.547531000,235.398844000,-1.466319000,369385.601524286,151872873.765227705
73d,2613239.500000000000,359.106513000,-6.773621000,63.315391000,-0.810084000,403464.158595083,150895254.491901010
73d,2613312.500000000000,6.641497000,2.553014000,253.984315000,1.122534000,382908.136259861,147704436.593194306
73d,2613385.500000000000,352.744117000,3.488642000,85.987542000,1.285984000,379684.255746945,147396761.694949806
73d,2613458.500000000000,0.574819000,-6.637363000,277.299090000,-0.577467000,404056.944620923,150096740.135073990
73d,2613531.500000000000,6.377602000,0.437227000,105.534241000,-1.511333000,374368.631962431,151985157.050033510
73d,2613604.500000000000,353.623610000,5.147537000,293.934970000,-0.304477000,386140.476402693,150922787.626228005
73d,2613677.500000000000,2.419572000,-5.604132000,124.080325000,1.410654000,401985.423418447,147648811.642897904
73d,2613750.500000000000,4.985248000,-1.515514000,316.616517000,0.891743000,364574.061167724,147652230.595573187
73d,2613823.500000000000,354.336339000,6.119267000,147.453087000,-0.962836000,390626.013941952,149690773.141751587
73d,2613896.500000000000,3.567601000,-4.020423000,336.137698000,-1.421529000,397832.509183632,152388913.257592201
73d,2613969.500000000000,2.101945000,-2.937367000,164.162212000,0.210087000,358313.017663484,150408980.502109408
73d,2614042.500000000000,355.712495000,6.534066000,354.590421000,1.563633000,393572.739458977,148254777.988146901
73d,2614115.500000000000,4.435770000,-2.267021000,186.893607000,0.442776000,394425.142766252,147017232.370179802
73d,2614188.500000000000,357.429403000,-4.018096000,17.864075000,-1.299567000,358130.417590804,150353729.660416305
73d,2614261.500000000000,356.560238000,6.495747000,206.527749000,-1.142850000,397705.968635539,151701599.851545602
73d,2614334.500000000000,5.570063000,-0.332287000,34.508873000,0.732652000,391162.475230390,151096372.427562594
73d,2614407.500000000000,354.984320000,-5.264819000,225.065918000,1.464014000,364667.732449944,147640649.435176313
73d,2614480.500000000000,357.685156000,5.852026000,57.105183000,-0.000637000,401657.174377681,147598588.560022414
73d,2614553.500000000000,6.305743000,1.805246000,248.426777000,-1.513244000,386897.059683401,149836682.932490885
73d,2614626.500000000000,353.582764000,-6.346815000,76.683642000,-0.731636000,374367.885606456,152085448.936355114
73d,2614699.500000000000,359.471440000,4.385495000,265.089472000,1.134823000,403965.604880542,150737721.895519495
73d,2614772.500000000000,7.023279000,3.836845000,95.191476000,1.292939000,379981.296286953,147891816.358784109
73d,2614845.500000000000,353.768436000,-6.775763000,287.721007000,-0.536475000,382396.588821635,147544424.796939701
73d,2614918.500000000000,0.741583000,2.292481000,118.539502000,-1.544988000,403636.343520883,149819115.020327508
73d,2614991.500000000000,5.994010000,5.288083000,307.332638000,-0.196235000,369072.022997857,152223497.924670190
73d,2615064.500000000000,354.710160000,-6.423833000,135.235878000,1.385515000,386571.599891167,150480913.903655410
73d,2615137.500000000000,2.484647000,0.073300000,325.807544000,0.956703000,401158.150012475,148211155.345483810
73d,2615210.500000000000,3.409101000,6.012868000,157.910521000,-0.959988000,359868.304165202,147069814.802304894
73d,2615283.500000000000,355.132137000,-5.543179000,349.072883000,-1.421341000,389464.460245115,150373030.531549394
73d,2615356.500000000000,3.559639000,-1.916341000,177.584583000,0.310318000,398265.590212689,151641341.309551388
73d,2615429.500000000000,0.208679000,6.389260000,5.710898000,1.519382000,357092.495720666,151134648.189099789
73d,2615502.500000000000,356.024615000,-4.316134000,196.125295000,0.540317000,393366.331707694,147541009.734900087
73d,2615575.500000000000,4.669678000,-3.714546000,28.276595000,-1.353709000,395317.015198979,147739117.307594597
73d,2615648.500000000000,356.287767000,6.650512000,219.529068000,-1.055533000,362337.110268971,149716094.291566402
73d,2615721.500000000000,356.485431000,-2.665809000,47.853128000,0.744244000,398359.174728610,152279518.716220498
73d,2615794.500000000000,6.272305000,-5.343223000,236.225188000,1.492402000,391499.982010555,150548826.926319093
73d,2615867.500000000000,354.851058000,6.492440000,66.296130000,0.040993000,370160.653150953,148027038.001875311
73d,2615940.500000000000,357.652144000,-0.466485000,258.852578000,-1.527302000,402831.888019419,147318075.208353609
73d,2616013.500000000000,6.979566000,-6.485090000,89.677258000,-0.658579000,384122.064567010,150013932.152830601
73d,2616086.500000000000,354.543568000,5.563175000,278.485557000,1.150610000,377712.236403668,152121804.926476389
73d,2616159.500000000000,359.387900000,1.893129000,106.353784000,1.325669000,404433.747432282,150687255.732779890
73d,2616232.500000000000,7.386362000,-6.799065000,296.952465000,-0.524670000,374757.903959032,148039011.079431891
73d,2616305.500000000000,354.819656000,3.994870000,128.975740000,-1.526698000,382729.396045578,147116098.984107703
73d,2616378.500000000000,0.764519000,3.898190000,320.288103000,-0.152194000,403385.301847055,150261800.978044003
73d,2616451.500000000000,5.180756000,-6.388074000,148.666670000,1.401417000,363952.053406329,151737495.133919507
73d,2616524.500000000000,355.310856000,2.212088000,336.918205000,0.990133000,385181.273008602,151173023.664039105
73d,2616597.500000000000,2.590977000,5.319803000,167.138461000,-0.968182000,401486.406699810,147543708.666691214
73d,2616670.500000000000,1.799875000,-5.736163000,359.459746000,-1.371903000,357741.838316560,147727085.323677510
73d,2616743.500000000000,354.928788000,0.438058000,190.583695000,0.306760000,389062.007117211,149576308.604590088
73d,2616816.500000000000,4.087695000,6.244010000,19.094170000,1.583269000,398694.779668433,152399171.654594213
73d,2616889.500000000000,358.810455000,-4.965404000,207.311598000,0.487828000,359903.417139642,150511474.534651101
73d,2616962.500000000000,355.490425000,-1.537326000,37.436981000,-1.286481000,393968.395872765,148227015.763286203
73d,2617035.500000000000,5.800032000,6.698562000,229.935851000,-1.079306000,395695.124049653,147087932.643182606
73d,2617108.500000000000,355.808365000,-3.822897000,60.792513000,0.783337000,367452.082801890,150088446.502428800
73d,2617181.500000000000,356.240383000,-3.630819000,249.663386000,1.493779000,400197.143468308,151906925.855872691
73d,2617254.500000000000,7.352760000,6.446554000,77.499620000,0.004905000,389423.262279644,150961083.258407801
73d,2617327.500000000000,355.330497000,-1.987795000,268.063417000,-1.482796000,374263.811934391,147959875.110668212
73d,2617400.500000000000,357.633957000,-5.396936000,100.054487000,-0.705753000,404255.211676341,147275584.538348198
73d,2617473.500000000000,7.617037000,5.387102000,291.457065000,1.208441000,379122.469606476,150018710.859082609
73d,2617546.500000000000,355.067155000,0.134042000,119.792472000,1.274174000,378515.055845540,151810091.560530186
73d,2617619.500000000000,359.725254000,-6.412468000,308.121951000,-0.533030000,404944.478662453,151085122.628527313
73d,2617692.500000000000,6.890941000,3.859860000,138.200992000,-1.504826000,369007.624425010,147707185.140981495
73d,2617765.500000000000,355.071095000,2.067580000,330.617993000,-0.216256000,380892.341295727,147700939.647365600
73d,2617838.500000000000,1.340712000,-6.600586000,161.638272000,1.471270000,403869.392593283,149544825.972623289
73d,2617911.500000000000,3.611626000,2.426394000,350.323007000,0.878507000,360807.384863717,152365222.717852086
73d,2617984.500000000000,354.960970000,3.680821000,178.380585000,-0.917087000,384145.784179555,150466105.868464291
73d,2618057.500000000000,3.484825000,-6.222862000,8.671120000,-1.443404000,401733.496931545,148350918.469413608
73d,2618130.500000000000,359.879541000,1.107443000,200.971766000,0.325301000,359748.577394859,147026184.893840402
73d,2618203.500000000000,354.368224000,5.115019000,31.979954000,1.559346000,389782.854737157,150210898.375192910
73d,2618276.500000000000,5.289974000,-5.336724000,220.771701000,0.420939000,398943.706203283,151696420.391364992
73d,2618349.500000000000,357.535714000,-0.533676000,48.654042000,-1.267895000,364205.763638130,151082256.072818309
73d,2618422.500000000000,355.308126000,6.318675000,239.194941000,-1.137898000,396466.306282956,147791549.846207589
73d,2618495.500000000000,6.871740000,-3.816768000,71.168714000,0.806196000,394001.125754840,147515044.367185414
73d,2618568.500000000000,355.893450000,-2.481177000,262.603628000,1.439501000,371306.397887424,149872762.203452498
73d,2618641.500000000000,356.439605000,6.848729000,90.917039000,-0.031855000,402413.833681993,151987591.308165491
73d,2618714.500000000000,7.970758000,-1.757662000,279.298215000,-1.500408000,385571.915758875,150881000.992185712
73d,2618787.500000000000,355.816412000,-4.288388000,109.283300000,-0.737429000,375499.013874835,147822941.077290505
73d,2618860.500000000000,358.284058000,6.442051000,301.786141000,1.217193000,405316.578704357,147559824.801915586
73d,2618933.500000000000,6.913548000,0.326906000,132.729105000,1.203224000,373729.880455412,149669495.273258805
73d,2619006.500000000000,355.464925000,-5.525919000,321.504409000,-0.550370000,376920.708605121,152325488.541386485
73d,2619079.500000000000,0.484531000,5.295112000,149.449184000,-1.552551000,405443.996126185,150537450.812558711
73d,2619152.500000000000,5.169202000,2.026953000,339.838944000,-0.204024000,364679.685778691,148302980.349484712
73d,2619225.500000000000,354.976055000,-6.230366000,172.015198000,1.416944000,379337.957792321,146962171.678048313
73d,2619298.500000000000,2.202466000,3.740625000,3.217193000,0.871463000,403923.758117392,150274925.034396887
73d,2619371.500000000000,1.540307000,3.283534000,191.837505000,-0.991130000,361240.771344010,151662929.189340293
73d,2619444.500000000000,354.703947000,-6.609392000,19.857254000,-1.433636000,384253.507789403,151231155.366505593
73d,2619517.500000000000,4.353869000,1.879208000,210.222474000,0.302572000,402128.826185357,147633421.930296391
73d,2619590.500000000000,358.492415000,4.572187000,42.305299000,1.522458000,363581.242754648,147589074.874286890
73d,2619663.500000000000,354.303627000,-6.555951000,233.722040000,0.401837000,392608.121930150,149661258.695447385
73d,2619736.500000000000,5.946095000,-0.292997000,62.092692000,-1.348005000,397678.493378926,152227135.383970886
73d,2619809.500000000000,357.495539000,5.861149000,250.438745000,-1.089018000,368433.575333061,150793822.176917613
73d,2619882.500000000000,355.445743000,-5.696140000,80.363213000,0.733537000,399435.910060338,148039879.981191814
73d,2619955.500000000000,7.317298000,-2.580909000,272.927646000,1.453359000,390669.974735854,147295658.046721190
73d,2620028.500000000000,356.629521000,6.622629000,103.821378000,-0.088225000,372639.021008177,149733816.216145188
73d,2620101.500000000000,357.009253000,-4.000848000,292.727945000,-1.540853000,404125.164097504,152179583.664156914
73d,2620174.500000000000,7.506042000,-4.419899000,120.555305000,-0.689380000,380579.557761866,150764332.575728804
73d,2620247.500000000000,356.784112000,6.642587000,310.982579000,1.144937000,374062.261296967,148267260.240914911
73d,2620320.500000000000,358.886116000,-1.895627000,143.059448000,1.257481000,406011.466646366,146998096.290829986
73d,2620393.500000000000,5.507582000,-5.512180000,334.406122000,-0.647002000,369061.265593217,150145879.943010300
73d,2620466.500000000000,355.705466000,6.127675000,162.955008000,-1.510940000,375297.043726942,151644166.489832193
73d,2620539.500000000000,1.050493000,0.233608000,351.091013000,-0.215997000,405447.331277298,151313610.021077693
73d,2620612.500000000000,3.423014000,-6.135620000,181.260037000,1.402300000,363394.246789280,147659890.712131113
73d,2620685.500000000000,354.620803000,5.352083000,13.475634000,0.905881000,379100.479220594,147676465.478159994
73d,2620758.500000000000,2.810840000,2.268706000,204.768469000,-1.071333000,404382.271263253,149456635.300608486
73d,2620831.500000000000,0.486667000,-6.553591000,33.302486000,-1.357374000,363645.306488175,152295820.329285502
73d,2620904.500000000000,354.222884000,4.149567000,221.542967000,0.269468000,386755.667975583,150665894.621611297
73d,2620977.500000000000,4.983868000,4.223242000,51.532448000,1.570754000,401531.796722940,148301345.257657498
73d,2621050.500000000000,358.775585000,-6.670762000,244.004153000,0.376755000,367895.434054549,147169464.737949908
73d,2621123.500000000000,354.015870000,2.327014000,74.925011000,-1.346400000,395955.934930949,149877464.501985401
73d,2621196.500000000000,6.571804000,5.840437000,263.899492000,-1.044660000,395186.397615398,151904752.193386704
73d,2621269.500000000000,358.341198000,-6.093911000,91.664278000,0.740979000,370572.982040648,150910866.331232190
73d,2621342.500000000000,355.609646000,0.009360000,282.155356000,1.499918000,402099.714966705,148151798.160319597
73d,2621415.500000000000,7.340215000,6.676629000,114.100961000,-0.112975000,385791.374848424,147202354.162033409
73d,2621488.500000000000,357.614375000,-4.827530000,305.572275000,-1.514802000,371213.155922560,150030669.313862890
73d,2621561.500000000000,357.325097000,-2.256949000,134.037929000,-0.663888000,405462.162424108,151702735.350299388
73d,2621634.500000000000,6.957185000,6.669212000,322.289643000,1.188010000,375421.845861628,151206566.464944392
73d,2621707.500000000000,356.957084000,-3.298489000,152.331031000,1.265590000,371645.609078670,147712396.034998894
73d,2621780.500000000000,359.383334000,-4.098169000,344.648361000,-0.631597000,406271.188033226,147694873.679177701
73d,2621853.500000000000,4.367931000,6.181635000,175.834529000,-1.486740000,367208.172068129,149438344.598559707
73d,2621926.500000000000,354.940594000,-1.817800000,4.495749000,-0.188361000,374284.853724673,152358628.985875785
73d,2621999.500000000000,1.736917000,-5.506428000,192.602853000,1.460022000,405953.893394808,150555430.629969209
73d,2622072.500000000000,2.430343000,5.507080000,22.714387000,0.889225000,364869.291621406,148387758.145072401
73d,2622145.500000000000,353.467742000,-0.122863000,215.066596000,-1.008155000,381359.768870071,147025605.292901188
73d,2622218.500000000000,3.717735000,-6.486673000,46.129103000,-1.384949000,403866.926152672,150081054.657044500
73d,2622291.500000000000,0.497412000,4.499091000,234.998769000,0.374593000,367473.347199204,151780709.132639110
73d,2622364.500000000000,353.392583000,1.943945000,62.813101000,1.546323000,390259.425696709,151091709.176500708
73d,2622437.500000000000,6.040865000,-6.790771000,253.270210000,0.420842000,399757.801897403,147906173.247095913
73d,2622510.500000000000,359.411720000,2.886380000,85.197005000,-1.324845000,370257.134600657,147330266.202018499
73d,2622583.500000000000,354.048696000,4.034018000,276.755251000,-1.041132000,399268.618964405,149857482.819844395
73d,2622656.500000000000,7.038572000,-6.223181000,105.139194000,0.835494000,390998.291607488,151930519.789741904
73d,2622729.500000000000,359.039002000,0.873855000,293.478995000,1.466585000,369925.015147485,151121109.351380706
73d,2622802.500000000000,356.039459000,5.586635000,123.377421000,-0.036450000,404225.570906846,147827996.183740199
73d,2622875.500000000000,7.125897000,-4.935796000,315.838319000,-1.530889000,380523.063096668,147532210.592915505
73d,2622948.500000000000,357.334101000,-0.972052000,146.919875000,-0.615266000,368521.078998464,149447051.655712903
73d,2623021.500000000000,358.153071000,6.387499000,335.722171000,1.250126000,406030.745727682,152354056.514230013
73d,2623094.500000000000,5.970122000,-3.442339000,163.684473000,1.227573000,372472.771196015,150641983.074818701
73d,2623167.500000000000,355.891106000,-2.552519000,353.864802000,-0.532865000,369370.523116849,148438512.683913410
73d,2623240.500000000000,0.464396000,6.554476000,186.111621000,-1.548936000,406687.745306652,146891377.115051687
73d,2623313.500000000000,3.157026000,-2.048791000,17.321641000,-0.081340000,368068.138875235,150106922.378309011
73d,2623386.500000000000,353.588077000,-3.988056000,206.115981000,1.431430000,375870.192821614,151672060.053077996
73d,2623459.500000000000,2.883170000,6.166626000,34.029320000,0.929085000,405437.301972597,151332323.576148003
73d,2623532.500000000000,1.782606000,-0.387517000,224.315868000,-1.000614000,368480.923703058,147815224.934714109
73d,2623605.500000000000,352.573871000,-5.453155000,56.331429000,-1.384118000,385392.932133932,147452800.585032910
73d,2623678.500000000000,4.808433000,5.096270000,247.863814000,0.436339000,402288.499281859,149564025.822894007
73d,2623751.500000000000,0.530618000,1.572520000,76.305759000,1.525773000,369761.978096887,152067712.304758191
73d,2623824.500000000000,353.479486000,-6.533478000,264.639754000,0.445300000,394637.030594528,151003943.282826602
73d,2623897.500000000000,6.577340000,3.304208000,94.455922000,-1.335865000,396269.714625460,148111222.021302015
73d,2623970.500000000000,359.969943000,3.514546000,286.979212000,-1.026457000,369563.394637318,147389291.567123502
73d,2624043.500000000000,354.777646000,-6.766235000,117.977486000,0.855441000,402025.711656349,149511118.757204413
73d,2624116.500000000000,6.823875000,1.168564000,306.963484000,1.451495000,386446.057197724,152166214.840337515
73d,2624189.500000000000,358.925142000,4.920709000,134.777305000,-0.039838000,367111.689493446,150746995.480099589
73d,2624262.500000000000,357.191816000,-6.183399000,325.057811000,-1.555748000,405127.921999057,148447146.636680692
73d,2624335.500000000000,5.911698000,-0.759138000,157.135021000,-0.588577000,377302.666303013,146950882.973459810
73d,2624408.500000000000,356.416838000,5.749417000,348.500261000,1.219526000,365712.978928340,150069874.518877089
73d,2624481.500000000000,359.302245000,-5.035169000,177.217312000,1.242931000,406356.184476636,151575123.226451188
73d,2624554.500000000000,4.503710000,-2.367344000,5.239290000,-0.596884000,371926.651728571,151386956.870547503
73d,2624627.500000000000,354.690954000,6.370456000,195.401554000,-1.505607000,369879.556335935,147774937.111875802
73d,2624700.500000000000,1.439430000,-3.480516000,27.495784000,-0.138946000,406201.175815846,147635331.393703192
73d,2624773.500000000000,2.426509000,-3.839345000,218.947325000,1.458151000,370963.780772097,149409238.428384990
73d,2624846.500000000000,352.843624000,6.745432000,47.493555000,0.874818000,379606.152453271,152186910.463533789
73d,2624919.500000000000,3.648494000,-1.460785000,235.745495000,-1.028860000,404542.798613956,150780130.217936307
73d,2624992.500000000000,1.844750000,-5.310777000,65.615637000,-1.369581000,371077.925733422,148282609.259469301
73d,2625065.500000000000,352.731641000,6.478984000,258.081753000,0.380522000,390504.734444786,147244551.582716495
73d,2625138.500000000000,5.046894000,0.888479000,89.099013000,1.553160000,399541.238206254,149738280.750294387
73d,2625211.500000000000,1.295543000,-6.373205000,278.125974000,0.350344000,369493.824890235,152006769.573305696
73d,2625284.500000000000,354.123769000,5.330239000,105.863406000,-1.321870000,398207.687438050,150886606.243496388
73d,2625357.500000000000,6.353396000,3.090403000,296.249790000,-1.051320000,392378.382545648,148263036.905668288
73d,2625430.500000000000,0.397130000,-6.679116000,128.181196000,0.816842000,366305.914173471,147049893.597186714
73d,2625503.500000000000,355.815623000,3.525886000,319.707041000,1.477579000,403039.557621413,150004306.413017601
73d,2625576.500000000000,5.813002000,4.654678000,148.275187000,-0.160732000,383285.757570152,151658345.931792796
73d,2625649.500000000000,358.677660000,-6.420253000,336.442892000,-1.498403000,363537.376930778,151374506.638364613
73d,2625722.500000000000,358.056001000,1.514010000,166.438651000,-0.678458000,405263.599353981,147753769.679495811
73d,2625795.500000000000,4.708763000,5.642299000,358.670769000,1.252157000,376199.474035744,147633498.813322186
73d,2625868.500000000000,355.367979000,-5.968483000,190.038398000,1.173167000,365832.978943438,149323231.687672913
73d,2625941.500000000000,359.885361000,-0.547497000,18.691954000,-0.641550000,405800.969937993,152337045.086324394
73d,2626014.500000000000,3.974540000,6.339849000,206.842061000,-1.498565000,373726.684621674,150712512.955255300
73d,2626087.500000000000,353.604332000,-5.205054000,36.749649000,-0.205934000,373142.379515542,148419375.140535414
73d,2626160.500000000000,1.945708000,-2.696582000,229.152440000,1.485945000,405748.041139336,146988680.525631189
73d,2626233.500000000000,2.873935000,6.720760000,60.272367000,0.786475000,373150.120711009,149861514.456685990
73d,2626306.500000000000,352.549696000,-3.818947000,249.259965000,-1.042845000,384776.562075714,151871146.652934015
73d,2626379.500000000000,3.918145000,-4.693255000,77.026441000,-1.394289000,402778.529123143,151172968.518646210
73d,2626452.500000000000,3.012030000,6.446908000,267.355975000,0.365533000,371593.083881293,148121960.126356393
73d,2626525.500000000000,353.015918000,-1.763768000,99.258372000,1.540548000,394591.261171368,147150486.224029809
73d,2626598.500000000000,5.065036000,-6.112754000,290.895687000,0.283482000,396298.651300980,149759126.152310908
73d,2626671.500000000000,1.945159000,5.455835000,119.387483000,-1.332656000,366710.561579072,151784259.571731210
73d,2626744.500000000000,354.803833000,0.534596000,307.655020000,-1.084905000,399955.049329140,151331790.785182804
73d,2626817.500000000000,5.920956000,-6.657993000,137.471142000,0.830113000,388916.855264092,147913839.349209011
73d,2626890.500000000000,0.183759000,4.114825000,329.859148000,1.433428000,362041.243062919,147568880.020194203
73d,2626963.500000000000,356.424055000,2.593634000,161.079727000,-0.174796000,403343.516086421,149257776.394299090
73d,2627036.500000000000,5.309855000,-6.514808000,349.940483000,-1.542371000,381416.370019532,152309705.342275798
73d,2627109.500000000000,357.376352000,2.825454000,177.936688000,-0.643287000,362170.076170758,150717435.040399104
73d,2627182.500000000000,358.624486000,4.344120000,7.926474000,1.227757000,404782.973839212,148570225.343491912
73d,2627255.500000000000,4.563009000,-6.033707000,200.209368000,1.161297000,377543.602451865,146893484.728655487
73d,2627328.500000000000,353.678360000,1.499345000,31.417279000,-0.646681000,368560.444903576,149917638.316320807
73d,2627401.500000000000,0.523714000,5.786002000,220.392255000,-1.530453000,405708.262610129,151641739.307334393
73d,2627474.500000000000,4.344635000,-5.159472000,48.211819000,-0.137612000,375651.056419521,151355652.723814696
73d,2627547.500000000000,352.521954000,-0.376810000,238.446507000,1.431032000,378460.315971166,148030771.818605393
73d,2627620.500000000000,2.526651000,6.705667000,70.380994000,0.834390000,404614.558481127,147394548.363344908
73d,2627693.500000000000,3.891100000,-3.701762000,262.012099000,-1.101259000,373614.461505011,149545561.865884304
73d,2627766.500000000000,352.357092000,-2.538485000,90.524431000,-1.353950000,389278.787112344,151892132.065344304
73d,2627839.500000000000,4.426625000,6.764717000,278.819118000,0.402089000,400475.464066739,151125285.635305792
73d,2627912.500000000000,3.603653000,-1.782181000,108.561018000,1.512500000,369214.273180273,148097496.181372613
73d,2627985.500000000000,353.643561000,-4.450652000,300.999996000,0.347470000,396849.869903267,147479168.123174101
73d,2628058.500000000000,5.064881000,5.931583000,132.130835000,-1.400910000,393239.335766196,149377541.257842213
73d,2628131.500000000000,1.497472000,0.064696000,321.152079000,-0.993809000,362424.729472221,152214441.149814814
73d,2628204.500000000000,355.562333000,-5.739333000,148.981101000,0.820614000,400720.321021290,150749619.127965599
73d,2628277.500000000000,5.671793000,4.595114000,339.145147000,1.467017000,386526.717902080,148546795.926740706
73d,2628350.500000000000,358.399551000,1.546400000,171.232430000,-0.153463000,359418.859134284,146887629.319362700
73d,2628423.500000000000,357.274418000,-6.425886000,2.616379000,-1.577987000,402939.186434673,149987833.101456702
73d,2628496.500000000000,5.066133000,3.121745000,191.471929000,-0.539137000,382041.025134102,151561073.597901702
73d,2628569.500000000000,355.267246000,2.923788000,19.382935000,1.184689000,363112.860563216,151440986.900966614
73d,2628642.500000000000,359.530712000,-6.603734000,209.525523000,1.244155000,404736.585116726,147874846.334751904
73d,2628715.500000000000,4.602016000,1.444234000,41.519756000,-0.683189000,379549.308364409,147537118.193214089
73d,2628788.500000000000,352.431141000,4.429805000,233.128752000,-1.481852000,373643.779201792,149398154.698148489
73d,2628861.500000000000,1.235587000,-6.134571000,61.692678000,-0.099788000,404908.032387701,152128184.054897189
73d,2628934.500000000000,4.847689000,-0.598382000,249.954184000,1.455653000,376800.707689194,150966761.072451890
73d,2629007.500000000000,352.274307000,5.848323000,79.669689000,0.876101000,383822.404307641,148241275.016242802
73d,2629080.500000000000,3.087816000,-4.812281000,272.126551000,-1.113124000,402863.143299025,147229289.765764713
73d,2629153.500000000000,4.191974000,-2.676597000,103.261315000,-1.299379000,371289.913427306,149515117.219808400
73d,2629226.500000000000,353.193179000,6.633951000,292.323975000,0.432975000,392340.947110513,152116862.665496796
73d,2629299.500000000000,4.481723000,-2.869647000,120.080286000,1.549780000,397947.738717079,150960272.446692795
73d,2629372.500000000000,3.353008000,-4.313058000,310.310761000,0.363880000,364581.554443056,148446525.690004498
73d,2629445.500000000000,354.807512000,6.593378000,142.261660000,-1.380422000,397734.599318036,146904034.156318098
73d,2629518.500000000000,4.683279000,-0.804929000,333.850490000,-0.958570000,391122.820825757,149897077.350168705
73d,2629591.500000000000,359.972510000,-5.256437000,162.544574000,0.860362000,358934.029899845,151582780.483507603
73d,2629664.500000000000,356.704987000,5.952024000,350.613789000,1.507525000,400221.269235605,151527043.426562488
73d,2629737.500000000000,5.058223000,1.092898000,180.552798000,-0.159743000,386581.760054520,147863163.016193300
73d,2629810.500000000000,356.398055000,-5.955159000,12.679069000,-1.514259000,359381.555518101,147572576.487162888
73d,2629883.500000000000,358.106123000,4.869104000,204.200334000,-0.549500000,402819.410097780,149197927.550434887
73d,2629956.500000000000,4.802253000,2.857963000,32.895343000,1.278737000,383348.864505164,152250144.420430094
73d,2630029.500000000000,354.024432000,-6.581268000,221.077400000,1.197114000,367449.474978534,150896621.624586493
73d,2630102.500000000000,359.993523000,3.229928000,50.798253000,-0.614426000,404247.545292519,148505624.998820186
73d,2630175.500000000000,5.119034000,4.599510000,243.225791000,-1.490635000,380848.775581574,147025325.038028598
73d,2630248.500000000000,352.368063000,-6.786177000,74.368144000,-0.069395000,379278.380044340,149593465.939309686
73d,2630321.500000000000,1.509922000,1.034920000,263.501841000,1.505325000,404001.195455843,151862979.682544708
73d,2630394.500000000000,5.394664000,5.971706000,91.233327000,0.828684000,375170.556641709,151181197.244934797
73d,2630467.500000000000,353.207705000,-6.168872000,281.427283000,-1.047114000,387950.706992472,148380701.947693914
73d,2630540.500000000000,2.934400000,-1.331496000,113.332071000,-1.339373000,401046.484116498,147082955.508726090
73d,2630613.500000000000,4.352700000,6.606714000,305.015146000,0.492758000,366427.403242148,149715573.242251992
73d,2630686.500000000000,354.290435000,-4.801080000,133.643603000,1.547469000,393699.023371811,151622662.535104394
73d,2630759.500000000000,4.090222000,-3.353937000,321.844806000,0.335901000,396097.167012408,151447962.514259487
73d,2630832.500000000000,2.531908000,6.572094000,151.603983000,-1.324600000,359707.394641565,147962804.174327493
73d,2630905.500000000000,355.741116000,-3.076630000,343.869010000,-1.036546000,396935.824369950,147604987.689814210
73d,2630978.500000000000,4.212465000,-4.794113000,175.239507000,0.954420000,391147.755028998,149142170.371591985
73d,2631051.500000000000,358.462781000,6.278334000,4.118288000,1.421979000,357648.643755350,152263038.853935987
73d,2631124.500000000000,357.132708000,-1.200087000,192.147676000,-0.122985000,399823.404562895,150786076.846274108
73d,2631197.500000000000,5.008762000,-5.885657000,22.008255000,-1.551309000,387550.601076075,148640762.974789292
73d,2631270.500000000000,355.065177000,5.846587000,214.292970000,-0.545987000,363359.472503835,146941661.827137113
73d,2631343.500000000000,358.139686000,0.879469000,45.524128000,1.287940000,402626.015564308,149776368.633793086
73d,2631416.500000000000,5.608822000,-6.622587000,234.646440000,1.141960000,384405.854620534,151657917.911468297
73d,2631489.500000000000,353.497113000,4.863148000,62.365194000,-0.600415000,373017.666831223,151313041.529976785
73d,2631562.500000000000,0.046152000,3.107481000,252.576825000,-1.530506000,404294.966880866,148168152.595328212
73d,2631635.500000000000,6.203550000,-6.719189000,84.440763000,-0.055939000,379429.285297175,147288304.445239514
73d,2631708.500000000000,352.981267000,3.143635000,276.158889000,1.486991000,383494.628602430,149581836.076392591
73d,2631781.500000000000,1.404777000,5.013582000,104.773524000,0.787263000,403189.705019860,151811291.723457903
73d,2631854.500000000000,6.162659000,-6.019021000,293.017484000,-1.066120000,371014.056798960,151298494.104157299
73d,2631927.500000000000,353.979575000,1.019056000,122.678897000,-1.363976000,389685.802782964,148054300.852063388
73d,2632000.500000000000,2.833116000,6.174112000,315.048848000,0.497764000,399613.703071697,147469965.254766792
73d,2632073.500000000000,3.767035000,-4.839851000,146.325367000,1.496969000,361334.543076047,149204951.909535408
73d,2632146.500000000000,354.847909000,-1.054138000,335.329774000,0.324361000,392991.978500921,152267777.765836090
73d,2632219.500000000000,4.081923000,6.570196000,163.206544000,-1.386729000,395630.106061160,150835799.685095102
73d,2632292.500000000000,0.959498000,-3.620588000,353.189073000,-1.011733000,356825.440056132,148655483.493423998
73d,2632365.500000000000,355.881552000,-2.914823000,185.311893000,0.893472000,396267.803888343,146818234.238459796
73d,2632438.500000000000,4.656304000,6.445324000,16.758566000,1.431242000,391714.734418008,149853507.657903999
73d,2632511.500000000000,356.665635000,-2.482307000,205.729443000,-0.208029000,360352.929531071,151582824.620510012
73d,2632584.500000000000,357.126125000,-4.634497000,33.561020000,-1.552717000,399662.717975571,151520895.221989512
73d,2632657.500000000000,5.986740000,5.843818000,223.649327000,-0.557938000,388753.025135130,148018770.476429790
73d,2632730.500000000000,353.877627000,-0.906578000,55.534910000,1.231999000,368896.123201758,147378111.915438712
73d,2632803.500000000000,358.325902000,-6.080457000,247.307430000,1.144546000,403335.454338948,149317595.586325407
73d,2632876.500000000000,6.625715000,4.623773000,75.924241000,-0.706965000,383252.572893429,152021011.044946790
73d,2632949.500000000000,353.429021000,1.189265000,264.177886000,-1.496260000,377891.897226394,151216903.923471600
73d,2633022.500000000000,0.264658000,-6.807602000,93.765372000,-0.114261000,404346.035139673,148307826.203219891
73d,2633095.500000000000,6.955730000,2.792201000,286.186591000,1.477806000,375474.452059291,147261621.339882314
73d,2633168.500000000000,353.472291000,3.240832000,117.410936000,0.758323000,385385.256562816,149235246.715489388
73d,2633241.500000000000,1.776805000,-6.597763000,306.553494000,-1.153420000,402331.849690406,152112855.645788312
73d,2633314.500000000000,5.605524000,0.885196000,134.322149000,-1.305688000,365843.062731680,150998555.696937114
73d,2633387.500000000000,354.642309000,4.833536000,324.345487000,0.403747000,389140.219710620,148669574.547403514
73d,2633460.500000000000,3.195179000,-5.656922000,156.345765000,1.546557000,399055.093673411,146850307.183525085
73d,2633533.500000000000,1.845212000,-0.626925000,347.941278000,0.235051000,357787.752750544,149782681.566777587
73d,2633606.500000000000,355.191160000,5.879721000,176.814219000,-1.392397000,392439.347644977,151495160.424114913
73d,2633679.500000000000,4.578829000,-4.323562000,4.815539000,-1.009575000,395585.537548924,151619279.322918206
73d,2633752.500000000000,358.561643000,-1.998957000,194.688720000,0.854421000,357711.234920060,148005702.852754712
73d,2633825.500000000000,356.115228000,6.553392000,26.712560000,1.464548000,396241.829231392,147537233.636238605
73d,2633898.500000000000,5.444968000,-2.695369000,218.365649000,-0.297768000,392743.510133898,149108947.382490695
73d,2633971.500000000000,355.068082000,-3.466831000,47.090201000,-1.511123000,364743.933226788,152096069.662277997
73d,2634044.500000000000,357.493858000,6.693508000,235.311613000,-0.579577000,400821.162644209,151024329.075387299
73d,2634117.500000000000,6.716975000,-0.655710000,64.900161000,1.253308000,388363.968052503,148558525.016212314
73d,2634190.500000000000,353.740470000,-5.055969000,257.289734000,1.133156000,374116.218434272,147155856.484938800
2500_sunset,2634233.333333333023,2.475368000,6.824384000,95.942478000,0.078569000,,
2500_sunset,2634233.354166666977,2.450677000,6.827474000,95.688807000,0.078159000,,
2500_sunset,2634233.375000000000,2.425935000,6.830435000,95.435139000,0.077749000,,
2500_sunset,2634233.395833333023,2.401143000,6.833268000,95.181473000,0.077339000,,
2500_sunset,2634233.416666666977,2.376300000,6.835972000,94.927809000,0.076928000,,
2500_sunset,2634233.437500000000,2.351408000,6.838547000,94.674148000,0.076518000,,
2500_sunset,2634233.458333333023,2.326468000,6.840993000,94.420489000,0.076107000,,
2500_sunset,2634233.479166666977,2.301479000,6.843311000,94.166832000,0.075696000,,
2500_sunset,2634233.500000000000,2.276444000,6.845500000,93.913178000,0.075285000,,
2500_sunset,2634233.520833333023,2.251361000,6.847560000,93.659526000,0.074874000,,
2500_sunset,2634233.541666666977,2.226233000,6.849492000,93.405877000,0.074463000,,
2500_sunset,2634233.562500000000,2.201059000,6.851295000,93.152229000,0.074051000,,
2500_sunset,2634233.583333333023,2.175840000,6.852970000,92.898585000,0.073640000,,
2500_sunset,2634233.604166666977,2.150577000,6.854516000,92.644942000,0.073228000,,
2500_sunset,2634233.625000000000,2.125271000,6.855934000,92.391302000,0.072816000,,
2500_sunset,2634233.645833333023,2.099922000,6.857224000,92.137664000,0.072404000,,
2500_sunset,2634233.666666666977,2.074532000,6.858385000,91.884029000,0.071991000,,
2500_sunset,2634233.687500000000,2.049099000,6.859418000,91.630396000,0.071579000,,
2500_sunset,2634233.708333333023,2.023626000,6.860323000,91.376766000,0.071166000,,
2500_sunset,2634233.729166666977,1.998113000,6.861100000,91.123137000,0.070753000,,
2500_sunset,2634233.750000000000,1.972561000,6.861748000,90.869511000,0.070340000,,
2500_sunset,2634233.770833333023,1.946969000,6.862269000,90.615888000,0.069926000,,
2500_sunset,2634233.791666666977,1.921340000,6.862661000,90.362267000,0.069513000,,
2500_sunset,2634233.812500000000,1.895673000,6.862926000,90.108648000,0.069099000,,
2500_sunset,2634233.833333333023,1.869970000,6.863062000,89.855031000,0.068685000,,
2500_sunset,2634233.854166666977,1.844230000,6.863071000,89.601417000,0.068270000,,
2500_sunset,2634233.875000000000,1.818455000,6.862952000,89.347806000,0.067856000,,
2500_sunset,2634233.895833333023,1.792645000,6.862705000,89.094196000,0.067441000,,
2500_sunset,2634233.916666666977,1.766801000,6.862331000,88.840589000,0.067026000,,
2500_sunset,2634233.937500000000,1.740923000,6.861828000,88.586984000,0.066611000,,
2500_sunset,2634233.958333333023,1.715013000,6.861199000,88.333382000,0.066195000,,
2500_sunset,2634233.979166666977,1.689071000,6.860441000,88.079782000,0.065779000,,
2500_sunset,2634234.000000000000,1.663097000,6.859557000,87.826184000,0.065363000,,
2500_sunset,2634234.020833333023,1.637092000,6.858545000,87.572589000,0.064947000,,
2500_sunset,2634234.041666666977,1.611057000,6.857405000,87.318996000,0.064530000,,
2500_sunset,2634234.062500000000,1.584993000,6.856139000,87.065406000,0.064113000,,
2500_sunset,2634234.083333333023,1.558900000,6.854745000,86.811817000,0.063696000,,
2500_sunset,2634234.104166666977,1.532778000,6.853224000,86.558232000,0.063279000,,
2500_sunset,2634234.125000000000,1.506630000,6.851576000,86.304648000,0.062861000,,
2500_sunset,2634234.145833333023,1.480454000,6.849801000,86.051067000,0.062443000,,
2500_sunset,2634234.166666666977,1.454252000,6.847898000,85.797488000,0.062024000,,
2500_sunset,2634234.187500000000,1.428025000,6.845869000,85.543912000,0.061606000,,
2500_sunset,2634234.208333333023,1.401773000,6.843714000,85.290337000,0.061187000,,
2500_sunset,2634234.229166666977,1.375496000,6.841431000,85.036766000,0.060767000,,
2500_sunset,2634234.250000000000,1.349196000,6.839022000,84.783196000,0.060348000,,
2500_sunset,2634234.270833333023,1.322873000,6.836486000,84.529629000,0.059928000,,
2500_sunset,2634234.291666666977,1.296528000,6.833824000,84.276064000,0.059507000,,
2500_sunset,2634234.312500000000,1.270162000,6.831035000,84.022502000,0.059087000,,
2500_sunset,2634234.333333333023,1.243774000,6.828120000,83.768942000,0.058666000,,
2500_sunrise,2634248.125000000000,358.852914000,-6.754299000,276.117471000,-0.350559000,,
2500_sunrise,2634248.145833333023,358.874952000,-6.750922000,275.863807000,-0.351240000,,
2500_sunrise,2634248.166666666977,358.897003000,-6.747365000,275.610140000,-0.351921000,,
2500_sunrise,2634248.187500000000,358.919066000,-6.743627000,275.356470000,-0.352602000,,
2500_sunrise,2634248.208333333023,358.941141000,-6.739709000,275.102796000,-0.353282000,,
2500_sunrise,2634248.229166666977,358.963227000,-6.735610000,274.849119000,-0.353962000,,
2500_sunrise,2634248.250000000000,358.985324000,-6.731331000,274.595438000,-0.354642000,,
2500_sunrise,2634248.270833333023,359.007432000,-6.726872000,274.341755000,-0.355322000,,
2500_sunrise,2634248.291666666977,359.029550000,-6.722233000,274.088068000,-0.356001000,,
2500_sunrise,2634248.312500000000,359.051678000,-6.717414000,273.834377000,-0.356680000,,
2500_sunrise,2634248.333333333023,359.073814000,-6.712415000,273.580684000,-0.357359000,,
2500_sunrise,2634248.354166666977,359.095960000,-6.707236000,273.326987000,-0.358038000,,
2500_sunrise,2634248.375000000000,359.118114000,-6.701878000,273.073286000,-0.358716000,,
2500_sunrise,2634248.395833333023,359.140276000,-6.696340000,272.819583000,-0.359394000,,
2500_sunrise,2634248.416666666977,359.162445000,-6.690623000,272.565876000,-0.360072000,,
2500_sunrise,2634248.437500000000,359.184622000,-6.684727000,272.312165000,-0.360749000,,
2500_sunrise,2634248.458333333023,359.206805000,-6.678652000,272.058452000,-0.361426000,,
2500_sunrise,2634248.479166666977,359.228994000,-6.672397000,271.804735000,-0.362103000,,
2500_sunrise,2634248.500000000000,359.251189000,-6.665964000,271.551014000,-0.362780000,,
2500_sunrise,2634248.520833333023,359.273389000,-6.659353000,271.297291000,-0.363456000,,
2500_sunrise,2634248.541666666977,359.295595000,-6.652562000,271.043564000,-0.364132000,,
2500_sunrise,2634248.562500000000,359.317804000,-6.645594000,270.789834000,-0.364808000,,
2500_sunrise,2634248.583333333023,359.340018000,-6.638448000,270.536100000,-0.365484000,,
2500_sunrise,2634248.604166666977,359.362236000,-6.631123000,270.282363000,-0.366159000,,
2500_sunrise,2634248.625000000000,359.384456000,-6.623621000,270.028623000,-0.366834000,,
2500_sunrise,2634248.645833333023,359.406680000,-6.615942000,269.774879000,-0.367509000,,
2500_sunrise,2634248.666666666977,359.428906000,-6.608085000,269.521132000,-0.368183000,,
2500_sunrise,2634248.687500000000,359.451133000,-6.600051000,269.267382000,-0.368858000,,
2500_sunrise,2634248.708333333023,359.473363000,-6.591840000,269.013628000,-0.369531000,,
2500_sunrise,2634248.729166666977,359.495593000,-6.583452000,268.759871000,-0.370205000,,
2500_sunrise,2634248.750000000000,359.517824000,-6.574888000,268.506111000,-0.370879000,,
2500_sunrise,2634248.770833333023,359.540055000,-6.566147000,268.252347000,-0.371552000,,
2500_sunrise,2634248.791666666977,359.562286000,-6.557231000,267.998580000,-0.372225000,,
2500_sunrise,2634248.812500000000,359.584517000,-6.548139000,267.744810000,-0.372897000,,
2500_sunrise,2634248.833333333023,359.606746000,-6.538871000,267.491036000,-0.373570000,,
2500_sunrise,2634248.854166666977,359.628974000,-6.529428000,267.237259000,-0.374242000,,
2500_sunrise,2634248.875000000000,359.651201000,-6.519810000,266.983478000,-0.374914000,,
2500_sunrise,2634248.895833333023,359.673425000,-6.510017000,266.729695000,-0.375585000,,
2500_sunrise,2634248.916666666977,359.695646000,-6.500049000,266.475907000,-0.376257000,,
2500_sunrise,2634248.937500000000,359.717864000,-6.489908000,266.222117000,-0.376928000,,
2500_sunrise,2634248.958333333023,359.740079000,-6.479592000,265.968323000,-0.377598000,,
2500_sunrise,2634248.979166666977,359.762289000,-6.469103000,265.714526000,-0.378269000,,
2500_sunrise,2634249.000000000000,359.784496000,-6.458440000,265.460726000,-0.378939000,,
2500_sunrise,2634249.020833333023,359.806697000,-6.447604000,265.206922000,-0.379609000,,
2500_sunrise,2634249.041666666977,359.828894000,-6.436595000,264.953114000,-0.380279000,,
2500_sunrise,2634249.062500000000,359.851085000,-6.425414000,264.699304000,-0.380948000,,
2500_sunrise,2634249.083333333023,359.873270000,-6.414060000,264.445490000,-0.381618000,,
2500_sunrise,2634249.104166666977,359.895448000,-6.402535000,264.191673000,-0.382287000,,
2500_sunrise,2634249.125000000000,359.917620000,-6.390838000,263.937852000,-0.382955000,,
73d,2634263.500000000000,358.661987000,6.008211000,88.487744000,-0.736433000,404029.480770065,149419930.685671508
73d,2634336.500000000000,7.092842000,1.585317000,277.737806000,-1.474614000,380086.385642311,151872009.369794905
73d,2634409.500000000000,354.003598000,-6.212239000,105.419477000,-0.107033000,380689.794646084,151107397.702407390
73d,2634482.500000000000,0.701902000,4.478847000,295.529187000,1.508314000,404156.547634897,148537860.607990205
endpoint,2634531.479166666977,6.277005000,6.363434000,59.455571000,1.268219000,,
