# Earth and Sun over the Moon from JPL Horizons (DE441), for checking geography/lunar_ephemeris.py.
# Source: NASA/JPL Horizons API (ssd.jpl.nasa.gov/api/horizons.api), retrieved 2026-10-03; JPL ephemerides are public domain.
# Observer tables: COMMAND='301' CENTER='500@399' QUANTITIES='14,15' TIME_TYPE='TT', frame MOON_ME, east longitudes positive.
# Distance: geometric range RG from vector tables (EPHEM_TYPE='VECTORS', VEC_CORR='NONE'); the observer-table range is light-time corrected.
# Samples: every 5 days from 2026-01-01 to 2045-01-01, and every 3 hours through January 2030.
sample,jd_tt,sub_earth_lon_deg,sub_earth_lat_deg,sub_sun_lon_deg,sub_sun_lat_deg,earth_distance_km
5d,2461041.500000000,358.715066,-6.556032,32.529345,-1.346435,361026.011
5d,2461046.500000000,6.491062,-2.289895,331.905734,-1.260324,373573.178
5d,2461051.500000000,4.710669,4.666240,271.189338,-1.186801,400495.037
5d,2461056.500000000,358.479892,6.514493,210.322503,-1.121352,403159.401
5d,2461061.500000000,354.842397,1.601645,149.379193,-1.023483,388210.006
5d,2461066.500000000,355.955629,-5.407688,88.502948,-0.893935,372423.723
5d,2461071.500000000,2.244642,-5.441526,27.784554,-0.747370,366577.581
5d,2461076.500000000,5.645425,1.848790,327.127943,-0.598216,386017.261
5d,2461081.500000000,1.271521,6.661418,266.367250,-0.484631,404252.263
5d,2461086.500000000,355.866292,4.636078,205.455784,-0.384262,394626.664
5d,2461091.500000000,355.609743,-2.678880,144.467287,-0.253640,376234.015
5d,2461096.500000000,0.040907,-6.780943,83.555225,-0.093736,370135.267
5d,2461101.500000000,4.337937,-1.868134,22.790727,0.085904,377379.809
5d,2461106.500000000,3.383680,5.184134,322.061442,0.246682,397038.924
5d,2461111.500000000,357.650464,6.475775,261.223932,0.355002,403052.538
5d,2461116.500000000,354.201582,1.031210,200.235485,0.451269,382575.038
5d,2461121.500000000,358.317783,-5.945629,139.174368,0.575867,366979.621
5d,2461126.500000000,3.946988,-4.898728,78.203656,0.728746,374239.747
5d,2461131.500000000,4.550175,2.342643,17.367482,0.893652,389864.663
5d,2461136.500000000,0.453647,6.680244,316.548136,1.014751,403983.441
5d,2461141.500000000,354.472391,4.150731,255.619971,1.077621,396990.986
5d,2461146.500000000,354.257870,-3.113240,194.541126,1.135216,369945.330
5d,2461151.500000000,2.256458,-6.459985,133.402233,1.220124,363762.646
5d,2461156.500000000,6.147949,-0.857174,72.369766,1.332753,383149.981
5d,2461161.500000000,3.290374,5.486261,11.458932,1.441288,400299.629
5d,2461166.500000000,357.429025,5.931870,310.554313,1.487920,405315.474
5d,2461171.500000000,352.455611,0.306827,249.540640,1.482228,387251.564
5d,2461176.500000000,356.473561,-6.046525,188.378015,1.480908,360391.295
5d,2461181.500000000,5.722281,-3.876651,127.177274,1.506696,367681.122
5d,2461186.500000000,6.293843,3.350602,66.096984,1.557622,393492.871
5d,2461191.500000000,1.135880,6.567978,5.128419,1.586299,405887.690
5d,2461196.500000000,354.857503,3.138640,304.160998,1.547096,400863.002
5d,2461201.500000000,352.398078,-3.808160,243.082505,1.470718,376311.622
5d,2461206.500000000,0.153449,-6.171852,181.860280,1.407242,357197.240
5d,2461211.500000000,7.366239,0.390816,120.628442,1.371301,376981.212
5d,2461216.500000000,4.807285,6.115182,59.526929,1.354686,401724.377
5d,2461221.500000000,358.607166,5.346196,358.532311,1.302177,405252.545
5d,2461226.500000000,353.467089,-0.899276,297.536498,1.188735,391967.706
5d,2461231.500000000,354.681694,-6.447568,236.424576,1.057689,367676.162
5d,2461236.500000000,3.573010,-3.312332,175.179640,0.943918,361598.217
5d,2461241.500000000,6.984383,4.349603,113.954555,0.858741,388171.514
5d,2461246.500000000,2.227014,6.664056,52.866623,0.785311,405303.016
5d,2461251.500000000,356.320812,2.226236,351.886162,0.670974,398551.615
5d,2461256.500000000,354.059706,-4.781137,290.901547,0.513408,381415.383
5d,2461261.500000000,358.540595,-6.134140,229.792483,0.355468,364696.702
5d,2461266.500000000,5.393010,0.995584,168.566899,0.215136,371971.164
5d,2461271.500000000,4.999459,6.581231,107.386439,0.104954,397776.937
5d,2461276.500000000,359.071876,4.980012,46.349269,0.000322,403116.422
5d,2461281.500000000,355.110550,-1.817076,345.423800,-0.139981,387438.623
5d,2461286.500000000,356.899446,-6.743480,284.486568,-0.300090,372893.049
5d,2461291.500000000,2.277556,-2.895349,223.414381,-0.452264,368808.563
5d,2461296.500000000,5.389982,4.734340,162.245656,-0.587620,384828.888
5d,2461301.500000000,1.909559,6.530503,101.140680,-0.691111,403399.011
5d,2461306.500000000,356.005004,1.623539,40.185527,-0.790884,395489.326
5d,2461311.500000000,355.792377,-5.298531,339.346280,-0.911455,374910.477
5d,2461316.500000000,1.035033,-5.565704,278.479292,-1.031104,369707.362
5d,2461321.500000000,4.618615,1.564384,217.467409,-1.145880,378572.196
5d,2461326.500000000,3.911932,6.546493,156.378455,-1.243271,396498.885
5d,2461331.500000000,358.254426,4.351921,95.364950,-1.307257,403948.591
5d,2461336.500000000,353.905064,-2.377306,34.507343,-1.363529,384090.153
5d,2461341.500000000,358.490569,-6.553637,333.764874,-1.419809,364782.949
5d,2461346.500000000,4.753725,-1.718045,272.969602,-1.466949,373097.003
5d,2461351.500000000,5.274534,5.161763,212.023184,-1.520027,390462.224
5d,2461356.500000000,1.385436,5.997915,151.014658,-1.554112,404167.028
5d,2461361.500000000,354.786648,0.718345,90.087156,-1.553976,399524.217
5d,2461366.500000000,353.616422,-5.602548,29.319394,-1.536998,371762.736
5d,2461371.500000000,2.127486,-4.703668,328.656609,-1.501198,360438.524
5d,2461376.500000000,6.898346,2.813634,267.911452,-1.465690,381475.841
5d,2461381.500000000,4.398196,6.594589,207.013617,-1.447968,400583.248
5d,2461386.500000000,358.336924,3.401142,146.061998,-1.410806,406215.946
5d,2461391.500000000,352.489808,-3.277768,85.192728,-1.340081,391281.090
5d,2461396.500000000,355.371190,-6.555198,24.483661,-1.241174,362036.698
5d,2461401.500000000,5.134200,-0.592878,323.858919,-1.116687,363217.659
5d,2461406.500000000,7.187583,5.995411,263.125594,-1.014603,391495.397
5d,2461411.500000000,2.241827,5.595552,202.241069,-0.938195,406015.334
5d,2461416.500000000,355.548115,-0.403625,141.305389,-0.844627,402319.660
5d,2461421.500000000,352.271498,-6.198607,80.452678,-0.719659,381362.930
5d,2461426.500000000,358.396283,-4.507235,19.757391,-0.557705,358088.287
5d,2461431.500000000,6.642227,3.708376,319.118650,-0.381249,371821.408
5d,2461436.500000000,5.721135,6.787710,258.353952,-0.249606,399853.437
5d,2461441.500000000,359.293438,2.680779,197.440253,-0.146003,405367.144
5d,2461446.500000000,354.003096,-4.187935,136.475895,-0.029673,393528.280
5d,2461451.500000000,354.360694,-6.613106,75.598782,0.115672,372755.966
5d,2461456.500000000,1.454542,-0.323495,14.873193,0.298879,361406.300
5d,2461461.500000000,6.527238,6.350169,314.174885,0.472361,383267.710
5d,2461466.500000000,2.805265,5.206695,253.342450,0.588988,404313.063
5d,2461471.500000000,356.408663,-1.165852,192.363190,0.680129,398758.630
5d,2461476.500000000,354.507007,-6.483512,131.336272,0.779486,382319.174
5d,2461481.500000000,357.933874,-3.985447,70.407292,0.906521,368647.675
5d,2461486.500000000,3.688011,3.921927,9.619763,1.061206,370974.703
5d,2461491.500000000,4.888263,6.530512,308.833956,1.181684,394249.699
5d,2461496.500000000,359.077592,1.945246,247.912552,1.246730,403775.564
5d,2461501.500000000,354.651257,-4.683879,186.847231,1.292045,387653.913
5d,2461506.500000000,357.086513,-6.039098,125.743854,1.342800,372330.108
5d,2461511.500000000,1.666596,0.539925,64.754186,1.420151,370982.847
5d,2461516.500000000,4.636948,6.325835,3.891212,1.506603,383678.302
5d,2461521.500000000,1.980056,4.449600,303.011620,1.545809,401995.331
5d,2461526.500000000,355.507881,-1.960358,241.998905,1.541261,398148.613
5d,2461531.500000000,354.837392,-6.493199,180.847060,1.523457,374768.300
5d,2461536.500000000,0.788506,-2.726427,119.675443,1.510547,367277.167
5d,2461541.500000000,4.535491,4.694865,58.633268,1.520890,379080.897
5d,2461546.500000000,4.017752,6.127325,357.701102,1.521953,395681.264
5d,2461551.500000000,358.406870,0.919822,296.742286,1.477986,404725.104
5d,2461556.500000000,353.167480,-5.282946,235.654375,1.406653,388430.123
5d,2461561.500000000,356.980379,-5.545520,174.434900,1.326675,363777.602
5d,2461566.500000000,4.355022,1.927986,113.221467,1.252658,369110.846
5d,2461571.500000000,5.879800,6.640883,52.148444,1.195235,389864.649
5d,2461576.500000000,1.924830,3.691652,351.171753,1.118940,403786.262
5d,2461581.500000000,355.120461,-2.953968,290.165077,1.012034,401915.099
5d,2461586.500000000,352.815525,-6.742122,229.032545,0.893429,376854.332
5d,2461591.500000000,0.215977,-1.961218,167.779390,0.767514,358297.898
5d,2461596.500000000,6.852987,5.626548,106.561446,0.649129,376830.933
5d,2461601.500000000,5.340313,5.882013,45.489524,0.539878,399538.484
5d,2461606.500000000,359.020982,0.004784,344.506424,0.414569,406127.316
5d,2461611.500000000,353.154344,-5.923398,283.493083,0.279439,394409.366
5d,2461616.500000000,354.473600,-5.445208,222.354075,0.143030,366721.751
5d,2461621.500000000,3.445714,2.596581,161.109076,-0.001909,360219.860
5d,2461626.500000000,7.631678,6.832692,99.926762,-0.138233,387245.832
5d,2461631.500000000,3.102934,3.037504,38.893244,-0.269242,405094.203
5d,2461636.500000000,356.363428,-3.717246,337.946675,-0.402667,402301.671
5d,2461641.500000000,353.194161,-6.768789,276.968030,-0.525152,384404.766
5d,2461646.500000000,357.442636,-1.652271,215.859470,-0.646751,361540.924
5d,2461651.500000000,5.781557,5.885858,154.663059,-0.778409,368661.269
5d,2461656.500000000,6.376468,5.399503,93.551290,-0.901003,396793.569
5d,2461661.500000000,359.944294,-0.774331,32.590405,-1.015393,404910.219
5d,2461666.500000000,354.997169,-6.197162,331.716962,-1.112267,393335.564
5d,2461671.500000000,355.208417,-4.791794,270.803353,-1.184062,375195.166
5d,2461676.500000000,0.811735,2.916320,209.751983,-1.261344,363470.196
5d,2461681.500000000,6.498807,6.554156,148.632970,-1.348856,380612.298
5d,2461686.500000000,3.375748,2.150594,87.612937,-1.426703,402827.142
5d,2461691.500000000,356.925970,-4.319374,26.745365,-1.486907,398822.085
5d,2461696.500000000,355.486990,-6.318737,325.963866,-1.509413,381662.338
5d,2461701.500000000,358.536204,-0.552726,265.124875,-1.505347,370291.466
5d,2461706.500000000,3.684257,6.013778,204.140205,-1.518349,371996.507
5d,2461711.500000000,5.250725,4.659589,143.106849,-1.540790,392525.723
5d,2461716.500000000,359.476701,-1.741823,82.178727,-1.552349,404007.501
5d,2461721.500000000,354.979486,-6.406624,21.403266,-1.533261,388092.283
5d,2461726.500000000,357.652290,-3.678392,320.707055,-1.463032,370845.706
5d,2461731.500000000,2.295053,3.983842,259.927779,-1.379797,371779.007
5d,2461736.500000000,5.139645,6.342342,198.998776,-1.324822,384128.118
5d,2461741.500000000,2.389545,1.170573,138.034834,-1.279531,401486.966
5d,2461746.500000000,355.753477,-5.082914,77.175861,-1.222242,400218.473
5d,2461751.500000000,354.571639,-6.115848,16.468106,-1.122123,375295.366
5d,2461756.500000000,0.813620,0.779261,315.825539,-0.970727,364547.500
5d,2461761.500000000,5.451681,6.575815,255.071575,-0.829719,378998.057
5d,2461766.500000000,4.649801,4.103017,194.168615,-0.723461,395939.406
5d,2461771.500000000,358.842775,-2.669915,133.237691,-0.629904,405618.591
5d,2461776.500000000,353.155168,-6.780354,72.408686,-0.524248,392351.640
5d,2461781.500000000,355.662436,-3.265600,11.728632,-0.368857,363895.210
5d,2461786.500000000,4.169279,4.925485,311.092662,-0.177783,364885.685
5d,2461791.500000000,6.909654,6.203321,250.320996,-0.018279,389010.258
5d,2461796.500000000,2.499078,0.429804,189.403802,0.105278,404087.115
5d,2461801.500000000,355.700429,-5.650632,128.461194,0.210687,404122.102
5d,2461806.500000000,352.255910,-6.047584,67.619525,0.327453,382184.937
5d,2461811.500000000,357.982773,1.131814,6.924108,0.491968,357377.552
5d,2461816.500000000,6.747892,6.746720,306.246281,0.666708,371432.740
5d,2461821.500000000,6.146610,3.404639,245.416781,0.801577,398330.133
5d,2461826.500000000,359.587059,-3.324615,184.446310,0.902666,406529.114
5d,2461831.500000000,353.831190,-6.728478,123.453158,0.980059,397379.792
5d,2461836.500000000,353.213076,-2.831607,62.565913,1.067986,372411.155
5d,2461841.500000000,1.087024,5.041764,1.819819,1.191408,358009.485
5d,2461846.500000000,7.548921,5.630487,301.062770,1.302749,381701.079
5d,2461851.500000000,3.574723,-0.496312,240.147557,1.380558,404210.793
5d,2461856.500000000,356.940579,-5.935089,179.097284,1.427919,402673.752
5d,2461861.500000000,353.670758,-5.278764,118.031575,1.448379,387202.157
5d,2461866.500000000,355.888538,1.740548,57.083417,1.478112,366344.110
5d,2461871.500000000,3.992129,6.534516,356.265489,1.524262,365690.499
5d,2461876.500000000,6.206791,2.393279,295.411476,1.550914,392411.371
5d,2461881.500000000,0.172880,-4.132569,234.401229,1.558741,405028.075
5d,2461886.500000000,355.340339,-6.462552,173.264062,1.538919,393397.264
5d,2461891.500000000,355.274458,-1.538902,112.125739,1.492231,376843.753
5d,2461896.500000000,359.722002,5.526027,51.120015,1.451371,366628.979
5d,2461901.500000000,5.410916,5.079486,350.227122,1.410114,377852.411
5d,2461906.500000000,3.233461,-1.571772,289.281670,1.359017,400586.827
5d,2461911.500000000,356.953681,-6.383537,228.187547,1.304113,400321.985
5d,2461916.500000000,355.191479,-4.497067,166.977051,1.222732,381042.264
5d,2461921.500000000,358.453044,3.053690,105.786960,1.116908,370180.713
5d,2461926.500000000,3.408683,6.609985,44.742505,1.010656,373514.937
5d,2461931.500000000,4.754786,1.629680,343.791317,0.899170,390708.603
5d,2461936.500000000,359.593435,-4.953243,282.781051,0.797700,404196.593
5d,2461941.500000000,354.654584,-6.479897,221.631524,0.702374,390854.826
5d,2461946.500000000,356.635619,-0.531256,160.378188,0.579964,369164.315
5d,2461951.500000000,2.532701,6.271792,99.172125,0.436023,369934.599
5d,2461956.500000000,5.429938,4.680803,38.118955,0.285758,384496.656
5d,2461961.500000000,2.481647,-2.310590,337.143023,0.140545,400785.699
5d,2461966.500000000,356.219462,-6.735105,276.108231,0.026214,402427.798
5d,2461971.500000000,353.707533,-4.193347,214.941711,-0.079145,378674.662
5d,2461976.500000000,359.596266,3.834437,153.685818,-0.213082,361638.588
5d,2461981.500000000,6.072445,6.499277,92.505627,-0.366835,376080.005
5d,2461986.500000000,5.214094,0.939649,31.479692,-0.526950,395738.797
5d,2461991.500000000,359.556556,-5.395298,330.520923,-0.661422,405767.400
5d,2461996.500000000,353.784427,-6.281456,269.505051,-0.749869,395760.935
5d,2462001.500000000,354.390519,-0.135670,208.360510,-0.833413,366990.021
5d,2462006.500000000,3.381403,6.436852,147.143432,-0.946606,361062.790
5d,2462011.500000000,7.624240,3.873907,86.027442,-1.079071,385953.208
5d,2462016.500000000,3.303586,-2.991463,25.063260,-1.209132,403745.288
5d,2462021.500000000,356.886506,-6.650032,324.160582,-1.291010,404704.117
5d,2462026.500000000,352.741932,-3.522835,263.199176,-1.321342,385986.482
5d,2462031.500000000,356.800452,4.092226,202.107041,-1.355968,359510.573
5d,2462036.500000000,6.466453,5.964890,140.961765,-1.420269,367385.074
5d,2462041.500000000,6.819612,-0.157134,79.935611,-1.502650,395870.264
5d,2462046.500000000,0.647184,-5.777598,19.056947,-1.567441,406238.828
5d,2462051.500000000,355.101800,-5.568496,318.235256,-1.567191,398040.270
5d,2462056.500000000,353.476618,0.768221,257.346358,-1.521434,376085.238
5d,2462061.500000000,0.354501,6.421007,196.321377,-1.491228,359013.326
5d,2462066.500000000,7.471942,2.889129,135.263298,-1.490201,378081.652
5d,2462071.500000000,4.279543,-3.972213,74.332715,-1.504124,402722.117
5d,2462076.500000000,358.035719,-6.558602,13.544593,-1.484622,402437.660
5d,2462081.500000000,354.640868,-2.309305,312.807108,-1.394309,387655.511
5d,2462086.500000000,356.170643,4.875525,251.985827,-1.275513,369586.317
5d,2462091.500000000,3.557964,5.658816,191.023309,-1.181734,365811.239
5d,2462096.500000000,6.204634,-1.205393,130.044430,-1.117490,389688.496
5d,2462101.500000000,0.889359,-6.367369,69.192775,-1.064081,404729.161
5d,2462106.500000000,355.988525,-5.030302,8.478756,-0.966395,393111.445
5d,2462111.500000000,355.890556,2.075682,307.805326,-0.805883,376715.111
5d,2462116.500000000,0.190506,6.740014,247.024847,-0.639726,369144.930
5d,2462121.500000000,5.031965,2.382476,186.101063,-0.503382,377537.280
5d,2462126.500000000,3.402459,-4.741436,125.171378,-0.399026,399194.110
5d,2462131.500000000,357.383284,-6.667443,64.363899,-0.302442,401487.669
5d,2462136.500000000,354.958768,-1.571927,3.690354,-0.159175,380486.268
5d,2462141.500000000,358.948703,5.699455,303.042282,0.026579,368929.142
5d,2462146.500000000,3.899177,5.367934,242.261218,0.199255,375055.702
5d,2462151.500000000,4.546620,-1.738175,181.338784,0.341983,390439.883
5d,2462156.500000000,359.983066,-6.631946,120.415409,0.448382,404537.759
5d,2462161.500000000,354.363379,-4.744316,59.609355,0.547994,393703.029
5d,2462166.500000000,355.494540,2.655244,358.934850,0.687225,367914.402
5d,2462171.500000000,2.979318,6.664720,298.264485,0.843391,367126.585
5d,2462176.500000000,5.825514,1.630221,237.438229,0.981168,385062.561
5d,2462181.500000000,2.711527,-5.071792,176.476371,1.091074,400885.227
5d,2462186.500000000,356.666530,-6.337023,115.516788,1.160382,404615.810
5d,2462191.500000000,352.501526,-1.079106,54.673717,1.222054,383008.900
5d,2462196.500000000,357.897425,5.844967,353.959539,1.308127,359178.839
5d,2462201.500000000,6.274079,4.458010,293.222473,1.392229,371851.361
5d,2462206.500000000,5.681188,-2.599945,232.315531,1.467185,395615.087
5d,2462211.500000000,0.239445,-6.546625,171.282295,1.516193,406243.652
5d,2462216.500000000,354.028461,-3.881516,110.256836,1.522655,399389.154
5d,2462221.500000000,352.562174,3.148669,49.353030,1.519033,372006.097
5d,2462226.500000000,1.468341,6.310656,348.571889,1.520911,357246.320
5d,2462231.500000000,7.570468,0.350942,287.739549,1.518748,381121.514
5d,2462236.500000000,3.987307,-5.677038,226.735279,1.523443,403370.636
5d,2462241.500000000,357.680259,-5.743798,165.616960,1.503073,405288.540
5d,2462246.500000000,352.716177,0.077434,104.516813,1.441446,390176.423
5d,2462251.500000000,354.927421,6.152761,43.548770,1.365239,364067.132
5d,2462256.500000000,4.562389,3.752473,342.690814,1.280272,362799.014
5d,2462261.500000000,6.796420,-3.731354,281.759137,1.206597,391576.674
5d,2462266.500000000,1.384864,-6.680976,220.663525,1.152887,406081.943
5d,2462271.500000000,355.581329,-2.887825,159.467981,1.074195,398348.589
5d,2462276.500000000,353.438535,4.193577,98.306976,0.957887,379764.234
5d,2462281.500000000,358.825158,6.300363,37.290816,0.820720,362246.245
5d,2462286.500000000,5.931834,-0.432185,336.366326,0.674120,373789.243
5d,2462291.500000000,4.519895,-6.325541,275.356047,0.561865,399963.711
5d,2462296.500000000,358.439119,-5.412293,214.194703,0.474826,402870.885
5d,2462301.500000000,354.681782,1.161231,152.948385,0.362720,387299.504
5d,2462306.500000000,356.421529,6.633475,91.758881,0.216900,371874.665
5d,2462311.500000000,2.486541,3.420704,30.724736,0.045502,367571.490
5d,2462316.500000000,5.449356,-4.303127,329.761960,-0.119902,386591.917
5d,2462321.500000000,1.341181,-6.741433,268.710879,-0.232005,404024.424
5d,2462326.500000000,355.793914,-2.280815,207.521291,-0.321237,394228.631
5d,2462331.500000000,355.751279,4.927580,146.262252,-0.435224,375366.429
5d,2462336.500000000,0.684943,5.982604,85.086717,-0.580632,369742.687
5d,2462341.500000000,4.576100,-0.920646,24.070739,-0.748993,378240.580
5d,2462346.500000000,3.570966,-6.465455,323.108342,-0.886965,397622.055
5d,2462351.500000000,357.807176,-4.967310,262.060026,-0.963258,402765.451
5d,2462356.500000000,354.285105,1.757075,200.882144,-1.023952,381994.204
5d,2462361.500000000,358.903030,6.624120,139.651591,-1.108537,366466.842
5d,2462366.500000000,4.433590,2.483843,78.531827,-1.223649,374337.927
5d,2462371.500000000,4.875601,-4.681239,17.568028,-1.348897,390588.664
5d,2462376.500000000,0.802257,-6.350054,316.644524,-1.421837,404301.722
5d,2462381.500000000,354.594086,-1.535666,255.637417,-1.435996,396482.991
5d,2462386.500000000,354.704580,5.239731,194.504839,-1.443828,369262.089
5d,2462391.500000000,2.967861,5.159861,133.338395,-1.474490,363770.462
5d,2462396.500000000,6.473677,-2.018234,72.304775,-1.533704,383703.671
5d,2462401.500000000,3.715259,-6.490340,11.417648,-1.584337,400791.949
5d,2462406.500000000,357.679658,-4.095188,310.561329,-1.571658,405356.125
5d,2462411.500000000,352.587894,2.538109,249.620072,-1.512347,386744.700
5d,2462416.500000000,357.141270,6.524033,188.553084,-1.455458,359836.119
5d,2462421.500000000,6.180788,1.216928,127.472143,-1.420719,368026.371
5d,2462426.500000000,6.623502,-5.492541,66.535959,-1.409641,394146.537
5d,2462431.500000000,1.496477,-5.917699,5.734655,-1.373968,406048.628
5d,2462436.500000000,354.947492,-0.392386,304.956437,-1.277940,400832.212
5d,2462441.500000000,352.625488,5.801181,244.086166,-1.153556,376249.766
5d,2462446.500000000,0.520426,4.744735,183.087224,-1.037707,356900.734
5d,2462451.500000000,7.553055,-3.177549,122.092180,-0.944253,377230.095
5d,2462456.500000000,5.118536,-6.767530,61.243224,-0.868054,402111.735
5d,2462461.500000000,358.730944,-3.296297,0.518587,-0.760691,405037.019
5d,2462466.500000000,353.559095,3.594554,299.808812,-0.608639,392066.136
5d,2462471.500000000,354.876111,6.699165,238.993081,-0.447805,368328.049
5d,2462476.500000000,3.349652,0.721668,178.045298,-0.297730,361463.970
5d,2462481.500000000,7.031289,-6.137166,117.114116,-0.171525,388053.026
5d,2462486.500000000,2.300406,-5.660431,56.323420,-0.057965,405341.252
5d,2462491.500000000,356.196922,0.504423,355.649023,0.082005,397977.517
5d,2462496.500000000,354.310864,6.332373,294.978444,0.243032,381613.354
5d,2462501.500000000,358.424661,4.504906,234.181663,0.398956,365904.844
5d,2462506.500000000,4.849916,-3.528637,173.251689,0.545381,371887.351
5d,2462511.500000000,4.907172,-6.756287,112.345613,0.665600,397447.905
5d,2462516.500000000,358.740840,-2.694947,51.572412,0.773858,403067.342
5d,2462521.500000000,354.865815,4.227498,350.909957,0.894654,386565.274
5d,2462526.500000000,357.178530,6.381408,290.235197,1.012922,372922.085
5d,2462531.500000000,1.881519,0.183785,229.410984,1.124404,370149.280
5d,2462536.500000000,4.920803,-6.170238,168.457563,1.229109,384830.236
5d,2462541.500000000,1.600761,-5.076450,107.532329,1.305611,403263.170
5d,2462546.500000000,355.344723,1.180402,46.734244,1.367070,395747.200
5d,2462551.500000000,355.486647,6.394510,346.042675,1.422471,373820.482
5d,2462556.500000000,1.051745,3.400621,285.316476,1.461601,369300.016
5d,2462561.500000000,4.305684,-4.094026,224.421453,1.505119,379669.557
5d,2462566.500000000,3.618949,-6.366946,163.407785,1.543947,396616.553
5d,2462571.500000000,357.772317,-1.758361,102.426666,1.554263,404247.514
5d,2462576.500000000,353.189283,4.737960,41.571351,1.543905,384860.762
5d,2462581.500000000,357.985172,5.801886,340.817872,1.509723,363593.553
5d,2462586.500000000,4.526246,-1.207975,280.003266,1.462635,372229.844
5d,2462591.500000000,5.238313,-6.437186,219.011545,1.436522,391117.249
5d,2462596.500000000,1.146605,-4.289313,157.916925,1.406702,404271.509
5d,2462601.500000000,354.363220,2.178711,96.861826,1.350268,400109.883
5d,2462606.500000000,353.089365,6.604567,35.936760,1.266021,372899.778
5d,2462611.500000000,1.355844,2.432777,335.106165,1.147692,359345.077
5d,2462616.500000000,6.720652,-5.160300,274.189171,1.035811,380402.200
5d,2462621.500000000,4.472606,-6.158490,213.099733,0.957003,400784.389
5d,2462626.500000000,358.093540,-0.755012,151.925328,0.875435,406093.839
5d,2462631.500000000,352.407883,5.482497,90.801760,0.770566,391747.263
5d,2462636.500000000,355.063450,5.715032,29.817588,0.630580,363196.799
5d,2462641.500000000,4.417372,-2.125899,328.915736,0.460074,362499.952
5d,2462646.500000000,7.192904,-6.821284,267.909225,0.320537,390581.049
5d,2462651.500000000,2.208548,-3.671393,206.743539,0.217139,405892.950
5d,2462656.500000000,355.433526,3.092159,145.510848,0.112949,401846.561
5d,2462661.500000000,352.613883,6.827400,84.345691,-0.011519,381403.856
5d,2462666.500000000,358.264866,2.160980,23.331698,-0.175340,359071.206
5d,2462671.500000000,6.377189,-5.650510,322.382467,-0.351252,371686.057
5d,2462676.500000000,5.789649,-5.859583,261.319755,-0.479597,399310.513
5d,2462681.500000000,359.181540,0.029681,200.113529,-0.575750,405051.564
5d,2462686.500000000,354.211302,5.945690,138.857810,-0.669743,392768.129
5d,2462691.500000000,354.902250,5.319247,77.691763,-0.782617,372458.855
5d,2462696.500000000,1.605851,-2.412655,16.685833,-0.931037,362271.172
5d,2462701.500000000,6.707640,-6.714218,315.723720,-1.066346,383628.808
5d,2462706.500000000,2.821332,-2.922241,254.647109,-1.151505,404037.813
5d,2462711.500000000,356.465210,3.734601,193.440748,-1.211172,398273.917
5d,2462716.500000000,355.039400,6.549637,132.202588,-1.265707,381524.849
5d,2462721.500000000,358.432659,1.320834,71.079656,-1.338817,368433.207
5d,2462726.500000000,4.181150,-5.748675,10.117330,-1.433260,371810.472
5d,2462731.500000000,5.177293,-5.210777,309.178590,-1.495625,394766.193
5d,2462736.500000000,359.093534,0.917307,248.128439,-1.516961,403484.937
5d,2462741.500000000,355.066590,6.173359,186.958488,-1.519142,386981.224
5d,2462746.500000000,357.694242,4.277631,125.775378,-1.514318,371834.098
5d,2462751.500000000,2.161993,-3.300754,64.731440,-1.526283,371209.151
5d,2462756.500000000,5.228470,-6.463097,3.838215,-1.540173,384435.374
5d,2462761.500000000,2.119572,-1.945283,302.952655,-1.517888,402375.102
5d,2462766.500000000,355.653573,4.473390,241.959091,-1.469778,397700.746
5d,2462771.500000000,355.468211,6.249390,180.851320,-1.407042,373972.895
5d,2462776.500000000,1.292313,-0.101108,119.749692,-1.337049,367249.697
5d,2462781.500000000,5.106662,-6.273508,58.803245,-1.278638,379731.322
5d,2462786.500000000,4.372845,-4.597016,357.990876,-1.208180,396262.748
5d,2462791.500000000,358.410374,1.932884,297.175292,-1.112576,404964.923
5d,2462796.500000000,353.432856,6.575604,236.252278,-1.007498,388010.403
5d,2462801.500000000,357.408416,3.605671,175.216377,-0.890025,362986.499
5d,2462806.500000000,4.824560,-4.474227,114.204666,-0.766356,369351.404
5d,2462811.500000000,6.357902,-6.419115,53.352891,-0.647439,390624.419
5d,2462816.500000000,1.961742,-1.122108,352.617616,-0.515775,404153.134
5d,2462821.500000000,355.150365,5.219091,291.871125,-0.379895,402244.146
5d,2462826.500000000,352.932371,6.287408,231.012389,-0.248105,376836.485
5d,2462831.500000000,0.202324,-0.778086,170.038695,-0.103830,357532.825
5d,2462836.500000000,7.291994,-6.722423,109.103573,0.045069,376903.653
5d,2462841.500000000,5.499369,-4.050850,48.323646,0.193103,400082.590
5d,2462846.500000000,358.926355,2.696850,347.645213,0.341201,406260.206
5d,2462851.500000000,353.283793,6.777772,286.947027,0.469908,395006.537
5d,2462856.500000000,354.145669,3.391961,226.124889,0.587602,367324.513
5d,2462861.500000000,3.135267,-4.815893,165.184879,0.719750,359389.389
5d,2462866.500000000,7.814749,-6.068716,104.293245,0.855193,386905.244
5d,2462871.500000000,2.927538,-0.326382,43.547034,0.987646,405301.211
5d,2462876.500000000,356.342087,5.613392,342.890447,1.099916,402123.217
5d,2462881.500000000,353.288638,5.797719,282.202125,1.174275,385172.325
5d,2462886.500000000,356.770582,-1.097597,221.372240,1.240566,362640.100
5d,2462891.500000000,5.360837,-6.577139,160.425169,1.324108,367804.024
5d,2462896.500000000,6.143198,-3.153481,99.532600,1.410282,396228.786
5d,2462901.500000000,359.594273,3.430329,38.775060,1.486020,404904.646
5d,2462906.500000000,355.020561,6.559838,338.097964,1.521198,392739.694
5d,2462911.500000000,355.119362,2.311385,277.372478,1.512029,375816.096
5d,2462916.500000000,0.240853,-5.083363,216.486723,1.507339,364749.578
5d,2462921.500000000,5.975717,-5.474511,155.492088,1.522226,379975.684
5d,2462926.500000000,2.852728,0.745739,94.556158,1.539933,402473.588
5d,2462931.500000000,356.537431,6.030808,33.747846,1.537285,398861.185
5d,2462936.500000000,355.299497,4.941603,333.013205,1.479751,380627.969
5d,2462941.500000000,358.397129,-2.352843,272.209538,1.387156,370481.714
5d,2462946.500000000,3.439314,-6.589487,211.233099,1.315187,373178.861
5d,2462951.500000000,4.649021,-2.287777,150.163892,1.264307,392306.009
5d,2462956.500000000,358.968820,4.336811,89.157856,1.217213,404143.544
5d,2462961.500000000,354.542032,6.561433,28.277664,1.140017,388355.038
5d,2462966.500000000,357.137563,1.105188,327.465902,1.004004,369500.339
5d,2462971.500000000,2.369924,-5.937886,266.562714,0.854973,371486.783
5d,2462976.500000000,5.043662,-5.110907,205.485675,0.737777,385050.097
5d,2462981.500000000,1.888382,1.625264,144.336269,0.643527,401592.496
5d,2462986.500000000,355.504915,6.534917,83.257133,0.554224,400709.301
5d,2462991.500000000,354.030875,4.618913,22.308714,0.427312,375729.500
5d,2462996.500000000,0.280164,-3.392452,321.422420,0.250578,363176.763
5d,2463001.500000000,5.703909,-6.679460,260.423820,0.085191,378448.882
5d,2463006.500000000,4.529568,-1.638671,199.261394,-0.046081,396539.122
5d,2463011.500000000,358.653860,4.949965,138.047645,-0.151075,405717.535
5d,2463016.500000000,353.193714,6.563570,76.915712,-0.250654,392754.307
5d,2463021.500000000,355.176524,0.681454,15.924622,-0.390496,364324.986
5d,2463026.500000000,4.012123,-6.339197,314.984456,-0.559601,363904.403
5d,2463031.500000000,7.080281,-4.499294,253.916318,-0.703172,388555.109
5d,2463036.500000000,2.425361,2.306185,192.700954,-0.816356,404361.628
5d,2463041.500000000,355.878452,6.635796,131.454422,-0.898934,403895.461
5d,2463046.500000000,352.456346,4.174807,70.306310,-0.976664,382153.087
5d,2463051.500000000,357.928769,-3.675992,9.310175,-1.089192,357782.330
5d,2463056.500000000,6.932963,-6.295092,308.346638,-1.207055,371161.314
5d,2463061.500000000,6.171641,-0.671933,247.247374,-1.300899,398153.098
5d,2463066.500000000,359.725273,5.367485,186.019034,-1.368955,406477.392
5d,2463071.500000000,354.217165,6.017615,124.778821,-1.402747,396767.878
5d,2463076.500000000,353.535179,-0.005659,63.657692,-1.432301,372041.726
5d,2463081.500000000,1.602219,-6.305724,2.694318,-1.482058,358547.529
5d,2463086.500000000,7.763379,-3.548666,301.740435,-1.522390,382070.996
5d,2463091.500000000,3.628099,3.237141,240.651074,-1.551529,404181.081
5d,2463096.500000000,357.323186,6.565521,179.448813,-1.557594,402286.962
5d,2463101.500000000,354.062233,3.056452,118.253470,-1.527894,386464.234
5d,2463106.500000000,356.441409,-4.306123,57.198899,-1.492507,366096.385
5d,2463111.500000000,4.672737,-5.893209,356.297200,-1.459001,366414.480
5d,2463116.500000000,6.312227,0.454208,295.383174,-1.418469,393015.938
5d,2463121.500000000,0.400542,5.969659,234.338971,-1.382417,404861.076
5d,2463126.500000000,355.801781,5.409234,173.193901,-1.324081,392704.439
5d,2463131.500000000,355.675767,-1.345395,112.073948,-1.231060,376376.028
5d,2463136.500000000,0.450563,-6.592860,51.112572,-1.127518,366885.620
5d,2463141.500000000,5.781395,-2.888936,350.288315,-1.014794,378608.401
5d,2463146.500000000,3.303534,4.172228,289.435952,-0.912310,401060.752
5d,2463151.500000000,357.264877,6.715186,228.459151,-0.826762,399877.835
5d,2463156.500000000,355.532985,2.106075,167.388099,-0.718744,380136.245
5d,2463161.500000000,359.024439,-5.308907,106.359173,-0.578831,370200.843
5d,2463166.500000000,3.948308,-5.709946,45.498045,-0.422316,374273.573
5d,2463171.500000000,4.768524,1.148178,344.752348,-0.261206,391339.115
5d,2463176.500000000,359.687133,6.459800,283.968655,-0.133530,404509.496
5d,2463181.500000000,354.756228,5.178678,223.062378,-0.029523,390302.380
5d,2463186.500000000,356.830044,-2.226414,162.062930,0.097492,368140.778
5d,2463191.500000000,3.198919,-6.787203,101.120571,0.253506,370275.950
5d,2463196.500000000,5.550638,-2.326717,40.344769,0.428136,385462.325
5d,2463201.500000000,2.390084,4.644919,339.662237,0.588410,401259.537
5d,2463206.500000000,356.249003,6.645547,278.933950,0.695129,402840.079
5d,2463211.500000000,353.373856,1.710259,218.078434,0.778087,378384.140
5d,2463216.500000000,359.706015,-5.684587,157.127283,0.884930,360499.799
5d,2463221.500000000,6.467458,-5.044272,96.245381,1.018951,376328.006
5d,2463226.500000000,5.078804,1.839003,35.520013,1.165733,396568.319
5d,2463231.500000000,359.545714,6.486391,334.868126,1.274066,406079.297
5d,2463236.500000000,353.604315,4.579600,274.161262,1.318114,396524.930
5d,2463241.500000000,353.709987,-2.564718,213.316213,1.345339,367242.918
5d,2463246.500000000,3.275890,-6.468109,152.374025,1.397779,359765.047
5d,2463251.500000000,7.572768,-1.165942,91.509894,1.476561,385813.832
5d,2463256.500000000,3.169938,5.160782,30.787693,1.555960,404200.694
5d,2463261.500000000,356.901161,6.103955,330.122812,1.577801,404751.189
5d,2463266.500000000,352.369968,0.760283,269.391085,1.537477,387082.552
5d,2463271.500000000,356.073069,-5.838301,208.507197,1.492975,360293.487
5d,2463276.500000000,5.935163,-4.200099,147.530765,1.475140,366036.687
5d,2463281.500000000,6.502054,2.998166,86.637830,1.483014,395400.584
5d,2463286.500000000,0.549783,6.595948,25.873028,1.478209,406270.073
5d,2463291.500000000,354.967317,3.536817,325.154121,1.407790,397665.232
5d,2463296.500000000,353.181830,-3.537373,264.354472,1.290107,377212.879
5d,2463301.500000000,359.728218,-6.385327,203.390880,1.182038,360093.449
5d,2463306.500000000,6.638734,-0.167331,142.347763,1.101922,376991.735
5d,2463311.500000000,3.944411,5.937316,81.391608,1.046561,402246.820
5d,2463316.500000000,357.794986,5.757426,20.555312,0.968478,402188.351
5d,2463321.500000000,354.342589,-0.482245,319.758384,0.829255,386787.836
5d,2463326.500000000,356.216441,-6.419664,258.865283,0.665708,370394.643
5d,2463331.500000000,2.990757,-3.874898,197.803482,0.520527,366961.769
5d,2463336.500000000,5.472731,3.794323,136.681852,0.405058,389125.189
5d,2463341.500000000,0.628155,6.826860,75.651377,0.312901,404533.291
5d,2463346.500000000,355.493719,2.889113,14.740172,0.193439,392783.144
5d,2463351.500000000,355.673466,-4.498838,313.864434,0.028244,375470.611
5d,2463356.500000000,0.476184,-6.290810,252.875486,-0.139494,369515.815
5d,2463361.500000000,4.600769,0.299704,191.722730,-0.288027,378619.776
5d,2463366.500000000,3.059850,6.285958,130.532910,-0.403873,399108.925
5d,2463371.500000000,357.161783,5.486745,69.441597,-0.498174,401542.234
5d,2463376.500000000,354.417849,-1.144392,8.475726,-0.617756,380185.367
5d,2463381.500000000,359.031954,-6.634156,307.539386,-0.760961,367652.247
5d,2463386.500000000,4.130477,-3.172652,246.472478,-0.896136,375179.623
5d,2463391.500000000,4.430565,4.180083,185.256055,-1.016165,391323.274
5d,2463396.500000000,359.998918,6.617395,124.025453,-1.099896,404569.292
5d,2463401.500000000,354.198726,2.300970,62.904783,-1.163472,393701.520
5d,2463406.500000000,355.333096,-4.869819,1.919058,-1.242951,367691.092
5d,2463411.500000000,3.237531,-5.614018,300.950133,-1.325139,366297.406
5d,2463416.500000000,5.973761,1.239914,239.837078,-1.404194,385202.218
5d,2463421.500000000,2.930288,6.343074,178.595127,-1.471791,401419.254
5d,2463426.500000000,356.819492,4.752827,117.360406,-1.500454,404392.468
5d,2463431.500000000,352.563597,-1.800381,56.250469,-1.508765,382711.922
5d,2463436.500000000,358.296522,-6.515996,355.283262,-1.517342,359164.275
5d,2463441.500000000,6.479274,-1.927881,294.312219,-1.519178,371760.035
5d,2463446.500000000,5.918208,4.936208,233.191840,-1.533034,395835.578
5d,2463451.500000000,0.596877,6.202129,171.964659,-1.536358,406343.148
5d,2463456.500000000,354.185513,1.225866,110.764001,-1.500399,398844.738
5d,2463461.500000000,353.029897,-5.351526,49.704706,-1.441130,371535.968
5d,2463466.500000000,2.082043,-5.040881,348.788958,-1.365687,357572.577
5d,2463471.500000000,7.750370,2.502333,287.845289,-1.291609,381603.983
5d,2463476.500000000,4.353960,6.639460,226.755924,-1.245011,403515.337
5d,2463481.500000000,357.962177,3.903931,165.578673,-1.187206,404992.573
5d,2463486.500000000,352.969375,-2.891990,104.444989,-1.092308,389598.179
5d,2463491.500000000,355.661050,-6.675638,43.468488,-0.968403,363819.834
5d,2463496.500000000,4.965914,-1.164306,342.626258,-0.820655,363367.354
5d,2463501.500000000,7.062117,5.772938,281.735254,-0.695784,392166.139
5d,2463506.500000000,1.714245,5.987048,220.706437,-0.607471,405942.969
5d,2463511.500000000,355.766470,0.178241,159.602466,-0.507736,397778.974
5d,2463516.500000000,353.935463,-6.047944,98.557109,-0.374724,379553.051
5d,2463521.500000000,359.343722,-4.880160,37.680768,-0.206986,362512.942
5d,2463526.500000000,6.085023,3.125922,336.919929,-0.023957,374311.053
5d,2463531.500000000,4.793023,6.856835,276.095806,0.112815,400300.466
5d,2463536.500000000,358.535916,3.330692,215.139844,0.211366,402382.694
5d,2463541.500000000,354.931794,-3.750107,154.114392,0.320259,386566.819
5d,2463546.500000000,357.037921,-6.640496,93.161156,0.458642,372217.206
5d,2463551.500000000,2.537075,-0.798463,32.381114,0.632235,368306.018
5d,2463556.500000000,5.498870,6.006240,331.691749,0.798578,386890.902
5d,2463561.500000000,1.396569,5.623530,270.929080,0.903675,404135.545
5d,2463566.500000000,355.610596,-0.478219,210.034757,0.974720,393563.677
5d,2463571.500000000,356.139277,-6.299281,149.071033,1.054449,374496.377
5d,2463576.500000000,1.063091,-4.086456,88.192024,1.161175,370451.374
5d,2463581.500000000,4.400720,3.506968,27.480027,1.294497,379171.467
5d,2463586.500000000,3.545718,6.581898,326.832151,1.395585,397768.332
5d,2463591.500000000,357.513874,2.576208,266.102244,1.433191,403013.897
5d,2463596.500000000,353.909995,-4.213321,205.234882,1.445113,381490.275
5d,2463601.500000000,359.150561,-6.079821,144.296549,1.464726,365389.973
5d,2463606.500000000,4.475967,0.394650,83.453631,1.509922,374979.166
5d,2463611.500000000,4.766423,6.165267,22.762072,1.566336,391412.090
5d,2463616.500000000,0.625887,4.868284,322.110706,1.575266,404443.442
5d,2463621.500000000,354.068950,-1.363058,261.368596,1.530694,397246.699
5d,2463626.500000000,354.181107,-6.417436,200.480042,1.471069,369192.946
5d,2463631.500000000,2.705752,-2.935981,139.522326,1.419295,362399.984
5d,2463636.500000000,6.410121,4.561145,78.667546,1.391536,383899.982
5d,2463641.500000000,3.658100,6.344146,17.944676,1.360318,401272.350
5d,2463646.500000000,357.355064,1.516762,317.244292,1.281494,405498.786
5d,2463651.500000000,352.118793,-4.952396,256.444876,1.167706,388070.966
5d,2463656.500000000,356.367475,-5.889623,195.490652,1.048425,360203.450
5d,2463661.500000000,5.497364,1.599484,134.476078,0.937947,366430.854
5d,2463666.500000000,6.588302,6.676278,73.568709,0.849064,393838.047
5d,2463671.500000000,1.305719,4.240010,12.777296,0.749193,406093.699
5d,2463676.500000000,354.644996,-2.418932,311.998160,0.614910,400795.102
5d,2463681.500000000,352.416530,-6.771199,251.111971,0.466708,377772.235
5d,2463686.500000000,359.515931,-2.591064,190.066428,0.317655,357509.612
5d,2463691.500000000,6.886034,5.332203,128.976966,0.178891,375742.732
5d,2463696.500000000,5.009768,6.214354,67.997779,0.058926,401573.737
5d,2463701.500000000,358.359860,0.694223,7.126368,-0.070428,404717.866
5d,2463706.500000000,353.503207,-5.618877,306.262556,-0.213259,391630.304
5d,2463711.500000000,354.866803,-5.737148,245.282250,-0.353878,369567.999
5d,2463716.500000000,2.501874,1.930155,184.144330,-0.497026,362196.075
5d,2463721.500000000,6.641803,6.792050,122.984623,-0.627913,387069.014
5d,2463726.500000000,2.026409,3.634668,61.939482,-0.741858,404907.092
5d,2463731.500000000,355.843624,-3.130906,1.001626,-0.855717,397441.210
5d,2463736.500000000,354.546400,-6.707432,300.067801,-0.961097,380756.945
5d,2463741.500000000,358.489746,-2.015860,239.005228,-1.059568,366691.896
5d,2463746.500000000,4.548514,5.464209,177.795319,-1.165823,372728.633
5d,2463751.500000000,4.731135,5.716209,116.588224,-1.257854,397058.644
5d,2463756.500000000,358.427127,-0.100057,55.502452,-1.332393,402816.811
5d,2463761.500000000,354.803549,-5.912044,354.528448,-1.391988,385951.481
5d,2463766.500000000,357.500066,-4.855569,293.551101,-1.427321,371954.821
5d,2463771.500000000,2.108526,2.631962,232.431698,-1.464465,370669.226
5d,2463776.500000000,5.105253,6.559884,171.184363,-1.513651,385671.998
5d,2463781.500000000,1.499302,2.731978,109.963451,-1.547509,403177.329
5d,2463786.500000000,355.270050,-3.824269,48.873073,-1.560067,395491.006
5d,2463791.500000000,355.779533,-6.396253,347.900296,-1.540906,373276.597
5d,2463796.500000000,1.321506,-0.644065,286.909806,-1.494753,368696.112
5d,2463801.500000000,4.787939,5.919400,225.768075,-1.467346,380138.921
5d,2463806.500000000,3.914888,5.082884,164.523634,-1.453155,397251.833
5d,2463811.500000000,357.748931,-1.121528,103.325885,-1.423952,404093.395
5d,2463816.500000000,353.530454,-6.295051,42.269733,-1.366661,384413.310
5d,2463821.500000000,358.422400,-4.022380,341.334645,-1.264274,363292.413
5d,2463826.500000000,4.883754,3.886777,280.361093,-1.148254,372246.958
5d,2463831.500000000,5.795317,6.533763,219.235520,-1.066516,391571.740
5d,2463836.500000000,1.309937,1.830945,158.032070,-0.997749,404579.420
5d,2463841.500000000,354.533064,-4.663044,96.891680,-0.915725,399778.179
5d,2463846.500000000,353.682415,-6.417618,35.904925,-0.797540,372327.171
5d,2463851.500000000,1.767017,0.334529,335.036814,-0.631233,359364.645
5d,2463856.500000000,7.250020,6.553798,274.107413,-0.475427,380880.590
5d,2463861.500000000,4.830945,4.588004,213.032370,-0.361353,401122.185
5d,2463866.500000000,358.187388,-2.027574,151.898571,-0.261282,406118.753
5d,2463871.500000000,352.799405,-6.688160,90.841013,-0.150630,391460.711
5d,2463876.500000000,355.494468,-3.809762,29.948568,0.002140,362779.209
5d,2463881.500000000,4.834116,4.548697,329.163659,0.190872,362675.063
5d,2463886.500000000,7.677392,6.405645,268.297201,0.346497,391115.710
5d,2463891.500000000,2.304578,1.075627,207.292895,0.461072,405980.716
5d,2463896.500000000,355.658522,-5.244276,146.241101,0.558488,401699.605
5d,2463901.500000000,353.021873,-6.219572,85.276716,0.663775,381505.116
5d,2463906.500000000,358.325277,0.586050,24.485310,0.810463,359034.137
5d,2463911.500000000,6.749608,6.619012,323.780574,0.969034,371720.680
5d,2463916.500000000,5.959520,3.877240,262.978452,1.084196,399594.607
5d,2463921.500000000,359.159566,-2.745327,202.042515,1.163701,404810.945
5d,2463926.500000000,354.613209,-6.637117,141.063343,1.222163,392492.453
5d,2463931.500000000,355.058712,-3.075113,80.181752,1.286500,373114.890
5d,2463936.500000000,1.462205,4.687278,19.472856,1.382001,362608.463
5d,2463941.500000000,6.802768,5.874303,318.822170,1.465607,383411.384
5d,2463946.500000000,2.631536,0.109158,258.062351,1.510525,404099.469
5d,2463951.500000000,356.441708,-5.642142,197.167562,1.527023,397757.250
5d,2463956.500000000,355.370917,-5.409086,136.229806,1.519980,381052.716
5d,2463961.500000000,358.373532,1.570760,75.399096,1.517446,369477.704
5d,2463966.500000000,3.996384,6.520701,14.729459,1.529287,372366.942
5d,2463971.500000000,4.874005,2.957112,314.087975,1.518822,394491.673
5d,2463976.500000000,358.700128,-3.638131,253.329260,1.485130,403666.388
5d,2463981.500000000,354.918527,-6.566245,192.431112,1.430220,386380.749
5d,2463986.500000000,357.673236,-1.732203,131.490634,1.351716,371029.551
5d,2463991.500000000,2.161937,5.475259,70.665261,1.276024,372225.353
5d,2463996.500000000,4.948221,5.463325,9.980315,1.200197,385043.104
5d,2464001.500000000,1.588328,-0.902487,309.298921,1.109504,402329.768
5d,2464006.500000000,355.226687,-6.218807,248.495614,1.014860,398375.902
5d,2464011.500000000,354.906236,-4.948769,187.548069,0.904086,373486.341
5d,2464016.500000000,0.987165,2.878890,126.563423,0.771551,365997.767
5d,2464021.500000000,5.214754,6.737460,65.699748,0.639214,380331.763
5d,2464026.500000000,3.959658,2.292576,4.954208,0.502848,396771.127
5d,2464031.500000000,357.971307,-4.434654,304.196725,0.371707,405210.371
5d,2464036.500000000,353.016780,-6.721808,243.314938,0.253012,389228.646
5d,2464041.500000000,356.393269,-1.152879,182.286120,0.119116,362663.402
5d,2464046.500000000,4.525012,6.161360,121.232671,-0.034129,367742.612
5d,2464051.500000000,6.357059,5.045831,60.304112,-0.189639,390721.284
5d,2464056.500000000,1.557485,-1.614788,359.476532,-0.340562,404419.409
5d,2464061.500000000,355.016958,-6.532702,298.629436,-0.462703,402507.661
5d,2464066.500000000,352.500106,-4.722876,237.655623,-0.564052,378234.757
5d,2464071.500000000,359.188221,3.281051,176.535918,-0.684151,357364.688
5d,2464076.500000000,7.074921,6.568252,115.411550,-0.821673,375351.962
5d,2464081.500000000,5.298916,1.477597,54.415015,-0.961386,399882.467
5d,2464086.500000000,358.730145,-4.913697,353.509791,-1.079497,406170.867
5d,2464091.500000000,353.413798,-6.387309,292.581458,-1.149989,394903.031
5d,2464096.500000000,353.819975,-0.696026,231.521706,-1.202153,368466.332
5d,2464101.500000000,2.627830,6.183245,170.323608,-1.278784,359503.164
5d,2464106.500000000,7.569207,4.207928,109.145813,-1.371825,385885.760
5d,2464111.500000000,2.699897,-2.474025,48.098736,-1.462573,405041.430
5d,2464116.500000000,356.418688,-6.525253,347.139709,-1.512469,401653.128
5d,2464121.500000000,353.498354,-3.769789,286.153692,-1.506278,384578.914
5d,2464126.500000000,356.853146,3.742975,225.028883,-1.494292,363424.058
5d,2464131.500000000,5.345413,6.144482,163.781986,-1.511237,368333.951
5d,2464136.500000000,5.884970,0.362211,102.580782,-1.544281,395860.266
5d,2464141.500000000,359.575152,-5.506797,41.514055,-1.566295,404630.059
5d,2464146.500000000,355.249227,-5.782938,340.536267,-1.531534,392000.047
5d,2464151.500000000,355.384873,0.573224,279.523962,-1.445669,375031.908
5d,2464156.500000000,0.817367,6.397979,218.365329,-1.371529,365388.340
5d,2464161.500000000,6.096789,3.447615,157.108925,-1.327948,380799.406
5d,2464166.500000000,2.748222,-3.485083,95.919895,-1.300342,402454.814
5d,2464171.500000000,356.795054,-6.681504,34.870935,-1.250890,398439.297
5d,2464176.500000000,355.549531,-2.703074,333.913455,-1.136637,379845.442
5d,2464181.500000000,358.902041,4.804557,272.908332,-0.989254,370001.394
5d,2464186.500000000,4.129417,5.961284,211.753258,-0.868273,373862.007
5d,2464191.500000000,4.728157,-0.491588,150.527899,-0.778197,393110.806
5d,2464196.500000000,359.126200,-6.141363,89.386414,-0.703886,404075.751
5d,2464201.500000000,354.919893,-5.526414,28.392876,-0.598094,387670.252
5d,2464206.500000000,357.486826,1.700198,327.491953,-0.431040,368922.833
5d,2464211.500000000,3.113184,6.776176,266.524620,-0.255759,371607.886
5d,2464216.500000000,5.450229,2.922076,205.409806,-0.113151,385777.798
5d,2464221.500000000,1.998498,-4.150014,144.249046,-0.003135,402150.812
5d,2464226.500000000,355.819298,-6.812179,83.184281,0.091249,400449.643
5d,2464231.500000000,354.320406,-2.243354,22.276865,0.221928,374862.443
5d,2464236.500000000,0.888052,5.467326,321.457733,0.397575,362918.179
5d,2464241.500000000,6.337897,5.544156,260.549929,0.560745,379069.844
5d,2464246.500000000,4.661038,-1.138927,199.501372,0.692900,397186.963
5d,2464251.500000000,358.882223,-6.367088,138.424063,0.788671,406017.476
5d,2464256.500000000,353.401211,-5.179837,77.451810,0.868519,392523.181
5d,2464261.500000000,355.329779,2.078942,16.645338,0.981468,363538.237
5d,2464266.500000000,4.708206,6.640657,315.913185,1.114979,363816.029
5d,2464271.500000000,7.354693,1.977224,255.070365,1.229469,389292.911
5d,2464276.500000000,2.518723,-4.637530,194.093695,1.318205,404764.857
5d,2464281.500000000,356.154639,-6.439021,133.097640,1.366318,404052.856
5d,2464286.500000000,352.385530,-1.578928,72.213533,1.397660,382349.891
5d,2464291.500000000,357.989378,5.567786,11.498508,1.449984,357307.115
5d,2464296.500000000,7.265803,4.698983,310.832834,1.501841,370932.118
5d,2464301.500000000,6.173994,-2.192296,250.038707,1.543958,398635.382
5d,2464306.500000000,359.886159,-6.452783,189.114729,1.565729,406490.633
5d,2464311.500000000,354.365554,-4.214277,128.174644,1.544660,396861.562
5d,2464316.500000000,353.302619,2.814111,67.351959,1.505535,372910.905
5d,2464321.500000000,1.442511,6.426714,6.692413,1.470217,358410.798
5d,2464326.500000000,7.555142,0.823058,306.050610,1.428934,381546.363
5d,2464331.500000000,3.531586,-5.429498,245.269294,1.396201,404307.304
5d,2464336.500000000,357.385327,-6.026820,184.358795,1.347363,401866.957
5d,2464341.500000000,354.020137,-0.268365,123.432858,1.256863,386437.141
5d,2464346.500000000,356.287979,6.085129,62.629394,1.146528,367489.213
5d,2464351.500000000,4.114873,4.247623,1.972994,1.026614,366518.433
5d,2464356.500000000,5.802009,-3.219326,301.304495,0.914039,392385.869
5d,2464361.500000000,0.214124,-6.778573,240.492118,0.827911,404871.085
5d,2464366.500000000,355.506600,-3.429098,179.549422,0.728041,391955.411
5d,2464371.500000000,355.603115,3.981250,118.593763,0.590392,376047.195
5d,2464376.500000000,0.376873,6.483420,57.766151,0.430627,368348.164
5d,2464381.500000000,4.981958,0.275218,357.063103,0.260527,378888.528
5d,2464386.500000000,2.822828,-6.022923,296.326364,0.121902,400679.452
5d,2464391.500000000,356.860970,-5.887092,235.445895,0.020470,400137.776
5d,2464396.500000000,354.857486,0.572051,174.434286,-0.095006,379233.161
5d,2464401.500000000,359.076020,6.563002,113.418187,-0.243835,369411.799
5d,2464406.500000000,3.781847,3.798634,52.535858,-0.416224,375401.753
5d,2464411.500000000,4.125136,-3.665371,351.755020,-0.585124,391730.174
5d,2464416.500000000,359.385254,-6.797338,290.928217,-0.699722,404521.140
5d,2464421.500000000,354.109882,-2.984722,229.959499,-0.776200,390960.264
5d,2464426.500000000,356.089089,4.501435,168.861294,-0.869667,367240.910
5d,2464431.500000000,3.245026,6.027318,107.775419,-0.993527,369128.606
5d,2464436.500000000,5.327718,-0.461413,46.827450,-1.138630,386127.530
5d,2464441.500000000,2.142419,-6.145136,345.961940,-1.258276,401578.013
5d,2464446.500000000,356.081521,-5.345198,285.044836,-1.310716,403008.926
5d,2464451.500000000,352.748255,1.093327,223.987075,-1.333266,379248.899
5d,2464456.500000000,359.231858,6.502027,162.806377,-1.376884,359800.492
5d,2464461.500000000,6.328660,2.665936,101.662038,-1.449891,375219.039
5d,2464466.500000000,5.002091,-4.331538,40.656745,-1.536067,396834.848
5d,2464471.500000000,359.604888,-6.437819,339.721137,-1.576303,406078.397
5d,2464476.500000000,353.524192,-2.041531,278.731491,-1.549418,396462.798
5d,2464481.500000000,353.525758,4.884193,217.600877,-1.506944,368031.994
5d,2464486.500000000,3.061938,5.385146,156.361092,-1.488589,359534.898
5d,2464491.500000000,7.371260,-1.733502,95.184154,-1.499439,385118.911
5d,2464496.500000000,3.316942,-6.437769,34.145299,-1.511119,404163.733
5d,2464501.500000000,357.026996,-4.501709,333.169809,-1.464966,404317.646
5d,2464506.500000000,352.492077,2.141931,272.137992,-1.363872,386635.752
5d,2464511.500000000,356.471029,6.601412,210.963630,-1.262665,360941.980
5d,2464516.500000000,5.830033,1.718851,149.701608,-1.186640,366402.119
5d,2464521.500000000,6.485582,-5.273662,88.525873,-1.138896,395165.625
5d,2464526.500000000,0.799369,-6.240152,27.487904,-1.079659,405975.523
5d,2464531.500000000,355.074279,-0.909762,326.512038,-0.962318,396920.532
5d,2464536.500000000,353.684225,5.652055,265.474919,-0.810701,376622.578
5d,2464541.500000000,0.342592,5.179882,204.293842,-0.670161,360744.275
5d,2464546.500000000,6.667031,-2.600676,143.051677,-0.555023,377745.891
5d,2464551.500000000,4.163150,-6.814778,81.913429,-0.465978,402202.845
5d,2464556.500000000,357.998897,-3.910541,20.915487,-0.357632,401626.897
5d,2464561.500000000,354.608977,3.184671,319.980604,-0.202507,386009.070
5d,2464566.500000000,357.006486,6.759803,258.974228,-0.035913,370106.590
5d,2464571.500000000,3.423940,1.321943,197.824524,0.116062,367710.749
5d,2464576.500000000,5.699753,-5.750567,136.640431,0.241369,389874.767
5d,2464581.500000000,0.896434,-6.054006,75.572382,0.343058,404365.959
5d,2464586.500000000,355.657781,-0.184244,14.650066,0.464321,391955.875
5d,2464591.500000000,356.294752,6.141074,313.789693,0.612049,374931.805
5d,2464596.500000000,1.144297,4.668551,252.840670,0.754888,369823.508
5d,2464601.500000000,4.854429,-2.984720,191.752298,0.886186,379394.496
5d,2464606.500000000,3.377051,-6.744293,130.651648,0.988044,399593.298
5d,2464611.500000000,357.262950,-3.331389,69.674863,1.067416,401184.127
5d,2464616.500000000,354.674062,3.720325,8.849906,1.158144,379197.867
5d,2464621.500000000,359.832053,6.376916,308.078617,1.252110,367457.069
5d,2464626.500000000,4.462289,0.405313,247.196070,1.338697,375994.374
5d,2464631.500000000,4.663837,-5.891937,186.181218,1.419264,391976.796
5d,2464636.500000000,0.183073,-5.440320,125.168797,1.467531,404829.042
5d,2464641.500000000,354.079743,0.538305,64.284405,1.492261,393439.377
5d,2464646.500000000,355.673244,6.237950,3.555146,1.513295,366746.588
5d,2464651.500000000,3.755056,3.526331,302.860585,1.521172,366255.562
5d,2464656.500000000,6.143724,-3.881866,242.032050,1.533866,386122.683
5d,2464661.500000000,3.137077,-6.477439,181.079149,1.545080,401829.403
5d,2464666.500000000,356.755063,-2.325312,120.135655,1.523192,404672.789
5d,2464671.500000000,352.332340,4.341460,59.321431,1.475059,383002.414
5d,2464676.500000000,358.363240,6.016013,358.659743,1.406305,358397.642
5d,2464681.500000000,6.541925,-0.971627,298.004402,1.324254,371476.479
5d,2464686.500000000,6.083751,-6.400953,237.198457,1.266408,396434.917
5d,2464691.500000000,0.630590,-4.752047,176.274293,1.209946,406432.041
5d,2464696.500000000,353.988731,1.655118,115.361075,1.123000,399333.662
5d,2464701.500000000,352.759933,6.587938,54.577447,1.006606,372616.299
5d,2464706.500000000,1.520634,2.933426,353.936541,0.858593,356931.162
5d,2464711.500000000,7.561046,-4.919895,293.270708,0.714894,380840.426
5d,2464716.500000000,4.407327,-6.440187,232.446230,0.611455,403634.217
5d,2464721.500000000,357.749116,-1.389063,171.506881,0.511207,404724.897
5d,2464726.500000000,352.881634,5.186298,110.578967,0.385914,390207.011
5d,2464731.500000000,355.251091,6.031553,49.782920,0.228468,365453.148
5d,2464736.500000000,3.976447,-1.507778,349.113114,0.041646,362784.050
5d,2464741.500000000,6.802392,-6.781609,288.391394,-0.115082,391124.572
5d,2464746.500000000,1.465424,-4.254277,227.509857,-0.225343,405778.995
5d,2464751.500000000,355.416775,2.520047,166.515335,-0.331510,397162.978
5d,2464756.500000000,354.051082,6.778194,105.536746,-0.456907,379946.476
5d,2464761.500000000,358.754700,2.642686,44.695575,-0.615251,364191.258
5d,2464766.500000000,5.214320,-5.178526,343.959058,-0.786202,373903.386
5d,2464771.500000000,4.464908,-6.150475,283.151824,-0.907008,399455.971
5d,2464776.500000000,357.992827,-0.676557,222.187521,-0.985358,402289.928
5d,2464781.500000000,354.635407,5.616995,161.113284,-1.059815,385662.843
5d,2464786.500000000,357.169308,5.397244,100.067314,-1.149830,372120.534
5d,2464791.500000000,2.055574,-1.960152,39.165182,-1.269119,369671.056
5d,2464796.500000000,5.035632,-6.621853,338.343850,-1.377288,386797.886
5d,2464801.500000000,0.987854,-3.485489,277.441581,-1.429439,403781.834
5d,2464806.500000000,355.037782,3.162741,216.386864,-1.449864,393743.776
5d,2464811.500000000,355.947009,6.520331,155.229076,-1.467348,373457.197
5d,2464816.500000000,1.053713,1.423440,94.120393,-1.499507,369931.374
5d,2464821.500000000,4.327564,-5.514833,33.158314,-1.551122,380122.765
5d,2464826.500000000,3.374310,-5.544753,332.255452,-1.572879,397891.782
5d,2464831.500000000,357.157746,0.290047,271.268392,-1.546836,403018.301
5d,2464836.500000000,353.632459,5.965914,210.134173,-1.501867,381868.939
5d,2464841.500000000,358.944704,4.483715,148.909506,-1.454775,364487.460
5d,2464846.500000000,4.493170,-3.201898,87.759814,-1.422640,374370.602
5d,2464851.500000000,5.021352,-6.582780,26.753956,-1.396545,391961.234
5d,2464856.500000000,0.542665,-2.554366,325.792240,-1.334979,404504.038
5d,2464861.500000000,354.003604,4.028589,264.747288,-1.242859,397229.584
5d,2464866.500000000,354.296376,6.491642,203.560171,-1.142410,369574.423
5d,2464871.500000000,2.509389,0.235913,142.301612,-1.040071,361936.727
5d,2464876.500000000,6.651086,-6.256052,81.143092,-0.951830,383506.452
5d,2464881.500000000,3.928066,-5.067937,20.122814,-0.858837,401471.488
5d,2464886.500000000,357.346354,1.297083,319.139257,-0.738787,405294.956
5d,2464891.500000000,352.482928,6.470271,258.074148,-0.608337,387783.152
5d,2464896.500000000,356.686221,4.174673,196.870791,-0.474934,360515.601
5d,2464901.500000000,5.561042,-4.136404,135.620173,-0.339835,366537.509
5d,2464906.500000000,6.958422,-6.621818,74.489422,-0.216141,393733.165
5d,2464911.500000000,1.439474,-1.792345,13.492633,-0.085069,406009.257
5d,2464916.500000000,354.863450,4.782702,312.530522,0.054645,400350.368
5d,2464921.500000000,353.050430,6.489179,251.485426,0.187507,377324.125
5d,2464926.500000000,359.877396,-0.137316,190.304937,0.324048,357847.345
5d,2464931.500000000,7.286882,-6.572888,129.103710,0.461371,376243.656
5d,2464936.500000000,5.280464,-4.524977,68.035702,0.590000,401596.651
5d,2464941.500000000,358.484720,2.063041,7.100477,0.718816,404380.421
5d,2464946.500000000,354.029967,6.638384,306.198897,0.833844,391147.636
5d,2464951.500000000,355.415286,3.709556,245.206311,0.932970,369338.852
5d,2464956.500000000,2.934969,-4.351647,184.081442,1.040852,362627.163
5d,2464961.500000000,7.099125,-6.261248,122.960829,1.147961,387606.849
5d,2464966.500000000,2.117198,-0.955492,61.980857,1.246376,404826.392
5d,2464971.500000000,356.160011,5.238771,1.134388,1.330152,396848.319
5d,2464976.500000000,355.194772,5.875121,300.316579,1.380551,380471.972
5d,2464981.500000000,358.815404,-0.836124,239.391755,1.417955,366996.624
5d,2464986.500000000,4.997914,-6.466623,178.340086,1.470165,373181.659
5d,2464991.500000000,4.925145,-3.671670,117.312050,1.520308,397399.845
5d,2464996.500000000,358.424744,2.878492,56.426888,1.557995,402571.184
5d,2465001.500000000,355.281315,6.551843,355.675328,1.563177,385132.232
5d,2465006.500000000,357.971761,2.442402,294.939538,1.525509,371954.745
5d,2465011.500000000,2.373388,-4.952438,234.075396,1.489269,371477.387
5d,2465016.500000000,5.334669,-5.779880,173.092849,1.472187,386054.795
5d,2465021.500000000,1.375724,0.092366,112.144949,1.453253,403412.697
5d,2465026.500000000,355.239504,5.788055,51.338065,1.415799,395315.695
5d,2465031.500000000,356.052713,5.242627,350.662267,1.330747,372305.187
5d,2465036.500000000,1.575430,-2.247199,289.980342,1.209045,368778.295
5d,2465041.500000000,5.051524,-6.669675,229.149601,1.108094,381106.023
5d,2465046.500000000,3.795906,-2.906276,168.209824,1.028732,397557.502
5d,2465051.500000000,357.492135,3.804815,107.307853,0.950239,404537.714
5d,2465056.500000000,353.344823,6.738693,46.543347,0.847409,384693.152
5d,2465061.500000000,358.136509,1.561046,345.904045,0.690609,362189.574
5d,2465066.500000000,5.073284,-5.876414,285.230354,0.518210,372008.470
5d,2465071.500000000,5.885155,-5.474328,224.393815,0.380984,392317.845
5d,2465076.500000000,0.988755,0.926141,163.455831,0.267343,404818.633
5d,2465081.500000000,354.347022,6.312745,102.554965,0.159489,400635.415
5d,2465086.500000000,353.104379,5.140026,41.789819,0.023688,373242.588
5d,2465091.500000000,1.027117,-2.940603,341.140121,-0.159525,358077.041
5d,2465096.500000000,7.345096,-6.760016,280.426426,-0.332420,380102.390
5d,2465101.500000000,4.641938,-2.221042,219.543925,-0.466684,401474.931
5d,2465106.500000000,357.930566,4.419360,158.565521,-0.574895,406198.478
5d,2465111.500000000,352.714954,6.670337,97.625179,-0.672213,392560.329
5d,2465116.500000000,354.546446,1.319417,36.823193,-0.797596,364115.527
5d,2465121.500000000,4.048355,-6.070386,336.121524,-0.951528,361303.817
5d,2465126.500000000,7.506103,-4.822388,275.330175,-1.078398,390033.028
5d,2465131.500000000,1.956130,1.707677,214.370984,-1.172973,406009.810
5d,2465136.500000000,355.596884,6.425306,153.321570,-1.239076,401434.157
5d,2465141.500000000,352.924976,4.453654,92.317283,-1.291322,382407.274
5d,2465146.500000000,357.465268,-3.185685,31.457549,-1.366817,360418.748
5d,2465151.500000000,6.124144,-6.384363,330.676569,-1.447576,370634.582
5d,2465156.500000000,5.536456,-1.183615,269.788504,-1.501609,398689.374
5d,2465161.500000000,358.858833,4.990461,208.738739,-1.533940,404695.871
5d,2465166.500000000,354.625801,6.118765,147.607148,-1.536249,391773.126
5d,2465171.500000000,354.960596,0.237232,86.535803,-1.524593,373503.322
5d,2465176.500000000,1.128241,-6.163010,25.614272,-1.525782,363843.340
5d,2465181.500000000,6.294861,-4.019417,324.746228,-1.516850,382928.638
5d,2465186.500000000,2.206471,2.737943,263.763982,-1.495721,403661.181
5d,2465191.500000000,356.291940,6.574830,202.629469,-1.462285,397627.490
5d,2465196.500000000,355.271604,3.326748,141.425791,-1.398391,380001.088
5d,2465201.500000000,358.514487,-4.205151,80.304277,-1.321736,369413.450
5d,2465206.500000000,4.099278,-6.169332,19.332137,-1.245060,373423.702
5d,2465211.500000000,4.487884,-0.220760,318.390861,-1.159139,394551.695
5d,2465216.500000000,358.540160,5.714722,257.336959,-1.080758,403576.269
5d,2465221.500000000,354.869623,5.817272,196.141284,-0.995110,386237.115
5d,2465226.500000000,357.551197,-1.069518,134.893816,-0.879540,369979.819
5d,2465231.500000000,2.646089,-6.645044,73.753171,-0.751262,372034.662
5d,2465236.500000000,5.121325,-3.488899,12.755072,-0.614907,385902.167
5d,2465241.500000000,1.445203,3.563204,311.772869,-0.485243,402567.430
5d,2465246.500000000,355.400874,6.840102,250.683975,-0.379987,398261.380
5d,2465251.500000000,354.913771,2.750069,189.462685,-0.267387,373269.649
5d,2465256.500000000,1.172678,-5.120184,128.211443,-0.126184,365340.210
5d,2465261.500000000,5.763058,-5.938519,67.089366,0.029590,380325.606
5d,2465266.500000000,4.071070,0.448227,6.100061,0.190265,397388.492
5d,2465271.500000000,358.149436,6.139548,305.119455,0.321227,405275.557
5d,2465276.500000000,353.360934,5.634663,244.037439,0.418240,388820.838
5d,2465281.500000000,356.593984,-1.612268,182.830026,0.526735,362413.777
5d,2465286.500000000,5.084269,-6.749508,121.617969,0.662171,367699.959
5d,2465291.500000000,6.690619,-2.734390,60.551245,0.813475,390987.289
5d,2465296.500000000,1.734253,4.098718,359.608258,0.955029,404752.537
5d,2465301.500000000,355.414980,6.685831,298.670837,1.045477,402307.046
5d,2465306.500000000,352.813164,2.275781,237.632462,1.101467,377634.407
5d,2465311.500000000,359.736049,-5.333914,176.473722,1.174966,357235.498
5d,2465316.500000000,7.645817,-5.240646,115.336622,1.274067,375799.247
5d,2465321.500000000,5.460326,1.365109,54.353185,1.386171,400249.297
5d,2465326.500000000,359.081728,6.277714,353.486431,1.468123,406183.494
5d,2465331.500000000,353.799377,4.868999,292.621482,1.485707,394623.445
5d,2465336.500000000,354.088434,-2.145520,231.648754,1.477422,368085.330
5d,2465341.500000000,3.300746,-6.499761,170.560729,1.492168,359556.379
5d,2465346.500000000,7.846656,-1.595344,109.517256,1.531847,386434.103
5d,2465351.500000000,2.868999,4.830233,48.628350,1.576714,405234.304
5d,2465356.500000000,356.846177,6.271542,347.850362,1.572864,401324.722
5d,2465361.500000000,353.738481,1.080543,287.066044,1.503708,384513.788
5d,2465366.500000000,357.159291,-5.701277,226.159956,1.424375,363626.293
5d,2465371.500000000,5.659102,-4.613006,165.145631,1.371583,368448.959
5d,2465376.500000000,5.893426,2.500930,104.190874,1.343852,396198.870
5d,2465381.500000000,359.767192,6.600029,43.386288,1.311501,404516.957
5d,2465386.500000000,355.505510,3.957893,342.687193,1.219857,391341.349
5d,2465391.500000000,355.595222,-3.350808,281.967183,1.075768,375313.521
5d,2465396.500000000,1.031891,-6.544227,221.107290,0.939084,366171.708
5d,2465401.500000000,5.892379,-0.824388,160.148130,0.830649,380870.699
5d,2465406.500000000,2.639741,5.617891,99.254228,0.748580,402627.630
5d,2465411.500000000,356.779722,6.153246,38.504046,0.654181,398175.982
5d,2465416.500000000,355.489678,-0.013926,337.853771,0.501359,378876.250
5d,2465421.500000000,359.226232,-6.381648,277.161143,0.319512,370427.632
5d,2465426.500000000,4.020077,-4.294065,216.311250,0.157064,374913.276
5d,2465431.500000000,4.285586,3.146450,155.371308,0.024397,393197.281
5d,2465436.500000000,358.950763,6.858051,94.495986,-0.079364,404416.152
5d,2465441.500000000,354.435742,3.558781,33.759337,-0.198505,387593.719
5d,2465446.500000000,357.206599,-4.150152,333.116006,-0.363396,367626.708
5d,2465451.500000000,3.392431,-6.367326,272.403253,-0.532836,371781.569
5d,2465456.500000000,5.085860,-0.259263,211.521336,-0.681435,386752.580
5d,2465461.500000000,1.660178,5.900657,150.557995,-0.797702,402332.303
5d,2465466.500000000,355.511163,5.865086,89.657608,-0.882313,401224.041
5d,2465471.500000000,353.397247,-0.446237,28.894655,-0.980040,375204.578
5d,2465476.500000000,0.520970,-6.490045,328.215121,-1.102456,361310.244
5d,2465481.500000000,6.315167,-3.382715,267.437092,-1.216316,378770.267
5d,2465486.500000000,4.340562,3.701661,206.486644,-1.316787,397856.509
5d,2465491.500000000,358.745908,6.615299,145.463749,-1.381926,406184.718
5d,2465496.500000000,352.951211,2.847988,84.505827,-1.413960,393638.335
5d,2465501.500000000,354.352931,-4.415762,23.688261,-1.451754,364257.537
5d,2465506.500000000,4.196921,-5.730614,322.938069,-1.492779,362128.949
5d,2465511.500000000,7.085294,0.928753,262.064773,-1.530328,388652.207
5d,2465516.500000000,2.406566,6.160886,201.024941,-1.564404,405021.896
5d,2465521.500000000,356.082173,5.070761,139.923495,-1.561206,403940.139
5d,2465526.500000000,352.000561,-1.337876,78.895369,-1.525324,383420.565
5d,2465531.500000000,357.341070,-6.490866,18.012467,-1.483727,358221.797
5d,2465536.500000000,6.588502,-2.312128,317.174427,-1.434302,369603.705
5d,2465541.500000000,5.922999,4.686922,256.199388,-1.400073,397969.012
5d,2465546.500000000,359.879059,6.412471,195.070311,-1.369065,406354.582
5d,2465551.500000000,354.243433,1.670518,133.893168,-1.300882,396289.018
5d,2465556.500000000,353.309307,-5.156037,72.804517,-1.201239,373601.987
5d,2465561.500000000,1.132034,-5.456107,11.863901,-1.083801,359413.771
5d,2465566.500000000,6.957741,1.989124,310.943342,-0.964992,380897.263
5d,2465571.500000000,3.456382,6.651818,249.884088,-0.881903,403835.341
5d,2465576.500000000,357.303655,4.440418,188.685880,-0.803597,401451.521
5d,2465581.500000000,353.980570,-2.527846,127.456151,-0.690219,385489.989
5d,2465586.500000000,356.759665,-6.763001,66.335528,-0.545541,367792.001
5d,2465591.500000000,3.981155,-1.849660,5.360090,-0.377372,367578.335
5d,2465596.500000000,5.560122,5.382168,304.383714,-0.228910,392351.064
5d,2465601.500000000,0.268666,6.356393,243.275190,-0.129069,404551.589
5d,2465606.500000000,355.373768,0.841068,182.041892,-0.031519,391376.768
5d,2465611.500000000,355.906862,-5.867919,120.796903,0.097889,375065.154
5d,2465616.500000000,0.972001,-5.150221,59.683725,0.259942,368547.899
5d,2465621.500000000,5.031473,2.446797,358.706280,0.438336,379916.598
5d,2465626.500000000,2.950489,6.797006,297.714110,0.572287,400878.520
5d,2465631.500000000,356.936956,3.976342,236.598621,0.655146,399733.609
5d,2465636.500000000,354.951332,-3.211542,175.369749,0.740157,378587.677
5d,2465641.500000000,359.713717,-6.616847,114.152600,0.854072,368829.622
5d,2465646.500000000,4.205990,-1.150208,53.086921,1.000718,375784.962
5d,2465651.500000000,4.411821,5.596374,352.143026,1.144329,392562.582
5d,2465656.500000000,359.649082,5.935833,291.176919,1.225825,404580.690
5d,2465661.500000000,354.210495,0.214085,230.093793,1.262473,390309.784
5d,2465666.500000000,356.635648,-6.068119,168.905775,1.305767,366669.749
5d,2465671.500000000,3.864873,-4.176761,107.755524,1.376322,369199.708
5d,2465676.500000000,5.652443,3.185057,46.768235,1.474413,386725.744
5d,2465681.500000000,2.556397,6.582760,345.887722,1.546467,402086.201
5d,2465686.500000000,356.247613,3.119319,284.980448,1.551057,402855.055
5d,2465691.500000000,352.985782,-3.743817,223.957179,1.522793,378499.436
5d,2465696.500000000,0.000513,-6.190543,162.835831,1.504499,359442.799
5d,2465701.500000000,6.723488,0.190745,101.777298,1.512986,375782.771
5d,2465706.500000000,5.369097,6.037415,40.882988,1.538126,397430.375
5d,2465711.500000000,359.924796,5.247605,340.082048,1.520877,406249.771
5d,2465716.500000000,353.569081,-0.831419,279.249266,1.443641,396358.133
5d,2465721.500000000,353.891317,-6.334493,218.295257,1.348189,367574.568
5d,2465726.500000000,3.516992,-3.316656,157.249817,1.264453,359334.684
5d,2465731.500000000,7.638288,4.330864,96.285939,1.207272,385704.857
5d,2465736.500000000,3.651515,6.547730,35.479640,1.154856,404485.878
5d,2465741.500000000,357.131526,2.093469,334.755926,1.056361,404220.108
5d,2465746.500000000,352.576335,-4.641088,273.992095,0.915858,386931.925
5d,2465751.500000000,356.642155,-6.173729,213.096001,0.770619,361063.447
5d,2465756.500000000,5.776739,1.077467,152.115679,0.637771,366112.621
5d,2465761.500000000,6.687774,6.620040,91.226176,0.531206,395400.600
5d,2465766.500000000,0.883656,4.771875,30.484369,0.422294,405904.624
5d,2465771.500000000,355.050834,-1.882392,329.816647,0.276810,396593.206
5d,2465776.500000000,353.893714,-6.731386,269.095309,0.112706,377415.028
5d,2465781.500000000,0.007078,-3.102937,208.226851,-0.048362,361377.737
5d,2465786.500000000,6.344211,4.883208,147.282054,-0.196312,377251.597
5d,2465791.500000000,4.168804,6.483010,86.429193,-0.317843,402129.839
5d,2465796.500000000,357.709431,1.393130,25.714986,-0.441296,401279.534
5d,2465801.500000000,354.627113,-5.295602,325.067326,-0.582218,385387.686
5d,2465806.500000000,357.158164,-5.860702,264.346000,-0.721277,371109.797
5d,2465811.500000000,2.773390,1.376652,203.463000,-0.858343,368580.010
5d,2465816.500000000,5.351815,6.649322,142.512829,-0.980759,389369.157
5d,2465821.500000000,0.563053,4.200049,81.651938,-1.076027,404380.432
5d,2465826.500000000,355.081884,-2.511893,20.923799,-1.166014,391600.916
5d,2465831.500000000,356.334730,-6.626300,320.253549,-1.251039,373904.430
5d,2465836.500000000,1.057510,-2.187336,259.483836,-1.326064,370607.651
5d,2465841.500000000,4.351017,5.095224,198.544226,-1.407451,380260.098
5d,2465846.500000000,3.040366,5.973056,137.548682,-1.472350,399339.503
5d,2465851.500000000,356.660510,0.567907,76.640534,-1.509222,401660.477
5d,2465856.500000000,354.009950,-5.604477,15.863202,-1.529249,379066.114
5d,2465861.500000000,359.633281,-4.945763,315.131665,-1.526426,366026.656
5d,2465866.500000000,4.297329,2.466970,254.273908,-1.522625,376303.714
5d,2465871.500000000,4.478566,6.561336,193.249032,-1.534958,392658.537
5d,2465876.500000000,359.820068,3.281427,132.181528,-1.530056,404840.745
5d,2465881.500000000,353.504694,-3.313448,71.203571,-1.496478,394392.566
5d,2465886.500000000,355.025323,-6.518149,10.358156,-1.432905,366891.420
5d,2465891.500000000,3.237238,-0.849654,309.541525,-1.341125,364655.502
5d,2465896.500000000,6.142715,5.858482,248.578497,-1.269453,385978.162
5d,2465901.500000000,3.080057,5.481377,187.461539,-1.219679,402181.838
5d,2465906.500000000,356.441050,-0.509714,126.316812,-1.154118,404688.487
5d,2465911.500000000,352.100724,-6.140903,65.269635,-1.059085,384072.939
5d,2465916.500000000,357.721196,-4.519542,4.358675,-0.923043,358743.719
5d,2465921.500000000,6.038246,3.632181,303.455229,-0.770263,370113.592
5d,2465926.500000000,6.214723,6.718074,242.396957,-0.658255,396055.681
5d,2465931.500000000,0.508247,2.480696,181.203299,-0.568939,406404.294
5d,2465936.500000000,353.920342,-4.217647,119.998162,-0.467386,399054.042
5d,2465941.500000000,352.934763,-6.645319,58.904913,-0.334658,373389.575
5d,2465946.500000000,1.018774,-0.334035,357.950090,-0.157607,357449.698
5d,2465951.500000000,7.393334,6.417027,296.980321,0.012177,380060.603
5d,2465956.500000000,4.479874,5.065429,235.858269,0.131094,403252.703
5d,2465961.500000000,357.622186,-1.364129,174.619554,0.229130,404371.646
5d,2465966.500000000,353.196301,-6.521878,113.387620,0.335085,389555.262
5d,2465971.500000000,355.618598,-4.250119,52.287029,0.474460,365838.004
5d,2465976.500000000,3.899347,3.983664,351.321261,0.648682,363511.950
5d,2465981.500000000,6.920214,6.562585,290.320943,0.791347,390954.782
5d,2465986.500000000,1.433397,1.733334,229.176939,0.885118,405443.080
5d,2465991.500000000,355.527128,-4.795918,167.932429,0.960007,396583.294
5d,2465996.500000000,354.627725,-6.269157,106.715726,1.039511,379173.370
5d,2466001.500000000,359.168686,0.159580,45.651071,1.152460,364463.209
5d,2466006.500000000,5.592378,6.400295,344.709160,1.279229,374767.557
5d,2466011.500000000,4.616120,4.353125,283.718784,1.361586,399591.635
5d,2466016.500000000,358.019031,-2.134542,222.594237,1.404550,401854.369
5d,2466021.500000000,355.119261,-6.525173,161.382181,1.429814,384978.627
5d,2466026.500000000,357.728076,-3.183853,100.221782,1.458470,371664.812
5d,2466031.500000000,2.578600,4.427398,39.228977,1.514672,370124.878
5d,2466036.500000000,5.525568,6.099548,338.339996,1.562023,387587.568
5d,2466041.500000000,1.040006,0.748904,277.394572,1.567286,403877.611
5d,2466046.500000000,355.298941,-5.318199,216.321917,1.545038,393085.574
5d,2466051.500000000,356.613284,-5.587705,155.171971,1.505570,372818.072
5d,2466056.500000000,1.524682,1.481932,94.098255,1.469838,370075.212
5d,2466061.500000000,4.918128,6.529734,33.196845,1.449812,380785.767
5d,2466066.500000000,3.631925,3.532062,332.378634,1.408679,398453.388
5d,2466071.500000000,357.169711,-3.083107,271.499806,1.339559,403008.599
5d,2466076.500000000,354.053949,-6.659946,210.496082,1.253809,381090.795
5d,2466081.500000000,359.449267,-2.051947,149.423109,1.151110,363975.533
5d,2466086.500000000,5.006009,5.422002,88.447315,1.052493,374972.089
5d,2466091.500000000,5.431295,5.798480,27.637241,0.957765,392648.935
5d,2466096.500000000,0.532319,-0.208193,326.892639,0.845742,404867.581
5d,2466101.500000000,354.067624,-5.962005,266.083730,0.725765,397377.902
5d,2466106.500000000,354.492282,-5.402523,205.146519,0.596839,368959.498
5d,2466111.500000000,2.750226,2.545735,144.146538,0.451488,361416.000
5d,2466116.500000000,7.147545,6.817453,83.256986,0.309674,384116.816
5d,2466121.500000000,3.996932,2.886915,22.519873,0.167453,401974.246
5d,2466126.500000000,357.278613,-3.876624,321.834589,0.025226,405571.601
5d,2466131.500000000,352.538737,-6.822401,261.078351,-0.105027,388415.965
5d,2466136.500000000,356.331844,-1.765578,200.184633,-0.241649,360264.533
5d,2466141.500000000,5.635359,5.935430,139.234201,-0.393721,365746.890
5d,2466146.500000000,7.176048,5.372875,78.398899,-0.542927,393995.312
5d,2466151.500000000,1.258160,-0.960104,17.701458,-0.686494,406196.087
5d,2466156.500000000,354.925669,-6.275039,317.044805,-0.806635,400530.789
5d,2466161.500000000,352.903682,-5.047833,256.305002,-0.901258,378492.908
5d,2466166.500000000,359.131346,2.742504,195.415105,-1.005944,357930.767
5d,2466171.500000000,7.167544,6.610734,134.476235,-1.124895,375155.686
5d,2466176.500000000,5.090946,2.015638,73.651000,-1.240416,401525.398
5d,2466181.500000000,358.245162,-4.439685,12.951191,-1.336812,404226.168
5d,2466186.500000000,354.161522,-6.424234,312.281784,-1.388588,391044.954
5d,2466191.500000000,355.039711,-1.026176,251.510917,-1.413432,370747.611
5d,2466196.500000000,2.226563,5.933489,190.579470,-1.457007,362937.151
5d,2466201.500000000,6.686720,4.595216,129.610278,-1.514038,386560.452
5d,2466206.500000000,1.657567,-1.919521,68.750735,-1.565393,404747.985
5d,2466211.500000000,355.921550,-6.406144,8.008244,-1.581903,396438.427
5d,2466216.500000000,355.154883,-3.952513,307.285211,-1.541942,379883.348
5d,2466221.500000000,358.518922,3.554730,246.438677,-1.487846,368239.989
5d,2466226.500000000,4.496634,6.323240,185.429874,-1.461708,373672.200
5d,2466231.500000000,4.309193,0.977560,124.397739,-1.449363,396791.770
5d,2466236.500000000,357.946279,-5.179439,63.472623,-1.427902,402818.560
5d,2466241.500000000,354.901064,-6.050653,2.661374,-1.358072,384617.750
5d,2466246.500000000,357.712776,0.395163,301.857166,-1.233800,370861.090
5d,2466251.500000000,2.417256,6.412509,240.908688,-1.117310,372302.493
5d,2466256.500000000,4.936702,4.014451,179.808039,-1.034091,386658.492
5d,2466261.500000000,0.837058,-2.886467,118.699929,-0.966737,403321.572
5d,2466266.500000000,354.907501,-6.750059,57.700747,-0.886180,395927.386
5d,2466271.500000000,355.422082,-3.235344,356.817295,-0.749262,371810.451
5d,2466276.500000000,1.384584,4.686449,295.925652,-0.574389,367421.699
5d,2466281.500000000,5.277896,6.221230,234.875670,-0.427155,381507.499
5d,2466286.500000000,3.467591,0.245682,173.692535,-0.314137,398108.032
5d,2466291.500000000,357.287137,-5.792250,112.518290,-0.220470,404652.472
5d,2466296.500000000,353.166468,-5.988107,51.461165,-0.109332,385364.859
5d,2466301.500000000,357.504108,1.120534,350.524252,0.057349,361813.348
5d,2466306.500000000,5.157532,6.759667,289.560053,0.236706,370832.299
5d,2466311.500000000,6.009315,3.405237,228.433166,0.380183,392468.528
5d,2466316.500000000,0.851940,-3.516290,167.195471,0.489882,405114.939
5d,2466321.500000000,354.513446,-6.813733,105.983840,0.576690,400518.426
5d,2466326.500000000,353.059691,-2.900916,44.903621,0.684222,373624.210
5d,2466331.500000000,0.856440,5.065723,343.945776,0.835225,357993.671
5d,2466336.500000000,7.544941,5.722377,282.938924,0.976627,379504.001
5d,2466341.500000000,4.654828,-0.575906,221.774062,1.086311,401532.891
5d,2466346.500000000,358.092272,-6.044086,160.519791,1.161638,406114.754
5d,2466351.500000000,353.068619,-5.447223,99.310309,1.212010,392021.721
5d,2466356.500000000,354.759373,1.517443,38.250169,1.282859,364189.800
5d,2466361.500000000,4.426120,6.585569,337.306590,1.376129,361678.575
5d,2466366.500000000,7.618599,2.377889,276.293874,1.451743,390053.584
5d,2466371.500000000,2.058135,-4.211968,215.133420,1.505871,405961.091
5d,2466376.500000000,355.995598,-6.486790,153.902019,1.524070,400988.381
5d,2466381.500000000,353.290858,-1.898916,92.735863,1.517385,381686.262
5d,2466386.500000000,358.065937,5.316992,31.735681,1.524859,360509.266
5d,2466391.500000000,6.624356,5.040651,330.835837,1.534373,371375.642
5d,2466396.500000000,5.590437,-1.701652,269.852969,1.534743,398996.233
5d,2466401.500000000,359.172473,-6.356415,208.733856,1.523402,404392.380
5d,2466406.500000000,355.067720,-4.524641,147.558617,1.474917,391122.228
5d,2466411.500000000,355.391884,2.620889,86.469912,1.403084,373091.341
5d,2466416.500000000,1.887832,6.545566,25.556338,1.333727,364232.173
5d,2466421.500000000,6.547840,1.444577,324.719943,1.258782,383713.915
5d,2466426.500000000,2.323143,-5.081866,263.794157,1.193055,403873.041
5d,2466431.500000000,356.691244,-6.326096,202.740887,1.121930,396968.822
5d,2466436.500000000,355.648179,-0.636383,141.642433,1.013956,379348.879
5d,2466441.500000000,359.127471,6.051353,80.650437,0.884054,369644.779
5d,2466446.500000000,4.551329,4.687456,19.831304,0.745965,374098.479
5d,2466451.500000000,4.502988,-2.565218,319.065837,0.612432,395141.986
5d,2466456.500000000,358.702232,-6.768177,258.209124,0.507402,403605.179
5d,2466461.500000000,355.066207,-4.017122,197.228085,0.399420,385311.192
5d,2466466.500000000,357.952382,3.715160,136.209260,0.256570,369414.264
5d,2466471.500000000,3.258539,6.585669,75.312532,0.092067,372806.383
5d,2466476.500000000,5.124320,0.897975,14.575869,-0.081784,386673.497
5d,2466481.500000000,1.407360,-5.595242,313.873129,-0.228546,402987.961
5d,2466486.500000000,355.405459,-6.249555,253.076953,-0.332844,398377.973
5d,2466491.500000000,354.729758,-0.075337,192.152830,-0.441348,372315.135
5d,2466496.500000000,1.632048,6.445881,131.196349,-0.581920,364721.332
5d,2466501.500000000,6.047634,4.059574,70.370969,-0.744103,381213.402
5d,2466506.500000000,3.882673,-3.085004,9.686753,-0.904248,398058.928
5d,2466511.500000000,358.146258,-6.739063,309.020470,-1.012994,405681.372
5d,2466516.500000000,353.012874,-3.567687,248.254563,-1.074214,389406.645
5d,2466521.500000000,356.113355,4.033165,187.351758,-1.144496,361640.829
5d,2466526.500000000,5.321050,6.089716,126.422943,-1.244554,366791.506
5d,2466531.500000000,6.619952,-0.077198,65.626944,-1.364277,391589.220
5d,2466536.500000000,1.621397,-5.836122,4.952131,-1.463153,405141.008
5d,2466541.500000000,355.368107,-5.614511,304.281625,-1.493995,402731.103
5d,2466546.500000000,352.186977,0.549555,243.500402,-1.483034,378839.440
5d,2466551.500000000,359.111744,6.382231,182.572541,-1.488557,356716.236
5d,2466556.500000000,7.394501,2.953381,121.628577,-1.522916,374576.027
5d,2466561.500000000,5.254313,-3.995776,60.813477,-1.572144,400426.400
5d,2466566.500000000,359.038379,-6.516958,0.102909,-1.582708,406143.620
5d,2466571.500000000,353.622545,-2.447308,299.384956,-1.521610,394893.041
5d,2466576.500000000,353.536133,4.602740,238.541837,-1.434439,369689.658
5d,2466581.500000000,2.533745,5.683446,177.547700,-1.370893,359310.260
5d,2466586.500000000,7.251003,-1.294528,116.551253,-1.336664,385195.200
5d,2466591.500000000,2.671624,-6.364517,55.677920,-1.310755,405137.632
5d,2466596.500000000,356.658850,-4.920225,354.898998,-1.235279,400830.438
5d,2466601.500000000,353.539130,1.813377,294.102819,-1.098357,384392.755
5d,2466606.500000000,356.943597,6.661574,233.166217,-0.955966,365215.846
5d,2466611.500000000,4.795857,2.351090,172.084045,-0.840987,368535.507
5d,2466616.500000000,5.324884,-4.901602,111.015509,-0.756920,395333.486
5d,2466621.500000000,359.534585,-6.547318,50.067075,-0.674680,404417.608
5d,2466626.500000000,355.069179,-1.487614,349.210396,-0.541078,390515.763
5d,2466631.500000000,355.626521,5.502865,288.326723,-0.366955,374715.880
5d,2466636.500000000,1.034589,5.526157,227.289113,-0.204088,367452.056
5d,2466641.500000000,5.205169,-1.883338,166.121623,-0.068910,381293.934
5d,2466646.500000000,2.335177,-6.729961,104.984221,0.033311,402267.706
5d,2466651.500000000,356.438941,-4.544825,43.969557,0.138566,398202.413
5d,2466656.500000000,355.032540,2.671601,343.049483,0.287632,377926.169
5d,2466661.500000000,359.542430,6.758316,282.089504,0.452530,369564.609
5d,2466666.500000000,4.043873,1.824778,220.966785,0.600693,375849.442
5d,2466671.500000000,4.026059,-5.241817,159.737075,0.721573,393769.429
5d,2466676.500000000,358.888987,-6.333313,98.554029,0.807985,404308.897
5d,2466681.500000000,354.101877,-0.931581,37.502394,0.899155,387626.793
5d,2466686.500000000,357.112864,5.862166,336.549221,1.018200,366819.246
5d,2466691.500000000,3.729355,4.770916,275.537728,1.134721,371096.927
5d,2466696.500000000,5.180648,-2.507761,214.362578,1.240492,387429.038
5d,2466701.500000000,1.801028,-6.628963,153.106056,1.317835,402736.184
5d,2466706.500000000,355.558186,-3.864454,91.913058,1.360424,400966.684
5d,2466711.500000000,353.382743,3.149009,30.864422,1.404784,375079.733
5d,2466716.500000000,0.860335,6.391256,329.913423,1.456543,360958.479
5d,2466721.500000000,6.514971,0.611657,268.882126,1.502734,378603.606
5d,2466726.500000000,4.620415,-5.641003,207.695230,1.548864,398297.648
5d,2466731.500000000,359.034442,-5.718345,146.451210,1.564437,406200.443
5d,2466736.500000000,353.079332,-0.013199,85.287806,1.546166,393066.193
5d,2466741.500000000,354.864232,6.062744,24.282759,1.521190,364038.769
5d,2466746.500000000,4.637168,3.810851,323.365351,1.487036,362390.493
5d,2466751.500000000,7.285105,-3.643969,262.348240,1.460530,388951.244
5d,2466756.500000000,2.810246,-6.586737,201.189564,1.442229,405166.568
5d,2466761.500000000,356.309538,-2.832809,139.993880,1.392357,403599.861
5d,2466766.500000000,352.331330,4.000279,78.895757,1.310092,382784.097
5d,2466771.500000000,358.110825,6.264677,17.966863,1.209111,358166.905
5d,2466776.500000000,6.895226,-0.511236,317.106250,1.096297,370261.601
5d,2466781.500000000,6.238518,-6.316240,256.134316,1.011996,398371.136
5d,2466786.500000000,0.213267,-5.213971,195.035049,0.939297,406129.539
5d,2466791.500000000,354.442767,1.155831,133.913489,0.836639,395822.378
5d,2466796.500000000,353.882853,6.540460,72.905720,0.702692,373367.721
5d,2466801.500000000,1.614999,3.466492,12.070714,0.540652,359664.510
5d,2466806.500000000,7.175764,-4.484763,311.279576,0.381645,381509.874
5d,2466811.500000000,3.764317,-6.671602,250.372921,0.268633,404000.366
5d,2466816.500000000,357.444858,-2.045492,189.348106,0.167013,400844.673
5d,2466821.500000000,354.347698,4.879372,128.310465,0.039562,385123.809
5d,2466826.500000000,357.296643,6.191894,67.401266,-0.118789,368246.907
5d,2466831.500000000,4.008495,-0.891644,6.658092,-0.303993,368029.434
5d,2466836.500000000,5.729169,-6.609079,305.934383,-0.461055,392652.801
5d,2466841.500000000,0.325794,-4.805610,245.093644,-0.564188,404445.298
5d,2466846.500000000,355.367908,1.909325,184.136402,-0.658112,390472.358
5d,2466851.500000000,356.471352,6.689694,123.172242,-0.772875,374835.173
5d,2466856.500000000,1.146820,2.896429,62.347914,-0.917758,369568.299
5d,2466861.500000000,4.865732,-4.710078,1.672314,-1.074734,380399.727
5d,2466866.500000000,2.966434,-6.360834,300.994445,-1.181145,400978.262
5d,2466871.500000000,356.623512,-1.375888,240.196311,-1.236054,399671.841
5d,2466876.500000000,354.887392,5.264086,179.276779,-1.285319,377545.031
5d,2466881.500000000,0.145007,5.436737,118.355783,-1.351695,368541.808
5d,2466886.500000000,4.107951,-1.687501,57.580213,-1.444804,376951.497
5d,2466891.500000000,4.276784,-6.505564,356.928885,-1.528255,392980.129
5d,2466896.500000000,359.410860,-4.004097,296.257143,-1.551214,404789.469
5d,2466901.500000000,353.637510,2.579075,235.458962,-1.533701,390732.812
5d,2466906.500000000,356.407067,6.521272,174.531857,-1.515057,365639.234
5d,2466911.500000000,3.860979,1.544126,113.611480,-1.512157,368577.500
5d,2466916.500000000,5.582346,-5.351172,52.834841,-1.529071,387601.672
5d,2466921.500000000,2.419700,-5.841257,352.157365,-1.518875,402351.450
5d,2466926.500000000,355.835349,-0.317905,291.445745,-1.453460,403352.392
5d,2466931.500000000,352.381483,5.729507,230.599860,-1.363957,379616.887
5d,2466936.500000000,359.342232,4.813255,169.620139,-1.277288,358490.858
5d,2466941.500000000,6.419712,-3.018293,108.659348,-1.206868,374717.017
5d,2466946.500000000,5.382278,-6.693575,47.835462,-1.147815,397790.061
5d,2466951.500000000,359.671765,-3.141191,347.091676,-1.055916,406242.285
5d,2466956.500000000,353.242335,3.571740,286.304736,-0.926153,397000.506
5d,2466961.500000000,353.375080,6.684250,225.375473,-0.788957,369165.637
5d,2466966.500000000,2.475922,0.781908,164.314365,-0.656169,358517.899
5d,2466971.500000000,7.335969,-6.142012,103.287472,-0.540763,384420.263
5d,2466976.500000000,3.560838,-5.514440,42.390482,-0.430117,404404.861
5d,2466981.500000000,356.796184,0.650108,341.563546,-0.293218,403844.235
5d,2466986.500000000,352.574613,6.298637,280.687462,-0.141599,387354.569
5d,2466991.500000000,356.183149,4.682691,219.661128,0.006608,362669.852
5d,2466996.500000000,4.845188,-3.585345,158.513984,0.151287,365606.336
5d,2467001.500000000,6.476645,-6.761650,97.417765,0.277888,394322.047
5d,2467006.500000000,0.587386,-2.467039,36.448460,0.401934,405632.471
5d,2467011.500000000,354.837958,4.301745,335.546843,0.536735,395850.814
5d,2467016.500000000,354.191705,6.557584,274.589350,0.664890,377365.160
5d,2467021.500000000,359.687556,0.453641,213.474447,0.788861,362715.725
5d,2467026.500000000,5.919008,-6.282261,152.258801,0.910571,377221.994
5d,2467031.500000000,3.973145,-4.975829,91.110822,1.014297,401509.954
5d,2467036.500000000,357.375047,1.387760,30.092096,1.112199,400988.876
5d,2467041.500000000,354.715379,6.446230,329.142428,1.201061,384426.392
5d,2467046.500000000,357.510453,3.859877,268.125520,1.271312,370726.630
5d,2467051.500000000,2.825820,-3.914575,206.947666,1.345860,369655.328
5d,2467056.500000000,5.358744,-6.390862,145.695762,1.418027,389715.433
5d,2467061.500000000,0.377767,-1.591066,84.527315,1.472602,404085.048
5d,2467066.500000000,355.023579,4.816032,23.494861,1.512841,391278.229
5d,2467071.500000000,356.661372,5.940822,322.531865,1.525321,373027.463
5d,2467076.500000000,1.384538,-0.707139,261.484414,1.522073,370315.463
5d,2467081.500000000,4.788176,-6.360378,200.280208,1.534762,381130.462
5d,2467086.500000000,3.164386,-4.175027,139.030490,1.544066,399729.696
5d,2467091.500000000,356.624746,2.296953,77.878606,1.535690,401351.699
5d,2467096.500000000,354.386800,6.545729,16.871988,1.500757,378644.277
5d,2467101.500000000,359.996254,2.647721,315.930054,1.427092,365578.238
5d,2467106.500000000,4.748034,-4.878037,254.883899,1.354656,376404.478
5d,2467111.500000000,4.988746,-6.066453,193.693919,1.306297,393297.134
5d,2467116.500000000,359.895673,-0.575359,132.483650,1.254699,405012.221
5d,2467121.500000000,353.762029,5.491278,71.384288,1.184483,393897.068
5d,2467126.500000000,355.629736,5.629452,10.439764,1.075111,366425.886
5d,2467131.500000000,3.623376,-1.995695,309.547437,0.930234,364765.950
5d,2467136.500000000,6.712746,-6.740083,248.534416,0.808811,386419.106
5d,2467141.500000000,3.378033,-3.495561,187.394761,0.714102,402542.741
5d,2467146.500000000,356.549717,3.231689,126.253692,0.618931,404647.004
5d,2467151.500000000,352.581416,6.820771,65.235721,0.503624,383568.040
5d,2467156.500000000,358.180812,2.147187,4.379618,0.341695,358383.902
5d,2467161.500000000,6.544913,-5.680388,303.555633,0.162871,370540.212
5d,2467166.500000000,6.658558,-5.799319,242.601032,0.023497,396547.013
5d,2467171.500000000,0.600934,0.243641,181.534443,-0.089626,406469.295
5d,2467176.500000000,354.206059,6.020673,120.478634,-0.198056,399002.799
5d,2467181.500000000,353.305846,5.494224,59.557502,-0.327818,373257.669
5d,2467186.500000000,1.215381,-2.387823,358.798838,-0.500485,357243.725
5d,2467191.500000000,7.882996,-6.783388,298.047092,-0.664234,380377.624
5d,2467196.500000000,4.612397,-2.780167,237.159744,-0.784800,403521.210
5d,2467201.500000000,357.710701,3.885728,176.168084,-0.880072,404124.881
5d,2467206.500000000,353.620176,6.675180,115.194254,-0.964963,389670.916
5d,2467211.500000000,355.614681,1.729201,54.365449,-1.070535,366336.452
5d,2467216.500000000,3.935934,-5.754768,353.689053,-1.202397,363366.529
5d,2467221.500000000,7.094682,-5.167997,292.992910,-1.306044,390939.333
5d,2467226.500000000,1.292619,1.095330,232.157612,-1.373713,405433.780
5d,2467231.500000000,355.719489,6.211115,171.218377,-1.417009,396002.440
5d,2467236.500000000,354.938432,4.603978,110.301626,-1.446019,379436.799
5d,2467241.500000000,358.935734,-2.888607,49.536965,-1.491534,365511.893
5d,2467246.500000000,5.464536,-6.462245,348.902668,-1.540873,374634.320
5d,2467251.500000000,4.366974,-1.770490,288.224735,-1.558837,399413.627
5d,2467256.500000000,357.742162,4.573471,227.403927,-1.554212,401789.172
5d,2467261.500000000,355.222977,6.245935,166.475261,-1.526570,384076.856
5d,2467266.500000000,357.778344,0.370031,105.574723,-1.483767,371851.577
5d,2467271.500000000,2.422330,-6.084050,44.827453,-1.449552,371372.965
5d,2467276.500000000,5.151392,-4.502545,344.181350,-1.403539,387543.678
5d,2467281.500000000,0.550523,2.136248,283.474189,-1.339112,403927.634
5d,2467286.500000000,354.926943,6.545910,222.620787,-1.266617,393320.833
5d,2467291.500000000,356.286917,3.681677,161.655703,-1.172585,371652.831
5d,2467296.500000000,1.485214,-4.133080,100.728061,-1.064837,369884.848
5d,2467301.500000000,4.850276,-6.394887,39.948466,-0.956807,381846.879
5d,2467306.500000000,3.094614,-0.931184,339.242574,-0.836872,398554.344
5d,2467311.500000000,356.736477,5.340857,278.465893,-0.720436,403522.995
5d,2467316.500000000,353.484474,6.214134,217.540545,-0.606977,381817.765
5d,2467321.500000000,358.672666,-0.641779,156.503792,-0.472490,362621.063
5d,2467326.500000000,5.047867,-6.655216,95.518266,-0.326075,374270.758
5d,2467331.500000000,5.272086,-4.007095,34.672106,-0.174319,393305.885
5d,2467336.500000000,0.082627,2.895898,333.880403,-0.025192,404997.574
5d,2467341.500000000,353.868420,6.824764,273.013894,0.098384,398184.460
5d,2467346.500000000,353.695738,3.421585,211.996705,0.214997,370018.442
5d,2467351.500000000,1.953087,-4.768716,150.875407,0.353476,360054.386
5d,2467356.500000000,7.156536,-6.125846,89.822434,0.503257,383127.756
5d,2467361.500000000,3.730767,-0.199772,28.900785,0.656099,402223.534
5d,2467366.500000000,357.129356,5.739842,328.023410,0.784353,405474.961
5d,2467371.500000000,352.537318,5.921694,267.069017,0.871963,389054.838
5d,2467376.500000000,355.613491,-0.943475,205.961670,0.956972,361340.999
5d,2467381.500000000,5.182963,-6.639694,144.766357,1.065085,364753.634
5d,2467386.500000000,7.013489,-3.139986,83.657269,1.184770,393142.098
5d,2467391.500000000,1.065388,3.561067,22.674679,1.297744,406136.706
5d,2467396.500000000,355.074877,6.633933,321.732395,1.364743,400011.111
5d,2467401.500000000,353.005592,2.655164,260.708772,1.387451,378647.280
5d,2467406.500000000,358.946969,-4.940325,199.530744,1.418183,358909.112
5d,2467411.500000000,6.995788,-5.488506,138.289528,1.472592,374845.568
5d,2467416.500000000,4.863681,0.859228,77.150515,1.538074,401042.749
5d,2467421.500000000,358.295137,6.058446,16.137175,1.582392,403931.636
5d,2467426.500000000,354.421421,5.074043,315.162704,1.566116,390164.480
5d,2467431.500000000,355.326742,-1.885743,254.098009,1.514859,370553.189
5d,2467436.500000000,2.615452,-6.533541,192.881593,1.483405,363902.499
5d,2467441.500000000,6.596935,-2.146945,131.631747,1.475738,386853.174
5d,2467446.500000000,1.602071,4.447036,70.496839,1.476508,404503.420
5d,2467451.500000000,356.205295,6.455854,9.490619,1.441098,395926.869
5d,2467456.500000000,355.413600,1.354390,308.520988,1.341600,378974.631
5d,2467461.500000000,359.137147,-5.638959,247.447633,1.226629,368129.960
5d,2467466.500000000,5.007112,-5.056398,186.232408,1.139207,374641.347
5d,2467471.500000000,4.281196,1.864230,125.012467,1.076496,397287.719
5d,2467476.500000000,358.172306,6.542883,63.917595,1.017666,402500.228
5d,2467481.500000000,355.261703,4.458809,2.957432,0.911388,383914.874
5d,2467486.500000000,358.118441,-3.150448,302.027580,0.750977,370323.694
5d,2467491.500000000,3.193876,-6.670697,240.978367,0.596904,372590.571
5d,2467496.500000000,5.221889,-1.505256,179.803460,0.472723,387516.815
5d,2467501.500000000,0.955637,5.159753,118.646664,0.375951,403671.591
5d,2467506.500000000,355.269465,6.486057,57.623870,0.278234,395372.399
5d,2467511.500000000,355.762193,0.581437,356.742913,0.129735,371017.378
5d,2467516.500000000,2.078551,-6.290861,295.879075,-0.051277,367437.132
5d,2467521.500000000,5.817595,-4.612532,234.881626,-0.211780,382170.459
5d,2467526.500000000,3.580111,2.482730,173.776065,-0.342665,398744.001
5d,2467531.500000000,357.543093,6.750787,112.703958,-0.441956,404808.409
5d,2467536.500000000,353.377142,4.153284,51.774320,-0.545102,384742.467
5d,2467541.500000000,357.880737,-3.692897,350.991132,-0.691266,361066.299
5d,2467546.500000000,5.888805,-6.418943,290.203390,-0.845015,371207.902
5d,2467551.500000000,6.192004,-0.721181,229.271490,-0.977117,393235.631
5d,2467556.500000000,0.996735,5.491135,168.245095,-1.079430,405478.068
5d,2467561.500000000,354.741367,6.100649,107.260877,-1.145879,400694.079
5d,2467566.500000000,352.968145,0.154680,46.426647,-1.215350,373335.401
5d,2467571.500000000,1.231847,-6.316558,345.735806,-1.309536,357326.826
5d,2467576.500000000,7.910451,-3.639748,285.012031,-1.395752,379819.296
5d,2467581.500000000,4.673048,3.267344,224.137559,-1.469870,402085.809
5d,2467586.500000000,358.320852,6.582439,163.175703,-1.513232,406165.613
5d,2467591.500000000,353.097415,3.246422,102.260195,-1.518191,392460.086
5d,2467596.500000000,354.480509,-4.045770,41.499917,-1.520876,364551.624
5d,2467601.500000000,4.479026,-5.912244,340.868121,-1.526665,361006.228
5d,2467606.500000000,7.544884,0.512270,280.174177,-1.526941,390014.102
5d,2467611.500000000,2.070278,5.974816,219.326271,-1.528736,406123.273
5d,2467616.500000000,356.135093,5.369421,158.392454,-1.499418,400669.825
5d,2467621.500000000,353.164455,-1.007059,97.507629,-1.432061,382424.154
5d,2467626.500000000,357.747473,-6.471103,36.779647,-1.353753,361488.503
5d,2467631.500000000,6.138218,-2.828483,336.154238,-1.265705,370682.739
5d,2467636.500000000,5.289122,4.309908,275.443719,-1.190470,398681.760
5d,2467641.500000000,359.088954,6.611429,214.578446,-1.128384,404249.714
5d,2467646.500000000,354.922043,2.124478,153.626207,-1.036168,390394.326
5d,2467651.500000000,355.353735,-5.015158,92.727793,-0.908658,373880.253
5d,2467656.500000000,1.473348,-5.790957,31.983594,-0.761572,365496.034
5d,2467661.500000000,5.759992,1.320038,331.311722,-0.609288,383168.021
5d,2467666.500000000,1.987945,6.540502,270.541616,-0.493522,403654.948
5d,2467671.500000000,356.287769,4.997122,209.617664,-0.396870,396807.276
5d,2467676.500000000,355.258868,-2.115351,148.606959,-0.271704,378219.724
5d,2467681.500000000,359.276127,-6.790107,87.660223,-0.114239,370114.856
5d,2467686.500000000,4.013213,-2.434534,26.861149,0.066127,375300.095
5d,2467691.500000000,3.847632,4.842353,326.107657,0.231687,394912.697
5d,2467696.500000000,358.372065,6.615864,265.251227,0.342376,403784.753
5d,2467701.500000000,354.301336,1.570416,204.242676,0.434978,385370.076
5d,2467706.500000000,357.575636,-5.616868,143.152420,0.554921,367982.665
5d,2467711.500000000,3.375219,-5.304264,82.142224,0.705740,372790.374
5d,2467716.500000000,4.676897,1.829926,21.270234,0.873378,387608.346
5d,2467721.500000000,1.115090,6.603414,320.424768,1.001059,402994.047
5d,2467726.500000000,355.058648,4.524957,259.476166,1.066614,398882.365
5d,2467731.500000000,353.926992,-2.581640,198.377362,1.121231,372614.333
5d,2467736.500000000,1.396101,-6.568962,137.209639,1.202806,363281.158
5d,2467741.500000000,5.984189,-1.417903,76.141183,1.314858,380883.750
5d,2467746.500000000,3.745412,5.198079,15.200385,1.428902,398615.016
5d,2467751.500000000,358.132267,6.126791,314.274869,1.483404,405602.407
5d,2467756.500000000,352.746245,0.822820,253.246847,1.480458,389866.793
5d,2467761.500000000,355.731445,-5.784150,192.071079,1.476969,362093.750
5d,2467766.500000000,5.108031,-4.354708,130.848105,1.500571,365791.834
5d,2467771.500000000,6.536395,2.892947,69.741933,1.552803,391236.731
5d,2467776.500000000,1.770751,6.565107,8.754459,1.588975,405262.016
5d,2467781.500000000,355.435591,3.555526,307.776892,1.557610,402294.030
5d,2467786.500000000,352.251513,-3.332356,246.695725,1.483153,378975.949
5d,2467791.500000000,359.250276,-6.356012,185.471370,1.417749,357328.250
5d,2467796.500000000,7.184993,-0.182453,124.228260,1.379955,374293.157
5d,2467801.500000000,5.349803,5.904474,63.114622,1.365826,400181.079
5d,2467806.500000000,359.266779,5.613586,2.114764,1.321058,405856.396
5d,2467811.500000000,353.742372,-0.377061,301.122582,1.213714,394125.744
5d,2467816.500000000,354.092357,-6.257918,240.022332,1.082841,369594.874
5d,2467821.500000000,2.857716,-3.849036,178.787529,0.966499,360128.244
5d,2467826.500000000,7.216698,3.927837,117.563846,0.878889,385483.535
5d,2467831.500000000,2.934812,6.734369,56.477840,0.807896,404901.072
5d,2467836.500000000,356.829049,2.691922,355.505642,0.699828,400234.538
5d,2467841.500000000,353.895366,-4.353217,294.538751,0.545395,383616.669
5d,2467846.500000000,357.740444,-6.381674,233.455204,0.385744,365245.601
5d,2467851.500000000,5.058713,0.396592,172.250622,0.241587,369461.244
5d,2467856.500000000,5.539869,6.426434,111.082997,0.127976,395772.192
5d,2467861.500000000,359.789412,5.295826,50.059133,0.024889,403998.057
5d,2467866.500000000,355.275295,-1.289376,349.152762,-0.111534,389737.939
5d,2467871.500000000,356.321153,-6.645251,288.245127,-0.271388,374323.481
5d,2467876.500000000,1.606028,-3.461057,227.208691,-0.426281,367874.949
5d,2467881.500000000,5.448033,4.324842,166.068119,-0.566608,382108.663
5d,2467886.500000000,2.631061,6.650643,104.983270,-0.674196,402524.921
5d,2467891.500000000,356.547413,2.100706,44.047581,-0.773354,397531.129
5d,2467896.500000000,355.471484,-4.920049,343.233392,-0.892310,377093.824
5d,2467901.500000000,0.299813,-5.894584,282.403059,-1.012959,369741.620
5d,2467906.500000000,4.284126,0.983705,221.430713,-1.130232,376630.014
5d,2467911.500000000,4.295488,6.434800,160.371177,-1.232976,394326.235
5d,2467916.500000000,359.011048,4.693075,99.378472,-1.300945,404395.250
5d,2467921.500000000,354.076057,-1.878382,38.539254,-1.357138,386902.508
5d,2467926.500000000,357.723451,-6.548668,337.821216,-1.413147,366013.801
5d,2467931.500000000,4.180685,-2.299012,277.062292,-1.460333,371653.083
5d,2467936.500000000,5.321375,4.813835,216.150885,-1.514990,388294.027
5d,2467941.500000000,1.991530,6.174929,155.165656,-1.554026,403046.344
5d,2467946.500000000,355.407620,1.186092,94.251672,-1.557239,401206.843
5d,2467951.500000000,353.282030,-5.284694,33.493309,-1.540621,374691.314
5d,2467956.500000000,1.186301,-5.128084,332.847269,-1.504674,360122.825
5d,2467961.500000000,6.661753,2.287624,272.129652,-1.467112,379071.253
5d,2467966.500000000,4.780222,6.565939,211.254464,-1.450265,398927.186
5d,2467971.500000000,359.017137,3.792202,150.313234,-1.417461,406343.085
5d,2467976.500000000,352.796896,-2.823791,89.443433,-1.349695,393812.159
5d,2467981.500000000,354.582899,-6.620319,28.728955,-1.251971,364260.911
3h,2462502.500000000,359.790574,3.074700,222.002795,0.429346,364522.821
3h,2462502.625000000,359.966396,2.879128,220.480057,0.433125,364429.441
3h,2462502.750000000,0.142833,2.680500,218.957241,0.436898,364355.251
3h,2462502.875000000,0.319720,2.479036,217.434352,0.440665,364300.657
3h,2462503.000000000,0.496890,2.274959,215.911391,0.444427,364266.039
3h,2462503.125000000,0.674174,2.068498,214.388361,0.448182,364251.750
3h,2462503.250000000,0.851398,1.859887,212.865264,0.451930,364258.115
3h,2462503.375000000,1.028389,1.649361,211.342104,0.455671,364285.427
3h,2462503.500000000,1.204969,1.437162,209.818884,0.459404,364333.946
3h,2462503.625000000,1.380959,1.223532,208.295606,0.463129,364403.901
3h,2462503.750000000,1.556178,1.008715,206.772274,0.466845,364495.485
3h,2462503.875000000,1.730446,0.792959,205.248890,0.470552,364608.855
3h,2462504.000000000,1.903579,0.576511,203.725457,0.474250,364744.132
3h,2462504.125000000,2.075392,0.359620,202.201980,0.477937,364901.398
3h,2462504.250000000,2.245703,0.142534,200.678460,0.481614,365080.697
3h,2462504.375000000,2.414326,-0.074499,199.154902,0.485279,365282.033
3h,2462504.500000000,2.581077,-0.291232,197.631308,0.488933,365505.373
3h,2462504.625000000,2.745773,-0.507420,196.107682,0.492574,365750.640
3h,2462504.750000000,2.908231,-0.722819,194.584027,0.496203,366017.718
3h,2462504.875000000,3.068268,-0.937188,193.060346,0.499819,366306.451
3h,2462505.000000000,3.225704,-1.150290,191.536643,0.503420,366616.642
3h,2462505.125000000,3.380362,-1.361892,190.012922,0.507007,366948.054
3h,2462505.250000000,3.532063,-1.571764,188.489184,0.510580,367300.409
3h,2462505.375000000,3.680635,-1.779680,186.965435,0.514137,367673.391
3h,2462505.500000000,3.825907,-1.985421,185.441677,0.517678,368066.641
3h,2462505.625000000,3.967710,-2.188773,183.917913,0.521202,368479.767
3h,2462505.750000000,4.105880,-2.389526,182.394147,0.524710,368912.335
3h,2462505.875000000,4.240256,-2.587480,180.870383,0.528201,369363.877
3h,2462506.000000000,4.370683,-2.782437,179.346622,0.531674,369833.888
3h,2462506.125000000,4.497007,-2.974209,177.822870,0.535129,370321.829
3h,2462506.250000000,4.619081,-3.162615,176.299128,0.538565,370827.128
3h,2462506.375000000,4.736763,-3.347479,174.775400,0.541983,371349.180
3h,2462506.500000000,4.849916,-3.528637,173.251689,0.545381,371887.351
3h,2462506.625000000,4.958408,-3.705928,171.727998,0.548760,372440.978
3h,2462506.750000000,5.062114,-3.879202,170.204331,0.552120,373009.370
3h,2462506.875000000,5.160914,-4.048315,168.680689,0.555459,373591.811
3h,2462507.000000000,5.254693,-4.213134,167.157077,0.558778,374187.560
3h,2462507.125000000,5.343346,-4.373530,165.633496,0.562077,374795.855
3h,2462507.250000000,5.426771,-4.529387,164.109951,0.565356,375415.913
3h,2462507.375000000,5.504875,-4.680593,162.586442,0.568614,376046.932
3h,2462507.500000000,5.577571,-4.827046,161.062974,0.571851,376688.095
3h,2462507.625000000,5.644779,-4.968652,159.539549,0.575067,377338.568
3h,2462507.750000000,5.706427,-5.105325,158.016169,0.578263,377997.504
3h,2462507.875000000,5.762449,-5.236986,156.492837,0.581438,378664.047
3h,2462508.000000000,5.812788,-5.363564,154.969555,0.584592,379337.329
3h,2462508.125000000,5.857392,-5.484997,153.446326,0.587725,380016.477
3h,2462508.250000000,5.896219,-5.601227,151.923152,0.590838,380700.609
3h,2462508.375000000,5.929234,-5.712208,150.400034,0.593931,381388.842
3h,2462508.500000000,5.956407,-5.817896,148.876976,0.597003,382080.290
3h,2462508.625000000,5.977718,-5.918257,147.353979,0.600056,382774.065
3h,2462508.750000000,5.993154,-6.013262,145.831045,0.603088,383469.283
3h,2462508.875000000,6.002708,-6.102889,144.308176,0.606101,384165.061
3h,2462509.000000000,6.006383,-6.187122,142.785374,0.609095,384860.520
3h,2462509.125000000,6.004186,-6.265950,141.262641,0.612070,385554.789
3h,2462509.250000000,5.996134,-6.339367,139.739979,0.615026,386247.002
3h,2462509.375000000,5.982248,-6.407375,138.217388,0.617964,386936.304
3h,2462509.500000000,5.962560,-6.469979,136.694871,0.620885,387621.850
3h,2462509.625000000,5.937105,-6.527187,135.172429,0.623788,388302.806
3h,2462509.750000000,5.905926,-6.579016,133.650064,0.626674,388978.350
3h,2462509.875000000,5.869074,-6.625483,132.127776,0.629543,389647.675
3h,2462510.000000000,5.826604,-6.666610,130.605567,0.632397,390309.991
3h,2462510.125000000,5.778579,-6.702425,129.083439,0.635235,390964.522
3h,2462510.250000000,5.725067,-6.732956,127.561392,0.638059,391610.509
3h,2462510.375000000,5.666142,-6.758238,126.039428,0.640868,392247.214
3h,2462510.500000000,5.601885,-6.778305,124.517547,0.643663,392873.915
3h,2462510.625000000,5.532380,-6.793197,122.995751,0.646445,393489.912
3h,2462510.750000000,5.457719,-6.802955,121.474040,0.649214,394094.526
3h,2462510.875000000,5.377998,-6.807623,119.952416,0.651971,394687.099
3h,2462511.000000000,5.293316,-6.807247,118.430879,0.654717,395266.995
3h,2462511.125000000,5.203781,-6.801874,116.909429,0.657453,395833.600
3h,2462511.250000000,5.109501,-6.791556,115.388068,0.660178,396386.327
3h,2462511.375000000,5.010592,-6.776342,113.866796,0.662893,396924.609
3h,2462511.500000000,4.907172,-6.756287,112.345613,0.665600,397447.905
3h,2462511.625000000,4.799363,-6.731444,110.824521,0.668299,397955.699
3h,2462511.750000000,4.687292,-6.701870,109.303519,0.670990,398447.500
3h,2462511.875000000,4.571088,-6.667622,107.782608,0.673674,398922.844
3h,2462512.000000000,4.450885,-6.628757,106.261788,0.676352,399381.289
3h,2462512.125000000,4.326819,-6.585333,104.741060,0.679025,399822.424
3h,2462512.250000000,4.199029,-6.537412,103.220424,0.681693,400245.859
3h,2462512.375000000,4.067658,-6.485053,101.699879,0.684357,400651.236
3h,2462512.500000000,3.932849,-6.428317,100.179427,0.687017,401038.219
3h,2462512.625000000,3.794749,-6.367265,98.659068,0.689675,401406.501
3h,2462512.750000000,3.653509,-6.301962,97.138801,0.692331,401755.800
3h,2462512.875000000,3.509279,-6.232468,95.618626,0.694985,402085.863
3h,2462513.000000000,3.362212,-6.158848,94.098543,0.697638,402396.461
3h,2462513.125000000,3.212463,-6.081165,92.578553,0.700292,402687.394
3h,2462513.250000000,3.060189,-5.999484,91.058655,0.702945,402958.486
3h,2462513.375000000,2.905546,-5.913868,89.538850,0.705600,403209.591
3h,2462513.500000000,2.748695,-5.824384,88.019136,0.708257,403440.584
3h,2462513.625000000,2.589794,-5.731096,86.499514,0.710916,403651.371
3h,2462513.750000000,2.429005,-5.634071,84.979983,0.713578,403841.881
3h,2462513.875000000,2.266488,-5.533374,83.460544,0.716243,404012.070
3h,2462514.000000000,2.102407,-5.429074,81.941195,0.718913,404161.919
3h,2462514.125000000,1.936924,-5.321236,80.421936,0.721587,404291.433
3h,2462514.250000000,1.770201,-5.209930,78.902768,0.724266,404400.643
3h,2462514.375000000,1.602401,-5.095222,77.383689,0.726951,404489.605
3h,2462514.500000000,1.433687,-4.977183,75.864699,0.729642,404558.397
3h,2462514.625000000,1.264222,-4.855882,74.345798,0.732340,404607.122
3h,2462514.750000000,1.094169,-4.731389,72.826984,0.735044,404635.908
3h,2462514.875000000,0.923689,-4.603776,71.308258,0.737757,404644.902
3h,2462515.000000000,0.752944,-4.473114,69.789618,0.740477,404634.276
3h,2462515.125000000,0.582095,-4.339476,68.271065,0.743205,404604.225
3h,2462515.250000000,0.411302,-4.202936,66.752596,0.745943,404554.962
3h,2462515.375000000,0.240724,-4.063568,65.234212,0.748689,404486.725
3h,2462515.500000000,0.070519,-3.921450,63.715912,0.751445,404399.769
3h,2462515.625000000,359.900844,-3.776656,62.197695,0.754210,404294.371
3h,2462515.750000000,359.731855,-3.629266,60.679559,0.756986,404170.827
3h,2462515.875000000,359.563705,-3.479359,59.161505,0.759771,404029.452
3h,2462516.000000000,359.396549,-3.327016,57.643530,0.762567,403870.577
3h,2462516.125000000,359.230536,-3.172318,56.125635,0.765373,403694.554
3h,2462516.250000000,359.065815,-3.015351,54.607817,0.768191,403501.749
3h,2462516.375000000,358.902535,-2.856198,53.090077,0.771019,403292.545
3h,2462516.500000000,358.740840,-2.694947,51.572412,0.773858,403067.342
3h,2462516.625000000,358.580874,-2.531686,50.054822,0.776709,402826.552
3h,2462516.750000000,358.422777,-2.366507,48.537305,0.779570,402570.603
3h,2462516.875000000,358.266688,-2.199500,47.019861,0.782443,402299.937
3h,2462517.000000000,358.112744,-2.030761,45.502488,0.785327,402015.006
3h,2462517.125000000,357.961076,-1.860385,43.985184,0.788222,401716.277
3h,2462517.250000000,357.811817,-1.688471,42.467948,0.791129,401404.225
3h,2462517.375000000,357.665093,-1.515118,40.950779,0.794046,401079.337
3h,2462517.500000000,357.521030,-1.340430,39.433676,0.796975,400742.108
3h,2462517.625000000,357.379749,-1.164510,37.916636,0.799914,400393.044
3h,2462517.750000000,357.241370,-0.987466,36.399659,0.802864,400032.657
3h,2462517.875000000,357.106007,-0.809406,34.882743,0.805824,399661.465
3h,2462518.000000000,356.973771,-0.630442,33.365885,0.808795,399279.993
3h,2462518.125000000,356.844772,-0.450687,31.849086,0.811776,398888.772
3h,2462518.250000000,356.719113,-0.270258,30.332342,0.814767,398488.336
3h,2462518.375000000,356.596897,-0.089271,28.815652,0.817767,398079.222
3h,2462518.500000000,356.478218,0.092151,27.299014,0.820776,397661.970
3h,2462518.625000000,356.363171,0.273887,25.782426,0.823794,397237.122
3h,2462518.750000000,356.251844,0.455812,24.265887,0.826821,396805.220
3h,2462518.875000000,356.144322,0.637797,22.749395,0.829856,396366.806
3h,2462519.000000000,356.040685,0.819713,21.232947,0.832899,395922.419
3h,2462519.125000000,355.941009,1.001429,19.716542,0.835949,395472.600
3h,2462519.250000000,355.845366,1.182811,18.200177,0.839006,395017.882
3h,2462519.375000000,355.753821,1.363722,16.683850,0.842070,394558.798
3h,2462519.500000000,355.666438,1.544025,15.167560,0.845139,394095.873
3h,2462519.625000000,355.583274,1.723580,13.651304,0.848214,393629.630
3h,2462519.750000000,355.504380,1.902244,12.135080,0.851294,393160.582
3h,2462519.875000000,355.429806,2.079875,10.618886,0.854379,392689.237
3h,2462520.000000000,355.359593,2.256328,9.102719,0.857468,392216.094
3h,2462520.125000000,355.293779,2.431456,7.586576,0.860560,391741.642
3h,2462520.250000000,355.232397,2.605111,6.070457,0.863655,391266.361
3h,2462520.375000000,355.175475,2.777144,4.554357,0.866753,390790.723
3h,2462520.500000000,355.123034,2.947406,3.038276,0.869853,390315.184
3h,2462520.625000000,355.075092,3.115744,1.522209,0.872954,389840.191
3h,2462520.750000000,355.031660,3.282009,0.006156,0.876056,389366.180
3h,2462520.875000000,354.992746,3.446046,358.490112,0.879158,388893.569
3h,2462521.000000000,354.958352,3.607704,356.974076,0.882260,388422.767
3h,2462521.125000000,354.928472,3.766831,355.458046,0.885361,387954.166
3h,2462521.250000000,354.903100,3.923274,353.942017,0.888461,387488.145
3h,2462521.375000000,354.882221,4.076880,352.425989,0.891559,387025.065
3h,2462521.500000000,354.865815,4.227498,350.909957,0.894654,386565.274
3h,2462521.625000000,354.853860,4.374978,349.393920,0.897747,386109.103
3h,2462521.750000000,354.846327,4.519168,347.877875,0.900837,385656.867
3h,2462521.875000000,354.843181,4.659922,346.361819,0.903922,385208.865
3h,2462522.000000000,354.844384,4.797090,344.845748,0.907003,384765.377
3h,2462522.125000000,354.849893,4.930529,343.329662,0.910080,384326.668
3h,2462522.250000000,354.859661,5.060094,341.813555,0.913151,383892.985
3h,2462522.375000000,354.873635,5.185644,340.297427,0.916216,383464.561
3h,2462522.500000000,354.891760,5.307041,338.781274,0.919276,383041.607
3h,2462522.625000000,354.913974,5.424148,337.265093,0.922329,382624.322
3h,2462522.750000000,354.940214,5.536832,335.748882,0.925375,382212.884
3h,2462522.875000000,354.970412,5.644964,334.232637,0.928414,381807.458
3h,2462523.000000000,355.004495,5.748416,332.716357,0.931446,381408.191
3h,2462523.125000000,355.042389,5.847067,331.200037,0.934470,381015.213
3h,2462523.250000000,355.084016,5.940796,329.683676,0.937486,380628.641
3h,2462523.375000000,355.129294,6.029490,328.167270,0.940494,380248.576
3h,2462523.500000000,355.178140,6.113039,326.650818,0.943494,379875.102
3h,2462523.625000000,355.230468,6.191336,325.134315,0.946485,379508.291
3h,2462523.750000000,355.286188,6.264280,323.617760,0.949467,379148.203
3h,2462523.875000000,355.345211,6.331775,322.101150,0.952440,378794.881
3h,2462524.000000000,355.407443,6.393731,320.584482,0.955404,378448.359
3h,2462524.125000000,355.472791,6.450062,319.067753,0.958360,378108.658
3h,2462524.250000000,355.541160,6.500689,317.550961,0.961306,377775.788
3h,2462524.375000000,355.612453,6.545535,316.034104,0.964244,377449.750
3h,2462524.500000000,355.686574,6.584534,314.517178,0.967172,377130.535
3h,2462524.625000000,355.763425,6.617623,313.000181,0.970091,376818.125
3h,2462524.750000000,355.842907,6.644744,311.483112,0.973002,376512.497
3h,2462524.875000000,355.924924,6.665848,309.965966,0.975904,376213.619
3h,2462525.000000000,356.009378,6.680891,308.448743,0.978797,375921.455
3h,2462525.125000000,356.096171,6.689834,306.931439,0.981681,375635.961
3h,2462525.250000000,356.185207,6.692647,305.414053,0.984558,375357.095
3h,2462525.375000000,356.276390,6.689305,303.896583,0.987426,375084.806
3h,2462525.500000000,356.369625,6.679789,302.379025,0.990287,374819.045
3h,2462525.625000000,356.464819,6.664088,300.861378,0.993139,374559.761
3h,2462525.750000000,356.561880,6.642196,299.343640,0.995985,374306.903
3h,2462525.875000000,356.660718,6.614116,297.825809,0.998823,374060.422
3h,2462526.000000000,356.761245,6.579855,296.307884,1.001655,373820.268
3h,2462526.125000000,356.863372,6.539429,294.789861,1.004481,373586.397
3h,2462526.250000000,356.967017,6.492859,293.271740,1.007300,373358.766
3h,2462526.375000000,357.072096,6.440174,291.753519,1.010114,373137.340
3h,2462526.500000000,357.178530,6.381408,290.235197,1.012922,372922.085
3h,2462526.625000000,357.286239,6.316602,288.716770,1.015725,372712.977
3h,2462526.750000000,357.395150,6.245805,287.198239,1.018524,372509.995
3h,2462526.875000000,357.505189,6.169071,285.679602,1.021318,372313.130
3h,2462527.000000000,357.616285,6.086461,284.160857,1.024109,372122.379
3h,2462527.125000000,357.728370,5.998042,282.642004,1.026896,371937.746
3h,2462527.250000000,357.841379,5.903888,281.123041,1.029680,371759.247
3h,2462527.375000000,357.955249,5.804079,279.603967,1.032462,371586.909
3h,2462527.500000000,358.069919,5.698701,278.084780,1.035241,371420.765
3h,2462527.625000000,358.185331,5.587846,276.565482,1.038018,371260.863
3h,2462527.750000000,358.301429,5.471611,275.046070,1.040794,371107.261
3h,2462527.875000000,358.418158,5.350102,273.526543,1.043569,370960.026
3h,2462528.000000000,358.535468,5.223428,272.006902,1.046342,370819.241
3h,2462528.125000000,358.653310,5.091704,270.487145,1.049116,370684.996
3h,2462528.250000000,358.771634,4.955052,268.967273,1.051889,370557.396
3h,2462528.375000000,358.890395,4.813599,267.447285,1.054662,370436.557
3h,2462528.500000000,359.009550,4.667475,265.927181,1.057436,370322.606
3h,2462528.625000000,359.129055,4.516820,264.406960,1.060210,370215.681
3h,2462528.750000000,359.248868,4.361775,262.886623,1.062985,370115.934
3h,2462528.875000000,359.368948,4.202488,261.366170,1.065761,370023.526
3h,2462529.000000000,359.489258,4.039111,259.845600,1.068539,369938.627
3h,2462529.125000000,359.609756,3.871801,258.324915,1.071318,369861.421
3h,2462529.250000000,359.730405,3.700721,256.804115,1.074098,369792.098
3h,2462529.375000000,359.851167,3.526036,255.283199,1.076881,369730.861
3h,2462529.500000000,359.972003,3.347916,253.762169,1.079665,369677.918
3h,2462529.625000000,0.092876,3.166537,252.241026,1.082451,369633.486
3h,2462529.750000000,0.213747,2.982077,250.719769,1.085239,369597.789
3h,2462529.875000000,0.334576,2.794718,249.198401,1.088029,369571.058
3h,2462530.000000000,0.455324,2.604646,247.676921,1.090820,369553.528
3h,2462530.125000000,0.575950,2.412051,246.155331,1.093614,369545.438
3h,2462530.250000000,0.696412,2.217124,244.633633,1.096409,369547.033
3h,2462530.375000000,0.816666,2.020061,243.111827,1.099205,369558.557
3h,2462530.500000000,0.936668,1.821061,241.589914,1.102003,369580.257
3h,2462530.625000000,1.056370,1.620323,240.067897,1.104802,369612.380
3h,2462530.750000000,1.175724,1.418052,238.545777,1.107602,369655.171
3h,2462530.875000000,1.294679,1.214451,237.023555,1.110403,369708.874
3h,2462531.000000000,1.413182,1.009727,235.501233,1.113204,369773.730
3h,2462531.125000000,1.531177,0.804089,233.978813,1.116005,369849.972
3h,2462531.250000000,1.648605,0.597746,232.456297,1.118805,369937.831
3h,2462531.375000000,1.765407,0.390907,230.933686,1.121605,370037.529
3h,2462531.500000000,1.881519,0.183785,229.410984,1.124404,370149.280
3h,2462531.625000000,1.996873,-0.023410,227.888191,1.127201,370273.288
3h,2462531.750000000,2.111401,-0.230467,226.365310,1.129997,370409.746
3h,2462531.875000000,2.225030,-0.437174,224.842344,1.132789,370558.836
3h,2462532.000000000,2.337686,-0.643322,223.319295,1.135579,370720.726
3h,2462532.125000000,2.449288,-0.848701,221.796164,1.138365,370895.569
3h,2462532.250000000,2.559756,-1.053102,220.272956,1.141147,371083.503
3h,2462532.375000000,2.669005,-1.256320,218.749671,1.143925,371284.649
3h,2462532.500000000,2.776949,-1.458150,217.226314,1.146697,371499.111
3h,2462532.625000000,2.883495,-1.658389,215.702886,1.149464,371726.973
3h,2462532.750000000,2.988551,-1.856837,214.179390,1.152224,371968.300
3h,2462532.875000000,3.092022,-2.053298,212.655829,1.154977,372223.137
3h,2462533.000000000,3.193808,-2.247578,211.132206,1.157722,372491.506
3h,2462533.125000000,3.293808,-2.439487,209.608523,1.160459,372773.409
3h,2462533.250000000,3.391920,-2.628839,208.084784,1.163187,373068.821
3h,2462533.375000000,3.488037,-2.815451,206.560991,1.165906,373377.699
3h,2462533.500000000,3.582052,-2.999145,205.037148,1.168614,373699.970
